population_group_id,population_group_name,measure_id,measure_name,location_id,location_name,sex_id,sex_name,age_id,age_name,cause_id,cause_name,rei_id,rei_name,metric_id,metric_name,year,val,upper,lower
1,All Population,4,YLLs (Years of Life Lost),4854,Jammu & Kashmir and Ladakh,1,Male,9,20-24 years,499,Cardiomyopathy and myocarditis,102,High alcohol use,2,Percent,2013,0.022528266,0.066553365,0.005414413
1,All Population,4,YLLs (Years of Life Lost),4854,Jammu & Kashmir and Ladakh,2,Female,9,20-24 years,499,Cardiomyopathy and myocarditis,102,High alcohol use,2,Percent,2013,0.015026187,0.046387278,0.002907171
1,All Population,4,YLLs (Years of Life Lost),4853,Himachal Pradesh,1,Male,9,20-24 years,493,Ischemic heart disease,102,High alcohol use,2,Percent,2013,-0.022653609,0.020338903,-0.061421097
1,All Population,4,YLLs (Years of Life Lost),4853,Himachal Pradesh,2,Female,9,20-24 years,493,Ischemic heart disease,102,High alcohol use,2,Percent,2013,-0.000367147,0.000373242,-0.001300232
1,All Population,4,YLLs (Years of Life Lost),4873,Uttar Pradesh,1,Male,9,20-24 years,494,Stroke,332,Chewing tobacco,2,Percent,2013,0.099903615,0.157614206,0.053086377
1,All Population,4,YLLs (Years of Life Lost),4873,Uttar Pradesh,2,Female,9,20-24 years,494,Stroke,332,Chewing tobacco,2,Percent,2013,0.014405059,0.031672615,0.004368226
1,All Population,4,YLLs (Years of Life Lost),4851,Gujarat,1,Male,9,20-24 years,494,Stroke,102,High alcohol use,2,Percent,2013,0.002508956,0.007868776,-0.000456548
1,All Population,4,YLLs (Years of Life Lost),4851,Gujarat,2,Female,9,20-24 years,494,Stroke,102,High alcohol use,2,Percent,2013,-2.80E-05,3.88E-05,-0.000105157
1,All Population,4,YLLs (Years of Life Lost),4860,Maharashtra,1,Male,9,20-24 years,494,Stroke,102,High alcohol use,2,Percent,2013,0.006143524,0.019294233,-0.001052341
1,All Population,4,YLLs (Years of Life Lost),4860,Maharashtra,2,Female,9,20-24 years,494,Stroke,102,High alcohol use,2,Percent,2013,-2.57E-05,3.17E-05,-8.64E-05
1,All Population,4,YLLs (Years of Life Lost),4857,Kerala,1,Male,9,20-24 years,494,Stroke,332,Chewing tobacco,2,Percent,2013,0.027551716,0.052535546,0.011628894
1,All Population,4,YLLs (Years of Life Lost),4857,Kerala,2,Female,9,20-24 years,494,Stroke,332,Chewing tobacco,2,Percent,2013,0.004852719,0.011668495,0.001314196
1,All Population,4,YLLs (Years of Life Lost),4855,Jharkhand,1,Male,9,20-24 years,499,Cardiomyopathy and myocarditis,102,High alcohol use,2,Percent,2013,0.021816045,0.067194321,0.004856158
1,All Population,4,YLLs (Years of Life Lost),4855,Jharkhand,2,Female,9,20-24 years,499,Cardiomyopathy and myocarditis,102,High alcohol use,2,Percent,2013,0.014870821,0.048061899,0.002333319
1,All Population,4,YLLs (Years of Life Lost),4844,Bihar,1,Male,9,20-24 years,499,Cardiomyopathy and myocarditis,102,High alcohol use,2,Percent,2013,0.021879533,0.070205054,0.004999742
1,All Population,4,YLLs (Years of Life Lost),4844,Bihar,2,Female,9,20-24 years,499,Cardiomyopathy and myocarditis,102,High alcohol use,2,Percent,2013,0.015176339,0.047779488,0.002790096
1,All Population,4,YLLs (Years of Life Lost),4849,Delhi,1,Male,9,20-24 years,494,Stroke,332,Chewing tobacco,2,Percent,2013,0.052647544,0.091945114,0.025502933
1,All Population,4,YLLs (Years of Life Lost),4849,Delhi,2,Female,9,20-24 years,494,Stroke,332,Chewing tobacco,2,Percent,2013,0.00590234,0.013911905,0.001611592
1,All Population,4,YLLs (Years of Life Lost),4841,Andhra Pradesh,1,Male,9,20-24 years,498,Hypertensive heart disease,102,High alcohol use,2,Percent,2013,0.0592508,0.08793443,0.029873839
1,All Population,4,YLLs (Years of Life Lost),4841,Andhra Pradesh,2,Female,9,20-24 years,498,Hypertensive heart disease,102,High alcohol use,2,Percent,2013,0.001831815,0.004090735,0.000347916
1,All Population,4,YLLs (Years of Life Lost),4856,Karnataka,1,Male,9,20-24 years,499,Cardiomyopathy and myocarditis,102,High alcohol use,2,Percent,2013,0.019760377,0.055980507,0.004689257
1,All Population,4,YLLs (Years of Life Lost),4856,Karnataka,2,Female,9,20-24 years,499,Cardiomyopathy and myocarditis,102,High alcohol use,2,Percent,2013,0.012588888,0.038899297,0.002475175
1,All Population,4,YLLs (Years of Life Lost),4859,Madhya Pradesh,1,Male,9,20-24 years,494,Stroke,332,Chewing tobacco,2,Percent,2013,0.122215672,0.186802257,0.067095095
1,All Population,4,YLLs (Years of Life Lost),4859,Madhya Pradesh,2,Female,9,20-24 years,494,Stroke,332,Chewing tobacco,2,Percent,2013,0.02986394,0.057607228,0.012030522
1,All Population,4,YLLs (Years of Life Lost),4842,Arunachal Pradesh,1,Male,9,20-24 years,493,Ischemic heart disease,102,High alcohol use,2,Percent,2013,-0.061847948,0.054077202,-0.167499444
1,All Population,4,YLLs (Years of Life Lost),4842,Arunachal Pradesh,2,Female,9,20-24 years,493,Ischemic heart disease,102,High alcohol use,2,Percent,2013,-0.011258727,0.010735431,-0.036617142
1,All Population,4,YLLs (Years of Life Lost),4859,Madhya Pradesh,1,Male,9,20-24 years,498,Hypertensive heart disease,102,High alcohol use,2,Percent,2013,0.040199456,0.059559608,0.020413587
1,All Population,4,YLLs (Years of Life Lost),4859,Madhya Pradesh,2,Female,9,20-24 years,498,Hypertensive heart disease,102,High alcohol use,2,Percent,2013,0.000989285,0.002124924,0.000191935
1,All Population,4,YLLs (Years of Life Lost),4855,Jharkhand,1,Male,9,20-24 years,494,Stroke,102,High alcohol use,2,Percent,2013,0.011098439,0.035292164,-0.001908912
1,All Population,4,YLLs (Years of Life Lost),4855,Jharkhand,2,Female,9,20-24 years,494,Stroke,102,High alcohol use,2,Percent,2013,-0.000262963,0.000372659,-0.000964946
1,All Population,4,YLLs (Years of Life Lost),4857,Kerala,1,Male,9,20-24 years,498,Hypertensive heart disease,102,High alcohol use,2,Percent,2013,0.047722339,0.071587203,0.023952685
1,All Population,4,YLLs (Years of Life Lost),4857,Kerala,2,Female,9,20-24 years,498,Hypertensive heart disease,102,High alcohol use,2,Percent,2013,0.001106321,0.002401302,0.000200651
1,All Population,4,YLLs (Years of Life Lost),4865,Odisha,1,Male,9,20-24 years,499,Cardiomyopathy and myocarditis,102,High alcohol use,2,Percent,2013,0.021152224,0.065958387,0.004954105
1,All Population,4,YLLs (Years of Life Lost),4865,Odisha,2,Female,9,20-24 years,499,Cardiomyopathy and myocarditis,102,High alcohol use,2,Percent,2013,0.013843927,0.045088484,0.002216444
1,All Population,4,YLLs (Years of Life Lost),4849,Delhi,1,Male,9,20-24 years,498,Hypertensive heart disease,102,High alcohol use,2,Percent,2013,0.041814441,0.062500937,0.020872412
1,All Population,4,YLLs (Years of Life Lost),4849,Delhi,2,Female,9,20-24 years,498,Hypertensive heart disease,102,High alcohol use,2,Percent,2013,0.000610847,0.001452522,0.000110331
1,All Population,4,YLLs (Years of Life Lost),4862,Meghalaya,1,Male,9,20-24 years,493,Ischemic heart disease,102,High alcohol use,2,Percent,2013,-0.039496769,0.036064726,-0.107937067
1,All Population,4,YLLs (Years of Life Lost),4862,Meghalaya,2,Female,9,20-24 years,493,Ischemic heart disease,102,High alcohol use,2,Percent,2013,-0.001216529,0.001250475,-0.004227005
1,All Population,4,YLLs (Years of Life Lost),4864,Nagaland,1,Male,9,20-24 years,498,Hypertensive heart disease,102,High alcohol use,2,Percent,2013,0.069347881,0.101301167,0.03611706
1,All Population,4,YLLs (Years of Life Lost),4864,Nagaland,2,Female,9,20-24 years,498,Hypertensive heart disease,102,High alcohol use,2,Percent,2013,0.003194346,0.00693421,0.000608939
1,All Population,4,YLLs (Years of Life Lost),4867,Punjab,1,Male,9,20-24 years,494,Stroke,102,High alcohol use,2,Percent,2013,0.009427806,0.027875573,-0.001632981
1,All Population,4,YLLs (Years of Life Lost),4867,Punjab,2,Female,9,20-24 years,494,Stroke,102,High alcohol use,2,Percent,2013,-2.40E-05,2.69E-05,-8.39E-05
1,All Population,4,YLLs (Years of Life Lost),4875,West Bengal,1,Male,9,20-24 years,494,Stroke,102,High alcohol use,2,Percent,2013,0.008236374,0.025419178,-0.001467613
1,All Population,4,YLLs (Years of Life Lost),4875,West Bengal,2,Female,9,20-24 years,494,Stroke,102,High alcohol use,2,Percent,2013,-5.73E-05,6.87E-05,-0.000208024
1,All Population,4,YLLs (Years of Life Lost),4851,Gujarat,1,Male,9,20-24 years,494,Stroke,332,Chewing tobacco,2,Percent,2013,0.115879234,0.185311868,0.059506565
1,All Population,4,YLLs (Years of Life Lost),4851,Gujarat,2,Female,9,20-24 years,494,Stroke,332,Chewing tobacco,2,Percent,2013,0.015200245,0.033287193,0.004722409
1,All Population,4,YLLs (Years of Life Lost),4855,Jharkhand,1,Male,9,20-24 years,493,Ischemic heart disease,102,High alcohol use,2,Percent,2013,-0.031631812,0.027872213,-0.085419602
1,All Population,4,YLLs (Years of Life Lost),4855,Jharkhand,2,Female,9,20-24 years,493,Ischemic heart disease,102,High alcohol use,2,Percent,2013,-0.002290047,0.002307415,-0.007821369
1,All Population,4,YLLs (Years of Life Lost),4842,Arunachal Pradesh,1,Male,9,20-24 years,494,Stroke,102,High alcohol use,2,Percent,2013,0.018800776,0.052962951,-0.003260505
1,All Population,4,YLLs (Years of Life Lost),4842,Arunachal Pradesh,2,Female,9,20-24 years,494,Stroke,102,High alcohol use,2,Percent,2013,-0.001099011,0.001859132,-0.004218517
1,All Population,4,YLLs (Years of Life Lost),4860,Maharashtra,1,Male,9,20-24 years,493,Ischemic heart disease,102,High alcohol use,2,Percent,2013,-0.017628713,0.01539215,-0.047102608
1,All Population,4,YLLs (Years of Life Lost),4860,Maharashtra,2,Female,9,20-24 years,493,Ischemic heart disease,102,High alcohol use,2,Percent,2013,-0.000231886,0.000243881,-0.000785588
1,All Population,4,YLLs (Years of Life Lost),4857,Kerala,1,Male,9,20-24 years,494,Stroke,102,High alcohol use,2,Percent,2013,0.007560058,0.022693875,-0.001433947
1,All Population,4,YLLs (Years of Life Lost),4857,Kerala,2,Female,9,20-24 years,494,Stroke,102,High alcohol use,2,Percent,2013,-8.47E-05,0.000119322,-0.000294333
1,All Population,4,YLLs (Years of Life Lost),4851,Gujarat,1,Male,9,20-24 years,498,Hypertensive heart disease,102,High alcohol use,2,Percent,2013,0.014218297,0.022293482,0.006553878
1,All Population,4,YLLs (Years of Life Lost),4851,Gujarat,2,Female,9,20-24 years,498,Hypertensive heart disease,102,High alcohol use,2,Percent,2013,0.000369901,0.000897985,6.45E-05
1,All Population,4,YLLs (Years of Life Lost),4842,Arunachal Pradesh,1,Male,9,20-24 years,494,Stroke,332,Chewing tobacco,2,Percent,2013,0.126415076,0.188624341,0.073712842
1,All Population,4,YLLs (Years of Life Lost),4842,Arunachal Pradesh,2,Female,9,20-24 years,494,Stroke,332,Chewing tobacco,2,Percent,2013,0.052977014,0.094345438,0.022865086
1,All Population,4,YLLs (Years of Life Lost),4860,Maharashtra,1,Male,9,20-24 years,494,Stroke,332,Chewing tobacco,2,Percent,2013,0.078705411,0.124228078,0.043675537
1,All Population,4,YLLs (Years of Life Lost),4860,Maharashtra,2,Female,9,20-24 years,494,Stroke,332,Chewing tobacco,2,Percent,2013,0.01974117,0.042713135,0.005969036
1,All Population,4,YLLs (Years of Life Lost),4841,Andhra Pradesh,1,Male,9,20-24 years,493,Ischemic heart disease,102,High alcohol use,2,Percent,2013,-0.032696344,0.029466737,-0.090446589
1,All Population,4,YLLs (Years of Life Lost),4841,Andhra Pradesh,2,Female,9,20-24 years,493,Ischemic heart disease,102,High alcohol use,2,Percent,2013,-0.001224661,0.00129259,-0.004231733
1,All Population,4,YLLs (Years of Life Lost),4844,Bihar,1,Male,9,20-24 years,493,Ischemic heart disease,102,High alcohol use,2,Percent,2013,-0.021336969,0.019682848,-0.062345365
1,All Population,4,YLLs (Years of Life Lost),4844,Bihar,2,Female,9,20-24 years,493,Ischemic heart disease,102,High alcohol use,2,Percent,2013,-0.000335268,0.000348699,-0.001159925
1,All Population,4,YLLs (Years of Life Lost),4849,Delhi,1,Male,9,20-24 years,499,Cardiomyopathy and myocarditis,102,High alcohol use,2,Percent,2013,0.024268247,0.067935248,0.005986965
1,All Population,4,YLLs (Years of Life Lost),4849,Delhi,2,Female,9,20-24 years,499,Cardiomyopathy and myocarditis,102,High alcohol use,2,Percent,2013,0.018500867,0.061934896,0.004014171
1,All Population,4,YLLs (Years of Life Lost),4874,Uttarakhand,1,Male,9,20-24 years,499,Cardiomyopathy and myocarditis,102,High alcohol use,2,Percent,2013,0.022382076,0.069537488,0.004989386
1,All Population,4,YLLs (Years of Life Lost),4874,Uttarakhand,2,Female,9,20-24 years,499,Cardiomyopathy and myocarditis,102,High alcohol use,2,Percent,2013,0.015925103,0.057832863,0.002575779
1,All Population,4,YLLs (Years of Life Lost),4854,Jammu & Kashmir and Ladakh,1,Male,9,20-24 years,494,Stroke,102,High alcohol use,2,Percent,2013,0.003295028,0.010298905,-0.000576134
1,All Population,4,YLLs (Years of Life Lost),4854,Jammu & Kashmir and Ladakh,2,Female,9,20-24 years,494,Stroke,102,High alcohol use,2,Percent,2013,-2.58E-05,3.69E-05,-9.80E-05
1,All Population,4,YLLs (Years of Life Lost),4853,Himachal Pradesh,1,Male,9,20-24 years,494,Stroke,102,High alcohol use,2,Percent,2013,0.007302846,0.02116093,-0.001287782
1,All Population,4,YLLs (Years of Life Lost),4853,Himachal Pradesh,2,Female,9,20-24 years,494,Stroke,102,High alcohol use,2,Percent,2013,-4.05E-05,5.53E-05,-0.000143603
1,All Population,4,YLLs (Years of Life Lost),4843,Assam,1,Male,9,20-24 years,494,Stroke,102,High alcohol use,2,Percent,2013,0.018264929,0.055500782,-0.003108073
1,All Population,4,YLLs (Years of Life Lost),4843,Assam,2,Female,9,20-24 years,494,Stroke,102,High alcohol use,2,Percent,2013,-0.000211565,0.000403159,-0.000816402
1,All Population,4,YLLs (Years of Life Lost),4843,Assam,1,Male,9,20-24 years,494,Stroke,332,Chewing tobacco,2,Percent,2013,0.125584787,0.191241275,0.069034548
1,All Population,4,YLLs (Years of Life Lost),4843,Assam,2,Female,9,20-24 years,494,Stroke,332,Chewing tobacco,2,Percent,2013,0.048883739,0.091301059,0.020197826
1,All Population,4,YLLs (Years of Life Lost),4850,Goa,1,Male,9,20-24 years,493,Ischemic heart disease,102,High alcohol use,2,Percent,2013,-0.039435243,0.035582186,-0.108605751
1,All Population,4,YLLs (Years of Life Lost),4850,Goa,2,Female,9,20-24 years,493,Ischemic heart disease,102,High alcohol use,2,Percent,2013,-0.0021888,0.002271782,-0.007491258
1,All Population,4,YLLs (Years of Life Lost),4863,Mizoram,1,Male,9,20-24 years,493,Ischemic heart disease,102,High alcohol use,2,Percent,2013,-0.039021979,0.035595534,-0.107693377
1,All Population,4,YLLs (Years of Life Lost),4863,Mizoram,2,Female,9,20-24 years,493,Ischemic heart disease,102,High alcohol use,2,Percent,2013,-0.001984316,0.002002809,-0.006833849
1,All Population,4,YLLs (Years of Life Lost),4853,Himachal Pradesh,1,Male,9,20-24 years,499,Cardiomyopathy and myocarditis,102,High alcohol use,2,Percent,2013,0.021199915,0.062437329,0.004984812
1,All Population,4,YLLs (Years of Life Lost),4853,Himachal Pradesh,2,Female,9,20-24 years,499,Cardiomyopathy and myocarditis,102,High alcohol use,2,Percent,2013,0.014275061,0.048814879,0.00257767
1,All Population,4,YLLs (Years of Life Lost),4861,Manipur,1,Male,9,20-24 years,494,Stroke,102,High alcohol use,2,Percent,2013,0.013069318,0.037704731,-0.002300522
1,All Population,4,YLLs (Years of Life Lost),4861,Manipur,2,Female,9,20-24 years,494,Stroke,102,High alcohol use,2,Percent,2013,-0.000237314,0.000318305,-0.00085239
1,All Population,4,YLLs (Years of Life Lost),4852,Haryana,1,Male,9,20-24 years,494,Stroke,332,Chewing tobacco,2,Percent,2013,0.028004053,0.051107728,0.012678584
1,All Population,4,YLLs (Years of Life Lost),4852,Haryana,2,Female,9,20-24 years,494,Stroke,332,Chewing tobacco,2,Percent,2013,0.003232107,0.0079417,0.000850451
1,All Population,4,YLLs (Years of Life Lost),4853,Himachal Pradesh,1,Male,9,20-24 years,494,Stroke,332,Chewing tobacco,2,Percent,2013,0.025478335,0.049055534,0.010495872
1,All Population,4,YLLs (Years of Life Lost),4853,Himachal Pradesh,2,Female,9,20-24 years,494,Stroke,332,Chewing tobacco,2,Percent,2013,0.002610589,0.006303541,0.000687446
1,All Population,4,YLLs (Years of Life Lost),4859,Madhya Pradesh,1,Male,9,20-24 years,493,Ischemic heart disease,102,High alcohol use,2,Percent,2013,-0.019785475,0.017944139,-0.052668785
1,All Population,4,YLLs (Years of Life Lost),4859,Madhya Pradesh,2,Female,9,20-24 years,493,Ischemic heart disease,102,High alcohol use,2,Percent,2013,-0.000659961,0.000663514,-0.002233002
1,All Population,4,YLLs (Years of Life Lost),4861,Manipur,1,Male,9,20-24 years,494,Stroke,332,Chewing tobacco,2,Percent,2013,0.155937376,0.228157332,0.09313965
1,All Population,4,YLLs (Years of Life Lost),4861,Manipur,2,Female,9,20-24 years,494,Stroke,332,Chewing tobacco,2,Percent,2013,0.124284481,0.187679025,0.068754187
1,All Population,4,YLLs (Years of Life Lost),4852,Haryana,1,Male,9,20-24 years,498,Hypertensive heart disease,102,High alcohol use,2,Percent,2013,0.020661655,0.036357843,0.006917324
1,All Population,4,YLLs (Years of Life Lost),4852,Haryana,2,Female,9,20-24 years,498,Hypertensive heart disease,102,High alcohol use,2,Percent,2013,0.000371533,0.000937754,6.37E-05
1,All Population,4,YLLs (Years of Life Lost),4852,Haryana,1,Male,9,20-24 years,499,Cardiomyopathy and myocarditis,102,High alcohol use,2,Percent,2013,0.023690045,0.071365532,0.005709385
1,All Population,4,YLLs (Years of Life Lost),4852,Haryana,2,Female,9,20-24 years,499,Cardiomyopathy and myocarditis,102,High alcohol use,2,Percent,2013,0.017189095,0.054797758,0.003753519
1,All Population,4,YLLs (Years of Life Lost),4859,Madhya Pradesh,1,Male,9,20-24 years,499,Cardiomyopathy and myocarditis,102,High alcohol use,2,Percent,2013,0.022513581,0.071267546,0.005135009
1,All Population,4,YLLs (Years of Life Lost),4859,Madhya Pradesh,2,Female,9,20-24 years,499,Cardiomyopathy and myocarditis,102,High alcohol use,2,Percent,2013,0.015306297,0.049501681,0.002647261
1,All Population,4,YLLs (Years of Life Lost),4861,Manipur,1,Male,9,20-24 years,498,Hypertensive heart disease,102,High alcohol use,2,Percent,2013,0.072359655,0.106208773,0.037756378
1,All Population,4,YLLs (Years of Life Lost),4861,Manipur,2,Female,9,20-24 years,498,Hypertensive heart disease,102,High alcohol use,2,Percent,2013,0.003318664,0.007270638,0.000642319
1,All Population,4,YLLs (Years of Life Lost),4863,Mizoram,1,Male,9,20-24 years,494,Stroke,102,High alcohol use,2,Percent,2013,0.011606463,0.034966031,-0.002036077
1,All Population,4,YLLs (Years of Life Lost),4863,Mizoram,2,Female,9,20-24 years,494,Stroke,102,High alcohol use,2,Percent,2013,-0.000198355,0.00030614,-0.000732719
1,All Population,4,YLLs (Years of Life Lost),4869,Sikkim,1,Male,9,20-24 years,494,Stroke,102,High alcohol use,2,Percent,2013,0.012207782,0.034625694,-0.002125101
1,All Population,4,YLLs (Years of Life Lost),4869,Sikkim,2,Female,9,20-24 years,494,Stroke,102,High alcohol use,2,Percent,2013,-0.000801969,0.001034669,-0.002797917
1,All Population,4,YLLs (Years of Life Lost),4857,Kerala,1,Male,9,20-24 years,499,Cardiomyopathy and myocarditis,102,High alcohol use,2,Percent,2013,0.018593328,0.052215783,0.004738228
1,All Population,4,YLLs (Years of Life Lost),4857,Kerala,2,Female,9,20-24 years,499,Cardiomyopathy and myocarditis,102,High alcohol use,2,Percent,2013,0.012245986,0.037943007,0.002429102
1,All Population,4,YLLs (Years of Life Lost),4872,Tripura,1,Male,9,20-24 years,493,Ischemic heart disease,102,High alcohol use,2,Percent,2013,-0.038281769,0.034974356,-0.108988822
1,All Population,4,YLLs (Years of Life Lost),4872,Tripura,2,Female,9,20-24 years,493,Ischemic heart disease,102,High alcohol use,2,Percent,2013,-0.002581231,0.002632895,-0.008739736
1,All Population,4,YLLs (Years of Life Lost),4864,Nagaland,1,Male,9,20-24 years,493,Ischemic heart disease,102,High alcohol use,2,Percent,2013,-0.039207641,0.035202533,-0.106643292
1,All Population,4,YLLs (Years of Life Lost),4864,Nagaland,2,Female,9,20-24 years,493,Ischemic heart disease,102,High alcohol use,2,Percent,2013,-0.002144565,0.00221918,-0.007314259
1,All Population,4,YLLs (Years of Life Lost),4862,Meghalaya,1,Male,9,20-24 years,494,Stroke,102,High alcohol use,2,Percent,2013,0.012713587,0.0379053,-0.002186299
1,All Population,4,YLLs (Years of Life Lost),4862,Meghalaya,2,Female,9,20-24 years,494,Stroke,102,High alcohol use,2,Percent,2013,-0.000128838,0.000184758,-0.000481431
1,All Population,4,YLLs (Years of Life Lost),4873,Uttar Pradesh,1,Male,9,20-24 years,493,Ischemic heart disease,102,High alcohol use,2,Percent,2013,-0.011511118,0.011599135,-0.029542478
1,All Population,4,YLLs (Years of Life Lost),4873,Uttar Pradesh,2,Female,9,20-24 years,493,Ischemic heart disease,102,High alcohol use,2,Percent,2013,-0.000194133,0.000175857,-0.00080556
1,All Population,4,YLLs (Years of Life Lost),4870,Tamil Nadu,1,Male,9,20-24 years,494,Stroke,102,High alcohol use,2,Percent,2013,0.012164694,0.035658793,-0.002211017
1,All Population,4,YLLs (Years of Life Lost),4870,Tamil Nadu,2,Female,9,20-24 years,494,Stroke,102,High alcohol use,2,Percent,2013,-1.84E-05,3.15E-05,-7.40E-05
1,All Population,4,YLLs (Years of Life Lost),4844,Bihar,1,Male,9,20-24 years,494,Stroke,332,Chewing tobacco,2,Percent,2013,0.09989067,0.160319524,0.050483076
1,All Population,4,YLLs (Years of Life Lost),4844,Bihar,2,Female,9,20-24 years,494,Stroke,332,Chewing tobacco,2,Percent,2013,0.00679322,0.015667319,0.001864091
1,All Population,4,YLLs (Years of Life Lost),4870,Tamil Nadu,1,Male,9,20-24 years,494,Stroke,332,Chewing tobacco,2,Percent,2013,0.025604775,0.049592833,0.010781947
1,All Population,4,YLLs (Years of Life Lost),4870,Tamil Nadu,2,Female,9,20-24 years,494,Stroke,332,Chewing tobacco,2,Percent,2013,0.004352047,0.010774185,0.001143864
1,All Population,4,YLLs (Years of Life Lost),4873,Uttar Pradesh,1,Male,9,20-24 years,498,Hypertensive heart disease,102,High alcohol use,2,Percent,2013,0.017532416,0.028256098,0.006331942
1,All Population,4,YLLs (Years of Life Lost),4873,Uttar Pradesh,2,Female,9,20-24 years,498,Hypertensive heart disease,102,High alcohol use,2,Percent,2013,0.000284252,0.000762817,4.47E-05
1,All Population,4,YLLs (Years of Life Lost),4855,Jharkhand,1,Male,9,20-24 years,494,Stroke,332,Chewing tobacco,2,Percent,2013,0.117315975,0.186277248,0.058185003
1,All Population,4,YLLs (Years of Life Lost),4855,Jharkhand,2,Female,9,20-24 years,494,Stroke,332,Chewing tobacco,2,Percent,2013,0.017134205,0.036061698,0.005604008
1,All Population,4,YLLs (Years of Life Lost),4851,Gujarat,1,Male,9,20-24 years,493,Ischemic heart disease,102,High alcohol use,2,Percent,2013,-0.007217232,0.006784866,-0.020505252
1,All Population,4,YLLs (Years of Life Lost),4851,Gujarat,2,Female,9,20-24 years,493,Ischemic heart disease,102,High alcohol use,2,Percent,2013,-0.000250177,0.000239737,-0.00095375
1,All Population,4,YLLs (Years of Life Lost),4868,Rajasthan,1,Male,9,20-24 years,494,Stroke,332,Chewing tobacco,2,Percent,2013,0.092663073,0.146789686,0.050367842
1,All Population,4,YLLs (Years of Life Lost),4868,Rajasthan,2,Female,9,20-24 years,494,Stroke,332,Chewing tobacco,2,Percent,2013,0.016602252,0.035390994,0.005615724
1,All Population,4,YLLs (Years of Life Lost),4868,Rajasthan,1,Male,9,20-24 years,498,Hypertensive heart disease,102,High alcohol use,2,Percent,2013,0.023780273,0.036081111,0.011827162
1,All Population,4,YLLs (Years of Life Lost),4868,Rajasthan,2,Female,9,20-24 years,498,Hypertensive heart disease,102,High alcohol use,2,Percent,2013,0.000781168,0.001651696,0.00015179
1,All Population,4,YLLs (Years of Life Lost),4852,Haryana,1,Male,9,20-24 years,493,Ischemic heart disease,102,High alcohol use,2,Percent,2013,-0.013387434,0.011835024,-0.037830253
1,All Population,4,YLLs (Years of Life Lost),4852,Haryana,2,Female,9,20-24 years,493,Ischemic heart disease,102,High alcohol use,2,Percent,2013,-0.000251156,0.000237663,-0.000988294
1,All Population,4,YLLs (Years of Life Lost),4856,Karnataka,1,Male,9,20-24 years,494,Stroke,102,High alcohol use,2,Percent,2013,0.008534937,0.026015903,-0.0015969
1,All Population,4,YLLs (Years of Life Lost),4856,Karnataka,2,Female,9,20-24 years,494,Stroke,102,High alcohol use,2,Percent,2013,-0.000670161,0.000865226,-0.002345804
1,All Population,4,YLLs (Years of Life Lost),4846,Chhattisgarh,1,Male,9,20-24 years,494,Stroke,102,High alcohol use,2,Percent,2013,0.013469696,0.040476919,-0.002466049
1,All Population,4,YLLs (Years of Life Lost),4846,Chhattisgarh,2,Female,9,20-24 years,494,Stroke,102,High alcohol use,2,Percent,2013,-0.000223201,0.000321454,-0.000854897
1,All Population,4,YLLs (Years of Life Lost),4846,Chhattisgarh,1,Male,9,20-24 years,494,Stroke,332,Chewing tobacco,2,Percent,2013,0.121736664,0.182172257,0.069800614
1,All Population,4,YLLs (Years of Life Lost),4846,Chhattisgarh,2,Female,9,20-24 years,494,Stroke,332,Chewing tobacco,2,Percent,2013,0.046025476,0.085003351,0.017999427
1,All Population,4,YLLs (Years of Life Lost),4843,Assam,1,Male,9,20-24 years,498,Hypertensive heart disease,102,High alcohol use,2,Percent,2013,0.066106488,0.092367232,0.039323225
1,All Population,4,YLLs (Years of Life Lost),4843,Assam,2,Female,9,20-24 years,498,Hypertensive heart disease,102,High alcohol use,2,Percent,2013,0.002952072,0.007360238,0.000526799
1,All Population,4,YLLs (Years of Life Lost),4843,Assam,1,Male,9,20-24 years,499,Cardiomyopathy and myocarditis,102,High alcohol use,2,Percent,2013,0.023065674,0.073753109,0.005158419
1,All Population,4,YLLs (Years of Life Lost),4843,Assam,2,Female,9,20-24 years,499,Cardiomyopathy and myocarditis,102,High alcohol use,2,Percent,2013,0.014390465,0.048904755,0.002259835
1,All Population,4,YLLs (Years of Life Lost),4861,Manipur,1,Male,9,20-24 years,499,Cardiomyopathy and myocarditis,102,High alcohol use,2,Percent,2013,0.024451321,0.070807067,0.005024033
1,All Population,4,YLLs (Years of Life Lost),4861,Manipur,2,Female,9,20-24 years,499,Cardiomyopathy and myocarditis,102,High alcohol use,2,Percent,2013,0.015934835,0.053916713,0.003180928
1,All Population,4,YLLs (Years of Life Lost),4867,Punjab,1,Male,9,20-24 years,494,Stroke,332,Chewing tobacco,2,Percent,2013,0.026892382,0.050649778,0.011328921
1,All Population,4,YLLs (Years of Life Lost),4867,Punjab,2,Female,9,20-24 years,494,Stroke,332,Chewing tobacco,2,Percent,2013,0.002320853,0.005595501,0.000611543
1,All Population,4,YLLs (Years of Life Lost),4854,Jammu & Kashmir and Ladakh,1,Male,9,20-24 years,494,Stroke,332,Chewing tobacco,2,Percent,2013,0.027774146,0.052350008,0.011793829
1,All Population,4,YLLs (Years of Life Lost),4854,Jammu & Kashmir and Ladakh,2,Female,9,20-24 years,494,Stroke,332,Chewing tobacco,2,Percent,2013,0.003460087,0.008298667,0.000924995
1,All Population,4,YLLs (Years of Life Lost),4854,Jammu & Kashmir and Ladakh,1,Male,9,20-24 years,498,Hypertensive heart disease,102,High alcohol use,2,Percent,2013,0.01879179,0.029698722,0.008566989
1,All Population,4,YLLs (Years of Life Lost),4854,Jammu & Kashmir and Ladakh,2,Female,9,20-24 years,498,Hypertensive heart disease,102,High alcohol use,2,Percent,2013,0.000356831,0.000940241,5.92E-05
1,All Population,4,YLLs (Years of Life Lost),4864,Nagaland,1,Male,9,20-24 years,499,Cardiomyopathy and myocarditis,102,High alcohol use,2,Percent,2013,0.022288611,0.062863485,0.004896907
1,All Population,4,YLLs (Years of Life Lost),4864,Nagaland,2,Female,9,20-24 years,499,Cardiomyopathy and myocarditis,102,High alcohol use,2,Percent,2013,0.014561426,0.048343463,0.002590159
1,All Population,4,YLLs (Years of Life Lost),4864,Nagaland,1,Male,9,20-24 years,494,Stroke,102,High alcohol use,2,Percent,2013,0.011993596,0.034304061,-0.002083291
1,All Population,4,YLLs (Years of Life Lost),4864,Nagaland,2,Female,9,20-24 years,494,Stroke,102,High alcohol use,2,Percent,2013,-0.000239047,0.000338956,-0.000864439
1,All Population,4,YLLs (Years of Life Lost),4864,Nagaland,1,Male,9,20-24 years,494,Stroke,332,Chewing tobacco,2,Percent,2013,0.170473079,0.244731018,0.103905635
1,All Population,4,YLLs (Years of Life Lost),4864,Nagaland,2,Female,9,20-24 years,494,Stroke,332,Chewing tobacco,2,Percent,2013,0.117734822,0.178123867,0.065962427
1,All Population,4,YLLs (Years of Life Lost),4842,Arunachal Pradesh,1,Male,9,20-24 years,499,Cardiomyopathy and myocarditis,102,High alcohol use,2,Percent,2013,0.0232967,0.069676339,0.004968556
1,All Population,4,YLLs (Years of Life Lost),4842,Arunachal Pradesh,2,Female,9,20-24 years,499,Cardiomyopathy and myocarditis,102,High alcohol use,2,Percent,2013,0.014120018,0.042738323,0.002754422
1,All Population,4,YLLs (Years of Life Lost),4863,Mizoram,1,Male,9,20-24 years,499,Cardiomyopathy and myocarditis,102,High alcohol use,2,Percent,2013,0.027859152,0.094454451,0.004611941
1,All Population,4,YLLs (Years of Life Lost),4863,Mizoram,2,Female,9,20-24 years,499,Cardiomyopathy and myocarditis,102,High alcohol use,2,Percent,2013,0.015960418,0.045519652,0.00345787
1,All Population,4,YLLs (Years of Life Lost),4870,Tamil Nadu,1,Male,9,20-24 years,493,Ischemic heart disease,102,High alcohol use,2,Percent,2013,-0.037395245,0.033303781,-0.09786713
1,All Population,4,YLLs (Years of Life Lost),4870,Tamil Nadu,2,Female,9,20-24 years,493,Ischemic heart disease,102,High alcohol use,2,Percent,2013,-0.000186422,0.000170005,-0.000759568
1,All Population,4,YLLs (Years of Life Lost),4872,Tripura,1,Male,9,20-24 years,494,Stroke,332,Chewing tobacco,2,Percent,2013,0.114956066,0.1799834,0.061289294
1,All Population,4,YLLs (Years of Life Lost),4872,Tripura,2,Female,9,20-24 years,494,Stroke,332,Chewing tobacco,2,Percent,2013,0.109418294,0.180484438,0.049449952
1,All Population,4,YLLs (Years of Life Lost),4862,Meghalaya,1,Male,9,20-24 years,498,Hypertensive heart disease,102,High alcohol use,2,Percent,2013,0.070592041,0.103561423,0.036759239
1,All Population,4,YLLs (Years of Life Lost),4862,Meghalaya,2,Female,9,20-24 years,498,Hypertensive heart disease,102,High alcohol use,2,Percent,2013,0.001814212,0.004027657,0.000353865
1,All Population,4,YLLs (Years of Life Lost),4841,Andhra Pradesh,1,Male,9,20-24 years,494,Stroke,332,Chewing tobacco,2,Percent,2013,0.032011098,0.054680197,0.016454243
1,All Population,4,YLLs (Years of Life Lost),4841,Andhra Pradesh,2,Female,9,20-24 years,494,Stroke,332,Chewing tobacco,2,Percent,2013,0.006767223,0.016276243,0.001824904
1,All Population,4,YLLs (Years of Life Lost),4871,Telangana,1,Male,9,20-24 years,494,Stroke,332,Chewing tobacco,2,Percent,2013,0.02842414,0.052721337,0.011171014
1,All Population,4,YLLs (Years of Life Lost),4871,Telangana,2,Female,9,20-24 years,494,Stroke,332,Chewing tobacco,2,Percent,2013,0.00846725,0.019715654,0.002357923
1,All Population,4,YLLs (Years of Life Lost),4873,Uttar Pradesh,1,Male,9,20-24 years,494,Stroke,102,High alcohol use,2,Percent,2013,-4.41E-05,0.003280743,-0.0029094
1,All Population,4,YLLs (Years of Life Lost),4873,Uttar Pradesh,2,Female,9,20-24 years,494,Stroke,102,High alcohol use,2,Percent,2013,-2.39E-05,2.17E-05,-9.78E-05
1,All Population,4,YLLs (Years of Life Lost),4874,Uttarakhand,1,Male,9,20-24 years,494,Stroke,332,Chewing tobacco,2,Percent,2013,0.055259555,0.099946323,0.02655709
1,All Population,4,YLLs (Years of Life Lost),4874,Uttarakhand,2,Female,9,20-24 years,494,Stroke,332,Chewing tobacco,2,Percent,2013,0.003640478,0.008710763,0.000943324
1,All Population,4,YLLs (Years of Life Lost),4849,Delhi,1,Male,9,20-24 years,493,Ischemic heart disease,102,High alcohol use,2,Percent,2013,-0.022403407,0.020066184,-0.06186879
1,All Population,4,YLLs (Years of Life Lost),4849,Delhi,2,Female,9,20-24 years,493,Ischemic heart disease,102,High alcohol use,2,Percent,2013,-0.000412714,0.000413858,-0.001509926
1,All Population,4,YLLs (Years of Life Lost),4862,Meghalaya,1,Male,9,20-24 years,499,Cardiomyopathy and myocarditis,102,High alcohol use,2,Percent,2013,0.026613653,0.080029367,0.004856013
1,All Population,4,YLLs (Years of Life Lost),4862,Meghalaya,2,Female,9,20-24 years,499,Cardiomyopathy and myocarditis,102,High alcohol use,2,Percent,2013,0.014907561,0.046888731,0.00311508
1,All Population,4,YLLs (Years of Life Lost),4873,Uttar Pradesh,1,Male,9,20-24 years,499,Cardiomyopathy and myocarditis,102,High alcohol use,2,Percent,2013,0.023879619,0.076070545,0.005361925
1,All Population,4,YLLs (Years of Life Lost),4873,Uttar Pradesh,2,Female,9,20-24 years,499,Cardiomyopathy and myocarditis,102,High alcohol use,2,Percent,2013,0.017137303,0.055794423,0.003161601
1,All Population,4,YLLs (Years of Life Lost),4861,Manipur,1,Male,9,20-24 years,493,Ischemic heart disease,102,High alcohol use,2,Percent,2013,-0.040776479,0.03660344,-0.11080375
1,All Population,4,YLLs (Years of Life Lost),4861,Manipur,2,Female,9,20-24 years,493,Ischemic heart disease,102,High alcohol use,2,Percent,2013,-0.002233349,0.002253029,-0.007737744
1,All Population,4,YLLs (Years of Life Lost),4874,Uttarakhand,1,Male,9,20-24 years,498,Hypertensive heart disease,102,High alcohol use,2,Percent,2013,0.045874531,0.068517092,0.023245535
1,All Population,4,YLLs (Years of Life Lost),4874,Uttarakhand,2,Female,9,20-24 years,498,Hypertensive heart disease,102,High alcohol use,2,Percent,2013,0.000337479,0.000821902,5.85E-05
1,All Population,4,YLLs (Years of Life Lost),4871,Telangana,1,Male,9,20-24 years,498,Hypertensive heart disease,102,High alcohol use,2,Percent,2013,0.077738475,0.113937107,0.041161876
1,All Population,4,YLLs (Years of Life Lost),4871,Telangana,2,Female,9,20-24 years,498,Hypertensive heart disease,102,High alcohol use,2,Percent,2013,0.002461242,0.005731998,0.000448154
1,All Population,4,YLLs (Years of Life Lost),4869,Sikkim,1,Male,9,20-24 years,493,Ischemic heart disease,102,High alcohol use,2,Percent,2013,-0.039452855,0.035845174,-0.109614365
1,All Population,4,YLLs (Years of Life Lost),4869,Sikkim,2,Female,9,20-24 years,493,Ischemic heart disease,102,High alcohol use,2,Percent,2013,-0.006595314,0.006458286,-0.023030375
1,All Population,4,YLLs (Years of Life Lost),4849,Delhi,1,Male,9,20-24 years,494,Stroke,102,High alcohol use,2,Percent,2013,0.006887545,0.02079611,-0.001249247
1,All Population,4,YLLs (Years of Life Lost),4849,Delhi,2,Female,9,20-24 years,494,Stroke,102,High alcohol use,2,Percent,2013,-6.66E-05,4.61E-05,-0.000247153
1,All Population,4,YLLs (Years of Life Lost),44538,Other Union Territories,1,Male,9,20-24 years,494,Stroke,102,High alcohol use,2,Percent,2013,0.008446117,0.025518985,-0.001577685
1,All Population,4,YLLs (Years of Life Lost),44538,Other Union Territories,2,Female,9,20-24 years,494,Stroke,102,High alcohol use,2,Percent,2013,-7.78E-05,0.000114673,-0.000293408
1,All Population,4,YLLs (Years of Life Lost),4875,West Bengal,1,Male,9,20-24 years,493,Ischemic heart disease,102,High alcohol use,2,Percent,2013,-0.026177943,0.024249222,-0.075316589
1,All Population,4,YLLs (Years of Life Lost),4875,West Bengal,2,Female,9,20-24 years,493,Ischemic heart disease,102,High alcohol use,2,Percent,2013,-0.000475271,0.000462723,-0.001786413
1,All Population,4,YLLs (Years of Life Lost),4875,West Bengal,1,Male,9,20-24 years,499,Cardiomyopathy and myocarditis,102,High alcohol use,2,Percent,2013,0.023109378,0.067874129,0.00509822
1,All Population,4,YLLs (Years of Life Lost),4875,West Bengal,2,Female,9,20-24 years,499,Cardiomyopathy and myocarditis,102,High alcohol use,2,Percent,2013,0.013373342,0.040047859,0.002637547
1,All Population,4,YLLs (Years of Life Lost),4868,Rajasthan,1,Male,9,20-24 years,499,Cardiomyopathy and myocarditis,102,High alcohol use,2,Percent,2013,0.022021919,0.064841188,0.005181289
1,All Population,4,YLLs (Years of Life Lost),4868,Rajasthan,2,Female,9,20-24 years,499,Cardiomyopathy and myocarditis,102,High alcohol use,2,Percent,2013,0.015733493,0.043475599,0.003376578
1,All Population,4,YLLs (Years of Life Lost),4862,Meghalaya,1,Male,9,20-24 years,494,Stroke,332,Chewing tobacco,2,Percent,2013,0.076434666,0.128692157,0.034587869
1,All Population,4,YLLs (Years of Life Lost),4862,Meghalaya,2,Female,9,20-24 years,494,Stroke,332,Chewing tobacco,2,Percent,2013,0.105719509,0.166530906,0.054742441
1,All Population,4,YLLs (Years of Life Lost),4841,Andhra Pradesh,1,Male,9,20-24 years,499,Cardiomyopathy and myocarditis,102,High alcohol use,2,Percent,2013,0.01866629,0.055134417,0.004501672
1,All Population,4,YLLs (Years of Life Lost),4841,Andhra Pradesh,2,Female,9,20-24 years,499,Cardiomyopathy and myocarditis,102,High alcohol use,2,Percent,2013,0.012168843,0.033832162,0.002348841
1,All Population,4,YLLs (Years of Life Lost),4870,Tamil Nadu,1,Male,9,20-24 years,498,Hypertensive heart disease,102,High alcohol use,2,Percent,2013,0.067330658,0.093383025,0.037484946
1,All Population,4,YLLs (Years of Life Lost),4870,Tamil Nadu,2,Female,9,20-24 years,498,Hypertensive heart disease,102,High alcohol use,2,Percent,2013,0.000262593,0.000707482,4.13E-05
1,All Population,4,YLLs (Years of Life Lost),4865,Odisha,1,Male,9,20-24 years,493,Ischemic heart disease,102,High alcohol use,2,Percent,2013,-0.030204436,0.026901192,-0.080414463
1,All Population,4,YLLs (Years of Life Lost),4865,Odisha,2,Female,9,20-24 years,493,Ischemic heart disease,102,High alcohol use,2,Percent,2013,-0.001575686,0.001577167,-0.005175856
1,All Population,4,YLLs (Years of Life Lost),4870,Tamil Nadu,1,Male,9,20-24 years,499,Cardiomyopathy and myocarditis,102,High alcohol use,2,Percent,2013,0.019609426,0.056232223,0.004741198
1,All Population,4,YLLs (Years of Life Lost),4870,Tamil Nadu,2,Female,9,20-24 years,499,Cardiomyopathy and myocarditis,102,High alcohol use,2,Percent,2013,0.013046613,0.044319343,0.002675777
1,All Population,4,YLLs (Years of Life Lost),4874,Uttarakhand,1,Male,9,20-24 years,494,Stroke,102,High alcohol use,2,Percent,2013,0.008134278,0.024264859,-0.001445802
1,All Population,4,YLLs (Years of Life Lost),4874,Uttarakhand,2,Female,9,20-24 years,494,Stroke,102,High alcohol use,2,Percent,2013,-2.71E-05,3.13E-05,-9.97E-05
1,All Population,4,YLLs (Years of Life Lost),4875,West Bengal,1,Male,9,20-24 years,494,Stroke,332,Chewing tobacco,2,Percent,2013,0.082419073,0.134961056,0.042273989
1,All Population,4,YLLs (Years of Life Lost),4875,West Bengal,2,Female,9,20-24 years,494,Stroke,332,Chewing tobacco,2,Percent,2013,0.024510794,0.048803734,0.008803595
1,All Population,4,YLLs (Years of Life Lost),4844,Bihar,1,Male,9,20-24 years,498,Hypertensive heart disease,102,High alcohol use,2,Percent,2013,0.041987739,0.063976513,0.020676919
1,All Population,4,YLLs (Years of Life Lost),4844,Bihar,2,Female,9,20-24 years,498,Hypertensive heart disease,102,High alcohol use,2,Percent,2013,0.00049105,0.001091141,9.35E-05
1,All Population,4,YLLs (Years of Life Lost),4859,Madhya Pradesh,1,Male,9,20-24 years,494,Stroke,102,High alcohol use,2,Percent,2013,0.007159697,0.022278504,-0.001248033
1,All Population,4,YLLs (Years of Life Lost),4859,Madhya Pradesh,2,Female,9,20-24 years,494,Stroke,102,High alcohol use,2,Percent,2013,-7.35E-05,0.000110493,-0.000255266
1,All Population,4,YLLs (Years of Life Lost),4867,Punjab,1,Male,9,20-24 years,498,Hypertensive heart disease,102,High alcohol use,2,Percent,2013,0.054233257,0.079970287,0.027740903
1,All Population,4,YLLs (Years of Life Lost),4867,Punjab,2,Female,9,20-24 years,498,Hypertensive heart disease,102,High alcohol use,2,Percent,2013,0.00030484,0.000720469,5.46E-05
1,All Population,4,YLLs (Years of Life Lost),4863,Mizoram,1,Male,9,20-24 years,494,Stroke,332,Chewing tobacco,2,Percent,2013,0.083390832,0.135255426,0.038599812
1,All Population,4,YLLs (Years of Life Lost),4863,Mizoram,2,Female,9,20-24 years,494,Stroke,332,Chewing tobacco,2,Percent,2013,0.154866657,0.227309912,0.089531897
1,All Population,4,YLLs (Years of Life Lost),4853,Himachal Pradesh,1,Male,9,20-24 years,498,Hypertensive heart disease,102,High alcohol use,2,Percent,2013,0.042221591,0.063071748,0.021250621
1,All Population,4,YLLs (Years of Life Lost),4853,Himachal Pradesh,2,Female,9,20-24 years,498,Hypertensive heart disease,102,High alcohol use,2,Percent,2013,0.000547755,0.001244729,0.000102547
1,All Population,4,YLLs (Years of Life Lost),44538,Other Union Territories,1,Male,9,20-24 years,494,Stroke,332,Chewing tobacco,2,Percent,2013,0.038417528,0.067005895,0.017645425
1,All Population,4,YLLs (Years of Life Lost),44538,Other Union Territories,2,Female,9,20-24 years,494,Stroke,332,Chewing tobacco,2,Percent,2013,0.005540336,0.013199274,0.00148668
1,All Population,4,YLLs (Years of Life Lost),4871,Telangana,1,Male,9,20-24 years,493,Ischemic heart disease,102,High alcohol use,2,Percent,2013,-0.044280029,0.039827283,-0.119381835
1,All Population,4,YLLs (Years of Life Lost),4871,Telangana,2,Female,9,20-24 years,493,Ischemic heart disease,102,High alcohol use,2,Percent,2013,-0.001667602,0.001638648,-0.006212697
1,All Population,4,YLLs (Years of Life Lost),4855,Jharkhand,1,Male,9,20-24 years,498,Hypertensive heart disease,102,High alcohol use,2,Percent,2013,0.058375721,0.084089642,0.031282331
1,All Population,4,YLLs (Years of Life Lost),4855,Jharkhand,2,Female,9,20-24 years,498,Hypertensive heart disease,102,High alcohol use,2,Percent,2013,0.003077712,0.006876892,0.000596985
1,All Population,4,YLLs (Years of Life Lost),4841,Andhra Pradesh,1,Male,9,20-24 years,494,Stroke,102,High alcohol use,2,Percent,2013,0.010573134,0.03141999,-0.001944586
1,All Population,4,YLLs (Years of Life Lost),4841,Andhra Pradesh,2,Female,9,20-24 years,494,Stroke,102,High alcohol use,2,Percent,2013,-0.000139205,0.000212981,-0.000474377
1,All Population,4,YLLs (Years of Life Lost),4844,Bihar,1,Male,9,20-24 years,494,Stroke,102,High alcohol use,2,Percent,2013,0.007383859,0.022984312,-0.001308456
1,All Population,4,YLLs (Years of Life Lost),4844,Bihar,2,Female,9,20-24 years,494,Stroke,102,High alcohol use,2,Percent,2013,-4.16E-05,4.78E-05,-0.000144634
1,All Population,4,YLLs (Years of Life Lost),4860,Maharashtra,1,Male,9,20-24 years,493,Ischemic heart disease,102,High alcohol use,2,Percent,2014,-0.017368881,0.015201536,-0.046510407
1,All Population,4,YLLs (Years of Life Lost),4860,Maharashtra,2,Female,9,20-24 years,493,Ischemic heart disease,102,High alcohol use,2,Percent,2014,-0.000249716,0.000272857,-0.0008493
1,All Population,4,YLLs (Years of Life Lost),4875,West Bengal,1,Male,9,20-24 years,494,Stroke,102,High alcohol use,2,Percent,2014,0.008357062,0.025861036,-0.001414701
1,All Population,4,YLLs (Years of Life Lost),4875,West Bengal,2,Female,9,20-24 years,494,Stroke,102,High alcohol use,2,Percent,2014,-6.21E-05,8.34E-05,-0.000226196
1,All Population,4,YLLs (Years of Life Lost),4846,Chhattisgarh,1,Male,9,20-24 years,493,Ischemic heart disease,102,High alcohol use,2,Percent,2013,-0.041345409,0.035819441,-0.111345493
1,All Population,4,YLLs (Years of Life Lost),4846,Chhattisgarh,2,Female,9,20-24 years,493,Ischemic heart disease,102,High alcohol use,2,Percent,2013,-0.002008461,0.002049053,-0.00701586
1,All Population,4,YLLs (Years of Life Lost),4851,Gujarat,1,Male,9,20-24 years,493,Ischemic heart disease,102,High alcohol use,2,Percent,2014,-0.007319287,0.00693387,-0.021306596
1,All Population,4,YLLs (Years of Life Lost),4851,Gujarat,2,Female,9,20-24 years,493,Ischemic heart disease,102,High alcohol use,2,Percent,2014,-0.000262118,0.000259638,-0.000985391
1,All Population,4,YLLs (Years of Life Lost),4864,Nagaland,1,Male,9,20-24 years,498,Hypertensive heart disease,102,High alcohol use,2,Percent,2014,0.069215927,0.101652092,0.036718399
1,All Population,4,YLLs (Years of Life Lost),4864,Nagaland,2,Female,9,20-24 years,498,Hypertensive heart disease,102,High alcohol use,2,Percent,2014,0.003398508,0.007467999,0.000652057
1,All Population,4,YLLs (Years of Life Lost),4851,Gujarat,1,Male,9,20-24 years,499,Cardiomyopathy and myocarditis,102,High alcohol use,2,Percent,2013,0.019588376,0.059788251,0.004566817
1,All Population,4,YLLs (Years of Life Lost),4851,Gujarat,2,Female,9,20-24 years,499,Cardiomyopathy and myocarditis,102,High alcohol use,2,Percent,2013,0.013396024,0.041543644,0.002647487
1,All Population,4,YLLs (Years of Life Lost),4871,Telangana,1,Male,9,20-24 years,494,Stroke,102,High alcohol use,2,Percent,2013,0.014412706,0.041884775,-0.002704069
1,All Population,4,YLLs (Years of Life Lost),4871,Telangana,2,Female,9,20-24 years,494,Stroke,102,High alcohol use,2,Percent,2013,-0.000171818,0.000274713,-0.000635249
1,All Population,4,YLLs (Years of Life Lost),4872,Tripura,1,Male,9,20-24 years,499,Cardiomyopathy and myocarditis,102,High alcohol use,2,Percent,2013,0.022738766,0.062659322,0.005197578
1,All Population,4,YLLs (Years of Life Lost),4872,Tripura,2,Female,9,20-24 years,499,Cardiomyopathy and myocarditis,102,High alcohol use,2,Percent,2013,0.014543456,0.043665953,0.002864211
1,All Population,4,YLLs (Years of Life Lost),4856,Karnataka,1,Male,9,20-24 years,494,Stroke,332,Chewing tobacco,2,Percent,2013,0.068668271,0.11374003,0.035545008
1,All Population,4,YLLs (Years of Life Lost),4856,Karnataka,2,Female,9,20-24 years,494,Stroke,332,Chewing tobacco,2,Percent,2013,0.011861623,0.027247138,0.003397265
1,All Population,4,YLLs (Years of Life Lost),4852,Haryana,1,Male,9,20-24 years,494,Stroke,102,High alcohol use,2,Percent,2013,-0.000126034,0.004332879,-0.002806722
1,All Population,4,YLLs (Years of Life Lost),4852,Haryana,2,Female,9,20-24 years,494,Stroke,102,High alcohol use,2,Percent,2013,-2.98E-05,3.18E-05,-0.000115159
1,All Population,4,YLLs (Years of Life Lost),4862,Meghalaya,1,Male,9,20-24 years,498,Hypertensive heart disease,102,High alcohol use,2,Percent,2014,0.070995212,0.104422179,0.037642792
1,All Population,4,YLLs (Years of Life Lost),4862,Meghalaya,2,Female,9,20-24 years,498,Hypertensive heart disease,102,High alcohol use,2,Percent,2014,0.00187532,0.004219242,0.000341278
1,All Population,4,YLLs (Years of Life Lost),4854,Jammu & Kashmir and Ladakh,1,Male,9,20-24 years,493,Ischemic heart disease,102,High alcohol use,2,Percent,2013,-0.009584107,0.008950775,-0.028478104
1,All Population,4,YLLs (Years of Life Lost),4854,Jammu & Kashmir and Ladakh,2,Female,9,20-24 years,493,Ischemic heart disease,102,High alcohol use,2,Percent,2013,-0.000242966,0.000222364,-0.00098844
1,All Population,4,YLLs (Years of Life Lost),4868,Rajasthan,1,Male,9,20-24 years,494,Stroke,102,High alcohol use,2,Percent,2013,0.003994668,0.012575123,-0.000715967
1,All Population,4,YLLs (Years of Life Lost),4868,Rajasthan,2,Female,9,20-24 years,494,Stroke,102,High alcohol use,2,Percent,2013,-6.38E-05,8.12E-05,-0.000207214
1,All Population,4,YLLs (Years of Life Lost),4842,Arunachal Pradesh,1,Male,9,20-24 years,498,Hypertensive heart disease,102,High alcohol use,2,Percent,2013,0.103786559,0.145463761,0.057923256
1,All Population,4,YLLs (Years of Life Lost),4842,Arunachal Pradesh,2,Female,9,20-24 years,498,Hypertensive heart disease,102,High alcohol use,2,Percent,2013,0.016240805,0.034271767,0.003294098
1,All Population,4,YLLs (Years of Life Lost),4865,Odisha,1,Male,9,20-24 years,494,Stroke,332,Chewing tobacco,2,Percent,2013,0.123062652,0.184778613,0.071227132
1,All Population,4,YLLs (Years of Life Lost),4865,Odisha,2,Female,9,20-24 years,494,Stroke,332,Chewing tobacco,2,Percent,2013,0.044402901,0.083693938,0.016935817
1,All Population,4,YLLs (Years of Life Lost),44538,Other Union Territories,1,Male,9,20-24 years,493,Ischemic heart disease,102,High alcohol use,2,Percent,2013,-0.025786713,0.02387608,-0.073432937
1,All Population,4,YLLs (Years of Life Lost),44538,Other Union Territories,2,Female,9,20-24 years,493,Ischemic heart disease,102,High alcohol use,2,Percent,2013,-0.000755115,0.000720555,-0.002891855
1,All Population,4,YLLs (Years of Life Lost),4843,Assam,1,Male,9,20-24 years,494,Stroke,102,High alcohol use,2,Percent,2014,0.018290844,0.055908962,-0.002970262
1,All Population,4,YLLs (Years of Life Lost),4843,Assam,2,Female,9,20-24 years,494,Stroke,102,High alcohol use,2,Percent,2014,-0.00022942,0.000398548,-0.000893739
1,All Population,4,YLLs (Years of Life Lost),4874,Uttarakhand,1,Male,9,20-24 years,493,Ischemic heart disease,102,High alcohol use,2,Percent,2013,-0.024435633,0.022411974,-0.06711961
1,All Population,4,YLLs (Years of Life Lost),4874,Uttarakhand,2,Female,9,20-24 years,493,Ischemic heart disease,102,High alcohol use,2,Percent,2013,-0.000228143,0.000218354,-0.000865297
1,All Population,4,YLLs (Years of Life Lost),4841,Andhra Pradesh,1,Male,9,20-24 years,498,Hypertensive heart disease,102,High alcohol use,2,Percent,2014,0.058897325,0.08818078,0.030385177
1,All Population,4,YLLs (Years of Life Lost),4841,Andhra Pradesh,2,Female,9,20-24 years,498,Hypertensive heart disease,102,High alcohol use,2,Percent,2014,0.001836332,0.004162102,0.00033225
1,All Population,4,YLLs (Years of Life Lost),4861,Manipur,1,Male,9,20-24 years,494,Stroke,332,Chewing tobacco,2,Percent,2014,0.152303483,0.221724215,0.088830054
1,All Population,4,YLLs (Years of Life Lost),4861,Manipur,2,Female,9,20-24 years,494,Stroke,332,Chewing tobacco,2,Percent,2014,0.120342863,0.183185014,0.065329018
1,All Population,4,YLLs (Years of Life Lost),4846,Chhattisgarh,1,Male,9,20-24 years,498,Hypertensive heart disease,102,High alcohol use,2,Percent,2013,0.072918464,0.103746323,0.03958855
1,All Population,4,YLLs (Years of Life Lost),4846,Chhattisgarh,2,Female,9,20-24 years,498,Hypertensive heart disease,102,High alcohol use,2,Percent,2013,0.002981104,0.006627692,0.000581343
1,All Population,4,YLLs (Years of Life Lost),4850,Goa,1,Male,9,20-24 years,494,Stroke,102,High alcohol use,2,Percent,2013,0.012031337,0.034194075,-0.002233346
1,All Population,4,YLLs (Years of Life Lost),4850,Goa,2,Female,9,20-24 years,494,Stroke,102,High alcohol use,2,Percent,2013,-0.000238891,0.000351154,-0.000838357
1,All Population,4,YLLs (Years of Life Lost),4869,Sikkim,1,Male,9,20-24 years,493,Ischemic heart disease,102,High alcohol use,2,Percent,2014,-0.039824251,0.035612834,-0.110921498
1,All Population,4,YLLs (Years of Life Lost),4869,Sikkim,2,Female,9,20-24 years,493,Ischemic heart disease,102,High alcohol use,2,Percent,2014,-0.00707,0.007085398,-0.02478728
1,All Population,4,YLLs (Years of Life Lost),4856,Karnataka,1,Male,9,20-24 years,493,Ischemic heart disease,102,High alcohol use,2,Percent,2013,-0.025896791,0.023815635,-0.075759869
1,All Population,4,YLLs (Years of Life Lost),4856,Karnataka,2,Female,9,20-24 years,493,Ischemic heart disease,102,High alcohol use,2,Percent,2013,-0.006008261,0.006887606,-0.01572076
1,All Population,4,YLLs (Years of Life Lost),4849,Delhi,1,Male,9,20-24 years,493,Ischemic heart disease,102,High alcohol use,2,Percent,2014,-0.02232267,0.019937359,-0.062152332
1,All Population,4,YLLs (Years of Life Lost),4849,Delhi,2,Female,9,20-24 years,493,Ischemic heart disease,102,High alcohol use,2,Percent,2014,-0.000442864,0.000463958,-0.001588908
1,All Population,4,YLLs (Years of Life Lost),4871,Telangana,1,Male,9,20-24 years,499,Cardiomyopathy and myocarditis,102,High alcohol use,2,Percent,2013,0.020434459,0.058919136,0.00474072
1,All Population,4,YLLs (Years of Life Lost),4871,Telangana,2,Female,9,20-24 years,499,Cardiomyopathy and myocarditis,102,High alcohol use,2,Percent,2013,0.013956698,0.041476435,0.00292561
1,All Population,4,YLLs (Years of Life Lost),4852,Haryana,1,Male,9,20-24 years,494,Stroke,332,Chewing tobacco,2,Percent,2014,0.026601331,0.049438569,0.011703871
1,All Population,4,YLLs (Years of Life Lost),4852,Haryana,2,Female,9,20-24 years,494,Stroke,332,Chewing tobacco,2,Percent,2014,0.00307158,0.007466891,0.000822987
1,All Population,4,YLLs (Years of Life Lost),4844,Bihar,1,Male,9,20-24 years,494,Stroke,332,Chewing tobacco,2,Percent,2014,0.095108152,0.15681573,0.046957163
1,All Population,4,YLLs (Years of Life Lost),4844,Bihar,2,Female,9,20-24 years,494,Stroke,332,Chewing tobacco,2,Percent,2014,0.006072504,0.014176223,0.001684069
1,All Population,4,YLLs (Years of Life Lost),4872,Tripura,1,Male,9,20-24 years,494,Stroke,102,High alcohol use,2,Percent,2013,0.012320653,0.036007153,-0.002218005
1,All Population,4,YLLs (Years of Life Lost),4872,Tripura,2,Female,9,20-24 years,494,Stroke,102,High alcohol use,2,Percent,2013,-0.000282832,0.000391832,-0.001038721
1,All Population,4,YLLs (Years of Life Lost),4867,Punjab,1,Male,9,20-24 years,494,Stroke,102,High alcohol use,2,Percent,2014,0.009303912,0.028275973,-0.001516572
1,All Population,4,YLLs (Years of Life Lost),4867,Punjab,2,Female,9,20-24 years,494,Stroke,102,High alcohol use,2,Percent,2014,-2.66E-05,2.79E-05,-9.47E-05
1,All Population,4,YLLs (Years of Life Lost),4850,Goa,1,Male,9,20-24 years,493,Ischemic heart disease,102,High alcohol use,2,Percent,2014,-0.040026328,0.035562857,-0.110413377
1,All Population,4,YLLs (Years of Life Lost),4850,Goa,2,Female,9,20-24 years,493,Ischemic heart disease,102,High alcohol use,2,Percent,2014,-0.002360767,0.00253775,-0.008094554
1,All Population,4,YLLs (Years of Life Lost),4869,Sikkim,1,Male,9,20-24 years,493,Ischemic heart disease,102,High alcohol use,2,Percent,2015,-0.040083867,0.035358734,-0.112465848
1,All Population,4,YLLs (Years of Life Lost),4869,Sikkim,2,Female,9,20-24 years,493,Ischemic heart disease,102,High alcohol use,2,Percent,2015,-0.00745915,0.007649894,-0.026170674
1,All Population,4,YLLs (Years of Life Lost),4869,Sikkim,1,Male,9,20-24 years,494,Stroke,332,Chewing tobacco,2,Percent,2014,0.049219843,0.089665053,0.02088739
1,All Population,4,YLLs (Years of Life Lost),4869,Sikkim,2,Female,9,20-24 years,494,Stroke,332,Chewing tobacco,2,Percent,2014,0.011176713,0.024765026,0.003240788
1,All Population,4,YLLs (Years of Life Lost),4875,West Bengal,1,Male,9,20-24 years,493,Ischemic heart disease,102,High alcohol use,2,Percent,2014,-0.026663551,0.024180308,-0.077203474
1,All Population,4,YLLs (Years of Life Lost),4875,West Bengal,2,Female,9,20-24 years,493,Ischemic heart disease,102,High alcohol use,2,Percent,2014,-0.000504514,0.000508827,-0.00186547
1,All Population,4,YLLs (Years of Life Lost),4849,Delhi,1,Male,9,20-24 years,494,Stroke,102,High alcohol use,2,Percent,2014,0.006852197,0.02086775,-0.001190455
1,All Population,4,YLLs (Years of Life Lost),4849,Delhi,2,Female,9,20-24 years,494,Stroke,102,High alcohol use,2,Percent,2014,-7.18E-05,5.73E-05,-0.00026084
1,All Population,4,YLLs (Years of Life Lost),4850,Goa,1,Male,9,20-24 years,498,Hypertensive heart disease,102,High alcohol use,2,Percent,2013,0.069950152,0.101869691,0.035700234
1,All Population,4,YLLs (Years of Life Lost),4850,Goa,2,Female,9,20-24 years,498,Hypertensive heart disease,102,High alcohol use,2,Percent,2013,0.003257444,0.007145874,0.000605455
1,All Population,4,YLLs (Years of Life Lost),4871,Telangana,1,Male,9,20-24 years,494,Stroke,332,Chewing tobacco,2,Percent,2014,0.027509649,0.051796232,0.010606386
1,All Population,4,YLLs (Years of Life Lost),4871,Telangana,2,Female,9,20-24 years,494,Stroke,332,Chewing tobacco,2,Percent,2014,0.007833772,0.018093106,0.002209261
1,All Population,4,YLLs (Years of Life Lost),4857,Kerala,1,Male,9,20-24 years,494,Stroke,102,High alcohol use,2,Percent,2014,0.00757288,0.022331671,-0.001378678
1,All Population,4,YLLs (Years of Life Lost),4857,Kerala,2,Female,9,20-24 years,494,Stroke,102,High alcohol use,2,Percent,2014,-9.49E-05,0.000138374,-0.000327381
1,All Population,4,YLLs (Years of Life Lost),44538,Other Union Territories,1,Male,9,20-24 years,493,Ischemic heart disease,102,High alcohol use,2,Percent,2014,-0.026230852,0.023839577,-0.074736181
1,All Population,4,YLLs (Years of Life Lost),44538,Other Union Territories,2,Female,9,20-24 years,493,Ischemic heart disease,102,High alcohol use,2,Percent,2014,-0.000787498,0.000780216,-0.002967481
1,All Population,4,YLLs (Years of Life Lost),4863,Mizoram,1,Male,9,20-24 years,494,Stroke,102,High alcohol use,2,Percent,2014,0.011450223,0.034733095,-0.001912599
1,All Population,4,YLLs (Years of Life Lost),4863,Mizoram,2,Female,9,20-24 years,494,Stroke,102,High alcohol use,2,Percent,2014,-0.000218649,0.000346163,-0.000802051
1,All Population,4,YLLs (Years of Life Lost),4868,Rajasthan,1,Male,9,20-24 years,494,Stroke,332,Chewing tobacco,2,Percent,2015,0.083749716,0.138134049,0.042802134
1,All Population,4,YLLs (Years of Life Lost),4868,Rajasthan,2,Female,9,20-24 years,494,Stroke,332,Chewing tobacco,2,Percent,2015,0.013442817,0.027867792,0.004325431
1,All Population,4,YLLs (Years of Life Lost),4841,Andhra Pradesh,1,Male,9,20-24 years,494,Stroke,332,Chewing tobacco,2,Percent,2014,0.028811747,0.049423527,0.014937652
1,All Population,4,YLLs (Years of Life Lost),4841,Andhra Pradesh,2,Female,9,20-24 years,494,Stroke,332,Chewing tobacco,2,Percent,2014,0.006178624,0.014698308,0.001699648
1,All Population,4,YLLs (Years of Life Lost),4843,Assam,1,Male,9,20-24 years,493,Ischemic heart disease,102,High alcohol use,2,Percent,2013,-0.030990015,0.02723424,-0.082981902
1,All Population,4,YLLs (Years of Life Lost),4843,Assam,2,Female,9,20-24 years,493,Ischemic heart disease,102,High alcohol use,2,Percent,2013,-0.002075715,0.001926704,-0.008207365
1,All Population,4,YLLs (Years of Life Lost),4855,Jharkhand,1,Male,9,20-24 years,494,Stroke,102,High alcohol use,2,Percent,2014,0.011148656,0.035372207,-0.001827992
1,All Population,4,YLLs (Years of Life Lost),4855,Jharkhand,2,Female,9,20-24 years,494,Stroke,102,High alcohol use,2,Percent,2014,-0.000271187,0.000433513,-0.000986751
1,All Population,4,YLLs (Years of Life Lost),4870,Tamil Nadu,1,Male,9,20-24 years,494,Stroke,332,Chewing tobacco,2,Percent,2014,0.024458032,0.047863913,0.01027677
1,All Population,4,YLLs (Years of Life Lost),4870,Tamil Nadu,2,Female,9,20-24 years,494,Stroke,332,Chewing tobacco,2,Percent,2014,0.004101416,0.010120758,0.001085789
1,All Population,4,YLLs (Years of Life Lost),4851,Gujarat,1,Male,9,20-24 years,499,Cardiomyopathy and myocarditis,102,High alcohol use,2,Percent,2014,0.019756021,0.060780212,0.004692827
1,All Population,4,YLLs (Years of Life Lost),4851,Gujarat,2,Female,9,20-24 years,499,Cardiomyopathy and myocarditis,102,High alcohol use,2,Percent,2014,0.013524739,0.042570668,0.002870367
1,All Population,4,YLLs (Years of Life Lost),4844,Bihar,1,Male,9,20-24 years,494,Stroke,102,High alcohol use,2,Percent,2014,0.007421279,0.02279554,-0.001260278
1,All Population,4,YLLs (Years of Life Lost),4844,Bihar,2,Female,9,20-24 years,494,Stroke,102,High alcohol use,2,Percent,2014,-4.33E-05,5.65E-05,-0.000149544
1,All Population,4,YLLs (Years of Life Lost),4854,Jammu & Kashmir and Ladakh,1,Male,9,20-24 years,494,Stroke,102,High alcohol use,2,Percent,2015,0.003252511,0.009984821,-0.00051776
1,All Population,4,YLLs (Years of Life Lost),4854,Jammu & Kashmir and Ladakh,2,Female,9,20-24 years,494,Stroke,102,High alcohol use,2,Percent,2015,-2.95E-05,4.71E-05,-0.000108787
1,All Population,4,YLLs (Years of Life Lost),4853,Himachal Pradesh,1,Male,9,20-24 years,499,Cardiomyopathy and myocarditis,102,High alcohol use,2,Percent,2014,0.02130924,0.061924665,0.005260825
1,All Population,4,YLLs (Years of Life Lost),4853,Himachal Pradesh,2,Female,9,20-24 years,499,Cardiomyopathy and myocarditis,102,High alcohol use,2,Percent,2014,0.014299269,0.04948279,0.002765535
1,All Population,4,YLLs (Years of Life Lost),4864,Nagaland,1,Male,9,20-24 years,494,Stroke,102,High alcohol use,2,Percent,2014,0.011974182,0.035124322,-0.001980436
1,All Population,4,YLLs (Years of Life Lost),4864,Nagaland,2,Female,9,20-24 years,494,Stroke,102,High alcohol use,2,Percent,2014,-0.000256984,0.000372225,-0.000879294
1,All Population,4,YLLs (Years of Life Lost),4846,Chhattisgarh,1,Male,9,20-24 years,499,Cardiomyopathy and myocarditis,102,High alcohol use,2,Percent,2013,0.022459139,0.071347746,0.004788788
1,All Population,4,YLLs (Years of Life Lost),4846,Chhattisgarh,2,Female,9,20-24 years,499,Cardiomyopathy and myocarditis,102,High alcohol use,2,Percent,2013,0.015078081,0.054577017,0.002209659
1,All Population,4,YLLs (Years of Life Lost),4842,Arunachal Pradesh,1,Male,9,20-24 years,494,Stroke,332,Chewing tobacco,2,Percent,2014,0.122215956,0.18360117,0.070878757
1,All Population,4,YLLs (Years of Life Lost),4842,Arunachal Pradesh,2,Female,9,20-24 years,494,Stroke,332,Chewing tobacco,2,Percent,2014,0.048814977,0.086859648,0.020491625
1,All Population,4,YLLs (Years of Life Lost),4857,Kerala,1,Male,9,20-24 years,493,Ischemic heart disease,102,High alcohol use,2,Percent,2014,-0.025339862,0.022691793,-0.070543599
1,All Population,4,YLLs (Years of Life Lost),4857,Kerala,2,Female,9,20-24 years,493,Ischemic heart disease,102,High alcohol use,2,Percent,2014,-0.000832588,0.000877486,-0.002930503
1,All Population,4,YLLs (Years of Life Lost),4867,Punjab,1,Male,9,20-24 years,493,Ischemic heart disease,102,High alcohol use,2,Percent,2014,-0.02892992,0.025747535,-0.079752144
1,All Population,4,YLLs (Years of Life Lost),4867,Punjab,2,Female,9,20-24 years,493,Ischemic heart disease,102,High alcohol use,2,Percent,2014,-0.000212735,0.000221677,-0.00078016
1,All Population,4,YLLs (Years of Life Lost),4871,Telangana,1,Male,9,20-24 years,494,Stroke,102,High alcohol use,2,Percent,2014,0.014571966,0.042248301,-0.002605246
1,All Population,4,YLLs (Years of Life Lost),4871,Telangana,2,Female,9,20-24 years,494,Stroke,102,High alcohol use,2,Percent,2014,-0.000187143,0.000287823,-0.000681405
1,All Population,4,YLLs (Years of Life Lost),4871,Telangana,1,Male,9,20-24 years,493,Ischemic heart disease,102,High alcohol use,2,Percent,2014,-0.044882063,0.039867629,-0.121914895
1,All Population,4,YLLs (Years of Life Lost),4871,Telangana,2,Female,9,20-24 years,493,Ischemic heart disease,102,High alcohol use,2,Percent,2014,-0.001790258,0.001838988,-0.006583948
1,All Population,4,YLLs (Years of Life Lost),4849,Delhi,1,Male,9,20-24 years,494,Stroke,332,Chewing tobacco,2,Percent,2015,0.046248243,0.082531938,0.021353794
1,All Population,4,YLLs (Years of Life Lost),4849,Delhi,2,Female,9,20-24 years,494,Stroke,332,Chewing tobacco,2,Percent,2015,0.005063632,0.011732835,0.001433186
1,All Population,4,YLLs (Years of Life Lost),4859,Madhya Pradesh,1,Male,9,20-24 years,493,Ischemic heart disease,102,High alcohol use,2,Percent,2014,-0.020104746,0.018282085,-0.053442757
1,All Population,4,YLLs (Years of Life Lost),4859,Madhya Pradesh,2,Female,9,20-24 years,493,Ischemic heart disease,102,High alcohol use,2,Percent,2014,-0.000691027,0.000727353,-0.002336724
1,All Population,4,YLLs (Years of Life Lost),4868,Rajasthan,1,Male,9,20-24 years,494,Stroke,332,Chewing tobacco,2,Percent,2014,0.088336849,0.141646185,0.04566412
1,All Population,4,YLLs (Years of Life Lost),4868,Rajasthan,2,Female,9,20-24 years,494,Stroke,332,Chewing tobacco,2,Percent,2014,0.014947968,0.031777451,0.004810549
1,All Population,4,YLLs (Years of Life Lost),4844,Bihar,1,Male,9,20-24 years,494,Stroke,332,Chewing tobacco,2,Percent,2015,0.090619673,0.152669957,0.042956543
1,All Population,4,YLLs (Years of Life Lost),4844,Bihar,2,Female,9,20-24 years,494,Stroke,332,Chewing tobacco,2,Percent,2015,0.005419504,0.012435672,0.001512288
1,All Population,4,YLLs (Years of Life Lost),4861,Manipur,1,Male,9,20-24 years,494,Stroke,332,Chewing tobacco,2,Percent,2015,0.148373113,0.218551168,0.085734854
1,All Population,4,YLLs (Years of Life Lost),4861,Manipur,2,Female,9,20-24 years,494,Stroke,332,Chewing tobacco,2,Percent,2015,0.116135853,0.177489838,0.061726046
1,All Population,4,YLLs (Years of Life Lost),4874,Uttarakhand,1,Male,9,20-24 years,493,Ischemic heart disease,102,High alcohol use,2,Percent,2015,-0.025204328,0.022475383,-0.070625785
1,All Population,4,YLLs (Years of Life Lost),4874,Uttarakhand,2,Female,9,20-24 years,493,Ischemic heart disease,102,High alcohol use,2,Percent,2015,-0.000258315,0.000263844,-0.000933363
1,All Population,4,YLLs (Years of Life Lost),4872,Tripura,1,Male,9,20-24 years,494,Stroke,102,High alcohol use,2,Percent,2015,0.012485376,0.037960471,-0.002039702
1,All Population,4,YLLs (Years of Life Lost),4872,Tripura,2,Female,9,20-24 years,494,Stroke,102,High alcohol use,2,Percent,2015,-0.000291068,0.000473832,-0.001013421
1,All Population,4,YLLs (Years of Life Lost),4850,Goa,1,Male,9,20-24 years,499,Cardiomyopathy and myocarditis,102,High alcohol use,2,Percent,2013,0.017765702,0.052402684,0.004506685
1,All Population,4,YLLs (Years of Life Lost),4850,Goa,2,Female,9,20-24 years,499,Cardiomyopathy and myocarditis,102,High alcohol use,2,Percent,2013,0.013076919,0.042740529,0.002604958
1,All Population,4,YLLs (Years of Life Lost),4864,Nagaland,1,Male,9,20-24 years,499,Cardiomyopathy and myocarditis,102,High alcohol use,2,Percent,2014,0.022052145,0.061037698,0.005229036
1,All Population,4,YLLs (Years of Life Lost),4864,Nagaland,2,Female,9,20-24 years,499,Cardiomyopathy and myocarditis,102,High alcohol use,2,Percent,2014,0.014316857,0.047628257,0.00270609
1,All Population,4,YLLs (Years of Life Lost),4865,Odisha,1,Male,9,20-24 years,493,Ischemic heart disease,102,High alcohol use,2,Percent,2015,-0.031501779,0.028392219,-0.086148821
1,All Population,4,YLLs (Years of Life Lost),4865,Odisha,2,Female,9,20-24 years,493,Ischemic heart disease,102,High alcohol use,2,Percent,2015,-0.001656279,0.001786198,-0.005446251
1,All Population,4,YLLs (Years of Life Lost),4853,Himachal Pradesh,1,Male,9,20-24 years,494,Stroke,332,Chewing tobacco,2,Percent,2014,0.02374855,0.046286677,0.009718637
1,All Population,4,YLLs (Years of Life Lost),4853,Himachal Pradesh,2,Female,9,20-24 years,494,Stroke,332,Chewing tobacco,2,Percent,2014,0.002456396,0.005906464,0.00066101
1,All Population,4,YLLs (Years of Life Lost),4865,Odisha,1,Male,9,20-24 years,494,Stroke,332,Chewing tobacco,2,Percent,2014,0.118473104,0.179997379,0.066452757
1,All Population,4,YLLs (Years of Life Lost),4865,Odisha,2,Female,9,20-24 years,494,Stroke,332,Chewing tobacco,2,Percent,2014,0.040047201,0.079351344,0.015261033
1,All Population,4,YLLs (Years of Life Lost),4862,Meghalaya,1,Male,9,20-24 years,494,Stroke,332,Chewing tobacco,2,Percent,2014,0.070655842,0.122885846,0.030446322
1,All Population,4,YLLs (Years of Life Lost),4862,Meghalaya,2,Female,9,20-24 years,494,Stroke,332,Chewing tobacco,2,Percent,2014,0.098690884,0.159012417,0.050324669
1,All Population,4,YLLs (Years of Life Lost),4862,Meghalaya,1,Male,9,20-24 years,499,Cardiomyopathy and myocarditis,102,High alcohol use,2,Percent,2014,0.026457309,0.083232034,0.005044631
1,All Population,4,YLLs (Years of Life Lost),4862,Meghalaya,2,Female,9,20-24 years,499,Cardiomyopathy and myocarditis,102,High alcohol use,2,Percent,2014,0.014680032,0.045501856,0.003180597
1,All Population,4,YLLs (Years of Life Lost),4871,Telangana,1,Male,9,20-24 years,494,Stroke,332,Chewing tobacco,2,Percent,2015,0.026573932,0.049935958,0.009996608
1,All Population,4,YLLs (Years of Life Lost),4871,Telangana,2,Female,9,20-24 years,494,Stroke,332,Chewing tobacco,2,Percent,2015,0.007238847,0.016568176,0.00208384
1,All Population,4,YLLs (Years of Life Lost),4873,Uttar Pradesh,1,Male,9,20-24 years,494,Stroke,332,Chewing tobacco,2,Percent,2014,0.097718904,0.15686572,0.051201352
1,All Population,4,YLLs (Years of Life Lost),4873,Uttar Pradesh,2,Female,9,20-24 years,494,Stroke,332,Chewing tobacco,2,Percent,2014,0.013376512,0.029191812,0.004215978
1,All Population,4,YLLs (Years of Life Lost),4868,Rajasthan,1,Male,9,20-24 years,499,Cardiomyopathy and myocarditis,102,High alcohol use,2,Percent,2015,0.022187941,0.068945898,0.005451518
1,All Population,4,YLLs (Years of Life Lost),4868,Rajasthan,2,Female,9,20-24 years,499,Cardiomyopathy and myocarditis,102,High alcohol use,2,Percent,2015,0.015483641,0.046580504,0.003310539
1,All Population,4,YLLs (Years of Life Lost),4859,Madhya Pradesh,1,Male,9,20-24 years,493,Ischemic heart disease,102,High alcohol use,2,Percent,2015,-0.020297979,0.018533446,-0.054835095
1,All Population,4,YLLs (Years of Life Lost),4859,Madhya Pradesh,2,Female,9,20-24 years,493,Ischemic heart disease,102,High alcohol use,2,Percent,2015,-0.000713217,0.000771278,-0.002401336
1,All Population,4,YLLs (Years of Life Lost),4856,Karnataka,1,Male,9,20-24 years,498,Hypertensive heart disease,102,High alcohol use,2,Percent,2013,0.047994296,0.072637036,0.02326279
1,All Population,4,YLLs (Years of Life Lost),4856,Karnataka,2,Female,9,20-24 years,498,Hypertensive heart disease,102,High alcohol use,2,Percent,2013,0.009037211,0.016220889,0.002392823
1,All Population,4,YLLs (Years of Life Lost),4855,Jharkhand,1,Male,9,20-24 years,494,Stroke,332,Chewing tobacco,2,Percent,2015,0.109078111,0.177351295,0.052934258
1,All Population,4,YLLs (Years of Life Lost),4855,Jharkhand,2,Female,9,20-24 years,494,Stroke,332,Chewing tobacco,2,Percent,2015,0.013287654,0.029223838,0.004345794
1,All Population,4,YLLs (Years of Life Lost),4873,Uttar Pradesh,1,Male,9,20-24 years,494,Stroke,102,High alcohol use,2,Percent,2014,-1.65E-05,0.003401848,-0.002880593
1,All Population,4,YLLs (Years of Life Lost),4873,Uttar Pradesh,2,Female,9,20-24 years,494,Stroke,102,High alcohol use,2,Percent,2014,-2.55E-05,2.60E-05,-0.000103888
1,All Population,4,YLLs (Years of Life Lost),4842,Arunachal Pradesh,1,Male,9,20-24 years,499,Cardiomyopathy and myocarditis,102,High alcohol use,2,Percent,2014,0.023142134,0.068031267,0.005117801
1,All Population,4,YLLs (Years of Life Lost),4842,Arunachal Pradesh,2,Female,9,20-24 years,499,Cardiomyopathy and myocarditis,102,High alcohol use,2,Percent,2014,0.013872649,0.042114449,0.00272996
1,All Population,4,YLLs (Years of Life Lost),4857,Kerala,1,Male,9,20-24 years,494,Stroke,332,Chewing tobacco,2,Percent,2015,0.022396913,0.043471367,0.009119015
1,All Population,4,YLLs (Years of Life Lost),4857,Kerala,2,Female,9,20-24 years,494,Stroke,332,Chewing tobacco,2,Percent,2015,0.004074972,0.009612752,0.001119461
1,All Population,4,YLLs (Years of Life Lost),4870,Tamil Nadu,1,Male,9,20-24 years,494,Stroke,332,Chewing tobacco,2,Percent,2015,0.023298234,0.045254346,0.009466309
1,All Population,4,YLLs (Years of Life Lost),4870,Tamil Nadu,2,Female,9,20-24 years,494,Stroke,332,Chewing tobacco,2,Percent,2015,0.003846198,0.009008079,0.001046285
1,All Population,4,YLLs (Years of Life Lost),4870,Tamil Nadu,1,Male,9,20-24 years,494,Stroke,102,High alcohol use,2,Percent,2014,0.012302654,0.035748422,-0.002163305
1,All Population,4,YLLs (Years of Life Lost),4870,Tamil Nadu,2,Female,9,20-24 years,494,Stroke,102,High alcohol use,2,Percent,2014,-2.04E-05,3.54E-05,-7.98E-05
1,All Population,4,YLLs (Years of Life Lost),4843,Assam,1,Male,9,20-24 years,494,Stroke,102,High alcohol use,2,Percent,2015,0.018206317,0.055659893,-0.002833709
1,All Population,4,YLLs (Years of Life Lost),4843,Assam,2,Female,9,20-24 years,494,Stroke,102,High alcohol use,2,Percent,2015,-0.000239885,0.000445351,-0.000951056
1,All Population,4,YLLs (Years of Life Lost),4861,Manipur,1,Male,9,20-24 years,494,Stroke,102,High alcohol use,2,Percent,2014,0.013202252,0.039110623,-0.002222987
1,All Population,4,YLLs (Years of Life Lost),4861,Manipur,2,Female,9,20-24 years,494,Stroke,102,High alcohol use,2,Percent,2014,-0.000261237,0.000408248,-0.00091274
1,All Population,4,YLLs (Years of Life Lost),4863,Mizoram,1,Male,9,20-24 years,494,Stroke,102,High alcohol use,2,Percent,2015,0.011388207,0.035161598,-0.001794309
1,All Population,4,YLLs (Years of Life Lost),4863,Mizoram,2,Female,9,20-24 years,494,Stroke,102,High alcohol use,2,Percent,2015,-0.000229117,0.000392841,-0.000820996
1,All Population,4,YLLs (Years of Life Lost),44538,Other Union Territories,1,Male,9,20-24 years,494,Stroke,332,Chewing tobacco,2,Percent,2014,0.037855057,0.065289467,0.017253281
1,All Population,4,YLLs (Years of Life Lost),44538,Other Union Territories,2,Female,9,20-24 years,494,Stroke,332,Chewing tobacco,2,Percent,2014,0.005279272,0.012493063,0.001443475
1,All Population,4,YLLs (Years of Life Lost),4874,Uttarakhand,1,Male,9,20-24 years,494,Stroke,332,Chewing tobacco,2,Percent,2014,0.051950334,0.095149858,0.024081861
1,All Population,4,YLLs (Years of Life Lost),4874,Uttarakhand,2,Female,9,20-24 years,494,Stroke,332,Chewing tobacco,2,Percent,2014,0.003267939,0.007837622,0.000851975
1,All Population,4,YLLs (Years of Life Lost),4865,Odisha,1,Male,9,20-24 years,498,Hypertensive heart disease,102,High alcohol use,2,Percent,2013,0.056206703,0.080911646,0.030283405
1,All Population,4,YLLs (Years of Life Lost),4865,Odisha,2,Female,9,20-24 years,498,Hypertensive heart disease,102,High alcohol use,2,Percent,2013,0.002358148,0.004982565,0.000468108
1,All Population,4,YLLs (Years of Life Lost),4875,West Bengal,1,Male,9,20-24 years,493,Ischemic heart disease,102,High alcohol use,2,Percent,2015,-0.026900138,0.024009635,-0.078072533
1,All Population,4,YLLs (Years of Life Lost),4875,West Bengal,2,Female,9,20-24 years,493,Ischemic heart disease,102,High alcohol use,2,Percent,2015,-0.000531077,0.000546422,-0.001911285
1,All Population,4,YLLs (Years of Life Lost),4874,Uttarakhand,1,Male,9,20-24 years,494,Stroke,332,Chewing tobacco,2,Percent,2015,0.048890714,0.089752744,0.022118671
1,All Population,4,YLLs (Years of Life Lost),4874,Uttarakhand,2,Female,9,20-24 years,494,Stroke,332,Chewing tobacco,2,Percent,2015,0.002933372,0.006827489,0.000775557
1,All Population,4,YLLs (Years of Life Lost),4869,Sikkim,1,Male,9,20-24 years,494,Stroke,332,Chewing tobacco,2,Percent,2015,0.045369616,0.082777705,0.01863227
1,All Population,4,YLLs (Years of Life Lost),4869,Sikkim,2,Female,9,20-24 years,494,Stroke,332,Chewing tobacco,2,Percent,2015,0.009482456,0.021076756,0.002784702
1,All Population,4,YLLs (Years of Life Lost),4871,Telangana,1,Male,9,20-24 years,494,Stroke,102,High alcohol use,2,Percent,2015,0.014672896,0.042820579,-0.002529179
1,All Population,4,YLLs (Years of Life Lost),4871,Telangana,2,Female,9,20-24 years,494,Stroke,102,High alcohol use,2,Percent,2015,-0.000195474,0.000315211,-0.0007029
1,All Population,4,YLLs (Years of Life Lost),4841,Andhra Pradesh,1,Male,9,20-24 years,494,Stroke,102,High alcohol use,2,Percent,2014,0.010477996,0.030958854,-0.001839261
1,All Population,4,YLLs (Years of Life Lost),4841,Andhra Pradesh,2,Female,9,20-24 years,494,Stroke,102,High alcohol use,2,Percent,2014,-0.000142415,0.000217685,-0.000475266
1,All Population,4,YLLs (Years of Life Lost),4855,Jharkhand,1,Male,9,20-24 years,494,Stroke,332,Chewing tobacco,2,Percent,2014,0.112538794,0.181699205,0.054630373
1,All Population,4,YLLs (Years of Life Lost),4855,Jharkhand,2,Female,9,20-24 years,494,Stroke,332,Chewing tobacco,2,Percent,2014,0.015014793,0.032889379,0.004851006
1,All Population,4,YLLs (Years of Life Lost),4862,Meghalaya,1,Male,9,20-24 years,498,Hypertensive heart disease,102,High alcohol use,2,Percent,2015,0.071212821,0.106577632,0.037484026
1,All Population,4,YLLs (Years of Life Lost),4862,Meghalaya,2,Female,9,20-24 years,498,Hypertensive heart disease,102,High alcohol use,2,Percent,2015,0.001920871,0.004357439,0.000323689
1,All Population,4,YLLs (Years of Life Lost),44538,Other Union Territories,1,Male,9,20-24 years,494,Stroke,102,High alcohol use,2,Percent,2015,0.008663987,0.025867303,-0.001466899
1,All Population,4,YLLs (Years of Life Lost),44538,Other Union Territories,2,Female,9,20-24 years,494,Stroke,102,High alcohol use,2,Percent,2015,-8.47E-05,0.000146809,-0.000307145
1,All Population,4,YLLs (Years of Life Lost),4869,Sikkim,1,Male,9,20-24 years,494,Stroke,332,Chewing tobacco,2,Percent,2013,0.053220298,0.093787251,0.023212963
1,All Population,4,YLLs (Years of Life Lost),4869,Sikkim,2,Female,9,20-24 years,494,Stroke,332,Chewing tobacco,2,Percent,2013,0.013129293,0.028865354,0.003880144
1,All Population,4,YLLs (Years of Life Lost),4865,Odisha,1,Male,9,20-24 years,494,Stroke,102,High alcohol use,2,Percent,2013,0.010621541,0.032743939,-0.001893498
1,All Population,4,YLLs (Years of Life Lost),4865,Odisha,2,Female,9,20-24 years,494,Stroke,102,High alcohol use,2,Percent,2013,-0.000168866,0.000286791,-0.000594725
1,All Population,4,YLLs (Years of Life Lost),4861,Manipur,1,Male,9,20-24 years,498,Hypertensive heart disease,102,High alcohol use,2,Percent,2015,0.073645539,0.109857055,0.039322586
1,All Population,4,YLLs (Years of Life Lost),4861,Manipur,2,Female,9,20-24 years,498,Hypertensive heart disease,102,High alcohol use,2,Percent,2015,0.003840927,0.008739059,0.000678514
1,All Population,4,YLLs (Years of Life Lost),44538,Other Union Territories,1,Male,9,20-24 years,498,Hypertensive heart disease,102,High alcohol use,2,Percent,2013,0.04805511,0.072786679,0.023702708
1,All Population,4,YLLs (Years of Life Lost),44538,Other Union Territories,2,Female,9,20-24 years,498,Hypertensive heart disease,102,High alcohol use,2,Percent,2013,0.001114877,0.002713406,0.000192433
1,All Population,4,YLLs (Years of Life Lost),4842,Arunachal Pradesh,1,Male,9,20-24 years,499,Cardiomyopathy and myocarditis,102,High alcohol use,2,Percent,2015,0.023069857,0.067499377,0.005218654
1,All Population,4,YLLs (Years of Life Lost),4842,Arunachal Pradesh,2,Female,9,20-24 years,499,Cardiomyopathy and myocarditis,102,High alcohol use,2,Percent,2015,0.013714743,0.044010629,0.002741579
1,All Population,4,YLLs (Years of Life Lost),4872,Tripura,1,Male,9,20-24 years,498,Hypertensive heart disease,102,High alcohol use,2,Percent,2013,0.067748529,0.099240694,0.034142918
1,All Population,4,YLLs (Years of Life Lost),4872,Tripura,2,Female,9,20-24 years,498,Hypertensive heart disease,102,High alcohol use,2,Percent,2013,0.003838425,0.008469274,0.000754496
1,All Population,4,YLLs (Years of Life Lost),4863,Mizoram,1,Male,9,20-24 years,498,Hypertensive heart disease,102,High alcohol use,2,Percent,2013,0.072114508,0.105091163,0.037379351
1,All Population,4,YLLs (Years of Life Lost),4863,Mizoram,2,Female,9,20-24 years,498,Hypertensive heart disease,102,High alcohol use,2,Percent,2013,0.002958014,0.006351249,0.000564276
1,All Population,4,YLLs (Years of Life Lost),4867,Punjab,1,Male,9,20-24 years,499,Cardiomyopathy and myocarditis,102,High alcohol use,2,Percent,2013,0.021091461,0.066870857,0.005120298
1,All Population,4,YLLs (Years of Life Lost),4867,Punjab,2,Female,9,20-24 years,499,Cardiomyopathy and myocarditis,102,High alcohol use,2,Percent,2013,0.016250558,0.051344975,0.003007808
1,All Population,4,YLLs (Years of Life Lost),4875,West Bengal,1,Male,9,20-24 years,498,Hypertensive heart disease,102,High alcohol use,2,Percent,2013,0.04608894,0.069545609,0.022566808
1,All Population,4,YLLs (Years of Life Lost),4875,West Bengal,2,Female,9,20-24 years,498,Hypertensive heart disease,102,High alcohol use,2,Percent,2013,0.000703256,0.001684779,0.000123869
1,All Population,4,YLLs (Years of Life Lost),4850,Goa,1,Male,9,20-24 years,494,Stroke,332,Chewing tobacco,2,Percent,2013,0.026136089,0.049873126,0.010938218
1,All Population,4,YLLs (Years of Life Lost),4850,Goa,2,Female,9,20-24 years,494,Stroke,332,Chewing tobacco,2,Percent,2013,0.006206133,0.014261736,0.001750651
1,All Population,4,YLLs (Years of Life Lost),4867,Punjab,1,Male,9,20-24 years,493,Ischemic heart disease,102,High alcohol use,2,Percent,2015,-0.028549504,0.02521849,-0.079801832
1,All Population,4,YLLs (Years of Life Lost),4867,Punjab,2,Female,9,20-24 years,493,Ischemic heart disease,102,High alcohol use,2,Percent,2015,-0.00023281,0.000249604,-0.000844754
1,All Population,4,YLLs (Years of Life Lost),4860,Maharashtra,1,Male,9,20-24 years,498,Hypertensive heart disease,102,High alcohol use,2,Percent,2014,0.033715539,0.051322479,0.017454922
1,All Population,4,YLLs (Years of Life Lost),4860,Maharashtra,2,Female,9,20-24 years,498,Hypertensive heart disease,102,High alcohol use,2,Percent,2014,0.000376194,0.000835139,7.03E-05
1,All Population,4,YLLs (Years of Life Lost),4860,Maharashtra,1,Male,9,20-24 years,499,Cardiomyopathy and myocarditis,102,High alcohol use,2,Percent,2014,0.018667278,0.056859664,0.004548065
1,All Population,4,YLLs (Years of Life Lost),4860,Maharashtra,2,Female,9,20-24 years,499,Cardiomyopathy and myocarditis,102,High alcohol use,2,Percent,2014,0.013152284,0.038272639,0.002865985
1,All Population,4,YLLs (Years of Life Lost),4869,Sikkim,1,Male,9,20-24 years,494,Stroke,102,High alcohol use,2,Percent,2014,0.012287202,0.035473648,-0.002018014
1,All Population,4,YLLs (Years of Life Lost),4869,Sikkim,2,Female,9,20-24 years,494,Stroke,102,High alcohol use,2,Percent,2014,-0.000868698,0.001028526,-0.003005488
1,All Population,4,YLLs (Years of Life Lost),4875,West Bengal,1,Male,9,20-24 years,494,Stroke,332,Chewing tobacco,2,Percent,2014,0.077874168,0.131451906,0.03911813
1,All Population,4,YLLs (Years of Life Lost),4875,West Bengal,2,Female,9,20-24 years,494,Stroke,332,Chewing tobacco,2,Percent,2014,0.02237402,0.045542646,0.00783974
1,All Population,4,YLLs (Years of Life Lost),4868,Rajasthan,1,Male,9,20-24 years,493,Ischemic heart disease,102,High alcohol use,2,Percent,2013,-0.011662762,0.010578507,-0.032355458
1,All Population,4,YLLs (Years of Life Lost),4868,Rajasthan,2,Female,9,20-24 years,493,Ischemic heart disease,102,High alcohol use,2,Percent,2013,-0.000519317,0.000531657,-0.001665979
1,All Population,4,YLLs (Years of Life Lost),4849,Delhi,1,Male,9,20-24 years,494,Stroke,332,Chewing tobacco,2,Percent,2014,0.049351524,0.087859217,0.023358924
1,All Population,4,YLLs (Years of Life Lost),4849,Delhi,2,Female,9,20-24 years,494,Stroke,332,Chewing tobacco,2,Percent,2014,0.005470142,0.012759847,0.001523139
1,All Population,4,YLLs (Years of Life Lost),4854,Jammu & Kashmir and Ladakh,1,Male,9,20-24 years,494,Stroke,102,High alcohol use,2,Percent,2014,0.003273894,0.010116595,-0.000548331
1,All Population,4,YLLs (Years of Life Lost),4854,Jammu & Kashmir and Ladakh,2,Female,9,20-24 years,494,Stroke,102,High alcohol use,2,Percent,2014,-2.81E-05,4.28E-05,-0.000103818
1,All Population,4,YLLs (Years of Life Lost),4843,Assam,1,Male,9,20-24 years,494,Stroke,332,Chewing tobacco,2,Percent,2014,0.122747104,0.189823147,0.068386554
1,All Population,4,YLLs (Years of Life Lost),4843,Assam,2,Female,9,20-24 years,494,Stroke,332,Chewing tobacco,2,Percent,2014,0.047304758,0.089346084,0.020143979
1,All Population,4,YLLs (Years of Life Lost),4875,West Bengal,1,Male,9,20-24 years,494,Stroke,102,High alcohol use,2,Percent,2015,0.008429141,0.026024644,-0.00135857
1,All Population,4,YLLs (Years of Life Lost),4875,West Bengal,2,Female,9,20-24 years,494,Stroke,102,High alcohol use,2,Percent,2015,-6.38E-05,8.18E-05,-0.000223804
1,All Population,4,YLLs (Years of Life Lost),4859,Madhya Pradesh,1,Male,9,20-24 years,499,Cardiomyopathy and myocarditis,102,High alcohol use,2,Percent,2015,0.022782531,0.069704475,0.005409337
1,All Population,4,YLLs (Years of Life Lost),4859,Madhya Pradesh,2,Female,9,20-24 years,499,Cardiomyopathy and myocarditis,102,High alcohol use,2,Percent,2015,0.015456483,0.049722038,0.003053001
1,All Population,4,YLLs (Years of Life Lost),4873,Uttar Pradesh,1,Male,9,20-24 years,494,Stroke,332,Chewing tobacco,2,Percent,2015,0.094939185,0.154890868,0.049731062
1,All Population,4,YLLs (Years of Life Lost),4873,Uttar Pradesh,2,Female,9,20-24 years,494,Stroke,332,Chewing tobacco,2,Percent,2015,0.01248384,0.026952186,0.003909666
1,All Population,4,YLLs (Years of Life Lost),4841,Andhra Pradesh,1,Male,9,20-24 years,498,Hypertensive heart disease,102,High alcohol use,2,Percent,2015,0.058642299,0.088996842,0.029955555
1,All Population,4,YLLs (Years of Life Lost),4841,Andhra Pradesh,2,Female,9,20-24 years,498,Hypertensive heart disease,102,High alcohol use,2,Percent,2015,0.0018354,0.004177296,0.000329825
1,All Population,4,YLLs (Years of Life Lost),4867,Punjab,1,Male,9,20-24 years,494,Stroke,102,High alcohol use,2,Percent,2015,0.009198031,0.028619518,-0.00144415
1,All Population,4,YLLs (Years of Life Lost),4867,Punjab,2,Female,9,20-24 years,494,Stroke,102,High alcohol use,2,Percent,2015,-2.87E-05,3.47E-05,-0.000102805
1,All Population,4,YLLs (Years of Life Lost),4864,Nagaland,1,Male,9,20-24 years,494,Stroke,102,High alcohol use,2,Percent,2015,0.011934996,0.036157067,-0.001898045
1,All Population,4,YLLs (Years of Life Lost),4864,Nagaland,2,Female,9,20-24 years,494,Stroke,102,High alcohol use,2,Percent,2015,-0.000265438,0.00043949,-0.000907799
1,All Population,4,YLLs (Years of Life Lost),4851,Gujarat,1,Male,9,20-24 years,493,Ischemic heart disease,102,High alcohol use,2,Percent,2015,-0.007370408,0.007059376,-0.021720656
1,All Population,4,YLLs (Years of Life Lost),4851,Gujarat,2,Female,9,20-24 years,493,Ischemic heart disease,102,High alcohol use,2,Percent,2015,-0.000272649,0.000275218,-0.000985214
1,All Population,4,YLLs (Years of Life Lost),4859,Madhya Pradesh,1,Male,9,20-24 years,494,Stroke,332,Chewing tobacco,2,Percent,2014,0.118581214,0.184299088,0.064476171
1,All Population,4,YLLs (Years of Life Lost),4859,Madhya Pradesh,2,Female,9,20-24 years,494,Stroke,332,Chewing tobacco,2,Percent,2014,0.027790274,0.053920133,0.011166351
1,All Population,4,YLLs (Years of Life Lost),4873,Uttar Pradesh,1,Male,9,20-24 years,494,Stroke,102,High alcohol use,2,Percent,2015,2.17E-05,0.003316807,-0.002751325
1,All Population,4,YLLs (Years of Life Lost),4873,Uttar Pradesh,2,Female,9,20-24 years,494,Stroke,102,High alcohol use,2,Percent,2015,-2.62E-05,3.11E-05,-0.000105086
1,All Population,4,YLLs (Years of Life Lost),4860,Maharashtra,1,Male,9,20-24 years,498,Hypertensive heart disease,102,High alcohol use,2,Percent,2013,0.034262655,0.050407994,0.017964858
1,All Population,4,YLLs (Years of Life Lost),4860,Maharashtra,2,Female,9,20-24 years,498,Hypertensive heart disease,102,High alcohol use,2,Percent,2013,0.000348469,0.000760894,6.60E-05
1,All Population,4,YLLs (Years of Life Lost),4860,Maharashtra,1,Male,9,20-24 years,499,Cardiomyopathy and myocarditis,102,High alcohol use,2,Percent,2013,0.018678683,0.057178972,0.004575813
1,All Population,4,YLLs (Years of Life Lost),4860,Maharashtra,2,Female,9,20-24 years,499,Cardiomyopathy and myocarditis,102,High alcohol use,2,Percent,2013,0.013226417,0.038576753,0.002801287
1,All Population,4,YLLs (Years of Life Lost),4873,Uttar Pradesh,1,Male,9,20-24 years,493,Ischemic heart disease,102,High alcohol use,2,Percent,2014,-0.011376111,0.01171536,-0.029313004
1,All Population,4,YLLs (Years of Life Lost),4873,Uttar Pradesh,2,Female,9,20-24 years,493,Ischemic heart disease,102,High alcohol use,2,Percent,2014,-0.000205807,0.000192317,-0.000844595
1,All Population,4,YLLs (Years of Life Lost),4842,Arunachal Pradesh,1,Male,9,20-24 years,494,Stroke,332,Chewing tobacco,2,Percent,2015,0.118061564,0.179581646,0.067104432
1,All Population,4,YLLs (Years of Life Lost),4842,Arunachal Pradesh,2,Female,9,20-24 years,494,Stroke,332,Chewing tobacco,2,Percent,2015,0.045056965,0.081238677,0.018556703
1,All Population,4,YLLs (Years of Life Lost),4852,Haryana,1,Male,9,20-24 years,494,Stroke,332,Chewing tobacco,2,Percent,2015,0.025723307,0.047422276,0.01112451
1,All Population,4,YLLs (Years of Life Lost),4852,Haryana,2,Female,9,20-24 years,494,Stroke,332,Chewing tobacco,2,Percent,2015,0.002854422,0.006920052,0.00077072
1,All Population,4,YLLs (Years of Life Lost),44538,Other Union Territories,1,Male,9,20-24 years,498,Hypertensive heart disease,102,High alcohol use,2,Percent,2014,0.048868813,0.074772679,0.024133779
1,All Population,4,YLLs (Years of Life Lost),44538,Other Union Territories,2,Female,9,20-24 years,498,Hypertensive heart disease,102,High alcohol use,2,Percent,2014,0.001165762,0.002839258,0.000188337
1,All Population,4,YLLs (Years of Life Lost),44538,Other Union Territories,1,Male,9,20-24 years,499,Cardiomyopathy and myocarditis,102,High alcohol use,2,Percent,2013,0.020069541,0.062066709,0.004884782
1,All Population,4,YLLs (Years of Life Lost),44538,Other Union Territories,2,Female,9,20-24 years,499,Cardiomyopathy and myocarditis,102,High alcohol use,2,Percent,2013,0.015264024,0.051299949,0.00304647
1,All Population,4,YLLs (Years of Life Lost),4852,Haryana,1,Male,9,20-24 years,493,Ischemic heart disease,102,High alcohol use,2,Percent,2014,-0.013508861,0.012058291,-0.038212717
1,All Population,4,YLLs (Years of Life Lost),4852,Haryana,2,Female,9,20-24 years,493,Ischemic heart disease,102,High alcohol use,2,Percent,2014,-0.000273525,0.000268036,-0.001046645
1,All Population,4,YLLs (Years of Life Lost),4846,Chhattisgarh,1,Male,9,20-24 years,494,Stroke,102,High alcohol use,2,Percent,2014,0.013494748,0.040411894,-0.002357396
1,All Population,4,YLLs (Years of Life Lost),4846,Chhattisgarh,2,Female,9,20-24 years,494,Stroke,102,High alcohol use,2,Percent,2014,-0.000230686,0.000363311,-0.000879465
1,All Population,4,YLLs (Years of Life Lost),4854,Jammu & Kashmir and Ladakh,1,Male,9,20-24 years,494,Stroke,332,Chewing tobacco,2,Percent,2014,0.025515266,0.049222008,0.010686396
1,All Population,4,YLLs (Years of Life Lost),4854,Jammu & Kashmir and Ladakh,2,Female,9,20-24 years,494,Stroke,332,Chewing tobacco,2,Percent,2014,0.003176205,0.007673276,0.000860798
1,All Population,4,YLLs (Years of Life Lost),4850,Goa,1,Male,9,20-24 years,494,Stroke,102,High alcohol use,2,Percent,2014,0.01217424,0.035141419,-0.002177507
1,All Population,4,YLLs (Years of Life Lost),4850,Goa,2,Female,9,20-24 years,494,Stroke,102,High alcohol use,2,Percent,2014,-0.000260075,0.000390195,-0.000877084
1,All Population,4,YLLs (Years of Life Lost),4853,Himachal Pradesh,1,Male,9,20-24 years,499,Cardiomyopathy and myocarditis,102,High alcohol use,2,Percent,2015,0.021211535,0.062698344,0.005457092
1,All Population,4,YLLs (Years of Life Lost),4853,Himachal Pradesh,2,Female,9,20-24 years,499,Cardiomyopathy and myocarditis,102,High alcohol use,2,Percent,2015,0.014139548,0.050550159,0.002671122
1,All Population,4,YLLs (Years of Life Lost),4870,Tamil Nadu,1,Male,9,20-24 years,494,Stroke,102,High alcohol use,2,Percent,2015,0.012339893,0.036115821,-0.00208636
1,All Population,4,YLLs (Years of Life Lost),4870,Tamil Nadu,2,Female,9,20-24 years,494,Stroke,102,High alcohol use,2,Percent,2015,-2.18E-05,4.14E-05,-8.21E-05
1,All Population,4,YLLs (Years of Life Lost),4850,Goa,1,Male,9,20-24 years,498,Hypertensive heart disease,102,High alcohol use,2,Percent,2014,0.070929557,0.104867836,0.037084893
1,All Population,4,YLLs (Years of Life Lost),4850,Goa,2,Female,9,20-24 years,498,Hypertensive heart disease,102,High alcohol use,2,Percent,2014,0.003520983,0.007834989,0.00066429
1,All Population,4,YLLs (Years of Life Lost),4849,Delhi,1,Male,9,20-24 years,494,Stroke,102,High alcohol use,2,Percent,2015,0.006834904,0.021111923,-0.001118686
1,All Population,4,YLLs (Years of Life Lost),4849,Delhi,2,Female,9,20-24 years,494,Stroke,102,High alcohol use,2,Percent,2015,-7.40E-05,7.03E-05,-0.000262219
1,All Population,4,YLLs (Years of Life Lost),4868,Rajasthan,1,Male,9,20-24 years,498,Hypertensive heart disease,102,High alcohol use,2,Percent,2015,0.024245037,0.03804058,0.011897077
1,All Population,4,YLLs (Years of Life Lost),4868,Rajasthan,2,Female,9,20-24 years,498,Hypertensive heart disease,102,High alcohol use,2,Percent,2015,0.00078442,0.001673162,0.000147997
1,All Population,4,YLLs (Years of Life Lost),4856,Karnataka,1,Male,9,20-24 years,494,Stroke,102,High alcohol use,2,Percent,2014,0.008479717,0.025463736,-0.001517022
1,All Population,4,YLLs (Years of Life Lost),4856,Karnataka,2,Female,9,20-24 years,494,Stroke,102,High alcohol use,2,Percent,2014,-0.000612694,0.000782241,-0.00210251
1,All Population,4,YLLs (Years of Life Lost),4857,Kerala,1,Male,9,20-24 years,494,Stroke,102,High alcohol use,2,Percent,2015,0.007556706,0.022396975,-0.001304087
1,All Population,4,YLLs (Years of Life Lost),4857,Kerala,2,Female,9,20-24 years,494,Stroke,102,High alcohol use,2,Percent,2015,-0.000100231,0.000136629,-0.000344238
1,All Population,4,YLLs (Years of Life Lost),4844,Bihar,1,Male,9,20-24 years,498,Hypertensive heart disease,102,High alcohol use,2,Percent,2014,0.042145884,0.064540008,0.02061679
1,All Population,4,YLLs (Years of Life Lost),4844,Bihar,2,Female,9,20-24 years,498,Hypertensive heart disease,102,High alcohol use,2,Percent,2014,0.000508223,0.001160423,8.99E-05
1,All Population,4,YLLs (Years of Life Lost),4875,West Bengal,1,Male,9,20-24 years,498,Hypertensive heart disease,102,High alcohol use,2,Percent,2014,0.046852309,0.072220133,0.023049721
1,All Population,4,YLLs (Years of Life Lost),4875,West Bengal,2,Female,9,20-24 years,498,Hypertensive heart disease,102,High alcohol use,2,Percent,2014,0.000748374,0.001796788,0.000122653
1,All Population,4,YLLs (Years of Life Lost),4851,Gujarat,1,Male,9,20-24 years,494,Stroke,332,Chewing tobacco,2,Percent,2014,0.112164373,0.179457532,0.056055775
1,All Population,4,YLLs (Years of Life Lost),4851,Gujarat,2,Female,9,20-24 years,494,Stroke,332,Chewing tobacco,2,Percent,2014,0.014356863,0.031356048,0.004563777
1,All Population,4,YLLs (Years of Life Lost),4867,Punjab,1,Male,9,20-24 years,498,Hypertensive heart disease,102,High alcohol use,2,Percent,2014,0.053580581,0.07995211,0.028052835
1,All Population,4,YLLs (Years of Life Lost),4867,Punjab,2,Female,9,20-24 years,498,Hypertensive heart disease,102,High alcohol use,2,Percent,2014,0.0003359,0.000794102,5.82E-05
1,All Population,4,YLLs (Years of Life Lost),4863,Mizoram,1,Male,9,20-24 years,494,Stroke,332,Chewing tobacco,2,Percent,2014,0.078995249,0.133300405,0.035857064
1,All Population,4,YLLs (Years of Life Lost),4863,Mizoram,2,Female,9,20-24 years,494,Stroke,332,Chewing tobacco,2,Percent,2014,0.146647602,0.216165954,0.083072374
1,All Population,4,YLLs (Years of Life Lost),4857,Kerala,1,Male,9,20-24 years,493,Ischemic heart disease,102,High alcohol use,2,Percent,2015,-0.025342243,0.022564993,-0.071498208
1,All Population,4,YLLs (Years of Life Lost),4857,Kerala,2,Female,9,20-24 years,493,Ischemic heart disease,102,High alcohol use,2,Percent,2015,-0.000881153,0.000926262,-0.003006728
1,All Population,4,YLLs (Years of Life Lost),4860,Maharashtra,1,Male,9,20-24 years,493,Ischemic heart disease,102,High alcohol use,2,Percent,2015,-0.017170383,0.015107938,-0.046033482
1,All Population,4,YLLs (Years of Life Lost),4860,Maharashtra,2,Female,9,20-24 years,493,Ischemic heart disease,102,High alcohol use,2,Percent,2015,-0.000265358,0.000293596,-0.000910161
1,All Population,4,YLLs (Years of Life Lost),4841,Andhra Pradesh,1,Male,9,20-24 years,494,Stroke,332,Chewing tobacco,2,Percent,2015,0.025829711,0.044653657,0.01323662
1,All Population,4,YLLs (Years of Life Lost),4841,Andhra Pradesh,2,Female,9,20-24 years,494,Stroke,332,Chewing tobacco,2,Percent,2015,0.005621033,0.013433775,0.001586462
1,All Population,4,YLLs (Years of Life Lost),4870,Tamil Nadu,1,Male,9,20-24 years,498,Hypertensive heart disease,102,High alcohol use,2,Percent,2015,0.068808095,0.09838742,0.037912304
1,All Population,4,YLLs (Years of Life Lost),4870,Tamil Nadu,2,Female,9,20-24 years,498,Hypertensive heart disease,102,High alcohol use,2,Percent,2015,0.000311254,0.000831215,5.26E-05
1,All Population,4,YLLs (Years of Life Lost),4861,Manipur,1,Male,9,20-24 years,498,Hypertensive heart disease,102,High alcohol use,2,Percent,2014,0.073156434,0.107163333,0.039063455
1,All Population,4,YLLs (Years of Life Lost),4861,Manipur,2,Female,9,20-24 years,498,Hypertensive heart disease,102,High alcohol use,2,Percent,2014,0.003623283,0.007967688,0.000652504
1,All Population,4,YLLs (Years of Life Lost),4867,Punjab,1,Male,9,20-24 years,494,Stroke,332,Chewing tobacco,2,Percent,2014,0.024341968,0.046926368,0.010045387
1,All Population,4,YLLs (Years of Life Lost),4867,Punjab,2,Female,9,20-24 years,494,Stroke,332,Chewing tobacco,2,Percent,2014,0.002169961,0.005206429,0.000583727
1,All Population,4,YLLs (Years of Life Lost),4850,Goa,1,Male,9,20-24 years,493,Ischemic heart disease,102,High alcohol use,2,Percent,2015,-0.040561272,0.035552674,-0.114083574
1,All Population,4,YLLs (Years of Life Lost),4850,Goa,2,Female,9,20-24 years,493,Ischemic heart disease,102,High alcohol use,2,Percent,2015,-0.002510827,0.00272211,-0.008680406
1,All Population,4,YLLs (Years of Life Lost),4851,Gujarat,1,Male,9,20-24 years,494,Stroke,102,High alcohol use,2,Percent,2014,0.002540819,0.007968253,-0.000441399
1,All Population,4,YLLs (Years of Life Lost),4851,Gujarat,2,Female,9,20-24 years,494,Stroke,102,High alcohol use,2,Percent,2014,-2.97E-05,4.44E-05,-0.000107424
1,All Population,4,YLLs (Years of Life Lost),4871,Telangana,1,Male,9,20-24 years,498,Hypertensive heart disease,102,High alcohol use,2,Percent,2014,0.078725515,0.11720415,0.042606305
1,All Population,4,YLLs (Years of Life Lost),4871,Telangana,2,Female,9,20-24 years,498,Hypertensive heart disease,102,High alcohol use,2,Percent,2014,0.002648869,0.006153086,0.000447906
1,All Population,4,YLLs (Years of Life Lost),4871,Telangana,1,Male,9,20-24 years,494,Stroke,332,Chewing tobacco,2,Percent,2016,0.02565417,0.048941192,0.009526541
1,All Population,4,YLLs (Years of Life Lost),4871,Telangana,2,Female,9,20-24 years,494,Stroke,332,Chewing tobacco,2,Percent,2016,0.00681513,0.01544412,0.002001608
1,All Population,4,YLLs (Years of Life Lost),4850,Goa,1,Male,9,20-24 years,498,Hypertensive heart disease,102,High alcohol use,2,Percent,2016,0.072729905,0.110208025,0.037736626
1,All Population,4,YLLs (Years of Life Lost),4850,Goa,2,Female,9,20-24 years,498,Hypertensive heart disease,102,High alcohol use,2,Percent,2016,0.003962792,0.008813245,0.000767137
1,All Population,4,YLLs (Years of Life Lost),44538,Other Union Territories,1,Male,9,20-24 years,494,Stroke,102,High alcohol use,2,Percent,2014,0.008584091,0.025511346,-0.001526662
1,All Population,4,YLLs (Years of Life Lost),44538,Other Union Territories,2,Female,9,20-24 years,494,Stroke,102,High alcohol use,2,Percent,2014,-8.23E-05,0.000126472,-0.000300579
1,All Population,4,YLLs (Years of Life Lost),4864,Nagaland,1,Male,9,20-24 years,494,Stroke,332,Chewing tobacco,2,Percent,2014,0.16569382,0.237932901,0.099424735
1,All Population,4,YLLs (Years of Life Lost),4864,Nagaland,2,Female,9,20-24 years,494,Stroke,332,Chewing tobacco,2,Percent,2014,0.111327096,0.170538167,0.061509153
1,All Population,4,YLLs (Years of Life Lost),4843,Assam,1,Male,9,20-24 years,498,Hypertensive heart disease,102,High alcohol use,2,Percent,2014,0.066313889,0.09453703,0.039101614
1,All Population,4,YLLs (Years of Life Lost),4843,Assam,2,Female,9,20-24 years,498,Hypertensive heart disease,102,High alcohol use,2,Percent,2014,0.003199458,0.00798842,0.000524658
1,All Population,4,YLLs (Years of Life Lost),44538,Other Union Territories,1,Male,9,20-24 years,499,Cardiomyopathy and myocarditis,102,High alcohol use,2,Percent,2014,0.02024881,0.064020785,0.00501954
1,All Population,4,YLLs (Years of Life Lost),44538,Other Union Territories,2,Female,9,20-24 years,499,Cardiomyopathy and myocarditis,102,High alcohol use,2,Percent,2014,0.015321484,0.051808263,0.003191408
1,All Population,4,YLLs (Years of Life Lost),4853,Himachal Pradesh,1,Male,9,20-24 years,494,Stroke,332,Chewing tobacco,2,Percent,2015,0.022105513,0.043575973,0.008769355
1,All Population,4,YLLs (Years of Life Lost),4853,Himachal Pradesh,2,Female,9,20-24 years,494,Stroke,332,Chewing tobacco,2,Percent,2015,0.002304099,0.005490807,0.000623772
1,All Population,4,YLLs (Years of Life Lost),4856,Karnataka,1,Male,9,20-24 years,494,Stroke,332,Chewing tobacco,2,Percent,2014,0.064600869,0.109288341,0.032392856
1,All Population,4,YLLs (Years of Life Lost),4856,Karnataka,2,Female,9,20-24 years,494,Stroke,332,Chewing tobacco,2,Percent,2014,0.010813548,0.02480916,0.003159614
1,All Population,4,YLLs (Years of Life Lost),4844,Bihar,1,Male,9,20-24 years,494,Stroke,102,High alcohol use,2,Percent,2015,0.007484033,0.023020955,-0.001207856
1,All Population,4,YLLs (Years of Life Lost),4844,Bihar,2,Female,9,20-24 years,494,Stroke,102,High alcohol use,2,Percent,2015,-4.33E-05,6.29E-05,-0.000154767
1,All Population,4,YLLs (Years of Life Lost),4870,Tamil Nadu,1,Male,9,20-24 years,498,Hypertensive heart disease,102,High alcohol use,2,Percent,2014,0.068400708,0.095981176,0.03823926
1,All Population,4,YLLs (Years of Life Lost),4870,Tamil Nadu,2,Female,9,20-24 years,498,Hypertensive heart disease,102,High alcohol use,2,Percent,2014,0.000288131,0.00077623,4.64E-05
1,All Population,4,YLLs (Years of Life Lost),4873,Uttar Pradesh,1,Male,9,20-24 years,499,Cardiomyopathy and myocarditis,102,High alcohol use,2,Percent,2014,0.024600653,0.083018522,0.005742123
1,All Population,4,YLLs (Years of Life Lost),4873,Uttar Pradesh,2,Female,9,20-24 years,499,Cardiomyopathy and myocarditis,102,High alcohol use,2,Percent,2014,0.017832302,0.060373492,0.003457961
1,All Population,4,YLLs (Years of Life Lost),4864,Nagaland,1,Male,9,20-24 years,498,Hypertensive heart disease,102,High alcohol use,2,Percent,2015,0.069034295,0.103181337,0.036826126
1,All Population,4,YLLs (Years of Life Lost),4864,Nagaland,2,Female,9,20-24 years,498,Hypertensive heart disease,102,High alcohol use,2,Percent,2015,0.003538799,0.007816457,0.000683792
1,All Population,4,YLLs (Years of Life Lost),4841,Andhra Pradesh,1,Male,9,20-24 years,499,Cardiomyopathy and myocarditis,102,High alcohol use,2,Percent,2014,0.018644634,0.056256192,0.004684949
1,All Population,4,YLLs (Years of Life Lost),4841,Andhra Pradesh,2,Female,9,20-24 years,499,Cardiomyopathy and myocarditis,102,High alcohol use,2,Percent,2014,0.012056436,0.034484268,0.002386421
1,All Population,4,YLLs (Years of Life Lost),4868,Rajasthan,1,Male,9,20-24 years,498,Hypertensive heart disease,102,High alcohol use,2,Percent,2014,0.023928932,0.037101151,0.01185362
1,All Population,4,YLLs (Years of Life Lost),4868,Rajasthan,2,Female,9,20-24 years,498,Hypertensive heart disease,102,High alcohol use,2,Percent,2014,0.000785611,0.001682049,0.000146427
1,All Population,4,YLLs (Years of Life Lost),4873,Uttar Pradesh,1,Male,9,20-24 years,494,Stroke,102,High alcohol use,2,Percent,2016,1.08E-05,0.003173828,-0.002789687
1,All Population,4,YLLs (Years of Life Lost),4873,Uttar Pradesh,2,Female,9,20-24 years,494,Stroke,102,High alcohol use,2,Percent,2016,-2.80E-05,3.49E-05,-0.000114968
1,All Population,4,YLLs (Years of Life Lost),4846,Chhattisgarh,1,Male,9,20-24 years,493,Ischemic heart disease,102,High alcohol use,2,Percent,2016,-0.04098573,0.035528819,-0.113929093
1,All Population,4,YLLs (Years of Life Lost),4846,Chhattisgarh,2,Female,9,20-24 years,493,Ischemic heart disease,102,High alcohol use,2,Percent,2016,-0.002137935,0.002326748,-0.007275117
1,All Population,4,YLLs (Years of Life Lost),4853,Himachal Pradesh,1,Male,9,20-24 years,494,Stroke,332,Chewing tobacco,2,Percent,2016,0.020393903,0.040740061,0.007787812
1,All Population,4,YLLs (Years of Life Lost),4853,Himachal Pradesh,2,Female,9,20-24 years,494,Stroke,332,Chewing tobacco,2,Percent,2016,0.002193756,0.005159329,0.000597596
1,All Population,4,YLLs (Years of Life Lost),4854,Jammu & Kashmir and Ladakh,1,Male,9,20-24 years,493,Ischemic heart disease,102,High alcohol use,2,Percent,2016,-0.009427652,0.00888311,-0.027948449
1,All Population,4,YLLs (Years of Life Lost),4854,Jammu & Kashmir and Ladakh,2,Female,9,20-24 years,493,Ischemic heart disease,102,High alcohol use,2,Percent,2016,-0.000292816,0.000288471,-0.001101473
1,All Population,4,YLLs (Years of Life Lost),4851,Gujarat,1,Male,9,20-24 years,499,Cardiomyopathy and myocarditis,102,High alcohol use,2,Percent,2015,0.019905317,0.062357178,0.004803883
1,All Population,4,YLLs (Years of Life Lost),4851,Gujarat,2,Female,9,20-24 years,499,Cardiomyopathy and myocarditis,102,High alcohol use,2,Percent,2015,0.013596911,0.043478857,0.002862992
1,All Population,4,YLLs (Years of Life Lost),4850,Goa,1,Male,9,20-24 years,494,Stroke,102,High alcohol use,2,Percent,2016,0.012360016,0.036711598,-0.002009879
1,All Population,4,YLLs (Years of Life Lost),4850,Goa,2,Female,9,20-24 years,494,Stroke,102,High alcohol use,2,Percent,2016,-0.000288724,0.000455949,-0.000920168
1,All Population,4,YLLs (Years of Life Lost),4872,Tripura,1,Male,9,20-24 years,499,Cardiomyopathy and myocarditis,102,High alcohol use,2,Percent,2014,0.02251091,0.063685111,0.0052599
1,All Population,4,YLLs (Years of Life Lost),4872,Tripura,2,Female,9,20-24 years,499,Cardiomyopathy and myocarditis,102,High alcohol use,2,Percent,2014,0.014288993,0.042850278,0.002760305
1,All Population,4,YLLs (Years of Life Lost),4854,Jammu & Kashmir and Ladakh,1,Male,9,20-24 years,494,Stroke,332,Chewing tobacco,2,Percent,2015,0.023457296,0.046015379,0.009470012
1,All Population,4,YLLs (Years of Life Lost),4854,Jammu & Kashmir and Ladakh,2,Female,9,20-24 years,494,Stroke,332,Chewing tobacco,2,Percent,2015,0.002827545,0.006732438,0.000763722
1,All Population,4,YLLs (Years of Life Lost),4855,Jharkhand,1,Male,9,20-24 years,494,Stroke,102,High alcohol use,2,Percent,2015,0.011226644,0.035062326,-0.001782942
1,All Population,4,YLLs (Years of Life Lost),4855,Jharkhand,2,Female,9,20-24 years,494,Stroke,102,High alcohol use,2,Percent,2015,-0.000272236,0.000472509,-0.001023909
1,All Population,4,YLLs (Years of Life Lost),4853,Himachal Pradesh,1,Male,9,20-24 years,498,Hypertensive heart disease,102,High alcohol use,2,Percent,2014,0.042818557,0.064924375,0.021795526
1,All Population,4,YLLs (Years of Life Lost),4853,Himachal Pradesh,2,Female,9,20-24 years,498,Hypertensive heart disease,102,High alcohol use,2,Percent,2014,0.000604801,0.001372054,0.000105133
1,All Population,4,YLLs (Years of Life Lost),4859,Madhya Pradesh,1,Male,9,20-24 years,499,Cardiomyopathy and myocarditis,102,High alcohol use,2,Percent,2014,0.022910553,0.07604927,0.00531111
1,All Population,4,YLLs (Years of Life Lost),4859,Madhya Pradesh,2,Female,9,20-24 years,499,Cardiomyopathy and myocarditis,102,High alcohol use,2,Percent,2014,0.015672982,0.050305458,0.003017185
1,All Population,4,YLLs (Years of Life Lost),4849,Delhi,1,Male,9,20-24 years,498,Hypertensive heart disease,102,High alcohol use,2,Percent,2015,0.041640681,0.064624305,0.020555656
1,All Population,4,YLLs (Years of Life Lost),4849,Delhi,2,Female,9,20-24 years,498,Hypertensive heart disease,102,High alcohol use,2,Percent,2015,0.000699469,0.001615673,0.00011743
1,All Population,4,YLLs (Years of Life Lost),4855,Jharkhand,1,Male,9,20-24 years,499,Cardiomyopathy and myocarditis,102,High alcohol use,2,Percent,2015,0.02186538,0.066542306,0.005286571
1,All Population,4,YLLs (Years of Life Lost),4855,Jharkhand,2,Female,9,20-24 years,499,Cardiomyopathy and myocarditis,102,High alcohol use,2,Percent,2015,0.014658233,0.047903233,0.002797729
1,All Population,4,YLLs (Years of Life Lost),4857,Kerala,1,Male,9,20-24 years,494,Stroke,332,Chewing tobacco,2,Percent,2016,0.019567784,0.038647574,0.007767826
1,All Population,4,YLLs (Years of Life Lost),4857,Kerala,2,Female,9,20-24 years,494,Stroke,332,Chewing tobacco,2,Percent,2016,0.003783345,0.008879631,0.001058737
1,All Population,4,YLLs (Years of Life Lost),4854,Jammu & Kashmir and Ladakh,1,Male,9,20-24 years,498,Hypertensive heart disease,102,High alcohol use,2,Percent,2014,0.018690211,0.029779646,0.008549347
1,All Population,4,YLLs (Years of Life Lost),4854,Jammu & Kashmir and Ladakh,2,Female,9,20-24 years,498,Hypertensive heart disease,102,High alcohol use,2,Percent,2014,0.000383631,0.00100929,6.07E-05
1,All Population,4,YLLs (Years of Life Lost),4875,West Bengal,1,Male,9,20-24 years,499,Cardiomyopathy and myocarditis,102,High alcohol use,2,Percent,2014,0.023309206,0.067242571,0.005374884
1,All Population,4,YLLs (Years of Life Lost),4875,West Bengal,2,Female,9,20-24 years,499,Cardiomyopathy and myocarditis,102,High alcohol use,2,Percent,2014,0.0135432,0.038724272,0.002729254
1,All Population,4,YLLs (Years of Life Lost),4863,Mizoram,1,Male,9,20-24 years,499,Cardiomyopathy and myocarditis,102,High alcohol use,2,Percent,2014,0.027689272,0.096042459,0.00486857
1,All Population,4,YLLs (Years of Life Lost),4863,Mizoram,2,Female,9,20-24 years,499,Cardiomyopathy and myocarditis,102,High alcohol use,2,Percent,2014,0.015650966,0.046117845,0.00336902
1,All Population,4,YLLs (Years of Life Lost),4859,Madhya Pradesh,1,Male,9,20-24 years,494,Stroke,102,High alcohol use,2,Percent,2016,0.007289796,0.022450533,-0.001120774
1,All Population,4,YLLs (Years of Life Lost),4859,Madhya Pradesh,2,Female,9,20-24 years,494,Stroke,102,High alcohol use,2,Percent,2016,-8.22E-05,0.000139484,-0.000286973
1,All Population,4,YLLs (Years of Life Lost),4869,Sikkim,1,Male,9,20-24 years,498,Hypertensive heart disease,102,High alcohol use,2,Percent,2014,0.071256861,0.105988044,0.037325253
1,All Population,4,YLLs (Years of Life Lost),4869,Sikkim,2,Female,9,20-24 years,498,Hypertensive heart disease,102,High alcohol use,2,Percent,2014,0.01032642,0.02274874,0.001883955
1,All Population,4,YLLs (Years of Life Lost),4846,Chhattisgarh,1,Male,9,20-24 years,498,Hypertensive heart disease,102,High alcohol use,2,Percent,2014,0.072972084,0.10543314,0.039784735
1,All Population,4,YLLs (Years of Life Lost),4846,Chhattisgarh,2,Female,9,20-24 years,498,Hypertensive heart disease,102,High alcohol use,2,Percent,2014,0.003077053,0.006951977,0.00055737
1,All Population,4,YLLs (Years of Life Lost),4849,Delhi,1,Male,9,20-24 years,493,Ischemic heart disease,102,High alcohol use,2,Percent,2015,-0.022213268,0.019970503,-0.06281301
1,All Population,4,YLLs (Years of Life Lost),4849,Delhi,2,Female,9,20-24 years,493,Ischemic heart disease,102,High alcohol use,2,Percent,2015,-0.000470519,0.000502636,-0.001661618
1,All Population,4,YLLs (Years of Life Lost),4856,Karnataka,1,Male,9,20-24 years,494,Stroke,102,High alcohol use,2,Percent,2015,0.008433984,0.025593206,-0.001439491
1,All Population,4,YLLs (Years of Life Lost),4856,Karnataka,2,Female,9,20-24 years,494,Stroke,102,High alcohol use,2,Percent,2015,-0.000547681,0.00083501,-0.001850637
1,All Population,4,YLLs (Years of Life Lost),4846,Chhattisgarh,1,Male,9,20-24 years,494,Stroke,102,High alcohol use,2,Percent,2015,0.013492521,0.040336248,-0.002275208
1,All Population,4,YLLs (Years of Life Lost),4846,Chhattisgarh,2,Female,9,20-24 years,494,Stroke,102,High alcohol use,2,Percent,2015,-0.000232491,0.000398789,-0.000882987
1,All Population,4,YLLs (Years of Life Lost),4874,Uttarakhand,1,Male,9,20-24 years,494,Stroke,102,High alcohol use,2,Percent,2015,0.008370682,0.025613399,-0.001348767
1,All Population,4,YLLs (Years of Life Lost),4874,Uttarakhand,2,Female,9,20-24 years,494,Stroke,102,High alcohol use,2,Percent,2015,-3.06E-05,4.01E-05,-0.000115226
1,All Population,4,YLLs (Years of Life Lost),4873,Uttar Pradesh,1,Male,9,20-24 years,498,Hypertensive heart disease,102,High alcohol use,2,Percent,2015,0.017544249,0.028514943,0.006296591
1,All Population,4,YLLs (Years of Life Lost),4873,Uttar Pradesh,2,Female,9,20-24 years,498,Hypertensive heart disease,102,High alcohol use,2,Percent,2015,0.000317616,0.000852829,5.19E-05
1,All Population,4,YLLs (Years of Life Lost),4867,Punjab,1,Male,9,20-24 years,494,Stroke,332,Chewing tobacco,2,Percent,2015,0.022695372,0.044441173,0.009112205
1,All Population,4,YLLs (Years of Life Lost),4867,Punjab,2,Female,9,20-24 years,494,Stroke,332,Chewing tobacco,2,Percent,2015,0.002064271,0.004909616,0.000558674
1,All Population,4,YLLs (Years of Life Lost),4852,Haryana,1,Male,9,20-24 years,494,Stroke,102,High alcohol use,2,Percent,2016,-0.000110211,0.004017579,-0.002768279
1,All Population,4,YLLs (Years of Life Lost),4852,Haryana,2,Female,9,20-24 years,494,Stroke,102,High alcohol use,2,Percent,2016,-3.69E-05,5.07E-05,-0.000138972
1,All Population,4,YLLs (Years of Life Lost),4852,Haryana,1,Male,9,20-24 years,494,Stroke,102,High alcohol use,2,Percent,2014,-1.16E-05,0.004451481,-0.002870358
1,All Population,4,YLLs (Years of Life Lost),4852,Haryana,2,Female,9,20-24 years,494,Stroke,102,High alcohol use,2,Percent,2014,-3.29E-05,4.11E-05,-0.000124016
1,All Population,4,YLLs (Years of Life Lost),4844,Bihar,1,Male,9,20-24 years,498,Hypertensive heart disease,102,High alcohol use,2,Percent,2015,0.042322329,0.066319888,0.020399992
1,All Population,4,YLLs (Years of Life Lost),4844,Bihar,2,Female,9,20-24 years,498,Hypertensive heart disease,102,High alcohol use,2,Percent,2015,0.000523161,0.001212597,8.66E-05
1,All Population,4,YLLs (Years of Life Lost),4863,Mizoram,1,Male,9,20-24 years,493,Ischemic heart disease,102,High alcohol use,2,Percent,2014,-0.038967139,0.034883267,-0.108146536
1,All Population,4,YLLs (Years of Life Lost),4863,Mizoram,2,Female,9,20-24 years,493,Ischemic heart disease,102,High alcohol use,2,Percent,2014,-0.002171387,0.002247024,-0.007478882
1,All Population,4,YLLs (Years of Life Lost),4865,Odisha,1,Male,9,20-24 years,493,Ischemic heart disease,102,High alcohol use,2,Percent,2014,-0.030933717,0.027726099,-0.083443047
1,All Population,4,YLLs (Years of Life Lost),4865,Odisha,2,Female,9,20-24 years,493,Ischemic heart disease,102,High alcohol use,2,Percent,2014,-0.001621487,0.001702279,-0.005282379
1,All Population,4,YLLs (Years of Life Lost),4844,Bihar,1,Male,9,20-24 years,499,Cardiomyopathy and myocarditis,102,High alcohol use,2,Percent,2016,0.021746558,0.074623948,0.005074995
1,All Population,4,YLLs (Years of Life Lost),4844,Bihar,2,Female,9,20-24 years,499,Cardiomyopathy and myocarditis,102,High alcohol use,2,Percent,2016,0.014805225,0.047769877,0.002912218
1,All Population,4,YLLs (Years of Life Lost),4860,Maharashtra,1,Male,9,20-24 years,494,Stroke,102,High alcohol use,2,Percent,2015,0.005971403,0.018478042,-0.000944555
1,All Population,4,YLLs (Years of Life Lost),4860,Maharashtra,2,Female,9,20-24 years,494,Stroke,102,High alcohol use,2,Percent,2015,-2.94E-05,4.37E-05,-9.92E-05
1,All Population,4,YLLs (Years of Life Lost),4862,Meghalaya,1,Male,9,20-24 years,493,Ischemic heart disease,102,High alcohol use,2,Percent,2015,-0.039835306,0.035642094,-0.110891532
1,All Population,4,YLLs (Years of Life Lost),4862,Meghalaya,2,Female,9,20-24 years,493,Ischemic heart disease,102,High alcohol use,2,Percent,2015,-0.001283695,0.001414302,-0.004383166
1,All Population,4,YLLs (Years of Life Lost),4854,Jammu & Kashmir and Ladakh,1,Male,9,20-24 years,494,Stroke,102,High alcohol use,2,Percent,2016,0.003231851,0.010119889,-0.000462289
1,All Population,4,YLLs (Years of Life Lost),4854,Jammu & Kashmir and Ladakh,2,Female,9,20-24 years,494,Stroke,102,High alcohol use,2,Percent,2016,-3.19E-05,5.69E-05,-0.000116932
1,All Population,4,YLLs (Years of Life Lost),4849,Delhi,1,Male,9,20-24 years,494,Stroke,332,Chewing tobacco,2,Percent,2016,0.043458594,0.078741735,0.019346483
1,All Population,4,YLLs (Years of Life Lost),4849,Delhi,2,Female,9,20-24 years,494,Stroke,332,Chewing tobacco,2,Percent,2016,0.004836276,0.011088882,0.001387165
1,All Population,4,YLLs (Years of Life Lost),4863,Mizoram,1,Male,9,20-24 years,494,Stroke,332,Chewing tobacco,2,Percent,2015,0.075618206,0.130383912,0.034461349
1,All Population,4,YLLs (Years of Life Lost),4863,Mizoram,2,Female,9,20-24 years,494,Stroke,332,Chewing tobacco,2,Percent,2015,0.13805442,0.205920722,0.075411543
1,All Population,4,YLLs (Years of Life Lost),4865,Odisha,1,Male,9,20-24 years,494,Stroke,102,High alcohol use,2,Percent,2014,0.010823759,0.032709076,-0.00185867
1,All Population,4,YLLs (Years of Life Lost),4865,Odisha,2,Female,9,20-24 years,494,Stroke,102,High alcohol use,2,Percent,2014,-0.000175744,0.000318854,-0.000607587
1,All Population,4,YLLs (Years of Life Lost),4872,Tripura,1,Male,9,20-24 years,494,Stroke,332,Chewing tobacco,2,Percent,2014,0.110953316,0.175571049,0.059885667
1,All Population,4,YLLs (Years of Life Lost),4872,Tripura,2,Female,9,20-24 years,494,Stroke,332,Chewing tobacco,2,Percent,2014,0.105933537,0.170900837,0.048718764
1,All Population,4,YLLs (Years of Life Lost),4844,Bihar,1,Male,9,20-24 years,494,Stroke,332,Chewing tobacco,2,Percent,2016,0.086937294,0.148627191,0.039839506
1,All Population,4,YLLs (Years of Life Lost),4844,Bihar,2,Female,9,20-24 years,494,Stroke,332,Chewing tobacco,2,Percent,2016,0.004912343,0.011246737,0.001400689
1,All Population,4,YLLs (Years of Life Lost),4841,Andhra Pradesh,1,Male,9,20-24 years,494,Stroke,332,Chewing tobacco,2,Percent,2016,0.023650707,0.040692103,0.012029293
1,All Population,4,YLLs (Years of Life Lost),4841,Andhra Pradesh,2,Female,9,20-24 years,494,Stroke,332,Chewing tobacco,2,Percent,2016,0.005258784,0.012299593,0.001485098
1,All Population,4,YLLs (Years of Life Lost),4859,Madhya Pradesh,1,Male,9,20-24 years,494,Stroke,332,Chewing tobacco,2,Percent,2016,0.1081035,0.174318085,0.057280628
1,All Population,4,YLLs (Years of Life Lost),4859,Madhya Pradesh,2,Female,9,20-24 years,494,Stroke,332,Chewing tobacco,2,Percent,2016,0.02379625,0.047029751,0.009086201
1,All Population,4,YLLs (Years of Life Lost),4865,Odisha,1,Male,9,20-24 years,498,Hypertensive heart disease,102,High alcohol use,2,Percent,2014,0.05744566,0.084025742,0.031062848
1,All Population,4,YLLs (Years of Life Lost),4865,Odisha,2,Female,9,20-24 years,498,Hypertensive heart disease,102,High alcohol use,2,Percent,2014,0.002432666,0.005180519,0.000454546
1,All Population,4,YLLs (Years of Life Lost),4857,Kerala,1,Male,9,20-24 years,498,Hypertensive heart disease,102,High alcohol use,2,Percent,2015,0.04797252,0.073871344,0.024161729
1,All Population,4,YLLs (Years of Life Lost),4857,Kerala,2,Female,9,20-24 years,498,Hypertensive heart disease,102,High alcohol use,2,Percent,2015,0.001309134,0.00292736,0.000251233
1,All Population,4,YLLs (Years of Life Lost),4843,Assam,1,Male,9,20-24 years,494,Stroke,332,Chewing tobacco,2,Percent,2015,0.119492387,0.185406961,0.064982558
1,All Population,4,YLLs (Years of Life Lost),4843,Assam,2,Female,9,20-24 years,494,Stroke,332,Chewing tobacco,2,Percent,2015,0.045838373,0.086563962,0.018634035
1,All Population,4,YLLs (Years of Life Lost),4871,Telangana,1,Male,9,20-24 years,493,Ischemic heart disease,102,High alcohol use,2,Percent,2015,-0.045258638,0.039840971,-0.124550209
1,All Population,4,YLLs (Years of Life Lost),4871,Telangana,2,Female,9,20-24 years,493,Ischemic heart disease,102,High alcohol use,2,Percent,2015,-0.001882458,0.001983899,-0.006753593
1,All Population,4,YLLs (Years of Life Lost),4864,Nagaland,1,Male,9,20-24 years,499,Cardiomyopathy and myocarditis,102,High alcohol use,2,Percent,2015,0.021850915,0.060895152,0.0052527
1,All Population,4,YLLs (Years of Life Lost),4864,Nagaland,2,Female,9,20-24 years,499,Cardiomyopathy and myocarditis,102,High alcohol use,2,Percent,2015,0.014130493,0.050695388,0.002703458
1,All Population,4,YLLs (Years of Life Lost),4868,Rajasthan,1,Male,9,20-24 years,493,Ischemic heart disease,102,High alcohol use,2,Percent,2015,-0.011892118,0.010958226,-0.032865568
1,All Population,4,YLLs (Years of Life Lost),4868,Rajasthan,2,Female,9,20-24 years,493,Ischemic heart disease,102,High alcohol use,2,Percent,2015,-0.000520541,0.000567602,-0.001679693
1,All Population,4,YLLs (Years of Life Lost),44538,Other Union Territories,1,Male,9,20-24 years,498,Hypertensive heart disease,102,High alcohol use,2,Percent,2015,0.049462621,0.076573304,0.024268191
1,All Population,4,YLLs (Years of Life Lost),44538,Other Union Territories,2,Female,9,20-24 years,498,Hypertensive heart disease,102,High alcohol use,2,Percent,2015,0.001213711,0.002968553,0.000204689
1,All Population,4,YLLs (Years of Life Lost),4872,Tripura,1,Male,9,20-24 years,494,Stroke,332,Chewing tobacco,2,Percent,2015,0.106765865,0.172342474,0.055722093
1,All Population,4,YLLs (Years of Life Lost),4872,Tripura,2,Female,9,20-24 years,494,Stroke,332,Chewing tobacco,2,Percent,2015,0.101783083,0.166472268,0.046978753
1,All Population,4,YLLs (Years of Life Lost),4865,Odisha,1,Male,9,20-24 years,494,Stroke,102,High alcohol use,2,Percent,2015,0.010980831,0.032434122,-0.001825089
1,All Population,4,YLLs (Years of Life Lost),4865,Odisha,2,Female,9,20-24 years,494,Stroke,102,High alcohol use,2,Percent,2015,-0.000177217,0.000342728,-0.000621964
1,All Population,4,YLLs (Years of Life Lost),4867,Punjab,1,Male,9,20-24 years,493,Ischemic heart disease,102,High alcohol use,2,Percent,2013,-0.029357602,0.026509278,-0.079894624
1,All Population,4,YLLs (Years of Life Lost),4867,Punjab,2,Female,9,20-24 years,493,Ischemic heart disease,102,High alcohol use,2,Percent,2013,-0.00019366,0.000189562,-0.000710615
1,All Population,4,YLLs (Years of Life Lost),4857,Kerala,1,Male,9,20-24 years,493,Ischemic heart disease,102,High alcohol use,2,Percent,2013,-0.025297454,0.022935604,-0.070416188
1,All Population,4,YLLs (Years of Life Lost),4857,Kerala,2,Female,9,20-24 years,493,Ischemic heart disease,102,High alcohol use,2,Percent,2013,-0.000756419,0.000783226,-0.002691955
1,All Population,4,YLLs (Years of Life Lost),4862,Meghalaya,1,Male,9,20-24 years,494,Stroke,332,Chewing tobacco,2,Percent,2015,0.065069002,0.114863292,0.027257229
1,All Population,4,YLLs (Years of Life Lost),4862,Meghalaya,2,Female,9,20-24 years,494,Stroke,332,Chewing tobacco,2,Percent,2015,0.091625653,0.151137413,0.045817028
1,All Population,4,YLLs (Years of Life Lost),4872,Tripura,1,Male,9,20-24 years,499,Cardiomyopathy and myocarditis,102,High alcohol use,2,Percent,2015,0.022228115,0.062480381,0.005334876
1,All Population,4,YLLs (Years of Life Lost),4872,Tripura,2,Female,9,20-24 years,499,Cardiomyopathy and myocarditis,102,High alcohol use,2,Percent,2015,0.013890726,0.042334867,0.002868993
1,All Population,4,YLLs (Years of Life Lost),4874,Uttarakhand,1,Male,9,20-24 years,498,Hypertensive heart disease,102,High alcohol use,2,Percent,2014,0.046679775,0.070809766,0.02391798
1,All Population,4,YLLs (Years of Life Lost),4874,Uttarakhand,2,Female,9,20-24 years,498,Hypertensive heart disease,102,High alcohol use,2,Percent,2014,0.000361175,0.000881563,5.83E-05
1,All Population,4,YLLs (Years of Life Lost),4842,Arunachal Pradesh,1,Male,9,20-24 years,498,Hypertensive heart disease,102,High alcohol use,2,Percent,2014,0.10397737,0.14681046,0.057724407
1,All Population,4,YLLs (Years of Life Lost),4842,Arunachal Pradesh,2,Female,9,20-24 years,498,Hypertensive heart disease,102,High alcohol use,2,Percent,2014,0.016699953,0.035289793,0.003164421
1,All Population,4,YLLs (Years of Life Lost),4870,Tamil Nadu,1,Male,9,20-24 years,499,Cardiomyopathy and myocarditis,102,High alcohol use,2,Percent,2014,0.019720137,0.057913508,0.005026771
1,All Population,4,YLLs (Years of Life Lost),4870,Tamil Nadu,2,Female,9,20-24 years,499,Cardiomyopathy and myocarditis,102,High alcohol use,2,Percent,2014,0.0130911,0.042893339,0.002779292
1,All Population,4,YLLs (Years of Life Lost),4871,Telangana,1,Male,9,20-24 years,498,Hypertensive heart disease,102,High alcohol use,2,Percent,2016,0.079731365,0.120138854,0.043080488
1,All Population,4,YLLs (Years of Life Lost),4871,Telangana,2,Female,9,20-24 years,498,Hypertensive heart disease,102,High alcohol use,2,Percent,2016,0.002897242,0.006840445,0.000536408
1,All Population,4,YLLs (Years of Life Lost),4855,Jharkhand,1,Male,9,20-24 years,498,Hypertensive heart disease,102,High alcohol use,2,Percent,2014,0.058655842,0.086122459,0.031437859
1,All Population,4,YLLs (Years of Life Lost),4855,Jharkhand,2,Female,9,20-24 years,498,Hypertensive heart disease,102,High alcohol use,2,Percent,2014,0.003161939,0.007253344,0.000574447
1,All Population,4,YLLs (Years of Life Lost),4874,Uttarakhand,1,Male,9,20-24 years,499,Cardiomyopathy and myocarditis,102,High alcohol use,2,Percent,2014,0.02261834,0.070474611,0.005294338
1,All Population,4,YLLs (Years of Life Lost),4874,Uttarakhand,2,Female,9,20-24 years,499,Cardiomyopathy and myocarditis,102,High alcohol use,2,Percent,2014,0.016054808,0.059083936,0.002751487
1,All Population,4,YLLs (Years of Life Lost),4873,Uttar Pradesh,1,Male,9,20-24 years,498,Hypertensive heart disease,102,High alcohol use,2,Percent,2014,0.017469692,0.028136605,0.006302158
1,All Population,4,YLLs (Years of Life Lost),4873,Uttar Pradesh,2,Female,9,20-24 years,498,Hypertensive heart disease,102,High alcohol use,2,Percent,2014,0.000302059,0.000814734,4.72E-05
1,All Population,4,YLLs (Years of Life Lost),4861,Manipur,1,Male,9,20-24 years,494,Stroke,102,High alcohol use,2,Percent,2016,0.013279501,0.039497926,-0.002069842
1,All Population,4,YLLs (Years of Life Lost),4861,Manipur,2,Female,9,20-24 years,494,Stroke,102,High alcohol use,2,Percent,2016,-0.000289947,0.000488904,-0.000960831
1,All Population,4,YLLs (Years of Life Lost),4874,Uttarakhand,1,Male,9,20-24 years,499,Cardiomyopathy and myocarditis,102,High alcohol use,2,Percent,2016,0.022530813,0.067020236,0.005466473
1,All Population,4,YLLs (Years of Life Lost),4874,Uttarakhand,2,Female,9,20-24 years,499,Cardiomyopathy and myocarditis,102,High alcohol use,2,Percent,2016,0.015597439,0.056846499,0.002673247
1,All Population,4,YLLs (Years of Life Lost),4857,Kerala,1,Male,9,20-24 years,494,Stroke,332,Chewing tobacco,2,Percent,2014,0.024876376,0.048714841,0.010364518
1,All Population,4,YLLs (Years of Life Lost),4857,Kerala,2,Female,9,20-24 years,494,Stroke,332,Chewing tobacco,2,Percent,2014,0.004430125,0.010391813,0.001184237
1,All Population,4,YLLs (Years of Life Lost),4869,Sikkim,1,Male,9,20-24 years,493,Ischemic heart disease,102,High alcohol use,2,Percent,2016,-0.040292992,0.034528953,-0.113115101
1,All Population,4,YLLs (Years of Life Lost),4869,Sikkim,2,Female,9,20-24 years,493,Ischemic heart disease,102,High alcohol use,2,Percent,2016,-0.007790076,0.008010899,-0.026838357
1,All Population,4,YLLs (Years of Life Lost),4859,Madhya Pradesh,1,Male,9,20-24 years,498,Hypertensive heart disease,102,High alcohol use,2,Percent,2014,0.040757267,0.062274856,0.020746477
1,All Population,4,YLLs (Years of Life Lost),4859,Madhya Pradesh,2,Female,9,20-24 years,498,Hypertensive heart disease,102,High alcohol use,2,Percent,2014,0.001038896,0.002264372,0.00019331
1,All Population,4,YLLs (Years of Life Lost),4853,Himachal Pradesh,1,Male,9,20-24 years,494,Stroke,102,High alcohol use,2,Percent,2014,0.007395028,0.022079961,-0.001244086
1,All Population,4,YLLs (Years of Life Lost),4853,Himachal Pradesh,2,Female,9,20-24 years,494,Stroke,102,High alcohol use,2,Percent,2014,-4.50E-05,6.12E-05,-0.00015478
1,All Population,4,YLLs (Years of Life Lost),4861,Manipur,1,Male,9,20-24 years,499,Cardiomyopathy and myocarditis,102,High alcohol use,2,Percent,2014,0.024441559,0.069640485,0.00531628
1,All Population,4,YLLs (Years of Life Lost),4861,Manipur,2,Female,9,20-24 years,499,Cardiomyopathy and myocarditis,102,High alcohol use,2,Percent,2014,0.015735236,0.053152646,0.003416377
1,All Population,4,YLLs (Years of Life Lost),4841,Andhra Pradesh,1,Male,9,20-24 years,493,Ischemic heart disease,102,High alcohol use,2,Percent,2015,-0.032303925,0.028456982,-0.091230143
1,All Population,4,YLLs (Years of Life Lost),4841,Andhra Pradesh,2,Female,9,20-24 years,493,Ischemic heart disease,102,High alcohol use,2,Percent,2015,-0.001209498,0.001356611,-0.00426364
1,All Population,4,YLLs (Years of Life Lost),4867,Punjab,1,Male,9,20-24 years,499,Cardiomyopathy and myocarditis,102,High alcohol use,2,Percent,2014,0.021389491,0.06619709,0.005291391
1,All Population,4,YLLs (Years of Life Lost),4867,Punjab,2,Female,9,20-24 years,499,Cardiomyopathy and myocarditis,102,High alcohol use,2,Percent,2014,0.016576013,0.053120741,0.003361009
1,All Population,4,YLLs (Years of Life Lost),4850,Goa,1,Male,9,20-24 years,499,Cardiomyopathy and myocarditis,102,High alcohol use,2,Percent,2014,0.017790931,0.051638675,0.004538102
1,All Population,4,YLLs (Years of Life Lost),4850,Goa,2,Female,9,20-24 years,499,Cardiomyopathy and myocarditis,102,High alcohol use,2,Percent,2014,0.012902068,0.041668105,0.002611667
1,All Population,4,YLLs (Years of Life Lost),4869,Sikkim,1,Male,9,20-24 years,498,Hypertensive heart disease,102,High alcohol use,2,Percent,2013,0.070589946,0.102861189,0.036036734
1,All Population,4,YLLs (Years of Life Lost),4869,Sikkim,2,Female,9,20-24 years,498,Hypertensive heart disease,102,High alcohol use,2,Percent,2013,0.00962399,0.021070327,0.001888879
1,All Population,4,YLLs (Years of Life Lost),4865,Odisha,1,Male,9,20-24 years,494,Stroke,332,Chewing tobacco,2,Percent,2015,0.113840011,0.175020402,0.06251233
1,All Population,4,YLLs (Years of Life Lost),4865,Odisha,2,Female,9,20-24 years,494,Stroke,332,Chewing tobacco,2,Percent,2015,0.035970213,0.073479037,0.013289078
1,All Population,4,YLLs (Years of Life Lost),4861,Manipur,1,Male,9,20-24 years,493,Ischemic heart disease,102,High alcohol use,2,Percent,2016,-0.041705877,0.035687081,-0.116294665
1,All Population,4,YLLs (Years of Life Lost),4861,Manipur,2,Female,9,20-24 years,493,Ischemic heart disease,102,High alcohol use,2,Percent,2016,-0.002675983,0.002829732,-0.009178822
1,All Population,4,YLLs (Years of Life Lost),4856,Karnataka,1,Male,9,20-24 years,494,Stroke,332,Chewing tobacco,2,Percent,2016,0.056298128,0.094917576,0.028087818
1,All Population,4,YLLs (Years of Life Lost),4856,Karnataka,2,Female,9,20-24 years,494,Stroke,332,Chewing tobacco,2,Percent,2016,0.008823885,0.020222388,0.002640271
1,All Population,4,YLLs (Years of Life Lost),4868,Rajasthan,1,Male,9,20-24 years,494,Stroke,102,High alcohol use,2,Percent,2014,0.004011612,0.012546894,-0.00068505
1,All Population,4,YLLs (Years of Life Lost),4868,Rajasthan,2,Female,9,20-24 years,494,Stroke,102,High alcohol use,2,Percent,2014,-6.44E-05,8.88E-05,-0.000211184
1,All Population,4,YLLs (Years of Life Lost),4874,Uttarakhand,1,Male,9,20-24 years,498,Hypertensive heart disease,102,High alcohol use,2,Percent,2015,0.047288951,0.072758494,0.023993965
1,All Population,4,YLLs (Years of Life Lost),4874,Uttarakhand,2,Female,9,20-24 years,498,Hypertensive heart disease,102,High alcohol use,2,Percent,2015,0.000383895,0.000932484,6.43E-05
1,All Population,4,YLLs (Years of Life Lost),4863,Mizoram,1,Male,9,20-24 years,498,Hypertensive heart disease,102,High alcohol use,2,Percent,2014,0.072143266,0.107106672,0.037692477
1,All Population,4,YLLs (Years of Life Lost),4863,Mizoram,2,Female,9,20-24 years,498,Hypertensive heart disease,102,High alcohol use,2,Percent,2014,0.003244238,0.007113597,0.000580646
1,All Population,4,YLLs (Years of Life Lost),4871,Telangana,1,Male,9,20-24 years,499,Cardiomyopathy and myocarditis,102,High alcohol use,2,Percent,2014,0.020237523,0.059701293,0.004991203
1,All Population,4,YLLs (Years of Life Lost),4871,Telangana,2,Female,9,20-24 years,499,Cardiomyopathy and myocarditis,102,High alcohol use,2,Percent,2014,0.01367836,0.041537285,0.002904801
1,All Population,4,YLLs (Years of Life Lost),44538,Other Union Territories,1,Male,9,20-24 years,493,Ischemic heart disease,102,High alcohol use,2,Percent,2015,-0.026557502,0.023855719,-0.076135608
1,All Population,4,YLLs (Years of Life Lost),44538,Other Union Territories,2,Female,9,20-24 years,493,Ischemic heart disease,102,High alcohol use,2,Percent,2015,-0.000818054,0.000833041,-0.002970773
1,All Population,4,YLLs (Years of Life Lost),4851,Gujarat,1,Male,9,20-24 years,498,Hypertensive heart disease,102,High alcohol use,2,Percent,2014,0.014421931,0.023074965,0.006575694
1,All Population,4,YLLs (Years of Life Lost),4851,Gujarat,2,Female,9,20-24 years,498,Hypertensive heart disease,102,High alcohol use,2,Percent,2014,0.000388469,0.000943988,6.30E-05
1,All Population,4,YLLs (Years of Life Lost),4862,Meghalaya,1,Male,9,20-24 years,499,Cardiomyopathy and myocarditis,102,High alcohol use,2,Percent,2015,0.026330264,0.084487233,0.005030691
1,All Population,4,YLLs (Years of Life Lost),4862,Meghalaya,2,Female,9,20-24 years,499,Cardiomyopathy and myocarditis,102,High alcohol use,2,Percent,2015,0.014408146,0.045147456,0.00305659
1,All Population,4,YLLs (Years of Life Lost),4864,Nagaland,1,Male,9,20-24 years,494,Stroke,332,Chewing tobacco,2,Percent,2015,0.160541181,0.234970861,0.093231263
1,All Population,4,YLLs (Years of Life Lost),4864,Nagaland,2,Female,9,20-24 years,494,Stroke,332,Chewing tobacco,2,Percent,2015,0.104751332,0.159417124,0.056850986
1,All Population,4,YLLs (Years of Life Lost),4863,Mizoram,1,Male,9,20-24 years,493,Ischemic heart disease,102,High alcohol use,2,Percent,2016,-0.039018855,0.034462042,-0.109710773
1,All Population,4,YLLs (Years of Life Lost),4863,Mizoram,2,Female,9,20-24 years,493,Ischemic heart disease,102,High alcohol use,2,Percent,2016,-0.002338783,0.002461125,-0.007925777
1,All Population,4,YLLs (Years of Life Lost),4865,Odisha,1,Male,9,20-24 years,499,Cardiomyopathy and myocarditis,102,High alcohol use,2,Percent,2016,0.021272051,0.064535298,0.005014457
1,All Population,4,YLLs (Years of Life Lost),4865,Odisha,2,Female,9,20-24 years,499,Cardiomyopathy and myocarditis,102,High alcohol use,2,Percent,2016,0.01356599,0.04517578,0.00247659
1,All Population,4,YLLs (Years of Life Lost),4860,Maharashtra,1,Male,9,20-24 years,494,Stroke,332,Chewing tobacco,2,Percent,2015,0.069716017,0.11137303,0.040232298
1,All Population,4,YLLs (Years of Life Lost),4860,Maharashtra,2,Female,9,20-24 years,494,Stroke,332,Chewing tobacco,2,Percent,2015,0.016950492,0.037667869,0.005326989
1,All Population,4,YLLs (Years of Life Lost),4852,Haryana,1,Male,9,20-24 years,493,Ischemic heart disease,102,High alcohol use,2,Percent,2015,-0.013471587,0.012090335,-0.037362076
1,All Population,4,YLLs (Years of Life Lost),4852,Haryana,2,Female,9,20-24 years,493,Ischemic heart disease,102,High alcohol use,2,Percent,2015,-0.000288607,0.000290189,-0.001065716
1,All Population,4,YLLs (Years of Life Lost),4861,Manipur,1,Male,9,20-24 years,499,Cardiomyopathy and myocarditis,102,High alcohol use,2,Percent,2015,0.024438148,0.070384812,0.005317106
1,All Population,4,YLLs (Years of Life Lost),4861,Manipur,2,Female,9,20-24 years,499,Cardiomyopathy and myocarditis,102,High alcohol use,2,Percent,2015,0.015560164,0.053419533,0.003248832
1,All Population,4,YLLs (Years of Life Lost),4844,Bihar,1,Male,9,20-24 years,499,Cardiomyopathy and myocarditis,102,High alcohol use,2,Percent,2014,0.022318702,0.073167054,0.005202796
1,All Population,4,YLLs (Years of Life Lost),4844,Bihar,2,Female,9,20-24 years,499,Cardiomyopathy and myocarditis,102,High alcohol use,2,Percent,2014,0.01561367,0.049748271,0.003077939
1,All Population,4,YLLs (Years of Life Lost),4855,Jharkhand,1,Male,9,20-24 years,499,Cardiomyopathy and myocarditis,102,High alcohol use,2,Percent,2014,0.022249506,0.069235776,0.005276626
1,All Population,4,YLLs (Years of Life Lost),4855,Jharkhand,2,Female,9,20-24 years,499,Cardiomyopathy and myocarditis,102,High alcohol use,2,Percent,2014,0.015276105,0.049871715,0.002834559
1,All Population,4,YLLs (Years of Life Lost),44538,Other Union Territories,1,Male,9,20-24 years,494,Stroke,332,Chewing tobacco,2,Percent,2015,0.037231471,0.064111386,0.016917629
1,All Population,4,YLLs (Years of Life Lost),44538,Other Union Territories,2,Female,9,20-24 years,494,Stroke,332,Chewing tobacco,2,Percent,2015,0.005025373,0.011776359,0.001387511
1,All Population,4,YLLs (Years of Life Lost),4850,Goa,1,Male,9,20-24 years,499,Cardiomyopathy and myocarditis,102,High alcohol use,2,Percent,2016,0.017908874,0.051279044,0.004684649
1,All Population,4,YLLs (Years of Life Lost),4850,Goa,2,Female,9,20-24 years,499,Cardiomyopathy and myocarditis,102,High alcohol use,2,Percent,2016,0.012615265,0.039516702,0.00268044
1,All Population,4,YLLs (Years of Life Lost),4849,Delhi,1,Male,9,20-24 years,498,Hypertensive heart disease,102,High alcohol use,2,Percent,2014,0.041737386,0.063634604,0.020926431
1,All Population,4,YLLs (Years of Life Lost),4849,Delhi,2,Female,9,20-24 years,498,Hypertensive heart disease,102,High alcohol use,2,Percent,2014,0.000657151,0.001532474,0.000110851
1,All Population,4,YLLs (Years of Life Lost),4872,Tripura,1,Male,9,20-24 years,493,Ischemic heart disease,102,High alcohol use,2,Percent,2014,-0.038760047,0.034752088,-0.110182052
1,All Population,4,YLLs (Years of Life Lost),4872,Tripura,2,Female,9,20-24 years,493,Ischemic heart disease,102,High alcohol use,2,Percent,2014,-0.002625768,0.00280325,-0.008844001
1,All Population,4,YLLs (Years of Life Lost),4871,Telangana,1,Male,9,20-24 years,499,Cardiomyopathy and myocarditis,102,High alcohol use,2,Percent,2015,0.020024216,0.060247935,0.004977827
1,All Population,4,YLLs (Years of Life Lost),4871,Telangana,2,Female,9,20-24 years,499,Cardiomyopathy and myocarditis,102,High alcohol use,2,Percent,2015,0.013287178,0.041915626,0.002847268
1,All Population,4,YLLs (Years of Life Lost),4862,Meghalaya,1,Male,9,20-24 years,493,Ischemic heart disease,102,High alcohol use,2,Percent,2014,-0.039720415,0.03582117,-0.109397821
1,All Population,4,YLLs (Years of Life Lost),4862,Meghalaya,2,Female,9,20-24 years,493,Ischemic heart disease,102,High alcohol use,2,Percent,2014,-0.001254925,0.001352506,-0.00424875
1,All Population,4,YLLs (Years of Life Lost),4852,Haryana,1,Male,9,20-24 years,498,Hypertensive heart disease,102,High alcohol use,2,Percent,2014,0.021065709,0.036247857,0.006927116
1,All Population,4,YLLs (Years of Life Lost),4852,Haryana,2,Female,9,20-24 years,498,Hypertensive heart disease,102,High alcohol use,2,Percent,2014,0.000406384,0.00100348,6.52E-05
1,All Population,4,YLLs (Years of Life Lost),4852,Haryana,1,Male,9,20-24 years,499,Cardiomyopathy and myocarditis,102,High alcohol use,2,Percent,2014,0.024360275,0.068629922,0.006191574
1,All Population,4,YLLs (Years of Life Lost),4852,Haryana,2,Female,9,20-24 years,499,Cardiomyopathy and myocarditis,102,High alcohol use,2,Percent,2014,0.017678866,0.056786784,0.003768768
1,All Population,4,YLLs (Years of Life Lost),4850,Goa,1,Male,9,20-24 years,494,Stroke,332,Chewing tobacco,2,Percent,2014,0.025086167,0.04875934,0.010396971
1,All Population,4,YLLs (Years of Life Lost),4850,Goa,2,Female,9,20-24 years,494,Stroke,332,Chewing tobacco,2,Percent,2014,0.005592426,0.012735675,0.001579102
1,All Population,4,YLLs (Years of Life Lost),4859,Madhya Pradesh,1,Male,9,20-24 years,494,Stroke,102,High alcohol use,2,Percent,2014,0.007265723,0.022706347,-0.001222669
1,All Population,4,YLLs (Years of Life Lost),4859,Madhya Pradesh,2,Female,9,20-24 years,494,Stroke,102,High alcohol use,2,Percent,2014,-7.75E-05,0.000129016,-0.000266199
1,All Population,4,YLLs (Years of Life Lost),4861,Manipur,1,Male,9,20-24 years,493,Ischemic heart disease,102,High alcohol use,2,Percent,2014,-0.041252441,0.036435653,-0.113449659
1,All Population,4,YLLs (Years of Life Lost),4861,Manipur,2,Female,9,20-24 years,493,Ischemic heart disease,102,High alcohol use,2,Percent,2014,-0.002432928,0.002524629,-0.008520518
1,All Population,4,YLLs (Years of Life Lost),4875,West Bengal,1,Male,9,20-24 years,499,Cardiomyopathy and myocarditis,102,High alcohol use,2,Percent,2015,0.022782488,0.064769119,0.005281661
1,All Population,4,YLLs (Years of Life Lost),4875,West Bengal,2,Female,9,20-24 years,499,Cardiomyopathy and myocarditis,102,High alcohol use,2,Percent,2015,0.012954961,0.038094657,0.002638144
1,All Population,4,YLLs (Years of Life Lost),4843,Assam,1,Male,9,20-24 years,498,Hypertensive heart disease,102,High alcohol use,2,Percent,2015,0.066288176,0.09534192,0.038500015
1,All Population,4,YLLs (Years of Life Lost),4843,Assam,2,Female,9,20-24 years,498,Hypertensive heart disease,102,High alcohol use,2,Percent,2015,0.003365565,0.008278414,0.000557721
1,All Population,4,YLLs (Years of Life Lost),4846,Chhattisgarh,1,Male,9,20-24 years,494,Stroke,332,Chewing tobacco,2,Percent,2014,0.118850986,0.179622575,0.06726499
1,All Population,4,YLLs (Years of Life Lost),4846,Chhattisgarh,2,Female,9,20-24 years,494,Stroke,332,Chewing tobacco,2,Percent,2014,0.041300582,0.077479877,0.016488081
1,All Population,4,YLLs (Years of Life Lost),4860,Maharashtra,1,Male,9,20-24 years,494,Stroke,332,Chewing tobacco,2,Percent,2014,0.074141729,0.116642499,0.042706769
1,All Population,4,YLLs (Years of Life Lost),4860,Maharashtra,2,Female,9,20-24 years,494,Stroke,332,Chewing tobacco,2,Percent,2014,0.018396115,0.039680993,0.005612735
1,All Population,4,YLLs (Years of Life Lost),4875,West Bengal,1,Male,9,20-24 years,494,Stroke,332,Chewing tobacco,2,Percent,2015,0.073485957,0.12526994,0.036252368
1,All Population,4,YLLs (Years of Life Lost),4875,West Bengal,2,Female,9,20-24 years,494,Stroke,332,Chewing tobacco,2,Percent,2015,0.020370711,0.041241831,0.007096881
1,All Population,4,YLLs (Years of Life Lost),4841,Andhra Pradesh,1,Male,9,20-24 years,494,Stroke,102,High alcohol use,2,Percent,2015,0.010395597,0.031475878,-0.001744947
1,All Population,4,YLLs (Years of Life Lost),4841,Andhra Pradesh,2,Female,9,20-24 years,494,Stroke,102,High alcohol use,2,Percent,2015,-0.000140596,0.000239297,-0.000478228
1,All Population,4,YLLs (Years of Life Lost),4872,Tripura,1,Male,9,20-24 years,493,Ischemic heart disease,102,High alcohol use,2,Percent,2016,-0.038958354,0.033498831,-0.110034526
1,All Population,4,YLLs (Years of Life Lost),4872,Tripura,2,Female,9,20-24 years,493,Ischemic heart disease,102,High alcohol use,2,Percent,2016,-0.002649778,0.002877581,-0.009083137
1,All Population,4,YLLs (Years of Life Lost),4872,Tripura,1,Male,9,20-24 years,498,Hypertensive heart disease,102,High alcohol use,2,Percent,2015,0.068941549,0.10463398,0.034963207
1,All Population,4,YLLs (Years of Life Lost),4872,Tripura,2,Female,9,20-24 years,498,Hypertensive heart disease,102,High alcohol use,2,Percent,2015,0.003944294,0.008831927,0.000670411
1,All Population,4,YLLs (Years of Life Lost),4868,Rajasthan,1,Male,9,20-24 years,499,Cardiomyopathy and myocarditis,102,High alcohol use,2,Percent,2014,0.022310865,0.068592971,0.005595688
1,All Population,4,YLLs (Years of Life Lost),4868,Rajasthan,2,Female,9,20-24 years,499,Cardiomyopathy and myocarditis,102,High alcohol use,2,Percent,2014,0.015914271,0.044765438,0.003460701
1,All Population,4,YLLs (Years of Life Lost),4870,Tamil Nadu,1,Male,9,20-24 years,499,Cardiomyopathy and myocarditis,102,High alcohol use,2,Percent,2015,0.019424326,0.058272435,0.00504038
1,All Population,4,YLLs (Years of Life Lost),4870,Tamil Nadu,2,Female,9,20-24 years,499,Cardiomyopathy and myocarditis,102,High alcohol use,2,Percent,2015,0.012711433,0.042012897,0.002827382
1,All Population,4,YLLs (Years of Life Lost),4857,Kerala,1,Male,9,20-24 years,498,Hypertensive heart disease,102,High alcohol use,2,Percent,2016,0.047897366,0.074007438,0.023810774
1,All Population,4,YLLs (Years of Life Lost),4857,Kerala,2,Female,9,20-24 years,498,Hypertensive heart disease,102,High alcohol use,2,Percent,2016,0.001373322,0.003070671,0.00026326
1,All Population,4,YLLs (Years of Life Lost),4843,Assam,1,Male,9,20-24 years,499,Cardiomyopathy and myocarditis,102,High alcohol use,2,Percent,2014,0.022885562,0.069203419,0.005118616
1,All Population,4,YLLs (Years of Life Lost),4843,Assam,2,Female,9,20-24 years,499,Cardiomyopathy and myocarditis,102,High alcohol use,2,Percent,2014,0.014222828,0.049577116,0.002346297
1,All Population,4,YLLs (Years of Life Lost),4865,Odisha,1,Male,9,20-24 years,499,Cardiomyopathy and myocarditis,102,High alcohol use,2,Percent,2014,0.0211914,0.069464301,0.005054857
1,All Population,4,YLLs (Years of Life Lost),4865,Odisha,2,Female,9,20-24 years,499,Cardiomyopathy and myocarditis,102,High alcohol use,2,Percent,2014,0.01378522,0.045877327,0.002419593
1,All Population,4,YLLs (Years of Life Lost),4855,Jharkhand,1,Male,9,20-24 years,498,Hypertensive heart disease,102,High alcohol use,2,Percent,2015,0.058945532,0.088065378,0.031562346
1,All Population,4,YLLs (Years of Life Lost),4855,Jharkhand,2,Female,9,20-24 years,498,Hypertensive heart disease,102,High alcohol use,2,Percent,2015,0.00329965,0.007567744,0.000557329
1,All Population,4,YLLs (Years of Life Lost),4846,Chhattisgarh,1,Male,9,20-24 years,493,Ischemic heart disease,102,High alcohol use,2,Percent,2014,-0.041298565,0.035853632,-0.112152416
1,All Population,4,YLLs (Years of Life Lost),4846,Chhattisgarh,2,Female,9,20-24 years,493,Ischemic heart disease,102,High alcohol use,2,Percent,2014,-0.002068749,0.002205629,-0.007011078
1,All Population,4,YLLs (Years of Life Lost),4860,Maharashtra,1,Male,9,20-24 years,494,Stroke,102,High alcohol use,2,Percent,2014,0.006043138,0.01830397,-0.000991544
1,All Population,4,YLLs (Years of Life Lost),4860,Maharashtra,2,Female,9,20-24 years,494,Stroke,102,High alcohol use,2,Percent,2014,-2.80E-05,3.60E-05,-9.29E-05
1,All Population,4,YLLs (Years of Life Lost),4857,Kerala,1,Male,9,20-24 years,499,Cardiomyopathy and myocarditis,102,High alcohol use,2,Percent,2014,0.018543182,0.051463371,0.005078116
1,All Population,4,YLLs (Years of Life Lost),4857,Kerala,2,Female,9,20-24 years,499,Cardiomyopathy and myocarditis,102,High alcohol use,2,Percent,2014,0.01205657,0.037443873,0.00235501
1,All Population,4,YLLs (Years of Life Lost),4863,Mizoram,1,Male,9,20-24 years,498,Hypertensive heart disease,102,High alcohol use,2,Percent,2015,0.072471826,0.108791183,0.037725829
1,All Population,4,YLLs (Years of Life Lost),4863,Mizoram,2,Female,9,20-24 years,498,Hypertensive heart disease,102,High alcohol use,2,Percent,2015,0.003415163,0.007747505,0.000607415
1,All Population,4,YLLs (Years of Life Lost),4874,Uttarakhand,1,Male,9,20-24 years,494,Stroke,102,High alcohol use,2,Percent,2014,0.008261182,0.024835871,-0.001392672
1,All Population,4,YLLs (Years of Life Lost),4874,Uttarakhand,2,Female,9,20-24 years,494,Stroke,102,High alcohol use,2,Percent,2014,-2.93E-05,3.71E-05,-0.000105739
1,All Population,4,YLLs (Years of Life Lost),4849,Delhi,1,Male,9,20-24 years,498,Hypertensive heart disease,102,High alcohol use,2,Percent,2016,0.041614675,0.065000234,0.020648652
1,All Population,4,YLLs (Years of Life Lost),4849,Delhi,2,Female,9,20-24 years,498,Hypertensive heart disease,102,High alcohol use,2,Percent,2016,0.000739033,0.0017413,0.000132296
1,All Population,4,YLLs (Years of Life Lost),4841,Andhra Pradesh,1,Male,9,20-24 years,498,Hypertensive heart disease,102,High alcohol use,2,Percent,2016,0.058439499,0.089484368,0.029423785
1,All Population,4,YLLs (Years of Life Lost),4841,Andhra Pradesh,2,Female,9,20-24 years,498,Hypertensive heart disease,102,High alcohol use,2,Percent,2016,0.001839495,0.004200377,0.000331847
1,All Population,4,YLLs (Years of Life Lost),4861,Manipur,1,Male,9,20-24 years,494,Stroke,332,Chewing tobacco,2,Percent,2016,0.141603237,0.21120843,0.079678393
1,All Population,4,YLLs (Years of Life Lost),4861,Manipur,2,Female,9,20-24 years,494,Stroke,332,Chewing tobacco,2,Percent,2016,0.110292778,0.171424784,0.058746687
1,All Population,4,YLLs (Years of Life Lost),4853,Himachal Pradesh,1,Male,9,20-24 years,498,Hypertensive heart disease,102,High alcohol use,2,Percent,2016,0.04338914,0.067708552,0.021645239
1,All Population,4,YLLs (Years of Life Lost),4853,Himachal Pradesh,2,Female,9,20-24 years,498,Hypertensive heart disease,102,High alcohol use,2,Percent,2016,0.000713536,0.001647578,0.000135507
1,All Population,4,YLLs (Years of Life Lost),4856,Karnataka,1,Male,9,20-24 years,498,Hypertensive heart disease,102,High alcohol use,2,Percent,2014,0.047749301,0.07381974,0.023100026
1,All Population,4,YLLs (Years of Life Lost),4856,Karnataka,2,Female,9,20-24 years,498,Hypertensive heart disease,102,High alcohol use,2,Percent,2014,0.008099937,0.014976954,0.001978311
1,All Population,4,YLLs (Years of Life Lost),4853,Himachal Pradesh,1,Male,9,20-24 years,498,Hypertensive heart disease,102,High alcohol use,2,Percent,2015,0.043177539,0.066962277,0.021819182
1,All Population,4,YLLs (Years of Life Lost),4853,Himachal Pradesh,2,Female,9,20-24 years,498,Hypertensive heart disease,102,High alcohol use,2,Percent,2015,0.000658971,0.001540286,0.000114018
1,All Population,4,YLLs (Years of Life Lost),4871,Telangana,1,Male,9,20-24 years,494,Stroke,102,High alcohol use,2,Percent,2016,0.014690132,0.043512204,-0.002369181
1,All Population,4,YLLs (Years of Life Lost),4871,Telangana,2,Female,9,20-24 years,494,Stroke,102,High alcohol use,2,Percent,2016,-0.000205759,0.00037649,-0.000735655
1,All Population,4,YLLs (Years of Life Lost),4856,Karnataka,1,Male,9,20-24 years,493,Ischemic heart disease,102,High alcohol use,2,Percent,2016,-0.025532948,0.022535879,-0.073388092
1,All Population,4,YLLs (Years of Life Lost),4856,Karnataka,2,Female,9,20-24 years,493,Ischemic heart disease,102,High alcohol use,2,Percent,2016,-0.004319817,0.004733506,-0.011191335
1,All Population,4,YLLs (Years of Life Lost),4871,Telangana,1,Male,9,20-24 years,498,Hypertensive heart disease,102,High alcohol use,2,Percent,2015,0.079350411,0.11924775,0.042914907
1,All Population,4,YLLs (Years of Life Lost),4871,Telangana,2,Female,9,20-24 years,498,Hypertensive heart disease,102,High alcohol use,2,Percent,2015,0.002791294,0.006620526,0.000477949
1,All Population,4,YLLs (Years of Life Lost),4849,Delhi,1,Male,9,20-24 years,494,Stroke,102,High alcohol use,2,Percent,2016,0.006793067,0.021269507,-0.00101561
1,All Population,4,YLLs (Years of Life Lost),4849,Delhi,2,Female,9,20-24 years,494,Stroke,102,High alcohol use,2,Percent,2016,-7.91E-05,6.98E-05,-0.000283806
1,All Population,4,YLLs (Years of Life Lost),4853,Himachal Pradesh,1,Male,9,20-24 years,499,Cardiomyopathy and myocarditis,102,High alcohol use,2,Percent,2016,0.021169788,0.061562472,0.005560396
1,All Population,4,YLLs (Years of Life Lost),4853,Himachal Pradesh,2,Female,9,20-24 years,499,Cardiomyopathy and myocarditis,102,High alcohol use,2,Percent,2016,0.01408587,0.051030816,0.002756914
1,All Population,4,YLLs (Years of Life Lost),4854,Jammu & Kashmir and Ladakh,1,Male,9,20-24 years,493,Ischemic heart disease,102,High alcohol use,2,Percent,2014,-0.00951848,0.00888745,-0.028555107
1,All Population,4,YLLs (Years of Life Lost),4854,Jammu & Kashmir and Ladakh,2,Female,9,20-24 years,493,Ischemic heart disease,102,High alcohol use,2,Percent,2014,-0.000260591,0.000247981,-0.001029671
1,All Population,4,YLLs (Years of Life Lost),4854,Jammu & Kashmir and Ladakh,1,Male,9,20-24 years,499,Cardiomyopathy and myocarditis,102,High alcohol use,2,Percent,2016,0.02255939,0.065589933,0.005799566
1,All Population,4,YLLs (Years of Life Lost),4854,Jammu & Kashmir and Ladakh,2,Female,9,20-24 years,499,Cardiomyopathy and myocarditis,102,High alcohol use,2,Percent,2016,0.014479598,0.047193132,0.002942898
1,All Population,4,YLLs (Years of Life Lost),4842,Arunachal Pradesh,1,Male,9,20-24 years,493,Ischemic heart disease,102,High alcohol use,2,Percent,2014,-0.061959076,0.053431061,-0.16938946
1,All Population,4,YLLs (Years of Life Lost),4842,Arunachal Pradesh,2,Female,9,20-24 years,493,Ischemic heart disease,102,High alcohol use,2,Percent,2014,-0.01156759,0.011291854,-0.038222174
1,All Population,4,YLLs (Years of Life Lost),4851,Gujarat,1,Male,9,20-24 years,494,Stroke,102,High alcohol use,2,Percent,2015,0.002555494,0.007982413,-0.000426988
1,All Population,4,YLLs (Years of Life Lost),4851,Gujarat,2,Female,9,20-24 years,494,Stroke,102,High alcohol use,2,Percent,2015,-3.05E-05,4.29E-05,-0.000110671
1,All Population,4,YLLs (Years of Life Lost),4842,Arunachal Pradesh,1,Male,9,20-24 years,493,Ischemic heart disease,102,High alcohol use,2,Percent,2016,-0.061990809,0.052895836,-0.169296543
1,All Population,4,YLLs (Years of Life Lost),4842,Arunachal Pradesh,2,Female,9,20-24 years,493,Ischemic heart disease,102,High alcohol use,2,Percent,2016,-0.011868527,0.011880763,-0.040091671
1,All Population,4,YLLs (Years of Life Lost),4852,Haryana,1,Male,9,20-24 years,498,Hypertensive heart disease,102,High alcohol use,2,Percent,2016,0.020761834,0.035954433,0.006754953
1,All Population,4,YLLs (Years of Life Lost),4852,Haryana,2,Female,9,20-24 years,498,Hypertensive heart disease,102,High alcohol use,2,Percent,2016,0.000450589,0.001122794,7.92E-05
1,All Population,4,YLLs (Years of Life Lost),4852,Haryana,1,Male,9,20-24 years,499,Cardiomyopathy and myocarditis,102,High alcohol use,2,Percent,2016,0.02333832,0.06893886,0.006044849
1,All Population,4,YLLs (Years of Life Lost),4852,Haryana,2,Female,9,20-24 years,499,Cardiomyopathy and myocarditis,102,High alcohol use,2,Percent,2016,0.016344985,0.054376124,0.003626277
1,All Population,4,YLLs (Years of Life Lost),4846,Chhattisgarh,1,Male,9,20-24 years,493,Ischemic heart disease,102,High alcohol use,2,Percent,2015,-0.041229576,0.035950383,-0.113259885
1,All Population,4,YLLs (Years of Life Lost),4846,Chhattisgarh,2,Female,9,20-24 years,493,Ischemic heart disease,102,High alcohol use,2,Percent,2015,-0.002110326,0.002321298,-0.007175298
1,All Population,4,YLLs (Years of Life Lost),4850,Goa,1,Male,9,20-24 years,494,Stroke,332,Chewing tobacco,2,Percent,2016,0.022823597,0.045123639,0.009064625
1,All Population,4,YLLs (Years of Life Lost),4850,Goa,2,Female,9,20-24 years,494,Stroke,332,Chewing tobacco,2,Percent,2016,0.004594728,0.010856477,0.001278646
1,All Population,4,YLLs (Years of Life Lost),4846,Chhattisgarh,1,Male,9,20-24 years,499,Cardiomyopathy and myocarditis,102,High alcohol use,2,Percent,2014,0.022497617,0.07120592,0.004970329
1,All Population,4,YLLs (Years of Life Lost),4846,Chhattisgarh,2,Female,9,20-24 years,499,Cardiomyopathy and myocarditis,102,High alcohol use,2,Percent,2014,0.015000822,0.05397017,0.0024202
1,All Population,4,YLLs (Years of Life Lost),4855,Jharkhand,1,Male,9,20-24 years,493,Ischemic heart disease,102,High alcohol use,2,Percent,2014,-0.031782465,0.028077183,-0.085884319
1,All Population,4,YLLs (Years of Life Lost),4855,Jharkhand,2,Female,9,20-24 years,493,Ischemic heart disease,102,High alcohol use,2,Percent,2014,-0.002346043,0.002481948,-0.007982395
1,All Population,4,YLLs (Years of Life Lost),4875,West Bengal,1,Male,9,20-24 years,498,Hypertensive heart disease,102,High alcohol use,2,Percent,2015,0.047290033,0.074517925,0.023179896
1,All Population,4,YLLs (Years of Life Lost),4875,West Bengal,2,Female,9,20-24 years,498,Hypertensive heart disease,102,High alcohol use,2,Percent,2015,0.000789338,0.001896017,0.000133332
1,All Population,4,YLLs (Years of Life Lost),4859,Madhya Pradesh,1,Male,9,20-24 years,494,Stroke,332,Chewing tobacco,2,Percent,2015,0.114570475,0.183119989,0.062085776
1,All Population,4,YLLs (Years of Life Lost),4859,Madhya Pradesh,2,Female,9,20-24 years,494,Stroke,332,Chewing tobacco,2,Percent,2015,0.025706675,0.04915314,0.010047655
1,All Population,4,YLLs (Years of Life Lost),4844,Bihar,1,Male,9,20-24 years,498,Hypertensive heart disease,102,High alcohol use,2,Percent,2016,0.042451926,0.066626989,0.020915604
1,All Population,4,YLLs (Years of Life Lost),4844,Bihar,2,Female,9,20-24 years,498,Hypertensive heart disease,102,High alcohol use,2,Percent,2016,0.000536227,0.001232741,9.51E-05
1,All Population,4,YLLs (Years of Life Lost),4856,Karnataka,1,Male,9,20-24 years,493,Ischemic heart disease,102,High alcohol use,2,Percent,2014,-0.025724233,0.023302281,-0.075490806
1,All Population,4,YLLs (Years of Life Lost),4856,Karnataka,2,Female,9,20-24 years,493,Ischemic heart disease,102,High alcohol use,2,Percent,2014,-0.005366453,0.005901344,-0.014248082
1,All Population,4,YLLs (Years of Life Lost),4872,Tripura,1,Male,9,20-24 years,498,Hypertensive heart disease,102,High alcohol use,2,Percent,2014,0.068555161,0.102213699,0.03502082
1,All Population,4,YLLs (Years of Life Lost),4872,Tripura,2,Female,9,20-24 years,498,Hypertensive heart disease,102,High alcohol use,2,Percent,2014,0.003911499,0.008705859,0.000716599
1,All Population,4,YLLs (Years of Life Lost),4869,Sikkim,1,Male,9,20-24 years,499,Cardiomyopathy and myocarditis,102,High alcohol use,2,Percent,2014,0.021923485,0.063117791,0.005066543
1,All Population,4,YLLs (Years of Life Lost),4869,Sikkim,2,Female,9,20-24 years,499,Cardiomyopathy and myocarditis,102,High alcohol use,2,Percent,2014,0.013310546,0.041962395,0.002550301
1,All Population,4,YLLs (Years of Life Lost),4859,Madhya Pradesh,1,Male,9,20-24 years,498,Hypertensive heart disease,102,High alcohol use,2,Percent,2016,0.041066263,0.063241031,0.021017952
1,All Population,4,YLLs (Years of Life Lost),4859,Madhya Pradesh,2,Female,9,20-24 years,498,Hypertensive heart disease,102,High alcohol use,2,Percent,2016,0.001099285,0.002381301,0.00021313
1,All Population,4,YLLs (Years of Life Lost),4854,Jammu & Kashmir and Ladakh,1,Male,9,20-24 years,498,Hypertensive heart disease,102,High alcohol use,2,Percent,2015,0.018611313,0.030295171,0.00862807
1,All Population,4,YLLs (Years of Life Lost),4854,Jammu & Kashmir and Ladakh,2,Female,9,20-24 years,498,Hypertensive heart disease,102,High alcohol use,2,Percent,2015,0.000408562,0.001061922,6.78E-05
1,All Population,4,YLLs (Years of Life Lost),4862,Meghalaya,1,Male,9,20-24 years,494,Stroke,102,High alcohol use,2,Percent,2014,0.012752608,0.039019433,-0.002085673
1,All Population,4,YLLs (Years of Life Lost),4862,Meghalaya,2,Female,9,20-24 years,494,Stroke,102,High alcohol use,2,Percent,2014,-0.000134709,0.000205067,-0.000487424
1,All Population,4,YLLs (Years of Life Lost),4851,Gujarat,1,Male,9,20-24 years,494,Stroke,332,Chewing tobacco,2,Percent,2015,0.108333531,0.174997482,0.052258524
1,All Population,4,YLLs (Years of Life Lost),4851,Gujarat,2,Female,9,20-24 years,494,Stroke,332,Chewing tobacco,2,Percent,2015,0.013457135,0.029671393,0.004301726
1,All Population,4,YLLs (Years of Life Lost),44538,Other Union Territories,1,Male,9,20-24 years,494,Stroke,102,High alcohol use,2,Percent,2016,0.008707524,0.026353582,-0.00135369
1,All Population,4,YLLs (Years of Life Lost),44538,Other Union Territories,2,Female,9,20-24 years,494,Stroke,102,High alcohol use,2,Percent,2016,-8.88E-05,0.000146092,-0.000313399
1,All Population,4,YLLs (Years of Life Lost),4850,Goa,1,Male,9,20-24 years,498,Hypertensive heart disease,102,High alcohol use,2,Percent,2015,0.071816415,0.108295581,0.037567386
1,All Population,4,YLLs (Years of Life Lost),4850,Goa,2,Female,9,20-24 years,498,Hypertensive heart disease,102,High alcohol use,2,Percent,2015,0.003750687,0.008382719,0.000716649
1,All Population,4,YLLs (Years of Life Lost),4860,Maharashtra,1,Male,9,20-24 years,498,Hypertensive heart disease,102,High alcohol use,2,Percent,2015,0.033262282,0.051326071,0.016843785
1,All Population,4,YLLs (Years of Life Lost),4860,Maharashtra,2,Female,9,20-24 years,498,Hypertensive heart disease,102,High alcohol use,2,Percent,2015,0.000400536,0.000895852,7.60E-05
1,All Population,4,YLLs (Years of Life Lost),4860,Maharashtra,1,Male,9,20-24 years,499,Cardiomyopathy and myocarditis,102,High alcohol use,2,Percent,2015,0.018618355,0.056758768,0.004603352
1,All Population,4,YLLs (Years of Life Lost),4860,Maharashtra,2,Female,9,20-24 years,499,Cardiomyopathy and myocarditis,102,High alcohol use,2,Percent,2015,0.012972277,0.03845122,0.002893317
1,All Population,4,YLLs (Years of Life Lost),4869,Sikkim,1,Male,9,20-24 years,494,Stroke,332,Chewing tobacco,2,Percent,2016,0.042332509,0.078549937,0.016589138
1,All Population,4,YLLs (Years of Life Lost),4869,Sikkim,2,Female,9,20-24 years,494,Stroke,332,Chewing tobacco,2,Percent,2016,0.00864168,0.019755486,0.002601841
1,All Population,4,YLLs (Years of Life Lost),4864,Nagaland,1,Male,9,20-24 years,493,Ischemic heart disease,102,High alcohol use,2,Percent,2014,-0.039092924,0.034547339,-0.10796766
1,All Population,4,YLLs (Years of Life Lost),4864,Nagaland,2,Female,9,20-24 years,493,Ischemic heart disease,102,High alcohol use,2,Percent,2014,-0.002276022,0.002434694,-0.007754621
1,All Population,4,YLLs (Years of Life Lost),4841,Andhra Pradesh,1,Male,9,20-24 years,493,Ischemic heart disease,102,High alcohol use,2,Percent,2014,-0.03246235,0.028869323,-0.090198703
1,All Population,4,YLLs (Years of Life Lost),4841,Andhra Pradesh,2,Female,9,20-24 years,493,Ischemic heart disease,102,High alcohol use,2,Percent,2014,-0.001219631,0.001345767,-0.004284811
1,All Population,4,YLLs (Years of Life Lost),4873,Uttar Pradesh,1,Male,9,20-24 years,493,Ischemic heart disease,102,High alcohol use,2,Percent,2015,-0.011340015,0.011852274,-0.02919764
1,All Population,4,YLLs (Years of Life Lost),4873,Uttar Pradesh,2,Female,9,20-24 years,493,Ischemic heart disease,102,High alcohol use,2,Percent,2015,-0.000215878,0.000206827,-0.000855128
1,All Population,4,YLLs (Years of Life Lost),4867,Punjab,1,Male,9,20-24 years,498,Hypertensive heart disease,102,High alcohol use,2,Percent,2015,0.05299942,0.080849628,0.027567085
1,All Population,4,YLLs (Years of Life Lost),4867,Punjab,2,Female,9,20-24 years,498,Hypertensive heart disease,102,High alcohol use,2,Percent,2015,0.000367986,0.000855361,6.03E-05
1,All Population,4,YLLs (Years of Life Lost),4855,Jharkhand,1,Male,9,20-24 years,499,Cardiomyopathy and myocarditis,102,High alcohol use,2,Percent,2016,0.02196394,0.067197678,0.00535106
1,All Population,4,YLLs (Years of Life Lost),4855,Jharkhand,2,Female,9,20-24 years,499,Cardiomyopathy and myocarditis,102,High alcohol use,2,Percent,2016,0.014813998,0.049512315,0.003045502
1,All Population,4,YLLs (Years of Life Lost),4868,Rajasthan,1,Male,9,20-24 years,499,Cardiomyopathy and myocarditis,102,High alcohol use,2,Percent,2016,0.021946499,0.067495493,0.005417116
1,All Population,4,YLLs (Years of Life Lost),4868,Rajasthan,2,Female,9,20-24 years,499,Cardiomyopathy and myocarditis,102,High alcohol use,2,Percent,2016,0.015051245,0.045563028,0.003367687
1,All Population,4,YLLs (Years of Life Lost),4859,Madhya Pradesh,1,Male,9,20-24 years,493,Ischemic heart disease,102,High alcohol use,2,Percent,2016,-0.020313288,0.018194,-0.056339289
1,All Population,4,YLLs (Years of Life Lost),4859,Madhya Pradesh,2,Female,9,20-24 years,493,Ischemic heart disease,102,High alcohol use,2,Percent,2016,-0.0007281,0.000794065,-0.002449134
1,All Population,4,YLLs (Years of Life Lost),4857,Kerala,1,Male,9,20-24 years,498,Hypertensive heart disease,102,High alcohol use,2,Percent,2014,0.047889551,0.072676188,0.024348466
1,All Population,4,YLLs (Years of Life Lost),4857,Kerala,2,Female,9,20-24 years,498,Hypertensive heart disease,102,High alcohol use,2,Percent,2014,0.001227875,0.002709577,0.00023267
1,All Population,4,YLLs (Years of Life Lost),4844,Bihar,1,Male,9,20-24 years,499,Cardiomyopathy and myocarditis,102,High alcohol use,2,Percent,2015,0.021790742,0.071301905,0.005035321
1,All Population,4,YLLs (Years of Life Lost),4844,Bihar,2,Female,9,20-24 years,499,Cardiomyopathy and myocarditis,102,High alcohol use,2,Percent,2015,0.014905565,0.047653558,0.002945368
1,All Population,4,YLLs (Years of Life Lost),4868,Rajasthan,1,Male,9,20-24 years,493,Ischemic heart disease,102,High alcohol use,2,Percent,2014,-0.011713907,0.010646209,-0.032434161
1,All Population,4,YLLs (Years of Life Lost),4868,Rajasthan,2,Female,9,20-24 years,493,Ischemic heart disease,102,High alcohol use,2,Percent,2014,-0.000521385,0.000562395,-0.001659006
1,All Population,4,YLLs (Years of Life Lost),44538,Other Union Territories,1,Male,9,20-24 years,499,Cardiomyopathy and myocarditis,102,High alcohol use,2,Percent,2015,0.020034175,0.060604824,0.005110113
1,All Population,4,YLLs (Years of Life Lost),44538,Other Union Territories,2,Female,9,20-24 years,499,Cardiomyopathy and myocarditis,102,High alcohol use,2,Percent,2015,0.014929454,0.05148816,0.003233129
1,All Population,4,YLLs (Years of Life Lost),4862,Meghalaya,1,Male,9,20-24 years,494,Stroke,102,High alcohol use,2,Percent,2015,0.012762624,0.039142815,-0.001959982
1,All Population,4,YLLs (Years of Life Lost),4862,Meghalaya,2,Female,9,20-24 years,494,Stroke,102,High alcohol use,2,Percent,2015,-0.000136443,0.00024181,-0.000488723
1,All Population,4,YLLs (Years of Life Lost),4841,Andhra Pradesh,1,Male,9,20-24 years,498,Hypertensive heart disease,102,High alcohol use,2,Percent,2017,0.058084964,0.090082518,0.029333
1,All Population,4,YLLs (Years of Life Lost),4841,Andhra Pradesh,2,Female,9,20-24 years,498,Hypertensive heart disease,102,High alcohol use,2,Percent,2017,0.00182826,0.004093334,0.000331002
1,All Population,4,YLLs (Years of Life Lost),4874,Uttarakhand,1,Male,9,20-24 years,499,Cardiomyopathy and myocarditis,102,High alcohol use,2,Percent,2015,0.022580478,0.066218722,0.005370813
1,All Population,4,YLLs (Years of Life Lost),4874,Uttarakhand,2,Female,9,20-24 years,499,Cardiomyopathy and myocarditis,102,High alcohol use,2,Percent,2015,0.015816589,0.058595368,0.002741409
1,All Population,4,YLLs (Years of Life Lost),4861,Manipur,1,Male,9,20-24 years,494,Stroke,102,High alcohol use,2,Percent,2015,0.013258834,0.040159475,-0.00214255
1,All Population,4,YLLs (Years of Life Lost),4861,Manipur,2,Female,9,20-24 years,494,Stroke,102,High alcohol use,2,Percent,2015,-0.000275353,0.000451606,-0.000955239
1,All Population,4,YLLs (Years of Life Lost),4862,Meghalaya,1,Male,9,20-24 years,498,Hypertensive heart disease,102,High alcohol use,2,Percent,2016,0.071274077,0.107120596,0.037037333
1,All Population,4,YLLs (Years of Life Lost),4862,Meghalaya,2,Female,9,20-24 years,498,Hypertensive heart disease,102,High alcohol use,2,Percent,2016,0.001953971,0.004375551,0.00035384
1,All Population,4,YLLs (Years of Life Lost),4842,Arunachal Pradesh,1,Male,9,20-24 years,498,Hypertensive heart disease,102,High alcohol use,2,Percent,2015,0.104094701,0.148498406,0.058430364
1,All Population,4,YLLs (Years of Life Lost),4842,Arunachal Pradesh,2,Female,9,20-24 years,498,Hypertensive heart disease,102,High alcohol use,2,Percent,2015,0.016976061,0.035987366,0.003104249
1,All Population,4,YLLs (Years of Life Lost),4841,Andhra Pradesh,1,Male,9,20-24 years,499,Cardiomyopathy and myocarditis,102,High alcohol use,2,Percent,2015,0.01848571,0.056148783,0.004657886
1,All Population,4,YLLs (Years of Life Lost),4841,Andhra Pradesh,2,Female,9,20-24 years,499,Cardiomyopathy and myocarditis,102,High alcohol use,2,Percent,2015,0.011729544,0.033776455,0.00236221
1,All Population,4,YLLs (Years of Life Lost),4842,Arunachal Pradesh,1,Male,9,20-24 years,493,Ischemic heart disease,102,High alcohol use,2,Percent,2017,-0.061877435,0.052328625,-0.170293942
1,All Population,4,YLLs (Years of Life Lost),4842,Arunachal Pradesh,2,Female,9,20-24 years,493,Ischemic heart disease,102,High alcohol use,2,Percent,2017,-0.011959407,0.012015072,-0.039707342
1,All Population,4,YLLs (Years of Life Lost),4863,Mizoram,1,Male,9,20-24 years,499,Cardiomyopathy and myocarditis,102,High alcohol use,2,Percent,2015,0.027636125,0.09854838,0.004918948
1,All Population,4,YLLs (Years of Life Lost),4863,Mizoram,2,Female,9,20-24 years,499,Cardiomyopathy and myocarditis,102,High alcohol use,2,Percent,2015,0.015322041,0.045642507,0.003608229
1,All Population,4,YLLs (Years of Life Lost),4867,Punjab,1,Male,9,20-24 years,493,Ischemic heart disease,102,High alcohol use,2,Percent,2016,-0.028175442,0.024750705,-0.078927786
1,All Population,4,YLLs (Years of Life Lost),4867,Punjab,2,Female,9,20-24 years,493,Ischemic heart disease,102,High alcohol use,2,Percent,2016,-0.000255165,0.000277031,-0.000888206
1,All Population,4,YLLs (Years of Life Lost),4856,Karnataka,1,Male,9,20-24 years,498,Hypertensive heart disease,102,High alcohol use,2,Percent,2016,0.047501893,0.074978419,0.023781176
1,All Population,4,YLLs (Years of Life Lost),4856,Karnataka,2,Female,9,20-24 years,498,Hypertensive heart disease,102,High alcohol use,2,Percent,2016,0.006553678,0.012088969,0.00148045
1,All Population,4,YLLs (Years of Life Lost),4869,Sikkim,1,Male,9,20-24 years,499,Cardiomyopathy and myocarditis,102,High alcohol use,2,Percent,2013,0.021966854,0.063713972,0.004892855
1,All Population,4,YLLs (Years of Life Lost),4869,Sikkim,2,Female,9,20-24 years,499,Cardiomyopathy and myocarditis,102,High alcohol use,2,Percent,2013,0.01348816,0.04265607,0.002573618
1,All Population,4,YLLs (Years of Life Lost),4862,Meghalaya,1,Male,9,20-24 years,494,Stroke,332,Chewing tobacco,2,Percent,2016,0.058618444,0.104684954,0.024027397
1,All Population,4,YLLs (Years of Life Lost),4862,Meghalaya,2,Female,9,20-24 years,494,Stroke,332,Chewing tobacco,2,Percent,2016,0.083846485,0.139659278,0.040489292
1,All Population,4,YLLs (Years of Life Lost),4868,Rajasthan,1,Male,9,20-24 years,494,Stroke,102,High alcohol use,2,Percent,2015,0.004074034,0.012868591,-0.000674044
1,All Population,4,YLLs (Years of Life Lost),4868,Rajasthan,2,Female,9,20-24 years,494,Stroke,102,High alcohol use,2,Percent,2015,-6.29E-05,9.12E-05,-0.000212249
1,All Population,4,YLLs (Years of Life Lost),4843,Assam,1,Male,9,20-24 years,493,Ischemic heart disease,102,High alcohol use,2,Percent,2014,-0.031065457,0.027285011,-0.082951808
1,All Population,4,YLLs (Years of Life Lost),4843,Assam,2,Female,9,20-24 years,493,Ischemic heart disease,102,High alcohol use,2,Percent,2014,-0.00223947,0.002092696,-0.008639251
1,All Population,4,YLLs (Years of Life Lost),4852,Haryana,1,Male,9,20-24 years,494,Stroke,102,High alcohol use,2,Percent,2015,-5.36E-06,0.004501583,-0.002771357
1,All Population,4,YLLs (Years of Life Lost),4852,Haryana,2,Female,9,20-24 years,494,Stroke,102,High alcohol use,2,Percent,2015,-3.44E-05,4.54E-05,-0.000129212
1,All Population,4,YLLs (Years of Life Lost),4859,Madhya Pradesh,1,Male,9,20-24 years,494,Stroke,332,Chewing tobacco,2,Percent,2017,0.103119312,0.166747175,0.052363801
1,All Population,4,YLLs (Years of Life Lost),4859,Madhya Pradesh,2,Female,9,20-24 years,494,Stroke,332,Chewing tobacco,2,Percent,2017,0.022801263,0.045733946,0.008792938
1,All Population,4,YLLs (Years of Life Lost),4864,Nagaland,1,Male,9,20-24 years,494,Stroke,102,High alcohol use,2,Percent,2016,0.011823522,0.036429944,-0.001857653
1,All Population,4,YLLs (Years of Life Lost),4864,Nagaland,2,Female,9,20-24 years,494,Stroke,102,High alcohol use,2,Percent,2016,-0.000274267,0.000491889,-0.000914302
1,All Population,4,YLLs (Years of Life Lost),44538,Other Union Territories,1,Male,9,20-24 years,493,Ischemic heart disease,102,High alcohol use,2,Percent,2016,-0.02679722,0.023474917,-0.076072574
1,All Population,4,YLLs (Years of Life Lost),44538,Other Union Territories,2,Female,9,20-24 years,493,Ischemic heart disease,102,High alcohol use,2,Percent,2016,-0.000847772,0.000887337,-0.003078138
1,All Population,4,YLLs (Years of Life Lost),4846,Chhattisgarh,1,Male,9,20-24 years,494,Stroke,332,Chewing tobacco,2,Percent,2015,0.115558616,0.176376144,0.064560159
1,All Population,4,YLLs (Years of Life Lost),4846,Chhattisgarh,2,Female,9,20-24 years,494,Stroke,332,Chewing tobacco,2,Percent,2015,0.036665085,0.070222972,0.014222431
1,All Population,4,YLLs (Years of Life Lost),4863,Mizoram,1,Male,9,20-24 years,494,Stroke,102,High alcohol use,2,Percent,2016,0.011371102,0.035095911,-0.001736085
1,All Population,4,YLLs (Years of Life Lost),4863,Mizoram,2,Female,9,20-24 years,494,Stroke,102,High alcohol use,2,Percent,2016,-0.000237305,0.000450158,-0.000806026
1,All Population,4,YLLs (Years of Life Lost),4851,Gujarat,1,Male,9,20-24 years,493,Ischemic heart disease,102,High alcohol use,2,Percent,2016,-0.007346683,0.007010218,-0.021450732
1,All Population,4,YLLs (Years of Life Lost),4851,Gujarat,2,Female,9,20-24 years,493,Ischemic heart disease,102,High alcohol use,2,Percent,2016,-0.000281974,0.000290744,-0.001028123
1,All Population,4,YLLs (Years of Life Lost),4863,Mizoram,1,Male,9,20-24 years,493,Ischemic heart disease,102,High alcohol use,2,Percent,2017,-0.038621344,0.033720447,-0.107077882
1,All Population,4,YLLs (Years of Life Lost),4863,Mizoram,2,Female,9,20-24 years,493,Ischemic heart disease,102,High alcohol use,2,Percent,2017,-0.002388688,0.00256954,-0.007903123
1,All Population,4,YLLs (Years of Life Lost),4874,Uttarakhand,1,Male,9,20-24 years,499,Cardiomyopathy and myocarditis,102,High alcohol use,2,Percent,2017,0.022604272,0.064876609,0.005552359
1,All Population,4,YLLs (Years of Life Lost),4874,Uttarakhand,2,Female,9,20-24 years,499,Cardiomyopathy and myocarditis,102,High alcohol use,2,Percent,2017,0.015549282,0.056732695,0.002554299
1,All Population,4,YLLs (Years of Life Lost),4873,Uttar Pradesh,1,Male,9,20-24 years,499,Cardiomyopathy and myocarditis,102,High alcohol use,2,Percent,2015,0.024249227,0.074572784,0.005776852
1,All Population,4,YLLs (Years of Life Lost),4873,Uttar Pradesh,2,Female,9,20-24 years,499,Cardiomyopathy and myocarditis,102,High alcohol use,2,Percent,2015,0.017310499,0.060033595,0.003420288
1,All Population,4,YLLs (Years of Life Lost),4869,Sikkim,1,Male,9,20-24 years,498,Hypertensive heart disease,102,High alcohol use,2,Percent,2015,0.071727852,0.107708565,0.037325955
1,All Population,4,YLLs (Years of Life Lost),4869,Sikkim,2,Female,9,20-24 years,498,Hypertensive heart disease,102,High alcohol use,2,Percent,2015,0.010898919,0.024479929,0.001955386
1,All Population,4,YLLs (Years of Life Lost),4874,Uttarakhand,1,Male,9,20-24 years,494,Stroke,332,Chewing tobacco,2,Percent,2016,0.045595572,0.084239928,0.019652955
1,All Population,4,YLLs (Years of Life Lost),4874,Uttarakhand,2,Female,9,20-24 years,494,Stroke,332,Chewing tobacco,2,Percent,2016,0.002744468,0.006309749,0.000742526
1,All Population,4,YLLs (Years of Life Lost),4843,Assam,1,Male,9,20-24 years,493,Ischemic heart disease,102,High alcohol use,2,Percent,2016,-0.030790269,0.02692279,-0.084624444
1,All Population,4,YLLs (Years of Life Lost),4843,Assam,2,Female,9,20-24 years,493,Ischemic heart disease,102,High alcohol use,2,Percent,2016,-0.00243201,0.00234413,-0.008857331
1,All Population,4,YLLs (Years of Life Lost),4865,Odisha,1,Male,9,20-24 years,498,Hypertensive heart disease,102,High alcohol use,2,Percent,2015,0.058428213,0.086661967,0.031585773
1,All Population,4,YLLs (Years of Life Lost),4865,Odisha,2,Female,9,20-24 years,498,Hypertensive heart disease,102,High alcohol use,2,Percent,2015,0.002489729,0.005368086,0.000476867
1,All Population,4,YLLs (Years of Life Lost),4843,Assam,1,Male,9,20-24 years,499,Cardiomyopathy and myocarditis,102,High alcohol use,2,Percent,2015,0.022699847,0.062705478,0.005220863
1,All Population,4,YLLs (Years of Life Lost),4843,Assam,2,Female,9,20-24 years,499,Cardiomyopathy and myocarditis,102,High alcohol use,2,Percent,2015,0.013984055,0.049690839,0.002291161
1,All Population,4,YLLs (Years of Life Lost),4842,Arunachal Pradesh,1,Male,9,20-24 years,494,Stroke,102,High alcohol use,2,Percent,2016,0.01869285,0.0576103,-0.002963814
1,All Population,4,YLLs (Years of Life Lost),4842,Arunachal Pradesh,2,Female,9,20-24 years,494,Stroke,102,High alcohol use,2,Percent,2016,-0.001171465,0.002334753,-0.004008285
1,All Population,4,YLLs (Years of Life Lost),4857,Kerala,1,Male,9,20-24 years,499,Cardiomyopathy and myocarditis,102,High alcohol use,2,Percent,2015,0.018619547,0.052490852,0.005286008
1,All Population,4,YLLs (Years of Life Lost),4857,Kerala,2,Female,9,20-24 years,499,Cardiomyopathy and myocarditis,102,High alcohol use,2,Percent,2015,0.011966251,0.037619806,0.002405989
1,All Population,4,YLLs (Years of Life Lost),4841,Andhra Pradesh,1,Male,9,20-24 years,493,Ischemic heart disease,102,High alcohol use,2,Percent,2016,-0.032190606,0.027646082,-0.091302954
1,All Population,4,YLLs (Years of Life Lost),4841,Andhra Pradesh,2,Female,9,20-24 years,493,Ischemic heart disease,102,High alcohol use,2,Percent,2016,-0.001201837,0.00135895,-0.004211904
1,All Population,4,YLLs (Years of Life Lost),4874,Uttarakhand,1,Male,9,20-24 years,493,Ischemic heart disease,102,High alcohol use,2,Percent,2014,-0.024871249,0.022424464,-0.068452891
1,All Population,4,YLLs (Years of Life Lost),4874,Uttarakhand,2,Female,9,20-24 years,493,Ischemic heart disease,102,High alcohol use,2,Percent,2014,-0.000243521,0.00024197,-0.000913231
1,All Population,4,YLLs (Years of Life Lost),44538,Other Union Territories,1,Male,9,20-24 years,494,Stroke,332,Chewing tobacco,2,Percent,2016,0.036044783,0.062851945,0.016409994
1,All Population,4,YLLs (Years of Life Lost),44538,Other Union Territories,2,Female,9,20-24 years,494,Stroke,332,Chewing tobacco,2,Percent,2016,0.00473433,0.011029777,0.001317886
1,All Population,4,YLLs (Years of Life Lost),4859,Madhya Pradesh,1,Male,9,20-24 years,494,Stroke,102,High alcohol use,2,Percent,2015,0.007320579,0.022300783,-0.001202196
1,All Population,4,YLLs (Years of Life Lost),4859,Madhya Pradesh,2,Female,9,20-24 years,494,Stroke,102,High alcohol use,2,Percent,2015,-7.93E-05,0.000147109,-0.000282247
1,All Population,4,YLLs (Years of Life Lost),4868,Rajasthan,1,Male,9,20-24 years,494,Stroke,332,Chewing tobacco,2,Percent,2017,0.073416236,0.125681489,0.035652242
1,All Population,4,YLLs (Years of Life Lost),4868,Rajasthan,2,Female,9,20-24 years,494,Stroke,332,Chewing tobacco,2,Percent,2017,0.011885493,0.024452999,0.004049819
1,All Population,4,YLLs (Years of Life Lost),4861,Manipur,1,Male,9,20-24 years,494,Stroke,102,High alcohol use,2,Percent,2017,0.013321952,0.040161142,-0.002081417
1,All Population,4,YLLs (Years of Life Lost),4861,Manipur,2,Female,9,20-24 years,494,Stroke,102,High alcohol use,2,Percent,2017,-0.00029902,0.000587655,-0.000977345
1,All Population,4,YLLs (Years of Life Lost),4872,Tripura,1,Male,9,20-24 years,493,Ischemic heart disease,102,High alcohol use,2,Percent,2017,-0.038811946,0.033091073,-0.109007341
1,All Population,4,YLLs (Years of Life Lost),4872,Tripura,2,Female,9,20-24 years,493,Ischemic heart disease,102,High alcohol use,2,Percent,2017,-0.002645501,0.002877427,-0.008934192
1,All Population,4,YLLs (Years of Life Lost),4856,Karnataka,1,Male,9,20-24 years,493,Ischemic heart disease,102,High alcohol use,2,Percent,2017,-0.025368868,0.022231904,-0.073449518
1,All Population,4,YLLs (Years of Life Lost),4856,Karnataka,2,Female,9,20-24 years,493,Ischemic heart disease,102,High alcohol use,2,Percent,2017,-0.003856668,0.004244156,-0.009809959
1,All Population,4,YLLs (Years of Life Lost),4851,Gujarat,1,Male,9,20-24 years,494,Stroke,102,High alcohol use,2,Percent,2017,0.002524017,0.008269333,-0.000357742
1,All Population,4,YLLs (Years of Life Lost),4851,Gujarat,2,Female,9,20-24 years,494,Stroke,102,High alcohol use,2,Percent,2017,-3.29E-05,5.69E-05,-0.00011921
1,All Population,4,YLLs (Years of Life Lost),4844,Bihar,1,Male,9,20-24 years,499,Cardiomyopathy and myocarditis,102,High alcohol use,2,Percent,2017,0.021665548,0.068299861,0.004983739
1,All Population,4,YLLs (Years of Life Lost),4844,Bihar,2,Female,9,20-24 years,499,Cardiomyopathy and myocarditis,102,High alcohol use,2,Percent,2017,0.014659482,0.047565628,0.002711053
1,All Population,4,YLLs (Years of Life Lost),4852,Haryana,1,Male,9,20-24 years,498,Hypertensive heart disease,102,High alcohol use,2,Percent,2015,0.02103054,0.035532904,0.006919047
1,All Population,4,YLLs (Years of Life Lost),4852,Haryana,2,Female,9,20-24 years,498,Hypertensive heart disease,102,High alcohol use,2,Percent,2015,0.000430331,0.001074955,7.18E-05
1,All Population,4,YLLs (Years of Life Lost),4852,Haryana,1,Male,9,20-24 years,499,Cardiomyopathy and myocarditis,102,High alcohol use,2,Percent,2015,0.023544441,0.068766314,0.006056075
1,All Population,4,YLLs (Years of Life Lost),4852,Haryana,2,Female,9,20-24 years,499,Cardiomyopathy and myocarditis,102,High alcohol use,2,Percent,2015,0.016662307,0.054764951,0.003753755
1,All Population,4,YLLs (Years of Life Lost),4864,Nagaland,1,Male,9,20-24 years,493,Ischemic heart disease,102,High alcohol use,2,Percent,2015,-0.038948859,0.033926809,-0.108258743
1,All Population,4,YLLs (Years of Life Lost),4864,Nagaland,2,Female,9,20-24 years,493,Ischemic heart disease,102,High alcohol use,2,Percent,2015,-0.002364727,0.002538923,-0.008103713
1,All Population,4,YLLs (Years of Life Lost),4870,Tamil Nadu,1,Male,9,20-24 years,494,Stroke,102,High alcohol use,2,Percent,2017,0.012131103,0.035940645,-0.001939487
1,All Population,4,YLLs (Years of Life Lost),4870,Tamil Nadu,2,Female,9,20-24 years,494,Stroke,102,High alcohol use,2,Percent,2017,-2.48E-05,4.87E-05,-9.48E-05
1,All Population,4,YLLs (Years of Life Lost),4856,Karnataka,1,Male,9,20-24 years,494,Stroke,332,Chewing tobacco,2,Percent,2015,0.060435049,0.101869297,0.03099671
1,All Population,4,YLLs (Years of Life Lost),4856,Karnataka,2,Female,9,20-24 years,494,Stroke,332,Chewing tobacco,2,Percent,2015,0.009876878,0.022326256,0.002921273
1,All Population,4,YLLs (Years of Life Lost),4853,Himachal Pradesh,1,Male,9,20-24 years,493,Ischemic heart disease,102,High alcohol use,2,Percent,2014,-0.022986432,0.020492356,-0.062646577
1,All Population,4,YLLs (Years of Life Lost),4853,Himachal Pradesh,2,Female,9,20-24 years,493,Ischemic heart disease,102,High alcohol use,2,Percent,2014,-0.00040431,0.000425906,-0.001445431
1,All Population,4,YLLs (Years of Life Lost),4849,Delhi,1,Male,9,20-24 years,494,Stroke,332,Chewing tobacco,2,Percent,2017,0.041030256,0.075388247,0.017461805
1,All Population,4,YLLs (Years of Life Lost),4849,Delhi,2,Female,9,20-24 years,494,Stroke,332,Chewing tobacco,2,Percent,2017,0.004689813,0.01077827,0.001343128
1,All Population,4,YLLs (Years of Life Lost),4856,Karnataka,1,Male,9,20-24 years,493,Ischemic heart disease,102,High alcohol use,2,Percent,2015,-0.025620292,0.023065529,-0.075123227
1,All Population,4,YLLs (Years of Life Lost),4856,Karnataka,2,Female,9,20-24 years,493,Ischemic heart disease,102,High alcohol use,2,Percent,2015,-0.004809305,0.00524766,-0.012701612
1,All Population,4,YLLs (Years of Life Lost),4844,Bihar,1,Male,9,20-24 years,493,Ischemic heart disease,102,High alcohol use,2,Percent,2016,-0.021643334,0.019337424,-0.062531221
1,All Population,4,YLLs (Years of Life Lost),4844,Bihar,2,Female,9,20-24 years,493,Ischemic heart disease,102,High alcohol use,2,Percent,2016,-0.000364413,0.000404758,-0.001226924
1,All Population,4,YLLs (Years of Life Lost),4844,Bihar,1,Male,9,20-24 years,493,Ischemic heart disease,102,High alcohol use,2,Percent,2014,-0.021387407,0.019486796,-0.062914476
1,All Population,4,YLLs (Years of Life Lost),4844,Bihar,2,Female,9,20-24 years,493,Ischemic heart disease,102,High alcohol use,2,Percent,2014,-0.000346532,0.000377366,-0.001181928
1,All Population,4,YLLs (Years of Life Lost),4853,Himachal Pradesh,1,Male,9,20-24 years,494,Stroke,102,High alcohol use,2,Percent,2015,0.007441929,0.022239863,-0.001194338
1,All Population,4,YLLs (Years of Life Lost),4853,Himachal Pradesh,2,Female,9,20-24 years,494,Stroke,102,High alcohol use,2,Percent,2015,-4.84E-05,7.76E-05,-0.000164704
1,All Population,4,YLLs (Years of Life Lost),4864,Nagaland,1,Male,9,20-24 years,498,Hypertensive heart disease,102,High alcohol use,2,Percent,2017,0.067664756,0.102706487,0.035185435
1,All Population,4,YLLs (Years of Life Lost),4864,Nagaland,2,Female,9,20-24 years,498,Hypertensive heart disease,102,High alcohol use,2,Percent,2017,0.003712332,0.008352076,0.000687741
1,All Population,4,YLLs (Years of Life Lost),4853,Himachal Pradesh,1,Male,9,20-24 years,493,Ischemic heart disease,102,High alcohol use,2,Percent,2017,-0.023377337,0.020535792,-0.065909728
1,All Population,4,YLLs (Years of Life Lost),4853,Himachal Pradesh,2,Female,9,20-24 years,493,Ischemic heart disease,102,High alcohol use,2,Percent,2017,-0.000512975,0.000561583,-0.001788951
1,All Population,4,YLLs (Years of Life Lost),4872,Tripura,1,Male,9,20-24 years,494,Stroke,102,High alcohol use,2,Percent,2014,0.012428238,0.036662334,-0.002129314
1,All Population,4,YLLs (Years of Life Lost),4872,Tripura,2,Female,9,20-24 years,494,Stroke,102,High alcohol use,2,Percent,2014,-0.000291783,0.000428175,-0.001031676
1,All Population,4,YLLs (Years of Life Lost),4851,Gujarat,1,Male,9,20-24 years,494,Stroke,102,High alcohol use,2,Percent,2016,0.002543635,0.008162232,-0.000382198
1,All Population,4,YLLs (Years of Life Lost),4851,Gujarat,2,Female,9,20-24 years,494,Stroke,102,High alcohol use,2,Percent,2016,-3.18E-05,5.00E-05,-0.00011447
1,All Population,4,YLLs (Years of Life Lost),4865,Odisha,1,Male,9,20-24 years,499,Cardiomyopathy and myocarditis,102,High alcohol use,2,Percent,2015,0.021015809,0.065691854,0.004972846
1,All Population,4,YLLs (Years of Life Lost),4865,Odisha,2,Female,9,20-24 years,499,Cardiomyopathy and myocarditis,102,High alcohol use,2,Percent,2015,0.013413322,0.046332,0.002406277
1,All Population,4,YLLs (Years of Life Lost),4846,Chhattisgarh,1,Male,9,20-24 years,498,Hypertensive heart disease,102,High alcohol use,2,Percent,2016,0.072651063,0.107719326,0.039683351
1,All Population,4,YLLs (Years of Life Lost),4846,Chhattisgarh,2,Female,9,20-24 years,498,Hypertensive heart disease,102,High alcohol use,2,Percent,2016,0.003185355,0.007237938,0.000577806
1,All Population,4,YLLs (Years of Life Lost),4867,Punjab,1,Male,9,20-24 years,499,Cardiomyopathy and myocarditis,102,High alcohol use,2,Percent,2015,0.020656786,0.064794638,0.005117989
1,All Population,4,YLLs (Years of Life Lost),4867,Punjab,2,Female,9,20-24 years,499,Cardiomyopathy and myocarditis,102,High alcohol use,2,Percent,2015,0.015600108,0.051729936,0.003043086
1,All Population,4,YLLs (Years of Life Lost),4851,Gujarat,1,Male,9,20-24 years,498,Hypertensive heart disease,102,High alcohol use,2,Percent,2015,0.014519092,0.023627899,0.006589396
1,All Population,4,YLLs (Years of Life Lost),4851,Gujarat,2,Female,9,20-24 years,498,Hypertensive heart disease,102,High alcohol use,2,Percent,2015,0.000404916,0.00098125,6.81E-05
1,All Population,4,YLLs (Years of Life Lost),4872,Tripura,1,Male,9,20-24 years,494,Stroke,102,High alcohol use,2,Percent,2016,0.012491905,0.037826241,-0.001908961
1,All Population,4,YLLs (Years of Life Lost),4872,Tripura,2,Female,9,20-24 years,494,Stroke,102,High alcohol use,2,Percent,2016,-0.000294365,0.000518868,-0.000989075
1,All Population,4,YLLs (Years of Life Lost),4873,Uttar Pradesh,1,Male,9,20-24 years,494,Stroke,332,Chewing tobacco,2,Percent,2017,0.086395117,0.144403863,0.042069706
1,All Population,4,YLLs (Years of Life Lost),4873,Uttar Pradesh,2,Female,9,20-24 years,494,Stroke,332,Chewing tobacco,2,Percent,2017,0.011152745,0.025006572,0.003579326
1,All Population,4,YLLs (Years of Life Lost),4874,Uttarakhand,1,Male,9,20-24 years,493,Ischemic heart disease,102,High alcohol use,2,Percent,2016,-0.025469439,0.022525211,-0.07165113
1,All Population,4,YLLs (Years of Life Lost),4874,Uttarakhand,2,Female,9,20-24 years,493,Ischemic heart disease,102,High alcohol use,2,Percent,2016,-0.000273376,0.000287649,-0.001003271
1,All Population,4,YLLs (Years of Life Lost),4865,Odisha,1,Male,9,20-24 years,493,Ischemic heart disease,102,High alcohol use,2,Percent,2016,-0.031983223,0.028647791,-0.086845674
1,All Population,4,YLLs (Years of Life Lost),4865,Odisha,2,Female,9,20-24 years,493,Ischemic heart disease,102,High alcohol use,2,Percent,2016,-0.001683145,0.001835373,-0.005617428
1,All Population,4,YLLs (Years of Life Lost),4863,Mizoram,1,Male,9,20-24 years,493,Ischemic heart disease,102,High alcohol use,2,Percent,2015,-0.039070065,0.034806014,-0.109798767
1,All Population,4,YLLs (Years of Life Lost),4863,Mizoram,2,Female,9,20-24 years,493,Ischemic heart disease,102,High alcohol use,2,Percent,2015,-0.002281905,0.002401455,-0.007764308
1,All Population,4,YLLs (Years of Life Lost),4855,Jharkhand,1,Male,9,20-24 years,494,Stroke,332,Chewing tobacco,2,Percent,2017,0.102318279,0.170131647,0.049218849
1,All Population,4,YLLs (Years of Life Lost),4855,Jharkhand,2,Female,9,20-24 years,494,Stroke,332,Chewing tobacco,2,Percent,2017,0.012345445,0.025950431,0.00399325
1,All Population,4,YLLs (Years of Life Lost),4842,Arunachal Pradesh,1,Male,9,20-24 years,499,Cardiomyopathy and myocarditis,102,High alcohol use,2,Percent,2016,0.023006156,0.0677053,0.005278011
1,All Population,4,YLLs (Years of Life Lost),4842,Arunachal Pradesh,2,Female,9,20-24 years,499,Cardiomyopathy and myocarditis,102,High alcohol use,2,Percent,2016,0.013624777,0.043480388,0.002833166
1,All Population,4,YLLs (Years of Life Lost),4865,Odisha,1,Male,9,20-24 years,499,Cardiomyopathy and myocarditis,102,High alcohol use,2,Percent,2017,0.021354848,0.065210582,0.004880665
1,All Population,4,YLLs (Years of Life Lost),4865,Odisha,2,Female,9,20-24 years,499,Cardiomyopathy and myocarditis,102,High alcohol use,2,Percent,2017,0.013593968,0.045987562,0.002323228
1,All Population,4,YLLs (Years of Life Lost),4872,Tripura,1,Male,9,20-24 years,493,Ischemic heart disease,102,High alcohol use,2,Percent,2015,-0.038983038,0.034538135,-0.111219869
1,All Population,4,YLLs (Years of Life Lost),4872,Tripura,2,Female,9,20-24 years,493,Ischemic heart disease,102,High alcohol use,2,Percent,2015,-0.00264717,0.002902884,-0.009045069
1,All Population,4,YLLs (Years of Life Lost),4850,Goa,1,Male,9,20-24 years,499,Cardiomyopathy and myocarditis,102,High alcohol use,2,Percent,2015,0.017870667,0.052606072,0.004612629
1,All Population,4,YLLs (Years of Life Lost),4850,Goa,2,Female,9,20-24 years,499,Cardiomyopathy and myocarditis,102,High alcohol use,2,Percent,2015,0.012720746,0.041054566,0.002542717
1,All Population,4,YLLs (Years of Life Lost),4859,Madhya Pradesh,1,Male,9,20-24 years,498,Hypertensive heart disease,102,High alcohol use,2,Percent,2015,0.04106523,0.063623342,0.021145342
1,All Population,4,YLLs (Years of Life Lost),4859,Madhya Pradesh,2,Female,9,20-24 years,498,Hypertensive heart disease,102,High alcohol use,2,Percent,2015,0.001074933,0.002380293,0.000207097
1,All Population,4,YLLs (Years of Life Lost),4849,Delhi,1,Male,9,20-24 years,499,Cardiomyopathy and myocarditis,102,High alcohol use,2,Percent,2016,0.023656037,0.067666472,0.006577112
1,All Population,4,YLLs (Years of Life Lost),4849,Delhi,2,Female,9,20-24 years,499,Cardiomyopathy and myocarditis,102,High alcohol use,2,Percent,2016,0.017554348,0.057132017,0.00414261
1,All Population,4,YLLs (Years of Life Lost),4854,Jammu & Kashmir and Ladakh,1,Male,9,20-24 years,499,Cardiomyopathy and myocarditis,102,High alcohol use,2,Percent,2014,0.022645749,0.066108433,0.005630778
1,All Population,4,YLLs (Years of Life Lost),4854,Jammu & Kashmir and Ladakh,2,Female,9,20-24 years,499,Cardiomyopathy and myocarditis,102,High alcohol use,2,Percent,2014,0.014931603,0.046963418,0.002943804
1,All Population,4,YLLs (Years of Life Lost),4872,Tripura,1,Male,9,20-24 years,499,Cardiomyopathy and myocarditis,102,High alcohol use,2,Percent,2016,0.022415679,0.064037513,0.005410388
1,All Population,4,YLLs (Years of Life Lost),4872,Tripura,2,Female,9,20-24 years,499,Cardiomyopathy and myocarditis,102,High alcohol use,2,Percent,2016,0.013941167,0.045131986,0.002763678
1,All Population,4,YLLs (Years of Life Lost),4856,Karnataka,1,Male,9,20-24 years,494,Stroke,332,Chewing tobacco,2,Percent,2017,0.053266297,0.092823346,0.025032173
1,All Population,4,YLLs (Years of Life Lost),4856,Karnataka,2,Female,9,20-24 years,494,Stroke,332,Chewing tobacco,2,Percent,2017,0.00837943,0.018977228,0.002466064
1,All Population,4,YLLs (Years of Life Lost),4850,Goa,1,Male,9,20-24 years,494,Stroke,102,High alcohol use,2,Percent,2017,0.012491931,0.037744364,-0.002015562
1,All Population,4,YLLs (Years of Life Lost),4850,Goa,2,Female,9,20-24 years,494,Stroke,102,High alcohol use,2,Percent,2017,-0.000304261,0.000462719,-0.000957855
1,All Population,4,YLLs (Years of Life Lost),4855,Jharkhand,1,Male,9,20-24 years,494,Stroke,102,High alcohol use,2,Percent,2016,0.011209184,0.035090999,-0.001671923
1,All Population,4,YLLs (Years of Life Lost),4855,Jharkhand,2,Female,9,20-24 years,494,Stroke,102,High alcohol use,2,Percent,2016,-0.000280919,0.00050553,-0.0010095
1,All Population,4,YLLs (Years of Life Lost),4860,Maharashtra,1,Male,9,20-24 years,494,Stroke,332,Chewing tobacco,2,Percent,2016,0.06566638,0.105112059,0.037412462
1,All Population,4,YLLs (Years of Life Lost),4860,Maharashtra,2,Female,9,20-24 years,494,Stroke,332,Chewing tobacco,2,Percent,2016,0.015904858,0.035675084,0.005148026
1,All Population,4,YLLs (Years of Life Lost),4867,Punjab,1,Male,9,20-24 years,494,Stroke,102,High alcohol use,2,Percent,2017,0.00898259,0.029535245,-0.001334527
1,All Population,4,YLLs (Years of Life Lost),4867,Punjab,2,Female,9,20-24 years,494,Stroke,102,High alcohol use,2,Percent,2017,-3.28E-05,5.17E-05,-0.000109659
1,All Population,4,YLLs (Years of Life Lost),4875,West Bengal,1,Male,9,20-24 years,494,Stroke,102,High alcohol use,2,Percent,2017,0.008560933,0.026735741,-0.001258854
1,All Population,4,YLLs (Years of Life Lost),4875,West Bengal,2,Female,9,20-24 years,494,Stroke,102,High alcohol use,2,Percent,2017,-6.99E-05,0.000106565,-0.00023933
1,All Population,4,YLLs (Years of Life Lost),4870,Tamil Nadu,1,Male,9,20-24 years,494,Stroke,332,Chewing tobacco,2,Percent,2016,0.021600353,0.04228041,0.008428337
1,All Population,4,YLLs (Years of Life Lost),4870,Tamil Nadu,2,Female,9,20-24 years,494,Stroke,332,Chewing tobacco,2,Percent,2016,0.003605038,0.008656805,0.001019819
1,All Population,4,YLLs (Years of Life Lost),44538,Other Union Territories,1,Male,9,20-24 years,494,Stroke,332,Chewing tobacco,2,Percent,2017,0.034763513,0.060573842,0.015670463
1,All Population,4,YLLs (Years of Life Lost),44538,Other Union Territories,2,Female,9,20-24 years,494,Stroke,332,Chewing tobacco,2,Percent,2017,0.004583151,0.01061671,0.00128848
1,All Population,4,YLLs (Years of Life Lost),4850,Goa,1,Male,9,20-24 years,493,Ischemic heart disease,102,High alcohol use,2,Percent,2016,-0.041116624,0.034898353,-0.115755662
1,All Population,4,YLLs (Years of Life Lost),4850,Goa,2,Female,9,20-24 years,493,Ischemic heart disease,102,High alcohol use,2,Percent,2016,-0.002649562,0.002863083,-0.009109261
1,All Population,4,YLLs (Years of Life Lost),4856,Karnataka,1,Male,9,20-24 years,499,Cardiomyopathy and myocarditis,102,High alcohol use,2,Percent,2014,0.01966951,0.056595124,0.004993798
1,All Population,4,YLLs (Years of Life Lost),4856,Karnataka,2,Female,9,20-24 years,499,Cardiomyopathy and myocarditis,102,High alcohol use,2,Percent,2014,0.012360586,0.039140875,0.002569395
1,All Population,4,YLLs (Years of Life Lost),4850,Goa,1,Male,9,20-24 years,494,Stroke,102,High alcohol use,2,Percent,2015,0.0122685,0.036038829,-0.002087974
1,All Population,4,YLLs (Years of Life Lost),4850,Goa,2,Female,9,20-24 years,494,Stroke,102,High alcohol use,2,Percent,2015,-0.00027293,0.000444972,-0.000905144
1,All Population,4,YLLs (Years of Life Lost),4869,Sikkim,1,Male,9,20-24 years,494,Stroke,102,High alcohol use,2,Percent,2015,0.012302172,0.036469164,-0.001925214
1,All Population,4,YLLs (Years of Life Lost),4869,Sikkim,2,Female,9,20-24 years,494,Stroke,102,High alcohol use,2,Percent,2015,-0.000903014,0.001243521,-0.003112214
1,All Population,4,YLLs (Years of Life Lost),4849,Delhi,1,Male,9,20-24 years,499,Cardiomyopathy and myocarditis,102,High alcohol use,2,Percent,2014,0.025052996,0.073456819,0.006456098
1,All Population,4,YLLs (Years of Life Lost),4849,Delhi,2,Female,9,20-24 years,499,Cardiomyopathy and myocarditis,102,High alcohol use,2,Percent,2014,0.019422462,0.063318244,0.004584976
1,All Population,4,YLLs (Years of Life Lost),4860,Maharashtra,1,Male,9,20-24 years,493,Ischemic heart disease,102,High alcohol use,2,Percent,2016,-0.017093877,0.015187145,-0.045774495
1,All Population,4,YLLs (Years of Life Lost),4860,Maharashtra,2,Female,9,20-24 years,493,Ischemic heart disease,102,High alcohol use,2,Percent,2016,-0.000279317,0.000309451,-0.000949911
1,All Population,4,YLLs (Years of Life Lost),4855,Jharkhand,1,Male,9,20-24 years,493,Ischemic heart disease,102,High alcohol use,2,Percent,2015,-0.031971075,0.028306635,-0.087243563
1,All Population,4,YLLs (Years of Life Lost),4855,Jharkhand,2,Female,9,20-24 years,493,Ischemic heart disease,102,High alcohol use,2,Percent,2015,-0.002427729,0.002589741,-0.008350578
1,All Population,4,YLLs (Years of Life Lost),4842,Arunachal Pradesh,1,Male,9,20-24 years,494,Stroke,102,High alcohol use,2,Percent,2015,0.018742433,0.05596046,-0.002975285
1,All Population,4,YLLs (Years of Life Lost),4842,Arunachal Pradesh,2,Female,9,20-24 years,494,Stroke,102,High alcohol use,2,Percent,2015,-0.001153,0.002184319,-0.00415327
1,All Population,4,YLLs (Years of Life Lost),4862,Meghalaya,1,Male,9,20-24 years,493,Ischemic heart disease,102,High alcohol use,2,Percent,2017,-0.03978929,0.034363925,-0.110118438
1,All Population,4,YLLs (Years of Life Lost),4862,Meghalaya,2,Female,9,20-24 years,493,Ischemic heart disease,102,High alcohol use,2,Percent,2017,-0.001323966,0.001452464,-0.004492158
1,All Population,4,YLLs (Years of Life Lost),4868,Rajasthan,1,Male,9,20-24 years,494,Stroke,102,High alcohol use,2,Percent,2017,0.004054159,0.013327164,-0.000593704
1,All Population,4,YLLs (Years of Life Lost),4868,Rajasthan,2,Female,9,20-24 years,494,Stroke,102,High alcohol use,2,Percent,2017,-6.08E-05,8.57E-05,-0.00019598
1,All Population,4,YLLs (Years of Life Lost),4854,Jammu & Kashmir and Ladakh,1,Male,9,20-24 years,493,Ischemic heart disease,102,High alcohol use,2,Percent,2017,-0.009372677,0.008867879,-0.027788838
1,All Population,4,YLLs (Years of Life Lost),4854,Jammu & Kashmir and Ladakh,2,Female,9,20-24 years,493,Ischemic heart disease,102,High alcohol use,2,Percent,2017,-0.000309089,0.000303423,-0.001188444
1,All Population,4,YLLs (Years of Life Lost),4869,Sikkim,1,Male,9,20-24 years,498,Hypertensive heart disease,102,High alcohol use,2,Percent,2016,0.072119014,0.109228611,0.037297085
1,All Population,4,YLLs (Years of Life Lost),4869,Sikkim,2,Female,9,20-24 years,498,Hypertensive heart disease,102,High alcohol use,2,Percent,2016,0.011384158,0.024974162,0.002204608
1,All Population,4,YLLs (Years of Life Lost),4870,Tamil Nadu,1,Male,9,20-24 years,493,Ischemic heart disease,102,High alcohol use,2,Percent,2014,-0.038018014,0.034099384,-0.101025559
1,All Population,4,YLLs (Years of Life Lost),4870,Tamil Nadu,2,Female,9,20-24 years,493,Ischemic heart disease,102,High alcohol use,2,Percent,2014,-0.000203644,0.000188136,-0.000840383
1,All Population,4,YLLs (Years of Life Lost),4859,Madhya Pradesh,1,Male,9,20-24 years,494,Stroke,102,High alcohol use,2,Percent,2017,0.007264804,0.023194079,-0.001069118
1,All Population,4,YLLs (Years of Life Lost),4859,Madhya Pradesh,2,Female,9,20-24 years,494,Stroke,102,High alcohol use,2,Percent,2017,-8.26E-05,0.000139924,-0.000280971
1,All Population,4,YLLs (Years of Life Lost),4870,Tamil Nadu,1,Male,9,20-24 years,493,Ischemic heart disease,102,High alcohol use,2,Percent,2017,-0.037764416,0.033325387,-0.102303398
1,All Population,4,YLLs (Years of Life Lost),4870,Tamil Nadu,2,Female,9,20-24 years,493,Ischemic heart disease,102,High alcohol use,2,Percent,2017,-0.000240497,0.000226419,-0.000956078
1,All Population,4,YLLs (Years of Life Lost),4865,Odisha,1,Male,9,20-24 years,494,Stroke,332,Chewing tobacco,2,Percent,2017,0.102745506,0.163630007,0.05370625
1,All Population,4,YLLs (Years of Life Lost),4865,Odisha,2,Female,9,20-24 years,494,Stroke,332,Chewing tobacco,2,Percent,2017,0.031528545,0.064873451,0.011505066
1,All Population,4,YLLs (Years of Life Lost),4841,Andhra Pradesh,1,Male,9,20-24 years,494,Stroke,102,High alcohol use,2,Percent,2016,0.010305289,0.03141923,-0.001593751
1,All Population,4,YLLs (Years of Life Lost),4841,Andhra Pradesh,2,Female,9,20-24 years,494,Stroke,102,High alcohol use,2,Percent,2016,-0.000141821,0.000242733,-0.000473999
1,All Population,4,YLLs (Years of Life Lost),4860,Maharashtra,1,Male,9,20-24 years,498,Hypertensive heart disease,102,High alcohol use,2,Percent,2016,0.033000612,0.050970178,0.017025162
1,All Population,4,YLLs (Years of Life Lost),4860,Maharashtra,2,Female,9,20-24 years,498,Hypertensive heart disease,102,High alcohol use,2,Percent,2016,0.000422136,0.000927683,8.11E-05
1,All Population,4,YLLs (Years of Life Lost),4860,Maharashtra,1,Male,9,20-24 years,499,Cardiomyopathy and myocarditis,102,High alcohol use,2,Percent,2016,0.018921292,0.057457543,0.004765227
1,All Population,4,YLLs (Years of Life Lost),4860,Maharashtra,2,Female,9,20-24 years,499,Cardiomyopathy and myocarditis,102,High alcohol use,2,Percent,2016,0.013256642,0.040214252,0.002996667
1,All Population,4,YLLs (Years of Life Lost),4864,Nagaland,1,Male,9,20-24 years,499,Cardiomyopathy and myocarditis,102,High alcohol use,2,Percent,2017,0.021542555,0.06038775,0.005285444
1,All Population,4,YLLs (Years of Life Lost),4864,Nagaland,2,Female,9,20-24 years,499,Cardiomyopathy and myocarditis,102,High alcohol use,2,Percent,2017,0.01393669,0.052139164,0.002551048
1,All Population,4,YLLs (Years of Life Lost),4860,Maharashtra,1,Male,9,20-24 years,494,Stroke,102,High alcohol use,2,Percent,2017,0.005890144,0.018112462,-0.000924622
1,All Population,4,YLLs (Years of Life Lost),4860,Maharashtra,2,Female,9,20-24 years,494,Stroke,102,High alcohol use,2,Percent,2017,-3.25E-05,5.75E-05,-0.000103334
1,All Population,4,YLLs (Years of Life Lost),4870,Tamil Nadu,1,Male,9,20-24 years,494,Stroke,332,Chewing tobacco,2,Percent,2017,0.020252643,0.039033172,0.007803068
1,All Population,4,YLLs (Years of Life Lost),4870,Tamil Nadu,2,Female,9,20-24 years,494,Stroke,332,Chewing tobacco,2,Percent,2017,0.003421839,0.007897626,0.000949367
1,All Population,4,YLLs (Years of Life Lost),4856,Karnataka,1,Male,9,20-24 years,493,Ischemic heart disease,102,High alcohol use,2,Percent,2020,-0.024848077,0.022455278,-0.074117666
1,All Population,4,YLLs (Years of Life Lost),4856,Karnataka,2,Female,9,20-24 years,493,Ischemic heart disease,102,High alcohol use,2,Percent,2020,-0.002754366,0.002805874,-0.0071353
1,All Population,4,YLLs (Years of Life Lost),4850,Goa,1,Male,9,20-24 years,498,Hypertensive heart disease,102,High alcohol use,2,Percent,2017,0.073697105,0.112228623,0.038180587
1,All Population,4,YLLs (Years of Life Lost),4850,Goa,2,Female,9,20-24 years,498,Hypertensive heart disease,102,High alcohol use,2,Percent,2017,0.004175916,0.00946626,0.000790254
1,All Population,4,YLLs (Years of Life Lost),4862,Meghalaya,1,Male,9,20-24 years,499,Cardiomyopathy and myocarditis,102,High alcohol use,2,Percent,2016,0.026392527,0.082231606,0.005112826
1,All Population,4,YLLs (Years of Life Lost),4862,Meghalaya,2,Female,9,20-24 years,499,Cardiomyopathy and myocarditis,102,High alcohol use,2,Percent,2016,0.014310428,0.047106416,0.00301091
1,All Population,4,YLLs (Years of Life Lost),4841,Andhra Pradesh,1,Male,9,20-24 years,494,Stroke,332,Chewing tobacco,2,Percent,2020,0.017718051,0.031903144,0.008352633
1,All Population,4,YLLs (Years of Life Lost),4841,Andhra Pradesh,2,Female,9,20-24 years,494,Stroke,332,Chewing tobacco,2,Percent,2020,0.004425268,0.010346784,0.001205369
1,All Population,4,YLLs (Years of Life Lost),4854,Jammu & Kashmir and Ladakh,1,Male,9,20-24 years,493,Ischemic heart disease,102,High alcohol use,2,Percent,2015,-0.009469634,0.008904462,-0.028710765
1,All Population,4,YLLs (Years of Life Lost),4854,Jammu & Kashmir and Ladakh,2,Female,9,20-24 years,493,Ischemic heart disease,102,High alcohol use,2,Percent,2015,-0.000276929,0.000272343,-0.001064556
1,All Population,4,YLLs (Years of Life Lost),4861,Manipur,1,Male,9,20-24 years,493,Ischemic heart disease,102,High alcohol use,2,Percent,2017,-0.04185024,0.03538642,-0.118167803
1,All Population,4,YLLs (Years of Life Lost),4861,Manipur,2,Female,9,20-24 years,493,Ischemic heart disease,102,High alcohol use,2,Percent,2017,-0.002768575,0.002979419,-0.00941535
1,All Population,4,YLLs (Years of Life Lost),4863,Mizoram,1,Male,9,20-24 years,499,Cardiomyopathy and myocarditis,102,High alcohol use,2,Percent,2017,0.027966548,0.098949322,0.004759185
1,All Population,4,YLLs (Years of Life Lost),4863,Mizoram,2,Female,9,20-24 years,499,Cardiomyopathy and myocarditis,102,High alcohol use,2,Percent,2017,0.01518144,0.042585352,0.003417192
1,All Population,4,YLLs (Years of Life Lost),4843,Assam,1,Male,9,20-24 years,493,Ischemic heart disease,102,High alcohol use,2,Percent,2017,-0.030470564,0.026655385,-0.083517001
1,All Population,4,YLLs (Years of Life Lost),4843,Assam,2,Female,9,20-24 years,493,Ischemic heart disease,102,High alcohol use,2,Percent,2017,-0.002485562,0.002373382,-0.009402154
1,All Population,4,YLLs (Years of Life Lost),4851,Gujarat,1,Male,9,20-24 years,499,Cardiomyopathy and myocarditis,102,High alcohol use,2,Percent,2016,0.019698883,0.063803997,0.004705306
1,All Population,4,YLLs (Years of Life Lost),4851,Gujarat,2,Female,9,20-24 years,499,Cardiomyopathy and myocarditis,102,High alcohol use,2,Percent,2016,0.013321471,0.043955048,0.002846016
1,All Population,4,YLLs (Years of Life Lost),4843,Assam,1,Male,9,20-24 years,498,Hypertensive heart disease,102,High alcohol use,2,Percent,2016,0.06594082,0.09572281,0.038154673
1,All Population,4,YLLs (Years of Life Lost),4843,Assam,2,Female,9,20-24 years,498,Hypertensive heart disease,102,High alcohol use,2,Percent,2016,0.00345969,0.00836112,0.00059888
1,All Population,4,YLLs (Years of Life Lost),4841,Andhra Pradesh,1,Male,9,20-24 years,493,Ischemic heart disease,102,High alcohol use,2,Percent,2017,-0.03197165,0.027542767,-0.089841706
1,All Population,4,YLLs (Years of Life Lost),4841,Andhra Pradesh,2,Female,9,20-24 years,493,Ischemic heart disease,102,High alcohol use,2,Percent,2017,-0.001181465,0.001338391,-0.004070874
1,All Population,4,YLLs (Years of Life Lost),4868,Rajasthan,1,Male,9,20-24 years,494,Stroke,332,Chewing tobacco,2,Percent,2020,0.060351143,0.111710484,0.025433224
1,All Population,4,YLLs (Years of Life Lost),4868,Rajasthan,2,Female,9,20-24 years,494,Stroke,332,Chewing tobacco,2,Percent,2020,0.009533393,0.020811297,0.003325729
1,All Population,4,YLLs (Years of Life Lost),4842,Arunachal Pradesh,1,Male,9,20-24 years,494,Stroke,102,High alcohol use,2,Percent,2017,0.018664921,0.057783322,-0.003041915
1,All Population,4,YLLs (Years of Life Lost),4842,Arunachal Pradesh,2,Female,9,20-24 years,494,Stroke,102,High alcohol use,2,Percent,2017,-0.001187689,0.002602453,-0.003865873
1,All Population,4,YLLs (Years of Life Lost),4841,Andhra Pradesh,1,Male,9,20-24 years,499,Cardiomyopathy and myocarditis,102,High alcohol use,2,Percent,2017,0.018540615,0.056737222,0.004582896
1,All Population,4,YLLs (Years of Life Lost),4841,Andhra Pradesh,2,Female,9,20-24 years,499,Cardiomyopathy and myocarditis,102,High alcohol use,2,Percent,2017,0.011595792,0.034535864,0.002405528
1,All Population,4,YLLs (Years of Life Lost),4843,Assam,1,Male,9,20-24 years,494,Stroke,102,High alcohol use,2,Percent,2017,0.017790914,0.054485498,-0.002619689
1,All Population,4,YLLs (Years of Life Lost),4843,Assam,2,Female,9,20-24 years,494,Stroke,102,High alcohol use,2,Percent,2017,-0.000258375,0.000541137,-0.001010267
1,All Population,4,YLLs (Years of Life Lost),4872,Tripura,1,Male,9,20-24 years,493,Ischemic heart disease,102,High alcohol use,2,Percent,2020,-0.038265672,0.032081559,-0.112861504
1,All Population,4,YLLs (Years of Life Lost),4872,Tripura,2,Female,9,20-24 years,493,Ischemic heart disease,102,High alcohol use,2,Percent,2020,-0.002620746,0.002795064,-0.008538435
1,All Population,4,YLLs (Years of Life Lost),4859,Madhya Pradesh,1,Male,9,20-24 years,494,Stroke,332,Chewing tobacco,2,Percent,2020,0.086586309,0.152159312,0.039054436
1,All Population,4,YLLs (Years of Life Lost),4859,Madhya Pradesh,2,Female,9,20-24 years,494,Stroke,332,Chewing tobacco,2,Percent,2020,0.018124391,0.038511743,0.006436317
1,All Population,4,YLLs (Years of Life Lost),4871,Telangana,1,Male,9,20-24 years,493,Ischemic heart disease,102,High alcohol use,2,Percent,2017,-0.045675343,0.039349754,-0.127349777
1,All Population,4,YLLs (Years of Life Lost),4871,Telangana,2,Female,9,20-24 years,493,Ischemic heart disease,102,High alcohol use,2,Percent,2017,-0.00201061,0.00214536,-0.007301931
1,All Population,4,YLLs (Years of Life Lost),4849,Delhi,1,Male,9,20-24 years,494,Stroke,332,Chewing tobacco,2,Percent,2020,0.034278727,0.068486601,0.01308206
1,All Population,4,YLLs (Years of Life Lost),4849,Delhi,2,Female,9,20-24 years,494,Stroke,332,Chewing tobacco,2,Percent,2020,0.003806018,0.00885852,0.001057655
1,All Population,4,YLLs (Years of Life Lost),4853,Himachal Pradesh,1,Male,9,20-24 years,493,Ischemic heart disease,102,High alcohol use,2,Percent,2020,-0.023288391,0.021074424,-0.067454343
1,All Population,4,YLLs (Years of Life Lost),4853,Himachal Pradesh,2,Female,9,20-24 years,493,Ischemic heart disease,102,High alcohol use,2,Percent,2020,-0.000606057,0.00064167,-0.001992811
1,All Population,4,YLLs (Years of Life Lost),4842,Arunachal Pradesh,1,Male,9,20-24 years,493,Ischemic heart disease,102,High alcohol use,2,Percent,2020,-0.0615592,0.051196771,-0.174859446
1,All Population,4,YLLs (Years of Life Lost),4842,Arunachal Pradesh,2,Female,9,20-24 years,493,Ischemic heart disease,102,High alcohol use,2,Percent,2020,-0.012132269,0.012392602,-0.039462667
1,All Population,4,YLLs (Years of Life Lost),4861,Manipur,1,Male,9,20-24 years,493,Ischemic heart disease,102,High alcohol use,2,Percent,2015,-0.041540131,0.036274719,-0.115625739
1,All Population,4,YLLs (Years of Life Lost),4861,Manipur,2,Female,9,20-24 years,493,Ischemic heart disease,102,High alcohol use,2,Percent,2015,-0.002575027,0.002725847,-0.008986242
1,All Population,4,YLLs (Years of Life Lost),4846,Chhattisgarh,1,Male,9,20-24 years,498,Hypertensive heart disease,102,High alcohol use,2,Percent,2015,0.072952061,0.107097927,0.039763942
1,All Population,4,YLLs (Years of Life Lost),4846,Chhattisgarh,2,Female,9,20-24 years,498,Hypertensive heart disease,102,High alcohol use,2,Percent,2015,0.003142573,0.007184794,0.000531323
1,All Population,4,YLLs (Years of Life Lost),4868,Rajasthan,1,Male,9,20-24 years,494,Stroke,102,High alcohol use,2,Percent,2016,0.004059689,0.012960153,-0.000621907
1,All Population,4,YLLs (Years of Life Lost),4868,Rajasthan,2,Female,9,20-24 years,494,Stroke,102,High alcohol use,2,Percent,2016,-6.26E-05,8.73E-05,-0.000212853
1,All Population,4,YLLs (Years of Life Lost),4853,Himachal Pradesh,1,Male,9,20-24 years,494,Stroke,332,Chewing tobacco,2,Percent,2017,0.019077428,0.037333898,0.007161156
1,All Population,4,YLLs (Years of Life Lost),4853,Himachal Pradesh,2,Female,9,20-24 years,494,Stroke,332,Chewing tobacco,2,Percent,2017,0.002128812,0.005017551,0.000588837
1,All Population,4,YLLs (Years of Life Lost),4843,Assam,1,Male,9,20-24 years,493,Ischemic heart disease,102,High alcohol use,2,Percent,2015,-0.031010529,0.027230136,-0.083813516
1,All Population,4,YLLs (Years of Life Lost),4843,Assam,2,Female,9,20-24 years,493,Ischemic heart disease,102,High alcohol use,2,Percent,2015,-0.002356404,0.002284544,-0.008759981
1,All Population,4,YLLs (Years of Life Lost),4874,Uttarakhand,1,Male,9,20-24 years,494,Stroke,332,Chewing tobacco,2,Percent,2017,0.043061068,0.080897027,0.018009295
1,All Population,4,YLLs (Years of Life Lost),4874,Uttarakhand,2,Female,9,20-24 years,494,Stroke,332,Chewing tobacco,2,Percent,2017,0.002647789,0.006301344,0.000691578
1,All Population,4,YLLs (Years of Life Lost),4857,Kerala,1,Male,9,20-24 years,493,Ischemic heart disease,102,High alcohol use,2,Percent,2016,-0.025257523,0.022306851,-0.071195434
1,All Population,4,YLLs (Years of Life Lost),4857,Kerala,2,Female,9,20-24 years,493,Ischemic heart disease,102,High alcohol use,2,Percent,2016,-0.000916696,0.000977544,-0.00309449
1,All Population,4,YLLs (Years of Life Lost),4874,Uttarakhand,1,Male,9,20-24 years,498,Hypertensive heart disease,102,High alcohol use,2,Percent,2016,0.04777087,0.074253587,0.023936588
1,All Population,4,YLLs (Years of Life Lost),4874,Uttarakhand,2,Female,9,20-24 years,498,Hypertensive heart disease,102,High alcohol use,2,Percent,2016,0.000406928,0.000991655,7.26E-05
1,All Population,4,YLLs (Years of Life Lost),4855,Jharkhand,1,Male,9,20-24 years,494,Stroke,332,Chewing tobacco,2,Percent,2020,0.088003313,0.153512253,0.039806642
1,All Population,4,YLLs (Years of Life Lost),4855,Jharkhand,2,Female,9,20-24 years,494,Stroke,332,Chewing tobacco,2,Percent,2020,0.009667623,0.021527606,0.003101759
1,All Population,4,YLLs (Years of Life Lost),4870,Tamil Nadu,1,Male,9,20-24 years,494,Stroke,102,High alcohol use,2,Percent,2020,0.011888541,0.036967819,-0.00189812
1,All Population,4,YLLs (Years of Life Lost),4870,Tamil Nadu,2,Female,9,20-24 years,494,Stroke,102,High alcohol use,2,Percent,2020,-2.89E-05,5.41E-05,-0.000115588
1,All Population,4,YLLs (Years of Life Lost),4859,Madhya Pradesh,1,Male,9,20-24 years,498,Hypertensive heart disease,102,High alcohol use,2,Percent,2017,0.040929033,0.06436266,0.020667879
1,All Population,4,YLLs (Years of Life Lost),4859,Madhya Pradesh,2,Female,9,20-24 years,498,Hypertensive heart disease,102,High alcohol use,2,Percent,2017,0.001119621,0.002512283,0.000206964
1,All Population,4,YLLs (Years of Life Lost),4846,Chhattisgarh,1,Male,9,20-24 years,498,Hypertensive heart disease,102,High alcohol use,2,Percent,2017,0.072087161,0.108727785,0.03894269
1,All Population,4,YLLs (Years of Life Lost),4846,Chhattisgarh,2,Female,9,20-24 years,498,Hypertensive heart disease,102,High alcohol use,2,Percent,2017,0.003221846,0.007258862,0.00057706
1,All Population,4,YLLs (Years of Life Lost),4872,Tripura,1,Male,9,20-24 years,499,Cardiomyopathy and myocarditis,102,High alcohol use,2,Percent,2017,0.022348126,0.06126312,0.005409931
1,All Population,4,YLLs (Years of Life Lost),4872,Tripura,2,Female,9,20-24 years,499,Cardiomyopathy and myocarditis,102,High alcohol use,2,Percent,2017,0.01378704,0.045211409,0.002703033
1,All Population,4,YLLs (Years of Life Lost),4867,Punjab,1,Male,9,20-24 years,494,Stroke,332,Chewing tobacco,2,Percent,2017,0.019802181,0.039583405,0.007555231
1,All Population,4,YLLs (Years of Life Lost),4867,Punjab,2,Female,9,20-24 years,494,Stroke,332,Chewing tobacco,2,Percent,2017,0.001922761,0.004525745,0.000530969
1,All Population,4,YLLs (Years of Life Lost),4844,Bihar,1,Male,9,20-24 years,499,Cardiomyopathy and myocarditis,102,High alcohol use,2,Percent,2020,0.020879993,0.065312989,0.00482715
1,All Population,4,YLLs (Years of Life Lost),4844,Bihar,2,Female,9,20-24 years,499,Cardiomyopathy and myocarditis,102,High alcohol use,2,Percent,2020,0.014271238,0.045544259,0.002806219
1,All Population,4,YLLs (Years of Life Lost),4852,Haryana,1,Male,9,20-24 years,494,Stroke,102,High alcohol use,2,Percent,2017,-8.43E-06,0.003802912,-0.002464101
1,All Population,4,YLLs (Years of Life Lost),4852,Haryana,2,Female,9,20-24 years,494,Stroke,102,High alcohol use,2,Percent,2017,-3.77E-05,6.27E-05,-0.000139593
1,All Population,4,YLLs (Years of Life Lost),4864,Nagaland,1,Male,9,20-24 years,494,Stroke,332,Chewing tobacco,2,Percent,2016,0.151720532,0.227002262,0.085367246
1,All Population,4,YLLs (Years of Life Lost),4864,Nagaland,2,Female,9,20-24 years,494,Stroke,332,Chewing tobacco,2,Percent,2016,0.096862692,0.150563359,0.050461565
1,All Population,4,YLLs (Years of Life Lost),4874,Uttarakhand,1,Male,9,20-24 years,499,Cardiomyopathy and myocarditis,102,High alcohol use,2,Percent,2020,0.022039074,0.062378192,0.005017443
1,All Population,4,YLLs (Years of Life Lost),4874,Uttarakhand,2,Female,9,20-24 years,499,Cardiomyopathy and myocarditis,102,High alcohol use,2,Percent,2020,0.015298958,0.058384656,0.002672716
1,All Population,4,YLLs (Years of Life Lost),4853,Himachal Pradesh,1,Male,9,20-24 years,494,Stroke,102,High alcohol use,2,Percent,2017,0.007478457,0.023504335,-0.001125136
1,All Population,4,YLLs (Years of Life Lost),4853,Himachal Pradesh,2,Female,9,20-24 years,494,Stroke,102,High alcohol use,2,Percent,2017,-5.71E-05,0.000102573,-0.000187896
1,All Population,4,YLLs (Years of Life Lost),4860,Maharashtra,1,Male,9,20-24 years,494,Stroke,332,Chewing tobacco,2,Percent,2017,0.062203541,0.102121287,0.034358541
1,All Population,4,YLLs (Years of Life Lost),4860,Maharashtra,2,Female,9,20-24 years,494,Stroke,332,Chewing tobacco,2,Percent,2017,0.015717635,0.03545478,0.005062526
1,All Population,4,YLLs (Years of Life Lost),4864,Nagaland,1,Male,9,20-24 years,493,Ischemic heart disease,102,High alcohol use,2,Percent,2017,-0.03801662,0.032327485,-0.108027958
1,All Population,4,YLLs (Years of Life Lost),4864,Nagaland,2,Female,9,20-24 years,493,Ischemic heart disease,102,High alcohol use,2,Percent,2017,-0.002472477,0.0026685,-0.008154885
1,All Population,4,YLLs (Years of Life Lost),4844,Bihar,1,Male,9,20-24 years,493,Ischemic heart disease,102,High alcohol use,2,Percent,2015,-0.021534939,0.019549375,-0.063560411
1,All Population,4,YLLs (Years of Life Lost),4844,Bihar,2,Female,9,20-24 years,493,Ischemic heart disease,102,High alcohol use,2,Percent,2015,-0.000355992,0.000390584,-0.001206114
1,All Population,4,YLLs (Years of Life Lost),4861,Manipur,1,Male,9,20-24 years,494,Stroke,102,High alcohol use,2,Percent,2020,0.01331614,0.04092359,-0.002143203
1,All Population,4,YLLs (Years of Life Lost),4861,Manipur,2,Female,9,20-24 years,494,Stroke,102,High alcohol use,2,Percent,2020,-0.000316305,0.000627296,-0.001155887
1,All Population,4,YLLs (Years of Life Lost),4841,Andhra Pradesh,1,Male,9,20-24 years,498,Hypertensive heart disease,102,High alcohol use,2,Percent,2020,0.05704401,0.090018839,0.02876634
1,All Population,4,YLLs (Years of Life Lost),4841,Andhra Pradesh,2,Female,9,20-24 years,498,Hypertensive heart disease,102,High alcohol use,2,Percent,2020,0.001891895,0.004358875,0.0003365
1,All Population,4,YLLs (Years of Life Lost),4849,Delhi,1,Male,9,20-24 years,499,Cardiomyopathy and myocarditis,102,High alcohol use,2,Percent,2017,0.023763394,0.068043053,0.006385502
1,All Population,4,YLLs (Years of Life Lost),4849,Delhi,2,Female,9,20-24 years,499,Cardiomyopathy and myocarditis,102,High alcohol use,2,Percent,2017,0.017562359,0.057033303,0.004405283
1,All Population,4,YLLs (Years of Life Lost),4860,Maharashtra,1,Male,9,20-24 years,494,Stroke,102,High alcohol use,2,Percent,2020,0.005674412,0.018209681,-0.000913794
1,All Population,4,YLLs (Years of Life Lost),4860,Maharashtra,2,Female,9,20-24 years,494,Stroke,102,High alcohol use,2,Percent,2020,-3.62E-05,5.99E-05,-0.000121346
1,All Population,4,YLLs (Years of Life Lost),4864,Nagaland,1,Male,9,20-24 years,498,Hypertensive heart disease,102,High alcohol use,2,Percent,2020,0.064954238,0.101380949,0.034283571
1,All Population,4,YLLs (Years of Life Lost),4864,Nagaland,2,Female,9,20-24 years,498,Hypertensive heart disease,102,High alcohol use,2,Percent,2020,0.003869225,0.008519033,0.000777765
1,All Population,4,YLLs (Years of Life Lost),4846,Chhattisgarh,1,Male,9,20-24 years,493,Ischemic heart disease,102,High alcohol use,2,Percent,2020,-0.039158032,0.033447309,-0.107158897
1,All Population,4,YLLs (Years of Life Lost),4846,Chhattisgarh,2,Female,9,20-24 years,493,Ischemic heart disease,102,High alcohol use,2,Percent,2020,-0.002213346,0.002377631,-0.007228778
1,All Population,4,YLLs (Years of Life Lost),4856,Karnataka,1,Male,9,20-24 years,499,Cardiomyopathy and myocarditis,102,High alcohol use,2,Percent,2016,0.019897626,0.058014397,0.004976039
1,All Population,4,YLLs (Years of Life Lost),4856,Karnataka,2,Female,9,20-24 years,499,Cardiomyopathy and myocarditis,102,High alcohol use,2,Percent,2016,0.0123549,0.040042202,0.002571717
1,All Population,4,YLLs (Years of Life Lost),4846,Chhattisgarh,1,Male,9,20-24 years,494,Stroke,102,High alcohol use,2,Percent,2016,0.013384901,0.040231015,-0.002116892
1,All Population,4,YLLs (Years of Life Lost),4846,Chhattisgarh,2,Female,9,20-24 years,494,Stroke,102,High alcohol use,2,Percent,2016,-0.000238341,0.000433071,-0.000869225
1,All Population,4,YLLs (Years of Life Lost),4867,Punjab,1,Male,9,20-24 years,498,Hypertensive heart disease,102,High alcohol use,2,Percent,2017,0.051771685,0.080376544,0.026339092
1,All Population,4,YLLs (Years of Life Lost),4867,Punjab,2,Female,9,20-24 years,498,Hypertensive heart disease,102,High alcohol use,2,Percent,2017,0.0004304,0.000997289,7.72E-05
1,All Population,4,YLLs (Years of Life Lost),4873,Uttar Pradesh,1,Male,9,20-24 years,493,Ischemic heart disease,102,High alcohol use,2,Percent,2017,-0.011152011,0.011665366,-0.028331082
1,All Population,4,YLLs (Years of Life Lost),4873,Uttar Pradesh,2,Female,9,20-24 years,493,Ischemic heart disease,102,High alcohol use,2,Percent,2017,-0.000233055,0.000223179,-0.00090867
1,All Population,4,YLLs (Years of Life Lost),4849,Delhi,1,Male,9,20-24 years,499,Cardiomyopathy and myocarditis,102,High alcohol use,2,Percent,2015,0.024053405,0.070135646,0.006466569
1,All Population,4,YLLs (Years of Life Lost),4849,Delhi,2,Female,9,20-24 years,499,Cardiomyopathy and myocarditis,102,High alcohol use,2,Percent,2015,0.018091031,0.059271938,0.004354965
1,All Population,4,YLLs (Years of Life Lost),4862,Meghalaya,1,Male,9,20-24 years,494,Stroke,102,High alcohol use,2,Percent,2017,0.012777458,0.039113386,-0.001971976
1,All Population,4,YLLs (Years of Life Lost),4862,Meghalaya,2,Female,9,20-24 years,494,Stroke,102,High alcohol use,2,Percent,2017,-0.000141641,0.000272406,-0.000471722
1,All Population,4,YLLs (Years of Life Lost),4855,Jharkhand,1,Male,9,20-24 years,493,Ischemic heart disease,102,High alcohol use,2,Percent,2017,-0.032149763,0.027908806,-0.088664353
1,All Population,4,YLLs (Years of Life Lost),4855,Jharkhand,2,Female,9,20-24 years,493,Ischemic heart disease,102,High alcohol use,2,Percent,2017,-0.002519189,0.002744949,-0.00887487
1,All Population,4,YLLs (Years of Life Lost),4841,Andhra Pradesh,1,Male,9,20-24 years,494,Stroke,332,Chewing tobacco,2,Percent,2017,0.022075605,0.037746657,0.011205869
1,All Population,4,YLLs (Years of Life Lost),4841,Andhra Pradesh,2,Female,9,20-24 years,494,Stroke,332,Chewing tobacco,2,Percent,2017,0.005117937,0.011854383,0.001433471
1,All Population,4,YLLs (Years of Life Lost),4844,Bihar,1,Male,9,20-24 years,494,Stroke,332,Chewing tobacco,2,Percent,2020,0.071352467,0.129660258,0.030479755
1,All Population,4,YLLs (Years of Life Lost),4844,Bihar,2,Female,9,20-24 years,494,Stroke,332,Chewing tobacco,2,Percent,2020,0.003897854,0.009257695,0.001081736
1,All Population,4,YLLs (Years of Life Lost),4856,Karnataka,1,Male,9,20-24 years,499,Cardiomyopathy and myocarditis,102,High alcohol use,2,Percent,2017,0.019735227,0.056498951,0.004788939
1,All Population,4,YLLs (Years of Life Lost),4856,Karnataka,2,Female,9,20-24 years,499,Cardiomyopathy and myocarditis,102,High alcohol use,2,Percent,2017,0.012152746,0.040256526,0.002304625
1,All Population,4,YLLs (Years of Life Lost),4850,Goa,1,Male,9,20-24 years,498,Hypertensive heart disease,102,High alcohol use,2,Percent,2020,0.075715539,0.116119661,0.03977261
1,All Population,4,YLLs (Years of Life Lost),4850,Goa,2,Female,9,20-24 years,498,Hypertensive heart disease,102,High alcohol use,2,Percent,2020,0.004634524,0.010169283,0.00092781
1,All Population,4,YLLs (Years of Life Lost),4863,Mizoram,1,Male,9,20-24 years,493,Ischemic heart disease,102,High alcohol use,2,Percent,2020,-0.037359643,0.032134706,-0.110725639
1,All Population,4,YLLs (Years of Life Lost),4863,Mizoram,2,Female,9,20-24 years,493,Ischemic heart disease,102,High alcohol use,2,Percent,2020,-0.002465083,0.002582872,-0.007939603
1,All Population,4,YLLs (Years of Life Lost),4868,Rajasthan,1,Male,9,20-24 years,498,Hypertensive heart disease,102,High alcohol use,2,Percent,2017,0.024180074,0.0385979,0.01160463
1,All Population,4,YLLs (Years of Life Lost),4868,Rajasthan,2,Female,9,20-24 years,498,Hypertensive heart disease,102,High alcohol use,2,Percent,2017,0.000771097,0.001625543,0.00013781
1,All Population,4,YLLs (Years of Life Lost),4869,Sikkim,1,Male,9,20-24 years,499,Cardiomyopathy and myocarditis,102,High alcohol use,2,Percent,2015,0.021797023,0.062177127,0.00505617
1,All Population,4,YLLs (Years of Life Lost),4869,Sikkim,2,Female,9,20-24 years,499,Cardiomyopathy and myocarditis,102,High alcohol use,2,Percent,2015,0.013054713,0.040989955,0.002583041
1,All Population,4,YLLs (Years of Life Lost),4875,West Bengal,1,Male,9,20-24 years,494,Stroke,332,Chewing tobacco,2,Percent,2017,0.066596303,0.115698754,0.030677923
1,All Population,4,YLLs (Years of Life Lost),4875,West Bengal,2,Female,9,20-24 years,494,Stroke,332,Chewing tobacco,2,Percent,2017,0.017978087,0.036866361,0.00649776
1,All Population,4,YLLs (Years of Life Lost),4844,Bihar,1,Male,9,20-24 years,493,Ischemic heart disease,102,High alcohol use,2,Percent,2017,-0.021655578,0.019165118,-0.062497295
1,All Population,4,YLLs (Years of Life Lost),4844,Bihar,2,Female,9,20-24 years,493,Ischemic heart disease,102,High alcohol use,2,Percent,2017,-0.000372746,0.000415752,-0.001253744
1,All Population,4,YLLs (Years of Life Lost),4872,Tripura,1,Male,9,20-24 years,494,Stroke,332,Chewing tobacco,2,Percent,2017,0.099059953,0.163023137,0.048566616
1,All Population,4,YLLs (Years of Life Lost),4872,Tripura,2,Female,9,20-24 years,494,Stroke,332,Chewing tobacco,2,Percent,2017,0.095341299,0.158623665,0.044575119
1,All Population,4,YLLs (Years of Life Lost),4873,Uttar Pradesh,1,Male,9,20-24 years,494,Stroke,102,High alcohol use,2,Percent,2017,6.34E-05,0.002984979,-0.002504634
1,All Population,4,YLLs (Years of Life Lost),4873,Uttar Pradesh,2,Female,9,20-24 years,494,Stroke,102,High alcohol use,2,Percent,2017,-2.80E-05,4.38E-05,-0.000112226
1,All Population,4,YLLs (Years of Life Lost),4864,Nagaland,1,Male,9,20-24 years,494,Stroke,102,High alcohol use,2,Percent,2017,0.011671092,0.036780476,-0.001844174
1,All Population,4,YLLs (Years of Life Lost),4864,Nagaland,2,Female,9,20-24 years,494,Stroke,102,High alcohol use,2,Percent,2017,-0.000280017,0.000525835,-0.000930262
1,All Population,4,YLLs (Years of Life Lost),4862,Meghalaya,1,Male,9,20-24 years,498,Hypertensive heart disease,102,High alcohol use,2,Percent,2017,0.071229218,0.108296678,0.037346531
1,All Population,4,YLLs (Years of Life Lost),4862,Meghalaya,2,Female,9,20-24 years,498,Hypertensive heart disease,102,High alcohol use,2,Percent,2017,0.001983205,0.004447351,0.000354611
1,All Population,4,YLLs (Years of Life Lost),4861,Manipur,1,Male,9,20-24 years,499,Cardiomyopathy and myocarditis,102,High alcohol use,2,Percent,2016,0.024424643,0.071621078,0.005392773
1,All Population,4,YLLs (Years of Life Lost),4861,Manipur,2,Female,9,20-24 years,499,Cardiomyopathy and myocarditis,102,High alcohol use,2,Percent,2016,0.015417527,0.052716714,0.003207495
1,All Population,4,YLLs (Years of Life Lost),4856,Karnataka,1,Male,9,20-24 years,499,Cardiomyopathy and myocarditis,102,High alcohol use,2,Percent,2015,0.019544702,0.056199041,0.004977932
1,All Population,4,YLLs (Years of Life Lost),4856,Karnataka,2,Female,9,20-24 years,499,Cardiomyopathy and myocarditis,102,High alcohol use,2,Percent,2015,0.012083338,0.038762497,0.002438137
1,All Population,4,YLLs (Years of Life Lost),4862,Meghalaya,1,Male,9,20-24 years,493,Ischemic heart disease,102,High alcohol use,2,Percent,2020,-0.039515843,0.033542597,-0.116197667
1,All Population,4,YLLs (Years of Life Lost),4862,Meghalaya,2,Female,9,20-24 years,493,Ischemic heart disease,102,High alcohol use,2,Percent,2020,-0.001371101,0.001471794,-0.004468605
1,All Population,4,YLLs (Years of Life Lost),4863,Mizoram,1,Male,9,20-24 years,494,Stroke,102,High alcohol use,2,Percent,2017,0.011257079,0.034083854,-0.001732081
1,All Population,4,YLLs (Years of Life Lost),4863,Mizoram,2,Female,9,20-24 years,494,Stroke,102,High alcohol use,2,Percent,2017,-0.00024227,0.000473572,-0.000790243
1,All Population,4,YLLs (Years of Life Lost),4853,Himachal Pradesh,1,Male,9,20-24 years,493,Ischemic heart disease,102,High alcohol use,2,Percent,2015,-0.023190303,0.020587428,-0.064113103
1,All Population,4,YLLs (Years of Life Lost),4853,Himachal Pradesh,2,Female,9,20-24 years,493,Ischemic heart disease,102,High alcohol use,2,Percent,2015,-0.000439699,0.000475136,-0.001551171
1,All Population,4,YLLs (Years of Life Lost),4874,Uttarakhand,1,Male,9,20-24 years,493,Ischemic heart disease,102,High alcohol use,2,Percent,2020,-0.026291965,0.023441449,-0.076303236
1,All Population,4,YLLs (Years of Life Lost),4874,Uttarakhand,2,Female,9,20-24 years,493,Ischemic heart disease,102,High alcohol use,2,Percent,2020,-0.00032915,0.000333118,-0.001075489
1,All Population,4,YLLs (Years of Life Lost),4851,Gujarat,1,Male,9,20-24 years,494,Stroke,102,High alcohol use,2,Percent,2020,0.002459203,0.007998581,-0.000346248
1,All Population,4,YLLs (Years of Life Lost),4851,Gujarat,2,Female,9,20-24 years,494,Stroke,102,High alcohol use,2,Percent,2020,-3.56E-05,6.52E-05,-0.000135359
1,All Population,4,YLLs (Years of Life Lost),4853,Himachal Pradesh,1,Male,9,20-24 years,493,Ischemic heart disease,102,High alcohol use,2,Percent,2016,-0.023307066,0.020526962,-0.065239428
1,All Population,4,YLLs (Years of Life Lost),4853,Himachal Pradesh,2,Female,9,20-24 years,493,Ischemic heart disease,102,High alcohol use,2,Percent,2016,-0.00047542,0.000514851,-0.001658094
1,All Population,4,YLLs (Years of Life Lost),4856,Karnataka,1,Male,9,20-24 years,498,Hypertensive heart disease,102,High alcohol use,2,Percent,2017,0.047293538,0.075148804,0.023459408
1,All Population,4,YLLs (Years of Life Lost),4856,Karnataka,2,Female,9,20-24 years,498,Hypertensive heart disease,102,High alcohol use,2,Percent,2017,0.005860324,0.011076494,0.001369013
1,All Population,4,YLLs (Years of Life Lost),4868,Rajasthan,1,Male,9,20-24 years,493,Ischemic heart disease,102,High alcohol use,2,Percent,2016,-0.011854362,0.010960416,-0.032859634
1,All Population,4,YLLs (Years of Life Lost),4868,Rajasthan,2,Female,9,20-24 years,493,Ischemic heart disease,102,High alcohol use,2,Percent,2016,-0.000517366,0.00055589,-0.001693186
1,All Population,4,YLLs (Years of Life Lost),4861,Manipur,1,Male,9,20-24 years,498,Hypertensive heart disease,102,High alcohol use,2,Percent,2016,0.073940344,0.111067346,0.03917203
1,All Population,4,YLLs (Years of Life Lost),4861,Manipur,2,Female,9,20-24 years,498,Hypertensive heart disease,102,High alcohol use,2,Percent,2016,0.00399667,0.009145091,0.000774561
1,All Population,4,YLLs (Years of Life Lost),4841,Andhra Pradesh,1,Male,9,20-24 years,499,Cardiomyopathy and myocarditis,102,High alcohol use,2,Percent,2016,0.018514245,0.055768647,0.004746583
1,All Population,4,YLLs (Years of Life Lost),4841,Andhra Pradesh,2,Female,9,20-24 years,499,Cardiomyopathy and myocarditis,102,High alcohol use,2,Percent,2016,0.011698199,0.034151203,0.002426858
1,All Population,4,YLLs (Years of Life Lost),4852,Haryana,1,Male,9,20-24 years,494,Stroke,332,Chewing tobacco,2,Percent,2017,0.024035717,0.044401097,0.010139976
1,All Population,4,YLLs (Years of Life Lost),4852,Haryana,2,Female,9,20-24 years,494,Stroke,332,Chewing tobacco,2,Percent,2017,0.002579707,0.005964098,0.0007212
1,All Population,4,YLLs (Years of Life Lost),4872,Tripura,1,Male,9,20-24 years,494,Stroke,102,High alcohol use,2,Percent,2020,0.01230032,0.038471874,-0.001860405
1,All Population,4,YLLs (Years of Life Lost),4872,Tripura,2,Female,9,20-24 years,494,Stroke,102,High alcohol use,2,Percent,2020,-0.000290553,0.00050948,-0.001091851
1,All Population,4,YLLs (Years of Life Lost),4865,Odisha,1,Male,9,20-24 years,493,Ischemic heart disease,102,High alcohol use,2,Percent,2017,-0.03240254,0.028797075,-0.087160993
1,All Population,4,YLLs (Years of Life Lost),4865,Odisha,2,Female,9,20-24 years,493,Ischemic heart disease,102,High alcohol use,2,Percent,2017,-0.00170822,0.001842499,-0.005444501
1,All Population,4,YLLs (Years of Life Lost),4856,Karnataka,1,Male,9,20-24 years,498,Hypertensive heart disease,102,High alcohol use,2,Percent,2015,0.047607292,0.074698149,0.023207687
1,All Population,4,YLLs (Years of Life Lost),4856,Karnataka,2,Female,9,20-24 years,498,Hypertensive heart disease,102,High alcohol use,2,Percent,2015,0.007280274,0.013694749,0.00161738
1,All Population,4,YLLs (Years of Life Lost),4851,Gujarat,1,Male,9,20-24 years,494,Stroke,332,Chewing tobacco,2,Percent,2017,0.09746123,0.165208521,0.0451352
1,All Population,4,YLLs (Years of Life Lost),4851,Gujarat,2,Female,9,20-24 years,494,Stroke,332,Chewing tobacco,2,Percent,2017,0.011455968,0.024421599,0.003837434
1,All Population,4,YLLs (Years of Life Lost),4870,Tamil Nadu,1,Male,9,20-24 years,498,Hypertensive heart disease,102,High alcohol use,2,Percent,2020,0.067195084,0.100532314,0.037501464
1,All Population,4,YLLs (Years of Life Lost),4870,Tamil Nadu,2,Female,9,20-24 years,498,Hypertensive heart disease,102,High alcohol use,2,Percent,2020,0.000386855,0.001004767,5.87E-05
1,All Population,4,YLLs (Years of Life Lost),4854,Jammu & Kashmir and Ladakh,1,Male,9,20-24 years,494,Stroke,102,High alcohol use,2,Percent,2017,0.003212827,0.010351709,-0.000451126
1,All Population,4,YLLs (Years of Life Lost),4854,Jammu & Kashmir and Ladakh,2,Female,9,20-24 years,494,Stroke,102,High alcohol use,2,Percent,2017,-3.35E-05,6.16E-05,-0.000119404
1,All Population,4,YLLs (Years of Life Lost),4849,Delhi,1,Male,9,20-24 years,498,Hypertensive heart disease,102,High alcohol use,2,Percent,2017,0.04163964,0.065987847,0.020668613
1,All Population,4,YLLs (Years of Life Lost),4849,Delhi,2,Female,9,20-24 years,498,Hypertensive heart disease,102,High alcohol use,2,Percent,2017,0.000778751,0.001817906,0.000137948
1,All Population,4,YLLs (Years of Life Lost),4859,Madhya Pradesh,1,Male,9,20-24 years,499,Cardiomyopathy and myocarditis,102,High alcohol use,2,Percent,2016,0.022675967,0.069236938,0.005354872
1,All Population,4,YLLs (Years of Life Lost),4859,Madhya Pradesh,2,Female,9,20-24 years,499,Cardiomyopathy and myocarditis,102,High alcohol use,2,Percent,2016,0.015338549,0.0522198,0.002927961
1,All Population,4,YLLs (Years of Life Lost),4861,Manipur,1,Male,9,20-24 years,494,Stroke,332,Chewing tobacco,2,Percent,2017,0.136440304,0.20787192,0.074790622
1,All Population,4,YLLs (Years of Life Lost),4861,Manipur,2,Female,9,20-24 years,494,Stroke,332,Chewing tobacco,2,Percent,2017,0.106465848,0.166191521,0.056416763
1,All Population,4,YLLs (Years of Life Lost),44538,Other Union Territories,1,Male,9,20-24 years,494,Stroke,102,High alcohol use,2,Percent,2017,0.008773544,0.027064531,-0.001339054
1,All Population,4,YLLs (Years of Life Lost),44538,Other Union Territories,2,Female,9,20-24 years,494,Stroke,102,High alcohol use,2,Percent,2017,-9.21E-05,0.000171181,-0.000314506
1,All Population,4,YLLs (Years of Life Lost),44538,Other Union Territories,1,Male,9,20-24 years,494,Stroke,102,High alcohol use,2,Percent,2020,0.008882753,0.027814409,-0.001338279
1,All Population,4,YLLs (Years of Life Lost),44538,Other Union Territories,2,Female,9,20-24 years,494,Stroke,102,High alcohol use,2,Percent,2020,-0.000101728,0.000182142,-0.000383905
1,All Population,4,YLLs (Years of Life Lost),4871,Telangana,1,Male,9,20-24 years,494,Stroke,332,Chewing tobacco,2,Percent,2017,0.024650185,0.047542706,0.009105004
1,All Population,4,YLLs (Years of Life Lost),4871,Telangana,2,Female,9,20-24 years,494,Stroke,332,Chewing tobacco,2,Percent,2017,0.006599686,0.015190688,0.001931965
1,All Population,4,YLLs (Years of Life Lost),4873,Uttar Pradesh,1,Male,9,20-24 years,498,Hypertensive heart disease,102,High alcohol use,2,Percent,2017,0.01747243,0.02739157,0.0064821
1,All Population,4,YLLs (Years of Life Lost),4873,Uttar Pradesh,2,Female,9,20-24 years,498,Hypertensive heart disease,102,High alcohol use,2,Percent,2017,0.000344194,0.000879259,5.43E-05
1,All Population,4,YLLs (Years of Life Lost),4867,Punjab,1,Male,9,20-24 years,494,Stroke,102,High alcohol use,2,Percent,2020,0.008708298,0.028745706,-0.00127448
1,All Population,4,YLLs (Years of Life Lost),4867,Punjab,2,Female,9,20-24 years,494,Stroke,102,High alcohol use,2,Percent,2020,-3.05E-05,4.54E-05,-0.000107527
1,All Population,4,YLLs (Years of Life Lost),4852,Haryana,1,Male,9,20-24 years,494,Stroke,102,High alcohol use,2,Percent,2020,0.000522346,0.005321536,-0.001479262
1,All Population,4,YLLs (Years of Life Lost),4852,Haryana,2,Female,9,20-24 years,494,Stroke,102,High alcohol use,2,Percent,2020,-4.02E-05,6.44E-05,-0.000151179
1,All Population,4,YLLs (Years of Life Lost),4868,Rajasthan,1,Male,9,20-24 years,494,Stroke,332,Chewing tobacco,2,Percent,2016,0.077833566,0.131055648,0.038774419
1,All Population,4,YLLs (Years of Life Lost),4868,Rajasthan,2,Female,9,20-24 years,494,Stroke,332,Chewing tobacco,2,Percent,2016,0.012242307,0.026310734,0.004013531
1,All Population,4,YLLs (Years of Life Lost),4854,Jammu & Kashmir and Ladakh,1,Male,9,20-24 years,499,Cardiomyopathy and myocarditis,102,High alcohol use,2,Percent,2017,0.022578234,0.064450044,0.005787974
1,All Population,4,YLLs (Years of Life Lost),4854,Jammu & Kashmir and Ladakh,2,Female,9,20-24 years,499,Cardiomyopathy and myocarditis,102,High alcohol use,2,Percent,2017,0.0143727,0.046975227,0.002823247
1,All Population,4,YLLs (Years of Life Lost),4865,Odisha,1,Male,9,20-24 years,498,Hypertensive heart disease,102,High alcohol use,2,Percent,2017,0.060020479,0.091999081,0.032853862
1,All Population,4,YLLs (Years of Life Lost),4865,Odisha,2,Female,9,20-24 years,498,Hypertensive heart disease,102,High alcohol use,2,Percent,2017,0.002572848,0.0054662,0.000476769
1,All Population,4,YLLs (Years of Life Lost),4872,Tripura,1,Male,9,20-24 years,494,Stroke,332,Chewing tobacco,2,Percent,2016,0.103259204,0.167312737,0.052098501
1,All Population,4,YLLs (Years of Life Lost),4872,Tripura,2,Female,9,20-24 years,494,Stroke,332,Chewing tobacco,2,Percent,2016,0.098400896,0.161758632,0.045064562
1,All Population,4,YLLs (Years of Life Lost),4869,Sikkim,1,Male,9,20-24 years,494,Stroke,102,High alcohol use,2,Percent,2017,0.012370277,0.038133252,-0.001976951
1,All Population,4,YLLs (Years of Life Lost),4869,Sikkim,2,Female,9,20-24 years,494,Stroke,102,High alcohol use,2,Percent,2017,-0.000980002,0.001558934,-0.003140434
1,All Population,4,YLLs (Years of Life Lost),4868,Rajasthan,1,Male,9,20-24 years,499,Cardiomyopathy and myocarditis,102,High alcohol use,2,Percent,2017,0.022260792,0.068799865,0.005359564
1,All Population,4,YLLs (Years of Life Lost),4868,Rajasthan,2,Female,9,20-24 years,499,Cardiomyopathy and myocarditis,102,High alcohol use,2,Percent,2017,0.015314787,0.046352191,0.003411725
1,All Population,4,YLLs (Years of Life Lost),4865,Odisha,1,Male,9,20-24 years,499,Cardiomyopathy and myocarditis,102,High alcohol use,2,Percent,2020,0.020620113,0.061527323,0.004718136
1,All Population,4,YLLs (Years of Life Lost),4865,Odisha,2,Female,9,20-24 years,499,Cardiomyopathy and myocarditis,102,High alcohol use,2,Percent,2020,0.013173318,0.045973958,0.00223396
1,All Population,4,YLLs (Years of Life Lost),4850,Goa,1,Male,9,20-24 years,494,Stroke,332,Chewing tobacco,2,Percent,2017,0.021341125,0.04249602,0.008196433
1,All Population,4,YLLs (Years of Life Lost),4850,Goa,2,Female,9,20-24 years,494,Stroke,332,Chewing tobacco,2,Percent,2017,0.004364555,0.01064419,0.001248614
1,All Population,4,YLLs (Years of Life Lost),4850,Goa,1,Male,9,20-24 years,494,Stroke,102,High alcohol use,2,Percent,2020,0.012758878,0.039845517,-0.002078211
1,All Population,4,YLLs (Years of Life Lost),4850,Goa,2,Female,9,20-24 years,494,Stroke,102,High alcohol use,2,Percent,2020,-0.000337205,0.000518907,-0.001132518
1,All Population,4,YLLs (Years of Life Lost),4857,Kerala,1,Male,9,20-24 years,499,Cardiomyopathy and myocarditis,102,High alcohol use,2,Percent,2017,0.018589353,0.050617946,0.005033489
1,All Population,4,YLLs (Years of Life Lost),4857,Kerala,2,Female,9,20-24 years,499,Cardiomyopathy and myocarditis,102,High alcohol use,2,Percent,2017,0.011872561,0.036483579,0.002505424
1,All Population,4,YLLs (Years of Life Lost),4854,Jammu & Kashmir and Ladakh,1,Male,9,20-24 years,494,Stroke,332,Chewing tobacco,2,Percent,2016,0.021945256,0.042795259,0.008649047
1,All Population,4,YLLs (Years of Life Lost),4854,Jammu & Kashmir and Ladakh,2,Female,9,20-24 years,494,Stroke,332,Chewing tobacco,2,Percent,2016,0.002659804,0.006257305,0.000721786
1,All Population,4,YLLs (Years of Life Lost),4842,Arunachal Pradesh,1,Male,9,20-24 years,493,Ischemic heart disease,102,High alcohol use,2,Percent,2015,-0.062014751,0.05317464,-0.169323608
1,All Population,4,YLLs (Years of Life Lost),4842,Arunachal Pradesh,2,Female,9,20-24 years,493,Ischemic heart disease,102,High alcohol use,2,Percent,2015,-0.011760411,0.011771182,-0.039321802
1,All Population,4,YLLs (Years of Life Lost),4855,Jharkhand,1,Male,9,20-24 years,498,Hypertensive heart disease,102,High alcohol use,2,Percent,2017,0.05921343,0.09084166,0.031498035
1,All Population,4,YLLs (Years of Life Lost),4855,Jharkhand,2,Female,9,20-24 years,498,Hypertensive heart disease,102,High alcohol use,2,Percent,2017,0.003481935,0.007747328,0.00063716
1,All Population,4,YLLs (Years of Life Lost),4851,Gujarat,1,Male,9,20-24 years,494,Stroke,332,Chewing tobacco,2,Percent,2020,0.082204976,0.146546236,0.036394624
1,All Population,4,YLLs (Years of Life Lost),4851,Gujarat,2,Female,9,20-24 years,494,Stroke,332,Chewing tobacco,2,Percent,2020,0.009451963,0.020198291,0.002970105
1,All Population,4,YLLs (Years of Life Lost),4841,Andhra Pradesh,1,Male,9,20-24 years,493,Ischemic heart disease,102,High alcohol use,2,Percent,2020,-0.031334686,0.027269059,-0.092937029
1,All Population,4,YLLs (Years of Life Lost),4841,Andhra Pradesh,2,Female,9,20-24 years,493,Ischemic heart disease,102,High alcohol use,2,Percent,2020,-0.001219965,0.00136626,-0.003940359
1,All Population,4,YLLs (Years of Life Lost),4854,Jammu & Kashmir and Ladakh,1,Male,9,20-24 years,499,Cardiomyopathy and myocarditis,102,High alcohol use,2,Percent,2015,0.022599847,0.066231474,0.005695204
1,All Population,4,YLLs (Years of Life Lost),4854,Jammu & Kashmir and Ladakh,2,Female,9,20-24 years,499,Cardiomyopathy and myocarditis,102,High alcohol use,2,Percent,2015,0.014686536,0.047033219,0.003069824
1,All Population,4,YLLs (Years of Life Lost),4850,Goa,1,Male,9,20-24 years,494,Stroke,332,Chewing tobacco,2,Percent,2015,0.024039413,0.047342284,0.009660698
1,All Population,4,YLLs (Years of Life Lost),4850,Goa,2,Female,9,20-24 years,494,Stroke,332,Chewing tobacco,2,Percent,2015,0.005020209,0.01187303,0.001379608
1,All Population,4,YLLs (Years of Life Lost),4865,Odisha,1,Male,9,20-24 years,494,Stroke,102,High alcohol use,2,Percent,2016,0.011080209,0.03245886,-0.001728235
1,All Population,4,YLLs (Years of Life Lost),4865,Odisha,2,Female,9,20-24 years,494,Stroke,102,High alcohol use,2,Percent,2016,-0.000181681,0.000334924,-0.000629236
1,All Population,4,YLLs (Years of Life Lost),4853,Himachal Pradesh,1,Male,9,20-24 years,494,Stroke,102,High alcohol use,2,Percent,2020,0.007455937,0.023016379,-0.001122489
1,All Population,4,YLLs (Years of Life Lost),4853,Himachal Pradesh,2,Female,9,20-24 years,494,Stroke,102,High alcohol use,2,Percent,2020,-6.79E-05,0.000122491,-0.000245573
1,All Population,4,YLLs (Years of Life Lost),44538,Other Union Territories,1,Male,9,20-24 years,498,Hypertensive heart disease,102,High alcohol use,2,Percent,2017,0.050330005,0.078902977,0.025238102
1,All Population,4,YLLs (Years of Life Lost),44538,Other Union Territories,2,Female,9,20-24 years,498,Hypertensive heart disease,102,High alcohol use,2,Percent,2017,0.001306248,0.003172583,0.000232099
1,All Population,4,YLLs (Years of Life Lost),4870,Tamil Nadu,1,Male,9,20-24 years,499,Cardiomyopathy and myocarditis,102,High alcohol use,2,Percent,2016,0.019441735,0.058674223,0.005047535
1,All Population,4,YLLs (Years of Life Lost),4870,Tamil Nadu,2,Female,9,20-24 years,499,Cardiomyopathy and myocarditis,102,High alcohol use,2,Percent,2016,0.012644697,0.042532979,0.002944726
1,All Population,4,YLLs (Years of Life Lost),4850,Goa,1,Male,9,20-24 years,499,Cardiomyopathy and myocarditis,102,High alcohol use,2,Percent,2017,0.017794693,0.049191498,0.004602606
1,All Population,4,YLLs (Years of Life Lost),4850,Goa,2,Female,9,20-24 years,499,Cardiomyopathy and myocarditis,102,High alcohol use,2,Percent,2017,0.01239583,0.03887678,0.002736214
1,All Population,4,YLLs (Years of Life Lost),4853,Himachal Pradesh,1,Male,9,20-24 years,494,Stroke,332,Chewing tobacco,2,Percent,2020,0.015503737,0.033515997,0.004968656
1,All Population,4,YLLs (Years of Life Lost),4853,Himachal Pradesh,2,Female,9,20-24 years,494,Stroke,332,Chewing tobacco,2,Percent,2020,0.001732208,0.004143978,0.000468132
1,All Population,4,YLLs (Years of Life Lost),4875,West Bengal,1,Male,9,20-24 years,493,Ischemic heart disease,102,High alcohol use,2,Percent,2016,-0.027267692,0.023940911,-0.078148851
1,All Population,4,YLLs (Years of Life Lost),4875,West Bengal,2,Female,9,20-24 years,493,Ischemic heart disease,102,High alcohol use,2,Percent,2016,-0.000555824,0.000581483,-0.002022379
1,All Population,4,YLLs (Years of Life Lost),4852,Haryana,1,Male,9,20-24 years,493,Ischemic heart disease,102,High alcohol use,2,Percent,2016,-0.013309689,0.012207551,-0.037728951
1,All Population,4,YLLs (Years of Life Lost),4852,Haryana,2,Female,9,20-24 years,493,Ischemic heart disease,102,High alcohol use,2,Percent,2016,-0.000300912,0.000308594,-0.001120013
1,All Population,4,YLLs (Years of Life Lost),4843,Assam,1,Male,9,20-24 years,498,Hypertensive heart disease,102,High alcohol use,2,Percent,2017,0.065398401,0.095610583,0.038016482
1,All Population,4,YLLs (Years of Life Lost),4843,Assam,2,Female,9,20-24 years,498,Hypertensive heart disease,102,High alcohol use,2,Percent,2017,0.003513465,0.008180989,0.00059621
1,All Population,4,YLLs (Years of Life Lost),44538,Other Union Territories,1,Male,9,20-24 years,494,Stroke,332,Chewing tobacco,2,Percent,2020,0.030428494,0.056615173,0.013244617
1,All Population,4,YLLs (Years of Life Lost),44538,Other Union Territories,2,Female,9,20-24 years,494,Stroke,332,Chewing tobacco,2,Percent,2020,0.003706084,0.008736697,0.001015497
1,All Population,4,YLLs (Years of Life Lost),4870,Tamil Nadu,1,Male,9,20-24 years,498,Hypertensive heart disease,102,High alcohol use,2,Percent,2017,0.068187706,0.100282401,0.037857484
1,All Population,4,YLLs (Years of Life Lost),4870,Tamil Nadu,2,Female,9,20-24 years,498,Hypertensive heart disease,102,High alcohol use,2,Percent,2017,0.000341674,0.000862791,5.45E-05
1,All Population,4,YLLs (Years of Life Lost),4855,Jharkhand,1,Male,9,20-24 years,499,Cardiomyopathy and myocarditis,102,High alcohol use,2,Percent,2020,0.020515431,0.057336979,0.004904886
1,All Population,4,YLLs (Years of Life Lost),4855,Jharkhand,2,Female,9,20-24 years,499,Cardiomyopathy and myocarditis,102,High alcohol use,2,Percent,2020,0.013826507,0.043333167,0.002850562
1,All Population,4,YLLs (Years of Life Lost),4861,Manipur,1,Male,9,20-24 years,498,Hypertensive heart disease,102,High alcohol use,2,Percent,2017,0.074196059,0.112617432,0.039416568
1,All Population,4,YLLs (Years of Life Lost),4861,Manipur,2,Female,9,20-24 years,498,Hypertensive heart disease,102,High alcohol use,2,Percent,2017,0.004140284,0.009478816,0.000807051
1,All Population,4,YLLs (Years of Life Lost),4856,Karnataka,1,Male,9,20-24 years,499,Cardiomyopathy and myocarditis,102,High alcohol use,2,Percent,2020,0.019205392,0.055512209,0.004761582
1,All Population,4,YLLs (Years of Life Lost),4856,Karnataka,2,Female,9,20-24 years,499,Cardiomyopathy and myocarditis,102,High alcohol use,2,Percent,2020,0.011895485,0.040760152,0.002190741
1,All Population,4,YLLs (Years of Life Lost),4868,Rajasthan,1,Male,9,20-24 years,494,Stroke,332,Chewing tobacco,2,Percent,2021,0.058998513,0.111793231,0.023780306
1,All Population,4,YLLs (Years of Life Lost),4868,Rajasthan,2,Female,9,20-24 years,494,Stroke,332,Chewing tobacco,2,Percent,2021,0.009533093,0.02129141,0.003220275
1,All Population,4,YLLs (Years of Life Lost),4850,Goa,1,Male,9,20-24 years,498,Hypertensive heart disease,102,High alcohol use,2,Percent,2021,0.075697336,0.117209534,0.039990919
1,All Population,4,YLLs (Years of Life Lost),4850,Goa,2,Female,9,20-24 years,498,Hypertensive heart disease,102,High alcohol use,2,Percent,2021,0.004696981,0.010346153,0.000983609
1,All Population,4,YLLs (Years of Life Lost),4869,Sikkim,1,Male,9,20-24 years,499,Cardiomyopathy and myocarditis,102,High alcohol use,2,Percent,2016,0.021611676,0.064063628,0.005130217
1,All Population,4,YLLs (Years of Life Lost),4869,Sikkim,2,Female,9,20-24 years,499,Cardiomyopathy and myocarditis,102,High alcohol use,2,Percent,2016,0.012809819,0.040419947,0.002523613
1,All Population,4,YLLs (Years of Life Lost),4868,Rajasthan,1,Male,9,20-24 years,494,Stroke,102,High alcohol use,2,Percent,2020,0.004061606,0.014156971,-0.000591586
1,All Population,4,YLLs (Years of Life Lost),4868,Rajasthan,2,Female,9,20-24 years,494,Stroke,102,High alcohol use,2,Percent,2020,-5.64E-05,8.76E-05,-0.000198019
1,All Population,4,YLLs (Years of Life Lost),4865,Odisha,1,Male,9,20-24 years,494,Stroke,332,Chewing tobacco,2,Percent,2020,0.087690899,0.150728485,0.041387088
1,All Population,4,YLLs (Years of Life Lost),4865,Odisha,2,Female,9,20-24 years,494,Stroke,332,Chewing tobacco,2,Percent,2020,0.024714589,0.050947892,0.009175475
1,All Population,4,YLLs (Years of Life Lost),4871,Telangana,1,Male,9,20-24 years,494,Stroke,102,High alcohol use,2,Percent,2017,0.014729947,0.044581951,-0.002243834
1,All Population,4,YLLs (Years of Life Lost),4871,Telangana,2,Female,9,20-24 years,494,Stroke,102,High alcohol use,2,Percent,2017,-0.000212465,0.00042112,-0.000718492
1,All Population,4,YLLs (Years of Life Lost),4856,Karnataka,1,Male,9,20-24 years,494,Stroke,332,Chewing tobacco,2,Percent,2020,0.045035545,0.085184194,0.019185641
1,All Population,4,YLLs (Years of Life Lost),4856,Karnataka,2,Female,9,20-24 years,494,Stroke,332,Chewing tobacco,2,Percent,2020,0.006890058,0.015679017,0.001954323
1,All Population,4,YLLs (Years of Life Lost),4843,Assam,1,Male,9,20-24 years,493,Ischemic heart disease,102,High alcohol use,2,Percent,2020,-0.029628272,0.026566286,-0.081073392
1,All Population,4,YLLs (Years of Life Lost),4843,Assam,2,Female,9,20-24 years,493,Ischemic heart disease,102,High alcohol use,2,Percent,2020,-0.002742342,0.002536335,-0.009328684
1,All Population,4,YLLs (Years of Life Lost),4843,Assam,1,Male,9,20-24 years,499,Cardiomyopathy and myocarditis,102,High alcohol use,2,Percent,2016,0.022811758,0.064442577,0.005375796
1,All Population,4,YLLs (Years of Life Lost),4843,Assam,2,Female,9,20-24 years,499,Cardiomyopathy and myocarditis,102,High alcohol use,2,Percent,2016,0.014056881,0.048663531,0.002356551
1,All Population,4,YLLs (Years of Life Lost),4846,Chhattisgarh,1,Male,9,20-24 years,498,Hypertensive heart disease,102,High alcohol use,2,Percent,2020,0.070053705,0.106219479,0.038105934
1,All Population,4,YLLs (Years of Life Lost),4846,Chhattisgarh,2,Female,9,20-24 years,498,Hypertensive heart disease,102,High alcohol use,2,Percent,2020,0.003306174,0.007566218,0.000555759
1,All Population,4,YLLs (Years of Life Lost),4869,Sikkim,1,Male,9,20-24 years,494,Stroke,332,Chewing tobacco,2,Percent,2017,0.04026295,0.076379652,0.015334506
1,All Population,4,YLLs (Years of Life Lost),4869,Sikkim,2,Female,9,20-24 years,494,Stroke,332,Chewing tobacco,2,Percent,2017,0.008218066,0.019082295,0.002460301
1,All Population,4,YLLs (Years of Life Lost),4854,Jammu & Kashmir and Ladakh,1,Male,9,20-24 years,493,Ischemic heart disease,102,High alcohol use,2,Percent,2020,-0.009231139,0.009243744,-0.02697301
1,All Population,4,YLLs (Years of Life Lost),4854,Jammu & Kashmir and Ladakh,2,Female,9,20-24 years,493,Ischemic heart disease,102,High alcohol use,2,Percent,2020,-0.000350041,0.000334389,-0.001176826
1,All Population,4,YLLs (Years of Life Lost),4867,Punjab,1,Male,9,20-24 years,498,Hypertensive heart disease,102,High alcohol use,2,Percent,2020,0.050234812,0.079305409,0.02576346
1,All Population,4,YLLs (Years of Life Lost),4867,Punjab,2,Female,9,20-24 years,498,Hypertensive heart disease,102,High alcohol use,2,Percent,2020,0.000418204,0.000969122,7.61E-05
1,All Population,4,YLLs (Years of Life Lost),4863,Mizoram,1,Male,9,20-24 years,494,Stroke,332,Chewing tobacco,2,Percent,2016,0.069191884,0.119713804,0.031885296
1,All Population,4,YLLs (Years of Life Lost),4863,Mizoram,2,Female,9,20-24 years,494,Stroke,332,Chewing tobacco,2,Percent,2016,0.130165496,0.198450416,0.069165614
1,All Population,4,YLLs (Years of Life Lost),4864,Nagaland,1,Male,9,20-24 years,493,Ischemic heart disease,102,High alcohol use,2,Percent,2020,-0.03625955,0.030546052,-0.105585935
1,All Population,4,YLLs (Years of Life Lost),4864,Nagaland,2,Female,9,20-24 years,493,Ischemic heart disease,102,High alcohol use,2,Percent,2020,-0.002575294,0.002717172,-0.008190027
1,All Population,4,YLLs (Years of Life Lost),4851,Gujarat,1,Male,9,20-24 years,494,Stroke,332,Chewing tobacco,2,Percent,2016,0.102353639,0.168121404,0.047944127
1,All Population,4,YLLs (Years of Life Lost),4851,Gujarat,2,Female,9,20-24 years,494,Stroke,332,Chewing tobacco,2,Percent,2016,0.012060627,0.026731603,0.003996422
1,All Population,4,YLLs (Years of Life Lost),4846,Chhattisgarh,1,Male,9,20-24 years,499,Cardiomyopathy and myocarditis,102,High alcohol use,2,Percent,2016,0.022618103,0.070889107,0.005134536
1,All Population,4,YLLs (Years of Life Lost),4846,Chhattisgarh,2,Female,9,20-24 years,499,Cardiomyopathy and myocarditis,102,High alcohol use,2,Percent,2016,0.014966805,0.052100945,0.00249583
1,All Population,4,YLLs (Years of Life Lost),4867,Punjab,1,Male,9,20-24 years,499,Cardiomyopathy and myocarditis,102,High alcohol use,2,Percent,2017,0.020990966,0.06632631,0.005108303
1,All Population,4,YLLs (Years of Life Lost),4867,Punjab,2,Female,9,20-24 years,499,Cardiomyopathy and myocarditis,102,High alcohol use,2,Percent,2017,0.016001697,0.056022233,0.003117355
1,All Population,4,YLLs (Years of Life Lost),4862,Meghalaya,1,Male,9,20-24 years,494,Stroke,332,Chewing tobacco,2,Percent,2017,0.055614359,0.100708151,0.023049974
1,All Population,4,YLLs (Years of Life Lost),4862,Meghalaya,2,Female,9,20-24 years,494,Stroke,332,Chewing tobacco,2,Percent,2017,0.080395793,0.134425459,0.038834992
1,All Population,4,YLLs (Years of Life Lost),4870,Tamil Nadu,1,Male,9,20-24 years,493,Ischemic heart disease,102,High alcohol use,2,Percent,2020,-0.037038953,0.032390904,-0.100321409
1,All Population,4,YLLs (Years of Life Lost),4870,Tamil Nadu,2,Female,9,20-24 years,493,Ischemic heart disease,102,High alcohol use,2,Percent,2020,-0.000272273,0.000247872,-0.000939684
1,All Population,4,YLLs (Years of Life Lost),4861,Manipur,1,Male,9,20-24 years,493,Ischemic heart disease,102,High alcohol use,2,Percent,2020,-0.04205581,0.035271087,-0.121893342
1,All Population,4,YLLs (Years of Life Lost),4861,Manipur,2,Female,9,20-24 years,493,Ischemic heart disease,102,High alcohol use,2,Percent,2020,-0.002935893,0.003080529,-0.009548166
1,All Population,4,YLLs (Years of Life Lost),4873,Uttar Pradesh,1,Male,9,20-24 years,494,Stroke,102,High alcohol use,2,Percent,2020,0.000184183,0.003178535,-0.001860921
1,All Population,4,YLLs (Years of Life Lost),4873,Uttar Pradesh,2,Female,9,20-24 years,494,Stroke,102,High alcohol use,2,Percent,2020,-2.94E-05,5.24E-05,-0.000118282
1,All Population,4,YLLs (Years of Life Lost),4868,Rajasthan,1,Male,9,20-24 years,498,Hypertensive heart disease,102,High alcohol use,2,Percent,2020,0.024101775,0.039115174,0.011821213
1,All Population,4,YLLs (Years of Life Lost),4868,Rajasthan,2,Female,9,20-24 years,498,Hypertensive heart disease,102,High alcohol use,2,Percent,2020,0.000737883,0.00159967,0.000133135
1,All Population,4,YLLs (Years of Life Lost),4859,Madhya Pradesh,1,Male,9,20-24 years,498,Hypertensive heart disease,102,High alcohol use,2,Percent,2020,0.039824631,0.063650537,0.020267602
1,All Population,4,YLLs (Years of Life Lost),4859,Madhya Pradesh,2,Female,9,20-24 years,498,Hypertensive heart disease,102,High alcohol use,2,Percent,2020,0.001171454,0.002608452,0.000235063
1,All Population,4,YLLs (Years of Life Lost),4872,Tripura,1,Male,9,20-24 years,499,Cardiomyopathy and myocarditis,102,High alcohol use,2,Percent,2020,0.021999224,0.064070181,0.005312546
1,All Population,4,YLLs (Years of Life Lost),4872,Tripura,2,Female,9,20-24 years,499,Cardiomyopathy and myocarditis,102,High alcohol use,2,Percent,2020,0.013785823,0.046212049,0.002785126
1,All Population,4,YLLs (Years of Life Lost),4853,Himachal Pradesh,1,Male,9,20-24 years,498,Hypertensive heart disease,102,High alcohol use,2,Percent,2017,0.043543864,0.068644065,0.021990663
1,All Population,4,YLLs (Years of Life Lost),4853,Himachal Pradesh,2,Female,9,20-24 years,498,Hypertensive heart disease,102,High alcohol use,2,Percent,2017,0.000770936,0.001780499,0.0001459
1,All Population,4,YLLs (Years of Life Lost),4850,Goa,1,Male,9,20-24 years,493,Ischemic heart disease,102,High alcohol use,2,Percent,2017,-0.041715259,0.034955735,-0.116320452
1,All Population,4,YLLs (Years of Life Lost),4850,Goa,2,Female,9,20-24 years,493,Ischemic heart disease,102,High alcohol use,2,Percent,2017,-0.002789122,0.003009256,-0.009303166
1,All Population,4,YLLs (Years of Life Lost),4843,Assam,1,Male,9,20-24 years,494,Stroke,332,Chewing tobacco,2,Percent,2017,0.110630043,0.175528213,0.05778549
1,All Population,4,YLLs (Years of Life Lost),4843,Assam,2,Female,9,20-24 years,494,Stroke,332,Chewing tobacco,2,Percent,2017,0.042783258,0.081684408,0.016965904
1,All Population,4,YLLs (Years of Life Lost),4849,Delhi,1,Male,9,20-24 years,498,Hypertensive heart disease,102,High alcohol use,2,Percent,2020,0.041601412,0.067063261,0.020848605
1,All Population,4,YLLs (Years of Life Lost),4849,Delhi,2,Female,9,20-24 years,498,Hypertensive heart disease,102,High alcohol use,2,Percent,2020,0.000879433,0.002088352,0.000146156
1,All Population,4,YLLs (Years of Life Lost),4871,Telangana,1,Male,9,20-24 years,499,Cardiomyopathy and myocarditis,102,High alcohol use,2,Percent,2017,0.020414445,0.058930482,0.004944958
1,All Population,4,YLLs (Years of Life Lost),4871,Telangana,2,Female,9,20-24 years,499,Cardiomyopathy and myocarditis,102,High alcohol use,2,Percent,2017,0.013492955,0.042279556,0.002993708
1,All Population,4,YLLs (Years of Life Lost),4846,Chhattisgarh,1,Male,9,20-24 years,499,Cardiomyopathy and myocarditis,102,High alcohol use,2,Percent,2015,0.022088103,0.069974003,0.004988942
1,All Population,4,YLLs (Years of Life Lost),4846,Chhattisgarh,2,Female,9,20-24 years,499,Cardiomyopathy and myocarditis,102,High alcohol use,2,Percent,2015,0.014463101,0.051782499,0.002455473
1,All Population,4,YLLs (Years of Life Lost),4841,Andhra Pradesh,1,Male,9,20-24 years,494,Stroke,102,High alcohol use,2,Percent,2020,0.010010568,0.031898212,-0.001496852
1,All Population,4,YLLs (Years of Life Lost),4841,Andhra Pradesh,2,Female,9,20-24 years,494,Stroke,102,High alcohol use,2,Percent,2020,-0.00014399,0.000233101,-0.0005025
1,All Population,4,YLLs (Years of Life Lost),4874,Uttarakhand,1,Male,9,20-24 years,494,Stroke,332,Chewing tobacco,2,Percent,2020,0.035717484,0.07365493,0.013035245
1,All Population,4,YLLs (Years of Life Lost),4874,Uttarakhand,2,Female,9,20-24 years,494,Stroke,332,Chewing tobacco,2,Percent,2020,0.002099329,0.005083075,0.000560752
1,All Population,4,YLLs (Years of Life Lost),4874,Uttarakhand,1,Male,9,20-24 years,498,Hypertensive heart disease,102,High alcohol use,2,Percent,2017,0.048273781,0.075741606,0.024272027
1,All Population,4,YLLs (Years of Life Lost),4874,Uttarakhand,2,Female,9,20-24 years,498,Hypertensive heart disease,102,High alcohol use,2,Percent,2017,0.000431048,0.00103842,7.58E-05
1,All Population,4,YLLs (Years of Life Lost),4863,Mizoram,1,Male,9,20-24 years,499,Cardiomyopathy and myocarditis,102,High alcohol use,2,Percent,2020,0.027226148,0.087875199,0.00462071
1,All Population,4,YLLs (Years of Life Lost),4863,Mizoram,2,Female,9,20-24 years,499,Cardiomyopathy and myocarditis,102,High alcohol use,2,Percent,2020,0.015019602,0.042320413,0.003158677
1,All Population,4,YLLs (Years of Life Lost),4859,Madhya Pradesh,1,Male,9,20-24 years,494,Stroke,102,High alcohol use,2,Percent,2020,0.007056471,0.024091044,-0.001017312
1,All Population,4,YLLs (Years of Life Lost),4859,Madhya Pradesh,2,Female,9,20-24 years,494,Stroke,102,High alcohol use,2,Percent,2020,-8.48E-05,0.000168279,-0.000304417
1,All Population,4,YLLs (Years of Life Lost),4849,Delhi,1,Male,9,20-24 years,499,Cardiomyopathy and myocarditis,102,High alcohol use,2,Percent,2020,0.023087023,0.060137949,0.005743432
1,All Population,4,YLLs (Years of Life Lost),4849,Delhi,2,Female,9,20-24 years,499,Cardiomyopathy and myocarditis,102,High alcohol use,2,Percent,2020,0.017173838,0.054654616,0.004023173
1,All Population,4,YLLs (Years of Life Lost),4865,Odisha,1,Male,9,20-24 years,494,Stroke,102,High alcohol use,2,Percent,2017,0.011193684,0.033610834,-0.001684813
1,All Population,4,YLLs (Years of Life Lost),4865,Odisha,2,Female,9,20-24 years,494,Stroke,102,High alcohol use,2,Percent,2017,-0.000183746,0.000332709,-0.000623931
1,All Population,4,YLLs (Years of Life Lost),4861,Manipur,1,Male,9,20-24 years,499,Cardiomyopathy and myocarditis,102,High alcohol use,2,Percent,2017,0.024401154,0.071750685,0.005447533
1,All Population,4,YLLs (Years of Life Lost),4861,Manipur,2,Female,9,20-24 years,499,Cardiomyopathy and myocarditis,102,High alcohol use,2,Percent,2017,0.015341776,0.052825884,0.003099979
1,All Population,4,YLLs (Years of Life Lost),4854,Jammu & Kashmir and Ladakh,1,Male,9,20-24 years,494,Stroke,332,Chewing tobacco,2,Percent,2017,0.02085322,0.041041637,0.007996554
1,All Population,4,YLLs (Years of Life Lost),4854,Jammu & Kashmir and Ladakh,2,Female,9,20-24 years,494,Stroke,332,Chewing tobacco,2,Percent,2017,0.002592987,0.006225838,0.000714127
1,All Population,4,YLLs (Years of Life Lost),4842,Arunachal Pradesh,1,Male,9,20-24 years,499,Cardiomyopathy and myocarditis,102,High alcohol use,2,Percent,2020,0.021871765,0.06619133,0.005006541
1,All Population,4,YLLs (Years of Life Lost),4842,Arunachal Pradesh,2,Female,9,20-24 years,499,Cardiomyopathy and myocarditis,102,High alcohol use,2,Percent,2020,0.013218505,0.041067335,0.002709021
1,All Population,4,YLLs (Years of Life Lost),4846,Chhattisgarh,1,Male,9,20-24 years,494,Stroke,332,Chewing tobacco,2,Percent,2016,0.111030555,0.171717858,0.06022404
1,All Population,4,YLLs (Years of Life Lost),4846,Chhattisgarh,2,Female,9,20-24 years,494,Stroke,332,Chewing tobacco,2,Percent,2016,0.033641715,0.064496487,0.013029424
1,All Population,4,YLLs (Years of Life Lost),4843,Assam,1,Male,9,20-24 years,494,Stroke,102,High alcohol use,2,Percent,2020,0.017203067,0.051787936,-0.002224386
1,All Population,4,YLLs (Years of Life Lost),4843,Assam,2,Female,9,20-24 years,494,Stroke,102,High alcohol use,2,Percent,2020,-0.000290782,0.000599777,-0.001144793
1,All Population,4,YLLs (Years of Life Lost),4861,Manipur,1,Male,9,20-24 years,494,Stroke,332,Chewing tobacco,2,Percent,2020,0.118615032,0.190034114,0.059718656
1,All Population,4,YLLs (Years of Life Lost),4861,Manipur,2,Female,9,20-24 years,494,Stroke,332,Chewing tobacco,2,Percent,2020,0.085943463,0.14255985,0.04052438
1,All Population,4,YLLs (Years of Life Lost),4841,Andhra Pradesh,1,Male,9,20-24 years,499,Cardiomyopathy and myocarditis,102,High alcohol use,2,Percent,2020,0.018051304,0.050223118,0.004443996
1,All Population,4,YLLs (Years of Life Lost),4841,Andhra Pradesh,2,Female,9,20-24 years,499,Cardiomyopathy and myocarditis,102,High alcohol use,2,Percent,2020,0.011284318,0.033172824,0.002216195
1,All Population,4,YLLs (Years of Life Lost),4860,Maharashtra,1,Male,9,20-24 years,493,Ischemic heart disease,102,High alcohol use,2,Percent,2017,-0.016932992,0.015190945,-0.045081348
1,All Population,4,YLLs (Years of Life Lost),4860,Maharashtra,2,Female,9,20-24 years,493,Ischemic heart disease,102,High alcohol use,2,Percent,2017,-0.00029283,0.000322934,-0.000971155
1,All Population,4,YLLs (Years of Life Lost),4855,Jharkhand,1,Male,9,20-24 years,498,Hypertensive heart disease,102,High alcohol use,2,Percent,2020,0.059347658,0.091310328,0.031511371
1,All Population,4,YLLs (Years of Life Lost),4855,Jharkhand,2,Female,9,20-24 years,498,Hypertensive heart disease,102,High alcohol use,2,Percent,2020,0.003553875,0.00818648,0.000596002
1,All Population,4,YLLs (Years of Life Lost),4855,Jharkhand,1,Male,9,20-24 years,493,Ischemic heart disease,102,High alcohol use,2,Percent,2020,-0.032249759,0.027724323,-0.088309752
1,All Population,4,YLLs (Years of Life Lost),4855,Jharkhand,2,Female,9,20-24 years,493,Ischemic heart disease,102,High alcohol use,2,Percent,2020,-0.002558763,0.002679491,-0.008409198
1,All Population,4,YLLs (Years of Life Lost),4841,Andhra Pradesh,1,Male,9,20-24 years,494,Stroke,332,Chewing tobacco,2,Percent,2021,0.017357573,0.030712972,0.007979596
1,All Population,4,YLLs (Years of Life Lost),4841,Andhra Pradesh,2,Female,9,20-24 years,494,Stroke,332,Chewing tobacco,2,Percent,2021,0.00445577,0.010533196,0.001198162
1,All Population,4,YLLs (Years of Life Lost),4846,Chhattisgarh,1,Male,9,20-24 years,499,Cardiomyopathy and myocarditis,102,High alcohol use,2,Percent,2017,0.022620849,0.071433542,0.005017961
1,All Population,4,YLLs (Years of Life Lost),4846,Chhattisgarh,2,Female,9,20-24 years,499,Cardiomyopathy and myocarditis,102,High alcohol use,2,Percent,2017,0.014948149,0.051678086,0.002512899
1,All Population,4,YLLs (Years of Life Lost),4856,Karnataka,1,Male,9,20-24 years,493,Ischemic heart disease,102,High alcohol use,2,Percent,2021,-0.02476964,0.022487984,-0.074189162
1,All Population,4,YLLs (Years of Life Lost),4856,Karnataka,2,Female,9,20-24 years,493,Ischemic heart disease,102,High alcohol use,2,Percent,2021,-0.002520693,0.002518139,-0.006511045
1,All Population,4,YLLs (Years of Life Lost),4872,Tripura,1,Male,9,20-24 years,494,Stroke,332,Chewing tobacco,2,Percent,2020,0.085795898,0.147953503,0.038371216
1,All Population,4,YLLs (Years of Life Lost),4872,Tripura,2,Female,9,20-24 years,494,Stroke,332,Chewing tobacco,2,Percent,2020,0.078292755,0.13600773,0.034553384
1,All Population,4,YLLs (Years of Life Lost),4841,Andhra Pradesh,1,Male,9,20-24 years,494,Stroke,102,High alcohol use,2,Percent,2017,0.010225216,0.032073744,-0.001544263
1,All Population,4,YLLs (Years of Life Lost),4841,Andhra Pradesh,2,Female,9,20-24 years,494,Stroke,102,High alcohol use,2,Percent,2017,-0.000140998,0.000230544,-0.00046678
1,All Population,4,YLLs (Years of Life Lost),4843,Assam,1,Male,9,20-24 years,494,Stroke,102,High alcohol use,2,Percent,2016,0.01801216,0.055294527,-0.002784242
1,All Population,4,YLLs (Years of Life Lost),4843,Assam,2,Female,9,20-24 years,494,Stroke,102,High alcohol use,2,Percent,2016,-0.000250427,0.00051862,-0.000966333
1,All Population,4,YLLs (Years of Life Lost),4870,Tamil Nadu,1,Male,9,20-24 years,498,Hypertensive heart disease,102,High alcohol use,2,Percent,2016,0.068485148,0.098931952,0.037937156
1,All Population,4,YLLs (Years of Life Lost),4870,Tamil Nadu,2,Female,9,20-24 years,498,Hypertensive heart disease,102,High alcohol use,2,Percent,2016,0.000329296,0.000854625,5.40E-05
1,All Population,4,YLLs (Years of Life Lost),4852,Haryana,1,Male,9,20-24 years,494,Stroke,332,Chewing tobacco,2,Percent,2016,0.025279674,0.045200406,0.010763161
1,All Population,4,YLLs (Years of Life Lost),4852,Haryana,2,Female,9,20-24 years,494,Stroke,332,Chewing tobacco,2,Percent,2016,0.002675196,0.006194765,0.000739553
1,All Population,4,YLLs (Years of Life Lost),4864,Nagaland,1,Male,9,20-24 years,499,Cardiomyopathy and myocarditis,102,High alcohol use,2,Percent,2020,0.020699149,0.059836592,0.005029845
1,All Population,4,YLLs (Years of Life Lost),4864,Nagaland,2,Female,9,20-24 years,499,Cardiomyopathy and myocarditis,102,High alcohol use,2,Percent,2020,0.013812501,0.051402602,0.002476625
1,All Population,4,YLLs (Years of Life Lost),4846,Chhattisgarh,1,Male,9,20-24 years,493,Ischemic heart disease,102,High alcohol use,2,Percent,2021,-0.03884604,0.033543941,-0.106280683
1,All Population,4,YLLs (Years of Life Lost),4846,Chhattisgarh,2,Female,9,20-24 years,493,Ischemic heart disease,102,High alcohol use,2,Percent,2021,-0.002233597,0.002354475,-0.007414548
1,All Population,4,YLLs (Years of Life Lost),4865,Odisha,1,Male,9,20-24 years,499,Cardiomyopathy and myocarditis,102,High alcohol use,2,Percent,2021,0.020243472,0.060245597,0.004775668
1,All Population,4,YLLs (Years of Life Lost),4865,Odisha,2,Female,9,20-24 years,499,Cardiomyopathy and myocarditis,102,High alcohol use,2,Percent,2021,0.012984066,0.047359271,0.002092738
1,All Population,4,YLLs (Years of Life Lost),4863,Mizoram,1,Male,9,20-24 years,494,Stroke,332,Chewing tobacco,2,Percent,2017,0.065576485,0.117135932,0.030014496
1,All Population,4,YLLs (Years of Life Lost),4863,Mizoram,2,Female,9,20-24 years,494,Stroke,332,Chewing tobacco,2,Percent,2017,0.125771333,0.193559888,0.06493294
1,All Population,4,YLLs (Years of Life Lost),4846,Chhattisgarh,1,Male,9,20-24 years,494,Stroke,102,High alcohol use,2,Percent,2017,0.013293635,0.040909874,-0.002008108
1,All Population,4,YLLs (Years of Life Lost),4846,Chhattisgarh,2,Female,9,20-24 years,494,Stroke,102,High alcohol use,2,Percent,2017,-0.000238272,0.000419051,-0.000820925
1,All Population,4,YLLs (Years of Life Lost),4873,Uttar Pradesh,1,Male,9,20-24 years,499,Cardiomyopathy and myocarditis,102,High alcohol use,2,Percent,2017,0.02426031,0.076492542,0.005498442
1,All Population,4,YLLs (Years of Life Lost),4873,Uttar Pradesh,2,Female,9,20-24 years,499,Cardiomyopathy and myocarditis,102,High alcohol use,2,Percent,2017,0.017045897,0.056914628,0.003091504
1,All Population,4,YLLs (Years of Life Lost),4862,Meghalaya,1,Male,9,20-24 years,494,Stroke,102,High alcohol use,2,Percent,2020,0.012692097,0.039615385,-0.001981287
1,All Population,4,YLLs (Years of Life Lost),4862,Meghalaya,2,Female,9,20-24 years,494,Stroke,102,High alcohol use,2,Percent,2020,-0.000148001,0.000273182,-0.000560321
1,All Population,4,YLLs (Years of Life Lost),4862,Meghalaya,1,Male,9,20-24 years,498,Hypertensive heart disease,102,High alcohol use,2,Percent,2020,0.070855588,0.109738095,0.037159747
1,All Population,4,YLLs (Years of Life Lost),4862,Meghalaya,2,Female,9,20-24 years,498,Hypertensive heart disease,102,High alcohol use,2,Percent,2020,0.002056758,0.004661581,0.000348282
1,All Population,4,YLLs (Years of Life Lost),4870,Tamil Nadu,1,Male,9,20-24 years,494,Stroke,102,High alcohol use,2,Percent,2021,0.011764643,0.036707238,-0.001829747
1,All Population,4,YLLs (Years of Life Lost),4870,Tamil Nadu,2,Female,9,20-24 years,494,Stroke,102,High alcohol use,2,Percent,2021,-3.04E-05,5.10E-05,-0.000123312
1,All Population,4,YLLs (Years of Life Lost),4856,Karnataka,1,Male,9,20-24 years,494,Stroke,102,High alcohol use,2,Percent,2017,0.008330514,0.026512904,-0.001204492
1,All Population,4,YLLs (Years of Life Lost),4856,Karnataka,2,Female,9,20-24 years,494,Stroke,102,High alcohol use,2,Percent,2017,-0.000442786,0.000720583,-0.001539354
1,All Population,4,YLLs (Years of Life Lost),4874,Uttarakhand,1,Male,9,20-24 years,494,Stroke,102,High alcohol use,2,Percent,2020,0.008793842,0.028745881,-0.00121101
1,All Population,4,YLLs (Years of Life Lost),4874,Uttarakhand,2,Female,9,20-24 years,494,Stroke,102,High alcohol use,2,Percent,2020,-3.81E-05,6.94E-05,-0.000142772
1,All Population,4,YLLs (Years of Life Lost),4854,Jammu & Kashmir and Ladakh,1,Male,9,20-24 years,494,Stroke,102,High alcohol use,2,Percent,2020,0.003144595,0.010484966,-0.000446025
1,All Population,4,YLLs (Years of Life Lost),4854,Jammu & Kashmir and Ladakh,2,Female,9,20-24 years,494,Stroke,102,High alcohol use,2,Percent,2020,-3.80E-05,6.59E-05,-0.000143803
1,All Population,4,YLLs (Years of Life Lost),4863,Mizoram,1,Male,9,20-24 years,494,Stroke,102,High alcohol use,2,Percent,2020,0.010673396,0.033364014,-0.001671798
1,All Population,4,YLLs (Years of Life Lost),4863,Mizoram,2,Female,9,20-24 years,494,Stroke,102,High alcohol use,2,Percent,2020,-0.000250587,0.000460439,-0.000904768
1,All Population,4,YLLs (Years of Life Lost),4844,Bihar,1,Male,9,20-24 years,494,Stroke,332,Chewing tobacco,2,Percent,2021,0.070716019,0.129808673,0.029834769
1,All Population,4,YLLs (Years of Life Lost),4844,Bihar,2,Female,9,20-24 years,494,Stroke,332,Chewing tobacco,2,Percent,2021,0.003940784,0.00930767,0.001078839
1,All Population,4,YLLs (Years of Life Lost),4853,Himachal Pradesh,1,Male,9,20-24 years,499,Cardiomyopathy and myocarditis,102,High alcohol use,2,Percent,2017,0.021174053,0.060150451,0.005597692
1,All Population,4,YLLs (Years of Life Lost),4853,Himachal Pradesh,2,Female,9,20-24 years,499,Cardiomyopathy and myocarditis,102,High alcohol use,2,Percent,2017,0.014040256,0.051190175,0.002583506
1,All Population,4,YLLs (Years of Life Lost),4852,Haryana,1,Male,9,20-24 years,494,Stroke,332,Chewing tobacco,2,Percent,2020,0.01926838,0.038266943,0.007307137
1,All Population,4,YLLs (Years of Life Lost),4852,Haryana,2,Female,9,20-24 years,494,Stroke,332,Chewing tobacco,2,Percent,2020,0.002122865,0.004992806,0.00056564
1,All Population,4,YLLs (Years of Life Lost),4875,West Bengal,1,Male,9,20-24 years,494,Stroke,102,High alcohol use,2,Percent,2020,0.008474285,0.026540877,-0.001224847
1,All Population,4,YLLs (Years of Life Lost),4875,West Bengal,2,Female,9,20-24 years,494,Stroke,102,High alcohol use,2,Percent,2020,-7.59E-05,0.000113976,-0.000278779
1,All Population,4,YLLs (Years of Life Lost),4863,Mizoram,1,Male,9,20-24 years,493,Ischemic heart disease,102,High alcohol use,2,Percent,2021,-0.037357778,0.031890374,-0.111342949
1,All Population,4,YLLs (Years of Life Lost),4863,Mizoram,2,Female,9,20-24 years,493,Ischemic heart disease,102,High alcohol use,2,Percent,2021,-0.002444043,0.002517121,-0.007896983
1,All Population,4,YLLs (Years of Life Lost),4852,Haryana,1,Male,9,20-24 years,494,Stroke,102,High alcohol use,2,Percent,2021,0.000404658,0.00476848,-0.001655578
1,All Population,4,YLLs (Years of Life Lost),4852,Haryana,2,Female,9,20-24 years,494,Stroke,102,High alcohol use,2,Percent,2021,-4.38E-05,6.40E-05,-0.000160726
1,All Population,4,YLLs (Years of Life Lost),4873,Uttar Pradesh,1,Male,9,20-24 years,494,Stroke,332,Chewing tobacco,2,Percent,2020,0.073018512,0.129525837,0.032993518
1,All Population,4,YLLs (Years of Life Lost),4873,Uttar Pradesh,2,Female,9,20-24 years,494,Stroke,332,Chewing tobacco,2,Percent,2020,0.008943281,0.020619809,0.002807336
1,All Population,4,YLLs (Years of Life Lost),4844,Bihar,1,Male,9,20-24 years,499,Cardiomyopathy and myocarditis,102,High alcohol use,2,Percent,2021,0.020391454,0.061460193,0.004766189
1,All Population,4,YLLs (Years of Life Lost),4844,Bihar,2,Female,9,20-24 years,499,Cardiomyopathy and myocarditis,102,High alcohol use,2,Percent,2021,0.013931969,0.044245652,0.002754986
1,All Population,4,YLLs (Years of Life Lost),4851,Gujarat,1,Male,9,20-24 years,494,Stroke,102,High alcohol use,2,Percent,2021,0.002437484,0.007997399,-0.000339002
1,All Population,4,YLLs (Years of Life Lost),4851,Gujarat,2,Female,9,20-24 years,494,Stroke,102,High alcohol use,2,Percent,2021,-3.82E-05,6.56E-05,-0.000144068
1,All Population,4,YLLs (Years of Life Lost),4874,Uttarakhand,1,Male,9,20-24 years,494,Stroke,102,High alcohol use,2,Percent,2016,0.008438591,0.025947294,-0.00126237
1,All Population,4,YLLs (Years of Life Lost),4874,Uttarakhand,2,Female,9,20-24 years,494,Stroke,102,High alcohol use,2,Percent,2016,-3.28E-05,4.79E-05,-0.000122306
1,All Population,4,YLLs (Years of Life Lost),4844,Bihar,1,Male,9,20-24 years,493,Ischemic heart disease,102,High alcohol use,2,Percent,2020,-0.021611399,0.020055651,-0.06320743
1,All Population,4,YLLs (Years of Life Lost),4844,Bihar,2,Female,9,20-24 years,493,Ischemic heart disease,102,High alcohol use,2,Percent,2020,-0.000390201,0.000410247,-0.001267238
1,All Population,4,YLLs (Years of Life Lost),4862,Meghalaya,1,Male,9,20-24 years,494,Stroke,102,High alcohol use,2,Percent,2016,0.012766393,0.038482742,-0.001898041
1,All Population,4,YLLs (Years of Life Lost),4862,Meghalaya,2,Female,9,20-24 years,494,Stroke,102,High alcohol use,2,Percent,2016,-0.000139638,0.000253097,-0.000468254
1,All Population,4,YLLs (Years of Life Lost),4842,Arunachal Pradesh,1,Male,9,20-24 years,494,Stroke,102,High alcohol use,2,Percent,2020,0.018431925,0.056459498,-0.003091737
1,All Population,4,YLLs (Years of Life Lost),4842,Arunachal Pradesh,2,Female,9,20-24 years,494,Stroke,102,High alcohol use,2,Percent,2020,-0.001222781,0.002428862,-0.00459335
1,All Population,4,YLLs (Years of Life Lost),4872,Tripura,1,Male,9,20-24 years,498,Hypertensive heart disease,102,High alcohol use,2,Percent,2017,0.068770799,0.104388278,0.036011655
1,All Population,4,YLLs (Years of Life Lost),4872,Tripura,2,Female,9,20-24 years,498,Hypertensive heart disease,102,High alcohol use,2,Percent,2017,0.003942321,0.008748699,0.00071648
1,All Population,4,YLLs (Years of Life Lost),4851,Gujarat,1,Male,9,20-24 years,498,Hypertensive heart disease,102,High alcohol use,2,Percent,2017,0.01434828,0.023580434,0.006635619
1,All Population,4,YLLs (Years of Life Lost),4851,Gujarat,2,Female,9,20-24 years,498,Hypertensive heart disease,102,High alcohol use,2,Percent,2017,0.000433092,0.00103841,7.58E-05
1,All Population,4,YLLs (Years of Life Lost),4844,Bihar,1,Male,9,20-24 years,498,Hypertensive heart disease,102,High alcohol use,2,Percent,2020,0.042287491,0.069088583,0.020163565
1,All Population,4,YLLs (Years of Life Lost),4844,Bihar,2,Female,9,20-24 years,498,Hypertensive heart disease,102,High alcohol use,2,Percent,2020,0.000577695,0.00134955,9.39E-05
1,All Population,4,YLLs (Years of Life Lost),4871,Telangana,1,Male,9,20-24 years,494,Stroke,332,Chewing tobacco,2,Percent,2020,0.021299014,0.042487385,0.007832063
1,All Population,4,YLLs (Years of Life Lost),4871,Telangana,2,Female,9,20-24 years,494,Stroke,332,Chewing tobacco,2,Percent,2020,0.005334041,0.01237582,0.00150898
1,All Population,4,YLLs (Years of Life Lost),4859,Madhya Pradesh,1,Male,9,20-24 years,494,Stroke,332,Chewing tobacco,2,Percent,2021,0.085131246,0.153101662,0.037614075
1,All Population,4,YLLs (Years of Life Lost),4859,Madhya Pradesh,2,Female,9,20-24 years,494,Stroke,332,Chewing tobacco,2,Percent,2021,0.01793229,0.03729733,0.006205904
1,All Population,4,YLLs (Years of Life Lost),4864,Nagaland,1,Male,9,20-24 years,494,Stroke,332,Chewing tobacco,2,Percent,2017,0.14648544,0.221198788,0.079964531
1,All Population,4,YLLs (Years of Life Lost),4864,Nagaland,2,Female,9,20-24 years,494,Stroke,332,Chewing tobacco,2,Percent,2017,0.092583109,0.145271896,0.047533978
1,All Population,4,YLLs (Years of Life Lost),4850,Goa,1,Male,9,20-24 years,499,Cardiomyopathy and myocarditis,102,High alcohol use,2,Percent,2020,0.017421962,0.044747562,0.004525036
1,All Population,4,YLLs (Years of Life Lost),4850,Goa,2,Female,9,20-24 years,499,Cardiomyopathy and myocarditis,102,High alcohol use,2,Percent,2020,0.012275326,0.037128952,0.002540409
1,All Population,4,YLLs (Years of Life Lost),4857,Kerala,1,Male,9,20-24 years,494,Stroke,102,High alcohol use,2,Percent,2017,0.007447931,0.023227079,-0.001215932
1,All Population,4,YLLs (Years of Life Lost),4857,Kerala,2,Female,9,20-24 years,494,Stroke,102,High alcohol use,2,Percent,2017,-0.00010663,0.00013364,-0.000322601
1,All Population,4,YLLs (Years of Life Lost),4874,Uttarakhand,1,Male,9,20-24 years,499,Cardiomyopathy and myocarditis,102,High alcohol use,2,Percent,2021,0.021496617,0.066346686,0.005271304
1,All Population,4,YLLs (Years of Life Lost),4874,Uttarakhand,2,Female,9,20-24 years,499,Cardiomyopathy and myocarditis,102,High alcohol use,2,Percent,2021,0.014938193,0.056175986,0.002582148
1,All Population,4,YLLs (Years of Life Lost),4855,Jharkhand,1,Male,9,20-24 years,494,Stroke,102,High alcohol use,2,Percent,2017,0.011229377,0.035179936,-0.001666831
1,All Population,4,YLLs (Years of Life Lost),4855,Jharkhand,2,Female,9,20-24 years,494,Stroke,102,High alcohol use,2,Percent,2017,-0.00027698,0.000528744,-0.000975812
1,All Population,4,YLLs (Years of Life Lost),4849,Delhi,1,Male,9,20-24 years,494,Stroke,102,High alcohol use,2,Percent,2020,0.006810944,0.022757794,-0.000939666
1,All Population,4,YLLs (Years of Life Lost),4849,Delhi,2,Female,9,20-24 years,494,Stroke,102,High alcohol use,2,Percent,2020,-8.05E-05,7.93E-05,-0.000284151
1,All Population,4,YLLs (Years of Life Lost),4871,Telangana,1,Male,9,20-24 years,498,Hypertensive heart disease,102,High alcohol use,2,Percent,2017,0.080077963,0.121353601,0.043882481
1,All Population,4,YLLs (Years of Life Lost),4871,Telangana,2,Female,9,20-24 years,498,Hypertensive heart disease,102,High alcohol use,2,Percent,2017,0.002991569,0.007012638,0.000550703
1,All Population,4,YLLs (Years of Life Lost),4846,Chhattisgarh,1,Male,9,20-24 years,493,Ischemic heart disease,102,High alcohol use,2,Percent,2017,-0.040577566,0.034902439,-0.112637471
1,All Population,4,YLLs (Years of Life Lost),4846,Chhattisgarh,2,Female,9,20-24 years,493,Ischemic heart disease,102,High alcohol use,2,Percent,2017,-0.002161383,0.002357544,-0.007427401
1,All Population,4,YLLs (Years of Life Lost),4869,Sikkim,1,Male,9,20-24 years,493,Ischemic heart disease,102,High alcohol use,2,Percent,2017,-0.040497225,0.034271045,-0.112854868
1,All Population,4,YLLs (Years of Life Lost),4869,Sikkim,2,Female,9,20-24 years,493,Ischemic heart disease,102,High alcohol use,2,Percent,2017,-0.008108775,0.008409162,-0.027845232
1,All Population,4,YLLs (Years of Life Lost),4864,Nagaland,1,Male,9,20-24 years,494,Stroke,102,High alcohol use,2,Percent,2020,0.011133741,0.034352858,-0.001792697
1,All Population,4,YLLs (Years of Life Lost),4864,Nagaland,2,Female,9,20-24 years,494,Stroke,102,High alcohol use,2,Percent,2020,-0.000292062,0.00047996,-0.000979359
1,All Population,4,YLLs (Years of Life Lost),4857,Kerala,1,Male,9,20-24 years,499,Cardiomyopathy and myocarditis,102,High alcohol use,2,Percent,2020,0.018172093,0.049356611,0.004641059
1,All Population,4,YLLs (Years of Life Lost),4857,Kerala,2,Female,9,20-24 years,499,Cardiomyopathy and myocarditis,102,High alcohol use,2,Percent,2020,0.011837178,0.03723485,0.002523994
1,All Population,4,YLLs (Years of Life Lost),4860,Maharashtra,1,Male,9,20-24 years,494,Stroke,332,Chewing tobacco,2,Percent,2020,0.051430017,0.086618999,0.025268322
1,All Population,4,YLLs (Years of Life Lost),4860,Maharashtra,2,Female,9,20-24 years,494,Stroke,332,Chewing tobacco,2,Percent,2020,0.012176057,0.02722208,0.00376738
1,All Population,4,YLLs (Years of Life Lost),4856,Karnataka,1,Male,9,20-24 years,494,Stroke,102,High alcohol use,2,Percent,2016,0.008382,0.025568304,-0.001286729
1,All Population,4,YLLs (Years of Life Lost),4856,Karnataka,2,Female,9,20-24 years,494,Stroke,102,High alcohol use,2,Percent,2016,-0.000494597,0.000747786,-0.001696841
1,All Population,4,YLLs (Years of Life Lost),4872,Tripura,1,Male,9,20-24 years,493,Ischemic heart disease,102,High alcohol use,2,Percent,2021,-0.03817888,0.032057412,-0.114587918
1,All Population,4,YLLs (Years of Life Lost),4872,Tripura,2,Female,9,20-24 years,493,Ischemic heart disease,102,High alcohol use,2,Percent,2021,-0.002610481,0.002728496,-0.008650074
1,All Population,4,YLLs (Years of Life Lost),4862,Meghalaya,1,Male,9,20-24 years,499,Cardiomyopathy and myocarditis,102,High alcohol use,2,Percent,2017,0.026391325,0.080404186,0.005152021
1,All Population,4,YLLs (Years of Life Lost),4862,Meghalaya,2,Female,9,20-24 years,499,Cardiomyopathy and myocarditis,102,High alcohol use,2,Percent,2017,0.014232197,0.048581563,0.002844779
1,All Population,4,YLLs (Years of Life Lost),4861,Manipur,1,Male,9,20-24 years,494,Stroke,102,High alcohol use,2,Percent,2021,0.013225316,0.041131667,-0.002129356
1,All Population,4,YLLs (Years of Life Lost),4861,Manipur,2,Female,9,20-24 years,494,Stroke,102,High alcohol use,2,Percent,2021,-0.000327529,0.000599555,-0.001230681
1,All Population,4,YLLs (Years of Life Lost),4855,Jharkhand,1,Male,9,20-24 years,494,Stroke,332,Chewing tobacco,2,Percent,2016,0.106367985,0.174380797,0.051138622
1,All Population,4,YLLs (Years of Life Lost),4855,Jharkhand,2,Female,9,20-24 years,494,Stroke,332,Chewing tobacco,2,Percent,2016,0.012798593,0.027932554,0.004150689
1,All Population,4,YLLs (Years of Life Lost),4875,West Bengal,1,Male,9,20-24 years,498,Hypertensive heart disease,102,High alcohol use,2,Percent,2017,0.048103346,0.07576586,0.024185875
1,All Population,4,YLLs (Years of Life Lost),4875,West Bengal,2,Female,9,20-24 years,498,Hypertensive heart disease,102,High alcohol use,2,Percent,2017,0.000864832,0.002060912,0.000152584
1,All Population,4,YLLs (Years of Life Lost),4864,Nagaland,1,Male,9,20-24 years,498,Hypertensive heart disease,102,High alcohol use,2,Percent,2021,0.064491106,0.100892657,0.033750206
1,All Population,4,YLLs (Years of Life Lost),4864,Nagaland,2,Female,9,20-24 years,498,Hypertensive heart disease,102,High alcohol use,2,Percent,2021,0.003894073,0.008552091,0.000802287
1,All Population,4,YLLs (Years of Life Lost),4853,Himachal Pradesh,1,Male,9,20-24 years,493,Ischemic heart disease,102,High alcohol use,2,Percent,2021,-0.02324428,0.021177154,-0.067623144
1,All Population,4,YLLs (Years of Life Lost),4853,Himachal Pradesh,2,Female,9,20-24 years,493,Ischemic heart disease,102,High alcohol use,2,Percent,2021,-0.000624116,0.00064325,-0.00204943
1,All Population,4,YLLs (Years of Life Lost),4871,Telangana,1,Male,9,20-24 years,493,Ischemic heart disease,102,High alcohol use,2,Percent,2021,-0.045917828,0.038735222,-0.130675475
1,All Population,4,YLLs (Years of Life Lost),4871,Telangana,2,Female,9,20-24 years,493,Ischemic heart disease,102,High alcohol use,2,Percent,2021,-0.002179966,0.002247463,-0.007320409
1,All Population,4,YLLs (Years of Life Lost),4867,Punjab,1,Male,9,20-24 years,494,Stroke,102,High alcohol use,2,Percent,2021,0.008642136,0.028004405,-0.001224328
1,All Population,4,YLLs (Years of Life Lost),4867,Punjab,2,Female,9,20-24 years,494,Stroke,102,High alcohol use,2,Percent,2021,-3.64E-05,4.56E-05,-0.000127291
1,All Population,4,YLLs (Years of Life Lost),4867,Punjab,1,Male,9,20-24 years,494,Stroke,332,Chewing tobacco,2,Percent,2020,0.016592909,0.036504302,0.00544565
1,All Population,4,YLLs (Years of Life Lost),4867,Punjab,2,Female,9,20-24 years,494,Stroke,332,Chewing tobacco,2,Percent,2020,0.001551481,0.003711061,0.00041868
1,All Population,4,YLLs (Years of Life Lost),4841,Andhra Pradesh,1,Male,9,20-24 years,498,Hypertensive heart disease,102,High alcohol use,2,Percent,2021,0.056844046,0.090313459,0.028903972
1,All Population,4,YLLs (Years of Life Lost),4841,Andhra Pradesh,2,Female,9,20-24 years,498,Hypertensive heart disease,102,High alcohol use,2,Percent,2021,0.00190145,0.004256339,0.000333162
1,All Population,4,YLLs (Years of Life Lost),4874,Uttarakhand,1,Male,9,20-24 years,493,Ischemic heart disease,102,High alcohol use,2,Percent,2017,-0.025742457,0.022761234,-0.073007492
1,All Population,4,YLLs (Years of Life Lost),4874,Uttarakhand,2,Female,9,20-24 years,493,Ischemic heart disease,102,High alcohol use,2,Percent,2017,-0.000289163,0.000305582,-0.001087568
1,All Population,4,YLLs (Years of Life Lost),4875,West Bengal,1,Male,9,20-24 years,494,Stroke,102,High alcohol use,2,Percent,2021,0.008424207,0.026743822,-0.001201426
1,All Population,4,YLLs (Years of Life Lost),4875,West Bengal,2,Female,9,20-24 years,494,Stroke,102,High alcohol use,2,Percent,2021,-8.24E-05,0.000109645,-0.000304143
1,All Population,4,YLLs (Years of Life Lost),4849,Delhi,1,Male,9,20-24 years,494,Stroke,332,Chewing tobacco,2,Percent,2021,0.033956742,0.068861952,0.012521735
1,All Population,4,YLLs (Years of Life Lost),4849,Delhi,2,Female,9,20-24 years,494,Stroke,332,Chewing tobacco,2,Percent,2021,0.003828313,0.00898777,0.001066909
1,All Population,4,YLLs (Years of Life Lost),4862,Meghalaya,1,Male,9,20-24 years,493,Ischemic heart disease,102,High alcohol use,2,Percent,2021,-0.039402807,0.033202359,-0.116371872
1,All Population,4,YLLs (Years of Life Lost),4862,Meghalaya,2,Female,9,20-24 years,493,Ischemic heart disease,102,High alcohol use,2,Percent,2021,-0.001390196,0.001461106,-0.004662958
1,All Population,4,YLLs (Years of Life Lost),4844,Bihar,1,Male,9,20-24 years,494,Stroke,102,High alcohol use,2,Percent,2017,0.007566491,0.023903242,-0.00105128
1,All Population,4,YLLs (Years of Life Lost),4844,Bihar,2,Female,9,20-24 years,494,Stroke,102,High alcohol use,2,Percent,2017,-4.45E-05,6.78E-05,-0.000158287
1,All Population,4,YLLs (Years of Life Lost),4853,Himachal Pradesh,1,Male,9,20-24 years,499,Cardiomyopathy and myocarditis,102,High alcohol use,2,Percent,2020,0.020629723,0.058045887,0.005040524
1,All Population,4,YLLs (Years of Life Lost),4853,Himachal Pradesh,2,Female,9,20-24 years,499,Cardiomyopathy and myocarditis,102,High alcohol use,2,Percent,2020,0.013879361,0.051637874,0.002679611
1,All Population,4,YLLs (Years of Life Lost),4863,Mizoram,1,Male,9,20-24 years,499,Cardiomyopathy and myocarditis,102,High alcohol use,2,Percent,2016,0.027917479,0.097674418,0.004846329
1,All Population,4,YLLs (Years of Life Lost),4863,Mizoram,2,Female,9,20-24 years,499,Cardiomyopathy and myocarditis,102,High alcohol use,2,Percent,2016,0.015269577,0.043256149,0.003272105
1,All Population,4,YLLs (Years of Life Lost),4870,Tamil Nadu,1,Male,9,20-24 years,493,Ischemic heart disease,102,High alcohol use,2,Percent,2015,-0.038240971,0.034317167,-0.102909309
1,All Population,4,YLLs (Years of Life Lost),4870,Tamil Nadu,2,Female,9,20-24 years,493,Ischemic heart disease,102,High alcohol use,2,Percent,2015,-0.000219181,0.000207027,-0.000872939
1,All Population,4,YLLs (Years of Life Lost),4857,Kerala,1,Male,9,20-24 years,493,Ischemic heart disease,102,High alcohol use,2,Percent,2017,-0.025036245,0.022135611,-0.07059244
1,All Population,4,YLLs (Years of Life Lost),4857,Kerala,2,Female,9,20-24 years,493,Ischemic heart disease,102,High alcohol use,2,Percent,2017,-0.000917552,0.000980532,-0.003043904
1,All Population,4,YLLs (Years of Life Lost),4870,Tamil Nadu,1,Male,9,20-24 years,499,Cardiomyopathy and myocarditis,102,High alcohol use,2,Percent,2017,0.019460895,0.057331174,0.004775092
1,All Population,4,YLLs (Years of Life Lost),4870,Tamil Nadu,2,Female,9,20-24 years,499,Cardiomyopathy and myocarditis,102,High alcohol use,2,Percent,2017,0.012537054,0.042819378,0.002620638
1,All Population,4,YLLs (Years of Life Lost),4870,Tamil Nadu,1,Male,9,20-24 years,499,Cardiomyopathy and myocarditis,102,High alcohol use,2,Percent,2020,0.018911017,0.052986998,0.004722375
1,All Population,4,YLLs (Years of Life Lost),4870,Tamil Nadu,2,Female,9,20-24 years,499,Cardiomyopathy and myocarditis,102,High alcohol use,2,Percent,2020,0.012280481,0.041580384,0.002604196
1,All Population,4,YLLs (Years of Life Lost),44538,Other Union Territories,1,Male,9,20-24 years,498,Hypertensive heart disease,102,High alcohol use,2,Percent,2020,0.051214719,0.081988663,0.025453417
1,All Population,4,YLLs (Years of Life Lost),44538,Other Union Territories,2,Female,9,20-24 years,498,Hypertensive heart disease,102,High alcohol use,2,Percent,2020,0.001432353,0.00343231,0.000237486
1,All Population,4,YLLs (Years of Life Lost),4862,Meghalaya,1,Male,9,20-24 years,493,Ischemic heart disease,102,High alcohol use,2,Percent,2016,-0.039858442,0.034738293,-0.111108201
1,All Population,4,YLLs (Years of Life Lost),4862,Meghalaya,2,Female,9,20-24 years,493,Ischemic heart disease,102,High alcohol use,2,Percent,2016,-0.001304956,0.001420716,-0.004442856
1,All Population,4,YLLs (Years of Life Lost),44538,Other Union Territories,1,Male,9,20-24 years,493,Ischemic heart disease,102,High alcohol use,2,Percent,2020,-0.02746203,0.02442179,-0.081722414
1,All Population,4,YLLs (Years of Life Lost),44538,Other Union Territories,2,Female,9,20-24 years,493,Ischemic heart disease,102,High alcohol use,2,Percent,2020,-0.000959533,0.000959733,-0.003126668
1,All Population,4,YLLs (Years of Life Lost),4865,Odisha,1,Male,9,20-24 years,498,Hypertensive heart disease,102,High alcohol use,2,Percent,2020,0.061773985,0.093295385,0.034282826
1,All Population,4,YLLs (Years of Life Lost),4865,Odisha,2,Female,9,20-24 years,498,Hypertensive heart disease,102,High alcohol use,2,Percent,2020,0.002668464,0.005799969,0.000527684
1,All Population,4,YLLs (Years of Life Lost),4860,Maharashtra,1,Male,9,20-24 years,494,Stroke,102,High alcohol use,2,Percent,2021,0.005663266,0.018210509,-0.000907796
1,All Population,4,YLLs (Years of Life Lost),4860,Maharashtra,2,Female,9,20-24 years,494,Stroke,102,High alcohol use,2,Percent,2021,-3.87E-05,6.53E-05,-0.000125068
1,All Population,4,YLLs (Years of Life Lost),4856,Karnataka,1,Male,9,20-24 years,494,Stroke,332,Chewing tobacco,2,Percent,2021,0.044425188,0.08436323,0.017827134
1,All Population,4,YLLs (Years of Life Lost),4856,Karnataka,2,Female,9,20-24 years,494,Stroke,332,Chewing tobacco,2,Percent,2021,0.006846016,0.01580829,0.001921621
1,All Population,4,YLLs (Years of Life Lost),4857,Kerala,1,Male,9,20-24 years,494,Stroke,332,Chewing tobacco,2,Percent,2020,0.014816808,0.032099488,0.004899419
1,All Population,4,YLLs (Years of Life Lost),4857,Kerala,2,Female,9,20-24 years,494,Stroke,332,Chewing tobacco,2,Percent,2020,0.00296933,0.00680191,0.000808233
1,All Population,4,YLLs (Years of Life Lost),4842,Arunachal Pradesh,1,Male,9,20-24 years,493,Ischemic heart disease,102,High alcohol use,2,Percent,2021,-0.061425772,0.050987219,-0.175180378
1,All Population,4,YLLs (Years of Life Lost),4842,Arunachal Pradesh,2,Female,9,20-24 years,493,Ischemic heart disease,102,High alcohol use,2,Percent,2021,-0.012157188,0.012197461,-0.039693919
1,All Population,4,YLLs (Years of Life Lost),4873,Uttar Pradesh,1,Male,9,20-24 years,494,Stroke,332,Chewing tobacco,2,Percent,2021,0.071833345,0.130134885,0.031348106
1,All Population,4,YLLs (Years of Life Lost),4873,Uttar Pradesh,2,Female,9,20-24 years,494,Stroke,332,Chewing tobacco,2,Percent,2021,0.008977999,0.021064166,0.002734205
1,All Population,4,YLLs (Years of Life Lost),4855,Jharkhand,1,Male,9,20-24 years,499,Cardiomyopathy and myocarditis,102,High alcohol use,2,Percent,2021,0.020132279,0.057058829,0.00491097
1,All Population,4,YLLs (Years of Life Lost),4855,Jharkhand,2,Female,9,20-24 years,499,Cardiomyopathy and myocarditis,102,High alcohol use,2,Percent,2021,0.013629162,0.042619808,0.002665805
1,All Population,4,YLLs (Years of Life Lost),4851,Gujarat,1,Male,9,20-24 years,493,Ischemic heart disease,102,High alcohol use,2,Percent,2017,-0.007278358,0.006957728,-0.021459961
1,All Population,4,YLLs (Years of Life Lost),4851,Gujarat,2,Female,9,20-24 years,493,Ischemic heart disease,102,High alcohol use,2,Percent,2017,-0.000290871,0.000303328,-0.001090226
1,All Population,4,YLLs (Years of Life Lost),44538,Other Union Territories,1,Male,9,20-24 years,494,Stroke,102,High alcohol use,2,Percent,2021,0.008864464,0.028020938,-0.001318775
1,All Population,4,YLLs (Years of Life Lost),44538,Other Union Territories,2,Female,9,20-24 years,494,Stroke,102,High alcohol use,2,Percent,2021,-0.000108168,0.000179226,-0.000411296
1,All Population,4,YLLs (Years of Life Lost),4870,Tamil Nadu,1,Male,9,20-24 years,493,Ischemic heart disease,102,High alcohol use,2,Percent,2016,-0.037992167,0.033794941,-0.102969465
1,All Population,4,YLLs (Years of Life Lost),4870,Tamil Nadu,2,Female,9,20-24 years,493,Ischemic heart disease,102,High alcohol use,2,Percent,2016,-0.000231577,0.00021841,-0.000899228
1,All Population,4,YLLs (Years of Life Lost),4859,Madhya Pradesh,1,Male,9,20-24 years,494,Stroke,102,High alcohol use,2,Percent,2021,0.006971711,0.023682816,-0.001000419
1,All Population,4,YLLs (Years of Life Lost),4859,Madhya Pradesh,2,Female,9,20-24 years,494,Stroke,102,High alcohol use,2,Percent,2021,-9.12E-05,0.000167497,-0.000308067
1,All Population,4,YLLs (Years of Life Lost),4850,Goa,1,Male,9,20-24 years,494,Stroke,332,Chewing tobacco,2,Percent,2020,0.017246397,0.037322209,0.005798869
1,All Population,4,YLLs (Years of Life Lost),4850,Goa,2,Female,9,20-24 years,494,Stroke,332,Chewing tobacco,2,Percent,2020,0.003304253,0.007649366,0.000879668
1,All Population,4,YLLs (Years of Life Lost),4869,Sikkim,1,Male,9,20-24 years,498,Hypertensive heart disease,102,High alcohol use,2,Percent,2017,0.072508611,0.110730417,0.038243317
1,All Population,4,YLLs (Years of Life Lost),4869,Sikkim,2,Female,9,20-24 years,498,Hypertensive heart disease,102,High alcohol use,2,Percent,2017,0.01185238,0.026127898,0.002252367
1,All Population,4,YLLs (Years of Life Lost),4860,Maharashtra,1,Male,9,20-24 years,498,Hypertensive heart disease,102,High alcohol use,2,Percent,2017,0.032641499,0.04982946,0.016854994
1,All Population,4,YLLs (Years of Life Lost),4860,Maharashtra,2,Female,9,20-24 years,498,Hypertensive heart disease,102,High alcohol use,2,Percent,2017,0.000442915,0.001000896,8.26E-05
1,All Population,4,YLLs (Years of Life Lost),4860,Maharashtra,1,Male,9,20-24 years,499,Cardiomyopathy and myocarditis,102,High alcohol use,2,Percent,2017,0.018790997,0.058843951,0.004665685
1,All Population,4,YLLs (Years of Life Lost),4860,Maharashtra,2,Female,9,20-24 years,499,Cardiomyopathy and myocarditis,102,High alcohol use,2,Percent,2017,0.013036348,0.042556793,0.002919446
1,All Population,4,YLLs (Years of Life Lost),4861,Manipur,1,Male,9,20-24 years,493,Ischemic heart disease,102,High alcohol use,2,Percent,2021,-0.041928269,0.034637316,-0.121989157
1,All Population,4,YLLs (Years of Life Lost),4861,Manipur,2,Female,9,20-24 years,493,Ischemic heart disease,102,High alcohol use,2,Percent,2021,-0.002939291,0.003025943,-0.0095679
1,All Population,4,YLLs (Years of Life Lost),4841,Andhra Pradesh,1,Male,9,20-24 years,494,Stroke,102,High alcohol use,2,Percent,2021,0.009943376,0.032182729,-0.001470984
1,All Population,4,YLLs (Years of Life Lost),4841,Andhra Pradesh,2,Female,9,20-24 years,494,Stroke,102,High alcohol use,2,Percent,2021,-0.00014967,0.000223898,-0.000476355
1,All Population,4,YLLs (Years of Life Lost),4856,Karnataka,1,Male,9,20-24 years,498,Hypertensive heart disease,102,High alcohol use,2,Percent,2020,0.046541426,0.075227471,0.022601676
1,All Population,4,YLLs (Years of Life Lost),4856,Karnataka,2,Female,9,20-24 years,498,Hypertensive heart disease,102,High alcohol use,2,Percent,2020,0.004193773,0.008217682,0.001168194
1,All Population,4,YLLs (Years of Life Lost),44538,Other Union Territories,1,Male,9,20-24 years,498,Hypertensive heart disease,102,High alcohol use,2,Percent,2016,0.049905449,0.077630168,0.025066399
1,All Population,4,YLLs (Years of Life Lost),44538,Other Union Territories,2,Female,9,20-24 years,498,Hypertensive heart disease,102,High alcohol use,2,Percent,2016,0.00126002,0.003032168,0.000226763
1,All Population,4,YLLs (Years of Life Lost),4854,Jammu & Kashmir and Ladakh,1,Male,9,20-24 years,494,Stroke,332,Chewing tobacco,2,Percent,2020,0.017702961,0.038186223,0.005810859
1,All Population,4,YLLs (Years of Life Lost),4854,Jammu & Kashmir and Ladakh,2,Female,9,20-24 years,494,Stroke,332,Chewing tobacco,2,Percent,2020,0.002116767,0.005067875,0.000593034
1,All Population,4,YLLs (Years of Life Lost),4843,Assam,1,Male,9,20-24 years,499,Cardiomyopathy and myocarditis,102,High alcohol use,2,Percent,2017,0.022725272,0.059798178,0.005523262
1,All Population,4,YLLs (Years of Life Lost),4843,Assam,2,Female,9,20-24 years,499,Cardiomyopathy and myocarditis,102,High alcohol use,2,Percent,2017,0.01408296,0.048909336,0.002175875
1,All Population,4,YLLs (Years of Life Lost),4850,Goa,1,Male,9,20-24 years,499,Cardiomyopathy and myocarditis,102,High alcohol use,2,Percent,2021,0.017139887,0.044474422,0.004451036
1,All Population,4,YLLs (Years of Life Lost),4850,Goa,2,Female,9,20-24 years,499,Cardiomyopathy and myocarditis,102,High alcohol use,2,Percent,2021,0.012118661,0.037164838,0.002431795
1,All Population,4,YLLs (Years of Life Lost),4868,Rajasthan,1,Male,9,20-24 years,498,Hypertensive heart disease,102,High alcohol use,2,Percent,2021,0.02411839,0.038775776,0.012058544
1,All Population,4,YLLs (Years of Life Lost),4868,Rajasthan,2,Female,9,20-24 years,498,Hypertensive heart disease,102,High alcohol use,2,Percent,2021,0.000725714,0.001551431,0.000131937
1,All Population,4,YLLs (Years of Life Lost),4868,Rajasthan,1,Male,9,20-24 years,498,Hypertensive heart disease,102,High alcohol use,2,Percent,2016,0.024223702,0.037829947,0.011732737
1,All Population,4,YLLs (Years of Life Lost),4868,Rajasthan,2,Female,9,20-24 years,498,Hypertensive heart disease,102,High alcohol use,2,Percent,2016,0.000779391,0.00165704,0.000149684
1,All Population,4,YLLs (Years of Life Lost),4870,Tamil Nadu,1,Male,9,20-24 years,494,Stroke,102,High alcohol use,2,Percent,2016,0.012201636,0.035746336,-0.001949352
1,All Population,4,YLLs (Years of Life Lost),4870,Tamil Nadu,2,Female,9,20-24 years,494,Stroke,102,High alcohol use,2,Percent,2016,-2.34E-05,4.73E-05,-9.06E-05
1,All Population,4,YLLs (Years of Life Lost),4853,Himachal Pradesh,1,Male,9,20-24 years,498,Hypertensive heart disease,102,High alcohol use,2,Percent,2020,0.043634435,0.070057576,0.02226179
1,All Population,4,YLLs (Years of Life Lost),4853,Himachal Pradesh,2,Female,9,20-24 years,498,Hypertensive heart disease,102,High alcohol use,2,Percent,2020,0.000913113,0.002058175,0.000166072
1,All Population,4,YLLs (Years of Life Lost),4851,Gujarat,1,Male,9,20-24 years,499,Cardiomyopathy and myocarditis,102,High alcohol use,2,Percent,2017,0.01980044,0.058254503,0.004643338
1,All Population,4,YLLs (Years of Life Lost),4851,Gujarat,2,Female,9,20-24 years,499,Cardiomyopathy and myocarditis,102,High alcohol use,2,Percent,2017,0.013393269,0.044525272,0.002684432
1,All Population,4,YLLs (Years of Life Lost),4850,Goa,1,Male,9,20-24 years,494,Stroke,102,High alcohol use,2,Percent,2021,0.012715565,0.040305868,-0.002072771
1,All Population,4,YLLs (Years of Life Lost),4850,Goa,2,Female,9,20-24 years,494,Stroke,102,High alcohol use,2,Percent,2021,-0.000352136,0.000516713,-0.001168401
1,All Population,4,YLLs (Years of Life Lost),4867,Punjab,1,Male,9,20-24 years,493,Ischemic heart disease,102,High alcohol use,2,Percent,2017,-0.027757371,0.024401591,-0.078417756
1,All Population,4,YLLs (Years of Life Lost),4867,Punjab,2,Female,9,20-24 years,493,Ischemic heart disease,102,High alcohol use,2,Percent,2017,-0.000267999,0.000291558,-0.000907509
1,All Population,4,YLLs (Years of Life Lost),4853,Himachal Pradesh,1,Male,9,20-24 years,494,Stroke,332,Chewing tobacco,2,Percent,2021,0.015211183,0.03316996,0.004778441
1,All Population,4,YLLs (Years of Life Lost),4853,Himachal Pradesh,2,Female,9,20-24 years,494,Stroke,332,Chewing tobacco,2,Percent,2021,0.001743794,0.004173674,0.000468883
1,All Population,4,YLLs (Years of Life Lost),4872,Tripura,1,Male,9,20-24 years,494,Stroke,102,High alcohol use,2,Percent,2017,0.012480985,0.038180221,-0.00189871
1,All Population,4,YLLs (Years of Life Lost),4872,Tripura,2,Female,9,20-24 years,494,Stroke,102,High alcohol use,2,Percent,2017,-0.000292937,0.000553904,-0.000962092
1,All Population,4,YLLs (Years of Life Lost),4850,Goa,1,Male,9,20-24 years,493,Ischemic heart disease,102,High alcohol use,2,Percent,2020,-0.042985857,0.035365838,-0.126405887
1,All Population,4,YLLs (Years of Life Lost),4850,Goa,2,Female,9,20-24 years,493,Ischemic heart disease,102,High alcohol use,2,Percent,2020,-0.003095073,0.003239322,-0.009897986
1,All Population,4,YLLs (Years of Life Lost),4843,Assam,1,Male,9,20-24 years,493,Ischemic heart disease,102,High alcohol use,2,Percent,2021,-0.029316536,0.026498686,-0.080649109
1,All Population,4,YLLs (Years of Life Lost),4843,Assam,2,Female,9,20-24 years,493,Ischemic heart disease,102,High alcohol use,2,Percent,2021,-0.002800392,0.002597007,-0.009031353
1,All Population,4,YLLs (Years of Life Lost),4861,Manipur,1,Male,9,20-24 years,498,Hypertensive heart disease,102,High alcohol use,2,Percent,2020,0.074629472,0.114410482,0.039689695
1,All Population,4,YLLs (Years of Life Lost),4861,Manipur,2,Female,9,20-24 years,498,Hypertensive heart disease,102,High alcohol use,2,Percent,2020,0.004398561,0.009845412,0.000833563
1,All Population,4,YLLs (Years of Life Lost),4851,Gujarat,1,Male,9,20-24 years,498,Hypertensive heart disease,102,High alcohol use,2,Percent,2020,0.013893083,0.023649282,0.006213481
1,All Population,4,YLLs (Years of Life Lost),4851,Gujarat,2,Female,9,20-24 years,498,Hypertensive heart disease,102,High alcohol use,2,Percent,2020,0.000470536,0.00114169,7.65E-05
1,All Population,4,YLLs (Years of Life Lost),4872,Tripura,1,Male,9,20-24 years,498,Hypertensive heart disease,102,High alcohol use,2,Percent,2016,0.068940324,0.104041767,0.035512458
1,All Population,4,YLLs (Years of Life Lost),4872,Tripura,2,Female,9,20-24 years,498,Hypertensive heart disease,102,High alcohol use,2,Percent,2016,0.003947046,0.008688381,0.000720479
1,All Population,4,YLLs (Years of Life Lost),4855,Jharkhand,1,Male,9,20-24 years,494,Stroke,332,Chewing tobacco,2,Percent,2021,0.087530581,0.152435563,0.039115574
1,All Population,4,YLLs (Years of Life Lost),4855,Jharkhand,2,Female,9,20-24 years,494,Stroke,332,Chewing tobacco,2,Percent,2021,0.009615019,0.02100267,0.003024955
1,All Population,4,YLLs (Years of Life Lost),4860,Maharashtra,1,Male,9,20-24 years,493,Ischemic heart disease,102,High alcohol use,2,Percent,2020,-0.016367482,0.014952798,-0.042758482
1,All Population,4,YLLs (Years of Life Lost),4860,Maharashtra,2,Female,9,20-24 years,493,Ischemic heart disease,102,High alcohol use,2,Percent,2020,-0.000327064,0.000350172,-0.001041099
1,All Population,4,YLLs (Years of Life Lost),4857,Kerala,1,Male,9,20-24 years,494,Stroke,102,High alcohol use,2,Percent,2020,0.007267755,0.022621827,-0.001188945
1,All Population,4,YLLs (Years of Life Lost),4857,Kerala,2,Female,9,20-24 years,494,Stroke,102,High alcohol use,2,Percent,2020,-0.000120258,0.000166015,-0.000406719
1,All Population,4,YLLs (Years of Life Lost),4863,Mizoram,1,Male,9,20-24 years,499,Cardiomyopathy and myocarditis,102,High alcohol use,2,Percent,2021,0.026812213,0.08980855,0.0046024
1,All Population,4,YLLs (Years of Life Lost),4863,Mizoram,2,Female,9,20-24 years,499,Cardiomyopathy and myocarditis,102,High alcohol use,2,Percent,2021,0.01482181,0.043659112,0.003196188
1,All Population,4,YLLs (Years of Life Lost),4865,Odisha,1,Male,9,20-24 years,494,Stroke,332,Chewing tobacco,2,Percent,2021,0.086717413,0.151223714,0.039604145
1,All Population,4,YLLs (Years of Life Lost),4865,Odisha,2,Female,9,20-24 years,494,Stroke,332,Chewing tobacco,2,Percent,2021,0.024451525,0.051744731,0.009063562
1,All Population,4,YLLs (Years of Life Lost),4863,Mizoram,1,Male,9,20-24 years,498,Hypertensive heart disease,102,High alcohol use,2,Percent,2016,0.072562527,0.109390782,0.037776725
1,All Population,4,YLLs (Years of Life Lost),4863,Mizoram,2,Female,9,20-24 years,498,Hypertensive heart disease,102,High alcohol use,2,Percent,2016,0.003504688,0.008032731,0.000682983
1,All Population,4,YLLs (Years of Life Lost),4871,Telangana,1,Male,9,20-24 years,493,Ischemic heart disease,102,High alcohol use,2,Percent,2020,-0.0459995,0.039105912,-0.130163391
1,All Population,4,YLLs (Years of Life Lost),4871,Telangana,2,Female,9,20-24 years,493,Ischemic heart disease,102,High alcohol use,2,Percent,2020,-0.002146388,0.002219265,-0.00707113
1,All Population,4,YLLs (Years of Life Lost),4871,Telangana,1,Male,9,20-24 years,494,Stroke,332,Chewing tobacco,2,Percent,2021,0.021274866,0.04306847,0.00777525
1,All Population,4,YLLs (Years of Life Lost),4871,Telangana,2,Female,9,20-24 years,494,Stroke,332,Chewing tobacco,2,Percent,2021,0.005351187,0.012367419,0.001507928
1,All Population,4,YLLs (Years of Life Lost),4854,Jammu & Kashmir and Ladakh,1,Male,9,20-24 years,499,Cardiomyopathy and myocarditis,102,High alcohol use,2,Percent,2020,0.02204385,0.064391011,0.005449404
1,All Population,4,YLLs (Years of Life Lost),4854,Jammu & Kashmir and Ladakh,2,Female,9,20-24 years,499,Cardiomyopathy and myocarditis,102,High alcohol use,2,Percent,2020,0.014109921,0.045926235,0.002816911
1,All Population,4,YLLs (Years of Life Lost),4868,Rajasthan,1,Male,9,20-24 years,494,Stroke,102,High alcohol use,2,Percent,2021,0.004045622,0.014092195,-0.000579124
1,All Population,4,YLLs (Years of Life Lost),4868,Rajasthan,2,Female,9,20-24 years,494,Stroke,102,High alcohol use,2,Percent,2021,-5.85E-05,8.66E-05,-0.000191854
1,All Population,4,YLLs (Years of Life Lost),4870,Tamil Nadu,1,Male,9,20-24 years,493,Ischemic heart disease,102,High alcohol use,2,Percent,2021,-0.036737772,0.032458391,-0.099863883
1,All Population,4,YLLs (Years of Life Lost),4870,Tamil Nadu,2,Female,9,20-24 years,493,Ischemic heart disease,102,High alcohol use,2,Percent,2021,-0.000276546,0.000248323,-0.000894083
1,All Population,4,YLLs (Years of Life Lost),4872,Tripura,1,Male,9,20-24 years,499,Cardiomyopathy and myocarditis,102,High alcohol use,2,Percent,2021,0.021605073,0.061836184,0.00535533
1,All Population,4,YLLs (Years of Life Lost),4872,Tripura,2,Female,9,20-24 years,499,Cardiomyopathy and myocarditis,102,High alcohol use,2,Percent,2021,0.013605225,0.044920011,0.002737228
1,All Population,4,YLLs (Years of Life Lost),4874,Uttarakhand,1,Male,9,20-24 years,498,Hypertensive heart disease,102,High alcohol use,2,Percent,2020,0.049331032,0.07810156,0.02514801
1,All Population,4,YLLs (Years of Life Lost),4874,Uttarakhand,2,Female,9,20-24 years,498,Hypertensive heart disease,102,High alcohol use,2,Percent,2020,0.000492175,0.00118367,8.03E-05
1,All Population,4,YLLs (Years of Life Lost),4862,Meghalaya,1,Male,9,20-24 years,499,Cardiomyopathy and myocarditis,102,High alcohol use,2,Percent,2020,0.025899936,0.075433672,0.005005738
1,All Population,4,YLLs (Years of Life Lost),4862,Meghalaya,2,Female,9,20-24 years,499,Cardiomyopathy and myocarditis,102,High alcohol use,2,Percent,2020,0.014302171,0.050076318,0.003104617
1,All Population,4,YLLs (Years of Life Lost),4842,Arunachal Pradesh,1,Male,9,20-24 years,499,Cardiomyopathy and myocarditis,102,High alcohol use,2,Percent,2021,0.02151959,0.061371167,0.005035171
1,All Population,4,YLLs (Years of Life Lost),4842,Arunachal Pradesh,2,Female,9,20-24 years,499,Cardiomyopathy and myocarditis,102,High alcohol use,2,Percent,2021,0.013085798,0.039618473,0.002681104
1,All Population,4,YLLs (Years of Life Lost),4849,Delhi,1,Male,9,20-24 years,494,Stroke,102,High alcohol use,2,Percent,2021,0.006758454,0.02305592,-0.000902609
1,All Population,4,YLLs (Years of Life Lost),4849,Delhi,2,Female,9,20-24 years,494,Stroke,102,High alcohol use,2,Percent,2021,-9.01E-05,7.85E-05,-0.000322171
1,All Population,4,YLLs (Years of Life Lost),4869,Sikkim,1,Male,9,20-24 years,493,Ischemic heart disease,102,High alcohol use,2,Percent,2020,-0.040885191,0.034060808,-0.120063193
1,All Population,4,YLLs (Years of Life Lost),4869,Sikkim,2,Female,9,20-24 years,493,Ischemic heart disease,102,High alcohol use,2,Percent,2020,-0.008785066,0.009085324,-0.028766538
1,All Population,4,YLLs (Years of Life Lost),4854,Jammu & Kashmir and Ladakh,1,Male,9,20-24 years,493,Ischemic heart disease,102,High alcohol use,2,Percent,2021,-0.009268963,0.009402746,-0.027208476
1,All Population,4,YLLs (Years of Life Lost),4854,Jammu & Kashmir and Ladakh,2,Female,9,20-24 years,493,Ischemic heart disease,102,High alcohol use,2,Percent,2021,-0.000359033,0.000338601,-0.001163408
1,All Population,4,YLLs (Years of Life Lost),4844,Bihar,1,Male,9,20-24 years,494,Stroke,102,High alcohol use,2,Percent,2016,0.007507315,0.023271601,-0.001103607
1,All Population,4,YLLs (Years of Life Lost),4844,Bihar,2,Female,9,20-24 years,494,Stroke,102,High alcohol use,2,Percent,2016,-4.51E-05,6.24E-05,-0.000160985
1,All Population,4,YLLs (Years of Life Lost),4868,Rajasthan,1,Male,9,20-24 years,493,Ischemic heart disease,102,High alcohol use,2,Percent,2017,-0.011820287,0.011001095,-0.032924336
1,All Population,4,YLLs (Years of Life Lost),4868,Rajasthan,2,Female,9,20-24 years,493,Ischemic heart disease,102,High alcohol use,2,Percent,2017,-0.000511745,0.000541343,-0.001604973
1,All Population,4,YLLs (Years of Life Lost),4842,Arunachal Pradesh,1,Male,9,20-24 years,494,Stroke,102,High alcohol use,2,Percent,2014,0.018796421,0.054786587,-0.003112295
1,All Population,4,YLLs (Years of Life Lost),4842,Arunachal Pradesh,2,Female,9,20-24 years,494,Stroke,102,High alcohol use,2,Percent,2014,-0.00114168,0.001925103,-0.004197936
1,All Population,4,YLLs (Years of Life Lost),4854,Jammu & Kashmir and Ladakh,1,Male,9,20-24 years,498,Hypertensive heart disease,102,High alcohol use,2,Percent,2017,0.018458958,0.030376735,0.008628138
1,All Population,4,YLLs (Years of Life Lost),4854,Jammu & Kashmir and Ladakh,2,Female,9,20-24 years,498,Hypertensive heart disease,102,High alcohol use,2,Percent,2017,0.000457638,0.001148728,7.70E-05
1,All Population,4,YLLs (Years of Life Lost),4875,West Bengal,1,Male,9,20-24 years,493,Ischemic heart disease,102,High alcohol use,2,Percent,2017,-0.027385862,0.023987559,-0.079264512
1,All Population,4,YLLs (Years of Life Lost),4875,West Bengal,2,Female,9,20-24 years,493,Ischemic heart disease,102,High alcohol use,2,Percent,2017,-0.000580315,0.000612287,-0.002165819
1,All Population,4,YLLs (Years of Life Lost),4843,Assam,1,Male,9,20-24 years,494,Stroke,332,Chewing tobacco,2,Percent,2020,0.096594036,0.160697327,0.046433984
1,All Population,4,YLLs (Years of Life Lost),4843,Assam,2,Female,9,20-24 years,494,Stroke,332,Chewing tobacco,2,Percent,2020,0.034178015,0.066937393,0.014669676
1,All Population,4,YLLs (Years of Life Lost),4873,Uttar Pradesh,1,Male,9,20-24 years,494,Stroke,332,Chewing tobacco,2,Percent,2016,0.090719589,0.148854843,0.04556286
1,All Population,4,YLLs (Years of Life Lost),4873,Uttar Pradesh,2,Female,9,20-24 years,494,Stroke,332,Chewing tobacco,2,Percent,2016,0.011562329,0.025384695,0.003697647
1,All Population,4,YLLs (Years of Life Lost),4846,Chhattisgarh,1,Male,9,20-24 years,499,Cardiomyopathy and myocarditis,102,High alcohol use,2,Percent,2020,0.021387416,0.064139615,0.00461738
1,All Population,4,YLLs (Years of Life Lost),4846,Chhattisgarh,2,Female,9,20-24 years,499,Cardiomyopathy and myocarditis,102,High alcohol use,2,Percent,2020,0.014245247,0.04760778,0.002288816
1,All Population,4,YLLs (Years of Life Lost),4846,Chhattisgarh,1,Male,9,20-24 years,498,Hypertensive heart disease,102,High alcohol use,2,Percent,2021,0.069592393,0.105018123,0.038193471
1,All Population,4,YLLs (Years of Life Lost),4846,Chhattisgarh,2,Female,9,20-24 years,498,Hypertensive heart disease,102,High alcohol use,2,Percent,2021,0.003337819,0.007624774,0.00057064
1,All Population,4,YLLs (Years of Life Lost),4865,Odisha,1,Male,9,20-24 years,493,Ischemic heart disease,102,High alcohol use,2,Percent,2020,-0.03343082,0.029630046,-0.088885815
1,All Population,4,YLLs (Years of Life Lost),4865,Odisha,2,Female,9,20-24 years,493,Ischemic heart disease,102,High alcohol use,2,Percent,2020,-0.001771006,0.00190735,-0.005657559
1,All Population,4,YLLs (Years of Life Lost),4870,Tamil Nadu,1,Male,9,20-24 years,494,Stroke,332,Chewing tobacco,2,Percent,2021,0.016307629,0.03606819,0.005403677
1,All Population,4,YLLs (Years of Life Lost),4870,Tamil Nadu,2,Female,9,20-24 years,494,Stroke,332,Chewing tobacco,2,Percent,2021,0.002760265,0.006681884,0.000766616
1,All Population,4,YLLs (Years of Life Lost),4864,Nagaland,1,Male,9,20-24 years,498,Hypertensive heart disease,102,High alcohol use,2,Percent,2016,0.068534444,0.103188117,0.036038432
1,All Population,4,YLLs (Years of Life Lost),4864,Nagaland,2,Female,9,20-24 years,498,Hypertensive heart disease,102,High alcohol use,2,Percent,2016,0.00363133,0.007958557,0.000706343
1,All Population,4,YLLs (Years of Life Lost),4874,Uttarakhand,1,Male,9,20-24 years,494,Stroke,332,Chewing tobacco,2,Percent,2021,0.035295709,0.073583591,0.012363368
1,All Population,4,YLLs (Years of Life Lost),4874,Uttarakhand,2,Female,9,20-24 years,494,Stroke,332,Chewing tobacco,2,Percent,2021,0.002065164,0.004991266,0.000564923
1,All Population,4,YLLs (Years of Life Lost),4856,Karnataka,1,Male,9,20-24 years,499,Cardiomyopathy and myocarditis,102,High alcohol use,2,Percent,2021,0.018831996,0.053176576,0.004767181
1,All Population,4,YLLs (Years of Life Lost),4856,Karnataka,2,Female,9,20-24 years,499,Cardiomyopathy and myocarditis,102,High alcohol use,2,Percent,2021,0.011696386,0.040094422,0.002242984
1,All Population,4,YLLs (Years of Life Lost),4871,Telangana,1,Male,9,20-24 years,498,Hypertensive heart disease,102,High alcohol use,2,Percent,2020,0.080712305,0.121986224,0.043565451
1,All Population,4,YLLs (Years of Life Lost),4871,Telangana,2,Female,9,20-24 years,498,Hypertensive heart disease,102,High alcohol use,2,Percent,2020,0.003200109,0.007472269,0.000556204
1,All Population,4,YLLs (Years of Life Lost),4851,Gujarat,1,Male,9,20-24 years,493,Ischemic heart disease,102,High alcohol use,2,Percent,2020,-0.00704529,0.007195267,-0.020593369
1,All Population,4,YLLs (Years of Life Lost),4851,Gujarat,2,Female,9,20-24 years,493,Ischemic heart disease,102,High alcohol use,2,Percent,2020,-0.00031526,0.000312064,-0.001031226
1,All Population,4,YLLs (Years of Life Lost),4860,Maharashtra,1,Male,9,20-24 years,494,Stroke,332,Chewing tobacco,2,Percent,2021,0.051145452,0.086576121,0.024429073
1,All Population,4,YLLs (Years of Life Lost),4860,Maharashtra,2,Female,9,20-24 years,494,Stroke,332,Chewing tobacco,2,Percent,2021,0.012375761,0.028675384,0.003774388
1,All Population,4,YLLs (Years of Life Lost),4867,Punjab,1,Male,9,20-24 years,499,Cardiomyopathy and myocarditis,102,High alcohol use,2,Percent,2020,0.020205969,0.056184018,0.004978126
1,All Population,4,YLLs (Years of Life Lost),4867,Punjab,2,Female,9,20-24 years,499,Cardiomyopathy and myocarditis,102,High alcohol use,2,Percent,2020,0.015527013,0.056300676,0.002997075
1,All Population,4,YLLs (Years of Life Lost),4849,Delhi,1,Male,9,20-24 years,499,Cardiomyopathy and myocarditis,102,High alcohol use,2,Percent,2021,0.022366741,0.057749957,0.00599178
1,All Population,4,YLLs (Years of Life Lost),4849,Delhi,2,Female,9,20-24 years,499,Cardiomyopathy and myocarditis,102,High alcohol use,2,Percent,2021,0.016618275,0.053483882,0.003748927
1,All Population,4,YLLs (Years of Life Lost),4842,Arunachal Pradesh,1,Male,9,20-24 years,494,Stroke,102,High alcohol use,2,Percent,2021,0.018339213,0.055796201,-0.003087679
1,All Population,4,YLLs (Years of Life Lost),4842,Arunachal Pradesh,2,Female,9,20-24 years,494,Stroke,102,High alcohol use,2,Percent,2021,-0.001258133,0.002335625,-0.004704439
1,All Population,4,YLLs (Years of Life Lost),44538,Other Union Territories,1,Male,9,20-24 years,499,Cardiomyopathy and myocarditis,102,High alcohol use,2,Percent,2017,0.020108525,0.061375594,0.004971583
1,All Population,4,YLLs (Years of Life Lost),44538,Other Union Territories,2,Female,9,20-24 years,499,Cardiomyopathy and myocarditis,102,High alcohol use,2,Percent,2017,0.014742136,0.049461883,0.003165788
1,All Population,4,YLLs (Years of Life Lost),4844,Bihar,1,Male,9,20-24 years,493,Ischemic heart disease,102,High alcohol use,2,Percent,2021,-0.02168833,0.020209226,-0.063421691
1,All Population,4,YLLs (Years of Life Lost),4844,Bihar,2,Female,9,20-24 years,493,Ischemic heart disease,102,High alcohol use,2,Percent,2021,-0.000395849,0.000410585,-0.001275272
1,All Population,4,YLLs (Years of Life Lost),4853,Himachal Pradesh,1,Male,9,20-24 years,499,Cardiomyopathy and myocarditis,102,High alcohol use,2,Percent,2021,0.020211325,0.05770248,0.005264152
1,All Population,4,YLLs (Years of Life Lost),4853,Himachal Pradesh,2,Female,9,20-24 years,499,Cardiomyopathy and myocarditis,102,High alcohol use,2,Percent,2021,0.013632296,0.050320969,0.002633405
1,All Population,4,YLLs (Years of Life Lost),4852,Haryana,1,Male,9,20-24 years,498,Hypertensive heart disease,102,High alcohol use,2,Percent,2017,0.020859903,0.036829504,0.007036143
1,All Population,4,YLLs (Years of Life Lost),4852,Haryana,2,Female,9,20-24 years,498,Hypertensive heart disease,102,High alcohol use,2,Percent,2017,0.00046946,0.001138164,8.15E-05
1,All Population,4,YLLs (Years of Life Lost),4852,Haryana,1,Male,9,20-24 years,499,Cardiomyopathy and myocarditis,102,High alcohol use,2,Percent,2017,0.023555722,0.067025866,0.006019802
1,All Population,4,YLLs (Years of Life Lost),4852,Haryana,2,Female,9,20-24 years,499,Cardiomyopathy and myocarditis,102,High alcohol use,2,Percent,2017,0.016452363,0.054916303,0.003521499
1,All Population,4,YLLs (Years of Life Lost),4855,Jharkhand,1,Male,9,20-24 years,499,Cardiomyopathy and myocarditis,102,High alcohol use,2,Percent,2017,0.021705381,0.064873948,0.005149761
1,All Population,4,YLLs (Years of Life Lost),4855,Jharkhand,2,Female,9,20-24 years,499,Cardiomyopathy and myocarditis,102,High alcohol use,2,Percent,2017,0.014516006,0.046932173,0.002769103
1,All Population,4,YLLs (Years of Life Lost),4843,Assam,1,Male,9,20-24 years,494,Stroke,332,Chewing tobacco,2,Percent,2016,0.11520488,0.180734018,0.061191776
1,All Population,4,YLLs (Years of Life Lost),4843,Assam,2,Female,9,20-24 years,494,Stroke,332,Chewing tobacco,2,Percent,2016,0.044273162,0.083897306,0.018188277
1,All Population,4,YLLs (Years of Life Lost),4873,Uttar Pradesh,1,Male,9,20-24 years,498,Hypertensive heart disease,102,High alcohol use,2,Percent,2020,0.017367806,0.027265804,0.006701079
1,All Population,4,YLLs (Years of Life Lost),4873,Uttar Pradesh,2,Female,9,20-24 years,498,Hypertensive heart disease,102,High alcohol use,2,Percent,2020,0.000377121,0.000972614,5.86E-05
1,All Population,4,YLLs (Years of Life Lost),4852,Haryana,1,Male,9,20-24 years,494,Stroke,332,Chewing tobacco,2,Percent,2021,0.019548854,0.041544959,0.007323551
1,All Population,4,YLLs (Years of Life Lost),4852,Haryana,2,Female,9,20-24 years,494,Stroke,332,Chewing tobacco,2,Percent,2021,0.002157559,0.005122549,0.000573113
1,All Population,4,YLLs (Years of Life Lost),4865,Odisha,1,Male,9,20-24 years,494,Stroke,332,Chewing tobacco,2,Percent,2016,0.108007659,0.167564305,0.058766298
1,All Population,4,YLLs (Years of Life Lost),4865,Odisha,2,Female,9,20-24 years,494,Stroke,332,Chewing tobacco,2,Percent,2016,0.033080603,0.068247835,0.012433701
1,All Population,4,YLLs (Years of Life Lost),4875,West Bengal,1,Male,9,20-24 years,499,Cardiomyopathy and myocarditis,102,High alcohol use,2,Percent,2016,0.022817654,0.065553219,0.00544796
1,All Population,4,YLLs (Years of Life Lost),4875,West Bengal,2,Female,9,20-24 years,499,Cardiomyopathy and myocarditis,102,High alcohol use,2,Percent,2016,0.012908379,0.038446278,0.002718189
1,All Population,4,YLLs (Years of Life Lost),4841,Andhra Pradesh,1,Male,9,20-24 years,493,Ischemic heart disease,102,High alcohol use,2,Percent,2021,-0.031202975,0.027242969,-0.093021963
1,All Population,4,YLLs (Years of Life Lost),4841,Andhra Pradesh,2,Female,9,20-24 years,493,Ischemic heart disease,102,High alcohol use,2,Percent,2021,-0.001226039,0.001347838,-0.003892306
1,All Population,4,YLLs (Years of Life Lost),4864,Nagaland,1,Male,9,20-24 years,493,Ischemic heart disease,102,High alcohol use,2,Percent,2021,-0.035966489,0.030318845,-0.10515135
1,All Population,4,YLLs (Years of Life Lost),4864,Nagaland,2,Female,9,20-24 years,493,Ischemic heart disease,102,High alcohol use,2,Percent,2021,-0.002592111,0.002714813,-0.008143962
1,All Population,4,YLLs (Years of Life Lost),4857,Kerala,1,Male,9,20-24 years,494,Stroke,332,Chewing tobacco,2,Percent,2017,0.01834881,0.036640066,0.007082238
1,All Population,4,YLLs (Years of Life Lost),4857,Kerala,2,Female,9,20-24 years,494,Stroke,332,Chewing tobacco,2,Percent,2017,0.003751838,0.008707454,0.001050577
1,All Population,4,YLLs (Years of Life Lost),44538,Other Union Territories,1,Male,9,20-24 years,494,Stroke,332,Chewing tobacco,2,Percent,2021,0.030325934,0.057389076,0.0129712
1,All Population,4,YLLs (Years of Life Lost),44538,Other Union Territories,2,Female,9,20-24 years,494,Stroke,332,Chewing tobacco,2,Percent,2021,0.003728687,0.008815977,0.001022172
1,All Population,4,YLLs (Years of Life Lost),4869,Sikkim,1,Male,9,20-24 years,494,Stroke,102,High alcohol use,2,Percent,2021,0.012365589,0.038295654,-0.001968295
1,All Population,4,YLLs (Years of Life Lost),4869,Sikkim,2,Female,9,20-24 years,494,Stroke,102,High alcohol use,2,Percent,2021,-0.00110434,0.001374112,-0.003728464
1,All Population,4,YLLs (Years of Life Lost),4851,Gujarat,1,Male,9,20-24 years,493,Ischemic heart disease,102,High alcohol use,2,Percent,2022,-0.006885952,0.007170355,-0.020201283
1,All Population,4,YLLs (Years of Life Lost),4851,Gujarat,2,Female,9,20-24 years,493,Ischemic heart disease,102,High alcohol use,2,Percent,2022,-0.000331754,0.000319553,-0.001107827
1,All Population,4,YLLs (Years of Life Lost),4844,Bihar,1,Male,9,20-24 years,494,Stroke,102,High alcohol use,2,Percent,2020,0.00762639,0.02586282,-0.001032332
1,All Population,4,YLLs (Years of Life Lost),4844,Bihar,2,Female,9,20-24 years,494,Stroke,102,High alcohol use,2,Percent,2020,-4.48E-05,7.70E-05,-0.000168746
1,All Population,4,YLLs (Years of Life Lost),4864,Nagaland,1,Male,9,20-24 years,494,Stroke,332,Chewing tobacco,2,Percent,2020,0.128251383,0.205186073,0.066749701
1,All Population,4,YLLs (Years of Life Lost),4864,Nagaland,2,Female,9,20-24 years,494,Stroke,332,Chewing tobacco,2,Percent,2020,0.072474752,0.122993763,0.034584086
1,All Population,4,YLLs (Years of Life Lost),4853,Himachal Pradesh,1,Male,9,20-24 years,499,Cardiomyopathy and myocarditis,102,High alcohol use,2,Percent,2022,0.019981102,0.057904879,0.005260131
1,All Population,4,YLLs (Years of Life Lost),4853,Himachal Pradesh,2,Female,9,20-24 years,499,Cardiomyopathy and myocarditis,102,High alcohol use,2,Percent,2022,0.013474532,0.047837969,0.002513416
1,All Population,4,YLLs (Years of Life Lost),4844,Bihar,1,Male,9,20-24 years,498,Hypertensive heart disease,102,High alcohol use,2,Percent,2021,0.042330405,0.069665214,0.020352755
1,All Population,4,YLLs (Years of Life Lost),4844,Bihar,2,Female,9,20-24 years,498,Hypertensive heart disease,102,High alcohol use,2,Percent,2021,0.000587281,0.001367405,9.52E-05
1,All Population,4,YLLs (Years of Life Lost),4856,Karnataka,1,Male,9,20-24 years,494,Stroke,102,High alcohol use,2,Percent,2020,0.008174642,0.02635346,-0.001179802
1,All Population,4,YLLs (Years of Life Lost),4856,Karnataka,2,Female,9,20-24 years,494,Stroke,102,High alcohol use,2,Percent,2020,-0.000317424,0.000376092,-0.001116714
1,All Population,4,YLLs (Years of Life Lost),4865,Odisha,1,Male,9,20-24 years,494,Stroke,102,High alcohol use,2,Percent,2020,0.011486602,0.036678334,-0.001740623
1,All Population,4,YLLs (Years of Life Lost),4865,Odisha,2,Female,9,20-24 years,494,Stroke,102,High alcohol use,2,Percent,2020,-0.000189826,0.000381219,-0.000717488
1,All Population,4,YLLs (Years of Life Lost),4855,Jharkhand,1,Male,9,20-24 years,493,Ischemic heart disease,102,High alcohol use,2,Percent,2021,-0.03230662,0.028022451,-0.088528995
1,All Population,4,YLLs (Years of Life Lost),4855,Jharkhand,2,Female,9,20-24 years,493,Ischemic heart disease,102,High alcohol use,2,Percent,2021,-0.002577581,0.002625224,-0.008132372
1,All Population,4,YLLs (Years of Life Lost),4867,Punjab,1,Male,9,20-24 years,498,Hypertensive heart disease,102,High alcohol use,2,Percent,2021,0.049973029,0.079861049,0.0253717
1,All Population,4,YLLs (Years of Life Lost),4867,Punjab,2,Female,9,20-24 years,498,Hypertensive heart disease,102,High alcohol use,2,Percent,2021,0.000479938,0.001133109,8.46E-05
1,All Population,4,YLLs (Years of Life Lost),4846,Chhattisgarh,1,Male,9,20-24 years,494,Stroke,332,Chewing tobacco,2,Percent,2017,0.106373094,0.168119905,0.055809915
1,All Population,4,YLLs (Years of Life Lost),4846,Chhattisgarh,2,Female,9,20-24 years,494,Stroke,332,Chewing tobacco,2,Percent,2017,0.032428867,0.062646361,0.01244959
1,All Population,4,YLLs (Years of Life Lost),4851,Gujarat,1,Male,9,20-24 years,498,Hypertensive heart disease,102,High alcohol use,2,Percent,2016,0.014475044,0.023667913,0.006769339
1,All Population,4,YLLs (Years of Life Lost),4851,Gujarat,2,Female,9,20-24 years,498,Hypertensive heart disease,102,High alcohol use,2,Percent,2016,0.000419408,0.001024425,7.42E-05
1,All Population,4,YLLs (Years of Life Lost),4862,Meghalaya,1,Male,9,20-24 years,494,Stroke,102,High alcohol use,2,Percent,2021,0.012605385,0.038951467,-0.001989766
1,All Population,4,YLLs (Years of Life Lost),4862,Meghalaya,2,Female,9,20-24 years,494,Stroke,102,High alcohol use,2,Percent,2021,-0.000155126,0.000272022,-0.000592863
1,All Population,4,YLLs (Years of Life Lost),4851,Gujarat,1,Male,9,20-24 years,494,Stroke,332,Chewing tobacco,2,Percent,2021,0.081205868,0.144006893,0.035362577
1,All Population,4,YLLs (Years of Life Lost),4851,Gujarat,2,Female,9,20-24 years,494,Stroke,332,Chewing tobacco,2,Percent,2021,0.009672098,0.021432524,0.002989615
1,All Population,4,YLLs (Years of Life Lost),4869,Sikkim,1,Male,9,20-24 years,494,Stroke,102,High alcohol use,2,Percent,2016,0.012315506,0.038154549,-0.00193634
1,All Population,4,YLLs (Years of Life Lost),4869,Sikkim,2,Female,9,20-24 years,494,Stroke,102,High alcohol use,2,Percent,2016,-0.000946837,0.001452772,-0.003033216
1,All Population,4,YLLs (Years of Life Lost),4863,Mizoram,1,Male,9,20-24 years,498,Hypertensive heart disease,102,High alcohol use,2,Percent,2017,0.07209589,0.109412359,0.037816027
1,All Population,4,YLLs (Years of Life Lost),4863,Mizoram,2,Female,9,20-24 years,498,Hypertensive heart disease,102,High alcohol use,2,Percent,2017,0.003583142,0.008148908,0.000713715
1,All Population,4,YLLs (Years of Life Lost),4867,Punjab,1,Male,9,20-24 years,494,Stroke,332,Chewing tobacco,2,Percent,2021,0.016258254,0.037052276,0.005225966
1,All Population,4,YLLs (Years of Life Lost),4867,Punjab,2,Female,9,20-24 years,494,Stroke,332,Chewing tobacco,2,Percent,2021,0.001569215,0.003756805,0.000421028
1,All Population,4,YLLs (Years of Life Lost),4871,Telangana,1,Male,9,20-24 years,493,Ischemic heart disease,102,High alcohol use,2,Percent,2016,-0.045480131,0.039677256,-0.126056035
1,All Population,4,YLLs (Years of Life Lost),4871,Telangana,2,Female,9,20-24 years,493,Ischemic heart disease,102,High alcohol use,2,Percent,2016,-0.001950277,0.00205453,-0.006931304
1,All Population,4,YLLs (Years of Life Lost),4857,Kerala,1,Male,9,20-24 years,494,Stroke,332,Chewing tobacco,2,Percent,2021,0.01455714,0.033633761,0.0047526
1,All Population,4,YLLs (Years of Life Lost),4857,Kerala,2,Female,9,20-24 years,494,Stroke,332,Chewing tobacco,2,Percent,2021,0.003029515,0.007170673,0.000836329
1,All Population,4,YLLs (Years of Life Lost),4864,Nagaland,1,Male,9,20-24 years,499,Cardiomyopathy and myocarditis,102,High alcohol use,2,Percent,2021,0.020279349,0.05861051,0.005035009
1,All Population,4,YLLs (Years of Life Lost),4864,Nagaland,2,Female,9,20-24 years,499,Cardiomyopathy and myocarditis,102,High alcohol use,2,Percent,2021,0.013646776,0.049290299,0.002412169
1,All Population,4,YLLs (Years of Life Lost),4841,Andhra Pradesh,1,Male,9,20-24 years,499,Cardiomyopathy and myocarditis,102,High alcohol use,2,Percent,2021,0.01773547,0.048640044,0.004470342
1,All Population,4,YLLs (Years of Life Lost),4841,Andhra Pradesh,2,Female,9,20-24 years,499,Cardiomyopathy and myocarditis,102,High alcohol use,2,Percent,2021,0.011105446,0.031759801,0.002252949
1,All Population,4,YLLs (Years of Life Lost),4854,Jammu & Kashmir and Ladakh,1,Male,9,20-24 years,494,Stroke,102,High alcohol use,2,Percent,2021,0.003138901,0.010882035,-0.000451815
1,All Population,4,YLLs (Years of Life Lost),4854,Jammu & Kashmir and Ladakh,2,Female,9,20-24 years,494,Stroke,102,High alcohol use,2,Percent,2021,-4.08E-05,6.31E-05,-0.000158909
1,All Population,4,YLLs (Years of Life Lost),4867,Punjab,1,Male,9,20-24 years,494,Stroke,102,High alcohol use,2,Percent,2016,0.009066432,0.029089547,-0.00138962
1,All Population,4,YLLs (Years of Life Lost),4867,Punjab,2,Female,9,20-24 years,494,Stroke,102,High alcohol use,2,Percent,2016,-3.18E-05,4.41E-05,-0.000105826
1,All Population,4,YLLs (Years of Life Lost),4853,Himachal Pradesh,1,Male,9,20-24 years,494,Stroke,102,High alcohol use,2,Percent,2021,0.007417468,0.023751184,-0.001100876
1,All Population,4,YLLs (Years of Life Lost),4853,Himachal Pradesh,2,Female,9,20-24 years,494,Stroke,102,High alcohol use,2,Percent,2021,-7.22E-05,0.000124386,-0.000259991
1,All Population,4,YLLs (Years of Life Lost),4841,Andhra Pradesh,1,Male,9,20-24 years,494,Stroke,332,Chewing tobacco,2,Percent,2022,0.017075545,0.031018418,0.007836688
1,All Population,4,YLLs (Years of Life Lost),4841,Andhra Pradesh,2,Female,9,20-24 years,494,Stroke,332,Chewing tobacco,2,Percent,2022,0.00444859,0.010490542,0.001195238
1,All Population,4,YLLs (Years of Life Lost),4864,Nagaland,1,Male,9,20-24 years,494,Stroke,102,High alcohol use,2,Percent,2022,0.010882388,0.034388509,-0.001776271
1,All Population,4,YLLs (Years of Life Lost),4864,Nagaland,2,Female,9,20-24 years,494,Stroke,102,High alcohol use,2,Percent,2022,-0.000308612,0.000446719,-0.001012489
1,All Population,4,YLLs (Years of Life Lost),4869,Sikkim,1,Male,9,20-24 years,494,Stroke,332,Chewing tobacco,2,Percent,2020,0.033753985,0.066548299,0.012483976
1,All Population,4,YLLs (Years of Life Lost),4869,Sikkim,2,Female,9,20-24 years,494,Stroke,332,Chewing tobacco,2,Percent,2020,0.006269279,0.014906485,0.001775463
1,All Population,4,YLLs (Years of Life Lost),4842,Arunachal Pradesh,1,Male,9,20-24 years,494,Stroke,332,Chewing tobacco,2,Percent,2016,0.112851626,0.173656615,0.061551866
1,All Population,4,YLLs (Years of Life Lost),4842,Arunachal Pradesh,2,Female,9,20-24 years,494,Stroke,332,Chewing tobacco,2,Percent,2016,0.041593262,0.078584022,0.017137065
1,All Population,4,YLLs (Years of Life Lost),4862,Meghalaya,1,Male,9,20-24 years,494,Stroke,332,Chewing tobacco,2,Percent,2020,0.046210033,0.088557133,0.017604399
1,All Population,4,YLLs (Years of Life Lost),4862,Meghalaya,2,Female,9,20-24 years,494,Stroke,332,Chewing tobacco,2,Percent,2020,0.063668243,0.113651337,0.028858328
1,All Population,4,YLLs (Years of Life Lost),4865,Odisha,1,Male,9,20-24 years,499,Cardiomyopathy and myocarditis,102,High alcohol use,2,Percent,2022,0.019980969,0.055200528,0.004858473
1,All Population,4,YLLs (Years of Life Lost),4865,Odisha,2,Female,9,20-24 years,499,Cardiomyopathy and myocarditis,102,High alcohol use,2,Percent,2022,0.012863606,0.04637638,0.002309165
1,All Population,4,YLLs (Years of Life Lost),4868,Rajasthan,1,Male,9,20-24 years,494,Stroke,332,Chewing tobacco,2,Percent,2022,0.058023465,0.112428217,0.022976854
1,All Population,4,YLLs (Years of Life Lost),4868,Rajasthan,2,Female,9,20-24 years,494,Stroke,332,Chewing tobacco,2,Percent,2022,0.009767494,0.021866975,0.003102385
1,All Population,4,YLLs (Years of Life Lost),4862,Meghalaya,1,Male,9,20-24 years,498,Hypertensive heart disease,102,High alcohol use,2,Percent,2022,0.07051598,0.110957282,0.036441309
1,All Population,4,YLLs (Years of Life Lost),4862,Meghalaya,2,Female,9,20-24 years,498,Hypertensive heart disease,102,High alcohol use,2,Percent,2022,0.002114389,0.004801227,0.000382945
1,All Population,4,YLLs (Years of Life Lost),4846,Chhattisgarh,1,Male,9,20-24 years,494,Stroke,102,High alcohol use,2,Percent,2020,0.013014699,0.042480758,-0.00196912
1,All Population,4,YLLs (Years of Life Lost),4846,Chhattisgarh,2,Female,9,20-24 years,494,Stroke,102,High alcohol use,2,Percent,2020,-0.000241624,0.000503943,-0.000925146
1,All Population,4,YLLs (Years of Life Lost),4875,West Bengal,1,Male,9,20-24 years,494,Stroke,102,High alcohol use,2,Percent,2016,0.008505858,0.026015069,-0.001253985
1,All Population,4,YLLs (Years of Life Lost),4875,West Bengal,2,Female,9,20-24 years,494,Stroke,102,High alcohol use,2,Percent,2016,-6.77E-05,9.79E-05,-0.000233955
1,All Population,4,YLLs (Years of Life Lost),4872,Tripura,1,Male,9,20-24 years,498,Hypertensive heart disease,102,High alcohol use,2,Percent,2020,0.068054265,0.105856253,0.034788743
1,All Population,4,YLLs (Years of Life Lost),4872,Tripura,2,Female,9,20-24 years,498,Hypertensive heart disease,102,High alcohol use,2,Percent,2020,0.003914755,0.008754835,0.000669083
1,All Population,4,YLLs (Years of Life Lost),4852,Haryana,1,Male,9,20-24 years,493,Ischemic heart disease,102,High alcohol use,2,Percent,2017,-0.013318354,0.012113338,-0.038325249
1,All Population,4,YLLs (Years of Life Lost),4852,Haryana,2,Female,9,20-24 years,493,Ischemic heart disease,102,High alcohol use,2,Percent,2017,-0.000312565,0.000320281,-0.001191605
1,All Population,4,YLLs (Years of Life Lost),4868,Rajasthan,1,Male,9,20-24 years,499,Cardiomyopathy and myocarditis,102,High alcohol use,2,Percent,2020,0.021968533,0.063065206,0.005279709
1,All Population,4,YLLs (Years of Life Lost),4868,Rajasthan,2,Female,9,20-24 years,499,Cardiomyopathy and myocarditis,102,High alcohol use,2,Percent,2020,0.015211094,0.044569672,0.003243337
1,All Population,4,YLLs (Years of Life Lost),4849,Delhi,1,Male,9,20-24 years,498,Hypertensive heart disease,102,High alcohol use,2,Percent,2021,0.041528893,0.06748946,0.020641174
1,All Population,4,YLLs (Years of Life Lost),4849,Delhi,2,Female,9,20-24 years,498,Hypertensive heart disease,102,High alcohol use,2,Percent,2021,0.000904918,0.002130902,0.000150324
1,All Population,4,YLLs (Years of Life Lost),4868,Rajasthan,1,Male,9,20-24 years,493,Ischemic heart disease,102,High alcohol use,2,Percent,2020,-0.011755529,0.011158047,-0.032719047
1,All Population,4,YLLs (Years of Life Lost),4868,Rajasthan,2,Female,9,20-24 years,493,Ischemic heart disease,102,High alcohol use,2,Percent,2020,-0.00048921,0.000516954,-0.001504184
1,All Population,4,YLLs (Years of Life Lost),4859,Madhya Pradesh,1,Male,9,20-24 years,498,Hypertensive heart disease,102,High alcohol use,2,Percent,2021,0.039560075,0.06370225,0.020457768
1,All Population,4,YLLs (Years of Life Lost),4859,Madhya Pradesh,2,Female,9,20-24 years,498,Hypertensive heart disease,102,High alcohol use,2,Percent,2021,0.001193306,0.00264741,0.000239044
1,All Population,4,YLLs (Years of Life Lost),4875,West Bengal,1,Male,9,20-24 years,494,Stroke,332,Chewing tobacco,2,Percent,2020,0.056232716,0.10341521,0.023296045
1,All Population,4,YLLs (Years of Life Lost),4875,West Bengal,2,Female,9,20-24 years,494,Stroke,332,Chewing tobacco,2,Percent,2020,0.014201322,0.02926019,0.00500838
1,All Population,4,YLLs (Years of Life Lost),4856,Karnataka,1,Male,9,20-24 years,498,Hypertensive heart disease,102,High alcohol use,2,Percent,2021,0.046425098,0.075637587,0.022761541
1,All Population,4,YLLs (Years of Life Lost),4856,Karnataka,2,Female,9,20-24 years,498,Hypertensive heart disease,102,High alcohol use,2,Percent,2021,0.003837136,0.007607389,0.001096149
1,All Population,4,YLLs (Years of Life Lost),4867,Punjab,1,Male,9,20-24 years,493,Ischemic heart disease,102,High alcohol use,2,Percent,2020,-0.026804517,0.023904768,-0.077015692
1,All Population,4,YLLs (Years of Life Lost),4867,Punjab,2,Female,9,20-24 years,493,Ischemic heart disease,102,High alcohol use,2,Percent,2020,-0.000256542,0.000256706,-0.000883396
1,All Population,4,YLLs (Years of Life Lost),4842,Arunachal Pradesh,1,Male,9,20-24 years,494,Stroke,332,Chewing tobacco,2,Percent,2020,0.092655365,0.156581988,0.045122247
1,All Population,4,YLLs (Years of Life Lost),4842,Arunachal Pradesh,2,Female,9,20-24 years,494,Stroke,332,Chewing tobacco,2,Percent,2020,0.030523415,0.060694713,0.011594553
1,All Population,4,YLLs (Years of Life Lost),4871,Telangana,1,Male,9,20-24 years,494,Stroke,102,High alcohol use,2,Percent,2020,0.014754706,0.047017262,-0.002249076
1,All Population,4,YLLs (Years of Life Lost),4871,Telangana,2,Female,9,20-24 years,494,Stroke,102,High alcohol use,2,Percent,2020,-0.000226911,0.000455325,-0.000824418
1,All Population,4,YLLs (Years of Life Lost),4855,Jharkhand,1,Male,9,20-24 years,494,Stroke,332,Chewing tobacco,2,Percent,2022,0.084811839,0.148434446,0.037390443
1,All Population,4,YLLs (Years of Life Lost),4855,Jharkhand,2,Female,9,20-24 years,494,Stroke,332,Chewing tobacco,2,Percent,2022,0.009557337,0.021268383,0.002929232
1,All Population,4,YLLs (Years of Life Lost),4857,Kerala,1,Male,9,20-24 years,499,Cardiomyopathy and myocarditis,102,High alcohol use,2,Percent,2021,0.017943447,0.049134862,0.004953152
1,All Population,4,YLLs (Years of Life Lost),4857,Kerala,2,Female,9,20-24 years,499,Cardiomyopathy and myocarditis,102,High alcohol use,2,Percent,2021,0.011796365,0.037377569,0.002447644
1,All Population,4,YLLs (Years of Life Lost),4870,Tamil Nadu,1,Male,9,20-24 years,494,Stroke,102,High alcohol use,2,Percent,2022,0.011539265,0.036250477,-0.001847239
1,All Population,4,YLLs (Years of Life Lost),4870,Tamil Nadu,2,Female,9,20-24 years,494,Stroke,102,High alcohol use,2,Percent,2022,-3.14E-05,5.01E-05,-0.000132406
1,All Population,4,YLLs (Years of Life Lost),4872,Tripura,1,Male,9,20-24 years,493,Ischemic heart disease,102,High alcohol use,2,Percent,2022,-0.038072938,0.032346564,-0.115048252
1,All Population,4,YLLs (Years of Life Lost),4872,Tripura,2,Female,9,20-24 years,493,Ischemic heart disease,102,High alcohol use,2,Percent,2022,-0.002598968,0.002657078,-0.008586261
1,All Population,4,YLLs (Years of Life Lost),4842,Arunachal Pradesh,1,Male,9,20-24 years,499,Cardiomyopathy and myocarditis,102,High alcohol use,2,Percent,2022,0.021223248,0.059410543,0.005033136
1,All Population,4,YLLs (Years of Life Lost),4842,Arunachal Pradesh,2,Female,9,20-24 years,499,Cardiomyopathy and myocarditis,102,High alcohol use,2,Percent,2022,0.012935036,0.03913178,0.002567831
1,All Population,4,YLLs (Years of Life Lost),4871,Telangana,1,Male,9,20-24 years,499,Cardiomyopathy and myocarditis,102,High alcohol use,2,Percent,2021,0.018940966,0.053476474,0.004638723
1,All Population,4,YLLs (Years of Life Lost),4871,Telangana,2,Female,9,20-24 years,499,Cardiomyopathy and myocarditis,102,High alcohol use,2,Percent,2021,0.012510196,0.038424329,0.002698118
1,All Population,4,YLLs (Years of Life Lost),4844,Bihar,1,Male,9,20-24 years,494,Stroke,332,Chewing tobacco,2,Percent,2022,0.069270843,0.127879733,0.02911687
1,All Population,4,YLLs (Years of Life Lost),4844,Bihar,2,Female,9,20-24 years,494,Stroke,332,Chewing tobacco,2,Percent,2022,0.003937697,0.009514364,0.001062795
1,All Population,4,YLLs (Years of Life Lost),4857,Kerala,1,Male,9,20-24 years,494,Stroke,102,High alcohol use,2,Percent,2022,0.007132842,0.02331923,-0.001165137
1,All Population,4,YLLs (Years of Life Lost),4857,Kerala,2,Female,9,20-24 years,494,Stroke,102,High alcohol use,2,Percent,2022,-0.000123537,0.000170572,-0.00039953
1,All Population,4,YLLs (Years of Life Lost),4842,Arunachal Pradesh,1,Male,9,20-24 years,499,Cardiomyopathy and myocarditis,102,High alcohol use,2,Percent,2017,0.022838205,0.067026233,0.005264465
1,All Population,4,YLLs (Years of Life Lost),4842,Arunachal Pradesh,2,Female,9,20-24 years,499,Cardiomyopathy and myocarditis,102,High alcohol use,2,Percent,2017,0.013478783,0.042469204,0.002712243
1,All Population,4,YLLs (Years of Life Lost),4862,Meghalaya,1,Male,9,20-24 years,498,Hypertensive heart disease,102,High alcohol use,2,Percent,2021,0.070695353,0.11076345,0.037210046
1,All Population,4,YLLs (Years of Life Lost),4862,Meghalaya,2,Female,9,20-24 years,498,Hypertensive heart disease,102,High alcohol use,2,Percent,2021,0.002086134,0.004720166,0.000361909
1,All Population,4,YLLs (Years of Life Lost),4851,Gujarat,1,Male,9,20-24 years,493,Ischemic heart disease,102,High alcohol use,2,Percent,2021,-0.006990623,0.007230297,-0.020632048
1,All Population,4,YLLs (Years of Life Lost),4851,Gujarat,2,Female,9,20-24 years,493,Ischemic heart disease,102,High alcohol use,2,Percent,2021,-0.000323786,0.000315703,-0.001043178
1,All Population,4,YLLs (Years of Life Lost),4869,Sikkim,1,Male,9,20-24 years,493,Ischemic heart disease,102,High alcohol use,2,Percent,2021,-0.040871812,0.033816393,-0.121268435
1,All Population,4,YLLs (Years of Life Lost),4869,Sikkim,2,Female,9,20-24 years,493,Ischemic heart disease,102,High alcohol use,2,Percent,2021,-0.008882999,0.008989545,-0.02926639
1,All Population,4,YLLs (Years of Life Lost),44538,Other Union Territories,1,Male,9,20-24 years,499,Cardiomyopathy and myocarditis,102,High alcohol use,2,Percent,2020,0.019596805,0.051255613,0.00479282
1,All Population,4,YLLs (Years of Life Lost),44538,Other Union Territories,2,Female,9,20-24 years,499,Cardiomyopathy and myocarditis,102,High alcohol use,2,Percent,2020,0.014432101,0.049960539,0.0031858
1,All Population,4,YLLs (Years of Life Lost),4874,Uttarakhand,1,Male,9,20-24 years,494,Stroke,102,High alcohol use,2,Percent,2017,0.008552627,0.027562369,-0.001241331
1,All Population,4,YLLs (Years of Life Lost),4874,Uttarakhand,2,Female,9,20-24 years,494,Stroke,102,High alcohol use,2,Percent,2017,-3.42E-05,5.66E-05,-0.000123787
1,All Population,4,YLLs (Years of Life Lost),4857,Kerala,1,Male,9,20-24 years,493,Ischemic heart disease,102,High alcohol use,2,Percent,2020,-0.024574835,0.022098824,-0.071483015
1,All Population,4,YLLs (Years of Life Lost),4857,Kerala,2,Female,9,20-24 years,493,Ischemic heart disease,102,High alcohol use,2,Percent,2020,-0.001014867,0.001061383,-0.003240423
1,All Population,4,YLLs (Years of Life Lost),4851,Gujarat,1,Male,9,20-24 years,499,Cardiomyopathy and myocarditis,102,High alcohol use,2,Percent,2020,0.019503794,0.059609534,0.004630511
1,All Population,4,YLLs (Years of Life Lost),4851,Gujarat,2,Female,9,20-24 years,499,Cardiomyopathy and myocarditis,102,High alcohol use,2,Percent,2020,0.013509448,0.047305171,0.002543271
1,All Population,4,YLLs (Years of Life Lost),4867,Punjab,1,Male,9,20-24 years,498,Hypertensive heart disease,102,High alcohol use,2,Percent,2016,0.052424024,0.080658496,0.02678855
1,All Population,4,YLLs (Years of Life Lost),4867,Punjab,2,Female,9,20-24 years,498,Hypertensive heart disease,102,High alcohol use,2,Percent,2016,0.000405323,0.000941965,7.27E-05
1,All Population,4,YLLs (Years of Life Lost),4862,Meghalaya,1,Male,9,20-24 years,494,Stroke,332,Chewing tobacco,2,Percent,2021,0.045311091,0.086685779,0.017621788
1,All Population,4,YLLs (Years of Life Lost),4862,Meghalaya,2,Female,9,20-24 years,494,Stroke,332,Chewing tobacco,2,Percent,2021,0.062281676,0.113901842,0.027944455
1,All Population,4,YLLs (Years of Life Lost),4855,Jharkhand,1,Male,9,20-24 years,494,Stroke,102,High alcohol use,2,Percent,2020,0.011191942,0.035892697,-0.001680869
1,All Population,4,YLLs (Years of Life Lost),4855,Jharkhand,2,Female,9,20-24 years,494,Stroke,102,High alcohol use,2,Percent,2020,-0.000272791,0.00056788,-0.001110953
1,All Population,4,YLLs (Years of Life Lost),4842,Arunachal Pradesh,1,Male,9,20-24 years,494,Stroke,332,Chewing tobacco,2,Percent,2021,0.091357242,0.157575022,0.042765676
1,All Population,4,YLLs (Years of Life Lost),4842,Arunachal Pradesh,2,Female,9,20-24 years,494,Stroke,332,Chewing tobacco,2,Percent,2021,0.030145952,0.062907325,0.011470162
1,All Population,4,YLLs (Years of Life Lost),4869,Sikkim,1,Male,9,20-24 years,499,Cardiomyopathy and myocarditis,102,High alcohol use,2,Percent,2017,0.02151037,0.063945633,0.005091246
1,All Population,4,YLLs (Years of Life Lost),4869,Sikkim,2,Female,9,20-24 years,499,Cardiomyopathy and myocarditis,102,High alcohol use,2,Percent,2017,0.012689722,0.039607591,0.002428019
1,All Population,4,YLLs (Years of Life Lost),4854,Jammu & Kashmir and Ladakh,1,Male,9,20-24 years,498,Hypertensive heart disease,102,High alcohol use,2,Percent,2020,0.018276574,0.030859782,0.008198022
1,All Population,4,YLLs (Years of Life Lost),4854,Jammu & Kashmir and Ladakh,2,Female,9,20-24 years,498,Hypertensive heart disease,102,High alcohol use,2,Percent,2020,0.000519834,0.001299759,8.13E-05
1,All Population,4,YLLs (Years of Life Lost),4873,Uttar Pradesh,1,Male,9,20-24 years,498,Hypertensive heart disease,102,High alcohol use,2,Percent,2021,0.017276523,0.026897219,0.006806545
1,All Population,4,YLLs (Years of Life Lost),4873,Uttar Pradesh,2,Female,9,20-24 years,498,Hypertensive heart disease,102,High alcohol use,2,Percent,2021,0.000386658,0.000981836,5.88E-05
1,All Population,4,YLLs (Years of Life Lost),4843,Assam,1,Male,9,20-24 years,494,Stroke,102,High alcohol use,2,Percent,2021,0.016952316,0.05116925,-0.00201642
1,All Population,4,YLLs (Years of Life Lost),4843,Assam,2,Female,9,20-24 years,494,Stroke,102,High alcohol use,2,Percent,2021,-0.000306131,0.000612362,-0.001208064
1,All Population,4,YLLs (Years of Life Lost),4860,Maharashtra,1,Male,9,20-24 years,493,Ischemic heart disease,102,High alcohol use,2,Percent,2022,-0.016177676,0.01491063,-0.043122987
1,All Population,4,YLLs (Years of Life Lost),4860,Maharashtra,2,Female,9,20-24 years,493,Ischemic heart disease,102,High alcohol use,2,Percent,2022,-0.000343533,0.000362169,-0.001077808
1,All Population,4,YLLs (Years of Life Lost),4849,Delhi,1,Male,9,20-24 years,493,Ischemic heart disease,102,High alcohol use,2,Percent,2017,-0.022162748,0.019783965,-0.062323019
1,All Population,4,YLLs (Years of Life Lost),4849,Delhi,2,Female,9,20-24 years,493,Ischemic heart disease,102,High alcohol use,2,Percent,2017,-0.000522388,0.000567523,-0.00192011
1,All Population,4,YLLs (Years of Life Lost),4865,Odisha,1,Male,9,20-24 years,498,Hypertensive heart disease,102,High alcohol use,2,Percent,2021,0.062009858,0.092874207,0.034449332
1,All Population,4,YLLs (Years of Life Lost),4865,Odisha,2,Female,9,20-24 years,498,Hypertensive heart disease,102,High alcohol use,2,Percent,2021,0.002698975,0.005821561,0.000529116
1,All Population,4,YLLs (Years of Life Lost),4852,Haryana,1,Male,9,20-24 years,494,Stroke,332,Chewing tobacco,2,Percent,2022,0.019889938,0.042771406,0.007142191
1,All Population,4,YLLs (Years of Life Lost),4852,Haryana,2,Female,9,20-24 years,494,Stroke,332,Chewing tobacco,2,Percent,2022,0.002156596,0.005171911,0.000575115
1,All Population,4,YLLs (Years of Life Lost),4867,Punjab,1,Male,9,20-24 years,494,Stroke,102,High alcohol use,2,Percent,2022,0.008586951,0.028299629,-0.001213167
1,All Population,4,YLLs (Years of Life Lost),4867,Punjab,2,Female,9,20-24 years,494,Stroke,102,High alcohol use,2,Percent,2022,-3.66E-05,4.54E-05,-0.000129554
1,All Population,4,YLLs (Years of Life Lost),4854,Jammu & Kashmir and Ladakh,1,Male,9,20-24 years,494,Stroke,102,High alcohol use,2,Percent,2022,0.003146845,0.010489989,-0.000453684
1,All Population,4,YLLs (Years of Life Lost),4854,Jammu & Kashmir and Ladakh,2,Female,9,20-24 years,494,Stroke,102,High alcohol use,2,Percent,2022,-4.21E-05,6.12E-05,-0.000167051
1,All Population,4,YLLs (Years of Life Lost),4853,Himachal Pradesh,1,Male,9,20-24 years,498,Hypertensive heart disease,102,High alcohol use,2,Percent,2021,0.04358835,0.070503443,0.02211475
1,All Population,4,YLLs (Years of Life Lost),4853,Himachal Pradesh,2,Female,9,20-24 years,498,Hypertensive heart disease,102,High alcohol use,2,Percent,2021,0.000940786,0.002176932,0.000173747
1,All Population,4,YLLs (Years of Life Lost),4855,Jharkhand,1,Male,9,20-24 years,499,Cardiomyopathy and myocarditis,102,High alcohol use,2,Percent,2022,0.019894212,0.057291745,0.005164017
1,All Population,4,YLLs (Years of Life Lost),4855,Jharkhand,2,Female,9,20-24 years,499,Cardiomyopathy and myocarditis,102,High alcohol use,2,Percent,2022,0.013538073,0.041608452,0.002610278
1,All Population,4,YLLs (Years of Life Lost),4857,Kerala,1,Male,9,20-24 years,494,Stroke,102,High alcohol use,2,Percent,2016,0.007501383,0.022532616,-0.001241174
1,All Population,4,YLLs (Years of Life Lost),4857,Kerala,2,Female,9,20-24 years,494,Stroke,102,High alcohol use,2,Percent,2016,-0.000105708,0.000170202,-0.000337677
1,All Population,4,YLLs (Years of Life Lost),4850,Goa,1,Male,9,20-24 years,494,Stroke,332,Chewing tobacco,2,Percent,2021,0.016946184,0.03722878,0.005588438
1,All Population,4,YLLs (Years of Life Lost),4850,Goa,2,Female,9,20-24 years,494,Stroke,332,Chewing tobacco,2,Percent,2021,0.003374493,0.007989846,0.000907284
1,All Population,4,YLLs (Years of Life Lost),44538,Other Union Territories,1,Male,9,20-24 years,493,Ischemic heart disease,102,High alcohol use,2,Percent,2021,-0.02750328,0.02464837,-0.081626162
1,All Population,4,YLLs (Years of Life Lost),44538,Other Union Territories,2,Female,9,20-24 years,493,Ischemic heart disease,102,High alcohol use,2,Percent,2021,-0.000984572,0.000969791,-0.003233022
1,All Population,4,YLLs (Years of Life Lost),4855,Jharkhand,1,Male,9,20-24 years,498,Hypertensive heart disease,102,High alcohol use,2,Percent,2016,0.059085371,0.088766476,0.031705574
1,All Population,4,YLLs (Years of Life Lost),4855,Jharkhand,2,Female,9,20-24 years,498,Hypertensive heart disease,102,High alcohol use,2,Percent,2016,0.003396208,0.007705374,0.000612408
1,All Population,4,YLLs (Years of Life Lost),4852,Haryana,1,Male,9,20-24 years,493,Ischemic heart disease,102,High alcohol use,2,Percent,2020,-0.013633622,0.01308396,-0.038474618
1,All Population,4,YLLs (Years of Life Lost),4852,Haryana,2,Female,9,20-24 years,493,Ischemic heart disease,102,High alcohol use,2,Percent,2020,-0.00034559,0.000335801,-0.001143866
1,All Population,4,YLLs (Years of Life Lost),4869,Sikkim,1,Male,9,20-24 years,494,Stroke,102,High alcohol use,2,Percent,2020,0.012411124,0.038256476,-0.001998195
1,All Population,4,YLLs (Years of Life Lost),4869,Sikkim,2,Female,9,20-24 years,494,Stroke,102,High alcohol use,2,Percent,2020,-0.001051786,0.001446447,-0.003475809
1,All Population,4,YLLs (Years of Life Lost),4870,Tamil Nadu,1,Male,9,20-24 years,494,Stroke,332,Chewing tobacco,2,Percent,2022,0.015993652,0.036629451,0.005160004
1,All Population,4,YLLs (Years of Life Lost),4870,Tamil Nadu,2,Female,9,20-24 years,494,Stroke,332,Chewing tobacco,2,Percent,2022,0.002790962,0.006824373,0.000775242
1,All Population,4,YLLs (Years of Life Lost),4850,Goa,1,Male,9,20-24 years,493,Ischemic heart disease,102,High alcohol use,2,Percent,2022,-0.042963598,0.035397505,-0.127915641
1,All Population,4,YLLs (Years of Life Lost),4850,Goa,2,Female,9,20-24 years,493,Ischemic heart disease,102,High alcohol use,2,Percent,2022,-0.003162472,0.003208088,-0.009995545
1,All Population,4,YLLs (Years of Life Lost),4870,Tamil Nadu,1,Male,9,20-24 years,494,Stroke,332,Chewing tobacco,2,Percent,2020,0.016562701,0.035587523,0.005531156
1,All Population,4,YLLs (Years of Life Lost),4870,Tamil Nadu,2,Female,9,20-24 years,494,Stroke,332,Chewing tobacco,2,Percent,2020,0.002782887,0.006613207,0.000771176
1,All Population,4,YLLs (Years of Life Lost),4871,Telangana,1,Male,9,20-24 years,493,Ischemic heart disease,102,High alcohol use,2,Percent,2022,-0.045786174,0.0382845,-0.131125517
1,All Population,4,YLLs (Years of Life Lost),4871,Telangana,2,Female,9,20-24 years,493,Ischemic heart disease,102,High alcohol use,2,Percent,2022,-0.002205457,0.00223253,-0.007440828
1,All Population,4,YLLs (Years of Life Lost),4849,Delhi,1,Male,9,20-24 years,493,Ischemic heart disease,102,High alcohol use,2,Percent,2016,-0.022165418,0.019873515,-0.062763993
1,All Population,4,YLLs (Years of Life Lost),4849,Delhi,2,Female,9,20-24 years,493,Ischemic heart disease,102,High alcohol use,2,Percent,2016,-0.000496448,0.000529997,-0.001808507
1,All Population,4,YLLs (Years of Life Lost),4875,West Bengal,1,Male,9,20-24 years,494,Stroke,102,High alcohol use,2,Percent,2022,0.008315602,0.026778216,-0.001202913
1,All Population,4,YLLs (Years of Life Lost),4875,West Bengal,2,Female,9,20-24 years,494,Stroke,102,High alcohol use,2,Percent,2022,-8.53E-05,0.000107456,-0.00032405
1,All Population,4,YLLs (Years of Life Lost),4864,Nagaland,1,Male,9,20-24 years,498,Hypertensive heart disease,102,High alcohol use,2,Percent,2022,0.064137366,0.099970144,0.033492411
1,All Population,4,YLLs (Years of Life Lost),4864,Nagaland,2,Female,9,20-24 years,498,Hypertensive heart disease,102,High alcohol use,2,Percent,2022,0.003910833,0.008681923,0.000808213
1,All Population,4,YLLs (Years of Life Lost),4857,Kerala,1,Male,9,20-24 years,498,Hypertensive heart disease,102,High alcohol use,2,Percent,2020,0.0468171,0.074991483,0.023766591
1,All Population,4,YLLs (Years of Life Lost),4857,Kerala,2,Female,9,20-24 years,498,Hypertensive heart disease,102,High alcohol use,2,Percent,2020,0.001540711,0.003524971,0.000320313
1,All Population,4,YLLs (Years of Life Lost),4860,Maharashtra,1,Male,9,20-24 years,494,Stroke,102,High alcohol use,2,Percent,2016,0.005933326,0.018614203,-0.000930345
1,All Population,4,YLLs (Years of Life Lost),4860,Maharashtra,2,Female,9,20-24 years,494,Stroke,102,High alcohol use,2,Percent,2016,-3.11E-05,4.94E-05,-0.000102584
1,All Population,4,YLLs (Years of Life Lost),4871,Telangana,1,Male,9,20-24 years,498,Hypertensive heart disease,102,High alcohol use,2,Percent,2021,0.080605662,0.12290705,0.043965952
1,All Population,4,YLLs (Years of Life Lost),4871,Telangana,2,Female,9,20-24 years,498,Hypertensive heart disease,102,High alcohol use,2,Percent,2021,0.003252919,0.007518716,0.000557401
1,All Population,4,YLLs (Years of Life Lost),4849,Delhi,1,Male,9,20-24 years,494,Stroke,102,High alcohol use,2,Percent,2022,0.00670398,0.022340793,-0.000885813
1,All Population,4,YLLs (Years of Life Lost),4849,Delhi,2,Female,9,20-24 years,494,Stroke,102,High alcohol use,2,Percent,2022,-9.29E-05,7.92E-05,-0.000342923
1,All Population,4,YLLs (Years of Life Lost),4861,Manipur,1,Male,9,20-24 years,499,Cardiomyopathy and myocarditis,102,High alcohol use,2,Percent,2020,0.023608293,0.070635257,0.005214695
1,All Population,4,YLLs (Years of Life Lost),4861,Manipur,2,Female,9,20-24 years,499,Cardiomyopathy and myocarditis,102,High alcohol use,2,Percent,2020,0.015129541,0.053131635,0.003294103
1,All Population,4,YLLs (Years of Life Lost),4855,Jharkhand,1,Male,9,20-24 years,498,Hypertensive heart disease,102,High alcohol use,2,Percent,2021,0.059438341,0.090600707,0.032075606
1,All Population,4,YLLs (Years of Life Lost),4855,Jharkhand,2,Female,9,20-24 years,498,Hypertensive heart disease,102,High alcohol use,2,Percent,2021,0.003577418,0.008178542,0.000613281
1,All Population,4,YLLs (Years of Life Lost),4873,Uttar Pradesh,1,Male,9,20-24 years,493,Ischemic heart disease,102,High alcohol use,2,Percent,2016,-0.011235661,0.011761796,-0.028797964
1,All Population,4,YLLs (Years of Life Lost),4873,Uttar Pradesh,2,Female,9,20-24 years,493,Ischemic heart disease,102,High alcohol use,2,Percent,2016,-0.000224676,0.000215629,-0.000853377
1,All Population,4,YLLs (Years of Life Lost),44538,Other Union Territories,1,Male,9,20-24 years,498,Hypertensive heart disease,102,High alcohol use,2,Percent,2021,0.051309831,0.082446812,0.025667277
1,All Population,4,YLLs (Years of Life Lost),44538,Other Union Territories,2,Female,9,20-24 years,498,Hypertensive heart disease,102,High alcohol use,2,Percent,2021,0.001471179,0.003463013,0.000239799
1,All Population,4,YLLs (Years of Life Lost),44538,Other Union Territories,1,Male,9,20-24 years,494,Stroke,102,High alcohol use,2,Percent,2022,0.008839868,0.028395164,-0.001329236
1,All Population,4,YLLs (Years of Life Lost),44538,Other Union Territories,2,Female,9,20-24 years,494,Stroke,102,High alcohol use,2,Percent,2022,-0.000111839,0.000174898,-0.000427666
1,All Population,4,YLLs (Years of Life Lost),4873,Uttar Pradesh,1,Male,9,20-24 years,494,Stroke,332,Chewing tobacco,2,Percent,2022,0.070663243,0.132855196,0.029944225
1,All Population,4,YLLs (Years of Life Lost),4873,Uttar Pradesh,2,Female,9,20-24 years,494,Stroke,332,Chewing tobacco,2,Percent,2022,0.008971699,0.020546718,0.002684296
1,All Population,4,YLLs (Years of Life Lost),4841,Andhra Pradesh,1,Male,9,20-24 years,498,Hypertensive heart disease,102,High alcohol use,2,Percent,2022,0.056829799,0.090521757,0.028752257
1,All Population,4,YLLs (Years of Life Lost),4841,Andhra Pradesh,2,Female,9,20-24 years,498,Hypertensive heart disease,102,High alcohol use,2,Percent,2022,0.001900607,0.004292948,0.000345231
1,All Population,4,YLLs (Years of Life Lost),4862,Meghalaya,1,Male,9,20-24 years,493,Ischemic heart disease,102,High alcohol use,2,Percent,2022,-0.039290247,0.033294823,-0.117254471
1,All Population,4,YLLs (Years of Life Lost),4862,Meghalaya,2,Female,9,20-24 years,493,Ischemic heart disease,102,High alcohol use,2,Percent,2022,-0.001408073,0.001449202,-0.004721465
1,All Population,4,YLLs (Years of Life Lost),4875,West Bengal,1,Male,9,20-24 years,493,Ischemic heart disease,102,High alcohol use,2,Percent,2020,-0.027040574,0.024231992,-0.080171133
1,All Population,4,YLLs (Years of Life Lost),4875,West Bengal,2,Female,9,20-24 years,493,Ischemic heart disease,102,High alcohol use,2,Percent,2020,-0.000644014,0.000645621,-0.002089638
1,All Population,4,YLLs (Years of Life Lost),4861,Manipur,1,Male,9,20-24 years,499,Cardiomyopathy and myocarditis,102,High alcohol use,2,Percent,2021,0.023103639,0.066918904,0.005124253
1,All Population,4,YLLs (Years of Life Lost),4861,Manipur,2,Female,9,20-24 years,499,Cardiomyopathy and myocarditis,102,High alcohol use,2,Percent,2021,0.014904565,0.052221389,0.003151389
1,All Population,4,YLLs (Years of Life Lost),4846,Chhattisgarh,1,Male,9,20-24 years,494,Stroke,332,Chewing tobacco,2,Percent,2020,0.092234644,0.154606191,0.044887386
1,All Population,4,YLLs (Years of Life Lost),4846,Chhattisgarh,2,Female,9,20-24 years,494,Stroke,332,Chewing tobacco,2,Percent,2020,0.024823667,0.049524884,0.009176391
1,All Population,4,YLLs (Years of Life Lost),4872,Tripura,1,Male,9,20-24 years,494,Stroke,332,Chewing tobacco,2,Percent,2021,0.084857182,0.150678864,0.037210424
1,All Population,4,YLLs (Years of Life Lost),4872,Tripura,2,Female,9,20-24 years,494,Stroke,332,Chewing tobacco,2,Percent,2021,0.076742022,0.137086933,0.033041192
1,All Population,4,YLLs (Years of Life Lost),44538,Other Union Territories,1,Male,9,20-24 years,499,Cardiomyopathy and myocarditis,102,High alcohol use,2,Percent,2016,0.020044238,0.060437727,0.005226763
1,All Population,4,YLLs (Years of Life Lost),44538,Other Union Territories,2,Female,9,20-24 years,499,Cardiomyopathy and myocarditis,102,High alcohol use,2,Percent,2016,0.014800102,0.05052274,0.003350582
1,All Population,4,YLLs (Years of Life Lost),4873,Uttar Pradesh,1,Male,9,20-24 years,493,Ischemic heart disease,102,High alcohol use,2,Percent,2021,-0.010868155,0.011198365,-0.027492903
1,All Population,4,YLLs (Years of Life Lost),4873,Uttar Pradesh,2,Female,9,20-24 years,493,Ischemic heart disease,102,High alcohol use,2,Percent,2021,-0.00026072,0.000242221,-0.000862563
1,All Population,4,YLLs (Years of Life Lost),4846,Chhattisgarh,1,Male,9,20-24 years,494,Stroke,102,High alcohol use,2,Percent,2021,0.012881273,0.042474357,-0.001914051
1,All Population,4,YLLs (Years of Life Lost),4846,Chhattisgarh,2,Female,9,20-24 years,494,Stroke,102,High alcohol use,2,Percent,2021,-0.000256269,0.000494376,-0.000968689
1,All Population,4,YLLs (Years of Life Lost),4875,West Bengal,1,Male,9,20-24 years,499,Cardiomyopathy and myocarditis,102,High alcohol use,2,Percent,2017,0.02272108,0.063776704,0.005426741
1,All Population,4,YLLs (Years of Life Lost),4875,West Bengal,2,Female,9,20-24 years,499,Cardiomyopathy and myocarditis,102,High alcohol use,2,Percent,2017,0.012834732,0.039006979,0.002708199
1,All Population,4,YLLs (Years of Life Lost),4849,Delhi,1,Male,9,20-24 years,493,Ischemic heart disease,102,High alcohol use,2,Percent,2020,-0.022073479,0.020226277,-0.064975982
1,All Population,4,YLLs (Years of Life Lost),4849,Delhi,2,Female,9,20-24 years,493,Ischemic heart disease,102,High alcohol use,2,Percent,2020,-0.000587953,0.000614768,-0.001916071
1,All Population,4,YLLs (Years of Life Lost),4846,Chhattisgarh,1,Male,9,20-24 years,499,Cardiomyopathy and myocarditis,102,High alcohol use,2,Percent,2021,0.020891192,0.062233112,0.004675424
1,All Population,4,YLLs (Years of Life Lost),4846,Chhattisgarh,2,Female,9,20-24 years,499,Cardiomyopathy and myocarditis,102,High alcohol use,2,Percent,2021,0.013962344,0.045658275,0.002148146
1,All Population,4,YLLs (Years of Life Lost),4854,Jammu & Kashmir and Ladakh,1,Male,9,20-24 years,499,Cardiomyopathy and myocarditis,102,High alcohol use,2,Percent,2021,0.021735425,0.059799777,0.005480457
1,All Population,4,YLLs (Years of Life Lost),4854,Jammu & Kashmir and Ladakh,2,Female,9,20-24 years,499,Cardiomyopathy and myocarditis,102,High alcohol use,2,Percent,2021,0.013933831,0.045120294,0.002708328
1,All Population,4,YLLs (Years of Life Lost),4875,West Bengal,1,Male,9,20-24 years,494,Stroke,332,Chewing tobacco,2,Percent,2016,0.070051143,0.120232288,0.033520709
1,All Population,4,YLLs (Years of Life Lost),4875,West Bengal,2,Female,9,20-24 years,494,Stroke,332,Chewing tobacco,2,Percent,2016,0.01888576,0.037221869,0.006731001
1,All Population,4,YLLs (Years of Life Lost),4864,Nagaland,1,Male,9,20-24 years,494,Stroke,102,High alcohol use,2,Percent,2021,0.010992542,0.034366467,-0.001760175
1,All Population,4,YLLs (Years of Life Lost),4864,Nagaland,2,Female,9,20-24 years,494,Stroke,102,High alcohol use,2,Percent,2021,-0.000303417,0.000479653,-0.000989576
1,All Population,4,YLLs (Years of Life Lost),4863,Mizoram,1,Male,9,20-24 years,494,Stroke,332,Chewing tobacco,2,Percent,2021,0.052807942,0.100732563,0.02135865
1,All Population,4,YLLs (Years of Life Lost),4863,Mizoram,2,Female,9,20-24 years,494,Stroke,332,Chewing tobacco,2,Percent,2021,0.101307779,0.16945634,0.048093351
1,All Population,4,YLLs (Years of Life Lost),4863,Mizoram,1,Male,9,20-24 years,494,Stroke,332,Chewing tobacco,2,Percent,2020,0.053719307,0.100489512,0.022098374
1,All Population,4,YLLs (Years of Life Lost),4863,Mizoram,2,Female,9,20-24 years,494,Stroke,332,Chewing tobacco,2,Percent,2020,0.102898498,0.171128275,0.04935228
1,All Population,4,YLLs (Years of Life Lost),4867,Punjab,1,Male,9,20-24 years,499,Cardiomyopathy and myocarditis,102,High alcohol use,2,Percent,2021,0.019588055,0.054733392,0.004905296
1,All Population,4,YLLs (Years of Life Lost),4867,Punjab,2,Female,9,20-24 years,499,Cardiomyopathy and myocarditis,102,High alcohol use,2,Percent,2021,0.01506435,0.053045655,0.002747992
1,All Population,4,YLLs (Years of Life Lost),4852,Haryana,1,Male,9,20-24 years,498,Hypertensive heart disease,102,High alcohol use,2,Percent,2020,0.021909796,0.037673485,0.007393876
1,All Population,4,YLLs (Years of Life Lost),4852,Haryana,2,Female,9,20-24 years,498,Hypertensive heart disease,102,High alcohol use,2,Percent,2020,0.000520868,0.001256746,8.48E-05
1,All Population,4,YLLs (Years of Life Lost),4852,Haryana,1,Male,9,20-24 years,499,Cardiomyopathy and myocarditis,102,High alcohol use,2,Percent,2020,0.023152073,0.061894892,0.005679938
1,All Population,4,YLLs (Years of Life Lost),4852,Haryana,2,Female,9,20-24 years,499,Cardiomyopathy and myocarditis,102,High alcohol use,2,Percent,2020,0.016080513,0.0540791,0.003381412
1,All Population,4,YLLs (Years of Life Lost),4857,Kerala,1,Male,9,20-24 years,498,Hypertensive heart disease,102,High alcohol use,2,Percent,2022,0.046289161,0.074803791,0.022976457
1,All Population,4,YLLs (Years of Life Lost),4857,Kerala,2,Female,9,20-24 years,498,Hypertensive heart disease,102,High alcohol use,2,Percent,2022,0.001529513,0.003419218,0.000321822
1,All Population,4,YLLs (Years of Life Lost),4843,Assam,1,Male,9,20-24 years,498,Hypertensive heart disease,102,High alcohol use,2,Percent,2020,0.063875932,0.093609692,0.037955817
1,All Population,4,YLLs (Years of Life Lost),4843,Assam,2,Female,9,20-24 years,498,Hypertensive heart disease,102,High alcohol use,2,Percent,2020,0.003892122,0.009324026,0.000631033
1,All Population,4,YLLs (Years of Life Lost),4856,Karnataka,1,Male,9,20-24 years,494,Stroke,102,High alcohol use,2,Percent,2021,0.008120508,0.026250555,-0.001168556
1,All Population,4,YLLs (Years of Life Lost),4856,Karnataka,2,Female,9,20-24 years,494,Stroke,102,High alcohol use,2,Percent,2021,-0.000297581,0.000411935,-0.001054071
1,All Population,4,YLLs (Years of Life Lost),4870,Tamil Nadu,1,Male,9,20-24 years,498,Hypertensive heart disease,102,High alcohol use,2,Percent,2021,0.066751966,0.10029167,0.037477339
1,All Population,4,YLLs (Years of Life Lost),4870,Tamil Nadu,2,Female,9,20-24 years,498,Hypertensive heart disease,102,High alcohol use,2,Percent,2021,0.000393626,0.000993989,5.80E-05
1,All Population,4,YLLs (Years of Life Lost),4851,Gujarat,1,Male,9,20-24 years,499,Cardiomyopathy and myocarditis,102,High alcohol use,2,Percent,2022,0.018685794,0.054035797,0.004573489
1,All Population,4,YLLs (Years of Life Lost),4851,Gujarat,2,Female,9,20-24 years,499,Cardiomyopathy and myocarditis,102,High alcohol use,2,Percent,2022,0.012894372,0.044350952,0.002592484
1,All Population,4,YLLs (Years of Life Lost),4871,Telangana,1,Male,9,20-24 years,494,Stroke,102,High alcohol use,2,Percent,2021,0.014682658,0.047249984,-0.002187082
1,All Population,4,YLLs (Years of Life Lost),4871,Telangana,2,Female,9,20-24 years,494,Stroke,102,High alcohol use,2,Percent,2021,-0.00023897,0.000445418,-0.000848196
1,All Population,4,YLLs (Years of Life Lost),4842,Arunachal Pradesh,1,Male,9,20-24 years,494,Stroke,332,Chewing tobacco,2,Percent,2022,0.090453355,0.15896951,0.041750287
1,All Population,4,YLLs (Years of Life Lost),4842,Arunachal Pradesh,2,Female,9,20-24 years,494,Stroke,332,Chewing tobacco,2,Percent,2022,0.02977608,0.063782296,0.011238575
1,All Population,4,YLLs (Years of Life Lost),4844,Bihar,1,Male,9,20-24 years,494,Stroke,102,High alcohol use,2,Percent,2021,0.007595807,0.026347704,-0.001010928
1,All Population,4,YLLs (Years of Life Lost),4844,Bihar,2,Female,9,20-24 years,494,Stroke,102,High alcohol use,2,Percent,2021,-4.85E-05,7.16E-05,-0.000179184
1,All Population,4,YLLs (Years of Life Lost),4874,Uttarakhand,1,Male,9,20-24 years,499,Cardiomyopathy and myocarditis,102,High alcohol use,2,Percent,2022,0.021253794,0.063374239,0.005431493
1,All Population,4,YLLs (Years of Life Lost),4874,Uttarakhand,2,Female,9,20-24 years,499,Cardiomyopathy and myocarditis,102,High alcohol use,2,Percent,2022,0.014776198,0.055251882,0.002649975
1,All Population,4,YLLs (Years of Life Lost),4864,Nagaland,1,Male,9,20-24 years,494,Stroke,332,Chewing tobacco,2,Percent,2022,0.124204452,0.206477479,0.060721753
1,All Population,4,YLLs (Years of Life Lost),4864,Nagaland,2,Female,9,20-24 years,494,Stroke,332,Chewing tobacco,2,Percent,2022,0.06845179,0.119241461,0.031919679
1,All Population,4,YLLs (Years of Life Lost),4851,Gujarat,1,Male,9,20-24 years,498,Hypertensive heart disease,102,High alcohol use,2,Percent,2021,0.013806877,0.023721239,0.006396412
1,All Population,4,YLLs (Years of Life Lost),4851,Gujarat,2,Female,9,20-24 years,498,Hypertensive heart disease,102,High alcohol use,2,Percent,2021,0.000483652,0.001143624,7.68E-05
1,All Population,4,YLLs (Years of Life Lost),4849,Delhi,1,Male,9,20-24 years,494,Stroke,332,Chewing tobacco,2,Percent,2022,0.033670379,0.071949621,0.012005153
1,All Population,4,YLLs (Years of Life Lost),4849,Delhi,2,Female,9,20-24 years,494,Stroke,332,Chewing tobacco,2,Percent,2022,0.003847008,0.009144317,0.001060735
1,All Population,4,YLLs (Years of Life Lost),4860,Maharashtra,1,Male,9,20-24 years,494,Stroke,102,High alcohol use,2,Percent,2022,0.005552006,0.017637496,-0.000851958
1,All Population,4,YLLs (Years of Life Lost),4860,Maharashtra,2,Female,9,20-24 years,494,Stroke,102,High alcohol use,2,Percent,2022,-4.00E-05,6.18E-05,-0.000126962
1,All Population,4,YLLs (Years of Life Lost),4864,Nagaland,1,Male,9,20-24 years,499,Cardiomyopathy and myocarditis,102,High alcohol use,2,Percent,2016,0.02170612,0.06111007,0.00529753
1,All Population,4,YLLs (Years of Life Lost),4864,Nagaland,2,Female,9,20-24 years,499,Cardiomyopathy and myocarditis,102,High alcohol use,2,Percent,2016,0.014040621,0.05180207,0.002629534
1,All Population,4,YLLs (Years of Life Lost),4861,Manipur,1,Male,9,20-24 years,494,Stroke,332,Chewing tobacco,2,Percent,2021,0.116484547,0.192481965,0.058482725
1,All Population,4,YLLs (Years of Life Lost),4861,Manipur,2,Female,9,20-24 years,494,Stroke,332,Chewing tobacco,2,Percent,2021,0.083632685,0.140712326,0.039793583
1,All Population,4,YLLs (Years of Life Lost),4871,Telangana,1,Male,9,20-24 years,499,Cardiomyopathy and myocarditis,102,High alcohol use,2,Percent,2020,0.019539734,0.055633085,0.004657965
1,All Population,4,YLLs (Years of Life Lost),4871,Telangana,2,Female,9,20-24 years,499,Cardiomyopathy and myocarditis,102,High alcohol use,2,Percent,2020,0.012932894,0.040729784,0.002735754
1,All Population,4,YLLs (Years of Life Lost),44538,Other Union Territories,1,Male,9,20-24 years,494,Stroke,332,Chewing tobacco,2,Percent,2022,0.030246891,0.058994444,0.012453931
1,All Population,4,YLLs (Years of Life Lost),44538,Other Union Territories,2,Female,9,20-24 years,494,Stroke,332,Chewing tobacco,2,Percent,2022,0.003748408,0.009014785,0.001018318
1,All Population,4,YLLs (Years of Life Lost),4873,Uttar Pradesh,1,Male,9,20-24 years,498,Hypertensive heart disease,102,High alcohol use,2,Percent,2016,0.017495496,0.028111242,0.006314739
1,All Population,4,YLLs (Years of Life Lost),4873,Uttar Pradesh,2,Female,9,20-24 years,498,Hypertensive heart disease,102,High alcohol use,2,Percent,2016,0.00033128,0.000869882,5.35E-05
1,All Population,4,YLLs (Years of Life Lost),4863,Mizoram,1,Male,9,20-24 years,494,Stroke,102,High alcohol use,2,Percent,2021,0.01058185,0.032741164,-0.001662288
1,All Population,4,YLLs (Years of Life Lost),4863,Mizoram,2,Female,9,20-24 years,494,Stroke,102,High alcohol use,2,Percent,2021,-0.000254362,0.000440373,-0.000934933
1,All Population,4,YLLs (Years of Life Lost),4854,Jammu & Kashmir and Ladakh,1,Male,9,20-24 years,498,Hypertensive heart disease,102,High alcohol use,2,Percent,2016,0.018542329,0.030062175,0.008850867
1,All Population,4,YLLs (Years of Life Lost),4854,Jammu & Kashmir and Ladakh,2,Female,9,20-24 years,498,Hypertensive heart disease,102,High alcohol use,2,Percent,2016,0.000432827,0.001108545,7.39E-05
1,All Population,4,YLLs (Years of Life Lost),4869,Sikkim,1,Male,9,20-24 years,494,Stroke,332,Chewing tobacco,2,Percent,2023,0.032488602,0.065318086,0.011676818
1,All Population,4,YLLs (Years of Life Lost),4869,Sikkim,2,Female,9,20-24 years,494,Stroke,332,Chewing tobacco,2,Percent,2023,0.006247675,0.015006441,0.001673148
1,All Population,4,YLLs (Years of Life Lost),4853,Himachal Pradesh,1,Male,9,20-24 years,494,Stroke,332,Chewing tobacco,2,Percent,2023,0.014741463,0.034260699,0.004430074
1,All Population,4,YLLs (Years of Life Lost),4853,Himachal Pradesh,2,Female,9,20-24 years,494,Stroke,332,Chewing tobacco,2,Percent,2023,0.001763002,0.004318484,0.000477496
1,All Population,4,YLLs (Years of Life Lost),4868,Rajasthan,1,Male,9,20-24 years,498,Hypertensive heart disease,102,High alcohol use,2,Percent,2022,0.023925928,0.038721015,0.01209265
1,All Population,4,YLLs (Years of Life Lost),4868,Rajasthan,2,Female,9,20-24 years,498,Hypertensive heart disease,102,High alcohol use,2,Percent,2022,0.000715684,0.001541098,0.000137037
1,All Population,4,YLLs (Years of Life Lost),4855,Jharkhand,1,Male,9,20-24 years,498,Hypertensive heart disease,102,High alcohol use,2,Percent,2022,0.059149147,0.090874249,0.032145942
1,All Population,4,YLLs (Years of Life Lost),4855,Jharkhand,2,Female,9,20-24 years,498,Hypertensive heart disease,102,High alcohol use,2,Percent,2022,0.003601285,0.008102297,0.000636652
1,All Population,4,YLLs (Years of Life Lost),4875,West Bengal,1,Male,9,20-24 years,498,Hypertensive heart disease,102,High alcohol use,2,Percent,2020,0.047857297,0.076573031,0.023822881
1,All Population,4,YLLs (Years of Life Lost),4875,West Bengal,2,Female,9,20-24 years,498,Hypertensive heart disease,102,High alcohol use,2,Percent,2020,0.000962355,0.002297331,0.000159985
1,All Population,4,YLLs (Years of Life Lost),4860,Maharashtra,1,Male,9,20-24 years,493,Ischemic heart disease,102,High alcohol use,2,Percent,2021,-0.016393284,0.014972433,-0.043294725
1,All Population,4,YLLs (Years of Life Lost),4860,Maharashtra,2,Female,9,20-24 years,493,Ischemic heart disease,102,High alcohol use,2,Percent,2021,-0.000335686,0.000355515,-0.001066445
1,All Population,4,YLLs (Years of Life Lost),4841,Andhra Pradesh,1,Male,9,20-24 years,493,Ischemic heart disease,102,High alcohol use,2,Percent,2022,-0.031185348,0.027593198,-0.093808286
1,All Population,4,YLLs (Years of Life Lost),4841,Andhra Pradesh,2,Female,9,20-24 years,493,Ischemic heart disease,102,High alcohol use,2,Percent,2022,-0.00122265,0.001292686,-0.00389368
1,All Population,4,YLLs (Years of Life Lost),4870,Tamil Nadu,1,Male,9,20-24 years,493,Ischemic heart disease,102,High alcohol use,2,Percent,2022,-0.036209515,0.032344686,-0.09810805
1,All Population,4,YLLs (Years of Life Lost),4870,Tamil Nadu,2,Female,9,20-24 years,493,Ischemic heart disease,102,High alcohol use,2,Percent,2022,-0.000284009,0.000251244,-0.000941085
1,All Population,4,YLLs (Years of Life Lost),4853,Himachal Pradesh,1,Male,9,20-24 years,494,Stroke,332,Chewing tobacco,2,Percent,2022,0.014965307,0.033518815,0.004635975
1,All Population,4,YLLs (Years of Life Lost),4853,Himachal Pradesh,2,Female,9,20-24 years,494,Stroke,332,Chewing tobacco,2,Percent,2022,0.001753175,0.004275731,0.000467555
1,All Population,4,YLLs (Years of Life Lost),4857,Kerala,1,Male,9,20-24 years,493,Ischemic heart disease,102,High alcohol use,2,Percent,2022,-0.024284141,0.022325723,-0.071039093
1,All Population,4,YLLs (Years of Life Lost),4857,Kerala,2,Female,9,20-24 years,493,Ischemic heart disease,102,High alcohol use,2,Percent,2022,-0.001007139,0.00104175,-0.003218911
1,All Population,4,YLLs (Years of Life Lost),4855,Jharkhand,1,Male,9,20-24 years,494,Stroke,102,High alcohol use,2,Percent,2022,0.011046893,0.035299653,-0.001642162
1,All Population,4,YLLs (Years of Life Lost),4855,Jharkhand,2,Female,9,20-24 years,494,Stroke,102,High alcohol use,2,Percent,2022,-0.000297688,0.000519096,-0.001223174
1,All Population,4,YLLs (Years of Life Lost),4844,Bihar,1,Male,9,20-24 years,494,Stroke,102,High alcohol use,2,Percent,2022,0.007513749,0.025948526,-0.001006552
1,All Population,4,YLLs (Years of Life Lost),4844,Bihar,2,Female,9,20-24 years,494,Stroke,102,High alcohol use,2,Percent,2022,-5.01E-05,7.24E-05,-0.000187677
1,All Population,4,YLLs (Years of Life Lost),4860,Maharashtra,1,Male,9,20-24 years,498,Hypertensive heart disease,102,High alcohol use,2,Percent,2020,0.031418265,0.050463964,0.016363546
1,All Population,4,YLLs (Years of Life Lost),4860,Maharashtra,2,Female,9,20-24 years,498,Hypertensive heart disease,102,High alcohol use,2,Percent,2020,0.000495838,0.001090012,9.85E-05
1,All Population,4,YLLs (Years of Life Lost),4860,Maharashtra,1,Male,9,20-24 years,499,Cardiomyopathy and myocarditis,102,High alcohol use,2,Percent,2020,0.018292057,0.050562877,0.004468915
1,All Population,4,YLLs (Years of Life Lost),4860,Maharashtra,2,Female,9,20-24 years,499,Cardiomyopathy and myocarditis,102,High alcohol use,2,Percent,2020,0.012869457,0.042734051,0.0027166
1,All Population,4,YLLs (Years of Life Lost),4841,Andhra Pradesh,1,Male,9,20-24 years,494,Stroke,102,High alcohol use,2,Percent,2022,0.00988736,0.032060261,-0.001465574
1,All Population,4,YLLs (Years of Life Lost),4841,Andhra Pradesh,2,Female,9,20-24 years,494,Stroke,102,High alcohol use,2,Percent,2022,-0.000151599,0.000221932,-0.00048253
1,All Population,4,YLLs (Years of Life Lost),4865,Odisha,1,Male,9,20-24 years,493,Ischemic heart disease,102,High alcohol use,2,Percent,2021,-0.033578688,0.029930914,-0.089552436
1,All Population,4,YLLs (Years of Life Lost),4865,Odisha,2,Female,9,20-24 years,493,Ischemic heart disease,102,High alcohol use,2,Percent,2021,-0.001791622,0.001933204,-0.005747134
1,All Population,4,YLLs (Years of Life Lost),4870,Tamil Nadu,1,Male,9,20-24 years,499,Cardiomyopathy and myocarditis,102,High alcohol use,2,Percent,2021,0.01866437,0.052833029,0.004732303
1,All Population,4,YLLs (Years of Life Lost),4870,Tamil Nadu,2,Female,9,20-24 years,499,Cardiomyopathy and myocarditis,102,High alcohol use,2,Percent,2021,0.012155704,0.041773072,0.002674792
1,All Population,4,YLLs (Years of Life Lost),4873,Uttar Pradesh,1,Male,9,20-24 years,493,Ischemic heart disease,102,High alcohol use,2,Percent,2020,-0.010933692,0.011314916,-0.027707997
1,All Population,4,YLLs (Years of Life Lost),4873,Uttar Pradesh,2,Female,9,20-24 years,493,Ischemic heart disease,102,High alcohol use,2,Percent,2020,-0.000254613,0.000239119,-0.000861576
1,All Population,4,YLLs (Years of Life Lost),4868,Rajasthan,1,Male,9,20-24 years,499,Cardiomyopathy and myocarditis,102,High alcohol use,2,Percent,2021,0.021071687,0.057705048,0.005196152
1,All Population,4,YLLs (Years of Life Lost),4868,Rajasthan,2,Female,9,20-24 years,499,Cardiomyopathy and myocarditis,102,High alcohol use,2,Percent,2021,0.014426087,0.041894072,0.003155908
1,All Population,4,YLLs (Years of Life Lost),4862,Meghalaya,1,Male,9,20-24 years,499,Cardiomyopathy and myocarditis,102,High alcohol use,2,Percent,2022,0.025129634,0.072294859,0.005034131
1,All Population,4,YLLs (Years of Life Lost),4862,Meghalaya,2,Female,9,20-24 years,499,Cardiomyopathy and myocarditis,102,High alcohol use,2,Percent,2022,0.013875588,0.047209056,0.002748541
1,All Population,4,YLLs (Years of Life Lost),4859,Madhya Pradesh,1,Male,9,20-24 years,494,Stroke,332,Chewing tobacco,2,Percent,2022,0.084093988,0.155518807,0.036011206
1,All Population,4,YLLs (Years of Life Lost),4859,Madhya Pradesh,2,Female,9,20-24 years,494,Stroke,332,Chewing tobacco,2,Percent,2022,0.017800457,0.038580306,0.006136554
1,All Population,4,YLLs (Years of Life Lost),4868,Rajasthan,1,Male,9,20-24 years,494,Stroke,102,High alcohol use,2,Percent,2022,0.003986999,0.013789301,-0.000566449
1,All Population,4,YLLs (Years of Life Lost),4868,Rajasthan,2,Female,9,20-24 years,494,Stroke,102,High alcohol use,2,Percent,2022,-5.85E-05,8.19E-05,-0.000185017
1,All Population,4,YLLs (Years of Life Lost),4872,Tripura,1,Male,9,20-24 years,499,Cardiomyopathy and myocarditis,102,High alcohol use,2,Percent,2022,0.021384804,0.056485867,0.005269694
1,All Population,4,YLLs (Years of Life Lost),4872,Tripura,2,Female,9,20-24 years,499,Cardiomyopathy and myocarditis,102,High alcohol use,2,Percent,2022,0.013461668,0.043776429,0.002660699
1,All Population,4,YLLs (Years of Life Lost),4869,Sikkim,1,Male,9,20-24 years,498,Hypertensive heart disease,102,High alcohol use,2,Percent,2020,0.073231265,0.11261619,0.037984809
1,All Population,4,YLLs (Years of Life Lost),4869,Sikkim,2,Female,9,20-24 years,498,Hypertensive heart disease,102,High alcohol use,2,Percent,2020,0.012825059,0.027981878,0.00242929
1,All Population,4,YLLs (Years of Life Lost),4869,Sikkim,1,Male,9,20-24 years,494,Stroke,332,Chewing tobacco,2,Percent,2021,0.033296898,0.066484186,0.012092481
1,All Population,4,YLLs (Years of Life Lost),4869,Sikkim,2,Female,9,20-24 years,494,Stroke,332,Chewing tobacco,2,Percent,2021,0.006339194,0.015847224,0.001746956
1,All Population,4,YLLs (Years of Life Lost),4864,Nagaland,1,Male,9,20-24 years,493,Ischemic heart disease,102,High alcohol use,2,Percent,2016,-0.038605081,0.032927651,-0.107565224
1,All Population,4,YLLs (Years of Life Lost),4864,Nagaland,2,Female,9,20-24 years,493,Ischemic heart disease,102,High alcohol use,2,Percent,2016,-0.002421988,0.002605902,-0.008160738
1,All Population,4,YLLs (Years of Life Lost),4867,Punjab,1,Male,9,20-24 years,494,Stroke,332,Chewing tobacco,2,Percent,2016,0.021262126,0.041925942,0.008307929
1,All Population,4,YLLs (Years of Life Lost),4867,Punjab,2,Female,9,20-24 years,494,Stroke,332,Chewing tobacco,2,Percent,2016,0.001982464,0.004637619,0.000539365
1,All Population,4,YLLs (Years of Life Lost),4875,West Bengal,1,Male,9,20-24 years,494,Stroke,332,Chewing tobacco,2,Percent,2021,0.055589161,0.106166108,0.022495133
1,All Population,4,YLLs (Years of Life Lost),4875,West Bengal,2,Female,9,20-24 years,494,Stroke,332,Chewing tobacco,2,Percent,2021,0.014027466,0.029339488,0.004826518
1,All Population,4,YLLs (Years of Life Lost),4864,Nagaland,1,Male,9,20-24 years,493,Ischemic heart disease,102,High alcohol use,2,Percent,2022,-0.035733806,0.030513954,-0.104833394
1,All Population,4,YLLs (Years of Life Lost),4864,Nagaland,2,Female,9,20-24 years,493,Ischemic heart disease,102,High alcohol use,2,Percent,2022,-0.002600731,0.002707025,-0.008186555
1,All Population,4,YLLs (Years of Life Lost),4857,Kerala,1,Male,9,20-24 years,494,Stroke,102,High alcohol use,2,Percent,2021,0.007182259,0.022491341,-0.001161921
1,All Population,4,YLLs (Years of Life Lost),4857,Kerala,2,Female,9,20-24 years,494,Stroke,102,High alcohol use,2,Percent,2021,-0.00012162,0.00017252,-0.000398717
1,All Population,4,YLLs (Years of Life Lost),4860,Maharashtra,1,Male,9,20-24 years,498,Hypertensive heart disease,102,High alcohol use,2,Percent,2023,0.030963719,0.049091615,0.015937706
1,All Population,4,YLLs (Years of Life Lost),4860,Maharashtra,2,Female,9,20-24 years,498,Hypertensive heart disease,102,High alcohol use,2,Percent,2023,0.000532682,0.001188609,0.000111545
1,All Population,4,YLLs (Years of Life Lost),4873,Uttar Pradesh,1,Male,9,20-24 years,494,Stroke,102,High alcohol use,2,Percent,2021,0.00014372,0.00308457,-0.002002201
1,All Population,4,YLLs (Years of Life Lost),4873,Uttar Pradesh,2,Female,9,20-24 years,494,Stroke,102,High alcohol use,2,Percent,2021,-3.26E-05,5.07E-05,-0.000131433
1,All Population,4,YLLs (Years of Life Lost),4844,Bihar,1,Male,9,20-24 years,494,Stroke,332,Chewing tobacco,2,Percent,2017,0.083211566,0.143037576,0.037896592
1,All Population,4,YLLs (Years of Life Lost),4844,Bihar,2,Female,9,20-24 years,494,Stroke,332,Chewing tobacco,2,Percent,2017,0.004746358,0.010891681,0.001354903
1,All Population,4,YLLs (Years of Life Lost),4867,Punjab,1,Male,9,20-24 years,493,Ischemic heart disease,102,High alcohol use,2,Percent,2023,-0.026448234,0.024133685,-0.076523709
1,All Population,4,YLLs (Years of Life Lost),4867,Punjab,2,Female,9,20-24 years,493,Ischemic heart disease,102,High alcohol use,2,Percent,2023,-0.000304292,0.000296017,-0.001010562
1,All Population,4,YLLs (Years of Life Lost),4850,Goa,1,Male,9,20-24 years,493,Ischemic heart disease,102,High alcohol use,2,Percent,2021,-0.042977263,0.035044513,-0.127397395
1,All Population,4,YLLs (Years of Life Lost),4850,Goa,2,Female,9,20-24 years,493,Ischemic heart disease,102,High alcohol use,2,Percent,2021,-0.003137049,0.003214135,-0.00994711
1,All Population,4,YLLs (Years of Life Lost),4871,Telangana,1,Male,9,20-24 years,499,Cardiomyopathy and myocarditis,102,High alcohol use,2,Percent,2016,0.020595865,0.06400856,0.005046158
1,All Population,4,YLLs (Years of Life Lost),4871,Telangana,2,Female,9,20-24 years,499,Cardiomyopathy and myocarditis,102,High alcohol use,2,Percent,2016,0.013761992,0.042950782,0.003037955
1,All Population,4,YLLs (Years of Life Lost),4872,Tripura,1,Male,9,20-24 years,494,Stroke,102,High alcohol use,2,Percent,2021,0.012227002,0.039114933,-0.001840347
1,All Population,4,YLLs (Years of Life Lost),4872,Tripura,2,Female,9,20-24 years,494,Stroke,102,High alcohol use,2,Percent,2021,-0.000299548,0.000486174,-0.00111963
1,All Population,4,YLLs (Years of Life Lost),4843,Assam,1,Male,9,20-24 years,494,Stroke,102,High alcohol use,2,Percent,2022,0.016832623,0.050853229,-0.001876334
1,All Population,4,YLLs (Years of Life Lost),4843,Assam,2,Female,9,20-24 years,494,Stroke,102,High alcohol use,2,Percent,2022,-0.00031446,0.000594392,-0.001276732
1,All Population,4,YLLs (Years of Life Lost),4865,Odisha,1,Male,9,20-24 years,494,Stroke,332,Chewing tobacco,2,Percent,2022,0.085541428,0.152719322,0.037463171
1,All Population,4,YLLs (Years of Life Lost),4865,Odisha,2,Female,9,20-24 years,494,Stroke,332,Chewing tobacco,2,Percent,2022,0.024194155,0.05036743,0.009028968
1,All Population,4,YLLs (Years of Life Lost),4842,Arunachal Pradesh,1,Male,9,20-24 years,498,Hypertensive heart disease,102,High alcohol use,2,Percent,2020,0.103652332,0.15112421,0.058358708
1,All Population,4,YLLs (Years of Life Lost),4842,Arunachal Pradesh,2,Female,9,20-24 years,498,Hypertensive heart disease,102,High alcohol use,2,Percent,2020,0.01750895,0.03730154,0.003348779
1,All Population,4,YLLs (Years of Life Lost),4874,Uttarakhand,1,Male,9,20-24 years,498,Hypertensive heart disease,102,High alcohol use,2,Percent,2021,0.049322436,0.079442695,0.024866324
1,All Population,4,YLLs (Years of Life Lost),4874,Uttarakhand,2,Female,9,20-24 years,498,Hypertensive heart disease,102,High alcohol use,2,Percent,2021,0.000505552,0.001195533,8.13E-05
1,All Population,4,YLLs (Years of Life Lost),4842,Arunachal Pradesh,1,Male,9,20-24 years,498,Hypertensive heart disease,102,High alcohol use,2,Percent,2021,0.103477886,0.1512461,0.059210145
1,All Population,4,YLLs (Years of Life Lost),4842,Arunachal Pradesh,2,Female,9,20-24 years,498,Hypertensive heart disease,102,High alcohol use,2,Percent,2021,0.017540275,0.037587363,0.00336629
1,All Population,4,YLLs (Years of Life Lost),4857,Kerala,1,Male,9,20-24 years,493,Ischemic heart disease,102,High alcohol use,2,Percent,2021,-0.024314913,0.022055801,-0.070493641
1,All Population,4,YLLs (Years of Life Lost),4857,Kerala,2,Female,9,20-24 years,493,Ischemic heart disease,102,High alcohol use,2,Percent,2021,-0.001003607,0.00106254,-0.003230829
1,All Population,4,YLLs (Years of Life Lost),4857,Kerala,1,Male,9,20-24 years,494,Stroke,332,Chewing tobacco,2,Percent,2022,0.014242112,0.033162468,0.004598821
1,All Population,4,YLLs (Years of Life Lost),4857,Kerala,2,Female,9,20-24 years,494,Stroke,332,Chewing tobacco,2,Percent,2022,0.003039231,0.006968342,0.000844281
1,All Population,4,YLLs (Years of Life Lost),4854,Jammu & Kashmir and Ladakh,1,Male,9,20-24 years,494,Stroke,332,Chewing tobacco,2,Percent,2021,0.017533218,0.03858855,0.00568484
1,All Population,4,YLLs (Years of Life Lost),4854,Jammu & Kashmir and Ladakh,2,Female,9,20-24 years,494,Stroke,332,Chewing tobacco,2,Percent,2021,0.002140461,0.005102687,0.000592642
1,All Population,4,YLLs (Years of Life Lost),4853,Himachal Pradesh,1,Male,9,20-24 years,494,Stroke,102,High alcohol use,2,Percent,2016,0.007453399,0.022953687,-0.001139206
1,All Population,4,YLLs (Years of Life Lost),4853,Himachal Pradesh,2,Female,9,20-24 years,494,Stroke,102,High alcohol use,2,Percent,2016,-5.30E-05,8.75E-05,-0.000174457
1,All Population,4,YLLs (Years of Life Lost),4867,Punjab,1,Male,9,20-24 years,493,Ischemic heart disease,102,High alcohol use,2,Percent,2021,-0.026647378,0.023846077,-0.076501507
1,All Population,4,YLLs (Years of Life Lost),4867,Punjab,2,Female,9,20-24 years,493,Ischemic heart disease,102,High alcohol use,2,Percent,2021,-0.000294716,0.00027987,-0.00099462
1,All Population,4,YLLs (Years of Life Lost),4849,Delhi,1,Male,9,20-24 years,493,Ischemic heart disease,102,High alcohol use,2,Percent,2022,-0.021895049,0.02040733,-0.064227448
1,All Population,4,YLLs (Years of Life Lost),4849,Delhi,2,Female,9,20-24 years,493,Ischemic heart disease,102,High alcohol use,2,Percent,2022,-0.000617923,0.00062962,-0.002109383
1,All Population,4,YLLs (Years of Life Lost),4865,Odisha,1,Male,9,20-24 years,494,Stroke,332,Chewing tobacco,2,Percent,2023,0.084765667,0.156562022,0.036794175
1,All Population,4,YLLs (Years of Life Lost),4865,Odisha,2,Female,9,20-24 years,494,Stroke,332,Chewing tobacco,2,Percent,2023,0.023970363,0.053460334,0.008583026
1,All Population,4,YLLs (Years of Life Lost),44538,Other Union Territories,1,Male,9,20-24 years,493,Ischemic heart disease,102,High alcohol use,2,Percent,2017,-0.027019142,0.023438651,-0.076540246
1,All Population,4,YLLs (Years of Life Lost),44538,Other Union Territories,2,Female,9,20-24 years,493,Ischemic heart disease,102,High alcohol use,2,Percent,2017,-0.000877717,0.000919219,-0.003259969
1,All Population,4,YLLs (Years of Life Lost),4863,Mizoram,1,Male,9,20-24 years,499,Cardiomyopathy and myocarditis,102,High alcohol use,2,Percent,2022,0.026505129,0.082818311,0.004580571
1,All Population,4,YLLs (Years of Life Lost),4863,Mizoram,2,Female,9,20-24 years,499,Cardiomyopathy and myocarditis,102,High alcohol use,2,Percent,2022,0.014635512,0.043734831,0.002995965
1,All Population,4,YLLs (Years of Life Lost),4844,Bihar,1,Male,9,20-24 years,494,Stroke,102,High alcohol use,2,Percent,2023,0.007477247,0.024479252,-0.000992213
1,All Population,4,YLLs (Years of Life Lost),4844,Bihar,2,Female,9,20-24 years,494,Stroke,102,High alcohol use,2,Percent,2023,-5.14E-05,7.13E-05,-0.000193279
1,All Population,4,YLLs (Years of Life Lost),4871,Telangana,1,Male,9,20-24 years,494,Stroke,102,High alcohol use,2,Percent,2023,0.014514463,0.046051986,-0.002222013
1,All Population,4,YLLs (Years of Life Lost),4871,Telangana,2,Female,9,20-24 years,494,Stroke,102,High alcohol use,2,Percent,2023,-0.00024151,0.000422339,-0.0009318
1,All Population,4,YLLs (Years of Life Lost),4852,Haryana,1,Male,9,20-24 years,494,Stroke,102,High alcohol use,2,Percent,2022,0.000317399,0.005511208,-0.001866138
1,All Population,4,YLLs (Years of Life Lost),4852,Haryana,2,Female,9,20-24 years,494,Stroke,102,High alcohol use,2,Percent,2022,-4.50E-05,6.15E-05,-0.000161057
1,All Population,4,YLLs (Years of Life Lost),4862,Meghalaya,1,Male,9,20-24 years,499,Cardiomyopathy and myocarditis,102,High alcohol use,2,Percent,2021,0.02545576,0.07463376,0.005089299
1,All Population,4,YLLs (Years of Life Lost),4862,Meghalaya,2,Female,9,20-24 years,499,Cardiomyopathy and myocarditis,102,High alcohol use,2,Percent,2021,0.014098785,0.048060507,0.002886173
1,All Population,4,YLLs (Years of Life Lost),4842,Arunachal Pradesh,1,Male,9,20-24 years,494,Stroke,332,Chewing tobacco,2,Percent,2023,0.089609225,0.163405338,0.041313287
1,All Population,4,YLLs (Years of Life Lost),4842,Arunachal Pradesh,2,Female,9,20-24 years,494,Stroke,332,Chewing tobacco,2,Percent,2023,0.029385561,0.061849085,0.010873208
1,All Population,4,YLLs (Years of Life Lost),4874,Uttarakhand,1,Male,9,20-24 years,494,Stroke,332,Chewing tobacco,2,Percent,2023,0.034568619,0.077711088,0.011541768
1,All Population,4,YLLs (Years of Life Lost),4874,Uttarakhand,2,Female,9,20-24 years,494,Stroke,332,Chewing tobacco,2,Percent,2023,0.002125802,0.005110574,0.00057886
1,All Population,4,YLLs (Years of Life Lost),4861,Manipur,1,Male,9,20-24 years,494,Stroke,102,High alcohol use,2,Percent,2022,0.013143884,0.041297155,-0.002140693
1,All Population,4,YLLs (Years of Life Lost),4861,Manipur,2,Female,9,20-24 years,494,Stroke,102,High alcohol use,2,Percent,2022,-0.000330269,0.000555909,-0.001245305
1,All Population,4,YLLs (Years of Life Lost),4872,Tripura,1,Male,9,20-24 years,494,Stroke,332,Chewing tobacco,2,Percent,2022,0.084071389,0.149302924,0.035958081
1,All Population,4,YLLs (Years of Life Lost),4872,Tripura,2,Female,9,20-24 years,494,Stroke,332,Chewing tobacco,2,Percent,2022,0.075546676,0.133895502,0.031769256
1,All Population,4,YLLs (Years of Life Lost),4846,Chhattisgarh,1,Male,9,20-24 years,494,Stroke,102,High alcohol use,2,Percent,2022,0.012780095,0.041869271,-0.001924344
1,All Population,4,YLLs (Years of Life Lost),4846,Chhattisgarh,2,Female,9,20-24 years,494,Stroke,102,High alcohol use,2,Percent,2022,-0.00026144,0.00047644,-0.001008161
1,All Population,4,YLLs (Years of Life Lost),4867,Punjab,1,Male,9,20-24 years,498,Hypertensive heart disease,102,High alcohol use,2,Percent,2022,0.049823653,0.079785866,0.025099981
1,All Population,4,YLLs (Years of Life Lost),4867,Punjab,2,Female,9,20-24 years,498,Hypertensive heart disease,102,High alcohol use,2,Percent,2022,0.000478101,0.00106525,9.30E-05
1,All Population,4,YLLs (Years of Life Lost),4869,Sikkim,1,Male,9,20-24 years,494,Stroke,102,High alcohol use,2,Percent,2022,0.012314417,0.03858694,-0.001995584
1,All Population,4,YLLs (Years of Life Lost),4869,Sikkim,2,Female,9,20-24 years,494,Stroke,102,High alcohol use,2,Percent,2022,-0.001121913,0.001303729,-0.003871305
1,All Population,4,YLLs (Years of Life Lost),4843,Assam,1,Male,9,20-24 years,498,Hypertensive heart disease,102,High alcohol use,2,Percent,2021,0.063309501,0.093080707,0.037518779
1,All Population,4,YLLs (Years of Life Lost),4843,Assam,2,Female,9,20-24 years,498,Hypertensive heart disease,102,High alcohol use,2,Percent,2021,0.00398463,0.009322682,0.000623802
1,All Population,4,YLLs (Years of Life Lost),4860,Maharashtra,1,Male,9,20-24 years,494,Stroke,332,Chewing tobacco,2,Percent,2022,0.05011679,0.087339054,0.024365771
1,All Population,4,YLLs (Years of Life Lost),4860,Maharashtra,2,Female,9,20-24 years,494,Stroke,332,Chewing tobacco,2,Percent,2022,0.011778956,0.026673748,0.003394249
1,All Population,4,YLLs (Years of Life Lost),4852,Haryana,1,Male,9,20-24 years,493,Ischemic heart disease,102,High alcohol use,2,Percent,2022,-0.013403666,0.013416283,-0.037936173
1,All Population,4,YLLs (Years of Life Lost),4852,Haryana,2,Female,9,20-24 years,493,Ischemic heart disease,102,High alcohol use,2,Percent,2022,-0.000358385,0.000342857,-0.001178781
1,All Population,4,YLLs (Years of Life Lost),4851,Gujarat,1,Male,9,20-24 years,499,Cardiomyopathy and myocarditis,102,High alcohol use,2,Percent,2021,0.018921417,0.05611882,0.004556838
1,All Population,4,YLLs (Years of Life Lost),4851,Gujarat,2,Female,9,20-24 years,499,Cardiomyopathy and myocarditis,102,High alcohol use,2,Percent,2021,0.012973287,0.045414549,0.002383424
1,All Population,4,YLLs (Years of Life Lost),4865,Odisha,1,Male,9,20-24 years,494,Stroke,102,High alcohol use,2,Percent,2021,0.011487516,0.036874471,-0.001715117
1,All Population,4,YLLs (Years of Life Lost),4865,Odisha,2,Female,9,20-24 years,494,Stroke,102,High alcohol use,2,Percent,2021,-0.000199397,0.000385343,-0.000696611
1,All Population,4,YLLs (Years of Life Lost),4862,Meghalaya,1,Male,9,20-24 years,494,Stroke,102,High alcohol use,2,Percent,2023,0.012399582,0.03930249,-0.002030308
1,All Population,4,YLLs (Years of Life Lost),4862,Meghalaya,2,Female,9,20-24 years,494,Stroke,102,High alcohol use,2,Percent,2023,-0.000158925,0.000263329,-0.000641877
1,All Population,4,YLLs (Years of Life Lost),4874,Uttarakhand,1,Male,9,20-24 years,493,Ischemic heart disease,102,High alcohol use,2,Percent,2021,-0.026272185,0.023641122,-0.076099246
1,All Population,4,YLLs (Years of Life Lost),4874,Uttarakhand,2,Female,9,20-24 years,493,Ischemic heart disease,102,High alcohol use,2,Percent,2021,-0.000337772,0.000336406,-0.001108621
1,All Population,4,YLLs (Years of Life Lost),4867,Punjab,1,Male,9,20-24 years,494,Stroke,332,Chewing tobacco,2,Percent,2022,0.016102912,0.03729289,0.005127157
1,All Population,4,YLLs (Years of Life Lost),4867,Punjab,2,Female,9,20-24 years,494,Stroke,332,Chewing tobacco,2,Percent,2022,0.001575264,0.003845312,0.000419916
1,All Population,4,YLLs (Years of Life Lost),4875,West Bengal,1,Male,9,20-24 years,499,Cardiomyopathy and myocarditis,102,High alcohol use,2,Percent,2023,0.021033082,0.0586651,0.005125275
1,All Population,4,YLLs (Years of Life Lost),4875,West Bengal,2,Female,9,20-24 years,499,Cardiomyopathy and myocarditis,102,High alcohol use,2,Percent,2023,0.012160512,0.036671825,0.002433182
1,All Population,4,YLLs (Years of Life Lost),4843,Assam,1,Male,9,20-24 years,494,Stroke,332,Chewing tobacco,2,Percent,2021,0.095174159,0.163048841,0.044701795
1,All Population,4,YLLs (Years of Life Lost),4843,Assam,2,Female,9,20-24 years,494,Stroke,332,Chewing tobacco,2,Percent,2021,0.033894994,0.066690338,0.014085857
1,All Population,4,YLLs (Years of Life Lost),4857,Kerala,1,Male,9,20-24 years,498,Hypertensive heart disease,102,High alcohol use,2,Percent,2021,0.046383173,0.074991462,0.023203811
1,All Population,4,YLLs (Years of Life Lost),4857,Kerala,2,Female,9,20-24 years,498,Hypertensive heart disease,102,High alcohol use,2,Percent,2021,0.001524087,0.003430062,0.000315603
1,All Population,4,YLLs (Years of Life Lost),4875,West Bengal,1,Male,9,20-24 years,494,Stroke,332,Chewing tobacco,2,Percent,2022,0.05501475,0.10864491,0.021556139
1,All Population,4,YLLs (Years of Life Lost),4875,West Bengal,2,Female,9,20-24 years,494,Stroke,332,Chewing tobacco,2,Percent,2022,0.013841477,0.029339659,0.004726316
1,All Population,4,YLLs (Years of Life Lost),4851,Gujarat,1,Male,9,20-24 years,494,Stroke,332,Chewing tobacco,2,Percent,2022,0.078904134,0.140362235,0.033621132
1,All Population,4,YLLs (Years of Life Lost),4851,Gujarat,2,Female,9,20-24 years,494,Stroke,332,Chewing tobacco,2,Percent,2022,0.009399712,0.021238789,0.002929684
1,All Population,4,YLLs (Years of Life Lost),44538,Other Union Territories,1,Male,9,20-24 years,499,Cardiomyopathy and myocarditis,102,High alcohol use,2,Percent,2021,0.019127327,0.051601039,0.004844027
1,All Population,4,YLLs (Years of Life Lost),44538,Other Union Territories,2,Female,9,20-24 years,499,Cardiomyopathy and myocarditis,102,High alcohol use,2,Percent,2021,0.014076562,0.048709014,0.003124571
1,All Population,4,YLLs (Years of Life Lost),4842,Arunachal Pradesh,1,Male,9,20-24 years,494,Stroke,332,Chewing tobacco,2,Percent,2017,0.107866016,0.17038459,0.057374328
1,All Population,4,YLLs (Years of Life Lost),4842,Arunachal Pradesh,2,Female,9,20-24 years,494,Stroke,332,Chewing tobacco,2,Percent,2017,0.039486715,0.074281964,0.015936117
1,All Population,4,YLLs (Years of Life Lost),4865,Odisha,1,Male,9,20-24 years,498,Hypertensive heart disease,102,High alcohol use,2,Percent,2016,0.059266934,0.089256767,0.032479698
1,All Population,4,YLLs (Years of Life Lost),4865,Odisha,2,Female,9,20-24 years,498,Hypertensive heart disease,102,High alcohol use,2,Percent,2016,0.002533315,0.005411797,0.000490903
1,All Population,4,YLLs (Years of Life Lost),4855,Jharkhand,1,Male,9,20-24 years,494,Stroke,102,High alcohol use,2,Percent,2021,0.01116961,0.035942181,-0.001600963
1,All Population,4,YLLs (Years of Life Lost),4855,Jharkhand,2,Female,9,20-24 years,494,Stroke,102,High alcohol use,2,Percent,2021,-0.000291706,0.000540828,-0.001174715
1,All Population,4,YLLs (Years of Life Lost),4844,Bihar,1,Male,9,20-24 years,498,Hypertensive heart disease,102,High alcohol use,2,Percent,2022,0.042058209,0.069067786,0.020165635
1,All Population,4,YLLs (Years of Life Lost),4844,Bihar,2,Female,9,20-24 years,498,Hypertensive heart disease,102,High alcohol use,2,Percent,2022,0.000599642,0.00138485,0.000103774
1,All Population,4,YLLs (Years of Life Lost),4871,Telangana,1,Male,9,20-24 years,494,Stroke,332,Chewing tobacco,2,Percent,2022,0.021272641,0.043296573,0.007692891
1,All Population,4,YLLs (Years of Life Lost),4871,Telangana,2,Female,9,20-24 years,494,Stroke,332,Chewing tobacco,2,Percent,2022,0.0053634,0.012662049,0.00151127
1,All Population,4,YLLs (Years of Life Lost),4851,Gujarat,1,Male,9,20-24 years,499,Cardiomyopathy and myocarditis,102,High alcohol use,2,Percent,2023,0.01851241,0.048366391,0.004634451
1,All Population,4,YLLs (Years of Life Lost),4851,Gujarat,2,Female,9,20-24 years,499,Cardiomyopathy and myocarditis,102,High alcohol use,2,Percent,2023,0.012706784,0.043454739,0.002571626
1,All Population,4,YLLs (Years of Life Lost),4843,Assam,1,Male,9,20-24 years,498,Hypertensive heart disease,102,High alcohol use,2,Percent,2022,0.063045579,0.091657131,0.037310144
1,All Population,4,YLLs (Years of Life Lost),4843,Assam,2,Female,9,20-24 years,498,Hypertensive heart disease,102,High alcohol use,2,Percent,2022,0.004060171,0.009541786,0.00070581
1,All Population,4,YLLs (Years of Life Lost),4873,Uttar Pradesh,1,Male,9,20-24 years,499,Cardiomyopathy and myocarditis,102,High alcohol use,2,Percent,2016,0.024006545,0.072440832,0.005607934
1,All Population,4,YLLs (Years of Life Lost),4873,Uttar Pradesh,2,Female,9,20-24 years,499,Cardiomyopathy and myocarditis,102,High alcohol use,2,Percent,2016,0.016902814,0.057488328,0.003226837
1,All Population,4,YLLs (Years of Life Lost),4872,Tripura,1,Male,9,20-24 years,498,Hypertensive heart disease,102,High alcohol use,2,Percent,2021,0.067914656,0.106550391,0.03497501
1,All Population,4,YLLs (Years of Life Lost),4872,Tripura,2,Female,9,20-24 years,498,Hypertensive heart disease,102,High alcohol use,2,Percent,2021,0.003901703,0.008708853,0.000688647
1,All Population,4,YLLs (Years of Life Lost),4862,Meghalaya,1,Male,9,20-24 years,494,Stroke,102,High alcohol use,2,Percent,2022,0.012519236,0.038422503,-0.002006395
1,All Population,4,YLLs (Years of Life Lost),4862,Meghalaya,2,Female,9,20-24 years,494,Stroke,102,High alcohol use,2,Percent,2022,-0.000158716,0.000259432,-0.000624776
1,All Population,4,YLLs (Years of Life Lost),4851,Gujarat,1,Male,9,20-24 years,494,Stroke,102,High alcohol use,2,Percent,2022,0.002398414,0.007918676,-0.00032705
1,All Population,4,YLLs (Years of Life Lost),4851,Gujarat,2,Female,9,20-24 years,494,Stroke,102,High alcohol use,2,Percent,2022,-3.97E-05,6.46E-05,-0.000147103
1,All Population,4,YLLs (Years of Life Lost),44538,Other Union Territories,1,Male,9,20-24 years,493,Ischemic heart disease,102,High alcohol use,2,Percent,2023,-0.027518644,0.025009311,-0.08291707
1,All Population,4,YLLs (Years of Life Lost),44538,Other Union Territories,2,Female,9,20-24 years,493,Ischemic heart disease,102,High alcohol use,2,Percent,2023,-0.001028214,0.001013061,-0.003506067
1,All Population,4,YLLs (Years of Life Lost),4857,Kerala,1,Male,9,20-24 years,493,Ischemic heart disease,102,High alcohol use,2,Percent,2023,-0.024148271,0.022210828,-0.069944798
1,All Population,4,YLLs (Years of Life Lost),4857,Kerala,2,Female,9,20-24 years,493,Ischemic heart disease,102,High alcohol use,2,Percent,2023,-0.001015358,0.001033167,-0.003195958
1,All Population,4,YLLs (Years of Life Lost),4849,Delhi,1,Male,9,20-24 years,493,Ischemic heart disease,102,High alcohol use,2,Percent,2023,-0.021825831,0.020475817,-0.064522738
1,All Population,4,YLLs (Years of Life Lost),4849,Delhi,2,Female,9,20-24 years,493,Ischemic heart disease,102,High alcohol use,2,Percent,2023,-0.000630653,0.000635855,-0.002165826
1,All Population,4,YLLs (Years of Life Lost),4864,Nagaland,1,Male,9,20-24 years,499,Cardiomyopathy and myocarditis,102,High alcohol use,2,Percent,2022,0.02001696,0.052226463,0.005043697
1,All Population,4,YLLs (Years of Life Lost),4864,Nagaland,2,Female,9,20-24 years,499,Cardiomyopathy and myocarditis,102,High alcohol use,2,Percent,2022,0.01350846,0.049777277,0.002351164
1,All Population,4,YLLs (Years of Life Lost),4870,Tamil Nadu,1,Male,9,20-24 years,498,Hypertensive heart disease,102,High alcohol use,2,Percent,2022,0.065929947,0.099407392,0.037359104
1,All Population,4,YLLs (Years of Life Lost),4870,Tamil Nadu,2,Female,9,20-24 years,498,Hypertensive heart disease,102,High alcohol use,2,Percent,2022,0.000404792,0.001027706,6.64E-05
1,All Population,4,YLLs (Years of Life Lost),4871,Telangana,1,Male,9,20-24 years,499,Cardiomyopathy and myocarditis,102,High alcohol use,2,Percent,2022,0.01870236,0.053443426,0.004861247
1,All Population,4,YLLs (Years of Life Lost),4871,Telangana,2,Female,9,20-24 years,499,Cardiomyopathy and myocarditis,102,High alcohol use,2,Percent,2022,0.012370151,0.036159861,0.002734256
1,All Population,4,YLLs (Years of Life Lost),4860,Maharashtra,1,Male,9,20-24 years,498,Hypertensive heart disease,102,High alcohol use,2,Percent,2021,0.031461303,0.050622978,0.016402244
1,All Population,4,YLLs (Years of Life Lost),4860,Maharashtra,2,Female,9,20-24 years,498,Hypertensive heart disease,102,High alcohol use,2,Percent,2021,0.000509113,0.001120001,0.000104246
1,All Population,4,YLLs (Years of Life Lost),4860,Maharashtra,1,Male,9,20-24 years,499,Cardiomyopathy and myocarditis,102,High alcohol use,2,Percent,2021,0.017844427,0.048080288,0.004488318
1,All Population,4,YLLs (Years of Life Lost),4860,Maharashtra,2,Female,9,20-24 years,499,Cardiomyopathy and myocarditis,102,High alcohol use,2,Percent,2021,0.012545769,0.040261084,0.002786192
1,All Population,4,YLLs (Years of Life Lost),4857,Kerala,1,Male,9,20-24 years,498,Hypertensive heart disease,102,High alcohol use,2,Percent,2017,0.047587206,0.074400636,0.023865017
1,All Population,4,YLLs (Years of Life Lost),4857,Kerala,2,Female,9,20-24 years,498,Hypertensive heart disease,102,High alcohol use,2,Percent,2017,0.001386303,0.003085743,0.000250504
1,All Population,4,YLLs (Years of Life Lost),4875,West Bengal,1,Male,9,20-24 years,499,Cardiomyopathy and myocarditis,102,High alcohol use,2,Percent,2020,0.021952182,0.059674532,0.00528102
1,All Population,4,YLLs (Years of Life Lost),4875,West Bengal,2,Female,9,20-24 years,499,Cardiomyopathy and myocarditis,102,High alcohol use,2,Percent,2020,0.012618711,0.038821754,0.002580182
1,All Population,4,YLLs (Years of Life Lost),4846,Chhattisgarh,1,Male,9,20-24 years,494,Stroke,332,Chewing tobacco,2,Percent,2021,0.091203586,0.15614166,0.042651839
1,All Population,4,YLLs (Years of Life Lost),4846,Chhattisgarh,2,Female,9,20-24 years,494,Stroke,332,Chewing tobacco,2,Percent,2021,0.024186485,0.049359851,0.009082176
1,All Population,4,YLLs (Years of Life Lost),4873,Uttar Pradesh,1,Male,9,20-24 years,498,Hypertensive heart disease,102,High alcohol use,2,Percent,2022,0.017270011,0.0270554,0.006961978
1,All Population,4,YLLs (Years of Life Lost),4873,Uttar Pradesh,2,Female,9,20-24 years,498,Hypertensive heart disease,102,High alcohol use,2,Percent,2022,0.000395191,0.00099649,6.35E-05
1,All Population,4,YLLs (Years of Life Lost),4846,Chhattisgarh,1,Male,9,20-24 years,493,Ischemic heart disease,102,High alcohol use,2,Percent,2023,-0.038353601,0.034305813,-0.105658577
1,All Population,4,YLLs (Years of Life Lost),4846,Chhattisgarh,2,Female,9,20-24 years,493,Ischemic heart disease,102,High alcohol use,2,Percent,2023,-0.002263291,0.002321986,-0.007647882
1,All Population,4,YLLs (Years of Life Lost),4865,Odisha,1,Male,9,20-24 years,499,Cardiomyopathy and myocarditis,102,High alcohol use,2,Percent,2023,0.019803161,0.05483485,0.004987215
1,All Population,4,YLLs (Years of Life Lost),4865,Odisha,2,Female,9,20-24 years,499,Cardiomyopathy and myocarditis,102,High alcohol use,2,Percent,2023,0.012715463,0.045291339,0.002258935
1,All Population,4,YLLs (Years of Life Lost),4863,Mizoram,1,Male,9,20-24 years,493,Ischemic heart disease,102,High alcohol use,2,Percent,2023,-0.037042503,0.031676947,-0.111686454
1,All Population,4,YLLs (Years of Life Lost),4863,Mizoram,2,Female,9,20-24 years,493,Ischemic heart disease,102,High alcohol use,2,Percent,2023,-0.002365348,0.002326909,-0.007483506
1,All Population,4,YLLs (Years of Life Lost),4852,Haryana,1,Male,9,20-24 years,494,Stroke,102,High alcohol use,2,Percent,2023,0.000296121,0.005291341,-0.001745865
1,All Population,4,YLLs (Years of Life Lost),4852,Haryana,2,Female,9,20-24 years,494,Stroke,102,High alcohol use,2,Percent,2023,-4.55E-05,5.96E-05,-0.000158944
1,All Population,4,YLLs (Years of Life Lost),4863,Mizoram,1,Male,9,20-24 years,498,Hypertensive heart disease,102,High alcohol use,2,Percent,2021,0.070565161,0.110333924,0.036791503
1,All Population,4,YLLs (Years of Life Lost),4863,Mizoram,2,Female,9,20-24 years,498,Hypertensive heart disease,102,High alcohol use,2,Percent,2021,0.003681299,0.007973455,0.000748912
1,All Population,4,YLLs (Years of Life Lost),4873,Uttar Pradesh,1,Male,9,20-24 years,493,Ischemic heart disease,102,High alcohol use,2,Percent,2022,-0.010873894,0.011065818,-0.027512646
1,All Population,4,YLLs (Years of Life Lost),4873,Uttar Pradesh,2,Female,9,20-24 years,493,Ischemic heart disease,102,High alcohol use,2,Percent,2022,-0.000265974,0.000245337,-0.0008715
1,All Population,4,YLLs (Years of Life Lost),4872,Tripura,1,Male,9,20-24 years,493,Ischemic heart disease,102,High alcohol use,2,Percent,2023,-0.037951568,0.032425776,-0.115137216
1,All Population,4,YLLs (Years of Life Lost),4872,Tripura,2,Female,9,20-24 years,493,Ischemic heart disease,102,High alcohol use,2,Percent,2023,-0.002585917,0.002618593,-0.008525294
1,All Population,4,YLLs (Years of Life Lost),4870,Tamil Nadu,1,Male,9,20-24 years,494,Stroke,102,High alcohol use,2,Percent,2023,0.01140998,0.035893276,-0.001832345
1,All Population,4,YLLs (Years of Life Lost),4870,Tamil Nadu,2,Female,9,20-24 years,494,Stroke,102,High alcohol use,2,Percent,2023,-3.15E-05,5.29E-05,-0.000134988
1,All Population,4,YLLs (Years of Life Lost),4842,Arunachal Pradesh,1,Male,9,20-24 years,498,Hypertensive heart disease,102,High alcohol use,2,Percent,2016,0.10411508,0.1494037,0.060021728
1,All Population,4,YLLs (Years of Life Lost),4842,Arunachal Pradesh,2,Female,9,20-24 years,498,Hypertensive heart disease,102,High alcohol use,2,Percent,2016,0.017123973,0.035843615,0.003375509
1,All Population,4,YLLs (Years of Life Lost),4874,Uttarakhand,1,Male,9,20-24 years,494,Stroke,332,Chewing tobacco,2,Percent,2022,0.034918958,0.074641097,0.011808426
1,All Population,4,YLLs (Years of Life Lost),4874,Uttarakhand,2,Female,9,20-24 years,494,Stroke,332,Chewing tobacco,2,Percent,2022,0.002094966,0.004958216,0.000554686
1,All Population,4,YLLs (Years of Life Lost),4843,Assam,1,Male,9,20-24 years,499,Cardiomyopathy and myocarditis,102,High alcohol use,2,Percent,2020,0.022046774,0.064946944,0.005115062
1,All Population,4,YLLs (Years of Life Lost),4843,Assam,2,Female,9,20-24 years,499,Cardiomyopathy and myocarditis,102,High alcohol use,2,Percent,2020,0.013991153,0.052283268,0.002238128
1,All Population,4,YLLs (Years of Life Lost),4863,Mizoram,1,Male,9,20-24 years,498,Hypertensive heart disease,102,High alcohol use,2,Percent,2020,0.070492019,0.108919341,0.0361053
1,All Population,4,YLLs (Years of Life Lost),4863,Mizoram,2,Female,9,20-24 years,498,Hypertensive heart disease,102,High alcohol use,2,Percent,2020,0.003708361,0.008157872,0.000713862
1,All Population,4,YLLs (Years of Life Lost),4864,Nagaland,1,Male,9,20-24 years,494,Stroke,332,Chewing tobacco,2,Percent,2021,0.126194793,0.205735599,0.063490257
1,All Population,4,YLLs (Years of Life Lost),4864,Nagaland,2,Female,9,20-24 years,494,Stroke,332,Chewing tobacco,2,Percent,2021,0.07050864,0.122719424,0.033134658
1,All Population,4,YLLs (Years of Life Lost),4853,Himachal Pradesh,1,Male,9,20-24 years,498,Hypertensive heart disease,102,High alcohol use,2,Percent,2023,0.043433771,0.071367302,0.021804203
1,All Population,4,YLLs (Years of Life Lost),4853,Himachal Pradesh,2,Female,9,20-24 years,498,Hypertensive heart disease,102,High alcohol use,2,Percent,2023,0.000982527,0.002187851,0.000206679
1,All Population,4,YLLs (Years of Life Lost),4842,Arunachal Pradesh,1,Male,9,20-24 years,498,Hypertensive heart disease,102,High alcohol use,2,Percent,2022,0.103009239,0.152361737,0.05960571
1,All Population,4,YLLs (Years of Life Lost),4842,Arunachal Pradesh,2,Female,9,20-24 years,498,Hypertensive heart disease,102,High alcohol use,2,Percent,2022,0.017553672,0.037833049,0.003720426
1,All Population,4,YLLs (Years of Life Lost),44538,Other Union Territories,1,Male,9,20-24 years,493,Ischemic heart disease,102,High alcohol use,2,Percent,2022,-0.027514882,0.024895785,-0.081967648
1,All Population,4,YLLs (Years of Life Lost),44538,Other Union Territories,2,Female,9,20-24 years,493,Ischemic heart disease,102,High alcohol use,2,Percent,2022,-0.001007063,0.000989517,-0.003411918
1,All Population,4,YLLs (Years of Life Lost),4841,Andhra Pradesh,1,Male,9,20-24 years,493,Ischemic heart disease,102,High alcohol use,2,Percent,2023,-0.031106685,0.027590452,-0.094102315
1,All Population,4,YLLs (Years of Life Lost),4841,Andhra Pradesh,2,Female,9,20-24 years,493,Ischemic heart disease,102,High alcohol use,2,Percent,2023,-0.001223702,0.001301434,-0.003801539
1,All Population,4,YLLs (Years of Life Lost),4869,Sikkim,1,Male,9,20-24 years,494,Stroke,102,High alcohol use,2,Percent,2023,0.012247445,0.038920932,-0.001976986
1,All Population,4,YLLs (Years of Life Lost),4869,Sikkim,2,Female,9,20-24 years,494,Stroke,102,High alcohol use,2,Percent,2023,-0.001134731,0.001231486,-0.004018673
1,All Population,4,YLLs (Years of Life Lost),4868,Rajasthan,1,Male,9,20-24 years,493,Ischemic heart disease,102,High alcohol use,2,Percent,2021,-0.011772033,0.011193684,-0.033087086
1,All Population,4,YLLs (Years of Life Lost),4868,Rajasthan,2,Female,9,20-24 years,493,Ischemic heart disease,102,High alcohol use,2,Percent,2021,-0.000481285,0.000505409,-0.001496714
1,All Population,4,YLLs (Years of Life Lost),4857,Kerala,1,Male,9,20-24 years,499,Cardiomyopathy and myocarditis,102,High alcohol use,2,Percent,2022,0.017733812,0.047886736,0.004929909
1,All Population,4,YLLs (Years of Life Lost),4857,Kerala,2,Female,9,20-24 years,499,Cardiomyopathy and myocarditis,102,High alcohol use,2,Percent,2022,0.011683321,0.037464885,0.002241739
1,All Population,4,YLLs (Years of Life Lost),4854,Jammu & Kashmir and Ladakh,1,Male,9,20-24 years,494,Stroke,332,Chewing tobacco,2,Percent,2022,0.017506364,0.039836313,0.005578061
1,All Population,4,YLLs (Years of Life Lost),4854,Jammu & Kashmir and Ladakh,2,Female,9,20-24 years,494,Stroke,332,Chewing tobacco,2,Percent,2022,0.002140406,0.005256001,0.000573881
1,All Population,4,YLLs (Years of Life Lost),4856,Karnataka,1,Male,9,20-24 years,493,Ischemic heart disease,102,High alcohol use,2,Percent,2022,-0.024670431,0.022595015,-0.074206885
1,All Population,4,YLLs (Years of Life Lost),4856,Karnataka,2,Female,9,20-24 years,493,Ischemic heart disease,102,High alcohol use,2,Percent,2022,-0.002327158,0.002294586,-0.006009048
1,All Population,4,YLLs (Years of Life Lost),4860,Maharashtra,1,Male,9,20-24 years,499,Cardiomyopathy and myocarditis,102,High alcohol use,2,Percent,2023,0.017438926,0.046132061,0.004499085
1,All Population,4,YLLs (Years of Life Lost),4860,Maharashtra,2,Female,9,20-24 years,499,Cardiomyopathy and myocarditis,102,High alcohol use,2,Percent,2023,0.012285795,0.038114162,0.002654502
1,All Population,4,YLLs (Years of Life Lost),4850,Goa,1,Male,9,20-24 years,498,Hypertensive heart disease,102,High alcohol use,2,Percent,2022,0.075693457,0.118159388,0.039873586
1,All Population,4,YLLs (Years of Life Lost),4850,Goa,2,Female,9,20-24 years,498,Hypertensive heart disease,102,High alcohol use,2,Percent,2022,0.004738779,0.010452785,0.0009838
1,All Population,4,YLLs (Years of Life Lost),4852,Haryana,1,Male,9,20-24 years,498,Hypertensive heart disease,102,High alcohol use,2,Percent,2021,0.021831959,0.037997666,0.007654909
1,All Population,4,YLLs (Years of Life Lost),4852,Haryana,2,Female,9,20-24 years,498,Hypertensive heart disease,102,High alcohol use,2,Percent,2021,0.000536379,0.001283322,8.53E-05
1,All Population,4,YLLs (Years of Life Lost),4852,Haryana,1,Male,9,20-24 years,499,Cardiomyopathy and myocarditis,102,High alcohol use,2,Percent,2021,0.022224749,0.064143105,0.005675469
1,All Population,4,YLLs (Years of Life Lost),4852,Haryana,2,Female,9,20-24 years,499,Cardiomyopathy and myocarditis,102,High alcohol use,2,Percent,2021,0.015218849,0.051422273,0.003333045
1,All Population,4,YLLs (Years of Life Lost),4859,Madhya Pradesh,1,Male,9,20-24 years,494,Stroke,332,Chewing tobacco,2,Percent,2023,0.082947118,0.154998426,0.034948713
1,All Population,4,YLLs (Years of Life Lost),4859,Madhya Pradesh,2,Female,9,20-24 years,494,Stroke,332,Chewing tobacco,2,Percent,2023,0.017680687,0.038590014,0.005699431
1,All Population,4,YLLs (Years of Life Lost),4863,Mizoram,1,Male,9,20-24 years,494,Stroke,102,High alcohol use,2,Percent,2022,0.010438006,0.032275238,-0.00168707
1,All Population,4,YLLs (Years of Life Lost),4863,Mizoram,2,Female,9,20-24 years,494,Stroke,102,High alcohol use,2,Percent,2022,-0.000253278,0.000390311,-0.000972282
1,All Population,4,YLLs (Years of Life Lost),4859,Madhya Pradesh,1,Male,9,20-24 years,493,Ischemic heart disease,102,High alcohol use,2,Percent,2020,-0.019593273,0.017460336,-0.053860214
1,All Population,4,YLLs (Years of Life Lost),4859,Madhya Pradesh,2,Female,9,20-24 years,493,Ischemic heart disease,102,High alcohol use,2,Percent,2020,-0.000773826,0.000839392,-0.00246652
1,All Population,4,YLLs (Years of Life Lost),4849,Delhi,1,Male,9,20-24 years,498,Hypertensive heart disease,102,High alcohol use,2,Percent,2022,0.041397838,0.067065881,0.020412724
1,All Population,4,YLLs (Years of Life Lost),4849,Delhi,2,Female,9,20-24 years,498,Hypertensive heart disease,102,High alcohol use,2,Percent,2022,0.000926433,0.002130124,0.0001685
1,All Population,4,YLLs (Years of Life Lost),4861,Manipur,1,Male,9,20-24 years,494,Stroke,102,High alcohol use,2,Percent,2023,0.013067622,0.04168187,-0.00211684
1,All Population,4,YLLs (Years of Life Lost),4861,Manipur,2,Female,9,20-24 years,494,Stroke,102,High alcohol use,2,Percent,2023,-0.000330426,0.000526174,-0.001243068
1,All Population,4,YLLs (Years of Life Lost),4859,Madhya Pradesh,1,Male,9,20-24 years,493,Ischemic heart disease,102,High alcohol use,2,Percent,2022,-0.019355321,0.017432848,-0.053442267
1,All Population,4,YLLs (Years of Life Lost),4859,Madhya Pradesh,2,Female,9,20-24 years,493,Ischemic heart disease,102,High alcohol use,2,Percent,2022,-0.00080121,0.000862807,-0.002517843
1,All Population,4,YLLs (Years of Life Lost),4861,Manipur,1,Male,9,20-24 years,494,Stroke,332,Chewing tobacco,2,Percent,2022,0.114676643,0.193472636,0.056447031
1,All Population,4,YLLs (Years of Life Lost),4861,Manipur,2,Female,9,20-24 years,494,Stroke,332,Chewing tobacco,2,Percent,2022,0.081822692,0.142729901,0.038574778
1,All Population,4,YLLs (Years of Life Lost),4841,Andhra Pradesh,1,Male,9,20-24 years,494,Stroke,102,High alcohol use,2,Percent,2023,0.009831109,0.03166205,-0.001463465
1,All Population,4,YLLs (Years of Life Lost),4841,Andhra Pradesh,2,Female,9,20-24 years,494,Stroke,102,High alcohol use,2,Percent,2023,-0.000148163,0.000229379,-0.000491664
1,All Population,4,YLLs (Years of Life Lost),4841,Andhra Pradesh,1,Male,9,20-24 years,499,Cardiomyopathy and myocarditis,102,High alcohol use,2,Percent,2022,0.017539591,0.050173446,0.004576413
1,All Population,4,YLLs (Years of Life Lost),4841,Andhra Pradesh,2,Female,9,20-24 years,499,Cardiomyopathy and myocarditis,102,High alcohol use,2,Percent,2022,0.011007182,0.031067405,0.002136395
1,All Population,4,YLLs (Years of Life Lost),4850,Goa,1,Male,9,20-24 years,494,Stroke,332,Chewing tobacco,2,Percent,2023,0.016346,0.037382913,0.005074245
1,All Population,4,YLLs (Years of Life Lost),4850,Goa,2,Female,9,20-24 years,494,Stroke,332,Chewing tobacco,2,Percent,2023,0.003302628,0.008020763,0.000991525
1,All Population,4,YLLs (Years of Life Lost),4856,Karnataka,1,Male,9,20-24 years,493,Ischemic heart disease,102,High alcohol use,2,Percent,2023,-0.024570572,0.02289213,-0.074030466
1,All Population,4,YLLs (Years of Life Lost),4856,Karnataka,2,Female,9,20-24 years,493,Ischemic heart disease,102,High alcohol use,2,Percent,2023,-0.002154664,0.002099765,-0.005395179
1,All Population,4,YLLs (Years of Life Lost),4873,Uttar Pradesh,1,Male,9,20-24 years,499,Cardiomyopathy and myocarditis,102,High alcohol use,2,Percent,2020,0.023621411,0.071351975,0.005322882
1,All Population,4,YLLs (Years of Life Lost),4873,Uttar Pradesh,2,Female,9,20-24 years,499,Cardiomyopathy and myocarditis,102,High alcohol use,2,Percent,2020,0.016882517,0.057348055,0.003111244
1,All Population,4,YLLs (Years of Life Lost),4872,Tripura,1,Male,9,20-24 years,494,Stroke,332,Chewing tobacco,2,Percent,2023,0.083411476,0.154018661,0.034967694
1,All Population,4,YLLs (Years of Life Lost),4872,Tripura,2,Female,9,20-24 years,494,Stroke,332,Chewing tobacco,2,Percent,2023,0.074522141,0.137417312,0.030630755
1,All Population,4,YLLs (Years of Life Lost),4842,Arunachal Pradesh,1,Male,9,20-24 years,494,Stroke,102,High alcohol use,2,Percent,2023,0.018006714,0.054369618,-0.003050209
1,All Population,4,YLLs (Years of Life Lost),4842,Arunachal Pradesh,2,Female,9,20-24 years,494,Stroke,102,High alcohol use,2,Percent,2023,-0.001262121,0.002053156,-0.00496678
1,All Population,4,YLLs (Years of Life Lost),4864,Nagaland,1,Male,9,20-24 years,493,Ischemic heart disease,102,High alcohol use,2,Percent,2023,-0.035497859,0.030516601,-0.104992406
1,All Population,4,YLLs (Years of Life Lost),4864,Nagaland,2,Female,9,20-24 years,493,Ischemic heart disease,102,High alcohol use,2,Percent,2023,-0.00260135,0.002703969,-0.008142978
1,All Population,4,YLLs (Years of Life Lost),4856,Karnataka,1,Male,9,20-24 years,494,Stroke,332,Chewing tobacco,2,Percent,2022,0.044193583,0.088221406,0.017190007
1,All Population,4,YLLs (Years of Life Lost),4856,Karnataka,2,Female,9,20-24 years,494,Stroke,332,Chewing tobacco,2,Percent,2022,0.006885123,0.015739398,0.001921577
1,All Population,4,YLLs (Years of Life Lost),4842,Arunachal Pradesh,1,Male,9,20-24 years,494,Stroke,102,High alcohol use,2,Percent,2022,0.018185299,0.055996943,-0.00306002
1,All Population,4,YLLs (Years of Life Lost),4842,Arunachal Pradesh,2,Female,9,20-24 years,494,Stroke,102,High alcohol use,2,Percent,2022,-0.001274215,0.002117349,-0.004794483
1,All Population,4,YLLs (Years of Life Lost),4867,Punjab,1,Male,9,20-24 years,494,Stroke,332,Chewing tobacco,2,Percent,2023,0.015880161,0.037039496,0.004864681
1,All Population,4,YLLs (Years of Life Lost),4867,Punjab,2,Female,9,20-24 years,494,Stroke,332,Chewing tobacco,2,Percent,2023,0.001584359,0.003917601,0.000427884
1,All Population,4,YLLs (Years of Life Lost),4853,Himachal Pradesh,1,Male,9,20-24 years,498,Hypertensive heart disease,102,High alcohol use,2,Percent,2022,0.043504195,0.070135685,0.021762948
1,All Population,4,YLLs (Years of Life Lost),4853,Himachal Pradesh,2,Female,9,20-24 years,498,Hypertensive heart disease,102,High alcohol use,2,Percent,2022,0.00096272,0.002180374,0.00019547
1,All Population,4,YLLs (Years of Life Lost),4853,Himachal Pradesh,1,Male,9,20-24 years,494,Stroke,102,High alcohol use,2,Percent,2023,0.007343185,0.023843452,-0.001135864
1,All Population,4,YLLs (Years of Life Lost),4853,Himachal Pradesh,2,Female,9,20-24 years,494,Stroke,102,High alcohol use,2,Percent,2023,-7.46E-05,0.000119856,-0.000292317
1,All Population,4,YLLs (Years of Life Lost),4855,Jharkhand,1,Male,9,20-24 years,493,Ischemic heart disease,102,High alcohol use,2,Percent,2023,-0.032041415,0.028866571,-0.08835245
1,All Population,4,YLLs (Years of Life Lost),4855,Jharkhand,2,Female,9,20-24 years,493,Ischemic heart disease,102,High alcohol use,2,Percent,2023,-0.002608724,0.002633436,-0.008958062
1,All Population,4,YLLs (Years of Life Lost),4871,Telangana,1,Male,9,20-24 years,494,Stroke,102,High alcohol use,2,Percent,2022,0.014587677,0.046644915,-0.002194877
1,All Population,4,YLLs (Years of Life Lost),4871,Telangana,2,Female,9,20-24 years,494,Stroke,102,High alcohol use,2,Percent,2022,-0.000244142,0.000428299,-0.000888205
1,All Population,4,YLLs (Years of Life Lost),4851,Gujarat,1,Male,9,20-24 years,494,Stroke,332,Chewing tobacco,2,Percent,2023,0.077544887,0.143543257,0.032895385
1,All Population,4,YLLs (Years of Life Lost),4851,Gujarat,2,Female,9,20-24 years,494,Stroke,332,Chewing tobacco,2,Percent,2023,0.009429091,0.022065176,0.002862005
1,All Population,4,YLLs (Years of Life Lost),4857,Kerala,1,Male,9,20-24 years,498,Hypertensive heart disease,102,High alcohol use,2,Percent,2023,0.04606325,0.074339843,0.022871084
1,All Population,4,YLLs (Years of Life Lost),4857,Kerala,2,Female,9,20-24 years,498,Hypertensive heart disease,102,High alcohol use,2,Percent,2023,0.001534953,0.003302929,0.000345002
1,All Population,4,YLLs (Years of Life Lost),4859,Madhya Pradesh,1,Male,9,20-24 years,498,Hypertensive heart disease,102,High alcohol use,2,Percent,2022,0.039418879,0.062935708,0.020508782
1,All Population,4,YLLs (Years of Life Lost),4859,Madhya Pradesh,2,Female,9,20-24 years,498,Hypertensive heart disease,102,High alcohol use,2,Percent,2022,0.001213897,0.002716079,0.000252139
1,All Population,4,YLLs (Years of Life Lost),4869,Sikkim,1,Male,9,20-24 years,494,Stroke,332,Chewing tobacco,2,Percent,2022,0.032873913,0.066341325,0.011881109
1,All Population,4,YLLs (Years of Life Lost),4869,Sikkim,2,Female,9,20-24 years,494,Stroke,332,Chewing tobacco,2,Percent,2022,0.006268211,0.015078471,0.001656073
1,All Population,4,YLLs (Years of Life Lost),4875,West Bengal,1,Male,9,20-24 years,494,Stroke,332,Chewing tobacco,2,Percent,2023,0.054570725,0.109112715,0.020886136
1,All Population,4,YLLs (Years of Life Lost),4875,West Bengal,2,Female,9,20-24 years,494,Stroke,332,Chewing tobacco,2,Percent,2023,0.013755547,0.030314519,0.004712545
1,All Population,4,YLLs (Years of Life Lost),4861,Manipur,1,Male,9,20-24 years,498,Hypertensive heart disease,102,High alcohol use,2,Percent,2021,0.074451932,0.115124109,0.039988098
1,All Population,4,YLLs (Years of Life Lost),4861,Manipur,2,Female,9,20-24 years,498,Hypertensive heart disease,102,High alcohol use,2,Percent,2021,0.004407478,0.00980577,0.000870916
1,All Population,4,YLLs (Years of Life Lost),4868,Rajasthan,1,Male,9,20-24 years,494,Stroke,332,Chewing tobacco,2,Percent,2023,0.057114042,0.113538749,0.021788684
1,All Population,4,YLLs (Years of Life Lost),4868,Rajasthan,2,Female,9,20-24 years,494,Stroke,332,Chewing tobacco,2,Percent,2023,0.009857564,0.022503491,0.003127743
1,All Population,4,YLLs (Years of Life Lost),4855,Jharkhand,1,Male,9,20-24 years,494,Stroke,102,High alcohol use,2,Percent,2023,0.010998182,0.03490978,-0.00167468
1,All Population,4,YLLs (Years of Life Lost),4855,Jharkhand,2,Female,9,20-24 years,494,Stroke,102,High alcohol use,2,Percent,2023,-0.000292946,0.000516342,-0.001259821
1,All Population,4,YLLs (Years of Life Lost),4865,Odisha,1,Male,9,20-24 years,498,Hypertensive heart disease,102,High alcohol use,2,Percent,2023,0.061784645,0.094502625,0.034191561
1,All Population,4,YLLs (Years of Life Lost),4865,Odisha,2,Female,9,20-24 years,498,Hypertensive heart disease,102,High alcohol use,2,Percent,2023,0.002753781,0.006005835,0.000581037
1,All Population,4,YLLs (Years of Life Lost),4863,Mizoram,1,Male,9,20-24 years,493,Ischemic heart disease,102,High alcohol use,2,Percent,2022,-0.037144251,0.031898844,-0.111014524
1,All Population,4,YLLs (Years of Life Lost),4863,Mizoram,2,Female,9,20-24 years,493,Ischemic heart disease,102,High alcohol use,2,Percent,2022,-0.002410131,0.002409359,-0.007729385
1,All Population,4,YLLs (Years of Life Lost),4855,Jharkhand,1,Male,9,20-24 years,494,Stroke,332,Chewing tobacco,2,Percent,2018,0.097837314,0.163300394,0.045739891
1,All Population,4,YLLs (Years of Life Lost),4855,Jharkhand,2,Female,9,20-24 years,494,Stroke,332,Chewing tobacco,2,Percent,2018,0.011506518,0.024999254,0.00375656
1,All Population,4,YLLs (Years of Life Lost),4875,West Bengal,1,Male,9,20-24 years,493,Ischemic heart disease,102,High alcohol use,2,Percent,2021,-0.027025051,0.024589609,-0.080893367
1,All Population,4,YLLs (Years of Life Lost),4875,West Bengal,2,Female,9,20-24 years,493,Ischemic heart disease,102,High alcohol use,2,Percent,2021,-0.000661413,0.000653225,-0.00216746
1,All Population,4,YLLs (Years of Life Lost),4869,Sikkim,1,Male,9,20-24 years,498,Hypertensive heart disease,102,High alcohol use,2,Percent,2021,0.073222539,0.113842168,0.038201718
1,All Population,4,YLLs (Years of Life Lost),4869,Sikkim,2,Female,9,20-24 years,498,Hypertensive heart disease,102,High alcohol use,2,Percent,2021,0.012966479,0.028678537,0.002471155
1,All Population,4,YLLs (Years of Life Lost),4873,Uttar Pradesh,1,Male,9,20-24 years,493,Ischemic heart disease,102,High alcohol use,2,Percent,2023,-0.010930335,0.011358676,-0.028068063
1,All Population,4,YLLs (Years of Life Lost),4873,Uttar Pradesh,2,Female,9,20-24 years,493,Ischemic heart disease,102,High alcohol use,2,Percent,2023,-0.000270729,0.000250286,-0.000890487
1,All Population,4,YLLs (Years of Life Lost),4856,Karnataka,1,Male,9,20-24 years,494,Stroke,102,High alcohol use,2,Percent,2022,0.008072593,0.026363308,-0.001141455
1,All Population,4,YLLs (Years of Life Lost),4856,Karnataka,2,Female,9,20-24 years,494,Stroke,102,High alcohol use,2,Percent,2022,-0.00027653,0.000391475,-0.000948509
1,All Population,4,YLLs (Years of Life Lost),4852,Haryana,1,Male,9,20-24 years,493,Ischemic heart disease,102,High alcohol use,2,Percent,2021,-0.013541102,0.013317666,-0.037743005
1,All Population,4,YLLs (Years of Life Lost),4852,Haryana,2,Female,9,20-24 years,493,Ischemic heart disease,102,High alcohol use,2,Percent,2021,-0.000354803,0.00033907,-0.001154661
1,All Population,4,YLLs (Years of Life Lost),4874,Uttarakhand,1,Male,9,20-24 years,499,Cardiomyopathy and myocarditis,102,High alcohol use,2,Percent,2023,0.021055232,0.061919918,0.005301945
1,All Population,4,YLLs (Years of Life Lost),4874,Uttarakhand,2,Female,9,20-24 years,499,Cardiomyopathy and myocarditis,102,High alcohol use,2,Percent,2023,0.0146251,0.05460183,0.002650878
1,All Population,4,YLLs (Years of Life Lost),4869,Sikkim,1,Male,9,20-24 years,499,Cardiomyopathy and myocarditis,102,High alcohol use,2,Percent,2020,0.020796787,0.061574561,0.004836648
1,All Population,4,YLLs (Years of Life Lost),4869,Sikkim,2,Female,9,20-24 years,499,Cardiomyopathy and myocarditis,102,High alcohol use,2,Percent,2020,0.012463724,0.039087342,0.002392784
1,All Population,4,YLLs (Years of Life Lost),4849,Delhi,1,Male,9,20-24 years,499,Cardiomyopathy and myocarditis,102,High alcohol use,2,Percent,2023,0.021955939,0.057922575,0.006161658
1,All Population,4,YLLs (Years of Life Lost),4849,Delhi,2,Female,9,20-24 years,499,Cardiomyopathy and myocarditis,102,High alcohol use,2,Percent,2023,0.016230848,0.051043309,0.003565856
1,All Population,4,YLLs (Years of Life Lost),4844,Bihar,1,Male,9,20-24 years,493,Ischemic heart disease,102,High alcohol use,2,Percent,2023,-0.021379715,0.020350702,-0.064565369
1,All Population,4,YLLs (Years of Life Lost),4844,Bihar,2,Female,9,20-24 years,493,Ischemic heart disease,102,High alcohol use,2,Percent,2023,-0.000410706,0.000421607,-0.00139045
1,All Population,4,YLLs (Years of Life Lost),4859,Madhya Pradesh,1,Male,9,20-24 years,494,Stroke,102,High alcohol use,2,Percent,2022,0.00693044,0.023357757,-0.000982304
1,All Population,4,YLLs (Years of Life Lost),4859,Madhya Pradesh,2,Female,9,20-24 years,494,Stroke,102,High alcohol use,2,Percent,2022,-9.36E-05,0.000163201,-0.000311424
1,All Population,4,YLLs (Years of Life Lost),4852,Haryana,1,Male,9,20-24 years,498,Hypertensive heart disease,102,High alcohol use,2,Percent,2022,0.021544215,0.038248727,0.007350161
1,All Population,4,YLLs (Years of Life Lost),4852,Haryana,2,Female,9,20-24 years,498,Hypertensive heart disease,102,High alcohol use,2,Percent,2022,0.000543518,0.001277478,9.42E-05
1,All Population,4,YLLs (Years of Life Lost),4852,Haryana,1,Male,9,20-24 years,499,Cardiomyopathy and myocarditis,102,High alcohol use,2,Percent,2022,0.021971241,0.062938963,0.005787708
1,All Population,4,YLLs (Years of Life Lost),4852,Haryana,2,Female,9,20-24 years,499,Cardiomyopathy and myocarditis,102,High alcohol use,2,Percent,2022,0.015103538,0.050189998,0.003186097
1,All Population,4,YLLs (Years of Life Lost),4865,Odisha,1,Male,9,20-24 years,494,Stroke,102,High alcohol use,2,Percent,2022,0.011422309,0.03668799,-0.001698622
1,All Population,4,YLLs (Years of Life Lost),4865,Odisha,2,Female,9,20-24 years,494,Stroke,102,High alcohol use,2,Percent,2022,-0.000203657,0.000370778,-0.000697088
1,All Population,4,YLLs (Years of Life Lost),4853,Himachal Pradesh,1,Male,9,20-24 years,494,Stroke,332,Chewing tobacco,2,Percent,2018,0.017842371,0.037053262,0.006435517
1,All Population,4,YLLs (Years of Life Lost),4853,Himachal Pradesh,2,Female,9,20-24 years,494,Stroke,332,Chewing tobacco,2,Percent,2018,0.002009015,0.004702373,0.000550317
1,All Population,4,YLLs (Years of Life Lost),4850,Goa,1,Male,9,20-24 years,494,Stroke,102,High alcohol use,2,Percent,2018,0.012627001,0.038975732,-0.002047837
1,All Population,4,YLLs (Years of Life Lost),4850,Goa,2,Female,9,20-24 years,494,Stroke,102,High alcohol use,2,Percent,2018,-0.000322061,0.000486254,-0.001005723
1,All Population,4,YLLs (Years of Life Lost),4869,Sikkim,1,Male,9,20-24 years,498,Hypertensive heart disease,102,High alcohol use,2,Percent,2023,0.073030631,0.113297716,0.037832367
1,All Population,4,YLLs (Years of Life Lost),4869,Sikkim,2,Female,9,20-24 years,498,Hypertensive heart disease,102,High alcohol use,2,Percent,2023,0.013116153,0.028491749,0.002796321
1,All Population,4,YLLs (Years of Life Lost),4872,Tripura,1,Male,9,20-24 years,499,Cardiomyopathy and myocarditis,102,High alcohol use,2,Percent,2023,0.021227365,0.059664209,0.005191857
1,All Population,4,YLLs (Years of Life Lost),4872,Tripura,2,Female,9,20-24 years,499,Cardiomyopathy and myocarditis,102,High alcohol use,2,Percent,2023,0.013270445,0.043028887,0.002657237
1,All Population,4,YLLs (Years of Life Lost),4846,Chhattisgarh,1,Male,9,20-24 years,498,Hypertensive heart disease,102,High alcohol use,2,Percent,2018,0.071341953,0.108776638,0.038603664
1,All Population,4,YLLs (Years of Life Lost),4846,Chhattisgarh,2,Female,9,20-24 years,498,Hypertensive heart disease,102,High alcohol use,2,Percent,2018,0.003253305,0.007443267,0.000550559
1,All Population,4,YLLs (Years of Life Lost),4842,Arunachal Pradesh,1,Male,9,20-24 years,498,Hypertensive heart disease,102,High alcohol use,2,Percent,2023,0.102649172,0.152718028,0.059230982
1,All Population,4,YLLs (Years of Life Lost),4842,Arunachal Pradesh,2,Female,9,20-24 years,498,Hypertensive heart disease,102,High alcohol use,2,Percent,2023,0.017546635,0.037516983,0.003686806
1,All Population,4,YLLs (Years of Life Lost),4849,Delhi,1,Male,9,20-24 years,494,Stroke,102,High alcohol use,2,Percent,2017,0.00681873,0.02109497,-0.000986086
1,All Population,4,YLLs (Years of Life Lost),4849,Delhi,2,Female,9,20-24 years,494,Stroke,102,High alcohol use,2,Percent,2017,-7.97E-05,7.51E-05,-0.00028361
1,All Population,4,YLLs (Years of Life Lost),4874,Uttarakhand,1,Male,9,20-24 years,498,Hypertensive heart disease,102,High alcohol use,2,Percent,2023,0.049142099,0.078333561,0.024792702
1,All Population,4,YLLs (Years of Life Lost),4874,Uttarakhand,2,Female,9,20-24 years,498,Hypertensive heart disease,102,High alcohol use,2,Percent,2023,0.000527658,0.001210823,9.76E-05
1,All Population,4,YLLs (Years of Life Lost),4862,Meghalaya,1,Male,9,20-24 years,494,Stroke,332,Chewing tobacco,2,Percent,2023,0.043694641,0.084127893,0.016637801
1,All Population,4,YLLs (Years of Life Lost),4862,Meghalaya,2,Female,9,20-24 years,494,Stroke,332,Chewing tobacco,2,Percent,2023,0.059307464,0.113413008,0.02532984
1,All Population,4,YLLs (Years of Life Lost),44538,Other Union Territories,1,Male,9,20-24 years,494,Stroke,102,High alcohol use,2,Percent,2023,0.008806389,0.028586572,-0.001309094
1,All Population,4,YLLs (Years of Life Lost),44538,Other Union Territories,2,Female,9,20-24 years,494,Stroke,102,High alcohol use,2,Percent,2023,-0.000115826,0.0001688,-0.000436237
1,All Population,4,YLLs (Years of Life Lost),4843,Assam,1,Male,9,20-24 years,494,Stroke,332,Chewing tobacco,2,Percent,2022,0.094584997,0.164732169,0.043296824
1,All Population,4,YLLs (Years of Life Lost),4843,Assam,2,Female,9,20-24 years,494,Stroke,332,Chewing tobacco,2,Percent,2022,0.033622167,0.06784117,0.013548472
1,All Population,4,YLLs (Years of Life Lost),4859,Madhya Pradesh,1,Male,9,20-24 years,493,Ischemic heart disease,102,High alcohol use,2,Percent,2021,-0.019425764,0.017553233,-0.053700359
1,All Population,4,YLLs (Years of Life Lost),4859,Madhya Pradesh,2,Female,9,20-24 years,493,Ischemic heart disease,102,High alcohol use,2,Percent,2021,-0.00078783,0.000850933,-0.002488539
1,All Population,4,YLLs (Years of Life Lost),4868,Rajasthan,1,Male,9,20-24 years,499,Cardiomyopathy and myocarditis,102,High alcohol use,2,Percent,2022,0.02086449,0.060257327,0.005331288
1,All Population,4,YLLs (Years of Life Lost),4868,Rajasthan,2,Female,9,20-24 years,499,Cardiomyopathy and myocarditis,102,High alcohol use,2,Percent,2022,0.014270465,0.040964932,0.003103033
1,All Population,4,YLLs (Years of Life Lost),4849,Delhi,1,Male,9,20-24 years,493,Ischemic heart disease,102,High alcohol use,2,Percent,2021,-0.022013966,0.020332645,-0.065129473
1,All Population,4,YLLs (Years of Life Lost),4849,Delhi,2,Female,9,20-24 years,493,Ischemic heart disease,102,High alcohol use,2,Percent,2021,-0.000604235,0.000622772,-0.002014063
1,All Population,4,YLLs (Years of Life Lost),4860,Maharashtra,1,Male,9,20-24 years,494,Stroke,332,Chewing tobacco,2,Percent,2023,0.049827499,0.087585596,0.023891404
1,All Population,4,YLLs (Years of Life Lost),4860,Maharashtra,2,Female,9,20-24 years,494,Stroke,332,Chewing tobacco,2,Percent,2023,0.011747155,0.02649528,0.003416317
1,All Population,4,YLLs (Years of Life Lost),4854,Jammu & Kashmir and Ladakh,1,Male,9,20-24 years,498,Hypertensive heart disease,102,High alcohol use,2,Percent,2021,0.018364998,0.031558057,0.008294037
1,All Population,4,YLLs (Years of Life Lost),4854,Jammu & Kashmir and Ladakh,2,Female,9,20-24 years,498,Hypertensive heart disease,102,High alcohol use,2,Percent,2021,0.000533798,0.001305667,8.28E-05
1,All Population,4,YLLs (Years of Life Lost),4867,Punjab,1,Male,9,20-24 years,499,Cardiomyopathy and myocarditis,102,High alcohol use,2,Percent,2016,0.020966198,0.065287395,0.005259835
1,All Population,4,YLLs (Years of Life Lost),4867,Punjab,2,Female,9,20-24 years,499,Cardiomyopathy and myocarditis,102,High alcohol use,2,Percent,2016,0.015941328,0.054606429,0.003285003
1,All Population,4,YLLs (Years of Life Lost),4851,Gujarat,1,Male,9,20-24 years,498,Hypertensive heart disease,102,High alcohol use,2,Percent,2022,0.013609943,0.023037908,0.006156107
1,All Population,4,YLLs (Years of Life Lost),4851,Gujarat,2,Female,9,20-24 years,498,Hypertensive heart disease,102,High alcohol use,2,Percent,2022,0.000496287,0.001167489,8.65E-05
1,All Population,4,YLLs (Years of Life Lost),4867,Punjab,1,Male,9,20-24 years,499,Cardiomyopathy and myocarditis,102,High alcohol use,2,Percent,2022,0.019489595,0.055125351,0.005112111
1,All Population,4,YLLs (Years of Life Lost),4867,Punjab,2,Female,9,20-24 years,499,Cardiomyopathy and myocarditis,102,High alcohol use,2,Percent,2022,0.014893662,0.051493898,0.002765484
1,All Population,4,YLLs (Years of Life Lost),4843,Assam,1,Male,9,20-24 years,499,Cardiomyopathy and myocarditis,102,High alcohol use,2,Percent,2021,0.021665829,0.066251609,0.005269338
1,All Population,4,YLLs (Years of Life Lost),4843,Assam,2,Female,9,20-24 years,499,Cardiomyopathy and myocarditis,102,High alcohol use,2,Percent,2021,0.013877282,0.052791728,0.002280666
1,All Population,4,YLLs (Years of Life Lost),4868,Rajasthan,1,Male,9,20-24 years,494,Stroke,102,High alcohol use,2,Percent,2023,0.003961005,0.013094786,-0.000554265
1,All Population,4,YLLs (Years of Life Lost),4868,Rajasthan,2,Female,9,20-24 years,494,Stroke,102,High alcohol use,2,Percent,2023,-5.67E-05,7.86E-05,-0.000185372
1,All Population,4,YLLs (Years of Life Lost),4844,Bihar,1,Male,9,20-24 years,494,Stroke,332,Chewing tobacco,2,Percent,2023,0.068547434,0.12802726,0.028954257
1,All Population,4,YLLs (Years of Life Lost),4844,Bihar,2,Female,9,20-24 years,494,Stroke,332,Chewing tobacco,2,Percent,2023,0.003954426,0.009365102,0.00108301
1,All Population,4,YLLs (Years of Life Lost),4865,Odisha,1,Male,9,20-24 years,493,Ischemic heart disease,102,High alcohol use,2,Percent,2022,-0.033465855,0.030267734,-0.08879816
1,All Population,4,YLLs (Years of Life Lost),4865,Odisha,2,Female,9,20-24 years,493,Ischemic heart disease,102,High alcohol use,2,Percent,2022,-0.001809852,0.001947364,-0.005671543
1,All Population,4,YLLs (Years of Life Lost),4864,Nagaland,1,Male,9,20-24 years,494,Stroke,102,High alcohol use,2,Percent,2023,0.010787059,0.034718582,-0.001754243
1,All Population,4,YLLs (Years of Life Lost),4864,Nagaland,2,Female,9,20-24 years,494,Stroke,102,High alcohol use,2,Percent,2023,-0.000311681,0.000428314,-0.001043524
1,All Population,4,YLLs (Years of Life Lost),4868,Rajasthan,1,Male,9,20-24 years,494,Stroke,332,Chewing tobacco,2,Percent,2018,0.068756141,0.120034432,0.031230458
1,All Population,4,YLLs (Years of Life Lost),4868,Rajasthan,2,Female,9,20-24 years,494,Stroke,332,Chewing tobacco,2,Percent,2018,0.011130031,0.023254309,0.003794456
1,All Population,4,YLLs (Years of Life Lost),4872,Tripura,1,Male,9,20-24 years,494,Stroke,102,High alcohol use,2,Percent,2022,0.012159689,0.038700225,-0.00183961
1,All Population,4,YLLs (Years of Life Lost),4872,Tripura,2,Female,9,20-24 years,494,Stroke,102,High alcohol use,2,Percent,2022,-0.000301889,0.000460283,-0.001153829
1,All Population,4,YLLs (Years of Life Lost),4863,Mizoram,1,Male,9,20-24 years,494,Stroke,332,Chewing tobacco,2,Percent,2023,0.050585871,0.096783609,0.019660014
1,All Population,4,YLLs (Years of Life Lost),4863,Mizoram,2,Female,9,20-24 years,494,Stroke,332,Chewing tobacco,2,Percent,2023,0.09777397,0.166128598,0.045339724
1,All Population,4,YLLs (Years of Life Lost),4872,Tripura,1,Male,9,20-24 years,493,Ischemic heart disease,102,High alcohol use,2,Percent,2018,-0.038591765,0.032701442,-0.108724931
1,All Population,4,YLLs (Years of Life Lost),4872,Tripura,2,Female,9,20-24 years,493,Ischemic heart disease,102,High alcohol use,2,Percent,2018,-0.002637278,0.002901788,-0.008743854
1,All Population,4,YLLs (Years of Life Lost),4846,Chhattisgarh,1,Male,9,20-24 years,493,Ischemic heart disease,102,High alcohol use,2,Percent,2022,-0.038620588,0.033894911,-0.105763831
1,All Population,4,YLLs (Years of Life Lost),4846,Chhattisgarh,2,Female,9,20-24 years,493,Ischemic heart disease,102,High alcohol use,2,Percent,2022,-0.002251195,0.0023279,-0.007614627
1,All Population,4,YLLs (Years of Life Lost),4872,Tripura,1,Male,9,20-24 years,498,Hypertensive heart disease,102,High alcohol use,2,Percent,2022,0.067781486,0.107078476,0.035153393
1,All Population,4,YLLs (Years of Life Lost),4872,Tripura,2,Female,9,20-24 years,498,Hypertensive heart disease,102,High alcohol use,2,Percent,2022,0.003886103,0.008783365,0.000707964
1,All Population,4,YLLs (Years of Life Lost),4865,Odisha,1,Male,9,20-24 years,498,Hypertensive heart disease,102,High alcohol use,2,Percent,2022,0.061902926,0.094027747,0.034377442
1,All Population,4,YLLs (Years of Life Lost),4865,Odisha,2,Female,9,20-24 years,498,Hypertensive heart disease,102,High alcohol use,2,Percent,2022,0.002727691,0.005913256,0.000561831
1,All Population,4,YLLs (Years of Life Lost),4864,Nagaland,1,Male,9,20-24 years,494,Stroke,332,Chewing tobacco,2,Percent,2018,0.14082096,0.216113008,0.076232436
1,All Population,4,YLLs (Years of Life Lost),4864,Nagaland,2,Female,9,20-24 years,494,Stroke,332,Chewing tobacco,2,Percent,2018,0.086414349,0.137718064,0.043315242
1,All Population,4,YLLs (Years of Life Lost),4869,Sikkim,1,Male,9,20-24 years,493,Ischemic heart disease,102,High alcohol use,2,Percent,2022,-0.040791646,0.034084976,-0.121964776
1,All Population,4,YLLs (Years of Life Lost),4869,Sikkim,2,Female,9,20-24 years,493,Ischemic heart disease,102,High alcohol use,2,Percent,2022,-0.008942663,0.008837376,-0.029130846
1,All Population,4,YLLs (Years of Life Lost),4865,Odisha,1,Male,9,20-24 years,493,Ischemic heart disease,102,High alcohol use,2,Percent,2023,-0.033377978,0.030567941,-0.089100241
1,All Population,4,YLLs (Years of Life Lost),4865,Odisha,2,Female,9,20-24 years,493,Ischemic heart disease,102,High alcohol use,2,Percent,2023,-0.001825732,0.001944159,-0.005572007
1,All Population,4,YLLs (Years of Life Lost),4868,Rajasthan,1,Male,9,20-24 years,499,Cardiomyopathy and myocarditis,102,High alcohol use,2,Percent,2023,0.020692769,0.056231948,0.005402335
1,All Population,4,YLLs (Years of Life Lost),4868,Rajasthan,2,Female,9,20-24 years,499,Cardiomyopathy and myocarditis,102,High alcohol use,2,Percent,2023,0.014084907,0.039717993,0.003020343
1,All Population,4,YLLs (Years of Life Lost),4863,Mizoram,1,Male,9,20-24 years,494,Stroke,102,High alcohol use,2,Percent,2023,0.010356767,0.032567243,-0.001685194
1,All Population,4,YLLs (Years of Life Lost),4863,Mizoram,2,Female,9,20-24 years,494,Stroke,102,High alcohol use,2,Percent,2023,-0.000250148,0.000362329,-0.000990766
1,All Population,4,YLLs (Years of Life Lost),4854,Jammu & Kashmir and Ladakh,1,Male,9,20-24 years,494,Stroke,102,High alcohol use,2,Percent,2023,0.003147046,0.010183184,-0.000459449
1,All Population,4,YLLs (Years of Life Lost),4854,Jammu & Kashmir and Ladakh,2,Female,9,20-24 years,494,Stroke,102,High alcohol use,2,Percent,2023,-4.23E-05,5.98E-05,-0.000174189
1,All Population,4,YLLs (Years of Life Lost),4846,Chhattisgarh,1,Male,9,20-24 years,494,Stroke,332,Chewing tobacco,2,Percent,2022,0.089932671,0.158630603,0.040508048
1,All Population,4,YLLs (Years of Life Lost),4846,Chhattisgarh,2,Female,9,20-24 years,494,Stroke,332,Chewing tobacco,2,Percent,2022,0.023861437,0.048974234,0.008564946
1,All Population,4,YLLs (Years of Life Lost),4861,Manipur,1,Male,9,20-24 years,499,Cardiomyopathy and myocarditis,102,High alcohol use,2,Percent,2022,0.022805767,0.062271009,0.005124495
1,All Population,4,YLLs (Years of Life Lost),4861,Manipur,2,Female,9,20-24 years,499,Cardiomyopathy and myocarditis,102,High alcohol use,2,Percent,2022,0.014731601,0.05136108,0.002872332
1,All Population,4,YLLs (Years of Life Lost),4859,Madhya Pradesh,1,Male,9,20-24 years,499,Cardiomyopathy and myocarditis,102,High alcohol use,2,Percent,2023,0.020765015,0.055334484,0.005354222
1,All Population,4,YLLs (Years of Life Lost),4859,Madhya Pradesh,2,Female,9,20-24 years,499,Cardiomyopathy and myocarditis,102,High alcohol use,2,Percent,2023,0.014098068,0.046163894,0.002724366
1,All Population,4,YLLs (Years of Life Lost),4841,Andhra Pradesh,1,Male,9,20-24 years,494,Stroke,102,High alcohol use,2,Percent,2018,0.010147655,0.032895511,-0.001529325
1,All Population,4,YLLs (Years of Life Lost),4841,Andhra Pradesh,2,Female,9,20-24 years,494,Stroke,102,High alcohol use,2,Percent,2018,-0.000142032,0.000219289,-0.000464272
1,All Population,4,YLLs (Years of Life Lost),4843,Assam,1,Male,9,20-24 years,493,Ischemic heart disease,102,High alcohol use,2,Percent,2018,-0.030167911,0.026473563,-0.082426112
1,All Population,4,YLLs (Years of Life Lost),4843,Assam,2,Female,9,20-24 years,493,Ischemic heart disease,102,High alcohol use,2,Percent,2018,-0.002645131,0.002564083,-0.009690665
1,All Population,4,YLLs (Years of Life Lost),4865,Odisha,1,Male,9,20-24 years,493,Ischemic heart disease,102,High alcohol use,2,Percent,2018,-0.032793996,0.028990452,-0.087541736
1,All Population,4,YLLs (Years of Life Lost),4865,Odisha,2,Female,9,20-24 years,493,Ischemic heart disease,102,High alcohol use,2,Percent,2018,-0.001731333,0.001850738,-0.005353673
1,All Population,4,YLLs (Years of Life Lost),4844,Bihar,1,Male,9,20-24 years,498,Hypertensive heart disease,102,High alcohol use,2,Percent,2017,0.042451173,0.0674905,0.020535385
1,All Population,4,YLLs (Years of Life Lost),4844,Bihar,2,Female,9,20-24 years,498,Hypertensive heart disease,102,High alcohol use,2,Percent,2017,0.000549112,0.00125082,9.68E-05
1,All Population,4,YLLs (Years of Life Lost),4859,Madhya Pradesh,1,Male,9,20-24 years,498,Hypertensive heart disease,102,High alcohol use,2,Percent,2018,0.040695135,0.065149748,0.02027426
1,All Population,4,YLLs (Years of Life Lost),4859,Madhya Pradesh,2,Female,9,20-24 years,498,Hypertensive heart disease,102,High alcohol use,2,Percent,2018,0.001137432,0.002569248,0.000222494
1,All Population,4,YLLs (Years of Life Lost),4870,Tamil Nadu,1,Male,9,20-24 years,499,Cardiomyopathy and myocarditis,102,High alcohol use,2,Percent,2022,0.018420267,0.051592868,0.00479415
1,All Population,4,YLLs (Years of Life Lost),4870,Tamil Nadu,2,Female,9,20-24 years,499,Cardiomyopathy and myocarditis,102,High alcohol use,2,Percent,2022,0.012040749,0.041162297,0.002467459
1,All Population,4,YLLs (Years of Life Lost),4873,Uttar Pradesh,1,Male,9,20-24 years,494,Stroke,102,High alcohol use,2,Percent,2023,0.000154824,0.003014926,-0.001970833
1,All Population,4,YLLs (Years of Life Lost),4873,Uttar Pradesh,2,Female,9,20-24 years,494,Stroke,102,High alcohol use,2,Percent,2023,-3.39E-05,5.08E-05,-0.000138209
1,All Population,4,YLLs (Years of Life Lost),4874,Uttarakhand,1,Male,9,20-24 years,493,Ischemic heart disease,102,High alcohol use,2,Percent,2022,-0.026213137,0.023803773,-0.076044814
1,All Population,4,YLLs (Years of Life Lost),4874,Uttarakhand,2,Female,9,20-24 years,493,Ischemic heart disease,102,High alcohol use,2,Percent,2022,-0.00034477,0.000339469,-0.001166372
1,All Population,4,YLLs (Years of Life Lost),4871,Telangana,1,Male,9,20-24 years,494,Stroke,332,Chewing tobacco,2,Percent,2023,0.021293246,0.043223209,0.00758515
1,All Population,4,YLLs (Years of Life Lost),4871,Telangana,2,Female,9,20-24 years,494,Stroke,332,Chewing tobacco,2,Percent,2023,0.005375512,0.012755942,0.001546831
1,All Population,4,YLLs (Years of Life Lost),4870,Tamil Nadu,1,Male,9,20-24 years,494,Stroke,102,High alcohol use,2,Percent,2018,0.012046312,0.036402225,-0.001932852
1,All Population,4,YLLs (Years of Life Lost),4870,Tamil Nadu,2,Female,9,20-24 years,494,Stroke,102,High alcohol use,2,Percent,2018,-2.65E-05,4.75E-05,-0.000107256
1,All Population,4,YLLs (Years of Life Lost),4859,Madhya Pradesh,1,Male,9,20-24 years,494,Stroke,102,High alcohol use,2,Percent,2023,0.00684966,0.023039115,-0.000993032
1,All Population,4,YLLs (Years of Life Lost),4859,Madhya Pradesh,2,Female,9,20-24 years,494,Stroke,102,High alcohol use,2,Percent,2023,-9.41E-05,0.000157537,-0.000320814
1,All Population,4,YLLs (Years of Life Lost),4871,Telangana,1,Male,9,20-24 years,498,Hypertensive heart disease,102,High alcohol use,2,Percent,2022,0.080410587,0.123399947,0.044341375
1,All Population,4,YLLs (Years of Life Lost),4871,Telangana,2,Female,9,20-24 years,498,Hypertensive heart disease,102,High alcohol use,2,Percent,2022,0.003294616,0.007574907,0.000629922
1,All Population,4,YLLs (Years of Life Lost),4843,Assam,1,Male,9,20-24 years,499,Cardiomyopathy and myocarditis,102,High alcohol use,2,Percent,2022,0.021371324,0.065677374,0.005324489
1,All Population,4,YLLs (Years of Life Lost),4843,Assam,2,Female,9,20-24 years,499,Cardiomyopathy and myocarditis,102,High alcohol use,2,Percent,2022,0.013716653,0.050206629,0.002240805
1,All Population,4,YLLs (Years of Life Lost),4850,Goa,1,Male,9,20-24 years,493,Ischemic heart disease,102,High alcohol use,2,Percent,2023,-0.042918664,0.035492145,-0.128781728
1,All Population,4,YLLs (Years of Life Lost),4850,Goa,2,Female,9,20-24 years,493,Ischemic heart disease,102,High alcohol use,2,Percent,2023,-0.003176185,0.003206578,-0.009867126
1,All Population,4,YLLs (Years of Life Lost),4852,Haryana,1,Male,9,20-24 years,494,Stroke,332,Chewing tobacco,2,Percent,2023,0.019963558,0.044188838,0.006742466
1,All Population,4,YLLs (Years of Life Lost),4852,Haryana,2,Female,9,20-24 years,494,Stroke,332,Chewing tobacco,2,Percent,2023,0.002169172,0.005266632,0.000576832
1,All Population,4,YLLs (Years of Life Lost),4863,Mizoram,1,Male,9,20-24 years,494,Stroke,332,Chewing tobacco,2,Percent,2022,0.051257629,0.097403537,0.020157779
1,All Population,4,YLLs (Years of Life Lost),4863,Mizoram,2,Female,9,20-24 years,494,Stroke,332,Chewing tobacco,2,Percent,2022,0.099337804,0.165450737,0.047153622
1,All Population,4,YLLs (Years of Life Lost),4850,Goa,1,Male,9,20-24 years,494,Stroke,102,High alcohol use,2,Percent,2022,0.01264733,0.04082994,-0.002051144
1,All Population,4,YLLs (Years of Life Lost),4850,Goa,2,Female,9,20-24 years,494,Stroke,102,High alcohol use,2,Percent,2022,-0.000358531,0.000461584,-0.001163403
1,All Population,4,YLLs (Years of Life Lost),4846,Chhattisgarh,1,Male,9,20-24 years,498,Hypertensive heart disease,102,High alcohol use,2,Percent,2022,0.069241096,0.104776695,0.038278447
1,All Population,4,YLLs (Years of Life Lost),4846,Chhattisgarh,2,Female,9,20-24 years,498,Hypertensive heart disease,102,High alcohol use,2,Percent,2022,0.003366619,0.007639681,0.000600376
1,All Population,4,YLLs (Years of Life Lost),4843,Assam,1,Male,9,20-24 years,493,Ischemic heart disease,102,High alcohol use,2,Percent,2022,-0.029164552,0.02654368,-0.080880385
1,All Population,4,YLLs (Years of Life Lost),4843,Assam,2,Female,9,20-24 years,493,Ischemic heart disease,102,High alcohol use,2,Percent,2022,-0.002834056,0.0026386,-0.009413065
1,All Population,4,YLLs (Years of Life Lost),4870,Tamil Nadu,1,Male,9,20-24 years,499,Cardiomyopathy and myocarditis,102,High alcohol use,2,Percent,2023,0.018292059,0.050157454,0.00482843
1,All Population,4,YLLs (Years of Life Lost),4870,Tamil Nadu,2,Female,9,20-24 years,499,Cardiomyopathy and myocarditis,102,High alcohol use,2,Percent,2023,0.011870819,0.040439078,0.002445151
1,All Population,4,YLLs (Years of Life Lost),4875,West Bengal,1,Male,9,20-24 years,498,Hypertensive heart disease,102,High alcohol use,2,Percent,2022,0.047264567,0.075626025,0.023859148
1,All Population,4,YLLs (Years of Life Lost),4875,West Bengal,2,Female,9,20-24 years,498,Hypertensive heart disease,102,High alcohol use,2,Percent,2022,0.001013147,0.002337535,0.000183291
1,All Population,4,YLLs (Years of Life Lost),4874,Uttarakhand,1,Male,9,20-24 years,493,Ischemic heart disease,102,High alcohol use,2,Percent,2023,-0.026146238,0.023885123,-0.076304924
1,All Population,4,YLLs (Years of Life Lost),4874,Uttarakhand,2,Female,9,20-24 years,493,Ischemic heart disease,102,High alcohol use,2,Percent,2023,-0.000351399,0.00034602,-0.001196068
1,All Population,4,YLLs (Years of Life Lost),4874,Uttarakhand,1,Male,9,20-24 years,499,Cardiomyopathy and myocarditis,102,High alcohol use,2,Percent,2018,0.022470424,0.069318674,0.005278376
1,All Population,4,YLLs (Years of Life Lost),4874,Uttarakhand,2,Female,9,20-24 years,499,Cardiomyopathy and myocarditis,102,High alcohol use,2,Percent,2018,0.015457518,0.056869908,0.002598113
1,All Population,4,YLLs (Years of Life Lost),4856,Karnataka,1,Male,9,20-24 years,493,Ischemic heart disease,102,High alcohol use,2,Percent,2018,-0.025159255,0.022177512,-0.073554457
1,All Population,4,YLLs (Years of Life Lost),4856,Karnataka,2,Female,9,20-24 years,493,Ischemic heart disease,102,High alcohol use,2,Percent,2018,-0.003432312,0.003746376,-0.008679497
1,All Population,4,YLLs (Years of Life Lost),4872,Tripura,1,Male,9,20-24 years,494,Stroke,102,High alcohol use,2,Percent,2023,0.012086418,0.039247892,-0.001823105
1,All Population,4,YLLs (Years of Life Lost),4872,Tripura,2,Female,9,20-24 years,494,Stroke,102,High alcohol use,2,Percent,2023,-0.00030484,0.000442647,-0.001172209
1,All Population,4,YLLs (Years of Life Lost),4857,Kerala,1,Male,9,20-24 years,494,Stroke,332,Chewing tobacco,2,Percent,2023,0.014003762,0.033157433,0.004404175
1,All Population,4,YLLs (Years of Life Lost),4857,Kerala,2,Female,9,20-24 years,494,Stroke,332,Chewing tobacco,2,Percent,2023,0.003042078,0.007264594,0.000861571
1,All Population,4,YLLs (Years of Life Lost),4841,Andhra Pradesh,1,Male,9,20-24 years,498,Hypertensive heart disease,102,High alcohol use,2,Percent,2023,0.056730373,0.090325733,0.028458534
1,All Population,4,YLLs (Years of Life Lost),4841,Andhra Pradesh,2,Female,9,20-24 years,498,Hypertensive heart disease,102,High alcohol use,2,Percent,2023,0.001905677,0.00429475,0.000368011
1,All Population,4,YLLs (Years of Life Lost),4849,Delhi,1,Male,9,20-24 years,494,Stroke,332,Chewing tobacco,2,Percent,2023,0.033481103,0.074704154,0.011694959
1,All Population,4,YLLs (Years of Life Lost),4849,Delhi,2,Female,9,20-24 years,494,Stroke,332,Chewing tobacco,2,Percent,2023,0.00386626,0.009301127,0.001087063
1,All Population,4,YLLs (Years of Life Lost),4854,Jammu & Kashmir and Ladakh,1,Male,9,20-24 years,493,Ischemic heart disease,102,High alcohol use,2,Percent,2023,-0.009333425,0.009649241,-0.027292481
1,All Population,4,YLLs (Years of Life Lost),4854,Jammu & Kashmir and Ladakh,2,Female,9,20-24 years,493,Ischemic heart disease,102,High alcohol use,2,Percent,2023,-0.00037321,0.000349328,-0.001240025
1,All Population,4,YLLs (Years of Life Lost),4856,Karnataka,1,Male,9,20-24 years,494,Stroke,102,High alcohol use,2,Percent,2023,0.008025711,0.026351366,-0.001152741
1,All Population,4,YLLs (Years of Life Lost),4856,Karnataka,2,Female,9,20-24 years,494,Stroke,102,High alcohol use,2,Percent,2023,-0.000252679,0.000390366,-0.000871133
1,All Population,4,YLLs (Years of Life Lost),4872,Tripura,1,Male,9,20-24 years,498,Hypertensive heart disease,102,High alcohol use,2,Percent,2023,0.067623633,0.105995708,0.03445325
1,All Population,4,YLLs (Years of Life Lost),4872,Tripura,2,Female,9,20-24 years,498,Hypertensive heart disease,102,High alcohol use,2,Percent,2023,0.003870708,0.008804756,0.000720816
1,All Population,4,YLLs (Years of Life Lost),44538,Other Union Territories,1,Male,9,20-24 years,498,Hypertensive heart disease,102,High alcohol use,2,Percent,2023,0.051399425,0.082141252,0.025490058
1,All Population,4,YLLs (Years of Life Lost),44538,Other Union Territories,2,Female,9,20-24 years,498,Hypertensive heart disease,102,High alcohol use,2,Percent,2023,0.001541396,0.003529233,0.000292555
1,All Population,4,YLLs (Years of Life Lost),4851,Gujarat,1,Male,9,20-24 years,498,Hypertensive heart disease,102,High alcohol use,2,Percent,2023,0.013502174,0.023011815,0.005991447
1,All Population,4,YLLs (Years of Life Lost),4851,Gujarat,2,Female,9,20-24 years,498,Hypertensive heart disease,102,High alcohol use,2,Percent,2023,0.000508429,0.001175792,9.42E-05
1,All Population,4,YLLs (Years of Life Lost),4854,Jammu & Kashmir and Ladakh,1,Male,9,20-24 years,493,Ischemic heart disease,102,High alcohol use,2,Percent,2022,-0.00930016,0.009536402,-0.027034658
1,All Population,4,YLLs (Years of Life Lost),4854,Jammu & Kashmir and Ladakh,2,Female,9,20-24 years,493,Ischemic heart disease,102,High alcohol use,2,Percent,2022,-0.000366311,0.000342609,-0.001207294
1,All Population,4,YLLs (Years of Life Lost),4861,Manipur,1,Male,9,20-24 years,494,Stroke,102,High alcohol use,2,Percent,2018,0.013343892,0.040621122,-0.002119029
1,All Population,4,YLLs (Years of Life Lost),4861,Manipur,2,Female,9,20-24 years,494,Stroke,102,High alcohol use,2,Percent,2018,-0.000312938,0.000525454,-0.001021706
1,All Population,4,YLLs (Years of Life Lost),4873,Uttar Pradesh,1,Male,9,20-24 years,499,Cardiomyopathy and myocarditis,102,High alcohol use,2,Percent,2021,0.022978475,0.065507183,0.00535089
1,All Population,4,YLLs (Years of Life Lost),4873,Uttar Pradesh,2,Female,9,20-24 years,499,Cardiomyopathy and myocarditis,102,High alcohol use,2,Percent,2021,0.016379515,0.056012509,0.002795645
1,All Population,4,YLLs (Years of Life Lost),4875,West Bengal,1,Male,9,20-24 years,498,Hypertensive heart disease,102,High alcohol use,2,Percent,2016,0.047832604,0.075256833,0.024221668
1,All Population,4,YLLs (Years of Life Lost),4875,West Bengal,2,Female,9,20-24 years,498,Hypertensive heart disease,102,High alcohol use,2,Percent,2016,0.000827348,0.001988424,0.000147816
1,All Population,4,YLLs (Years of Life Lost),4854,Jammu & Kashmir and Ladakh,1,Male,9,20-24 years,494,Stroke,332,Chewing tobacco,2,Percent,2023,0.017445663,0.03987701,0.005448889
1,All Population,4,YLLs (Years of Life Lost),4854,Jammu & Kashmir and Ladakh,2,Female,9,20-24 years,494,Stroke,332,Chewing tobacco,2,Percent,2023,0.002150162,0.00530888,0.000592672
1,All Population,4,YLLs (Years of Life Lost),4873,Uttar Pradesh,1,Male,9,20-24 years,499,Cardiomyopathy and myocarditis,102,High alcohol use,2,Percent,2023,0.022505065,0.065103422,0.005577166
1,All Population,4,YLLs (Years of Life Lost),4873,Uttar Pradesh,2,Female,9,20-24 years,499,Cardiomyopathy and myocarditis,102,High alcohol use,2,Percent,2023,0.016071525,0.056166525,0.003019732
1,All Population,4,YLLs (Years of Life Lost),4850,Goa,1,Male,9,20-24 years,499,Cardiomyopathy and myocarditis,102,High alcohol use,2,Percent,2022,0.016915811,0.04524562,0.004616602
1,All Population,4,YLLs (Years of Life Lost),4850,Goa,2,Female,9,20-24 years,499,Cardiomyopathy and myocarditis,102,High alcohol use,2,Percent,2022,0.011973459,0.036248533,0.002366563
1,All Population,4,YLLs (Years of Life Lost),4856,Karnataka,1,Male,9,20-24 years,499,Cardiomyopathy and myocarditis,102,High alcohol use,2,Percent,2023,0.01845059,0.049957906,0.004860729
1,All Population,4,YLLs (Years of Life Lost),4856,Karnataka,2,Female,9,20-24 years,499,Cardiomyopathy and myocarditis,102,High alcohol use,2,Percent,2023,0.011425475,0.037687612,0.002208059
1,All Population,4,YLLs (Years of Life Lost),4861,Manipur,1,Male,9,20-24 years,498,Hypertensive heart disease,102,High alcohol use,2,Percent,2022,0.07421665,0.115059492,0.039726877
1,All Population,4,YLLs (Years of Life Lost),4861,Manipur,2,Female,9,20-24 years,498,Hypertensive heart disease,102,High alcohol use,2,Percent,2022,0.004401123,0.009641256,0.00092347
1,All Population,4,YLLs (Years of Life Lost),4841,Andhra Pradesh,1,Male,9,20-24 years,494,Stroke,332,Chewing tobacco,2,Percent,2023,0.016838248,0.031700013,0.007716848
1,All Population,4,YLLs (Years of Life Lost),4841,Andhra Pradesh,2,Female,9,20-24 years,494,Stroke,332,Chewing tobacco,2,Percent,2023,0.004475262,0.010645145,0.001223982
1,All Population,4,YLLs (Years of Life Lost),4859,Madhya Pradesh,1,Male,9,20-24 years,499,Cardiomyopathy and myocarditis,102,High alcohol use,2,Percent,2022,0.02097294,0.057184194,0.005248458
1,All Population,4,YLLs (Years of Life Lost),4859,Madhya Pradesh,2,Female,9,20-24 years,499,Cardiomyopathy and myocarditis,102,High alcohol use,2,Percent,2022,0.014306025,0.046795369,0.00272459
1,All Population,4,YLLs (Years of Life Lost),4859,Madhya Pradesh,1,Male,9,20-24 years,498,Hypertensive heart disease,102,High alcohol use,2,Percent,2023,0.039185785,0.062240364,0.020279222
1,All Population,4,YLLs (Years of Life Lost),4859,Madhya Pradesh,2,Female,9,20-24 years,498,Hypertensive heart disease,102,High alcohol use,2,Percent,2023,0.001231492,0.002699165,0.00026123
1,All Population,4,YLLs (Years of Life Lost),4853,Himachal Pradesh,1,Male,9,20-24 years,494,Stroke,102,High alcohol use,2,Percent,2022,0.007384705,0.023355638,-0.001113399
1,All Population,4,YLLs (Years of Life Lost),4853,Himachal Pradesh,2,Female,9,20-24 years,494,Stroke,102,High alcohol use,2,Percent,2022,-7.47E-05,0.000122429,-0.000278679
1,All Population,4,YLLs (Years of Life Lost),4857,Kerala,1,Male,9,20-24 years,499,Cardiomyopathy and myocarditis,102,High alcohol use,2,Percent,2016,0.018693468,0.0513232,0.005232996
1,All Population,4,YLLs (Years of Life Lost),4857,Kerala,2,Female,9,20-24 years,499,Cardiomyopathy and myocarditis,102,High alcohol use,2,Percent,2016,0.011985356,0.035966943,0.002564333
1,All Population,4,YLLs (Years of Life Lost),4873,Uttar Pradesh,1,Male,9,20-24 years,499,Cardiomyopathy and myocarditis,102,High alcohol use,2,Percent,2022,0.022717928,0.06467832,0.005533608
1,All Population,4,YLLs (Years of Life Lost),4873,Uttar Pradesh,2,Female,9,20-24 years,499,Cardiomyopathy and myocarditis,102,High alcohol use,2,Percent,2022,0.016268027,0.057083639,0.00274373
1,All Population,4,YLLs (Years of Life Lost),44538,Other Union Territories,1,Male,9,20-24 years,494,Stroke,102,High alcohol use,2,Percent,2018,0.008829932,0.028067299,-0.001344743
1,All Population,4,YLLs (Years of Life Lost),44538,Other Union Territories,2,Female,9,20-24 years,494,Stroke,102,High alcohol use,2,Percent,2018,-9.70E-05,0.000173263,-0.000337285
1,All Population,4,YLLs (Years of Life Lost),4861,Manipur,1,Male,9,20-24 years,494,Stroke,332,Chewing tobacco,2,Percent,2023,0.113071454,0.193631523,0.053157981
1,All Population,4,YLLs (Years of Life Lost),4861,Manipur,2,Female,9,20-24 years,494,Stroke,332,Chewing tobacco,2,Percent,2023,0.080052958,0.14510243,0.036474054
1,All Population,4,YLLs (Years of Life Lost),4859,Madhya Pradesh,1,Male,9,20-24 years,499,Cardiomyopathy and myocarditis,102,High alcohol use,2,Percent,2020,0.021901067,0.064798443,0.005044411
1,All Population,4,YLLs (Years of Life Lost),4859,Madhya Pradesh,2,Female,9,20-24 years,499,Cardiomyopathy and myocarditis,102,High alcohol use,2,Percent,2020,0.0149872,0.050598165,0.002856799
1,All Population,4,YLLs (Years of Life Lost),4853,Himachal Pradesh,1,Male,9,20-24 years,499,Cardiomyopathy and myocarditis,102,High alcohol use,2,Percent,2018,0.020982797,0.057593158,0.005438809
1,All Population,4,YLLs (Years of Life Lost),4853,Himachal Pradesh,2,Female,9,20-24 years,499,Cardiomyopathy and myocarditis,102,High alcohol use,2,Percent,2018,0.01388345,0.051288823,0.002580118
1,All Population,4,YLLs (Years of Life Lost),4862,Meghalaya,1,Male,9,20-24 years,494,Stroke,332,Chewing tobacco,2,Percent,2022,0.044499726,0.085682901,0.017262937
1,All Population,4,YLLs (Years of Life Lost),4862,Meghalaya,2,Female,9,20-24 years,494,Stroke,332,Chewing tobacco,2,Percent,2022,0.060662199,0.114834549,0.026341209
1,All Population,4,YLLs (Years of Life Lost),4870,Tamil Nadu,1,Male,9,20-24 years,494,Stroke,332,Chewing tobacco,2,Percent,2023,0.015764537,0.035020678,0.004859514
1,All Population,4,YLLs (Years of Life Lost),4870,Tamil Nadu,2,Female,9,20-24 years,494,Stroke,332,Chewing tobacco,2,Percent,2023,0.002813312,0.006868276,0.000764881
1,All Population,4,YLLs (Years of Life Lost),4860,Maharashtra,1,Male,9,20-24 years,494,Stroke,102,High alcohol use,2,Percent,2018,0.005713623,0.017745535,-0.000910827
1,All Population,4,YLLs (Years of Life Lost),4860,Maharashtra,2,Female,9,20-24 years,494,Stroke,102,High alcohol use,2,Percent,2018,-3.44E-05,5.50E-05,-0.000108646
1,All Population,4,YLLs (Years of Life Lost),4854,Jammu & Kashmir and Ladakh,1,Male,9,20-24 years,498,Hypertensive heart disease,102,High alcohol use,2,Percent,2022,0.018444547,0.031342567,0.008349803
1,All Population,4,YLLs (Years of Life Lost),4854,Jammu & Kashmir and Ladakh,2,Female,9,20-24 years,498,Hypertensive heart disease,102,High alcohol use,2,Percent,2022,0.000545615,0.001337437,9.03E-05
1,All Population,4,YLLs (Years of Life Lost),4843,Assam,1,Male,9,20-24 years,494,Stroke,102,High alcohol use,2,Percent,2023,0.016687783,0.050844716,-0.001849248
1,All Population,4,YLLs (Years of Life Lost),4843,Assam,2,Female,9,20-24 years,494,Stroke,102,High alcohol use,2,Percent,2023,-0.000321709,0.000577877,-0.001335119
1,All Population,4,YLLs (Years of Life Lost),4875,West Bengal,1,Male,9,20-24 years,498,Hypertensive heart disease,102,High alcohol use,2,Percent,2023,0.047134258,0.075714282,0.023449259
1,All Population,4,YLLs (Years of Life Lost),4875,West Bengal,2,Female,9,20-24 years,498,Hypertensive heart disease,102,High alcohol use,2,Percent,2023,0.001036225,0.002371601,0.000196876
1,All Population,4,YLLs (Years of Life Lost),4875,West Bengal,1,Male,9,20-24 years,499,Cardiomyopathy and myocarditis,102,High alcohol use,2,Percent,2021,0.021492203,0.057391774,0.005310353
1,All Population,4,YLLs (Years of Life Lost),4875,West Bengal,2,Female,9,20-24 years,499,Cardiomyopathy and myocarditis,102,High alcohol use,2,Percent,2021,0.012434755,0.037770883,0.002578205
1,All Population,4,YLLs (Years of Life Lost),4857,Kerala,1,Male,9,20-24 years,499,Cardiomyopathy and myocarditis,102,High alcohol use,2,Percent,2023,0.017568827,0.046205074,0.004925243
1,All Population,4,YLLs (Years of Life Lost),4857,Kerala,2,Female,9,20-24 years,499,Cardiomyopathy and myocarditis,102,High alcohol use,2,Percent,2023,0.011515384,0.034658852,0.002232484
1,All Population,4,YLLs (Years of Life Lost),4869,Sikkim,1,Male,9,20-24 years,499,Cardiomyopathy and myocarditis,102,High alcohol use,2,Percent,2021,0.020406674,0.056979064,0.00490999
1,All Population,4,YLLs (Years of Life Lost),4869,Sikkim,2,Female,9,20-24 years,499,Cardiomyopathy and myocarditis,102,High alcohol use,2,Percent,2021,0.012322743,0.038571844,0.002490274
1,All Population,4,YLLs (Years of Life Lost),4856,Karnataka,1,Male,9,20-24 years,498,Hypertensive heart disease,102,High alcohol use,2,Percent,2022,0.046284397,0.075642973,0.022705152
1,All Population,4,YLLs (Years of Life Lost),4856,Karnataka,2,Female,9,20-24 years,498,Hypertensive heart disease,102,High alcohol use,2,Percent,2022,0.003541039,0.007011079,0.001038082
1,All Population,4,YLLs (Years of Life Lost),4874,Uttarakhand,1,Male,9,20-24 years,498,Hypertensive heart disease,102,High alcohol use,2,Percent,2022,0.049227312,0.078820835,0.02472164
1,All Population,4,YLLs (Years of Life Lost),4874,Uttarakhand,2,Female,9,20-24 years,498,Hypertensive heart disease,102,High alcohol use,2,Percent,2022,0.000516812,0.001200777,9.15E-05
1,All Population,4,YLLs (Years of Life Lost),4871,Telangana,1,Male,9,20-24 years,493,Ischemic heart disease,102,High alcohol use,2,Percent,2018,-0.045833896,0.039037076,-0.128622924
1,All Population,4,YLLs (Years of Life Lost),4871,Telangana,2,Female,9,20-24 years,493,Ischemic heart disease,102,High alcohol use,2,Percent,2018,-0.002063426,0.002188805,-0.007095338
1,All Population,4,YLLs (Years of Life Lost),4856,Karnataka,1,Male,9,20-24 years,499,Cardiomyopathy and myocarditis,102,High alcohol use,2,Percent,2022,0.018617317,0.053165777,0.004885238
1,All Population,4,YLLs (Years of Life Lost),4856,Karnataka,2,Female,9,20-24 years,499,Cardiomyopathy and myocarditis,102,High alcohol use,2,Percent,2022,0.01156501,0.038099439,0.002238381
1,All Population,4,YLLs (Years of Life Lost),4861,Manipur,1,Male,9,20-24 years,493,Ischemic heart disease,102,High alcohol use,2,Percent,2023,-0.041633735,0.034816048,-0.12348405
1,All Population,4,YLLs (Years of Life Lost),4861,Manipur,2,Female,9,20-24 years,493,Ischemic heart disease,102,High alcohol use,2,Percent,2023,-0.002913175,0.002870947,-0.009372192
1,All Population,4,YLLs (Years of Life Lost),4846,Chhattisgarh,1,Male,9,20-24 years,498,Hypertensive heart disease,102,High alcohol use,2,Percent,2023,0.068858763,0.105021551,0.038096233
1,All Population,4,YLLs (Years of Life Lost),4846,Chhattisgarh,2,Female,9,20-24 years,498,Hypertensive heart disease,102,High alcohol use,2,Percent,2023,0.003388566,0.007702374,0.000618241
1,All Population,4,YLLs (Years of Life Lost),4856,Karnataka,1,Male,9,20-24 years,494,Stroke,332,Chewing tobacco,2,Percent,2023,0.043883804,0.087233518,0.016583341
1,All Population,4,YLLs (Years of Life Lost),4856,Karnataka,2,Female,9,20-24 years,494,Stroke,332,Chewing tobacco,2,Percent,2023,0.006906233,0.016508576,0.00193314
1,All Population,4,YLLs (Years of Life Lost),44538,Other Union Territories,1,Male,9,20-24 years,498,Hypertensive heart disease,102,High alcohol use,2,Percent,2022,0.051354831,0.082224682,0.025616415
1,All Population,4,YLLs (Years of Life Lost),44538,Other Union Territories,2,Female,9,20-24 years,498,Hypertensive heart disease,102,High alcohol use,2,Percent,2022,0.001507026,0.003492432,0.00027157
1,All Population,4,YLLs (Years of Life Lost),4868,Rajasthan,1,Male,9,20-24 years,493,Ischemic heart disease,102,High alcohol use,2,Percent,2022,-0.011635603,0.011205195,-0.032746689
1,All Population,4,YLLs (Years of Life Lost),4868,Rajasthan,2,Female,9,20-24 years,493,Ischemic heart disease,102,High alcohol use,2,Percent,2022,-0.000474602,0.000495436,-0.001513905
1,All Population,4,YLLs (Years of Life Lost),4855,Jharkhand,1,Male,9,20-24 years,499,Cardiomyopathy and myocarditis,102,High alcohol use,2,Percent,2023,0.019720881,0.054493431,0.005174567
1,All Population,4,YLLs (Years of Life Lost),4855,Jharkhand,2,Female,9,20-24 years,499,Cardiomyopathy and myocarditis,102,High alcohol use,2,Percent,2023,0.013359337,0.041259271,0.002694741
1,All Population,4,YLLs (Years of Life Lost),44538,Other Union Territories,1,Male,9,20-24 years,494,Stroke,332,Chewing tobacco,2,Percent,2023,0.030204952,0.060494034,0.012135218
1,All Population,4,YLLs (Years of Life Lost),44538,Other Union Territories,2,Female,9,20-24 years,494,Stroke,332,Chewing tobacco,2,Percent,2023,0.003768766,0.009122196,0.001040815
1,All Population,4,YLLs (Years of Life Lost),4841,Andhra Pradesh,1,Male,9,20-24 years,494,Stroke,332,Chewing tobacco,2,Percent,2018,0.020562072,0.035239979,0.01027212
1,All Population,4,YLLs (Years of Life Lost),4841,Andhra Pradesh,2,Female,9,20-24 years,494,Stroke,332,Chewing tobacco,2,Percent,2018,0.004840683,0.011144009,0.001338719
1,All Population,4,YLLs (Years of Life Lost),4844,Bihar,1,Male,9,20-24 years,494,Stroke,332,Chewing tobacco,2,Percent,2018,0.07913347,0.13694667,0.035639914
1,All Population,4,YLLs (Years of Life Lost),4844,Bihar,2,Female,9,20-24 years,494,Stroke,332,Chewing tobacco,2,Percent,2018,0.004476102,0.010580755,0.001261689
1,All Population,4,YLLs (Years of Life Lost),4855,Jharkhand,1,Male,9,20-24 years,499,Cardiomyopathy and myocarditis,102,High alcohol use,2,Percent,2018,0.021439422,0.063852423,0.005052793
1,All Population,4,YLLs (Years of Life Lost),4855,Jharkhand,2,Female,9,20-24 years,499,Cardiomyopathy and myocarditis,102,High alcohol use,2,Percent,2018,0.014384525,0.045208955,0.002800464
1,All Population,4,YLLs (Years of Life Lost),4875,West Bengal,1,Male,9,20-24 years,494,Stroke,102,High alcohol use,2,Percent,2018,0.00856805,0.027525539,-0.001244633
1,All Population,4,YLLs (Years of Life Lost),4875,West Bengal,2,Female,9,20-24 years,494,Stroke,102,High alcohol use,2,Percent,2018,-7.42E-05,9.94E-05,-0.000259925
1,All Population,4,YLLs (Years of Life Lost),4855,Jharkhand,1,Male,9,20-24 years,498,Hypertensive heart disease,102,High alcohol use,2,Percent,2018,0.059297751,0.092399366,0.031486002
1,All Population,4,YLLs (Years of Life Lost),4855,Jharkhand,2,Female,9,20-24 years,498,Hypertensive heart disease,102,High alcohol use,2,Percent,2018,0.003521119,0.007743054,0.000617207
1,All Population,4,YLLs (Years of Life Lost),4853,Himachal Pradesh,1,Male,9,20-24 years,498,Hypertensive heart disease,102,High alcohol use,2,Percent,2018,0.043598437,0.069201817,0.021824516
1,All Population,4,YLLs (Years of Life Lost),4853,Himachal Pradesh,2,Female,9,20-24 years,498,Hypertensive heart disease,102,High alcohol use,2,Percent,2018,0.000826468,0.001918242,0.000143302
1,All Population,4,YLLs (Years of Life Lost),4846,Chhattisgarh,1,Male,9,20-24 years,494,Stroke,102,High alcohol use,2,Percent,2023,0.012683156,0.041178557,-0.001905471
1,All Population,4,YLLs (Years of Life Lost),4846,Chhattisgarh,2,Female,9,20-24 years,494,Stroke,102,High alcohol use,2,Percent,2023,-0.00025853,0.000489703,-0.001038322
1,All Population,4,YLLs (Years of Life Lost),4869,Sikkim,1,Male,9,20-24 years,498,Hypertensive heart disease,102,High alcohol use,2,Percent,2022,0.073117576,0.114108381,0.03794126
1,All Population,4,YLLs (Years of Life Lost),4869,Sikkim,2,Female,9,20-24 years,498,Hypertensive heart disease,102,High alcohol use,2,Percent,2022,0.013058322,0.028548996,0.002755759
1,All Population,4,YLLs (Years of Life Lost),4867,Punjab,1,Male,9,20-24 years,494,Stroke,102,High alcohol use,2,Percent,2023,0.008537832,0.02839353,-0.001219466
1,All Population,4,YLLs (Years of Life Lost),4867,Punjab,2,Female,9,20-24 years,494,Stroke,102,High alcohol use,2,Percent,2023,-3.76E-05,4.28E-05,-0.000139407
1,All Population,4,YLLs (Years of Life Lost),4860,Maharashtra,1,Male,9,20-24 years,494,Stroke,102,High alcohol use,2,Percent,2023,0.005520553,0.017556922,-0.000844635
1,All Population,4,YLLs (Years of Life Lost),4860,Maharashtra,2,Female,9,20-24 years,494,Stroke,102,High alcohol use,2,Percent,2023,-4.06E-05,6.00E-05,-0.000132333
1,All Population,4,YLLs (Years of Life Lost),4851,Gujarat,1,Male,9,20-24 years,494,Stroke,102,High alcohol use,2,Percent,2023,0.002375136,0.007869625,-0.000321842
1,All Population,4,YLLs (Years of Life Lost),4851,Gujarat,2,Female,9,20-24 years,494,Stroke,102,High alcohol use,2,Percent,2023,-3.97E-05,6.34E-05,-0.000150421
1,All Population,4,YLLs (Years of Life Lost),4854,Jammu & Kashmir and Ladakh,1,Male,9,20-24 years,493,Ischemic heart disease,102,High alcohol use,2,Percent,2018,-0.009306017,0.00890437,-0.027599884
1,All Population,4,YLLs (Years of Life Lost),4854,Jammu & Kashmir and Ladakh,2,Female,9,20-24 years,493,Ischemic heart disease,102,High alcohol use,2,Percent,2018,-0.00032473,0.000316514,-0.001219708
1,All Population,4,YLLs (Years of Life Lost),4842,Arunachal Pradesh,1,Male,9,20-24 years,498,Hypertensive heart disease,102,High alcohol use,2,Percent,2017,0.104024827,0.150904829,0.059746806
1,All Population,4,YLLs (Years of Life Lost),4842,Arunachal Pradesh,2,Female,9,20-24 years,498,Hypertensive heart disease,102,High alcohol use,2,Percent,2017,0.01725416,0.035910976,0.00335675
1,All Population,4,YLLs (Years of Life Lost),4842,Arunachal Pradesh,1,Male,9,20-24 years,493,Ischemic heart disease,102,High alcohol use,2,Percent,2022,-0.061054492,0.05085096,-0.173123037
1,All Population,4,YLLs (Years of Life Lost),4842,Arunachal Pradesh,2,Female,9,20-24 years,493,Ischemic heart disease,102,High alcohol use,2,Percent,2022,-0.01216416,0.011894315,-0.038829581
1,All Population,4,YLLs (Years of Life Lost),4862,Meghalaya,1,Male,9,20-24 years,498,Hypertensive heart disease,102,High alcohol use,2,Percent,2023,0.070271031,0.11022748,0.036524113
1,All Population,4,YLLs (Years of Life Lost),4862,Meghalaya,2,Female,9,20-24 years,498,Hypertensive heart disease,102,High alcohol use,2,Percent,2023,0.002140145,0.004884624,0.000395925
1,All Population,4,YLLs (Years of Life Lost),4850,Goa,1,Male,9,20-24 years,498,Hypertensive heart disease,102,High alcohol use,2,Percent,2023,0.075648107,0.116954791,0.039769253
1,All Population,4,YLLs (Years of Life Lost),4850,Goa,2,Female,9,20-24 years,498,Hypertensive heart disease,102,High alcohol use,2,Percent,2023,0.004764141,0.010513804,0.001004768
1,All Population,4,YLLs (Years of Life Lost),4867,Punjab,1,Male,9,20-24 years,494,Stroke,332,Chewing tobacco,2,Percent,2018,0.018474133,0.037196578,0.006658093
1,All Population,4,YLLs (Years of Life Lost),4867,Punjab,2,Female,9,20-24 years,494,Stroke,332,Chewing tobacco,2,Percent,2018,0.001809318,0.004258957,0.000494892
1,All Population,4,YLLs (Years of Life Lost),4853,Himachal Pradesh,1,Male,9,20-24 years,493,Ischemic heart disease,102,High alcohol use,2,Percent,2022,-0.023187089,0.021400839,-0.067790318
1,All Population,4,YLLs (Years of Life Lost),4853,Himachal Pradesh,2,Female,9,20-24 years,493,Ischemic heart disease,102,High alcohol use,2,Percent,2022,-0.000637855,0.000644242,-0.002100646
1,All Population,4,YLLs (Years of Life Lost),4851,Gujarat,1,Male,9,20-24 years,493,Ischemic heart disease,102,High alcohol use,2,Percent,2018,-0.007193612,0.006986148,-0.021060706
1,All Population,4,YLLs (Years of Life Lost),4851,Gujarat,2,Female,9,20-24 years,493,Ischemic heart disease,102,High alcohol use,2,Percent,2018,-0.000299366,0.000309343,-0.001082839
1,All Population,4,YLLs (Years of Life Lost),4859,Madhya Pradesh,1,Male,9,20-24 years,493,Ischemic heart disease,102,High alcohol use,2,Percent,2017,-0.020230121,0.018023638,-0.056068582
1,All Population,4,YLLs (Years of Life Lost),4859,Madhya Pradesh,2,Female,9,20-24 years,493,Ischemic heart disease,102,High alcohol use,2,Percent,2017,-0.000740801,0.000811779,-0.002413213
1,All Population,4,YLLs (Years of Life Lost),4843,Assam,1,Male,9,20-24 years,493,Ischemic heart disease,102,High alcohol use,2,Percent,2023,-0.028971022,0.026773427,-0.079963365
1,All Population,4,YLLs (Years of Life Lost),4843,Assam,2,Female,9,20-24 years,493,Ischemic heart disease,102,High alcohol use,2,Percent,2023,-0.002876215,0.002701475,-0.009530843
1,All Population,4,YLLs (Years of Life Lost),4864,Nagaland,1,Male,9,20-24 years,499,Cardiomyopathy and myocarditis,102,High alcohol use,2,Percent,2018,0.021369541,0.059811273,0.005279243
1,All Population,4,YLLs (Years of Life Lost),4864,Nagaland,2,Female,9,20-24 years,499,Cardiomyopathy and myocarditis,102,High alcohol use,2,Percent,2018,0.01396908,0.052645262,0.002615586
1,All Population,4,YLLs (Years of Life Lost),4868,Rajasthan,1,Male,9,20-24 years,498,Hypertensive heart disease,102,High alcohol use,2,Percent,2023,0.023838782,0.038224912,0.01198076
1,All Population,4,YLLs (Years of Life Lost),4868,Rajasthan,2,Female,9,20-24 years,498,Hypertensive heart disease,102,High alcohol use,2,Percent,2023,0.00070544,0.001511356,0.000141802
1,All Population,4,YLLs (Years of Life Lost),4861,Manipur,1,Male,9,20-24 years,499,Cardiomyopathy and myocarditis,102,High alcohol use,2,Percent,2023,0.022606134,0.06792132,0.004997067
1,All Population,4,YLLs (Years of Life Lost),4861,Manipur,2,Female,9,20-24 years,499,Cardiomyopathy and myocarditis,102,High alcohol use,2,Percent,2023,0.014541476,0.0504471,0.003015495
1,All Population,4,YLLs (Years of Life Lost),4870,Tamil Nadu,1,Male,9,20-24 years,493,Ischemic heart disease,102,High alcohol use,2,Percent,2023,-0.035787165,0.032404303,-0.096306211
1,All Population,4,YLLs (Years of Life Lost),4870,Tamil Nadu,2,Female,9,20-24 years,493,Ischemic heart disease,102,High alcohol use,2,Percent,2023,-0.00028827,0.000266184,-0.000969492
1,All Population,4,YLLs (Years of Life Lost),4860,Maharashtra,1,Male,9,20-24 years,498,Hypertensive heart disease,102,High alcohol use,2,Percent,2022,0.031049245,0.04982427,0.01609672
1,All Population,4,YLLs (Years of Life Lost),4860,Maharashtra,2,Female,9,20-24 years,498,Hypertensive heart disease,102,High alcohol use,2,Percent,2022,0.000521406,0.00115459,0.000106918
1,All Population,4,YLLs (Years of Life Lost),4860,Maharashtra,1,Male,9,20-24 years,499,Cardiomyopathy and myocarditis,102,High alcohol use,2,Percent,2022,0.017618241,0.049122611,0.004519066
1,All Population,4,YLLs (Years of Life Lost),4860,Maharashtra,2,Female,9,20-24 years,499,Cardiomyopathy and myocarditis,102,High alcohol use,2,Percent,2022,0.012430836,0.039347218,0.002687705
1,All Population,4,YLLs (Years of Life Lost),4850,Goa,1,Male,9,20-24 years,494,Stroke,102,High alcohol use,2,Percent,2023,0.012559288,0.041091141,-0.001986583
1,All Population,4,YLLs (Years of Life Lost),4850,Goa,2,Female,9,20-24 years,494,Stroke,102,High alcohol use,2,Percent,2023,-0.000363811,0.000430543,-0.001183372
1,All Population,4,YLLs (Years of Life Lost),4850,Goa,1,Male,9,20-24 years,494,Stroke,332,Chewing tobacco,2,Percent,2018,0.019938081,0.04111827,0.007366874
1,All Population,4,YLLs (Years of Life Lost),4850,Goa,2,Female,9,20-24 years,494,Stroke,332,Chewing tobacco,2,Percent,2018,0.004036222,0.009543947,0.00119664
1,All Population,4,YLLs (Years of Life Lost),4859,Madhya Pradesh,1,Male,9,20-24 years,498,Hypertensive heart disease,102,High alcohol use,2,Percent,2019,0.040259105,0.064797157,0.020217472
1,All Population,4,YLLs (Years of Life Lost),4859,Madhya Pradesh,2,Female,9,20-24 years,498,Hypertensive heart disease,102,High alcohol use,2,Percent,2019,0.001154212,0.002596601,0.000228931
1,All Population,4,YLLs (Years of Life Lost),4871,Telangana,1,Male,9,20-24 years,494,Stroke,332,Chewing tobacco,2,Percent,2018,0.023577627,0.045876683,0.00856931
1,All Population,4,YLLs (Years of Life Lost),4871,Telangana,2,Female,9,20-24 years,494,Stroke,332,Chewing tobacco,2,Percent,2018,0.006217248,0.014556179,0.001815004
1,All Population,4,YLLs (Years of Life Lost),4873,Uttar Pradesh,1,Male,9,20-24 years,498,Hypertensive heart disease,102,High alcohol use,2,Percent,2018,0.01745934,0.027218851,0.006553233
1,All Population,4,YLLs (Years of Life Lost),4873,Uttar Pradesh,2,Female,9,20-24 years,498,Hypertensive heart disease,102,High alcohol use,2,Percent,2018,0.000356227,0.000913083,5.54E-05
1,All Population,4,YLLs (Years of Life Lost),4849,Delhi,1,Male,9,20-24 years,494,Stroke,102,High alcohol use,2,Percent,2023,0.006663336,0.022001947,-0.000878618
1,All Population,4,YLLs (Years of Life Lost),4849,Delhi,2,Female,9,20-24 years,494,Stroke,102,High alcohol use,2,Percent,2023,-9.48E-05,8.58E-05,-0.000352527
1,All Population,4,YLLs (Years of Life Lost),4852,Haryana,1,Male,9,20-24 years,498,Hypertensive heart disease,102,High alcohol use,2,Percent,2023,0.021601742,0.039209045,0.00677606
1,All Population,4,YLLs (Years of Life Lost),4852,Haryana,2,Female,9,20-24 years,498,Hypertensive heart disease,102,High alcohol use,2,Percent,2023,0.000551312,0.001278311,0.000101974
1,All Population,4,YLLs (Years of Life Lost),4863,Mizoram,1,Male,9,20-24 years,498,Hypertensive heart disease,102,High alcohol use,2,Percent,2022,0.070399318,0.111175158,0.036742915
1,All Population,4,YLLs (Years of Life Lost),4863,Mizoram,2,Female,9,20-24 years,498,Hypertensive heart disease,102,High alcohol use,2,Percent,2022,0.003631847,0.007967413,0.000769119
1,All Population,4,YLLs (Years of Life Lost),4875,West Bengal,1,Male,9,20-24 years,498,Hypertensive heart disease,102,High alcohol use,2,Percent,2021,0.047744832,0.075948958,0.024090636
1,All Population,4,YLLs (Years of Life Lost),4875,West Bengal,2,Female,9,20-24 years,498,Hypertensive heart disease,102,High alcohol use,2,Percent,2021,0.000989134,0.002321507,0.000162472
1,All Population,4,YLLs (Years of Life Lost),4855,Jharkhand,1,Male,9,20-24 years,494,Stroke,332,Chewing tobacco,2,Percent,2023,0.083802455,0.150317331,0.036281847
1,All Population,4,YLLs (Years of Life Lost),4855,Jharkhand,2,Female,9,20-24 years,494,Stroke,332,Chewing tobacco,2,Percent,2023,0.009522598,0.022068146,0.002987511
1,All Population,4,YLLs (Years of Life Lost),4849,Delhi,1,Male,9,20-24 years,494,Stroke,102,High alcohol use,2,Percent,2018,0.006793647,0.021409541,-0.000959083
1,All Population,4,YLLs (Years of Life Lost),4849,Delhi,2,Female,9,20-24 years,494,Stroke,102,High alcohol use,2,Percent,2018,-8.51E-05,7.14E-05,-0.000304013
1,All Population,4,YLLs (Years of Life Lost),4875,West Bengal,1,Male,9,20-24 years,493,Ischemic heart disease,102,High alcohol use,2,Percent,2023,-0.026713974,0.024315063,-0.079379198
1,All Population,4,YLLs (Years of Life Lost),4875,West Bengal,2,Female,9,20-24 years,493,Ischemic heart disease,102,High alcohol use,2,Percent,2023,-0.000690796,0.000681168,-0.002350862
1,All Population,4,YLLs (Years of Life Lost),4857,Kerala,1,Male,9,20-24 years,494,Stroke,332,Chewing tobacco,2,Percent,2018,0.017155404,0.034926558,0.006119819
1,All Population,4,YLLs (Years of Life Lost),4857,Kerala,2,Female,9,20-24 years,494,Stroke,332,Chewing tobacco,2,Percent,2018,0.003548574,0.008149561,0.00098018
1,All Population,4,YLLs (Years of Life Lost),4849,Delhi,1,Male,9,20-24 years,498,Hypertensive heart disease,102,High alcohol use,2,Percent,2023,0.04135531,0.066763395,0.02032465
1,All Population,4,YLLs (Years of Life Lost),4849,Delhi,2,Female,9,20-24 years,498,Hypertensive heart disease,102,High alcohol use,2,Percent,2023,0.00094683,0.002171061,0.000174478
1,All Population,4,YLLs (Years of Life Lost),4849,Delhi,1,Male,9,20-24 years,499,Cardiomyopathy and myocarditis,102,High alcohol use,2,Percent,2022,0.022142052,0.05731872,0.006118068
1,All Population,4,YLLs (Years of Life Lost),4849,Delhi,2,Female,9,20-24 years,499,Cardiomyopathy and myocarditis,102,High alcohol use,2,Percent,2022,0.016457025,0.052624587,0.003698534
1,All Population,4,YLLs (Years of Life Lost),4859,Madhya Pradesh,1,Male,9,20-24 years,499,Cardiomyopathy and myocarditis,102,High alcohol use,2,Percent,2021,0.021172647,0.058273462,0.005016884
1,All Population,4,YLLs (Years of Life Lost),4859,Madhya Pradesh,2,Female,9,20-24 years,499,Cardiomyopathy and myocarditis,102,High alcohol use,2,Percent,2021,0.01445359,0.047796223,0.00261165
1,All Population,4,YLLs (Years of Life Lost),4868,Rajasthan,1,Male,9,20-24 years,494,Stroke,332,Chewing tobacco,2,Percent,2019,0.064353371,0.114329258,0.027574229
1,All Population,4,YLLs (Years of Life Lost),4868,Rajasthan,2,Female,9,20-24 years,494,Stroke,332,Chewing tobacco,2,Percent,2019,0.010202538,0.021984427,0.003597954
1,All Population,4,YLLs (Years of Life Lost),4863,Mizoram,1,Male,9,20-24 years,499,Cardiomyopathy and myocarditis,102,High alcohol use,2,Percent,2023,0.026272916,0.085674781,0.004621174
1,All Population,4,YLLs (Years of Life Lost),4863,Mizoram,2,Female,9,20-24 years,499,Cardiomyopathy and myocarditis,102,High alcohol use,2,Percent,2023,0.014399526,0.043395118,0.002929936
1,All Population,4,YLLs (Years of Life Lost),4868,Rajasthan,1,Male,9,20-24 years,498,Hypertensive heart disease,102,High alcohol use,2,Percent,2018,0.024309623,0.039671409,0.011741216
1,All Population,4,YLLs (Years of Life Lost),4868,Rajasthan,2,Female,9,20-24 years,498,Hypertensive heart disease,102,High alcohol use,2,Percent,2018,0.000759536,0.00160956,0.000141837
1,All Population,4,YLLs (Years of Life Lost),4875,West Bengal,1,Male,9,20-24 years,493,Ischemic heart disease,102,High alcohol use,2,Percent,2018,-0.027396136,0.024227632,-0.079290358
1,All Population,4,YLLs (Years of Life Lost),4875,West Bengal,2,Female,9,20-24 years,493,Ischemic heart disease,102,High alcohol use,2,Percent,2018,-0.000603727,0.000629612,-0.002139994
1,All Population,4,YLLs (Years of Life Lost),4867,Punjab,1,Male,9,20-24 years,498,Hypertensive heart disease,102,High alcohol use,2,Percent,2023,0.049679839,0.079446479,0.025071134
1,All Population,4,YLLs (Years of Life Lost),4867,Punjab,2,Female,9,20-24 years,498,Hypertensive heart disease,102,High alcohol use,2,Percent,2023,0.000490933,0.001116509,0.000103404
1,All Population,4,YLLs (Years of Life Lost),4863,Mizoram,1,Male,9,20-24 years,498,Hypertensive heart disease,102,High alcohol use,2,Percent,2023,0.070199685,0.109748617,0.036614359
1,All Population,4,YLLs (Years of Life Lost),4863,Mizoram,2,Female,9,20-24 years,498,Hypertensive heart disease,102,High alcohol use,2,Percent,2023,0.003569153,0.007920925,0.000796439
1,All Population,4,YLLs (Years of Life Lost),4875,West Bengal,1,Male,9,20-24 years,494,Stroke,102,High alcohol use,2,Percent,2023,0.008280119,0.026259003,-0.001172398
1,All Population,4,YLLs (Years of Life Lost),4875,West Bengal,2,Female,9,20-24 years,494,Stroke,102,High alcohol use,2,Percent,2023,-8.81E-05,0.000105214,-0.000336979
1,All Population,4,YLLs (Years of Life Lost),4844,Bihar,1,Male,9,20-24 years,493,Ischemic heart disease,102,High alcohol use,2,Percent,2022,-0.021432744,0.020219225,-0.064044658
1,All Population,4,YLLs (Years of Life Lost),4844,Bihar,2,Female,9,20-24 years,493,Ischemic heart disease,102,High alcohol use,2,Percent,2022,-0.000404193,0.000417625,-0.001358607
1,All Population,4,YLLs (Years of Life Lost),4860,Maharashtra,1,Male,9,20-24 years,494,Stroke,332,Chewing tobacco,2,Percent,2018,0.057342341,0.092600895,0.030738204
1,All Population,4,YLLs (Years of Life Lost),4860,Maharashtra,2,Female,9,20-24 years,494,Stroke,332,Chewing tobacco,2,Percent,2018,0.01481998,0.032406239,0.004515288
1,All Population,4,YLLs (Years of Life Lost),4842,Arunachal Pradesh,1,Male,9,20-24 years,493,Ischemic heart disease,102,High alcohol use,2,Percent,2018,-0.061752757,0.051672811,-0.171556125
1,All Population,4,YLLs (Years of Life Lost),4842,Arunachal Pradesh,2,Female,9,20-24 years,493,Ischemic heart disease,102,High alcohol use,2,Percent,2018,-0.012033414,0.012341475,-0.03926602
1,All Population,4,YLLs (Years of Life Lost),4844,Bihar,1,Male,9,20-24 years,499,Cardiomyopathy and myocarditis,102,High alcohol use,2,Percent,2022,0.020167812,0.057900252,0.00491479
1,All Population,4,YLLs (Years of Life Lost),4844,Bihar,2,Female,9,20-24 years,499,Cardiomyopathy and myocarditis,102,High alcohol use,2,Percent,2022,0.013814835,0.043762467,0.002629759
1,All Population,4,YLLs (Years of Life Lost),4864,Nagaland,1,Male,9,20-24 years,494,Stroke,332,Chewing tobacco,2,Percent,2023,0.122299295,0.20822125,0.057774921
1,All Population,4,YLLs (Years of Life Lost),4864,Nagaland,2,Female,9,20-24 years,494,Stroke,332,Chewing tobacco,2,Percent,2023,0.066416381,0.118483782,0.030158705
1,All Population,4,YLLs (Years of Life Lost),4855,Jharkhand,1,Male,9,20-24 years,494,Stroke,332,Chewing tobacco,2,Percent,2019,0.093015835,0.159113585,0.043251544
1,All Population,4,YLLs (Years of Life Lost),4855,Jharkhand,2,Female,9,20-24 years,494,Stroke,332,Chewing tobacco,2,Percent,2019,0.010596177,0.022819594,0.003436271
1,All Population,4,YLLs (Years of Life Lost),4872,Tripura,1,Male,9,20-24 years,493,Ischemic heart disease,102,High alcohol use,2,Percent,2019,-0.038385052,0.032292985,-0.110825726
1,All Population,4,YLLs (Years of Life Lost),4872,Tripura,2,Female,9,20-24 years,493,Ischemic heart disease,102,High alcohol use,2,Percent,2019,-0.002628047,0.002849685,-0.008671757
1,All Population,4,YLLs (Years of Life Lost),44538,Other Union Territories,1,Male,9,20-24 years,494,Stroke,332,Chewing tobacco,2,Percent,2018,0.033418228,0.058615776,0.01474184
1,All Population,4,YLLs (Years of Life Lost),44538,Other Union Territories,2,Female,9,20-24 years,494,Stroke,332,Chewing tobacco,2,Percent,2018,0.004315241,0.009984247,0.00120318
1,All Population,4,YLLs (Years of Life Lost),4859,Madhya Pradesh,1,Male,9,20-24 years,494,Stroke,102,High alcohol use,2,Percent,2018,0.007211976,0.023757696,-0.00103963
1,All Population,4,YLLs (Years of Life Lost),4859,Madhya Pradesh,2,Female,9,20-24 years,494,Stroke,102,High alcohol use,2,Percent,2018,-8.48E-05,0.000140947,-0.000288143
1,All Population,4,YLLs (Years of Life Lost),4869,Sikkim,1,Male,9,20-24 years,494,Stroke,102,High alcohol use,2,Percent,2018,0.012403227,0.038668785,-0.002009768
1,All Population,4,YLLs (Years of Life Lost),4869,Sikkim,2,Female,9,20-24 years,494,Stroke,102,High alcohol use,2,Percent,2018,-0.001022674,0.001366137,-0.003190456
1,All Population,4,YLLs (Years of Life Lost),4862,Meghalaya,1,Male,9,20-24 years,493,Ischemic heart disease,102,High alcohol use,2,Percent,2018,-0.039707337,0.033997381,-0.111967462
1,All Population,4,YLLs (Years of Life Lost),4862,Meghalaya,2,Female,9,20-24 years,493,Ischemic heart disease,102,High alcohol use,2,Percent,2018,-0.001341086,0.001472965,-0.004561023
1,All Population,4,YLLs (Years of Life Lost),4846,Chhattisgarh,1,Male,9,20-24 years,494,Stroke,332,Chewing tobacco,2,Percent,2018,0.101859588,0.165277654,0.052194059
1,All Population,4,YLLs (Years of Life Lost),4846,Chhattisgarh,2,Female,9,20-24 years,494,Stroke,332,Chewing tobacco,2,Percent,2018,0.030129661,0.05955195,0.011125984
1,All Population,4,YLLs (Years of Life Lost),4869,Sikkim,1,Male,9,20-24 years,498,Hypertensive heart disease,102,High alcohol use,2,Percent,2018,0.072838345,0.112331562,0.038028378
1,All Population,4,YLLs (Years of Life Lost),4869,Sikkim,2,Female,9,20-24 years,498,Hypertensive heart disease,102,High alcohol use,2,Percent,2018,0.012270597,0.027176006,0.002184461
1,All Population,4,YLLs (Years of Life Lost),4852,Haryana,1,Male,9,20-24 years,493,Ischemic heart disease,102,High alcohol use,2,Percent,2018,-0.01328999,0.011980341,-0.037773135
1,All Population,4,YLLs (Years of Life Lost),4852,Haryana,2,Female,9,20-24 years,493,Ischemic heart disease,102,High alcohol use,2,Percent,2018,-0.000323135,0.000327712,-0.001161788
1,All Population,4,YLLs (Years of Life Lost),4860,Maharashtra,1,Male,9,20-24 years,499,Cardiomyopathy and myocarditis,102,High alcohol use,2,Percent,2018,0.018660516,0.052293131,0.004563062
1,All Population,4,YLLs (Years of Life Lost),4860,Maharashtra,2,Female,9,20-24 years,499,Cardiomyopathy and myocarditis,102,High alcohol use,2,Percent,2018,0.012980668,0.043621128,0.002890104
1,All Population,4,YLLs (Years of Life Lost),4865,Odisha,1,Male,9,20-24 years,494,Stroke,102,High alcohol use,2,Percent,2023,0.011368376,0.036493947,-0.001700247
1,All Population,4,YLLs (Years of Life Lost),4865,Odisha,2,Female,9,20-24 years,494,Stroke,102,High alcohol use,2,Percent,2023,-0.000201117,0.000357329,-0.000672245
1,All Population,4,YLLs (Years of Life Lost),4850,Goa,1,Male,9,20-24 years,494,Stroke,332,Chewing tobacco,2,Percent,2022,0.01661234,0.037632112,0.005350967
1,All Population,4,YLLs (Years of Life Lost),4850,Goa,2,Female,9,20-24 years,494,Stroke,332,Chewing tobacco,2,Percent,2022,0.003342712,0.007939174,0.000930338
1,All Population,4,YLLs (Years of Life Lost),4864,Nagaland,1,Male,9,20-24 years,498,Hypertensive heart disease,102,High alcohol use,2,Percent,2018,0.066627289,0.102109886,0.034823334
1,All Population,4,YLLs (Years of Life Lost),4864,Nagaland,2,Female,9,20-24 years,498,Hypertensive heart disease,102,High alcohol use,2,Percent,2018,0.003780112,0.008526644,0.000738878
1,All Population,4,YLLs (Years of Life Lost),4846,Chhattisgarh,1,Male,9,20-24 years,499,Cardiomyopathy and myocarditis,102,High alcohol use,2,Percent,2018,0.022184608,0.073575882,0.004977923
1,All Population,4,YLLs (Years of Life Lost),4846,Chhattisgarh,2,Female,9,20-24 years,499,Cardiomyopathy and myocarditis,102,High alcohol use,2,Percent,2018,0.014614071,0.049459413,0.002257628
1,All Population,4,YLLs (Years of Life Lost),4865,Odisha,1,Male,9,20-24 years,493,Ischemic heart disease,102,High alcohol use,2,Percent,2019,-0.033120427,0.029211727,-0.088021366
1,All Population,4,YLLs (Years of Life Lost),4865,Odisha,2,Female,9,20-24 years,493,Ischemic heart disease,102,High alcohol use,2,Percent,2019,-0.001752318,0.001879458,-0.00550603
1,All Population,4,YLLs (Years of Life Lost),4850,Goa,1,Male,9,20-24 years,494,Stroke,102,High alcohol use,2,Percent,2019,0.012721064,0.039698016,-0.00208097
1,All Population,4,YLLs (Years of Life Lost),4850,Goa,2,Female,9,20-24 years,494,Stroke,102,High alcohol use,2,Percent,2019,-0.000331729,0.000457337,-0.001076627
1,All Population,4,YLLs (Years of Life Lost),4865,Odisha,1,Male,9,20-24 years,499,Cardiomyopathy and myocarditis,102,High alcohol use,2,Percent,2018,0.0211005,0.067335198,0.00486718
1,All Population,4,YLLs (Years of Life Lost),4865,Odisha,2,Female,9,20-24 years,499,Cardiomyopathy and myocarditis,102,High alcohol use,2,Percent,2018,0.013433196,0.04490681,0.002207473
1,All Population,4,YLLs (Years of Life Lost),4844,Bihar,1,Male,9,20-24 years,498,Hypertensive heart disease,102,High alcohol use,2,Percent,2023,0.041997542,0.068339313,0.019840124
1,All Population,4,YLLs (Years of Life Lost),4844,Bihar,2,Female,9,20-24 years,498,Hypertensive heart disease,102,High alcohol use,2,Percent,2023,0.000610125,0.001420216,0.000109171
1,All Population,4,YLLs (Years of Life Lost),4851,Gujarat,1,Male,9,20-24 years,494,Stroke,102,High alcohol use,2,Percent,2018,0.002498833,0.008319977,-0.000349522
1,All Population,4,YLLs (Years of Life Lost),4851,Gujarat,2,Female,9,20-24 years,494,Stroke,102,High alcohol use,2,Percent,2018,-3.44E-05,5.48E-05,-0.000125375
1,All Population,4,YLLs (Years of Life Lost),4867,Punjab,1,Male,9,20-24 years,493,Ischemic heart disease,102,High alcohol use,2,Percent,2018,-0.027353245,0.024015972,-0.078319349
1,All Population,4,YLLs (Years of Life Lost),4867,Punjab,2,Female,9,20-24 years,493,Ischemic heart disease,102,High alcohol use,2,Percent,2018,-0.000269988,0.000285439,-0.000884892
1,All Population,4,YLLs (Years of Life Lost),4851,Gujarat,1,Male,9,20-24 years,494,Stroke,332,Chewing tobacco,2,Percent,2018,0.092427378,0.158832253,0.042557741
1,All Population,4,YLLs (Years of Life Lost),4851,Gujarat,2,Female,9,20-24 years,494,Stroke,332,Chewing tobacco,2,Percent,2018,0.010699455,0.022938041,0.003489695
1,All Population,4,YLLs (Years of Life Lost),4846,Chhattisgarh,1,Male,9,20-24 years,499,Cardiomyopathy and myocarditis,102,High alcohol use,2,Percent,2022,0.02062108,0.058853569,0.004841919
1,All Population,4,YLLs (Years of Life Lost),4846,Chhattisgarh,2,Female,9,20-24 years,499,Cardiomyopathy and myocarditis,102,High alcohol use,2,Percent,2022,0.013837843,0.046438488,0.00220385
1,All Population,4,YLLs (Years of Life Lost),4864,Nagaland,1,Male,9,20-24 years,494,Stroke,102,High alcohol use,2,Percent,2018,0.011475188,0.035890147,-0.001835563
1,All Population,4,YLLs (Years of Life Lost),4864,Nagaland,2,Female,9,20-24 years,494,Stroke,102,High alcohol use,2,Percent,2018,-0.000288653,0.000455658,-0.000943053
1,All Population,4,YLLs (Years of Life Lost),4874,Uttarakhand,1,Male,9,20-24 years,499,Cardiomyopathy and myocarditis,102,High alcohol use,2,Percent,2019,0.022563175,0.06700708,0.005244859
1,All Population,4,YLLs (Years of Life Lost),4874,Uttarakhand,2,Female,9,20-24 years,499,Cardiomyopathy and myocarditis,102,High alcohol use,2,Percent,2019,0.015619721,0.058696519,0.002635038
1,All Population,4,YLLs (Years of Life Lost),4873,Uttar Pradesh,1,Male,9,20-24 years,494,Stroke,102,High alcohol use,2,Percent,2018,7.19E-05,0.003093854,-0.002543975
1,All Population,4,YLLs (Years of Life Lost),4873,Uttar Pradesh,2,Female,9,20-24 years,494,Stroke,102,High alcohol use,2,Percent,2018,-2.96E-05,4.39E-05,-0.000116565
1,All Population,4,YLLs (Years of Life Lost),4855,Jharkhand,1,Male,9,20-24 years,493,Ischemic heart disease,102,High alcohol use,2,Percent,2018,-0.032207587,0.027827823,-0.088472645
1,All Population,4,YLLs (Years of Life Lost),4855,Jharkhand,2,Female,9,20-24 years,493,Ischemic heart disease,102,High alcohol use,2,Percent,2018,-0.002538577,0.002758184,-0.008487275
1,All Population,4,YLLs (Years of Life Lost),4864,Nagaland,1,Male,9,20-24 years,493,Ischemic heart disease,102,High alcohol use,2,Percent,2018,-0.03732421,0.031609628,-0.106819416
1,All Population,4,YLLs (Years of Life Lost),4864,Nagaland,2,Female,9,20-24 years,493,Ischemic heart disease,102,High alcohol use,2,Percent,2018,-0.002515393,0.002707384,-0.008103723
1,All Population,4,YLLs (Years of Life Lost),4849,Delhi,1,Male,9,20-24 years,494,Stroke,332,Chewing tobacco,2,Percent,2018,0.03869774,0.071927543,0.015912606
1,All Population,4,YLLs (Years of Life Lost),4849,Delhi,2,Female,9,20-24 years,494,Stroke,332,Chewing tobacco,2,Percent,2018,0.004420042,0.010210093,0.00125947
1,All Population,4,YLLs (Years of Life Lost),4841,Andhra Pradesh,1,Male,9,20-24 years,499,Cardiomyopathy and myocarditis,102,High alcohol use,2,Percent,2023,0.0174038,0.046558667,0.004586313
1,All Population,4,YLLs (Years of Life Lost),4841,Andhra Pradesh,2,Female,9,20-24 years,499,Cardiomyopathy and myocarditis,102,High alcohol use,2,Percent,2023,0.01087097,0.030106648,0.002110071
1,All Population,4,YLLs (Years of Life Lost),4862,Meghalaya,1,Male,9,20-24 years,494,Stroke,102,High alcohol use,2,Percent,2018,0.012773133,0.039036159,-0.002009847
1,All Population,4,YLLs (Years of Life Lost),4862,Meghalaya,2,Female,9,20-24 years,494,Stroke,102,High alcohol use,2,Percent,2018,-0.000146094,0.000248908,-0.000485522
1,All Population,4,YLLs (Years of Life Lost),4871,Telangana,1,Male,9,20-24 years,494,Stroke,102,High alcohol use,2,Percent,2018,0.014747063,0.045919487,-0.002244771
1,All Population,4,YLLs (Years of Life Lost),4871,Telangana,2,Female,9,20-24 years,494,Stroke,102,High alcohol use,2,Percent,2018,-0.000221516,0.000380112,-0.00073124
1,All Population,4,YLLs (Years of Life Lost),4855,Jharkhand,1,Male,9,20-24 years,493,Ischemic heart disease,102,High alcohol use,2,Percent,2016,-0.032058691,0.028114237,-0.088464498
1,All Population,4,YLLs (Years of Life Lost),4855,Jharkhand,2,Female,9,20-24 years,493,Ischemic heart disease,102,High alcohol use,2,Percent,2016,-0.002477587,0.00269093,-0.00876097
1,All Population,4,YLLs (Years of Life Lost),4873,Uttar Pradesh,1,Male,9,20-24 years,494,Stroke,102,High alcohol use,2,Percent,2022,0.000148377,0.002989664,-0.002011039
1,All Population,4,YLLs (Years of Life Lost),4873,Uttar Pradesh,2,Female,9,20-24 years,494,Stroke,102,High alcohol use,2,Percent,2022,-3.37E-05,5.26E-05,-0.000132404
1,All Population,4,YLLs (Years of Life Lost),4873,Uttar Pradesh,1,Male,9,20-24 years,493,Ischemic heart disease,102,High alcohol use,2,Percent,2018,-0.011095536,0.011518669,-0.028152453
1,All Population,4,YLLs (Years of Life Lost),4873,Uttar Pradesh,2,Female,9,20-24 years,493,Ischemic heart disease,102,High alcohol use,2,Percent,2018,-0.000240908,0.000229558,-0.000931872
1,All Population,4,YLLs (Years of Life Lost),4853,Himachal Pradesh,1,Male,9,20-24 years,499,Cardiomyopathy and myocarditis,102,High alcohol use,2,Percent,2023,0.019807492,0.05758782,0.005116805
1,All Population,4,YLLs (Years of Life Lost),4853,Himachal Pradesh,2,Female,9,20-24 years,499,Cardiomyopathy and myocarditis,102,High alcohol use,2,Percent,2023,0.013291276,0.04550008,0.002624561
1,All Population,4,YLLs (Years of Life Lost),4859,Madhya Pradesh,1,Male,9,20-24 years,499,Cardiomyopathy and myocarditis,102,High alcohol use,2,Percent,2018,0.022613624,0.072225821,0.005245201
1,All Population,4,YLLs (Years of Life Lost),4859,Madhya Pradesh,2,Female,9,20-24 years,499,Cardiomyopathy and myocarditis,102,High alcohol use,2,Percent,2018,0.015275322,0.049301868,0.00280237
1,All Population,4,YLLs (Years of Life Lost),4864,Nagaland,1,Male,9,20-24 years,494,Stroke,332,Chewing tobacco,2,Percent,2019,0.134713999,0.211980935,0.070503366
1,All Population,4,YLLs (Years of Life Lost),4864,Nagaland,2,Female,9,20-24 years,494,Stroke,332,Chewing tobacco,2,Percent,2019,0.079599438,0.130400009,0.039576125
1,All Population,4,YLLs (Years of Life Lost),4853,Himachal Pradesh,1,Male,9,20-24 years,494,Stroke,332,Chewing tobacco,2,Percent,2019,0.016657762,0.035743161,0.005505248
1,All Population,4,YLLs (Years of Life Lost),4853,Himachal Pradesh,2,Female,9,20-24 years,494,Stroke,332,Chewing tobacco,2,Percent,2019,0.00187432,0.004478124,0.000512896
1,All Population,4,YLLs (Years of Life Lost),4871,Telangana,1,Male,9,20-24 years,498,Hypertensive heart disease,102,High alcohol use,2,Percent,2023,0.080216778,0.123680016,0.044353651
1,All Population,4,YLLs (Years of Life Lost),4871,Telangana,2,Female,9,20-24 years,498,Hypertensive heart disease,102,High alcohol use,2,Percent,2023,0.003328593,0.007496674,0.000658827
1,All Population,4,YLLs (Years of Life Lost),4871,Telangana,1,Male,9,20-24 years,498,Hypertensive heart disease,102,High alcohol use,2,Percent,2018,0.080370272,0.122113064,0.04397458
1,All Population,4,YLLs (Years of Life Lost),4871,Telangana,2,Female,9,20-24 years,498,Hypertensive heart disease,102,High alcohol use,2,Percent,2018,0.003073803,0.007205822,0.00054407
1,All Population,4,YLLs (Years of Life Lost),4867,Punjab,1,Male,9,20-24 years,499,Cardiomyopathy and myocarditis,102,High alcohol use,2,Percent,2018,0.020539857,0.058972993,0.005010236
1,All Population,4,YLLs (Years of Life Lost),4867,Punjab,2,Female,9,20-24 years,499,Cardiomyopathy and myocarditis,102,High alcohol use,2,Percent,2018,0.015509549,0.055928292,0.002923659
1,All Population,4,YLLs (Years of Life Lost),4853,Himachal Pradesh,1,Male,9,20-24 years,493,Ischemic heart disease,102,High alcohol use,2,Percent,2018,-0.023364268,0.020630024,-0.066179321
1,All Population,4,YLLs (Years of Life Lost),4853,Himachal Pradesh,2,Female,9,20-24 years,493,Ischemic heart disease,102,High alcohol use,2,Percent,2018,-0.000549306,0.000607115,-0.001804913
1,All Population,4,YLLs (Years of Life Lost),4841,Andhra Pradesh,1,Male,9,20-24 years,499,Cardiomyopathy and myocarditis,102,High alcohol use,2,Percent,2018,0.018341171,0.051783441,0.004519849
1,All Population,4,YLLs (Years of Life Lost),4841,Andhra Pradesh,2,Female,9,20-24 years,499,Cardiomyopathy and myocarditis,102,High alcohol use,2,Percent,2018,0.011388161,0.034525825,0.002370116
1,All Population,4,YLLs (Years of Life Lost),4843,Assam,1,Male,9,20-24 years,498,Hypertensive heart disease,102,High alcohol use,2,Percent,2023,0.062735507,0.09081877,0.036551336
1,All Population,4,YLLs (Years of Life Lost),4843,Assam,2,Female,9,20-24 years,498,Hypertensive heart disease,102,High alcohol use,2,Percent,2023,0.0041247,0.00940347,0.000775784
1,All Population,4,YLLs (Years of Life Lost),4874,Uttarakhand,1,Male,9,20-24 years,494,Stroke,332,Chewing tobacco,2,Percent,2018,0.040528605,0.077712513,0.016076794
1,All Population,4,YLLs (Years of Life Lost),4874,Uttarakhand,2,Female,9,20-24 years,494,Stroke,332,Chewing tobacco,2,Percent,2018,0.002455634,0.005819719,0.000632069
1,All Population,4,YLLs (Years of Life Lost),4841,Andhra Pradesh,1,Male,9,20-24 years,494,Stroke,102,High alcohol use,2,Percent,2019,0.010065207,0.032477793,-0.001512452
1,All Population,4,YLLs (Years of Life Lost),4841,Andhra Pradesh,2,Female,9,20-24 years,494,Stroke,102,High alcohol use,2,Percent,2019,-0.000142958,0.000223091,-0.000477436
1,All Population,4,YLLs (Years of Life Lost),4846,Chhattisgarh,1,Male,9,20-24 years,498,Hypertensive heart disease,102,High alcohol use,2,Percent,2019,0.070609101,0.107141336,0.038431864
1,All Population,4,YLLs (Years of Life Lost),4846,Chhattisgarh,2,Female,9,20-24 years,498,Hypertensive heart disease,102,High alcohol use,2,Percent,2019,0.003280994,0.007540004,0.000553403
1,All Population,4,YLLs (Years of Life Lost),4861,Manipur,1,Male,9,20-24 years,494,Stroke,102,High alcohol use,2,Percent,2019,0.013348141,0.041186582,-0.002135941
1,All Population,4,YLLs (Years of Life Lost),4861,Manipur,2,Female,9,20-24 years,494,Stroke,102,High alcohol use,2,Percent,2019,-0.000316383,0.000552001,-0.00109812
1,All Population,4,YLLs (Years of Life Lost),4867,Punjab,1,Male,9,20-24 years,493,Ischemic heart disease,102,High alcohol use,2,Percent,2022,-0.026548604,0.02405619,-0.076256092
1,All Population,4,YLLs (Years of Life Lost),4867,Punjab,2,Female,9,20-24 years,493,Ischemic heart disease,102,High alcohol use,2,Percent,2022,-0.000293675,0.00026274,-0.000972927
1,All Population,4,YLLs (Years of Life Lost),4854,Jammu & Kashmir and Ladakh,1,Male,9,20-24 years,499,Cardiomyopathy and myocarditis,102,High alcohol use,2,Percent,2022,0.021553512,0.055953909,0.00553495
1,All Population,4,YLLs (Years of Life Lost),4854,Jammu & Kashmir and Ladakh,2,Female,9,20-24 years,499,Cardiomyopathy and myocarditis,102,High alcohol use,2,Percent,2022,0.013810803,0.044812076,0.002682892
1,All Population,4,YLLs (Years of Life Lost),4862,Meghalaya,1,Male,9,20-24 years,494,Stroke,332,Chewing tobacco,2,Percent,2018,0.052555692,0.098217899,0.021667185
1,All Population,4,YLLs (Years of Life Lost),4862,Meghalaya,2,Female,9,20-24 years,494,Stroke,332,Chewing tobacco,2,Percent,2018,0.075163822,0.128464521,0.035710677
1,All Population,4,YLLs (Years of Life Lost),4843,Assam,1,Male,9,20-24 years,493,Ischemic heart disease,102,High alcohol use,2,Percent,2019,-0.029879964,0.026464028,-0.081820206
1,All Population,4,YLLs (Years of Life Lost),4843,Assam,2,Female,9,20-24 years,493,Ischemic heart disease,102,High alcohol use,2,Percent,2019,-0.00271004,0.002573578,-0.009439731
1,All Population,4,YLLs (Years of Life Lost),4870,Tamil Nadu,1,Male,9,20-24 years,494,Stroke,102,High alcohol use,2,Percent,2019,0.011969137,0.036735684,-0.001925758
1,All Population,4,YLLs (Years of Life Lost),4870,Tamil Nadu,2,Female,9,20-24 years,494,Stroke,102,High alcohol use,2,Percent,2019,-2.78E-05,4.78E-05,-0.000110067
1,All Population,4,YLLs (Years of Life Lost),4856,Karnataka,1,Male,9,20-24 years,493,Ischemic heart disease,102,High alcohol use,2,Percent,2019,-0.024973286,0.022246613,-0.073818756
1,All Population,4,YLLs (Years of Life Lost),4856,Karnataka,2,Female,9,20-24 years,493,Ischemic heart disease,102,High alcohol use,2,Percent,2019,-0.003060209,0.003244229,-0.007820397
1,All Population,4,YLLs (Years of Life Lost),4857,Kerala,1,Male,9,20-24 years,494,Stroke,102,High alcohol use,2,Percent,2018,0.007374127,0.023074576,-0.001208985
1,All Population,4,YLLs (Years of Life Lost),4857,Kerala,2,Female,9,20-24 years,494,Stroke,102,High alcohol use,2,Percent,2018,-0.000111052,0.000151915,-0.000349273
1,All Population,4,YLLs (Years of Life Lost),4854,Jammu & Kashmir and Ladakh,1,Male,9,20-24 years,499,Cardiomyopathy and myocarditis,102,High alcohol use,2,Percent,2023,0.021423328,0.058448723,0.005309326
1,All Population,4,YLLs (Years of Life Lost),4854,Jammu & Kashmir and Ladakh,2,Female,9,20-24 years,499,Cardiomyopathy and myocarditis,102,High alcohol use,2,Percent,2023,0.013651372,0.043677887,0.002686974
1,All Population,4,YLLs (Years of Life Lost),4862,Meghalaya,1,Male,9,20-24 years,499,Cardiomyopathy and myocarditis,102,High alcohol use,2,Percent,2018,0.026424418,0.081712401,0.005149199
1,All Population,4,YLLs (Years of Life Lost),4862,Meghalaya,2,Female,9,20-24 years,499,Cardiomyopathy and myocarditis,102,High alcohol use,2,Percent,2018,0.01434394,0.04986247,0.002872017
1,All Population,4,YLLs (Years of Life Lost),44538,Other Union Territories,1,Male,9,20-24 years,494,Stroke,102,High alcohol use,2,Percent,2019,0.008865338,0.028607098,-0.001348789
1,All Population,4,YLLs (Years of Life Lost),44538,Other Union Territories,2,Female,9,20-24 years,494,Stroke,102,High alcohol use,2,Percent,2019,-9.97E-05,0.000163553,-0.000356507
1,All Population,4,YLLs (Years of Life Lost),4864,Nagaland,1,Male,9,20-24 years,498,Hypertensive heart disease,102,High alcohol use,2,Percent,2023,0.063782399,0.100381479,0.033259596
1,All Population,4,YLLs (Years of Life Lost),4864,Nagaland,2,Female,9,20-24 years,498,Hypertensive heart disease,102,High alcohol use,2,Percent,2023,0.003915884,0.008630313,0.000831342
1,All Population,4,YLLs (Years of Life Lost),4869,Sikkim,1,Male,9,20-24 years,494,Stroke,332,Chewing tobacco,2,Percent,2018,0.038139656,0.073424345,0.014976946
1,All Population,4,YLLs (Years of Life Lost),4869,Sikkim,2,Female,9,20-24 years,494,Stroke,332,Chewing tobacco,2,Percent,2018,0.007595896,0.017779911,0.002222423
1,All Population,4,YLLs (Years of Life Lost),4861,Manipur,1,Male,9,20-24 years,498,Hypertensive heart disease,102,High alcohol use,2,Percent,2023,0.074019776,0.115246758,0.03965859
1,All Population,4,YLLs (Years of Life Lost),4861,Manipur,2,Female,9,20-24 years,498,Hypertensive heart disease,102,High alcohol use,2,Percent,2023,0.004376723,0.009657549,0.000956178
1,All Population,4,YLLs (Years of Life Lost),4844,Bihar,1,Male,9,20-24 years,499,Cardiomyopathy and myocarditis,102,High alcohol use,2,Percent,2018,0.021713838,0.068806678,0.004994134
1,All Population,4,YLLs (Years of Life Lost),4844,Bihar,2,Female,9,20-24 years,499,Cardiomyopathy and myocarditis,102,High alcohol use,2,Percent,2018,0.014831778,0.048881399,0.002772066
1,All Population,4,YLLs (Years of Life Lost),4857,Kerala,1,Male,9,20-24 years,499,Cardiomyopathy and myocarditis,102,High alcohol use,2,Percent,2018,0.01847,0.047982367,0.004857007
1,All Population,4,YLLs (Years of Life Lost),4857,Kerala,2,Female,9,20-24 years,499,Cardiomyopathy and myocarditis,102,High alcohol use,2,Percent,2018,0.011858898,0.037002117,0.002445995
1,All Population,4,YLLs (Years of Life Lost),4870,Tamil Nadu,1,Male,9,20-24 years,498,Hypertensive heart disease,102,High alcohol use,2,Percent,2023,0.065321565,0.099143471,0.036665772
1,All Population,4,YLLs (Years of Life Lost),4870,Tamil Nadu,2,Female,9,20-24 years,498,Hypertensive heart disease,102,High alcohol use,2,Percent,2023,0.000413812,0.001009894,7.45E-05
1,All Population,4,YLLs (Years of Life Lost),4857,Kerala,1,Male,9,20-24 years,494,Stroke,102,High alcohol use,2,Percent,2023,0.007064191,0.022785524,-0.001145532
1,All Population,4,YLLs (Years of Life Lost),4857,Kerala,2,Female,9,20-24 years,494,Stroke,102,High alcohol use,2,Percent,2023,-0.000124213,0.000163065,-0.000393081
1,All Population,4,YLLs (Years of Life Lost),4860,Maharashtra,1,Male,9,20-24 years,493,Ischemic heart disease,102,High alcohol use,2,Percent,2023,-0.016136261,0.015338069,-0.043423182
1,All Population,4,YLLs (Years of Life Lost),4860,Maharashtra,2,Female,9,20-24 years,493,Ischemic heart disease,102,High alcohol use,2,Percent,2023,-0.000350592,0.000368822,-0.001093629
1,All Population,4,YLLs (Years of Life Lost),4874,Uttarakhand,1,Male,9,20-24 years,494,Stroke,102,High alcohol use,2,Percent,2023,0.008693183,0.02744745,-0.001224013
1,All Population,4,YLLs (Years of Life Lost),4874,Uttarakhand,2,Female,9,20-24 years,494,Stroke,102,High alcohol use,2,Percent,2023,-4.24E-05,6.83E-05,-0.000150205
1,All Population,4,YLLs (Years of Life Lost),4852,Haryana,1,Male,9,20-24 years,493,Ischemic heart disease,102,High alcohol use,2,Percent,2023,-0.013379936,0.013163247,-0.037643681
1,All Population,4,YLLs (Years of Life Lost),4852,Haryana,2,Female,9,20-24 years,493,Ischemic heart disease,102,High alcohol use,2,Percent,2023,-0.000361801,0.000348701,-0.001206231
1,All Population,4,YLLs (Years of Life Lost),4854,Jammu & Kashmir and Ladakh,1,Male,9,20-24 years,498,Hypertensive heart disease,102,High alcohol use,2,Percent,2023,0.018532982,0.031064767,0.00811903
1,All Population,4,YLLs (Years of Life Lost),4854,Jammu & Kashmir and Ladakh,2,Female,9,20-24 years,498,Hypertensive heart disease,102,High alcohol use,2,Percent,2023,0.000557,0.001343103,9.96E-05
1,All Population,4,YLLs (Years of Life Lost),4843,Assam,1,Male,9,20-24 years,494,Stroke,332,Chewing tobacco,2,Percent,2023,0.093818263,0.165313619,0.041907409
1,All Population,4,YLLs (Years of Life Lost),4843,Assam,2,Female,9,20-24 years,494,Stroke,332,Chewing tobacco,2,Percent,2023,0.033331587,0.068231632,0.013171797
1,All Population,4,YLLs (Years of Life Lost),4875,West Bengal,1,Male,9,20-24 years,498,Hypertensive heart disease,102,High alcohol use,2,Percent,2018,0.048145761,0.076029951,0.023882308
1,All Population,4,YLLs (Years of Life Lost),4875,West Bengal,2,Female,9,20-24 years,498,Hypertensive heart disease,102,High alcohol use,2,Percent,2018,0.000900612,0.002130911,0.000152913
1,All Population,4,YLLs (Years of Life Lost),4872,Tripura,1,Male,9,20-24 years,494,Stroke,102,High alcohol use,2,Percent,2018,0.012411399,0.038466598,-0.00189871
1,All Population,4,YLLs (Years of Life Lost),4872,Tripura,2,Female,9,20-24 years,494,Stroke,102,High alcohol use,2,Percent,2018,-0.000298473,0.00047943,-0.000979922
1,All Population,4,YLLs (Years of Life Lost),4873,Uttar Pradesh,1,Male,9,20-24 years,494,Stroke,332,Chewing tobacco,2,Percent,2023,0.069505526,0.132726653,0.028261012
1,All Population,4,YLLs (Years of Life Lost),4873,Uttar Pradesh,2,Female,9,20-24 years,494,Stroke,332,Chewing tobacco,2,Percent,2023,0.00898294,0.02101501,0.002709634
1,All Population,4,YLLs (Years of Life Lost),4842,Arunachal Pradesh,1,Male,9,20-24 years,499,Cardiomyopathy and myocarditis,102,High alcohol use,2,Percent,2023,0.021064118,0.064967135,0.004900649
1,All Population,4,YLLs (Years of Life Lost),4842,Arunachal Pradesh,2,Female,9,20-24 years,499,Cardiomyopathy and myocarditis,102,High alcohol use,2,Percent,2023,0.012747271,0.038265316,0.002559482
1,All Population,4,YLLs (Years of Life Lost),4874,Uttarakhand,1,Male,9,20-24 years,494,Stroke,102,High alcohol use,2,Percent,2022,0.008716199,0.028286073,-0.001194207
1,All Population,4,YLLs (Years of Life Lost),4874,Uttarakhand,2,Female,9,20-24 years,494,Stroke,102,High alcohol use,2,Percent,2022,-4.25E-05,6.79E-05,-0.000150419
1,All Population,4,YLLs (Years of Life Lost),44538,Other Union Territories,1,Male,9,20-24 years,493,Ischemic heart disease,102,High alcohol use,2,Percent,2018,-0.027210922,0.023568138,-0.078416174
1,All Population,4,YLLs (Years of Life Lost),44538,Other Union Territories,2,Female,9,20-24 years,493,Ischemic heart disease,102,High alcohol use,2,Percent,2018,-0.000906925,0.000940816,-0.003224619
1,All Population,4,YLLs (Years of Life Lost),4844,Bihar,1,Male,9,20-24 years,494,Stroke,102,High alcohol use,2,Percent,2018,0.00754706,0.024468746,-0.00102064
1,All Population,4,YLLs (Years of Life Lost),4844,Bihar,2,Female,9,20-24 years,494,Stroke,102,High alcohol use,2,Percent,2018,-4.61E-05,6.59E-05,-0.000164065
1,All Population,4,YLLs (Years of Life Lost),4846,Chhattisgarh,1,Male,9,20-24 years,494,Stroke,332,Chewing tobacco,2,Percent,2023,0.088972596,0.161207098,0.039199919
1,All Population,4,YLLs (Years of Life Lost),4846,Chhattisgarh,2,Female,9,20-24 years,494,Stroke,332,Chewing tobacco,2,Percent,2023,0.023590821,0.051816621,0.008275879
1,All Population,4,YLLs (Years of Life Lost),4859,Madhya Pradesh,1,Male,9,20-24 years,493,Ischemic heart disease,102,High alcohol use,2,Percent,2023,-0.019205839,0.017613915,-0.052491999
1,All Population,4,YLLs (Years of Life Lost),4859,Madhya Pradesh,2,Female,9,20-24 years,493,Ischemic heart disease,102,High alcohol use,2,Percent,2023,-0.000812012,0.000875437,-0.002541546
1,All Population,4,YLLs (Years of Life Lost),4843,Assam,1,Male,9,20-24 years,499,Cardiomyopathy and myocarditis,102,High alcohol use,2,Percent,2018,0.022594102,0.065555063,0.005497029
1,All Population,4,YLLs (Years of Life Lost),4843,Assam,2,Female,9,20-24 years,499,Cardiomyopathy and myocarditis,102,High alcohol use,2,Percent,2018,0.014131905,0.05033447,0.00224943
1,All Population,4,YLLs (Years of Life Lost),4869,Sikkim,1,Male,9,20-24 years,499,Cardiomyopathy and myocarditis,102,High alcohol use,2,Percent,2022,0.020122216,0.054815234,0.004916344
1,All Population,4,YLLs (Years of Life Lost),4869,Sikkim,2,Female,9,20-24 years,499,Cardiomyopathy and myocarditis,102,High alcohol use,2,Percent,2022,0.012160401,0.037669744,0.002215854
1,All Population,4,YLLs (Years of Life Lost),4846,Chhattisgarh,1,Male,9,20-24 years,499,Cardiomyopathy and myocarditis,102,High alcohol use,2,Percent,2023,0.020384166,0.05868489,0.00492434
1,All Population,4,YLLs (Years of Life Lost),4846,Chhattisgarh,2,Female,9,20-24 years,499,Cardiomyopathy and myocarditis,102,High alcohol use,2,Percent,2023,0.013670739,0.044626142,0.002334595
1,All Population,4,YLLs (Years of Life Lost),4856,Karnataka,1,Male,9,20-24 years,498,Hypertensive heart disease,102,High alcohol use,2,Percent,2023,0.04615783,0.075721443,0.021811053
1,All Population,4,YLLs (Years of Life Lost),4856,Karnataka,2,Female,9,20-24 years,498,Hypertensive heart disease,102,High alcohol use,2,Percent,2023,0.003279092,0.006573221,0.00098319
1,All Population,4,YLLs (Years of Life Lost),4860,Maharashtra,1,Male,9,20-24 years,498,Hypertensive heart disease,102,High alcohol use,2,Percent,2018,0.031628006,0.048935325,0.016262423
1,All Population,4,YLLs (Years of Life Lost),4860,Maharashtra,2,Female,9,20-24 years,498,Hypertensive heart disease,102,High alcohol use,2,Percent,2018,0.000462423,0.001057431,8.90E-05
1,All Population,4,YLLs (Years of Life Lost),4855,Jharkhand,1,Male,9,20-24 years,493,Ischemic heart disease,102,High alcohol use,2,Percent,2022,-0.032147289,0.028469747,-0.08836571
1,All Population,4,YLLs (Years of Life Lost),4855,Jharkhand,2,Female,9,20-24 years,493,Ischemic heart disease,102,High alcohol use,2,Percent,2022,-0.002591665,0.002626669,-0.008242411
1,All Population,4,YLLs (Years of Life Lost),4853,Himachal Pradesh,1,Male,9,20-24 years,499,Cardiomyopathy and myocarditis,102,High alcohol use,2,Percent,2019,0.020967612,0.056101731,0.005133864
1,All Population,4,YLLs (Years of Life Lost),4853,Himachal Pradesh,2,Female,9,20-24 years,499,Cardiomyopathy and myocarditis,102,High alcohol use,2,Percent,2019,0.013999954,0.051796683,0.00264536
1,All Population,4,YLLs (Years of Life Lost),4854,Jammu & Kashmir and Ladakh,1,Male,9,20-24 years,494,Stroke,102,High alcohol use,2,Percent,2018,0.003192357,0.010326749,-0.000455285
1,All Population,4,YLLs (Years of Life Lost),4854,Jammu & Kashmir and Ladakh,2,Female,9,20-24 years,494,Stroke,102,High alcohol use,2,Percent,2018,-3.59E-05,6.44E-05,-0.000137295
1,All Population,4,YLLs (Years of Life Lost),4841,Andhra Pradesh,1,Male,9,20-24 years,498,Hypertensive heart disease,102,High alcohol use,2,Percent,2018,0.057663345,0.090307627,0.029053645
1,All Population,4,YLLs (Years of Life Lost),4841,Andhra Pradesh,2,Female,9,20-24 years,498,Hypertensive heart disease,102,High alcohol use,2,Percent,2018,0.001813404,0.004028768,0.00033065
1,All Population,4,YLLs (Years of Life Lost),4855,Jharkhand,1,Male,9,20-24 years,499,Cardiomyopathy and myocarditis,102,High alcohol use,2,Percent,2019,0.021489299,0.063081517,0.005074022
1,All Population,4,YLLs (Years of Life Lost),4855,Jharkhand,2,Female,9,20-24 years,499,Cardiomyopathy and myocarditis,102,High alcohol use,2,Percent,2019,0.014645639,0.045691352,0.003061992
1,All Population,4,YLLs (Years of Life Lost),4875,West Bengal,1,Male,9,20-24 years,494,Stroke,332,Chewing tobacco,2,Percent,2018,0.063132403,0.110940012,0.028329141
1,All Population,4,YLLs (Years of Life Lost),4875,West Bengal,2,Female,9,20-24 years,494,Stroke,332,Chewing tobacco,2,Percent,2018,0.016797226,0.034575741,0.005985185
1,All Population,4,YLLs (Years of Life Lost),4849,Delhi,1,Male,9,20-24 years,494,Stroke,102,High alcohol use,2,Percent,2019,0.006799665,0.022294274,-0.000947874
1,All Population,4,YLLs (Years of Life Lost),4849,Delhi,2,Female,9,20-24 years,494,Stroke,102,High alcohol use,2,Percent,2019,-8.31E-05,7.28E-05,-0.00028242
1,All Population,4,YLLs (Years of Life Lost),4868,Rajasthan,1,Male,9,20-24 years,498,Hypertensive heart disease,102,High alcohol use,2,Percent,2019,0.024314806,0.039727617,0.011790804
1,All Population,4,YLLs (Years of Life Lost),4868,Rajasthan,2,Female,9,20-24 years,498,Hypertensive heart disease,102,High alcohol use,2,Percent,2019,0.000746479,0.001635416,0.000136837
1,All Population,4,YLLs (Years of Life Lost),4855,Jharkhand,1,Male,9,20-24 years,494,Stroke,102,High alcohol use,2,Percent,2018,0.01121208,0.035130941,-0.001653075
1,All Population,4,YLLs (Years of Life Lost),4855,Jharkhand,2,Female,9,20-24 years,494,Stroke,102,High alcohol use,2,Percent,2018,-0.000281169,0.000500907,-0.000999822
1,All Population,4,YLLs (Years of Life Lost),4859,Madhya Pradesh,1,Male,9,20-24 years,499,Cardiomyopathy and myocarditis,102,High alcohol use,2,Percent,2019,0.022790658,0.071561122,0.005313726
1,All Population,4,YLLs (Years of Life Lost),4859,Madhya Pradesh,2,Female,9,20-24 years,499,Cardiomyopathy and myocarditis,102,High alcohol use,2,Percent,2019,0.015611461,0.05141175,0.002964704
1,All Population,4,YLLs (Years of Life Lost),4842,Arunachal Pradesh,1,Male,9,20-24 years,494,Stroke,332,Chewing tobacco,2,Percent,2018,0.102827092,0.166196663,0.053746836
1,All Population,4,YLLs (Years of Life Lost),4842,Arunachal Pradesh,2,Female,9,20-24 years,494,Stroke,332,Chewing tobacco,2,Percent,2018,0.03655569,0.069177317,0.014624766
1,All Population,4,YLLs (Years of Life Lost),4853,Himachal Pradesh,1,Male,9,20-24 years,493,Ischemic heart disease,102,High alcohol use,2,Percent,2023,-0.023188588,0.021486716,-0.067482813
1,All Population,4,YLLs (Years of Life Lost),4853,Himachal Pradesh,2,Female,9,20-24 years,493,Ischemic heart disease,102,High alcohol use,2,Percent,2023,-0.000650107,0.000646085,-0.00216032
1,All Population,4,YLLs (Years of Life Lost),4844,Bihar,1,Male,9,20-24 years,494,Stroke,332,Chewing tobacco,2,Percent,2019,0.075287575,0.133324155,0.033462566
1,All Population,4,YLLs (Years of Life Lost),4844,Bihar,2,Female,9,20-24 years,494,Stroke,332,Chewing tobacco,2,Percent,2019,0.00418458,0.009994844,0.001188221
1,All Population,4,YLLs (Years of Life Lost),4862,Meghalaya,1,Male,9,20-24 years,499,Cardiomyopathy and myocarditis,102,High alcohol use,2,Percent,2023,0.024909531,0.075239654,0.004854746
1,All Population,4,YLLs (Years of Life Lost),4862,Meghalaya,2,Female,9,20-24 years,499,Cardiomyopathy and myocarditis,102,High alcohol use,2,Percent,2023,0.013674318,0.045445008,0.002782986
1,All Population,4,YLLs (Years of Life Lost),4844,Bihar,1,Male,9,20-24 years,498,Hypertensive heart disease,102,High alcohol use,2,Percent,2018,0.042331385,0.067940471,0.020166321
1,All Population,4,YLLs (Years of Life Lost),4844,Bihar,2,Female,9,20-24 years,498,Hypertensive heart disease,102,High alcohol use,2,Percent,2018,0.000560252,0.001321017,9.44E-05
1,All Population,4,YLLs (Years of Life Lost),4851,Gujarat,1,Male,9,20-24 years,493,Ischemic heart disease,102,High alcohol use,2,Percent,2019,-0.007089882,0.007045827,-0.020535465
1,All Population,4,YLLs (Years of Life Lost),4851,Gujarat,2,Female,9,20-24 years,493,Ischemic heart disease,102,High alcohol use,2,Percent,2019,-0.000307487,0.000311918,-0.001051314
1,All Population,4,YLLs (Years of Life Lost),4860,Maharashtra,1,Male,9,20-24 years,494,Stroke,102,High alcohol use,2,Percent,2019,0.005697977,0.018044129,-0.000915352
1,All Population,4,YLLs (Years of Life Lost),4860,Maharashtra,2,Female,9,20-24 years,494,Stroke,102,High alcohol use,2,Percent,2019,-3.56E-05,5.57E-05,-0.000118992
1,All Population,4,YLLs (Years of Life Lost),4841,Andhra Pradesh,1,Male,9,20-24 years,493,Ischemic heart disease,102,High alcohol use,2,Percent,2018,-0.031709287,0.02736858,-0.090134422
1,All Population,4,YLLs (Years of Life Lost),4841,Andhra Pradesh,2,Female,9,20-24 years,493,Ischemic heart disease,102,High alcohol use,2,Percent,2018,-0.001158546,0.001305395,-0.003879596
1,All Population,4,YLLs (Years of Life Lost),4852,Haryana,1,Male,9,20-24 years,494,Stroke,102,High alcohol use,2,Percent,2018,5.32E-05,0.0041864,-0.002172776
1,All Population,4,YLLs (Years of Life Lost),4852,Haryana,2,Female,9,20-24 years,494,Stroke,102,High alcohol use,2,Percent,2018,-4.02E-05,5.71E-05,-0.000148525
1,All Population,4,YLLs (Years of Life Lost),4865,Odisha,1,Male,9,20-24 years,499,Cardiomyopathy and myocarditis,102,High alcohol use,2,Percent,2019,0.021166936,0.066774577,0.004886745
1,All Population,4,YLLs (Years of Life Lost),4865,Odisha,2,Female,9,20-24 years,499,Cardiomyopathy and myocarditis,102,High alcohol use,2,Percent,2019,0.01355461,0.045512595,0.002239108
1,All Population,4,YLLs (Years of Life Lost),4873,Uttar Pradesh,1,Male,9,20-24 years,494,Stroke,102,High alcohol use,2,Percent,2019,0.000125774,0.003153901,-0.002214493
1,All Population,4,YLLs (Years of Life Lost),4873,Uttar Pradesh,2,Female,9,20-24 years,494,Stroke,102,High alcohol use,2,Percent,2019,-2.97E-05,4.50E-05,-0.000121115
1,All Population,4,YLLs (Years of Life Lost),4864,Nagaland,1,Male,9,20-24 years,498,Hypertensive heart disease,102,High alcohol use,2,Percent,2019,0.065651189,0.100746547,0.034344887
1,All Population,4,YLLs (Years of Life Lost),4864,Nagaland,2,Female,9,20-24 years,498,Hypertensive heart disease,102,High alcohol use,2,Percent,2019,0.003832974,0.008512482,0.000765659
1,All Population,4,YLLs (Years of Life Lost),4855,Jharkhand,1,Male,9,20-24 years,498,Hypertensive heart disease,102,High alcohol use,2,Percent,2019,0.05931674,0.091769954,0.031527702
1,All Population,4,YLLs (Years of Life Lost),4855,Jharkhand,2,Female,9,20-24 years,498,Hypertensive heart disease,102,High alcohol use,2,Percent,2019,0.003556927,0.008189061,0.000612738
1,All Population,4,YLLs (Years of Life Lost),4849,Delhi,1,Male,9,20-24 years,498,Hypertensive heart disease,102,High alcohol use,2,Percent,2018,0.041613634,0.066479085,0.020256413
1,All Population,4,YLLs (Years of Life Lost),4849,Delhi,2,Female,9,20-24 years,498,Hypertensive heart disease,102,High alcohol use,2,Percent,2018,0.000816557,0.001917477,0.000137391
1,All Population,4,YLLs (Years of Life Lost),4853,Himachal Pradesh,1,Male,9,20-24 years,498,Hypertensive heart disease,102,High alcohol use,2,Percent,2019,0.043644831,0.069117291,0.02198274
1,All Population,4,YLLs (Years of Life Lost),4853,Himachal Pradesh,2,Female,9,20-24 years,498,Hypertensive heart disease,102,High alcohol use,2,Percent,2019,0.000875429,0.002036671,0.000151766
1,All Population,4,YLLs (Years of Life Lost),4842,Arunachal Pradesh,1,Male,9,20-24 years,499,Cardiomyopathy and myocarditis,102,High alcohol use,2,Percent,2018,0.022592954,0.066979333,0.005210609
1,All Population,4,YLLs (Years of Life Lost),4842,Arunachal Pradesh,2,Female,9,20-24 years,499,Cardiomyopathy and myocarditis,102,High alcohol use,2,Percent,2018,0.013432698,0.042420897,0.002654803
1,All Population,4,YLLs (Years of Life Lost),4842,Arunachal Pradesh,1,Male,9,20-24 years,493,Ischemic heart disease,102,High alcohol use,2,Percent,2019,-0.061629876,0.051047185,-0.173942479
1,All Population,4,YLLs (Years of Life Lost),4842,Arunachal Pradesh,2,Female,9,20-24 years,493,Ischemic heart disease,102,High alcohol use,2,Percent,2019,-0.012090913,0.012504365,-0.038922147
1,All Population,4,YLLs (Years of Life Lost),4873,Uttar Pradesh,1,Male,9,20-24 years,499,Cardiomyopathy and myocarditis,102,High alcohol use,2,Percent,2018,0.024311149,0.081005586,0.005564131
1,All Population,4,YLLs (Years of Life Lost),4873,Uttar Pradesh,2,Female,9,20-24 years,499,Cardiomyopathy and myocarditis,102,High alcohol use,2,Percent,2018,0.01713752,0.057444239,0.002863934
1,All Population,4,YLLs (Years of Life Lost),4849,Delhi,1,Male,9,20-24 years,499,Cardiomyopathy and myocarditis,102,High alcohol use,2,Percent,2019,0.023960005,0.060508517,0.006039104
1,All Population,4,YLLs (Years of Life Lost),4849,Delhi,2,Female,9,20-24 years,499,Cardiomyopathy and myocarditis,102,High alcohol use,2,Percent,2019,0.017893147,0.057966677,0.004325965
1,All Population,4,YLLs (Years of Life Lost),4850,Goa,1,Male,9,20-24 years,498,Hypertensive heart disease,102,High alcohol use,2,Percent,2018,0.074589121,0.114561193,0.039084738
1,All Population,4,YLLs (Years of Life Lost),4850,Goa,2,Female,9,20-24 years,498,Hypertensive heart disease,102,High alcohol use,2,Percent,2018,0.004371372,0.009984387,0.000845045
1,All Population,4,YLLs (Years of Life Lost),4851,Gujarat,1,Male,9,20-24 years,499,Cardiomyopathy and myocarditis,102,High alcohol use,2,Percent,2018,0.019759915,0.062037038,0.004626834
1,All Population,4,YLLs (Years of Life Lost),4851,Gujarat,2,Female,9,20-24 years,499,Cardiomyopathy and myocarditis,102,High alcohol use,2,Percent,2018,0.013465174,0.045815231,0.002617796
1,All Population,4,YLLs (Years of Life Lost),4867,Punjab,1,Male,9,20-24 years,498,Hypertensive heart disease,102,High alcohol use,2,Percent,2018,0.051134375,0.079961332,0.025813533
1,All Population,4,YLLs (Years of Life Lost),4867,Punjab,2,Female,9,20-24 years,498,Hypertensive heart disease,102,High alcohol use,2,Percent,2018,0.000438047,0.001007495,7.44E-05
1,All Population,4,YLLs (Years of Life Lost),4860,Maharashtra,1,Male,9,20-24 years,493,Ischemic heart disease,102,High alcohol use,2,Percent,2018,-0.016427797,0.014931581,-0.043745995
1,All Population,4,YLLs (Years of Life Lost),4860,Maharashtra,2,Female,9,20-24 years,493,Ischemic heart disease,102,High alcohol use,2,Percent,2018,-0.0003055,0.000336475,-0.000985827
1,All Population,4,YLLs (Years of Life Lost),4869,Sikkim,1,Male,9,20-24 years,493,Ischemic heart disease,102,High alcohol use,2,Percent,2018,-0.040673178,0.034081602,-0.114998449
1,All Population,4,YLLs (Years of Life Lost),4869,Sikkim,2,Female,9,20-24 years,493,Ischemic heart disease,102,High alcohol use,2,Percent,2018,-0.008394603,0.008866933,-0.027495817
1,All Population,4,YLLs (Years of Life Lost),4855,Jharkhand,1,Male,9,20-24 years,498,Hypertensive heart disease,102,High alcohol use,2,Percent,2023,0.059033268,0.090996265,0.032206003
1,All Population,4,YLLs (Years of Life Lost),4855,Jharkhand,2,Female,9,20-24 years,498,Hypertensive heart disease,102,High alcohol use,2,Percent,2023,0.003625475,0.008185261,0.000650465
1,All Population,4,YLLs (Years of Life Lost),4850,Goa,1,Male,9,20-24 years,499,Cardiomyopathy and myocarditis,102,High alcohol use,2,Percent,2023,0.016757906,0.041818138,0.004525544
1,All Population,4,YLLs (Years of Life Lost),4850,Goa,2,Female,9,20-24 years,499,Cardiomyopathy and myocarditis,102,High alcohol use,2,Percent,2023,0.011777263,0.035229025,0.00234063
1,All Population,4,YLLs (Years of Life Lost),4867,Punjab,1,Male,9,20-24 years,494,Stroke,102,High alcohol use,2,Percent,2018,0.008881105,0.029632429,-0.001316348
1,All Population,4,YLLs (Years of Life Lost),4867,Punjab,2,Female,9,20-24 years,494,Stroke,102,High alcohol use,2,Percent,2018,-3.34E-05,4.62E-05,-0.000110761
1,All Population,4,YLLs (Years of Life Lost),4849,Delhi,1,Male,9,20-24 years,493,Ischemic heart disease,102,High alcohol use,2,Percent,2018,-0.022118451,0.019818678,-0.063605597
1,All Population,4,YLLs (Years of Life Lost),4849,Delhi,2,Female,9,20-24 years,493,Ischemic heart disease,102,High alcohol use,2,Percent,2018,-0.000547003,0.000588679,-0.001898715
1,All Population,4,YLLs (Years of Life Lost),4873,Uttar Pradesh,1,Male,9,20-24 years,494,Stroke,332,Chewing tobacco,2,Percent,2018,0.081922886,0.139076504,0.039945676
1,All Population,4,YLLs (Years of Life Lost),4873,Uttar Pradesh,2,Female,9,20-24 years,494,Stroke,332,Chewing tobacco,2,Percent,2018,0.010460138,0.022997694,0.003221378
1,All Population,4,YLLs (Years of Life Lost),4852,Haryana,1,Male,9,20-24 years,498,Hypertensive heart disease,102,High alcohol use,2,Percent,2018,0.020966887,0.036873076,0.007108856
1,All Population,4,YLLs (Years of Life Lost),4852,Haryana,2,Female,9,20-24 years,498,Hypertensive heart disease,102,High alcohol use,2,Percent,2018,0.000486846,0.00116736,8.32E-05
1,All Population,4,YLLs (Years of Life Lost),4874,Uttarakhand,1,Male,9,20-24 years,494,Stroke,102,High alcohol use,2,Percent,2021,0.008750423,0.028943094,-0.001193766
1,All Population,4,YLLs (Years of Life Lost),4874,Uttarakhand,2,Female,9,20-24 years,494,Stroke,102,High alcohol use,2,Percent,2021,-4.12E-05,6.73E-05,-0.000153602
1,All Population,4,YLLs (Years of Life Lost),44538,Other Union Territories,1,Male,9,20-24 years,499,Cardiomyopathy and myocarditis,102,High alcohol use,2,Percent,2022,0.018919544,0.053892878,0.005020627
1,All Population,4,YLLs (Years of Life Lost),44538,Other Union Territories,2,Female,9,20-24 years,499,Cardiomyopathy and myocarditis,102,High alcohol use,2,Percent,2022,0.013907723,0.047279684,0.003093313
1,All Population,4,YLLs (Years of Life Lost),4841,Andhra Pradesh,1,Male,9,20-24 years,494,Stroke,332,Chewing tobacco,2,Percent,2019,0.01910898,0.033516743,0.00917248
1,All Population,4,YLLs (Years of Life Lost),4841,Andhra Pradesh,2,Female,9,20-24 years,494,Stroke,332,Chewing tobacco,2,Percent,2019,0.004630753,0.010849101,0.001255359
1,All Population,4,YLLs (Years of Life Lost),44538,Other Union Territories,1,Male,9,20-24 years,498,Hypertensive heart disease,102,High alcohol use,2,Percent,2018,0.05070717,0.080115405,0.024948951
1,All Population,4,YLLs (Years of Life Lost),44538,Other Union Territories,2,Female,9,20-24 years,498,Hypertensive heart disease,102,High alcohol use,2,Percent,2018,0.001351183,0.003266764,0.000235443
1,All Population,4,YLLs (Years of Life Lost),4871,Telangana,1,Male,9,20-24 years,493,Ischemic heart disease,102,High alcohol use,2,Percent,2019,-0.045945408,0.038997518,-0.129716992
1,All Population,4,YLLs (Years of Life Lost),4871,Telangana,2,Female,9,20-24 years,493,Ischemic heart disease,102,High alcohol use,2,Percent,2019,-0.002108696,0.002212932,-0.006978679
1,All Population,4,YLLs (Years of Life Lost),4846,Chhattisgarh,1,Male,9,20-24 years,494,Stroke,332,Chewing tobacco,2,Percent,2019,0.097187796,0.15875151,0.049115067
1,All Population,4,YLLs (Years of Life Lost),4846,Chhattisgarh,2,Female,9,20-24 years,494,Stroke,332,Chewing tobacco,2,Percent,2019,0.027592203,0.055469716,0.010281546
1,All Population,4,YLLs (Years of Life Lost),4851,Gujarat,1,Male,9,20-24 years,494,Stroke,332,Chewing tobacco,2,Percent,2019,0.086617389,0.14964716,0.039182464
1,All Population,4,YLLs (Years of Life Lost),4851,Gujarat,2,Female,9,20-24 years,494,Stroke,332,Chewing tobacco,2,Percent,2019,0.009914656,0.021361399,0.003214905
1,All Population,4,YLLs (Years of Life Lost),4841,Andhra Pradesh,1,Male,9,20-24 years,493,Ischemic heart disease,102,High alcohol use,2,Percent,2019,-0.031503956,0.027212361,-0.091563963
1,All Population,4,YLLs (Years of Life Lost),4841,Andhra Pradesh,2,Female,9,20-24 years,493,Ischemic heart disease,102,High alcohol use,2,Percent,2019,-0.00116833,0.001305871,-0.003834157
1,All Population,4,YLLs (Years of Life Lost),4872,Tripura,1,Male,9,20-24 years,499,Cardiomyopathy and myocarditis,102,High alcohol use,2,Percent,2018,0.022313482,0.064043722,0.005360241
1,All Population,4,YLLs (Years of Life Lost),4872,Tripura,2,Female,9,20-24 years,499,Cardiomyopathy and myocarditis,102,High alcohol use,2,Percent,2018,0.01380707,0.04557092,0.002728244
1,All Population,4,YLLs (Years of Life Lost),4843,Assam,1,Male,9,20-24 years,499,Cardiomyopathy and myocarditis,102,High alcohol use,2,Percent,2019,0.022391021,0.064041455,0.005169746
1,All Population,4,YLLs (Years of Life Lost),4843,Assam,2,Female,9,20-24 years,499,Cardiomyopathy and myocarditis,102,High alcohol use,2,Percent,2019,0.014070414,0.049824063,0.002144918
1,All Population,4,YLLs (Years of Life Lost),44538,Other Union Territories,1,Male,9,20-24 years,499,Cardiomyopathy and myocarditis,102,High alcohol use,2,Percent,2023,0.018760366,0.052065219,0.004948605
1,All Population,4,YLLs (Years of Life Lost),44538,Other Union Territories,2,Female,9,20-24 years,499,Cardiomyopathy and myocarditis,102,High alcohol use,2,Percent,2023,0.013722181,0.046608295,0.002995484
1,All Population,4,YLLs (Years of Life Lost),4875,West Bengal,1,Male,9,20-24 years,493,Ischemic heart disease,102,High alcohol use,2,Percent,2022,-0.026751954,0.024437048,-0.079919854
1,All Population,4,YLLs (Years of Life Lost),4875,West Bengal,2,Female,9,20-24 years,493,Ischemic heart disease,102,High alcohol use,2,Percent,2022,-0.0006765,0.000666598,-0.002288289
1,All Population,4,YLLs (Years of Life Lost),4859,Madhya Pradesh,1,Male,9,20-24 years,494,Stroke,332,Chewing tobacco,2,Percent,2018,0.097935853,0.161579232,0.047137851
1,All Population,4,YLLs (Years of Life Lost),4859,Madhya Pradesh,2,Female,9,20-24 years,494,Stroke,332,Chewing tobacco,2,Percent,2018,0.021550288,0.043003826,0.008419126
1,All Population,4,YLLs (Years of Life Lost),4850,Goa,1,Male,9,20-24 years,494,Stroke,332,Chewing tobacco,2,Percent,2019,0.018575441,0.038497974,0.006522187
1,All Population,4,YLLs (Years of Life Lost),4850,Goa,2,Female,9,20-24 years,494,Stroke,332,Chewing tobacco,2,Percent,2019,0.003693353,0.008579378,0.001039921
1,All Population,4,YLLs (Years of Life Lost),4871,Telangana,1,Male,9,20-24 years,499,Cardiomyopathy and myocarditis,102,High alcohol use,2,Percent,2018,0.020114364,0.060411746,0.004703594
1,All Population,4,YLLs (Years of Life Lost),4871,Telangana,2,Female,9,20-24 years,499,Cardiomyopathy and myocarditis,102,High alcohol use,2,Percent,2018,0.013211507,0.042544996,0.002909795
1,All Population,4,YLLs (Years of Life Lost),4846,Chhattisgarh,1,Male,9,20-24 years,499,Cardiomyopathy and myocarditis,102,High alcohol use,2,Percent,2019,0.022500209,0.070881942,0.005036128
1,All Population,4,YLLs (Years of Life Lost),4846,Chhattisgarh,2,Female,9,20-24 years,499,Cardiomyopathy and myocarditis,102,High alcohol use,2,Percent,2019,0.015092265,0.051663391,0.002587464
1,All Population,4,YLLs (Years of Life Lost),4862,Meghalaya,1,Male,9,20-24 years,499,Cardiomyopathy and myocarditis,102,High alcohol use,2,Percent,2019,0.026228583,0.079511068,0.005258279
1,All Population,4,YLLs (Years of Life Lost),4862,Meghalaya,2,Female,9,20-24 years,499,Cardiomyopathy and myocarditis,102,High alcohol use,2,Percent,2019,0.014303063,0.050140048,0.002968141
1,All Population,4,YLLs (Years of Life Lost),4867,Punjab,1,Male,9,20-24 years,494,Stroke,332,Chewing tobacco,2,Percent,2019,0.01739484,0.036222656,0.005988881
1,All Population,4,YLLs (Years of Life Lost),4867,Punjab,2,Female,9,20-24 years,494,Stroke,332,Chewing tobacco,2,Percent,2019,0.001681118,0.004020923,0.000458924
1,All Population,4,YLLs (Years of Life Lost),4863,Mizoram,1,Male,9,20-24 years,494,Stroke,102,High alcohol use,2,Percent,2018,0.011077575,0.033869154,-0.001732651
1,All Population,4,YLLs (Years of Life Lost),4863,Mizoram,2,Female,9,20-24 years,494,Stroke,102,High alcohol use,2,Percent,2018,-0.000250883,0.000428003,-0.000856907
1,All Population,4,YLLs (Years of Life Lost),4875,West Bengal,1,Male,9,20-24 years,494,Stroke,102,High alcohol use,2,Percent,2019,0.008547341,0.02742981,-0.001238328
1,All Population,4,YLLs (Years of Life Lost),4875,West Bengal,2,Female,9,20-24 years,494,Stroke,102,High alcohol use,2,Percent,2019,-7.54E-05,9.86E-05,-0.000267151
1,All Population,4,YLLs (Years of Life Lost),4874,Uttarakhand,1,Male,9,20-24 years,494,Stroke,102,High alcohol use,2,Percent,2018,0.008634032,0.028845803,-0.001216343
1,All Population,4,YLLs (Years of Life Lost),4874,Uttarakhand,2,Female,9,20-24 years,494,Stroke,102,High alcohol use,2,Percent,2018,-3.67E-05,5.58E-05,-0.000128934
1,All Population,4,YLLs (Years of Life Lost),4863,Mizoram,1,Male,9,20-24 years,494,Stroke,332,Chewing tobacco,2,Percent,2018,0.0617493,0.113401545,0.027226034
1,All Population,4,YLLs (Years of Life Lost),4863,Mizoram,2,Female,9,20-24 years,494,Stroke,332,Chewing tobacco,2,Percent,2018,0.118893398,0.18526655,0.060536992
1,All Population,4,YLLs (Years of Life Lost),4865,Odisha,1,Male,9,20-24 years,494,Stroke,102,High alcohol use,2,Percent,2018,0.011285153,0.034707779,-0.001703537
1,All Population,4,YLLs (Years of Life Lost),4865,Odisha,2,Female,9,20-24 years,494,Stroke,102,High alcohol use,2,Percent,2018,-0.000188953,0.000330257,-0.000640763
1,All Population,4,YLLs (Years of Life Lost),4872,Tripura,1,Male,9,20-24 years,494,Stroke,332,Chewing tobacco,2,Percent,2018,0.094802759,0.158213591,0.046275717
1,All Population,4,YLLs (Years of Life Lost),4872,Tripura,2,Female,9,20-24 years,494,Stroke,332,Chewing tobacco,2,Percent,2018,0.090427254,0.153934584,0.041002574
1,All Population,4,YLLs (Years of Life Lost),4871,Telangana,1,Male,9,20-24 years,498,Hypertensive heart disease,102,High alcohol use,2,Percent,2019,0.080588363,0.121105304,0.04354738
1,All Population,4,YLLs (Years of Life Lost),4871,Telangana,2,Female,9,20-24 years,498,Hypertensive heart disease,102,High alcohol use,2,Percent,2019,0.003143473,0.007335454,0.000539102
1,All Population,4,YLLs (Years of Life Lost),4857,Kerala,1,Male,9,20-24 years,494,Stroke,102,High alcohol use,2,Percent,2019,0.007322538,0.023130007,-0.001204043
1,All Population,4,YLLs (Years of Life Lost),4857,Kerala,2,Female,9,20-24 years,494,Stroke,102,High alcohol use,2,Percent,2019,-0.000115059,0.000146386,-0.000378019
1,All Population,4,YLLs (Years of Life Lost),4869,Sikkim,1,Male,9,20-24 years,493,Ischemic heart disease,102,High alcohol use,2,Percent,2023,-0.04070072,0.033973462,-0.121682359
1,All Population,4,YLLs (Years of Life Lost),4869,Sikkim,2,Female,9,20-24 years,493,Ischemic heart disease,102,High alcohol use,2,Percent,2023,-0.008975307,0.00872594,-0.028932445
1,All Population,4,YLLs (Years of Life Lost),4868,Rajasthan,1,Male,9,20-24 years,494,Stroke,102,High alcohol use,2,Percent,2018,0.004081903,0.013764994,-0.000592871
1,All Population,4,YLLs (Years of Life Lost),4868,Rajasthan,2,Female,9,20-24 years,494,Stroke,102,High alcohol use,2,Percent,2018,-6.07E-05,8.09E-05,-0.000195763
1,All Population,4,YLLs (Years of Life Lost),4856,Karnataka,1,Male,9,20-24 years,498,Hypertensive heart disease,102,High alcohol use,2,Percent,2018,0.047004679,0.075062945,0.022852819
1,All Population,4,YLLs (Years of Life Lost),4856,Karnataka,2,Female,9,20-24 years,498,Hypertensive heart disease,102,High alcohol use,2,Percent,2018,0.005220913,0.009920801,0.001342414
1,All Population,4,YLLs (Years of Life Lost),4856,Karnataka,1,Male,9,20-24 years,499,Cardiomyopathy and myocarditis,102,High alcohol use,2,Percent,2018,0.019508556,0.058963105,0.004623259
1,All Population,4,YLLs (Years of Life Lost),4856,Karnataka,2,Female,9,20-24 years,499,Cardiomyopathy and myocarditis,102,High alcohol use,2,Percent,2018,0.011984182,0.039523967,0.00225397
1,All Population,4,YLLs (Years of Life Lost),4857,Kerala,1,Male,9,20-24 years,493,Ischemic heart disease,102,High alcohol use,2,Percent,2019,-0.024689601,0.021956966,-0.072151335
1,All Population,4,YLLs (Years of Life Lost),4857,Kerala,2,Female,9,20-24 years,493,Ischemic heart disease,102,High alcohol use,2,Percent,2019,-0.000969299,0.001032566,-0.003137838
1,All Population,4,YLLs (Years of Life Lost),4873,Uttar Pradesh,1,Male,9,20-24 years,498,Hypertensive heart disease,102,High alcohol use,2,Percent,2019,0.017438599,0.027708331,0.006601329
1,All Population,4,YLLs (Years of Life Lost),4873,Uttar Pradesh,2,Female,9,20-24 years,498,Hypertensive heart disease,102,High alcohol use,2,Percent,2019,0.000367246,0.000949026,5.88E-05
1,All Population,4,YLLs (Years of Life Lost),4857,Kerala,1,Male,9,20-24 years,494,Stroke,332,Chewing tobacco,2,Percent,2019,0.015952706,0.032882768,0.005516342
1,All Population,4,YLLs (Years of Life Lost),4857,Kerala,2,Female,9,20-24 years,494,Stroke,332,Chewing tobacco,2,Percent,2019,0.003288836,0.007620292,0.000919926
1,All Population,4,YLLs (Years of Life Lost),4853,Himachal Pradesh,1,Male,9,20-24 years,494,Stroke,102,High alcohol use,2,Percent,2019,0.007475048,0.023202307,-0.001123438
1,All Population,4,YLLs (Years of Life Lost),4853,Himachal Pradesh,2,Female,9,20-24 years,494,Stroke,102,High alcohol use,2,Percent,2019,-6.55E-05,0.000113022,-0.000233375
1,All Population,4,YLLs (Years of Life Lost),4875,West Bengal,1,Male,9,20-24 years,493,Ischemic heart disease,102,High alcohol use,2,Percent,2019,-0.02728792,0.024176683,-0.080439249
1,All Population,4,YLLs (Years of Life Lost),4875,West Bengal,2,Female,9,20-24 years,493,Ischemic heart disease,102,High alcohol use,2,Percent,2019,-0.000625234,0.00063987,-0.002110947
1,All Population,4,YLLs (Years of Life Lost),4861,Manipur,1,Male,9,20-24 years,494,Stroke,332,Chewing tobacco,2,Percent,2018,0.130842629,0.203341324,0.07090901
1,All Population,4,YLLs (Years of Life Lost),4861,Manipur,2,Female,9,20-24 years,494,Stroke,332,Chewing tobacco,2,Percent,2018,0.10040154,0.15955655,0.052000989
1,All Population,4,YLLs (Years of Life Lost),44538,Other Union Territories,1,Male,9,20-24 years,494,Stroke,332,Chewing tobacco,2,Percent,2019,0.031951009,0.057360163,0.013976068
1,All Population,4,YLLs (Years of Life Lost),44538,Other Union Territories,2,Female,9,20-24 years,494,Stroke,332,Chewing tobacco,2,Percent,2019,0.004016709,0.009509719,0.001117189
1,All Population,4,YLLs (Years of Life Lost),4865,Odisha,1,Male,9,20-24 years,494,Stroke,332,Chewing tobacco,2,Percent,2018,0.097497076,0.15828819,0.049244895
1,All Population,4,YLLs (Years of Life Lost),4865,Odisha,2,Female,9,20-24 years,494,Stroke,332,Chewing tobacco,2,Percent,2018,0.02938493,0.061826254,0.010471711
1,All Population,4,YLLs (Years of Life Lost),4869,Sikkim,1,Male,9,20-24 years,499,Cardiomyopathy and myocarditis,102,High alcohol use,2,Percent,2018,0.02141565,0.061296802,0.005103601
1,All Population,4,YLLs (Years of Life Lost),4869,Sikkim,2,Female,9,20-24 years,499,Cardiomyopathy and myocarditis,102,High alcohol use,2,Percent,2018,0.012696249,0.039646158,0.002444851
1,All Population,4,YLLs (Years of Life Lost),4851,Gujarat,1,Male,9,20-24 years,498,Hypertensive heart disease,102,High alcohol use,2,Percent,2018,0.014195135,0.023506349,0.006310827
1,All Population,4,YLLs (Years of Life Lost),4851,Gujarat,2,Female,9,20-24 years,498,Hypertensive heart disease,102,High alcohol use,2,Percent,2018,0.00044609,0.001058127,7.61E-05
1,All Population,4,YLLs (Years of Life Lost),4867,Punjab,1,Male,9,20-24 years,499,Cardiomyopathy and myocarditis,102,High alcohol use,2,Percent,2023,0.019324183,0.051877374,0.00496521
1,All Population,4,YLLs (Years of Life Lost),4867,Punjab,2,Female,9,20-24 years,499,Cardiomyopathy and myocarditis,102,High alcohol use,2,Percent,2023,0.014689822,0.051886863,0.002740197
1,All Population,4,YLLs (Years of Life Lost),4844,Bihar,1,Male,9,20-24 years,494,Stroke,102,High alcohol use,2,Percent,2019,0.007582133,0.025530495,-0.001004349
1,All Population,4,YLLs (Years of Life Lost),4844,Bihar,2,Female,9,20-24 years,494,Stroke,102,High alcohol use,2,Percent,2019,-4.60E-05,6.62E-05,-0.000162274
1,All Population,4,YLLs (Years of Life Lost),4860,Maharashtra,1,Male,9,20-24 years,493,Ischemic heart disease,102,High alcohol use,2,Percent,2019,-0.016404212,0.014870878,-0.043346806
1,All Population,4,YLLs (Years of Life Lost),4860,Maharashtra,2,Female,9,20-24 years,493,Ischemic heart disease,102,High alcohol use,2,Percent,2019,-0.000317072,0.000348289,-0.001019091
1,All Population,4,YLLs (Years of Life Lost),4842,Arunachal Pradesh,1,Male,9,20-24 years,494,Stroke,332,Chewing tobacco,2,Percent,2019,0.097780578,0.160403396,0.049696119
1,All Population,4,YLLs (Years of Life Lost),4842,Arunachal Pradesh,2,Female,9,20-24 years,494,Stroke,332,Chewing tobacco,2,Percent,2019,0.033526814,0.063754499,0.013208029
1,All Population,4,YLLs (Years of Life Lost),4869,Sikkim,1,Male,9,20-24 years,493,Ischemic heart disease,102,High alcohol use,2,Percent,2019,-0.040803178,0.0340708,-0.117891233
1,All Population,4,YLLs (Years of Life Lost),4869,Sikkim,2,Female,9,20-24 years,493,Ischemic heart disease,102,High alcohol use,2,Percent,2019,-0.008626915,0.009099693,-0.027889599
1,All Population,4,YLLs (Years of Life Lost),4867,Punjab,1,Male,9,20-24 years,494,Stroke,102,High alcohol use,2,Percent,2019,0.00879822,0.029403142,-0.001298686
1,All Population,4,YLLs (Years of Life Lost),4867,Punjab,2,Female,9,20-24 years,494,Stroke,102,High alcohol use,2,Percent,2019,-3.12E-05,3.85E-05,-0.000106939
1,All Population,4,YLLs (Years of Life Lost),4859,Madhya Pradesh,1,Male,9,20-24 years,499,Cardiomyopathy and myocarditis,102,High alcohol use,2,Percent,2017,0.02274983,0.071044336,0.005212595
1,All Population,4,YLLs (Years of Life Lost),4859,Madhya Pradesh,2,Female,9,20-24 years,499,Cardiomyopathy and myocarditis,102,High alcohol use,2,Percent,2017,0.01534554,0.048970139,0.00283205
1,All Population,4,YLLs (Years of Life Lost),4864,Nagaland,1,Male,9,20-24 years,499,Cardiomyopathy and myocarditis,102,High alcohol use,2,Percent,2019,0.021066977,0.059619867,0.005279873
1,All Population,4,YLLs (Years of Life Lost),4864,Nagaland,2,Female,9,20-24 years,499,Cardiomyopathy and myocarditis,102,High alcohol use,2,Percent,2019,0.01387647,0.051567749,0.00244262
1,All Population,4,YLLs (Years of Life Lost),4870,Tamil Nadu,1,Male,9,20-24 years,494,Stroke,332,Chewing tobacco,2,Percent,2018,0.018977681,0.038880638,0.006876466
1,All Population,4,YLLs (Years of Life Lost),4870,Tamil Nadu,2,Female,9,20-24 years,494,Stroke,332,Chewing tobacco,2,Percent,2018,0.003201784,0.007409887,0.000880552
1,All Population,4,YLLs (Years of Life Lost),4843,Assam,1,Male,9,20-24 years,494,Stroke,332,Chewing tobacco,2,Percent,2018,0.106200167,0.171495364,0.054251999
1,All Population,4,YLLs (Years of Life Lost),4843,Assam,2,Female,9,20-24 years,494,Stroke,332,Chewing tobacco,2,Percent,2018,0.039952268,0.076231366,0.016366173
1,All Population,4,YLLs (Years of Life Lost),4843,Assam,1,Male,9,20-24 years,494,Stroke,332,Chewing tobacco,2,Percent,2019,0.101587599,0.167698889,0.050426465
1,All Population,4,YLLs (Years of Life Lost),4843,Assam,2,Female,9,20-24 years,494,Stroke,332,Chewing tobacco,2,Percent,2019,0.037109133,0.070218183,0.015539254
1,All Population,4,YLLs (Years of Life Lost),4851,Gujarat,1,Male,9,20-24 years,494,Stroke,102,High alcohol use,2,Percent,2019,0.002465968,0.008370105,-0.000343442
1,All Population,4,YLLs (Years of Life Lost),4851,Gujarat,2,Female,9,20-24 years,494,Stroke,102,High alcohol use,2,Percent,2019,-3.54E-05,5.49E-05,-0.000134272
1,All Population,4,YLLs (Years of Life Lost),4841,Andhra Pradesh,1,Male,9,20-24 years,499,Cardiomyopathy and myocarditis,102,High alcohol use,2,Percent,2019,0.018503904,0.052740185,0.004582797
1,All Population,4,YLLs (Years of Life Lost),4841,Andhra Pradesh,2,Female,9,20-24 years,499,Cardiomyopathy and myocarditis,102,High alcohol use,2,Percent,2019,0.011605704,0.034321788,0.00239988
1,All Population,4,YLLs (Years of Life Lost),4842,Arunachal Pradesh,1,Male,9,20-24 years,493,Ischemic heart disease,102,High alcohol use,2,Percent,2023,-0.060696391,0.050260156,-0.175807275
1,All Population,4,YLLs (Years of Life Lost),4842,Arunachal Pradesh,2,Female,9,20-24 years,493,Ischemic heart disease,102,High alcohol use,2,Percent,2023,-0.012151576,0.011694158,-0.038565793
1,All Population,4,YLLs (Years of Life Lost),4860,Maharashtra,1,Male,9,20-24 years,494,Stroke,332,Chewing tobacco,2,Percent,2019,0.054452382,0.089446151,0.028468115
1,All Population,4,YLLs (Years of Life Lost),4860,Maharashtra,2,Female,9,20-24 years,494,Stroke,332,Chewing tobacco,2,Percent,2019,0.013438671,0.030184398,0.004157327
1,All Population,4,YLLs (Years of Life Lost),4856,Karnataka,1,Male,9,20-24 years,494,Stroke,102,High alcohol use,2,Percent,2018,0.008269204,0.026808,-0.001186936
1,All Population,4,YLLs (Years of Life Lost),4856,Karnataka,2,Female,9,20-24 years,494,Stroke,102,High alcohol use,2,Percent,2018,-0.000398523,0.000569183,-0.001423461
1,All Population,4,YLLs (Years of Life Lost),4855,Jharkhand,1,Male,9,20-24 years,493,Ischemic heart disease,102,High alcohol use,2,Percent,2019,-0.032234593,0.027784271,-0.088321364
1,All Population,4,YLLs (Years of Life Lost),4855,Jharkhand,2,Female,9,20-24 years,493,Ischemic heart disease,102,High alcohol use,2,Percent,2019,-0.002557205,0.002719543,-0.008638789
1,All Population,4,YLLs (Years of Life Lost),4849,Delhi,1,Male,9,20-24 years,494,Stroke,332,Chewing tobacco,2,Percent,2019,0.036447922,0.070879085,0.014518873
1,All Population,4,YLLs (Years of Life Lost),4849,Delhi,2,Female,9,20-24 years,494,Stroke,332,Chewing tobacco,2,Percent,2019,0.004117729,0.009666044,0.001169723
1,All Population,4,YLLs (Years of Life Lost),4862,Meghalaya,1,Male,9,20-24 years,493,Ischemic heart disease,102,High alcohol use,2,Percent,2019,-0.039618794,0.033772589,-0.115035283
1,All Population,4,YLLs (Years of Life Lost),4862,Meghalaya,2,Female,9,20-24 years,493,Ischemic heart disease,102,High alcohol use,2,Percent,2019,-0.001356678,0.001474162,-0.004487251
1,All Population,4,YLLs (Years of Life Lost),4844,Bihar,1,Male,9,20-24 years,499,Cardiomyopathy and myocarditis,102,High alcohol use,2,Percent,2019,0.021829177,0.068890781,0.005130776
1,All Population,4,YLLs (Years of Life Lost),4844,Bihar,2,Female,9,20-24 years,499,Cardiomyopathy and myocarditis,102,High alcohol use,2,Percent,2019,0.015070245,0.048902879,0.002968596
1,All Population,4,YLLs (Years of Life Lost),4853,Himachal Pradesh,1,Male,9,20-24 years,493,Ischemic heart disease,102,High alcohol use,2,Percent,2019,-0.023347365,0.020871615,-0.06705836
1,All Population,4,YLLs (Years of Life Lost),4853,Himachal Pradesh,2,Female,9,20-24 years,493,Ischemic heart disease,102,High alcohol use,2,Percent,2019,-0.000581353,0.000633868,-0.001884763
1,All Population,4,YLLs (Years of Life Lost),4857,Kerala,1,Male,9,20-24 years,499,Cardiomyopathy and myocarditis,102,High alcohol use,2,Percent,2019,0.018333066,0.046680139,0.004678338
1,All Population,4,YLLs (Years of Life Lost),4857,Kerala,2,Female,9,20-24 years,499,Cardiomyopathy and myocarditis,102,High alcohol use,2,Percent,2019,0.011832677,0.039176419,0.002355045
1,All Population,4,YLLs (Years of Life Lost),4860,Maharashtra,1,Male,9,20-24 years,499,Cardiomyopathy and myocarditis,102,High alcohol use,2,Percent,2019,0.018739516,0.05340321,0.004617311
1,All Population,4,YLLs (Years of Life Lost),4860,Maharashtra,2,Female,9,20-24 years,499,Cardiomyopathy and myocarditis,102,High alcohol use,2,Percent,2019,0.013187137,0.04413968,0.002960726
1,All Population,4,YLLs (Years of Life Lost),4869,Sikkim,1,Male,9,20-24 years,498,Hypertensive heart disease,102,High alcohol use,2,Percent,2019,0.07308152,0.111882772,0.038058324
1,All Population,4,YLLs (Years of Life Lost),4869,Sikkim,2,Female,9,20-24 years,498,Hypertensive heart disease,102,High alcohol use,2,Percent,2019,0.012605819,0.02809387,0.002315283
1,All Population,4,YLLs (Years of Life Lost),4862,Meghalaya,1,Male,9,20-24 years,494,Stroke,332,Chewing tobacco,2,Percent,2019,0.049435331,0.093737318,0.019719487
1,All Population,4,YLLs (Years of Life Lost),4862,Meghalaya,2,Female,9,20-24 years,494,Stroke,332,Chewing tobacco,2,Percent,2019,0.06942956,0.121911496,0.032204321
1,All Population,4,YLLs (Years of Life Lost),4853,Himachal Pradesh,1,Male,9,20-24 years,494,Stroke,102,High alcohol use,2,Percent,2018,0.007478141,0.023763032,-0.001129879
1,All Population,4,YLLs (Years of Life Lost),4853,Himachal Pradesh,2,Female,9,20-24 years,494,Stroke,102,High alcohol use,2,Percent,2018,-6.21E-05,9.86E-05,-0.000207376
1,All Population,4,YLLs (Years of Life Lost),4849,Delhi,1,Male,9,20-24 years,499,Cardiomyopathy and myocarditis,102,High alcohol use,2,Percent,2018,0.023564384,0.06141536,0.006214564
1,All Population,4,YLLs (Years of Life Lost),4849,Delhi,2,Female,9,20-24 years,499,Cardiomyopathy and myocarditis,102,High alcohol use,2,Percent,2018,0.017378082,0.057265231,0.004115322
1,All Population,4,YLLs (Years of Life Lost),4871,Telangana,1,Male,9,20-24 years,494,Stroke,332,Chewing tobacco,2,Percent,2019,0.022456843,0.044064441,0.008125054
1,All Population,4,YLLs (Years of Life Lost),4871,Telangana,2,Female,9,20-24 years,494,Stroke,332,Chewing tobacco,2,Percent,2019,0.005783716,0.013475737,0.001673484
1,All Population,4,YLLs (Years of Life Lost),4851,Gujarat,1,Male,9,20-24 years,499,Cardiomyopathy and myocarditis,102,High alcohol use,2,Percent,2019,0.019679646,0.061670239,0.00462131
1,All Population,4,YLLs (Years of Life Lost),4851,Gujarat,2,Female,9,20-24 years,499,Cardiomyopathy and myocarditis,102,High alcohol use,2,Percent,2019,0.013574031,0.047246267,0.002597361
1,All Population,4,YLLs (Years of Life Lost),4873,Uttar Pradesh,1,Male,9,20-24 years,494,Stroke,332,Chewing tobacco,2,Percent,2019,0.077374156,0.133502032,0.035880149
1,All Population,4,YLLs (Years of Life Lost),4873,Uttar Pradesh,2,Female,9,20-24 years,494,Stroke,332,Chewing tobacco,2,Percent,2019,0.009674127,0.021422681,0.003045586
1,All Population,4,YLLs (Years of Life Lost),4875,West Bengal,1,Male,9,20-24 years,498,Hypertensive heart disease,102,High alcohol use,2,Percent,2019,0.048102983,0.075892776,0.023837449
1,All Population,4,YLLs (Years of Life Lost),4875,West Bengal,2,Female,9,20-24 years,498,Hypertensive heart disease,102,High alcohol use,2,Percent,2019,0.000933511,0.002229827,0.000153801
1,All Population,4,YLLs (Years of Life Lost),4842,Arunachal Pradesh,1,Male,9,20-24 years,498,Hypertensive heart disease,102,High alcohol use,2,Percent,2018,0.103891732,0.151985514,0.059271671
1,All Population,4,YLLs (Years of Life Lost),4842,Arunachal Pradesh,2,Female,9,20-24 years,498,Hypertensive heart disease,102,High alcohol use,2,Percent,2018,0.01736368,0.036745127,0.003223557
1,All Population,4,YLLs (Years of Life Lost),4871,Telangana,1,Male,9,20-24 years,499,Cardiomyopathy and myocarditis,102,High alcohol use,2,Percent,2019,0.020426514,0.062673135,0.004809344
1,All Population,4,YLLs (Years of Life Lost),4871,Telangana,2,Female,9,20-24 years,499,Cardiomyopathy and myocarditis,102,High alcohol use,2,Percent,2019,0.013598724,0.043821957,0.002841361
1,All Population,4,YLLs (Years of Life Lost),4855,Jharkhand,1,Male,9,20-24 years,494,Stroke,102,High alcohol use,2,Percent,2019,0.011200346,0.035248704,-0.001658836
1,All Population,4,YLLs (Years of Life Lost),4855,Jharkhand,2,Female,9,20-24 years,494,Stroke,102,High alcohol use,2,Percent,2019,-0.000280147,0.000499696,-0.001039533
1,All Population,4,YLLs (Years of Life Lost),4849,Delhi,1,Male,9,20-24 years,493,Ischemic heart disease,102,High alcohol use,2,Percent,2019,-0.022073636,0.01997369,-0.064609337
1,All Population,4,YLLs (Years of Life Lost),4849,Delhi,2,Female,9,20-24 years,493,Ischemic heart disease,102,High alcohol use,2,Percent,2019,-0.000569083,0.000604358,-0.001931861
1,All Population,4,YLLs (Years of Life Lost),4869,Sikkim,1,Male,9,20-24 years,494,Stroke,102,High alcohol use,2,Percent,2019,0.012427691,0.038542787,-0.002006259
1,All Population,4,YLLs (Years of Life Lost),4869,Sikkim,2,Female,9,20-24 years,494,Stroke,102,High alcohol use,2,Percent,2019,-0.001049892,0.001273563,-0.003476889
1,All Population,4,YLLs (Years of Life Lost),4842,Arunachal Pradesh,1,Male,9,20-24 years,498,Hypertensive heart disease,102,High alcohol use,2,Percent,2019,0.103731583,0.151749751,0.058753771
1,All Population,4,YLLs (Years of Life Lost),4842,Arunachal Pradesh,2,Female,9,20-24 years,498,Hypertensive heart disease,102,High alcohol use,2,Percent,2019,0.01744959,0.037398742,0.003286222
1,All Population,4,YLLs (Years of Life Lost),4864,Nagaland,1,Male,9,20-24 years,499,Cardiomyopathy and myocarditis,102,High alcohol use,2,Percent,2023,0.019824836,0.053983513,0.004916029
1,All Population,4,YLLs (Years of Life Lost),4864,Nagaland,2,Female,9,20-24 years,499,Cardiomyopathy and myocarditis,102,High alcohol use,2,Percent,2023,0.013339393,0.046879584,0.002397145
1,All Population,4,YLLs (Years of Life Lost),4874,Uttarakhand,1,Male,9,20-24 years,498,Hypertensive heart disease,102,High alcohol use,2,Percent,2018,0.048741234,0.07697853,0.024393148
1,All Population,4,YLLs (Years of Life Lost),4874,Uttarakhand,2,Female,9,20-24 years,498,Hypertensive heart disease,102,High alcohol use,2,Percent,2018,0.00045448,0.001095292,7.82E-05
1,All Population,4,YLLs (Years of Life Lost),4864,Nagaland,1,Male,9,20-24 years,494,Stroke,102,High alcohol use,2,Percent,2019,0.011285884,0.035602857,-0.001819156
1,All Population,4,YLLs (Years of Life Lost),4864,Nagaland,2,Female,9,20-24 years,494,Stroke,102,High alcohol use,2,Percent,2019,-0.000291616,0.000462071,-0.000963705
1,All Population,4,YLLs (Years of Life Lost),4867,Punjab,1,Male,9,20-24 years,493,Ischemic heart disease,102,High alcohol use,2,Percent,2019,-0.027017635,0.023766838,-0.077490201
1,All Population,4,YLLs (Years of Life Lost),4867,Punjab,2,Female,9,20-24 years,493,Ischemic heart disease,102,High alcohol use,2,Percent,2019,-0.00025824,0.000264512,-0.000861368
1,All Population,4,YLLs (Years of Life Lost),4861,Manipur,1,Male,9,20-24 years,493,Ischemic heart disease,102,High alcohol use,2,Percent,2022,-0.041781026,0.03473377,-0.122430953
1,All Population,4,YLLs (Years of Life Lost),4861,Manipur,2,Female,9,20-24 years,493,Ischemic heart disease,102,High alcohol use,2,Percent,2022,-0.002933127,0.002937351,-0.009565682
1,All Population,4,YLLs (Years of Life Lost),4843,Assam,1,Male,9,20-24 years,499,Cardiomyopathy and myocarditis,102,High alcohol use,2,Percent,2023,0.021220457,0.064539858,0.005156871
1,All Population,4,YLLs (Years of Life Lost),4843,Assam,2,Female,9,20-24 years,499,Cardiomyopathy and myocarditis,102,High alcohol use,2,Percent,2023,0.013554218,0.049834309,0.002239428
1,All Population,4,YLLs (Years of Life Lost),4874,Uttarakhand,1,Male,9,20-24 years,494,Stroke,332,Chewing tobacco,2,Percent,2019,0.038059744,0.07527048,0.014437192
1,All Population,4,YLLs (Years of Life Lost),4874,Uttarakhand,2,Female,9,20-24 years,494,Stroke,332,Chewing tobacco,2,Percent,2019,0.002289115,0.005405343,0.000620802
1,All Population,4,YLLs (Years of Life Lost),4852,Haryana,1,Male,9,20-24 years,499,Cardiomyopathy and myocarditis,102,High alcohol use,2,Percent,2023,0.021810253,0.060990917,0.00578298
1,All Population,4,YLLs (Years of Life Lost),4852,Haryana,2,Female,9,20-24 years,499,Cardiomyopathy and myocarditis,102,High alcohol use,2,Percent,2023,0.01487933,0.048910039,0.00306594
1,All Population,4,YLLs (Years of Life Lost),4862,Meghalaya,1,Male,9,20-24 years,498,Hypertensive heart disease,102,High alcohol use,2,Percent,2018,0.071150104,0.109901793,0.037492013
1,All Population,4,YLLs (Years of Life Lost),4862,Meghalaya,2,Female,9,20-24 years,498,Hypertensive heart disease,102,High alcohol use,2,Percent,2018,0.002009479,0.004548286,0.000339657
1,All Population,4,YLLs (Years of Life Lost),4844,Bihar,1,Male,9,20-24 years,493,Ischemic heart disease,102,High alcohol use,2,Percent,2018,-0.021569162,0.019192459,-0.062399154
1,All Population,4,YLLs (Years of Life Lost),4844,Bihar,2,Female,9,20-24 years,493,Ischemic heart disease,102,High alcohol use,2,Percent,2018,-0.000379817,0.00042003,-0.001278126
1,All Population,4,YLLs (Years of Life Lost),4867,Punjab,1,Male,9,20-24 years,499,Cardiomyopathy and myocarditis,102,High alcohol use,2,Percent,2019,0.02078361,0.060149465,0.005118382
1,All Population,4,YLLs (Years of Life Lost),4867,Punjab,2,Female,9,20-24 years,499,Cardiomyopathy and myocarditis,102,High alcohol use,2,Percent,2019,0.015840295,0.058598895,0.002893066
1,All Population,4,YLLs (Years of Life Lost),4870,Tamil Nadu,1,Male,9,20-24 years,499,Cardiomyopathy and myocarditis,102,High alcohol use,2,Percent,2018,0.01922232,0.05811343,0.004800126
1,All Population,4,YLLs (Years of Life Lost),4870,Tamil Nadu,2,Female,9,20-24 years,499,Cardiomyopathy and myocarditis,102,High alcohol use,2,Percent,2018,0.012371816,0.043032739,0.002592596
1,All Population,4,YLLs (Years of Life Lost),4862,Meghalaya,1,Male,9,20-24 years,493,Ischemic heart disease,102,High alcohol use,2,Percent,2023,-0.039045146,0.03302298,-0.115442701
1,All Population,4,YLLs (Years of Life Lost),4862,Meghalaya,2,Female,9,20-24 years,493,Ischemic heart disease,102,High alcohol use,2,Percent,2023,-0.001423693,0.001451778,-0.004750492
1,All Population,4,YLLs (Years of Life Lost),4850,Goa,1,Male,9,20-24 years,499,Cardiomyopathy and myocarditis,102,High alcohol use,2,Percent,2018,0.017708655,0.047650286,0.004567649
1,All Population,4,YLLs (Years of Life Lost),4850,Goa,2,Female,9,20-24 years,499,Cardiomyopathy and myocarditis,102,High alcohol use,2,Percent,2018,0.012360293,0.03790087,0.002621684
1,All Population,4,YLLs (Years of Life Lost),4869,Sikkim,1,Male,9,20-24 years,494,Stroke,332,Chewing tobacco,2,Percent,2019,0.035968323,0.070298266,0.013311347
1,All Population,4,YLLs (Years of Life Lost),4869,Sikkim,2,Female,9,20-24 years,494,Stroke,332,Chewing tobacco,2,Percent,2019,0.006931463,0.015943275,0.001972159
1,All Population,4,YLLs (Years of Life Lost),4868,Rajasthan,1,Male,9,20-24 years,493,Ischemic heart disease,102,High alcohol use,2,Percent,2018,-0.011903696,0.011200988,-0.03362007
1,All Population,4,YLLs (Years of Life Lost),4868,Rajasthan,2,Female,9,20-24 years,493,Ischemic heart disease,102,High alcohol use,2,Percent,2018,-0.000503871,0.00053469,-0.001516966
1,All Population,4,YLLs (Years of Life Lost),4842,Arunachal Pradesh,1,Male,9,20-24 years,499,Cardiomyopathy and myocarditis,102,High alcohol use,2,Percent,2019,0.022260213,0.067558927,0.005321718
1,All Population,4,YLLs (Years of Life Lost),4842,Arunachal Pradesh,2,Female,9,20-24 years,499,Cardiomyopathy and myocarditis,102,High alcohol use,2,Percent,2019,0.013317479,0.04197717,0.002696021
1,All Population,4,YLLs (Years of Life Lost),4857,Kerala,1,Male,9,20-24 years,498,Hypertensive heart disease,102,High alcohol use,2,Percent,2018,0.047253525,0.074935891,0.023527156
1,All Population,4,YLLs (Years of Life Lost),4857,Kerala,2,Female,9,20-24 years,498,Hypertensive heart disease,102,High alcohol use,2,Percent,2018,0.001427873,0.003215597,0.000281456
1,All Population,4,YLLs (Years of Life Lost),4852,Haryana,1,Male,9,20-24 years,494,Stroke,102,High alcohol use,2,Percent,2019,0.000302678,0.004552331,-0.001864578
1,All Population,4,YLLs (Years of Life Lost),4852,Haryana,2,Female,9,20-24 years,494,Stroke,102,High alcohol use,2,Percent,2019,-4.04E-05,6.18E-05,-0.000152531
1,All Population,4,YLLs (Years of Life Lost),4844,Bihar,1,Male,9,20-24 years,498,Hypertensive heart disease,102,High alcohol use,2,Percent,2019,0.042295723,0.068506036,0.020074908
1,All Population,4,YLLs (Years of Life Lost),4844,Bihar,2,Female,9,20-24 years,498,Hypertensive heart disease,102,High alcohol use,2,Percent,2019,0.000570142,0.001349703,9.32E-05
1,All Population,4,YLLs (Years of Life Lost),4842,Arunachal Pradesh,1,Male,9,20-24 years,494,Stroke,102,High alcohol use,2,Percent,2018,0.018606383,0.057142525,-0.00308155
1,All Population,4,YLLs (Years of Life Lost),4842,Arunachal Pradesh,2,Female,9,20-24 years,494,Stroke,102,High alcohol use,2,Percent,2018,-0.001212333,0.002165705,-0.004159721
1,All Population,4,YLLs (Years of Life Lost),4850,Goa,1,Male,9,20-24 years,498,Hypertensive heart disease,102,High alcohol use,2,Percent,2019,0.075304448,0.114545419,0.039579782
1,All Population,4,YLLs (Years of Life Lost),4850,Goa,2,Female,9,20-24 years,498,Hypertensive heart disease,102,High alcohol use,2,Percent,2019,0.004530471,0.010126536,0.000897906
1,All Population,4,YLLs (Years of Life Lost),4852,Haryana,1,Male,9,20-24 years,494,Stroke,332,Chewing tobacco,2,Percent,2018,0.022725248,0.042738035,0.009235189
1,All Population,4,YLLs (Years of Life Lost),4852,Haryana,2,Female,9,20-24 years,494,Stroke,332,Chewing tobacco,2,Percent,2018,0.002421334,0.005708421,0.000672236
1,All Population,4,YLLs (Years of Life Lost),4846,Chhattisgarh,1,Male,9,20-24 years,493,Ischemic heart disease,102,High alcohol use,2,Percent,2018,-0.040040279,0.034295857,-0.110535143
1,All Population,4,YLLs (Years of Life Lost),4846,Chhattisgarh,2,Female,9,20-24 years,493,Ischemic heart disease,102,High alcohol use,2,Percent,2018,-0.002181327,0.002376932,-0.007379751
1,All Population,4,YLLs (Years of Life Lost),4854,Jammu & Kashmir and Ladakh,1,Male,9,20-24 years,494,Stroke,332,Chewing tobacco,2,Percent,2018,0.019831679,0.040399,0.007229492
1,All Population,4,YLLs (Years of Life Lost),4854,Jammu & Kashmir and Ladakh,2,Female,9,20-24 years,494,Stroke,332,Chewing tobacco,2,Percent,2018,0.002446185,0.005776267,0.000671217
1,All Population,4,YLLs (Years of Life Lost),4854,Jammu & Kashmir and Ladakh,1,Male,9,20-24 years,494,Stroke,102,High alcohol use,2,Percent,2019,0.003166181,0.010398799,-0.000452857
1,All Population,4,YLLs (Years of Life Lost),4854,Jammu & Kashmir and Ladakh,2,Female,9,20-24 years,494,Stroke,102,High alcohol use,2,Percent,2019,-3.72E-05,5.55E-05,-0.000146357
1,All Population,4,YLLs (Years of Life Lost),4871,Telangana,1,Male,9,20-24 years,493,Ischemic heart disease,102,High alcohol use,2,Percent,2023,-0.045636602,0.038120972,-0.131795677
1,All Population,4,YLLs (Years of Life Lost),4871,Telangana,2,Female,9,20-24 years,493,Ischemic heart disease,102,High alcohol use,2,Percent,2023,-0.002224951,0.002217561,-0.007583183
1,All Population,4,YLLs (Years of Life Lost),4873,Uttar Pradesh,1,Male,9,20-24 years,498,Hypertensive heart disease,102,High alcohol use,2,Percent,2023,0.017261359,0.026799034,0.007119266
1,All Population,4,YLLs (Years of Life Lost),4873,Uttar Pradesh,2,Female,9,20-24 years,498,Hypertensive heart disease,102,High alcohol use,2,Percent,2023,0.000403103,0.001009679,6.91E-05
1,All Population,4,YLLs (Years of Life Lost),4846,Chhattisgarh,1,Male,9,20-24 years,494,Stroke,102,High alcohol use,2,Percent,2018,0.013162082,0.041614597,-0.001964624
1,All Population,4,YLLs (Years of Life Lost),4846,Chhattisgarh,2,Female,9,20-24 years,494,Stroke,102,High alcohol use,2,Percent,2018,-0.000243784,0.000415767,-0.000794676
1,All Population,4,YLLs (Years of Life Lost),4873,Uttar Pradesh,1,Male,9,20-24 years,493,Ischemic heart disease,102,High alcohol use,2,Percent,2019,-0.011012925,0.01142198,-0.02774398
1,All Population,4,YLLs (Years of Life Lost),4873,Uttar Pradesh,2,Female,9,20-24 years,493,Ischemic heart disease,102,High alcohol use,2,Percent,2019,-0.00024813,0.000234845,-0.000898479
1,All Population,4,YLLs (Years of Life Lost),4862,Meghalaya,1,Male,9,20-24 years,494,Stroke,102,High alcohol use,2,Percent,2019,0.012753777,0.039315183,-0.002001368
1,All Population,4,YLLs (Years of Life Lost),4862,Meghalaya,2,Female,9,20-24 years,494,Stroke,102,High alcohol use,2,Percent,2019,-0.000147375,0.000249276,-0.00052627
1,All Population,4,YLLs (Years of Life Lost),44538,Other Union Territories,1,Male,9,20-24 years,493,Ischemic heart disease,102,High alcohol use,2,Percent,2019,-0.027362795,0.023895168,-0.079762008
1,All Population,4,YLLs (Years of Life Lost),44538,Other Union Territories,2,Female,9,20-24 years,493,Ischemic heart disease,102,High alcohol use,2,Percent,2019,-0.00093451,0.000953033,-0.0031676
1,All Population,4,YLLs (Years of Life Lost),4861,Manipur,1,Male,9,20-24 years,493,Ischemic heart disease,102,High alcohol use,2,Percent,2018,-0.041959989,0.035230656,-0.119313392
1,All Population,4,YLLs (Years of Life Lost),4861,Manipur,2,Female,9,20-24 years,493,Ischemic heart disease,102,High alcohol use,2,Percent,2018,-0.002846776,0.003106216,-0.009147604
1,All Population,4,YLLs (Years of Life Lost),4864,Nagaland,1,Male,9,20-24 years,493,Ischemic heart disease,102,High alcohol use,2,Percent,2019,-0.036689141,0.030914789,-0.10598808
1,All Population,4,YLLs (Years of Life Lost),4864,Nagaland,2,Female,9,20-24 years,493,Ischemic heart disease,102,High alcohol use,2,Percent,2019,-0.002549933,0.00271132,-0.008131119
1,All Population,4,YLLs (Years of Life Lost),4844,Bihar,1,Male,9,20-24 years,499,Cardiomyopathy and myocarditis,102,High alcohol use,2,Percent,2023,0.019988662,0.054442593,0.004874613
1,All Population,4,YLLs (Years of Life Lost),4844,Bihar,2,Female,9,20-24 years,499,Cardiomyopathy and myocarditis,102,High alcohol use,2,Percent,2023,0.013650129,0.042577697,0.002625396
1,All Population,4,YLLs (Years of Life Lost),4843,Assam,1,Male,9,20-24 years,494,Stroke,102,High alcohol use,2,Percent,2018,0.017604648,0.053540732,-0.002385298
1,All Population,4,YLLs (Years of Life Lost),4843,Assam,2,Female,9,20-24 years,494,Stroke,102,High alcohol use,2,Percent,2018,-0.000279818,0.000559989,-0.001120736
1,All Population,4,YLLs (Years of Life Lost),4874,Uttarakhand,1,Male,9,20-24 years,493,Ischemic heart disease,102,High alcohol use,2,Percent,2018,-0.025992848,0.022959968,-0.074488741
1,All Population,4,YLLs (Years of Life Lost),4874,Uttarakhand,2,Female,9,20-24 years,493,Ischemic heart disease,102,High alcohol use,2,Percent,2018,-0.000304504,0.000319497,-0.001092611
1,All Population,4,YLLs (Years of Life Lost),4868,Rajasthan,1,Male,9,20-24 years,499,Cardiomyopathy and myocarditis,102,High alcohol use,2,Percent,2018,0.022043607,0.065140668,0.005141159
1,All Population,4,YLLs (Years of Life Lost),4868,Rajasthan,2,Female,9,20-24 years,499,Cardiomyopathy and myocarditis,102,High alcohol use,2,Percent,2018,0.014994364,0.046489294,0.003263726
1,All Population,4,YLLs (Years of Life Lost),4865,Odisha,1,Male,9,20-24 years,498,Hypertensive heart disease,102,High alcohol use,2,Percent,2018,0.060717819,0.093845194,0.033684848
1,All Population,4,YLLs (Years of Life Lost),4865,Odisha,2,Female,9,20-24 years,498,Hypertensive heart disease,102,High alcohol use,2,Percent,2018,0.002608461,0.005686416,0.00050932
1,All Population,4,YLLs (Years of Life Lost),4859,Madhya Pradesh,1,Male,9,20-24 years,494,Stroke,102,High alcohol use,2,Percent,2019,0.007130048,0.023952436,-0.00101949
1,All Population,4,YLLs (Years of Life Lost),4859,Madhya Pradesh,2,Female,9,20-24 years,494,Stroke,102,High alcohol use,2,Percent,2019,-8.55E-05,0.000153354,-0.000285976
1,All Population,4,YLLs (Years of Life Lost),4875,West Bengal,1,Male,9,20-24 years,499,Cardiomyopathy and myocarditis,102,High alcohol use,2,Percent,2022,0.021221438,0.056838458,0.005304124
1,All Population,4,YLLs (Years of Life Lost),4875,West Bengal,2,Female,9,20-24 years,499,Cardiomyopathy and myocarditis,102,High alcohol use,2,Percent,2022,0.012314239,0.037441397,0.002459409
1,All Population,4,YLLs (Years of Life Lost),4861,Manipur,1,Male,9,20-24 years,498,Hypertensive heart disease,102,High alcohol use,2,Percent,2018,0.074404176,0.11387461,0.040027915
1,All Population,4,YLLs (Years of Life Lost),4861,Manipur,2,Female,9,20-24 years,498,Hypertensive heart disease,102,High alcohol use,2,Percent,2018,0.004261791,0.009715109,0.000762375
1,All Population,4,YLLs (Years of Life Lost),4871,Telangana,1,Male,9,20-24 years,494,Stroke,102,High alcohol use,2,Percent,2019,0.014743929,0.046907468,-0.002230118
1,All Population,4,YLLs (Years of Life Lost),4871,Telangana,2,Female,9,20-24 years,494,Stroke,102,High alcohol use,2,Percent,2019,-0.000225857,0.000401848,-0.000816839
1,All Population,4,YLLs (Years of Life Lost),44538,Other Union Territories,1,Male,9,20-24 years,499,Cardiomyopathy and myocarditis,102,High alcohol use,2,Percent,2018,0.019862048,0.056530329,0.004999853
1,All Population,4,YLLs (Years of Life Lost),44538,Other Union Territories,2,Female,9,20-24 years,499,Cardiomyopathy and myocarditis,102,High alcohol use,2,Percent,2018,0.014518649,0.050590022,0.003119417
1,All Population,4,YLLs (Years of Life Lost),4850,Goa,1,Male,9,20-24 years,493,Ischemic heart disease,102,High alcohol use,2,Percent,2018,-0.042274786,0.035156554,-0.119194837
1,All Population,4,YLLs (Years of Life Lost),4850,Goa,2,Female,9,20-24 years,493,Ischemic heart disease,102,High alcohol use,2,Percent,2018,-0.002917738,0.003151058,-0.009446391
1,All Population,4,YLLs (Years of Life Lost),4852,Haryana,1,Male,9,20-24 years,499,Cardiomyopathy and myocarditis,102,High alcohol use,2,Percent,2018,0.023297013,0.068773637,0.005658196
1,All Population,4,YLLs (Years of Life Lost),4852,Haryana,2,Female,9,20-24 years,499,Cardiomyopathy and myocarditis,102,High alcohol use,2,Percent,2018,0.016174501,0.054447719,0.003442204
1,All Population,4,YLLs (Years of Life Lost),4875,West Bengal,1,Male,9,20-24 years,494,Stroke,332,Chewing tobacco,2,Percent,2019,0.059675011,0.107735054,0.025472942
1,All Population,4,YLLs (Years of Life Lost),4875,West Bengal,2,Female,9,20-24 years,494,Stroke,332,Chewing tobacco,2,Percent,2019,0.015524027,0.031593493,0.005551048
1,All Population,4,YLLs (Years of Life Lost),4851,Gujarat,1,Male,9,20-24 years,493,Ischemic heart disease,102,High alcohol use,2,Percent,2023,-0.006816334,0.007128428,-0.020251982
1,All Population,4,YLLs (Years of Life Lost),4851,Gujarat,2,Female,9,20-24 years,493,Ischemic heart disease,102,High alcohol use,2,Percent,2023,-0.000339301,0.000326731,-0.001140878
1,All Population,4,YLLs (Years of Life Lost),4870,Tamil Nadu,1,Male,9,20-24 years,493,Ischemic heart disease,102,High alcohol use,2,Percent,2018,-0.037494351,0.032951937,-0.101347535
1,All Population,4,YLLs (Years of Life Lost),4870,Tamil Nadu,2,Female,9,20-24 years,493,Ischemic heart disease,102,High alcohol use,2,Percent,2018,-0.000251208,0.000233828,-0.000985017
1,All Population,4,YLLs (Years of Life Lost),4842,Arunachal Pradesh,1,Male,9,20-24 years,494,Stroke,102,High alcohol use,2,Percent,2019,0.018523471,0.056853047,-0.00310384
1,All Population,4,YLLs (Years of Life Lost),4842,Arunachal Pradesh,2,Female,9,20-24 years,494,Stroke,102,High alcohol use,2,Percent,2019,-0.001223566,0.002171773,-0.004324646
1,All Population,4,YLLs (Years of Life Lost),4851,Gujarat,1,Male,9,20-24 years,498,Hypertensive heart disease,102,High alcohol use,2,Percent,2019,0.013984883,0.023357106,0.006141824
1,All Population,4,YLLs (Years of Life Lost),4851,Gujarat,2,Female,9,20-24 years,498,Hypertensive heart disease,102,High alcohol use,2,Percent,2019,0.00045853,0.00109662,7.64E-05
1,All Population,4,YLLs (Years of Life Lost),4857,Kerala,1,Male,9,20-24 years,493,Ischemic heart disease,102,High alcohol use,2,Percent,2018,-0.024808775,0.021948527,-0.071580463
1,All Population,4,YLLs (Years of Life Lost),4857,Kerala,2,Female,9,20-24 years,493,Ischemic heart disease,102,High alcohol use,2,Percent,2018,-0.000940536,0.001008408,-0.003062385
1,All Population,4,YLLs (Years of Life Lost),4844,Bihar,1,Male,9,20-24 years,493,Ischemic heart disease,102,High alcohol use,2,Percent,2019,-0.021576436,0.019513926,-0.062536568
1,All Population,4,YLLs (Years of Life Lost),4844,Bihar,2,Female,9,20-24 years,493,Ischemic heart disease,102,High alcohol use,2,Percent,2019,-0.000385949,0.000417693,-0.001291553
1,All Population,4,YLLs (Years of Life Lost),4862,Meghalaya,1,Male,9,20-24 years,498,Hypertensive heart disease,102,High alcohol use,2,Percent,2019,0.071016004,0.110587651,0.037464963
1,All Population,4,YLLs (Years of Life Lost),4862,Meghalaya,2,Female,9,20-24 years,498,Hypertensive heart disease,102,High alcohol use,2,Percent,2019,0.002033695,0.004624011,0.000344447
1,All Population,4,YLLs (Years of Life Lost),4854,Jammu & Kashmir and Ladakh,1,Male,9,20-24 years,498,Hypertensive heart disease,102,High alcohol use,2,Percent,2018,0.018362117,0.030186752,0.008331294
1,All Population,4,YLLs (Years of Life Lost),4854,Jammu & Kashmir and Ladakh,2,Female,9,20-24 years,498,Hypertensive heart disease,102,High alcohol use,2,Percent,2018,0.000481444,0.00121996,7.95E-05
1,All Population,4,YLLs (Years of Life Lost),4854,Jammu & Kashmir and Ladakh,1,Male,9,20-24 years,499,Cardiomyopathy and myocarditis,102,High alcohol use,2,Percent,2018,0.022480035,0.062806507,0.005708996
1,All Population,4,YLLs (Years of Life Lost),4854,Jammu & Kashmir and Ladakh,2,Female,9,20-24 years,499,Cardiomyopathy and myocarditis,102,High alcohol use,2,Percent,2018,0.01429291,0.048020136,0.002887997
1,All Population,4,YLLs (Years of Life Lost),4869,Sikkim,1,Male,9,20-24 years,499,Cardiomyopathy and myocarditis,102,High alcohol use,2,Percent,2019,0.021086793,0.059669555,0.005033319
1,All Population,4,YLLs (Years of Life Lost),4869,Sikkim,2,Female,9,20-24 years,499,Cardiomyopathy and myocarditis,102,High alcohol use,2,Percent,2019,0.012515733,0.03908805,0.002385362
1,All Population,4,YLLs (Years of Life Lost),4872,Tripura,1,Male,9,20-24 years,499,Cardiomyopathy and myocarditis,102,High alcohol use,2,Percent,2019,0.022357304,0.065139591,0.005500995
1,All Population,4,YLLs (Years of Life Lost),4872,Tripura,2,Female,9,20-24 years,499,Cardiomyopathy and myocarditis,102,High alcohol use,2,Percent,2019,0.013921478,0.045925739,0.002823358
1,All Population,4,YLLs (Years of Life Lost),4863,Mizoram,1,Male,9,20-24 years,493,Ischemic heart disease,102,High alcohol use,2,Percent,2018,-0.038144922,0.0329136,-0.107505889
1,All Population,4,YLLs (Years of Life Lost),4863,Mizoram,2,Female,9,20-24 years,493,Ischemic heart disease,102,High alcohol use,2,Percent,2018,-0.002428473,0.00265616,-0.007644606
1,All Population,4,YLLs (Years of Life Lost),4872,Tripura,1,Male,9,20-24 years,498,Hypertensive heart disease,102,High alcohol use,2,Percent,2018,0.068494198,0.105334047,0.035145284
1,All Population,4,YLLs (Years of Life Lost),4872,Tripura,2,Female,9,20-24 years,498,Hypertensive heart disease,102,High alcohol use,2,Percent,2018,0.003933265,0.008786445,0.000672785
1,All Population,4,YLLs (Years of Life Lost),4863,Mizoram,1,Male,9,20-24 years,498,Hypertensive heart disease,102,High alcohol use,2,Percent,2018,0.071482656,0.109990275,0.037045277
1,All Population,4,YLLs (Years of Life Lost),4863,Mizoram,2,Female,9,20-24 years,498,Hypertensive heart disease,102,High alcohol use,2,Percent,2018,0.003646153,0.00819627,0.000669974
1,All Population,4,YLLs (Years of Life Lost),4869,Sikkim,1,Male,9,20-24 years,499,Cardiomyopathy and myocarditis,102,High alcohol use,2,Percent,2023,0.019963958,0.058927822,0.004780307
1,All Population,4,YLLs (Years of Life Lost),4869,Sikkim,2,Female,9,20-24 years,499,Cardiomyopathy and myocarditis,102,High alcohol use,2,Percent,2023,0.011972847,0.036633744,0.002163093
1,All Population,4,YLLs (Years of Life Lost),4870,Tamil Nadu,1,Male,9,20-24 years,498,Hypertensive heart disease,102,High alcohol use,2,Percent,2018,0.067835654,0.099873021,0.037457123
1,All Population,4,YLLs (Years of Life Lost),4870,Tamil Nadu,2,Female,9,20-24 years,498,Hypertensive heart disease,102,High alcohol use,2,Percent,2018,0.000356758,0.000906682,5.62E-05
1,All Population,4,YLLs (Years of Life Lost),44538,Other Union Territories,1,Male,9,20-24 years,498,Hypertensive heart disease,102,High alcohol use,2,Percent,2019,0.051011151,0.081254102,0.025245839
1,All Population,4,YLLs (Years of Life Lost),44538,Other Union Territories,2,Female,9,20-24 years,498,Hypertensive heart disease,102,High alcohol use,2,Percent,2019,0.001393583,0.003368183,0.000232082
1,All Population,4,YLLs (Years of Life Lost),4861,Manipur,1,Male,9,20-24 years,494,Stroke,332,Chewing tobacco,2,Percent,2019,0.124883484,0.19809284,0.065559563
1,All Population,4,YLLs (Years of Life Lost),4861,Manipur,2,Female,9,20-24 years,494,Stroke,332,Chewing tobacco,2,Percent,2019,0.093474367,0.151190656,0.047434248
1,All Population,4,YLLs (Years of Life Lost),4867,Punjab,1,Male,9,20-24 years,498,Hypertensive heart disease,102,High alcohol use,2,Percent,2019,0.050596744,0.079074706,0.025700069
1,All Population,4,YLLs (Years of Life Lost),4867,Punjab,2,Female,9,20-24 years,498,Hypertensive heart disease,102,High alcohol use,2,Percent,2019,0.000421114,0.000974184,7.39E-05
1,All Population,4,YLLs (Years of Life Lost),4841,Andhra Pradesh,1,Male,9,20-24 years,498,Hypertensive heart disease,102,High alcohol use,2,Percent,2019,0.057299064,0.088825094,0.028852277
1,All Population,4,YLLs (Years of Life Lost),4841,Andhra Pradesh,2,Female,9,20-24 years,498,Hypertensive heart disease,102,High alcohol use,2,Percent,2019,0.001839543,0.004096174,0.000330879
1,All Population,4,YLLs (Years of Life Lost),4843,Assam,1,Male,9,20-24 years,498,Hypertensive heart disease,102,High alcohol use,2,Percent,2019,0.064360624,0.09341163,0.038118924
1,All Population,4,YLLs (Years of Life Lost),4843,Assam,2,Female,9,20-24 years,498,Hypertensive heart disease,102,High alcohol use,2,Percent,2019,0.003864645,0.009262044,0.000658533
1,All Population,4,YLLs (Years of Life Lost),4846,Chhattisgarh,1,Male,9,20-24 years,494,Stroke,102,High alcohol use,2,Percent,2019,0.013058704,0.041985222,-0.001932495
1,All Population,4,YLLs (Years of Life Lost),4846,Chhattisgarh,2,Female,9,20-24 years,494,Stroke,102,High alcohol use,2,Percent,2019,-0.000244548,0.000401894,-0.000862171
1,All Population,4,YLLs (Years of Life Lost),4849,Delhi,1,Male,9,20-24 years,498,Hypertensive heart disease,102,High alcohol use,2,Percent,2019,0.041586331,0.066267267,0.020484903
1,All Population,4,YLLs (Years of Life Lost),4849,Delhi,2,Female,9,20-24 years,498,Hypertensive heart disease,102,High alcohol use,2,Percent,2019,0.000850395,0.002028035,0.000139982
1,All Population,4,YLLs (Years of Life Lost),4856,Karnataka,1,Male,9,20-24 years,494,Stroke,332,Chewing tobacco,2,Percent,2018,0.050519447,0.087806084,0.02227785
1,All Population,4,YLLs (Years of Life Lost),4856,Karnataka,2,Female,9,20-24 years,494,Stroke,332,Chewing tobacco,2,Percent,2018,0.007887012,0.017396699,0.002269116
1,All Population,4,YLLs (Years of Life Lost),4860,Maharashtra,1,Male,9,20-24 years,498,Hypertensive heart disease,102,High alcohol use,2,Percent,2019,0.031494331,0.050098613,0.016146333
1,All Population,4,YLLs (Years of Life Lost),4860,Maharashtra,2,Female,9,20-24 years,498,Hypertensive heart disease,102,High alcohol use,2,Percent,2019,0.0004803,0.001081466,9.43E-05
1,All Population,4,YLLs (Years of Life Lost),4875,West Bengal,1,Male,9,20-24 years,499,Cardiomyopathy and myocarditis,102,High alcohol use,2,Percent,2018,0.022424409,0.063826004,0.005352864
1,All Population,4,YLLs (Years of Life Lost),4875,West Bengal,2,Female,9,20-24 years,499,Cardiomyopathy and myocarditis,102,High alcohol use,2,Percent,2018,0.0126871,0.03881995,0.002561827
1,All Population,4,YLLs (Years of Life Lost),4874,Uttarakhand,1,Male,9,20-24 years,498,Hypertensive heart disease,102,High alcohol use,2,Percent,2019,0.04911407,0.077390726,0.024812865
1,All Population,4,YLLs (Years of Life Lost),4874,Uttarakhand,2,Female,9,20-24 years,498,Hypertensive heart disease,102,High alcohol use,2,Percent,2019,0.000475448,0.001149783,7.86E-05
1,All Population,4,YLLs (Years of Life Lost),4868,Rajasthan,1,Male,9,20-24 years,493,Ischemic heart disease,102,High alcohol use,2,Percent,2023,-0.011566672,0.011141624,-0.033068406
1,All Population,4,YLLs (Years of Life Lost),4868,Rajasthan,2,Female,9,20-24 years,493,Ischemic heart disease,102,High alcohol use,2,Percent,2023,-0.000467462,0.000483486,-0.001465384
1,All Population,4,YLLs (Years of Life Lost),4854,Jammu & Kashmir and Ladakh,1,Male,9,20-24 years,493,Ischemic heart disease,102,High alcohol use,2,Percent,2019,-0.009255026,0.009002816,-0.027310289
1,All Population,4,YLLs (Years of Life Lost),4854,Jammu & Kashmir and Ladakh,2,Female,9,20-24 years,493,Ischemic heart disease,102,High alcohol use,2,Percent,2019,-0.000338721,0.000327064,-0.001195537
1,All Population,4,YLLs (Years of Life Lost),4859,Madhya Pradesh,1,Male,9,20-24 years,494,Stroke,332,Chewing tobacco,2,Percent,2019,0.092282946,0.155533403,0.043460113
1,All Population,4,YLLs (Years of Life Lost),4859,Madhya Pradesh,2,Female,9,20-24 years,494,Stroke,332,Chewing tobacco,2,Percent,2019,0.019983292,0.040255029,0.007605938
1,All Population,4,YLLs (Years of Life Lost),4872,Tripura,1,Male,9,20-24 years,494,Stroke,102,High alcohol use,2,Percent,2019,0.012349839,0.039039659,-0.001883036
1,All Population,4,YLLs (Years of Life Lost),4872,Tripura,2,Female,9,20-24 years,494,Stroke,102,High alcohol use,2,Percent,2019,-0.00029386,0.000464244,-0.001048253
1,All Population,4,YLLs (Years of Life Lost),4873,Uttar Pradesh,1,Male,9,20-24 years,499,Cardiomyopathy and myocarditis,102,High alcohol use,2,Percent,2019,0.024609817,0.080369062,0.005704659
1,All Population,4,YLLs (Years of Life Lost),4873,Uttar Pradesh,2,Female,9,20-24 years,499,Cardiomyopathy and myocarditis,102,High alcohol use,2,Percent,2019,0.017624069,0.057272084,0.003215182
1,All Population,4,YLLs (Years of Life Lost),4852,Haryana,1,Male,9,20-24 years,494,Stroke,332,Chewing tobacco,2,Percent,2019,0.020924174,0.039281884,0.008023421
1,All Population,4,YLLs (Years of Life Lost),4852,Haryana,2,Female,9,20-24 years,494,Stroke,332,Chewing tobacco,2,Percent,2019,0.002275928,0.005393433,0.000627136
1,All Population,4,YLLs (Years of Life Lost),4868,Rajasthan,1,Male,9,20-24 years,494,Stroke,102,High alcohol use,2,Percent,2019,0.004096566,0.013996893,-0.000592845
1,All Population,4,YLLs (Years of Life Lost),4868,Rajasthan,2,Female,9,20-24 years,494,Stroke,102,High alcohol use,2,Percent,2019,-5.87E-05,7.73E-05,-0.000194176
1,All Population,4,YLLs (Years of Life Lost),4859,Madhya Pradesh,1,Male,9,20-24 years,493,Ischemic heart disease,102,High alcohol use,2,Percent,2018,-0.02011183,0.017743086,-0.055456849
1,All Population,4,YLLs (Years of Life Lost),4859,Madhya Pradesh,2,Female,9,20-24 years,493,Ischemic heart disease,102,High alcohol use,2,Percent,2018,-0.000752122,0.000823333,-0.002427561
1,All Population,4,YLLs (Years of Life Lost),4856,Karnataka,1,Male,9,20-24 years,498,Hypertensive heart disease,102,High alcohol use,2,Percent,2019,0.0467452,0.075170572,0.022728998
1,All Population,4,YLLs (Years of Life Lost),4856,Karnataka,2,Female,9,20-24 years,498,Hypertensive heart disease,102,High alcohol use,2,Percent,2019,0.004657724,0.008798138,0.001263777
1,All Population,4,YLLs (Years of Life Lost),4856,Karnataka,1,Male,9,20-24 years,499,Cardiomyopathy and myocarditis,102,High alcohol use,2,Percent,2019,0.019530554,0.057965812,0.004684294
1,All Population,4,YLLs (Years of Life Lost),4856,Karnataka,2,Female,9,20-24 years,499,Cardiomyopathy and myocarditis,102,High alcohol use,2,Percent,2019,0.01205668,0.040325408,0.002218061
1,All Population,4,YLLs (Years of Life Lost),4863,Mizoram,1,Male,9,20-24 years,493,Ischemic heart disease,102,High alcohol use,2,Percent,2019,-0.037681649,0.032412881,-0.109463455
1,All Population,4,YLLs (Years of Life Lost),4863,Mizoram,2,Female,9,20-24 years,493,Ischemic heart disease,102,High alcohol use,2,Percent,2019,-0.002454988,0.002630809,-0.007728418
1,All Population,4,YLLs (Years of Life Lost),4865,Odisha,1,Male,9,20-24 years,494,Stroke,332,Chewing tobacco,2,Percent,2019,0.092354768,0.15147382,0.044974767
1,All Population,4,YLLs (Years of Life Lost),4865,Odisha,2,Female,9,20-24 years,494,Stroke,332,Chewing tobacco,2,Percent,2019,0.027069117,0.056925793,0.00970544
1,All Population,4,YLLs (Years of Life Lost),4852,Haryana,1,Male,9,20-24 years,493,Ischemic heart disease,102,High alcohol use,2,Percent,2019,-0.013425432,0.01226859,-0.037380195
1,All Population,4,YLLs (Years of Life Lost),4852,Haryana,2,Female,9,20-24 years,493,Ischemic heart disease,102,High alcohol use,2,Percent,2019,-0.00033513,0.000333791,-0.00113256
1,All Population,4,YLLs (Years of Life Lost),4846,Chhattisgarh,1,Male,9,20-24 years,493,Ischemic heart disease,102,High alcohol use,2,Percent,2019,-0.039525793,0.033745722,-0.108419109
1,All Population,4,YLLs (Years of Life Lost),4846,Chhattisgarh,2,Female,9,20-24 years,493,Ischemic heart disease,102,High alcohol use,2,Percent,2019,-0.002198428,0.002378484,-0.007354882
1,All Population,4,YLLs (Years of Life Lost),4857,Kerala,1,Male,9,20-24 years,498,Hypertensive heart disease,102,High alcohol use,2,Percent,2019,0.047079556,0.074403056,0.023568081
1,All Population,4,YLLs (Years of Life Lost),4857,Kerala,2,Female,9,20-24 years,498,Hypertensive heart disease,102,High alcohol use,2,Percent,2019,0.00147282,0.003318084,0.000301776
1,All Population,4,YLLs (Years of Life Lost),4850,Goa,1,Male,9,20-24 years,499,Cardiomyopathy and myocarditis,102,High alcohol use,2,Percent,2019,0.017568169,0.046700523,0.004587184
1,All Population,4,YLLs (Years of Life Lost),4850,Goa,2,Female,9,20-24 years,499,Cardiomyopathy and myocarditis,102,High alcohol use,2,Percent,2019,0.012290872,0.037893546,0.002605127
1,All Population,4,YLLs (Years of Life Lost),4863,Mizoram,1,Male,9,20-24 years,499,Cardiomyopathy and myocarditis,102,High alcohol use,2,Percent,2018,0.0278158,0.093933135,0.004753819
1,All Population,4,YLLs (Years of Life Lost),4863,Mizoram,2,Female,9,20-24 years,499,Cardiomyopathy and myocarditis,102,High alcohol use,2,Percent,2018,0.015161921,0.043653616,0.003340525
1,All Population,4,YLLs (Years of Life Lost),4870,Tamil Nadu,1,Male,9,20-24 years,493,Ischemic heart disease,102,High alcohol use,2,Percent,2019,-0.037248756,0.032547988,-0.100806533
1,All Population,4,YLLs (Years of Life Lost),4870,Tamil Nadu,2,Female,9,20-24 years,493,Ischemic heart disease,102,High alcohol use,2,Percent,2019,-0.000262696,0.000242452,-0.000968371
1,All Population,4,YLLs (Years of Life Lost),4843,Assam,1,Male,9,20-24 years,494,Stroke,102,High alcohol use,2,Percent,2019,0.017405972,0.052626072,-0.002263003
1,All Population,4,YLLs (Years of Life Lost),4843,Assam,2,Female,9,20-24 years,494,Stroke,102,High alcohol use,2,Percent,2019,-0.000287948,0.000532431,-0.001153176
1,All Population,4,YLLs (Years of Life Lost),4843,Assam,1,Male,9,20-24 years,498,Hypertensive heart disease,102,High alcohol use,2,Percent,2018,0.064866856,0.094272999,0.038124466
1,All Population,4,YLLs (Years of Life Lost),4843,Assam,2,Female,9,20-24 years,498,Hypertensive heart disease,102,High alcohol use,2,Percent,2018,0.003774027,0.008977583,0.000635163
1,All Population,4,YLLs (Years of Life Lost),4870,Tamil Nadu,1,Male,9,20-24 years,494,Stroke,332,Chewing tobacco,2,Percent,2019,0.017766378,0.037731663,0.006231262
1,All Population,4,YLLs (Years of Life Lost),4870,Tamil Nadu,2,Female,9,20-24 years,494,Stroke,332,Chewing tobacco,2,Percent,2019,0.003001076,0.007250781,0.00079411
1,All Population,4,YLLs (Years of Life Lost),4856,Karnataka,1,Male,9,20-24 years,494,Stroke,102,High alcohol use,2,Percent,2019,0.008214543,0.027004973,-0.001177181
1,All Population,4,YLLs (Years of Life Lost),4856,Karnataka,2,Female,9,20-24 years,494,Stroke,102,High alcohol use,2,Percent,2019,-0.000354838,0.000435231,-0.001258522
1,All Population,4,YLLs (Years of Life Lost),4852,Haryana,1,Male,9,20-24 years,498,Hypertensive heart disease,102,High alcohol use,2,Percent,2019,0.021370157,0.036804772,0.007256294
1,All Population,4,YLLs (Years of Life Lost),4852,Haryana,2,Female,9,20-24 years,498,Hypertensive heart disease,102,High alcohol use,2,Percent,2019,0.00050509,0.001202157,8.31E-05
1,All Population,4,YLLs (Years of Life Lost),4861,Manipur,1,Male,9,20-24 years,499,Cardiomyopathy and myocarditis,102,High alcohol use,2,Percent,2018,0.024226273,0.07339463,0.005369654
1,All Population,4,YLLs (Years of Life Lost),4861,Manipur,2,Female,9,20-24 years,499,Cardiomyopathy and myocarditis,102,High alcohol use,2,Percent,2018,0.015317166,0.053792654,0.003089232
1,All Population,4,YLLs (Years of Life Lost),44538,Other Union Territories,1,Male,9,20-24 years,499,Cardiomyopathy and myocarditis,102,High alcohol use,2,Percent,2019,0.019903068,0.054365477,0.004934857
1,All Population,4,YLLs (Years of Life Lost),44538,Other Union Territories,2,Female,9,20-24 years,499,Cardiomyopathy and myocarditis,102,High alcohol use,2,Percent,2019,0.014566652,0.050872519,0.003236294
1,All Population,4,YLLs (Years of Life Lost),4854,Jammu & Kashmir and Ladakh,1,Male,9,20-24 years,494,Stroke,332,Chewing tobacco,2,Percent,2019,0.018791343,0.039784527,0.006522511
1,All Population,4,YLLs (Years of Life Lost),4854,Jammu & Kashmir and Ladakh,2,Female,9,20-24 years,494,Stroke,332,Chewing tobacco,2,Percent,2019,0.002294655,0.005473485,0.000632536
1,All Population,4,YLLs (Years of Life Lost),4875,West Bengal,1,Male,9,20-24 years,499,Cardiomyopathy and myocarditis,102,High alcohol use,2,Percent,2019,0.022368396,0.063423313,0.005603233
1,All Population,4,YLLs (Years of Life Lost),4875,West Bengal,2,Female,9,20-24 years,499,Cardiomyopathy and myocarditis,102,High alcohol use,2,Percent,2019,0.01276059,0.039360701,0.00262023
1,All Population,4,YLLs (Years of Life Lost),4868,Rajasthan,1,Male,9,20-24 years,499,Cardiomyopathy and myocarditis,102,High alcohol use,2,Percent,2019,0.022398061,0.067864364,0.00533012
1,All Population,4,YLLs (Years of Life Lost),4868,Rajasthan,2,Female,9,20-24 years,499,Cardiomyopathy and myocarditis,102,High alcohol use,2,Percent,2019,0.015354941,0.04791543,0.003287471
1,All Population,4,YLLs (Years of Life Lost),4870,Tamil Nadu,1,Male,9,20-24 years,499,Cardiomyopathy and myocarditis,102,High alcohol use,2,Percent,2019,0.019355279,0.057731377,0.004831135
1,All Population,4,YLLs (Years of Life Lost),4870,Tamil Nadu,2,Female,9,20-24 years,499,Cardiomyopathy and myocarditis,102,High alcohol use,2,Percent,2019,0.012527108,0.042727629,0.002640579
1,All Population,4,YLLs (Years of Life Lost),4861,Manipur,1,Male,9,20-24 years,498,Hypertensive heart disease,102,High alcohol use,2,Percent,2019,0.074554554,0.113358059,0.039889986
1,All Population,4,YLLs (Years of Life Lost),4861,Manipur,2,Female,9,20-24 years,498,Hypertensive heart disease,102,High alcohol use,2,Percent,2019,0.004351209,0.009857093,0.000788737
1,All Population,4,YLLs (Years of Life Lost),4868,Rajasthan,1,Male,9,20-24 years,493,Ischemic heart disease,102,High alcohol use,2,Percent,2019,-0.011901371,0.011279205,-0.03333082
1,All Population,4,YLLs (Years of Life Lost),4868,Rajasthan,2,Female,9,20-24 years,493,Ischemic heart disease,102,High alcohol use,2,Percent,2019,-0.000494928,0.000524343,-0.001492733
1,All Population,4,YLLs (Years of Life Lost),4874,Uttarakhand,1,Male,9,20-24 years,493,Ischemic heart disease,102,High alcohol use,2,Percent,2019,-0.026187378,0.023186704,-0.075977582
1,All Population,4,YLLs (Years of Life Lost),4874,Uttarakhand,2,Female,9,20-24 years,493,Ischemic heart disease,102,High alcohol use,2,Percent,2019,-0.000318224,0.00032899,-0.001079975
1,All Population,4,YLLs (Years of Life Lost),4871,Telangana,1,Male,9,20-24 years,499,Cardiomyopathy and myocarditis,102,High alcohol use,2,Percent,2023,0.018561489,0.050496751,0.004894579
1,All Population,4,YLLs (Years of Life Lost),4871,Telangana,2,Female,9,20-24 years,499,Cardiomyopathy and myocarditis,102,High alcohol use,2,Percent,2023,0.012230293,0.03557036,0.002723408
1,All Population,4,YLLs (Years of Life Lost),4863,Mizoram,1,Male,9,20-24 years,499,Cardiomyopathy and myocarditis,102,High alcohol use,2,Percent,2019,0.027663886,0.093500774,0.004663
1,All Population,4,YLLs (Years of Life Lost),4863,Mizoram,2,Female,9,20-24 years,499,Cardiomyopathy and myocarditis,102,High alcohol use,2,Percent,2019,0.015159722,0.043200791,0.003278433
1,All Population,4,YLLs (Years of Life Lost),4865,Odisha,1,Male,9,20-24 years,498,Hypertensive heart disease,102,High alcohol use,2,Percent,2019,0.061268959,0.093813901,0.034157408
1,All Population,4,YLLs (Years of Life Lost),4865,Odisha,2,Female,9,20-24 years,498,Hypertensive heart disease,102,High alcohol use,2,Percent,2019,0.002640289,0.005756205,0.000516966
1,All Population,4,YLLs (Years of Life Lost),4863,Mizoram,1,Male,9,20-24 years,494,Stroke,332,Chewing tobacco,2,Percent,2019,0.057802918,0.106770413,0.023816979
1,All Population,4,YLLs (Years of Life Lost),4863,Mizoram,2,Female,9,20-24 years,494,Stroke,332,Chewing tobacco,2,Percent,2019,0.111108888,0.177888028,0.055572256
1,All Population,4,YLLs (Years of Life Lost),4865,Odisha,1,Male,9,20-24 years,494,Stroke,102,High alcohol use,2,Percent,2019,0.011371686,0.035611816,-0.001717905
1,All Population,4,YLLs (Years of Life Lost),4865,Odisha,2,Female,9,20-24 years,494,Stroke,102,High alcohol use,2,Percent,2019,-0.000190715,0.000342638,-0.00065196
1,All Population,4,YLLs (Years of Life Lost),4861,Manipur,1,Male,9,20-24 years,493,Ischemic heart disease,102,High alcohol use,2,Percent,2019,-0.042031713,0.035208113,-0.120744611
1,All Population,4,YLLs (Years of Life Lost),4861,Manipur,2,Female,9,20-24 years,493,Ischemic heart disease,102,High alcohol use,2,Percent,2019,-0.002904559,0.003112128,-0.009330247
1,All Population,4,YLLs (Years of Life Lost),4874,Uttarakhand,1,Male,9,20-24 years,494,Stroke,102,High alcohol use,2,Percent,2019,0.008731656,0.029299358,-0.001218473
1,All Population,4,YLLs (Years of Life Lost),4874,Uttarakhand,2,Female,9,20-24 years,494,Stroke,102,High alcohol use,2,Percent,2019,-3.77E-05,5.83E-05,-0.000140261
1,All Population,4,YLLs (Years of Life Lost),4870,Tamil Nadu,1,Male,9,20-24 years,498,Hypertensive heart disease,102,High alcohol use,2,Percent,2019,0.067488112,0.09978795,0.037601629
1,All Population,4,YLLs (Years of Life Lost),4870,Tamil Nadu,2,Female,9,20-24 years,498,Hypertensive heart disease,102,High alcohol use,2,Percent,2019,0.000373043,0.000962915,5.86E-05
1,All Population,4,YLLs (Years of Life Lost),4859,Madhya Pradesh,1,Male,9,20-24 years,493,Ischemic heart disease,102,High alcohol use,2,Percent,2019,-0.01985056,0.017489066,-0.054536982
1,All Population,4,YLLs (Years of Life Lost),4859,Madhya Pradesh,2,Female,9,20-24 years,493,Ischemic heart disease,102,High alcohol use,2,Percent,2019,-0.000762863,0.000831248,-0.0024603
1,All Population,4,YLLs (Years of Life Lost),4863,Mizoram,1,Male,9,20-24 years,494,Stroke,102,High alcohol use,2,Percent,2019,0.010863068,0.033915698,-0.001708534
1,All Population,4,YLLs (Years of Life Lost),4863,Mizoram,2,Female,9,20-24 years,494,Stroke,102,High alcohol use,2,Percent,2019,-0.000252262,0.000394444,-0.000852553
1,All Population,4,YLLs (Years of Life Lost),4854,Jammu & Kashmir and Ladakh,1,Male,9,20-24 years,498,Hypertensive heart disease,102,High alcohol use,2,Percent,2019,0.018295353,0.030941792,0.008251428
1,All Population,4,YLLs (Years of Life Lost),4854,Jammu & Kashmir and Ladakh,2,Female,9,20-24 years,498,Hypertensive heart disease,102,High alcohol use,2,Percent,2019,0.000502693,0.001266197,8.10E-05
1,All Population,4,YLLs (Years of Life Lost),4854,Jammu & Kashmir and Ladakh,1,Male,9,20-24 years,499,Cardiomyopathy and myocarditis,102,High alcohol use,2,Percent,2019,0.022383288,0.062778321,0.005571543
1,All Population,4,YLLs (Years of Life Lost),4854,Jammu & Kashmir and Ladakh,2,Female,9,20-24 years,499,Cardiomyopathy and myocarditis,102,High alcohol use,2,Percent,2019,0.014265412,0.047864738,0.002915652
1,All Population,4,YLLs (Years of Life Lost),4850,Goa,1,Male,9,20-24 years,493,Ischemic heart disease,102,High alcohol use,2,Percent,2019,-0.042725039,0.035288357,-0.123191474
1,All Population,4,YLLs (Years of Life Lost),4850,Goa,2,Female,9,20-24 years,493,Ischemic heart disease,102,High alcohol use,2,Percent,2019,-0.003023644,0.003258117,-0.009743248
1,All Population,4,YLLs (Years of Life Lost),4856,Karnataka,1,Male,9,20-24 years,494,Stroke,332,Chewing tobacco,2,Percent,2019,0.047782513,0.088199657,0.020902666
1,All Population,4,YLLs (Years of Life Lost),4856,Karnataka,2,Female,9,20-24 years,494,Stroke,332,Chewing tobacco,2,Percent,2019,0.007440698,0.016918914,0.002103086
1,All Population,4,YLLs (Years of Life Lost),4852,Haryana,1,Male,9,20-24 years,499,Cardiomyopathy and myocarditis,102,High alcohol use,2,Percent,2019,0.023824459,0.06715869,0.005773237
1,All Population,4,YLLs (Years of Life Lost),4852,Haryana,2,Female,9,20-24 years,499,Cardiomyopathy and myocarditis,102,High alcohol use,2,Percent,2019,0.01664327,0.055336964,0.00350518
1,All Population,4,YLLs (Years of Life Lost),4872,Tripura,1,Male,9,20-24 years,494,Stroke,332,Chewing tobacco,2,Percent,2019,0.090403402,0.152650136,0.04213928
1,All Population,4,YLLs (Years of Life Lost),4872,Tripura,2,Female,9,20-24 years,494,Stroke,332,Chewing tobacco,2,Percent,2019,0.084665348,0.148008349,0.038549052
1,All Population,4,YLLs (Years of Life Lost),4863,Mizoram,1,Male,9,20-24 years,498,Hypertensive heart disease,102,High alcohol use,2,Percent,2019,0.070884651,0.10938594,0.036794902
1,All Population,4,YLLs (Years of Life Lost),4863,Mizoram,2,Female,9,20-24 years,498,Hypertensive heart disease,102,High alcohol use,2,Percent,2019,0.00368935,0.00832178,0.000685159
1,All Population,4,YLLs (Years of Life Lost),4861,Manipur,1,Male,9,20-24 years,499,Cardiomyopathy and myocarditis,102,High alcohol use,2,Percent,2019,0.023970759,0.071928422,0.005450812
1,All Population,4,YLLs (Years of Life Lost),4861,Manipur,2,Female,9,20-24 years,499,Cardiomyopathy and myocarditis,102,High alcohol use,2,Percent,2019,0.015221568,0.054167179,0.003131241
1,All Population,4,YLLs (Years of Life Lost),4872,Tripura,1,Male,9,20-24 years,498,Hypertensive heart disease,102,High alcohol use,2,Percent,2019,0.068225226,0.106158412,0.034893285
1,All Population,4,YLLs (Years of Life Lost),4872,Tripura,2,Female,9,20-24 years,498,Hypertensive heart disease,102,High alcohol use,2,Percent,2019,0.003923027,0.008814082,0.000671673
