population_group_id,population_group_name,measure_id,measure_name,location_id,location_name,sex_id,sex_name,age_id,age_name,cause_id,cause_name,rei_id,rei_name,metric_id,metric_name,year,val,upper,lower
1,All Population,1,Deaths,4853,Himachal Pradesh,1,Male,9,20-24 years,498,Hypertensive heart disease,102,High alcohol use,1,Number,2013,0.018510982539214328,0.038573856383721426,0.007471688158592022
1,All Population,1,Deaths,4853,Himachal Pradesh,2,Female,9,20-24 years,498,Hypertensive heart disease,102,High alcohol use,1,Number,2013,9.926162106522476e-05,0.00028208620697716617,1.4396848937521183e-05
1,All Population,1,Deaths,4850,Goa,1,Male,9,20-24 years,498,Hypertensive heart disease,102,High alcohol use,1,Number,2013,0.010573286603388993,0.021301812380316972,0.00419525240109212
1,All Population,1,Deaths,4850,Goa,2,Female,9,20-24 years,498,Hypertensive heart disease,102,High alcohol use,1,Number,2013,0.00013292813878953074,0.00034743154802105295,1.9147878653307347e-05
1,All Population,1,Deaths,4854,Jammu & Kashmir and Ladakh,1,Male,9,20-24 years,493,Ischemic heart disease,102,High alcohol use,1,Number,2013,-0.2147296925925617,0.19864577649235474,-0.6362490732161965
1,All Population,1,Deaths,4854,Jammu & Kashmir and Ladakh,2,Female,9,20-24 years,493,Ischemic heart disease,102,High alcohol use,1,Number,2013,-0.006694157017607095,0.005065976171974884,-0.027585087033304978
1,All Population,1,Deaths,4857,Kerala,1,Male,9,20-24 years,493,Ischemic heart disease,102,High alcohol use,1,Number,2013,-1.3806425272032488,1.4879765856552085,-4.261940965408765
1,All Population,1,Deaths,4857,Kerala,2,Female,9,20-24 years,493,Ischemic heart disease,102,High alcohol use,1,Number,2013,-0.021990036063817196,0.020297944386758523,-0.07943409654588929
1,All Population,1,Deaths,4855,Jharkhand,1,Male,9,20-24 years,494,Stroke,102,High alcohol use,1,Number,2013,0.17681767302743234,0.561415989231592,-0.01960918754028005
1,All Population,1,Deaths,4855,Jharkhand,2,Female,9,20-24 years,494,Stroke,102,High alcohol use,1,Number,2013,-0.007575128843793336,0.0126766761857608,-0.03229458269183174
1,All Population,1,Deaths,4865,Odisha,1,Male,9,20-24 years,493,Ischemic heart disease,102,High alcohol use,1,Number,2013,-1.7291205958879587,1.681253336133464,-5.11794862430948
1,All Population,1,Deaths,4865,Odisha,2,Female,9,20-24 years,493,Ischemic heart disease,102,High alcohol use,1,Number,2013,-0.08513612089504932,0.07320772918803277,-0.29539166467082306
1,All Population,1,Deaths,4852,Haryana,1,Male,9,20-24 years,494,Stroke,332,Chewing tobacco,1,Number,2013,1.0483728571216935,2.3075271913784086,0.3982804183478649
1,All Population,1,Deaths,4852,Haryana,2,Female,9,20-24 years,494,Stroke,332,Chewing tobacco,1,Number,2013,0.07523724756764168,0.2091683509248949,0.017422669173148372
1,All Population,1,Deaths,4846,Chhattisgarh,1,Male,9,20-24 years,493,Ischemic heart disease,102,High alcohol use,1,Number,2013,-4.3229725327113355,3.9748522346661477,-12.971385599102085
1,All Population,1,Deaths,4846,Chhattisgarh,2,Female,9,20-24 years,493,Ischemic heart disease,102,High alcohol use,1,Number,2013,-0.15738577763165676,0.14268589591616848,-0.609002813385093
1,All Population,1,Deaths,4859,Madhya Pradesh,1,Male,9,20-24 years,494,Stroke,332,Chewing tobacco,1,Number,2013,11.54975471363587,22.17781218853114,4.916968302827654
1,All Population,1,Deaths,4859,Madhya Pradesh,2,Female,9,20-24 years,494,Stroke,332,Chewing tobacco,1,Number,2013,3.1262795701017954,6.969802780394307,1.082832325110631
1,All Population,1,Deaths,4864,Nagaland,1,Male,9,20-24 years,494,Stroke,332,Chewing tobacco,1,Number,2013,0.6215972970530844,1.1096430322729378,0.3181820518376127
1,All Population,1,Deaths,4864,Nagaland,2,Female,9,20-24 years,494,Stroke,332,Chewing tobacco,1,Number,2013,0.2665666041780486,0.5612732736407078,0.11604544742868038
1,All Population,1,Deaths,4861,Manipur,1,Male,9,20-24 years,494,Stroke,102,High alcohol use,1,Number,2013,0.04134868297053945,0.12012170689494601,-0.00593959555384156
1,All Population,1,Deaths,4861,Manipur,2,Female,9,20-24 years,494,Stroke,102,High alcohol use,1,Number,2013,-0.0006252494724523568,0.001007639872295745,-0.0023919920921160256
1,All Population,1,Deaths,4859,Madhya Pradesh,1,Male,9,20-24 years,494,Stroke,102,High alcohol use,1,Number,2013,0.6498601518901838,2.079222592985496,-0.10594243167895948
1,All Population,1,Deaths,4859,Madhya Pradesh,2,Female,9,20-24 years,494,Stroke,102,High alcohol use,1,Number,2013,-0.007589453804933044,0.013036733161706332,-0.027307337892314223
1,All Population,1,Deaths,4856,Karnataka,1,Male,9,20-24 years,498,Hypertensive heart disease,102,High alcohol use,1,Number,2013,0.29325080782375934,0.6208738553505406,0.11122667139048481
1,All Population,1,Deaths,4856,Karnataka,2,Female,9,20-24 years,498,Hypertensive heart disease,102,High alcohol use,1,Number,2013,0.01553929347332897,0.03062583283990848,0.0034086124265414438
1,All Population,1,Deaths,4856,Karnataka,1,Male,9,20-24 years,499,Cardiomyopathy and myocarditis,102,High alcohol use,1,Number,2013,0.5309333691255231,1.6991812733183207,0.09234146977414698
1,All Population,1,Deaths,4856,Karnataka,2,Female,9,20-24 years,499,Cardiomyopathy and myocarditis,102,High alcohol use,1,Number,2013,0.10552351374190425,0.36777988960954155,0.013027985872720478
1,All Population,1,Deaths,4841,Andhra Pradesh,1,Male,9,20-24 years,494,Stroke,332,Chewing tobacco,1,Number,2013,1.08470334856918,2.1683947785730915,0.4565900881425101
1,All Population,1,Deaths,4841,Andhra Pradesh,2,Female,9,20-24 years,494,Stroke,332,Chewing tobacco,1,Number,2013,0.184843565995502,0.5398554164358839,0.03798844210146834
1,All Population,1,Deaths,4855,Jharkhand,1,Male,9,20-24 years,494,Stroke,332,Chewing tobacco,1,Number,2013,1.9296924999771121,4.210643085217182,0.7621723891988758
1,All Population,1,Deaths,4855,Jharkhand,2,Female,9,20-24 years,494,Stroke,332,Chewing tobacco,1,Number,2013,0.49234391025645224,1.3922145485679327,0.12722827579798765
1,All Population,1,Deaths,4841,Andhra Pradesh,1,Male,9,20-24 years,498,Hypertensive heart disease,102,High alcohol use,1,Number,2013,0.2415872835851277,0.512443628115463,0.09703713031486644
1,All Population,1,Deaths,4841,Andhra Pradesh,2,Female,9,20-24 years,498,Hypertensive heart disease,102,High alcohol use,1,Number,2013,0.0025417173309189535,0.00703535925613913,0.0003474224080658145
1,All Population,1,Deaths,4856,Karnataka,1,Male,9,20-24 years,493,Ischemic heart disease,102,High alcohol use,1,Number,2013,-6.704842672274061,7.282466374823229,-21.179588165390676
1,All Population,1,Deaths,4856,Karnataka,2,Female,9,20-24 years,493,Ischemic heart disease,102,High alcohol use,1,Number,2013,-1.0297176639008354,0.9250575257436933,-2.833626081105634
1,All Population,1,Deaths,4843,Assam,1,Male,9,20-24 years,494,Stroke,102,High alcohol use,1,Number,2013,0.9546948245226576,2.92741239029431,-0.09627253655369958
1,All Population,1,Deaths,4843,Assam,2,Female,9,20-24 years,494,Stroke,102,High alcohol use,1,Number,2013,-0.008530991112971663,0.016377328469159548,-0.03729956232733326
1,All Population,1,Deaths,4864,Nagaland,1,Male,9,20-24 years,499,Cardiomyopathy and myocarditis,102,High alcohol use,1,Number,2013,0.01894833526642878,0.06636580984737142,0.003465706551553457
1,All Population,1,Deaths,4864,Nagaland,2,Female,9,20-24 years,499,Cardiomyopathy and myocarditis,102,High alcohol use,1,Number,2013,0.005321483165712553,0.019486376026251646,0.0005456398371512703
1,All Population,1,Deaths,4874,Uttarakhand,1,Male,9,20-24 years,494,Stroke,332,Chewing tobacco,1,Number,2013,0.5632024932082529,1.1679660958249873,0.21164098666231124
1,All Population,1,Deaths,4874,Uttarakhand,2,Female,9,20-24 years,494,Stroke,332,Chewing tobacco,1,Number,2013,0.04364598508594626,0.126624791634994,0.009225624264019263
1,All Population,1,Deaths,4841,Andhra Pradesh,1,Male,9,20-24 years,493,Ischemic heart disease,102,High alcohol use,1,Number,2013,-4.502299042760224,4.321482926319021,-13.10532376921961
1,All Population,1,Deaths,4841,Andhra Pradesh,2,Female,9,20-24 years,493,Ischemic heart disease,102,High alcohol use,1,Number,2013,-0.10831631056076042,0.08005410761160449,-0.3708090867243819
1,All Population,1,Deaths,4871,Telangana,1,Male,9,20-24 years,493,Ischemic heart disease,102,High alcohol use,1,Number,2013,-8.17783716892266,8.328081537905373,-24.409348396134586
1,All Population,1,Deaths,4871,Telangana,2,Female,9,20-24 years,493,Ischemic heart disease,102,High alcohol use,1,Number,2013,-0.25221476958001704,0.25318504839071077,-0.9531525824398798
1,All Population,1,Deaths,4867,Punjab,1,Male,9,20-24 years,494,Stroke,332,Chewing tobacco,1,Number,2013,0.8374797446690562,2.0788222537605323,0.2899467124573798
1,All Population,1,Deaths,4867,Punjab,2,Female,9,20-24 years,494,Stroke,332,Chewing tobacco,1,Number,2013,0.05141248840165207,0.1346190791222282,0.013568539663806181
1,All Population,1,Deaths,4870,Tamil Nadu,1,Male,9,20-24 years,494,Stroke,102,High alcohol use,1,Number,2013,0.8301743776793379,2.4363048850298155,-0.1391912123172149
1,All Population,1,Deaths,4870,Tamil Nadu,2,Female,9,20-24 years,494,Stroke,102,High alcohol use,1,Number,2013,-0.001187678530710721,0.002321488735627298,-0.005085616684699344
1,All Population,1,Deaths,4860,Maharashtra,1,Male,9,20-24 years,494,Stroke,102,High alcohol use,1,Number,2013,0.8876481784233156,2.7994149402411215,-0.1484087844323808
1,All Population,1,Deaths,4860,Maharashtra,2,Female,9,20-24 years,494,Stroke,102,High alcohol use,1,Number,2013,-0.0023736561332338268,0.004370376642325372,-0.008830338315717742
1,All Population,1,Deaths,4869,Sikkim,1,Male,9,20-24 years,494,Stroke,102,High alcohol use,1,Number,2013,0.006619396698994161,0.023215086077369343,-0.0008672740060480313
1,All Population,1,Deaths,4869,Sikkim,2,Female,9,20-24 years,494,Stroke,102,High alcohol use,1,Number,2013,-0.0003487889780477667,0.0005135140384280458,-0.0013184084355415276
1,All Population,1,Deaths,4850,Goa,1,Male,9,20-24 years,499,Cardiomyopathy and myocarditis,102,High alcohol use,1,Number,2013,0.013282166160857803,0.05355158556255812,0.0025822906325373637
1,All Population,1,Deaths,4850,Goa,2,Female,9,20-24 years,499,Cardiomyopathy and myocarditis,102,High alcohol use,1,Number,2013,0.0023508518288771776,0.008873550085190633,0.00032646342442155805
1,All Population,1,Deaths,4850,Goa,1,Male,9,20-24 years,494,Stroke,332,Chewing tobacco,1,Number,2013,0.06300526331727427,0.15501676922434882,0.02163088943195569
1,All Population,1,Deaths,4850,Goa,2,Female,9,20-24 years,494,Stroke,332,Chewing tobacco,1,Number,2013,0.006729630393640054,0.018571800474438332,0.0017594891713336289
1,All Population,1,Deaths,4842,Arunachal Pradesh,1,Male,9,20-24 years,493,Ischemic heart disease,102,High alcohol use,1,Number,2013,-0.13026446692656984,0.10654694922756527,-0.4045687990070511
1,All Population,1,Deaths,4842,Arunachal Pradesh,2,Female,9,20-24 years,493,Ischemic heart disease,102,High alcohol use,1,Number,2013,-0.016706755040769985,0.01565379622381296,-0.05592210866582571
1,All Population,1,Deaths,4868,Rajasthan,1,Male,9,20-24 years,494,Stroke,332,Chewing tobacco,1,Number,2013,3.746539096220997,7.60494296342462,1.6746365936092096
1,All Population,1,Deaths,4868,Rajasthan,2,Female,9,20-24 years,494,Stroke,332,Chewing tobacco,1,Number,2013,0.44770827181066475,1.2354162472318786,0.116160886621128
1,All Population,1,Deaths,4875,West Bengal,1,Male,9,20-24 years,494,Stroke,102,High alcohol use,1,Number,2013,1.0916629081855596,3.5512564187597575,-0.14192465253708542
1,All Population,1,Deaths,4875,West Bengal,2,Female,9,20-24 years,494,Stroke,102,High alcohol use,1,Number,2013,-0.00621155552532196,0.008305761057396,-0.022545110836710798
1,All Population,1,Deaths,4842,Arunachal Pradesh,1,Male,9,20-24 years,499,Cardiomyopathy and myocarditis,102,High alcohol use,1,Number,2013,0.011755633165854665,0.03932288629778882,0.0020579059563005393
1,All Population,1,Deaths,4842,Arunachal Pradesh,2,Female,9,20-24 years,499,Cardiomyopathy and myocarditis,102,High alcohol use,1,Number,2013,0.003288757627836453,0.01502541885649626,0.0003501128839108694
1,All Population,1,Deaths,4862,Meghalaya,1,Male,9,20-24 years,493,Ischemic heart disease,102,High alcohol use,1,Number,2013,-0.14190538709761005,0.12256841172565436,-0.448195856617694
1,All Population,1,Deaths,4862,Meghalaya,2,Female,9,20-24 years,493,Ischemic heart disease,102,High alcohol use,1,Number,2013,-0.004366198325256291,0.0039031871616149313,-0.015833666786993644
1,All Population,1,Deaths,4855,Jharkhand,1,Male,9,20-24 years,499,Cardiomyopathy and myocarditis,102,High alcohol use,1,Number,2013,0.13148943253908058,0.4469363022291632,0.01843362866007442
1,All Population,1,Deaths,4855,Jharkhand,2,Female,9,20-24 years,499,Cardiomyopathy and myocarditis,102,High alcohol use,1,Number,2013,0.05909946658988649,0.2870852285301861,0.0050905391252801194
1,All Population,1,Deaths,4862,Meghalaya,1,Male,9,20-24 years,494,Stroke,332,Chewing tobacco,1,Number,2013,0.22452860647694473,0.49844221373961034,0.07423493300302314
1,All Population,1,Deaths,4862,Meghalaya,2,Female,9,20-24 years,494,Stroke,332,Chewing tobacco,1,Number,2013,0.21829247600430177,0.4505130188732957,0.09360869153463439
1,All Population,1,Deaths,4861,Manipur,1,Male,9,20-24 years,494,Stroke,332,Chewing tobacco,1,Number,2013,0.5101465204279386,0.9212771217684722,0.25326197016766855
1,All Population,1,Deaths,4861,Manipur,2,Female,9,20-24 years,494,Stroke,332,Chewing tobacco,1,Number,2013,0.33424479014273134,0.6582246779752703,0.15150315078070503
1,All Population,1,Deaths,4862,Meghalaya,1,Male,9,20-24 years,498,Hypertensive heart disease,102,High alcohol use,1,Number,2013,0.017536965065696727,0.03953299575381972,0.006547528599304828
1,All Population,1,Deaths,4862,Meghalaya,2,Female,9,20-24 years,498,Hypertensive heart disease,102,High alcohol use,1,Number,2013,0.00017218166611845416,0.0004780488222743092,2.746440530647655e-05
1,All Population,1,Deaths,4851,Gujarat,1,Male,9,20-24 years,493,Ischemic heart disease,102,High alcohol use,1,Number,2013,-1.4864367550591717,1.5728845924890509,-4.544754538697513
1,All Population,1,Deaths,4851,Gujarat,2,Female,9,20-24 years,493,Ischemic heart disease,102,High alcohol use,1,Number,2013,-0.03029256452937696,0.030771847801503917,-0.12298448693223882
1,All Population,1,Deaths,4861,Manipur,1,Male,9,20-24 years,498,Hypertensive heart disease,102,High alcohol use,1,Number,2013,0.013541856220865739,0.02855225950967216,0.005544212757172226
1,All Population,1,Deaths,4861,Manipur,2,Female,9,20-24 years,498,Hypertensive heart disease,102,High alcohol use,1,Number,2013,0.00026584633287540327,0.0006987574668047595,3.62184225620839e-05
1,All Population,1,Deaths,4869,Sikkim,1,Male,9,20-24 years,498,Hypertensive heart disease,102,High alcohol use,1,Number,2013,0.004286764259449416,0.00878613031259614,0.0016219784503247263
1,All Population,1,Deaths,4869,Sikkim,2,Female,9,20-24 years,498,Hypertensive heart disease,102,High alcohol use,1,Number,2013,0.0002307477390187075,0.0005849270216419431,3.261044308665323e-05
1,All Population,1,Deaths,4867,Punjab,1,Male,9,20-24 years,493,Ischemic heart disease,102,High alcohol use,1,Number,2013,-7.98629457240017,7.99256023740099,-24.354424464944838
1,All Population,1,Deaths,4867,Punjab,2,Female,9,20-24 years,493,Ischemic heart disease,102,High alcohol use,1,Number,2013,-0.03003202169723812,0.027280945064053822,-0.11281254430366545
1,All Population,1,Deaths,4869,Sikkim,1,Male,9,20-24 years,499,Cardiomyopathy and myocarditis,102,High alcohol use,1,Number,2013,0.006525219357626155,0.0210004032851935,0.0010548051698952782
1,All Population,1,Deaths,4869,Sikkim,2,Female,9,20-24 years,499,Cardiomyopathy and myocarditis,102,High alcohol use,1,Number,2013,0.0017349257656746255,0.007610313362385896,0.00019817124851075386
1,All Population,1,Deaths,4864,Nagaland,1,Male,9,20-24 years,498,Hypertensive heart disease,102,High alcohol use,1,Number,2013,0.012169185533940396,0.02600624653867866,0.004859709927128996
1,All Population,1,Deaths,4864,Nagaland,2,Female,9,20-24 years,498,Hypertensive heart disease,102,High alcohol use,1,Number,2013,0.00022910541039844825,0.0006166639417612783,3.664039745621498e-05
1,All Population,1,Deaths,4873,Uttar Pradesh,1,Male,9,20-24 years,498,Hypertensive heart disease,102,High alcohol use,1,Number,2013,0.2898448952248449,0.6764843579324697,0.09432608549867857
1,All Population,1,Deaths,4873,Uttar Pradesh,2,Female,9,20-24 years,498,Hypertensive heart disease,102,High alcohol use,1,Number,2013,0.0018371020432101735,0.005575668116128989,0.00022197603684196996
1,All Population,1,Deaths,4871,Telangana,1,Male,9,20-24 years,494,Stroke,102,High alcohol use,1,Number,2013,0.6385657765758352,2.0513378139399943,-0.1043332989267219
1,All Population,1,Deaths,4871,Telangana,2,Female,9,20-24 years,494,Stroke,102,High alcohol use,1,Number,2013,-0.006699471048592193,0.011657651430906767,-0.027393030617931403
1,All Population,1,Deaths,4860,Maharashtra,1,Male,9,20-24 years,499,Cardiomyopathy and myocarditis,102,High alcohol use,1,Number,2013,0.7666749900433931,2.7502411573495,0.13842442609308309
1,All Population,1,Deaths,4860,Maharashtra,2,Female,9,20-24 years,499,Cardiomyopathy and myocarditis,102,High alcohol use,1,Number,2013,0.21289123165255994,0.7246604965673192,0.03180050331332488
1,All Population,1,Deaths,4853,Himachal Pradesh,1,Male,9,20-24 years,494,Stroke,102,High alcohol use,1,Number,2013,0.027896761974256383,0.09230142773692339,-0.0038229383314413172
1,All Population,1,Deaths,4853,Himachal Pradesh,2,Female,9,20-24 years,494,Stroke,102,High alcohol use,1,Number,2013,-0.00010828076144148918,0.0001673450973609649,-0.0004371822908444051
1,All Population,1,Deaths,4863,Mizoram,1,Male,9,20-24 years,493,Ischemic heart disease,102,High alcohol use,1,Number,2013,-0.01750419542944407,0.0168603549906077,-0.053533611141217574
1,All Population,1,Deaths,4863,Mizoram,2,Female,9,20-24 years,493,Ischemic heart disease,102,High alcohol use,1,Number,2013,-0.0010570291974534283,0.0010575711444333663,-0.003770628078654392
1,All Population,1,Deaths,4853,Himachal Pradesh,1,Male,9,20-24 years,493,Ischemic heart disease,102,High alcohol use,1,Number,2013,-0.3534788130422398,0.3848884099180935,-1.1060956461771136
1,All Population,1,Deaths,4853,Himachal Pradesh,2,Female,9,20-24 years,493,Ischemic heart disease,102,High alcohol use,1,Number,2013,-0.003471140201419062,0.003507729812293077,-0.012775579931078602
1,All Population,1,Deaths,4871,Telangana,1,Male,9,20-24 years,494,Stroke,332,Chewing tobacco,1,Number,2013,1.317088093133789,3.0289437944690887,0.4066815751865992
1,All Population,1,Deaths,4871,Telangana,2,Female,9,20-24 years,494,Stroke,332,Chewing tobacco,1,Number,2013,0.33015804396221066,0.9202401526177115,0.07451131512463027
1,All Population,1,Deaths,4863,Mizoram,1,Male,9,20-24 years,499,Cardiomyopathy and myocarditis,102,High alcohol use,1,Number,2013,0.006044826230650609,0.020291692801181763,0.0008269816285425438
1,All Population,1,Deaths,4863,Mizoram,2,Female,9,20-24 years,499,Cardiomyopathy and myocarditis,102,High alcohol use,1,Number,2013,0.0018843985877267841,0.007439915881003242,0.00021575859572671262
1,All Population,1,Deaths,4865,Odisha,1,Male,9,20-24 years,499,Cardiomyopathy and myocarditis,102,High alcohol use,1,Number,2013,0.26496719470745145,1.0298487339529243,0.037455605061384484
1,All Population,1,Deaths,4865,Odisha,2,Female,9,20-24 years,499,Cardiomyopathy and myocarditis,102,High alcohol use,1,Number,2013,0.09332131870547014,0.4666932994333226,0.008256291880960186
1,All Population,1,Deaths,4862,Meghalaya,1,Male,9,20-24 years,494,Stroke,102,High alcohol use,1,Number,2013,0.035895422235316644,0.11504478265260702,-0.006027760707533461
1,All Population,1,Deaths,4862,Meghalaya,2,Female,9,20-24 years,494,Stroke,102,High alcohol use,1,Number,2013,-0.00027199190829661307,0.0004288892014187896,-0.0010871820492856603
1,All Population,1,Deaths,4849,Delhi,1,Male,9,20-24 years,494,Stroke,332,Chewing tobacco,1,Number,2013,0.6426481691182117,1.3687832103475173,0.2680049827923975
1,All Population,1,Deaths,4849,Delhi,2,Female,9,20-24 years,494,Stroke,332,Chewing tobacco,1,Number,2013,0.06346959877171246,0.19016710712633295,0.015646234621687412
1,All Population,1,Deaths,4854,Jammu & Kashmir and Ladakh,1,Male,9,20-24 years,498,Hypertensive heart disease,102,High alcohol use,1,Number,2013,0.015395934454253586,0.03332183174481279,0.005566200420219972
1,All Population,1,Deaths,4854,Jammu & Kashmir and Ladakh,2,Female,9,20-24 years,498,Hypertensive heart disease,102,High alcohol use,1,Number,2013,0.0001263140200122072,0.0003632753248540298,1.72758889512166e-05
1,All Population,1,Deaths,4854,Jammu & Kashmir and Ladakh,1,Male,9,20-24 years,499,Cardiomyopathy and myocarditis,102,High alcohol use,1,Number,2013,0.08718364269944895,0.27330158357742307,0.015099935267185461
1,All Population,1,Deaths,4854,Jammu & Kashmir and Ladakh,2,Female,9,20-24 years,499,Cardiomyopathy and myocarditis,102,High alcohol use,1,Number,2013,0.025333405026373806,0.09121870100323748,0.0032898643996650085
1,All Population,1,Deaths,4863,Mizoram,1,Male,9,20-24 years,494,Stroke,332,Chewing tobacco,1,Number,2013,0.03325892451541737,0.07338593431846449,0.013184245129935988
1,All Population,1,Deaths,4863,Mizoram,2,Female,9,20-24 years,494,Stroke,332,Chewing tobacco,1,Number,2013,0.042167880306632,0.09179008057474203,0.016204727637243652
1,All Population,1,Deaths,4863,Mizoram,1,Male,9,20-24 years,498,Hypertensive heart disease,102,High alcohol use,1,Number,2013,0.0029569042391833235,0.0064853663417666985,0.0010934321124456948
1,All Population,1,Deaths,4863,Mizoram,2,Female,9,20-24 years,498,Hypertensive heart disease,102,High alcohol use,1,Number,2013,6.95317883352959e-05,0.000172211209444742,1.0303598343982713e-05
1,All Population,1,Deaths,4855,Jharkhand,1,Male,9,20-24 years,493,Ischemic heart disease,102,High alcohol use,1,Number,2013,-0.8971466409340776,0.7674707070563209,-2.7284889461020128
1,All Population,1,Deaths,4855,Jharkhand,2,Female,9,20-24 years,493,Ischemic heart disease,102,High alcohol use,1,Number,2013,-0.11175383120940764,0.08162423630280202,-0.41620842934976665
1,All Population,1,Deaths,4851,Gujarat,1,Male,9,20-24 years,494,Stroke,332,Chewing tobacco,1,Number,2013,8.917965606137157,17.374767961585846,3.5593341465347157
1,All Population,1,Deaths,4851,Gujarat,2,Female,9,20-24 years,494,Stroke,332,Chewing tobacco,1,Number,2013,0.8222006516527173,1.9684321262215247,0.22596765014267398
1,All Population,1,Deaths,4857,Kerala,1,Male,9,20-24 years,494,Stroke,332,Chewing tobacco,1,Number,2013,0.6794974111638923,1.4661110690398846,0.2383862385977699
1,All Population,1,Deaths,4857,Kerala,2,Female,9,20-24 years,494,Stroke,332,Chewing tobacco,1,Number,2013,0.07453479883918979,0.19964682649833487,0.019916307676524622
1,All Population,1,Deaths,4844,Bihar,1,Male,9,20-24 years,493,Ischemic heart disease,102,High alcohol use,1,Number,2013,-3.122274274938681,3.0034220471632,-10.50893490670215
1,All Population,1,Deaths,4844,Bihar,2,Female,9,20-24 years,493,Ischemic heart disease,102,High alcohol use,1,Number,2013,-0.0624859829987813,0.057399309438853116,-0.22503883955566764
1,All Population,1,Deaths,4860,Maharashtra,1,Male,9,20-24 years,494,Stroke,332,Chewing tobacco,1,Number,2013,11.53062642443059,19.735447639748145,5.40321627214836
1,All Population,1,Deaths,4860,Maharashtra,2,Female,9,20-24 years,494,Stroke,332,Chewing tobacco,1,Number,2013,1.8692019852032566,4.765080737099971,0.5575593420810312
1,All Population,1,Deaths,4857,Kerala,1,Male,9,20-24 years,499,Cardiomyopathy and myocarditis,102,High alcohol use,1,Number,2013,0.16130261062768475,0.59431988550274,0.033610254577928114
1,All Population,1,Deaths,4857,Kerala,2,Female,9,20-24 years,499,Cardiomyopathy and myocarditis,102,High alcohol use,1,Number,2013,0.04652231729225023,0.18410560422887562,0.005733266142189483
1,All Population,1,Deaths,4851,Gujarat,1,Male,9,20-24 years,498,Hypertensive heart disease,102,High alcohol use,1,Number,2013,0.09597850943545731,0.2039596943895591,0.03118444397851177
1,All Population,1,Deaths,4851,Gujarat,2,Female,9,20-24 years,498,Hypertensive heart disease,102,High alcohol use,1,Number,2013,0.0007971645411546534,0.002239747458760386,0.00010256654649480943
1,All Population,1,Deaths,4860,Maharashtra,1,Male,9,20-24 years,498,Hypertensive heart disease,102,High alcohol use,1,Number,2013,0.3117856760395509,0.6238936653472935,0.1281622009485892
1,All Population,1,Deaths,4860,Maharashtra,2,Female,9,20-24 years,498,Hypertensive heart disease,102,High alcohol use,1,Number,2013,0.0012723598091296127,0.0034115162697518106,0.00017641357344916044
1,All Population,1,Deaths,4870,Tamil Nadu,1,Male,9,20-24 years,493,Ischemic heart disease,102,High alcohol use,1,Number,2013,-9.742993565510357,9.532503685216032,-30.508739940244755
1,All Population,1,Deaths,4870,Tamil Nadu,2,Female,9,20-24 years,493,Ischemic heart disease,102,High alcohol use,1,Number,2013,-0.031045763225662368,0.027062738211762027,-0.13378150636699165
1,All Population,1,Deaths,4868,Rajasthan,1,Male,9,20-24 years,494,Stroke,102,High alcohol use,1,Number,2013,0.15632187969426756,0.5093851867414244,-0.019627651381961583
1,All Population,1,Deaths,4868,Rajasthan,2,Female,9,20-24 years,494,Stroke,102,High alcohol use,1,Number,2013,-0.001737441790911713,0.0024699087857312065,-0.006596437902349129
1,All Population,1,Deaths,4849,Delhi,1,Male,9,20-24 years,498,Hypertensive heart disease,102,High alcohol use,1,Number,2013,0.061330659236892175,0.12841857869404127,0.024265686297837607
1,All Population,1,Deaths,4849,Delhi,2,Female,9,20-24 years,498,Hypertensive heart disease,102,High alcohol use,1,Number,2013,0.0003564551607788037,0.0009854588452783242,4.790493712270333e-05
1,All Population,1,Deaths,4844,Bihar,1,Male,9,20-24 years,499,Cardiomyopathy and myocarditis,102,High alcohol use,1,Number,2013,0.6049192008538575,2.0480366526733085,0.08957167662378698
1,All Population,1,Deaths,4844,Bihar,2,Female,9,20-24 years,499,Cardiomyopathy and myocarditis,102,High alcohol use,1,Number,2013,0.19098846329354904,0.8823061403724962,0.021451910635071084
1,All Population,1,Deaths,4852,Haryana,1,Male,9,20-24 years,494,Stroke,102,High alcohol use,1,Number,2013,-0.007908405419105185,0.11631185197274795,-0.1181981263184699
1,All Population,1,Deaths,4852,Haryana,2,Female,9,20-24 years,494,Stroke,102,High alcohol use,1,Number,2013,-0.0006885377071483141,0.000975791839291889,-0.0026270179422590483
1,All Population,1,Deaths,4864,Nagaland,1,Male,9,20-24 years,494,Stroke,102,High alcohol use,1,Number,2013,0.042438400145408874,0.12951998323968889,-0.006495649863068394
1,All Population,1,Deaths,4864,Nagaland,2,Female,9,20-24 years,494,Stroke,102,High alcohol use,1,Number,2013,-0.0005408907817033984,0.000891072024210628,-0.0023078722055378423
1,All Population,1,Deaths,4841,Andhra Pradesh,1,Male,9,20-24 years,499,Cardiomyopathy and myocarditis,102,High alcohol use,1,Number,2013,0.34953855330777833,1.224131180403966,0.059377756825677454
1,All Population,1,Deaths,4841,Andhra Pradesh,2,Female,9,20-24 years,499,Cardiomyopathy and myocarditis,102,High alcohol use,1,Number,2013,0.08286622393284357,0.3029504962812625,0.009319787609497714
1,All Population,1,Deaths,4857,Kerala,1,Male,9,20-24 years,498,Hypertensive heart disease,102,High alcohol use,1,Number,2013,0.08197763657980407,0.16794967566343155,0.027975084029668716
1,All Population,1,Deaths,4857,Kerala,2,Female,9,20-24 years,498,Hypertensive heart disease,102,High alcohol use,1,Number,2013,0.000971710056177702,0.0025279860183094957,0.0001610496979914952
1,All Population,1,Deaths,4846,Chhattisgarh,1,Male,9,20-24 years,494,Stroke,332,Chewing tobacco,1,Number,2013,8.812460614837997,16.68108621281762,3.9927241009218815
1,All Population,1,Deaths,4846,Chhattisgarh,2,Female,9,20-24 years,494,Stroke,332,Chewing tobacco,1,Number,2013,2.6368497495698358,5.981826529860201,0.9131365829986005
1,All Population,1,Deaths,4863,Mizoram,1,Male,9,20-24 years,494,Stroke,102,High alcohol use,1,Number,2013,0.004465371198203999,0.014568035603402685,-0.0007487542869572789
1,All Population,1,Deaths,4863,Mizoram,2,Female,9,20-24 years,494,Stroke,102,High alcohol use,1,Number,2013,-5.505579827657444e-05,8.085420439393531e-05,-0.0002144278978458732
1,All Population,1,Deaths,4872,Tripura,1,Male,9,20-24 years,499,Cardiomyopathy and myocarditis,102,High alcohol use,1,Number,2013,0.024057069293200364,0.07871644672920489,0.004229082232324424
1,All Population,1,Deaths,4872,Tripura,2,Female,9,20-24 years,499,Cardiomyopathy and myocarditis,102,High alcohol use,1,Number,2013,0.009072954531231085,0.03989933719722798,0.0010135622532856053
1,All Population,1,Deaths,4854,Jammu & Kashmir and Ladakh,1,Male,9,20-24 years,494,Stroke,102,High alcohol use,1,Number,2013,0.019234784692258672,0.063140885130476,-0.002661549632621686
1,All Population,1,Deaths,4854,Jammu & Kashmir and Ladakh,2,Female,9,20-24 years,494,Stroke,102,High alcohol use,1,Number,2013,-0.00013894041923732093,0.00021566474735371444,-0.0005744236183240631
1,All Population,1,Deaths,4850,Goa,1,Male,9,20-24 years,493,Ischemic heart disease,102,High alcohol use,1,Number,2013,-0.32976907230374497,0.30931303901461016,-1.0397998147141179
1,All Population,1,Deaths,4850,Goa,2,Female,9,20-24 years,493,Ischemic heart disease,102,High alcohol use,1,Number,2013,-0.007186439508060868,0.007856034548873047,-0.024464914938376228
1,All Population,1,Deaths,4854,Jammu & Kashmir and Ladakh,1,Male,9,20-24 years,494,Stroke,332,Chewing tobacco,1,Number,2013,0.1678008633838398,0.36170486972510246,0.05818456184420534
1,All Population,1,Deaths,4854,Jammu & Kashmir and Ladakh,2,Female,9,20-24 years,494,Stroke,332,Chewing tobacco,1,Number,2013,0.018518129406862816,0.052046917431670656,0.004744177846348232
1,All Population,1,Deaths,4846,Chhattisgarh,1,Male,9,20-24 years,494,Stroke,102,High alcohol use,1,Number,2013,0.939988940785355,2.930187517110858,-0.14323006755427944
1,All Population,1,Deaths,4846,Chhattisgarh,2,Female,9,20-24 years,494,Stroke,102,High alcohol use,1,Number,2013,-0.01265234499455167,0.021638052676942614,-0.053094913987477975
1,All Population,1,Deaths,4859,Madhya Pradesh,1,Male,9,20-24 years,493,Ischemic heart disease,102,High alcohol use,1,Number,2013,-5.327759560667088,5.403930261379075,-16.688921535101613
1,All Population,1,Deaths,4859,Madhya Pradesh,2,Female,9,20-24 years,493,Ischemic heart disease,102,High alcohol use,1,Number,2013,-0.13364928738202808,0.11659582322324127,-0.4468913946211831
1,All Population,1,Deaths,4865,Odisha,1,Male,9,20-24 years,494,Stroke,332,Chewing tobacco,1,Number,2013,7.445047912641602,13.88664060661678,3.646540416617909
1,All Population,1,Deaths,4865,Odisha,2,Female,9,20-24 years,494,Stroke,332,Chewing tobacco,1,Number,2013,2.6095324310156096,6.155666176651342,0.8547320137222568
1,All Population,1,Deaths,4865,Odisha,1,Male,9,20-24 years,498,Hypertensive heart disease,102,High alcohol use,1,Number,2013,0.17461750316403035,0.3863744775430323,0.06579046790493301
1,All Population,1,Deaths,4865,Odisha,2,Female,9,20-24 years,498,Hypertensive heart disease,102,High alcohol use,1,Number,2013,0.0029174057667934713,0.007128725634400146,0.0003876462302337585
1,All Population,1,Deaths,4841,Andhra Pradesh,1,Male,9,20-24 years,494,Stroke,102,High alcohol use,1,Number,2013,0.3514728703095588,1.1909090463527028,-0.059311832845697535
1,All Population,1,Deaths,4841,Andhra Pradesh,2,Female,9,20-24 years,494,Stroke,102,High alcohol use,1,Number,2013,-0.0038093637522064834,0.006513303673981284,-0.014490176682491024
1,All Population,1,Deaths,4867,Punjab,1,Male,9,20-24 years,494,Stroke,102,High alcohol use,1,Number,2013,0.2828643075915703,0.9595235153555134,-0.040001741550057486
1,All Population,1,Deaths,4867,Punjab,2,Female,9,20-24 years,494,Stroke,102,High alcohol use,1,Number,2013,-0.0005253631740670523,0.0006606998745741634,-0.0020194880362033717
1,All Population,1,Deaths,4851,Gujarat,1,Male,9,20-24 years,494,Stroke,102,High alcohol use,1,Number,2013,0.18520836923189485,0.6688132082616585,-0.028840059081992307
1,All Population,1,Deaths,4851,Gujarat,2,Female,9,20-24 years,494,Stroke,102,High alcohol use,1,Number,2013,-0.0015122161636763546,0.00233613994158116,-0.006232018458565326
1,All Population,1,Deaths,4861,Manipur,1,Male,9,20-24 years,493,Ischemic heart disease,102,High alcohol use,1,Number,2013,-0.17201085349730483,0.18153970765488256,-0.5301622650561618
1,All Population,1,Deaths,4861,Manipur,2,Female,9,20-24 years,493,Ischemic heart disease,102,High alcohol use,1,Number,2013,-0.010822224988289556,0.011231064251519974,-0.038217070099815224
1,All Population,1,Deaths,4856,Karnataka,1,Male,9,20-24 years,494,Stroke,102,High alcohol use,1,Number,2013,0.6152362169350729,2.078386027879311,-0.11753296578899111
1,All Population,1,Deaths,4856,Karnataka,2,Female,9,20-24 years,494,Stroke,102,High alcohol use,1,Number,2013,-0.03680769462228345,0.04552456068633596,-0.14361168672457944
1,All Population,1,Deaths,4856,Karnataka,1,Male,9,20-24 years,494,Stroke,332,Chewing tobacco,1,Number,2013,5.175642960634142,10.18392046748902,2.379059226556767
1,All Population,1,Deaths,4856,Karnataka,2,Female,9,20-24 years,494,Stroke,332,Chewing tobacco,1,Number,2013,0.6326741990605946,1.6322384383042878,0.1694606382044206
1,All Population,1,Deaths,4861,Manipur,1,Male,9,20-24 years,499,Cardiomyopathy and myocarditis,102,High alcohol use,1,Number,2013,0.02197934489910117,0.07608651866471004,0.0032186185221418006
1,All Population,1,Deaths,4861,Manipur,2,Female,9,20-24 years,499,Cardiomyopathy and myocarditis,102,High alcohol use,1,Number,2013,0.007332435945029233,0.03164665231178872,0.0005398288836707138
1,All Population,1,Deaths,4852,Haryana,1,Male,9,20-24 years,493,Ischemic heart disease,102,High alcohol use,1,Number,2013,-1.5772662529448827,1.4331619480639197,-5.1243229945714015
1,All Population,1,Deaths,4852,Haryana,2,Female,9,20-24 years,493,Ischemic heart disease,102,High alcohol use,1,Number,2013,-0.014963046681193762,0.014756866495546254,-0.0554779428767578
1,All Population,1,Deaths,4873,Uttar Pradesh,1,Male,9,20-24 years,493,Ischemic heart disease,102,High alcohol use,1,Number,2013,-4.47486355562837,4.30331296322904,-13.170464460751095
1,All Population,1,Deaths,4873,Uttar Pradesh,2,Female,9,20-24 years,493,Ischemic heart disease,102,High alcohol use,1,Number,2013,-0.07662733228653688,0.061577184044484125,-0.3251222374826398
1,All Population,1,Deaths,4875,West Bengal,1,Male,9,20-24 years,493,Ischemic heart disease,102,High alcohol use,1,Number,2013,-3.77525748597155,3.410486976969124,-12.154832083295913
1,All Population,1,Deaths,4875,West Bengal,2,Female,9,20-24 years,493,Ischemic heart disease,102,High alcohol use,1,Number,2013,-0.07424047881586877,0.07219965860392348,-0.28405659228401337
1,All Population,1,Deaths,4875,West Bengal,1,Male,9,20-24 years,498,Hypertensive heart disease,102,High alcohol use,1,Number,2013,0.2990296843940998,0.6264974726762168,0.10665507654337139
1,All Population,1,Deaths,4875,West Bengal,2,Female,9,20-24 years,498,Hypertensive heart disease,102,High alcohol use,1,Number,2013,0.0018364911056676385,0.004879564804830777,0.0002593057686071121
1,All Population,1,Deaths,4864,Nagaland,1,Male,9,20-24 years,493,Ischemic heart disease,102,High alcohol use,1,Number,2013,-0.1261129684273138,0.11919914319668332,-0.3546690377760928
1,All Population,1,Deaths,4864,Nagaland,2,Female,9,20-24 years,493,Ischemic heart disease,102,High alcohol use,1,Number,2013,-0.009211960729407349,0.008067176798859712,-0.03127229139986037
1,All Population,1,Deaths,4872,Tripura,1,Male,9,20-24 years,494,Stroke,102,High alcohol use,1,Number,2013,0.06190845837814447,0.19818267262846,-0.010296625623246895
1,All Population,1,Deaths,4872,Tripura,2,Female,9,20-24 years,494,Stroke,102,High alcohol use,1,Number,2013,-0.0014092786332848281,0.0024776267052804054,-0.00608867242405418
1,All Population,1,Deaths,4867,Punjab,1,Male,9,20-24 years,498,Hypertensive heart disease,102,High alcohol use,1,Number,2013,0.1446171357457013,0.2940637870060833,0.056821908775845816
1,All Population,1,Deaths,4867,Punjab,2,Female,9,20-24 years,498,Hypertensive heart disease,102,High alcohol use,1,Number,2013,0.00036452920287042537,0.0009794602773703386,5.128420157621125e-05
1,All Population,1,Deaths,4849,Delhi,1,Male,9,20-24 years,493,Ischemic heart disease,102,High alcohol use,1,Number,2013,-1.5946981119989712,1.6770983899071932,-5.264716518801269
1,All Population,1,Deaths,4849,Delhi,2,Female,9,20-24 years,493,Ischemic heart disease,102,High alcohol use,1,Number,2013,-0.022369048794010308,0.021841777993405014,-0.07715816121778929
1,All Population,1,Deaths,4867,Punjab,1,Male,9,20-24 years,499,Cardiomyopathy and myocarditis,102,High alcohol use,1,Number,2013,0.2550966569316235,0.886402487875139,0.04345267886146438
1,All Population,1,Deaths,4867,Punjab,2,Female,9,20-24 years,499,Cardiomyopathy and myocarditis,102,High alcohol use,1,Number,2013,0.09277607133096889,0.27303270944904307,0.012013713632418193
1,All Population,1,Deaths,4849,Delhi,1,Male,9,20-24 years,499,Cardiomyopathy and myocarditis,102,High alcohol use,1,Number,2013,0.16214307779491055,0.5231470057307056,0.028977260964169894
1,All Population,1,Deaths,4849,Delhi,2,Female,9,20-24 years,499,Cardiomyopathy and myocarditis,102,High alcohol use,1,Number,2013,0.04822591948648074,0.17074977005385433,0.006535113838917448
1,All Population,1,Deaths,4843,Assam,1,Male,9,20-24 years,494,Stroke,332,Chewing tobacco,1,Number,2013,6.748066250811625,12.667019113948571,3.1565668268410585
1,All Population,1,Deaths,4843,Assam,2,Female,9,20-24 years,494,Stroke,332,Chewing tobacco,1,Number,2013,2.003853488219078,4.471087439863808,0.7367392319731663
1,All Population,1,Deaths,4842,Arunachal Pradesh,1,Male,9,20-24 years,494,Stroke,102,High alcohol use,1,Number,2013,0.025342074585696376,0.0777308300362356,-0.004127479383801113
1,All Population,1,Deaths,4842,Arunachal Pradesh,2,Female,9,20-24 years,494,Stroke,102,High alcohol use,1,Number,2013,-0.0013347131819698833,0.0022927471703746128,-0.005040392659418759
1,All Population,1,Deaths,4874,Uttarakhand,1,Male,9,20-24 years,498,Hypertensive heart disease,102,High alcohol use,1,Number,2013,0.04877335132191028,0.10815949281538467,0.015802274258543064
1,All Population,1,Deaths,4874,Uttarakhand,2,Female,9,20-24 years,498,Hypertensive heart disease,102,High alcohol use,1,Number,2013,0.0001856254509642016,0.0004799312067509905,2.6695395554868744e-05
1,All Population,1,Deaths,4852,Haryana,1,Male,9,20-24 years,498,Hypertensive heart disease,102,High alcohol use,1,Number,2013,0.06176407673564502,0.1341776534172826,0.018507052959940897
1,All Population,1,Deaths,4852,Haryana,2,Female,9,20-24 years,498,Hypertensive heart disease,102,High alcohol use,1,Number,2013,0.0003122851889277916,0.0008082770940742058,3.7669989112407804e-05
1,All Population,1,Deaths,4852,Haryana,1,Male,9,20-24 years,499,Cardiomyopathy and myocarditis,102,High alcohol use,1,Number,2013,0.3192087124482109,1.1793245182196894,0.057550452818442635
1,All Population,1,Deaths,4852,Haryana,2,Female,9,20-24 years,499,Cardiomyopathy and myocarditis,102,High alcohol use,1,Number,2013,0.07181180097364631,0.2836481005036943,0.009056354647819623
1,All Population,1,Deaths,4868,Rajasthan,1,Male,9,20-24 years,499,Cardiomyopathy and myocarditis,102,High alcohol use,1,Number,2013,0.4902299194592546,1.8185669024894258,0.08324054433611448
1,All Population,1,Deaths,4868,Rajasthan,2,Female,9,20-24 years,499,Cardiomyopathy and myocarditis,102,High alcohol use,1,Number,2013,0.11389445797204013,0.4452022500965832,0.012801732872302692
1,All Population,1,Deaths,4850,Goa,1,Male,9,20-24 years,494,Stroke,102,High alcohol use,1,Number,2013,0.028174721081825997,0.09763727469365822,-0.004854067050454425
1,All Population,1,Deaths,4850,Goa,2,Female,9,20-24 years,494,Stroke,102,High alcohol use,1,Number,2013,-0.00025000225640562593,0.0004195682116013479,-0.0010328602413109105
1,All Population,1,Deaths,4855,Jharkhand,1,Male,9,20-24 years,498,Hypertensive heart disease,102,High alcohol use,1,Number,2013,0.08565950074844639,0.20210387437997296,0.033149329038862016
1,All Population,1,Deaths,4855,Jharkhand,2,Female,9,20-24 years,498,Hypertensive heart disease,102,High alcohol use,1,Number,2013,0.002202444913206567,0.005992978334373287,0.00031365170080445263
1,All Population,1,Deaths,44538,Other Union Territories,1,Male,9,20-24 years,499,Cardiomyopathy and myocarditis,102,High alcohol use,1,Number,2013,0.024926788036419123,0.0878132802054547,0.004267485492416539
1,All Population,1,Deaths,44538,Other Union Territories,2,Female,9,20-24 years,499,Cardiomyopathy and myocarditis,102,High alcohol use,1,Number,2013,0.006258281011586664,0.0227264229257526,0.0007491704622725436
1,All Population,1,Deaths,4875,West Bengal,1,Male,9,20-24 years,494,Stroke,332,Chewing tobacco,1,Number,2013,11.220219347129898,22.40675782763262,4.703254508763424
1,All Population,1,Deaths,4875,West Bengal,2,Female,9,20-24 years,494,Stroke,332,Chewing tobacco,1,Number,2013,2.6578091097898184,6.481364714397218,0.9050626149645817
1,All Population,1,Deaths,4843,Assam,1,Male,9,20-24 years,499,Cardiomyopathy and myocarditis,102,High alcohol use,1,Number,2013,0.2199871617881146,0.7663108499115163,0.0344331718624633
1,All Population,1,Deaths,4843,Assam,2,Female,9,20-24 years,499,Cardiomyopathy and myocarditis,102,High alcohol use,1,Number,2013,0.07373040785121854,0.3236884220903684,0.0060419920851405625
1,All Population,1,Deaths,4865,Odisha,1,Male,9,20-24 years,494,Stroke,102,High alcohol use,1,Number,2013,0.6285112388723119,2.0105137230523034,-0.0938107534687056
1,All Population,1,Deaths,4865,Odisha,2,Female,9,20-24 years,494,Stroke,102,High alcohol use,1,Number,2013,-0.009897539251038244,0.016208234453158995,-0.04282363778053601
1,All Population,1,Deaths,4870,Tamil Nadu,1,Male,9,20-24 years,494,Stroke,332,Chewing tobacco,1,Number,2013,1.7916672738231927,4.028941125807195,0.6218122173814273
1,All Population,1,Deaths,4870,Tamil Nadu,2,Female,9,20-24 years,494,Stroke,332,Chewing tobacco,1,Number,2013,0.29073307543702726,0.7903269543267468,0.07336323706578834
1,All Population,1,Deaths,44538,Other Union Territories,1,Male,9,20-24 years,494,Stroke,332,Chewing tobacco,1,Number,2013,0.11421011404864674,0.2751661011050199,0.040628665163288086
1,All Population,1,Deaths,44538,Other Union Territories,2,Female,9,20-24 years,494,Stroke,332,Chewing tobacco,1,Number,2013,0.011771063335600686,0.03255947619069858,0.0030426929384530415
1,All Population,1,Deaths,4859,Madhya Pradesh,1,Male,9,20-24 years,498,Hypertensive heart disease,102,High alcohol use,1,Number,2013,0.285757751720731,0.6573362247147418,0.10286802960739114
1,All Population,1,Deaths,4859,Madhya Pradesh,2,Female,9,20-24 years,498,Hypertensive heart disease,102,High alcohol use,1,Number,2013,0.0022580280531825803,0.005504423825168835,0.0003536091887824887
1,All Population,1,Deaths,4872,Tripura,1,Male,9,20-24 years,493,Ischemic heart disease,102,High alcohol use,1,Number,2013,-0.24758541159923475,0.2171023932574818,-0.7885311594544707
1,All Population,1,Deaths,4872,Tripura,2,Female,9,20-24 years,493,Ischemic heart disease,102,High alcohol use,1,Number,2013,-0.018712936274643946,0.01843196253008323,-0.06565900748345042
1,All Population,1,Deaths,4859,Madhya Pradesh,1,Male,9,20-24 years,499,Cardiomyopathy and myocarditis,102,High alcohol use,1,Number,2013,0.6808084379855767,2.4392823560757817,0.10606262324446868
1,All Population,1,Deaths,4859,Madhya Pradesh,2,Female,9,20-24 years,499,Cardiomyopathy and myocarditis,102,High alcohol use,1,Number,2013,0.18945370630513214,0.8245334993283389,0.019744027386488432
1,All Population,1,Deaths,4846,Chhattisgarh,1,Male,9,20-24 years,499,Cardiomyopathy and myocarditis,102,High alcohol use,1,Number,2013,0.3087442015663299,1.232151504020043,0.0423919995341772
1,All Population,1,Deaths,4846,Chhattisgarh,2,Female,9,20-24 years,499,Cardiomyopathy and myocarditis,102,High alcohol use,1,Number,2013,0.08605258285824778,0.48968387565822297,0.006833128708627387
1,All Population,1,Deaths,4860,Maharashtra,1,Male,9,20-24 years,493,Ischemic heart disease,102,High alcohol use,1,Number,2013,-4.574992182295689,4.3983584974590535,-13.298346698233255
1,All Population,1,Deaths,4860,Maharashtra,2,Female,9,20-24 years,493,Ischemic heart disease,102,High alcohol use,1,Number,2013,-0.040770338294494966,0.03329972340662416,-0.13454376085177885
1,All Population,1,Deaths,4872,Tripura,1,Male,9,20-24 years,494,Stroke,332,Chewing tobacco,1,Number,2013,0.5951896897928571,1.1347850720297175,0.2538431400054789
1,All Population,1,Deaths,4872,Tripura,2,Female,9,20-24 years,494,Stroke,332,Chewing tobacco,1,Number,2013,0.5448024224246414,1.172540278017407,0.22270062666316048
1,All Population,1,Deaths,4869,Sikkim,1,Male,9,20-24 years,494,Stroke,332,Chewing tobacco,1,Number,2013,0.02997647312749858,0.06569065114165065,0.010694577121916913
1,All Population,1,Deaths,4869,Sikkim,2,Female,9,20-24 years,494,Stroke,332,Chewing tobacco,1,Number,2013,0.0058619015052995315,0.014810635012160357,0.0014870633838575367
1,All Population,1,Deaths,4843,Assam,1,Male,9,20-24 years,493,Ischemic heart disease,102,High alcohol use,1,Number,2013,-1.2063499879048427,1.2923580939681238,-3.431230351803111
1,All Population,1,Deaths,4843,Assam,2,Female,9,20-24 years,493,Ischemic heart disease,102,High alcohol use,1,Number,2013,-0.08072075584331252,0.0732027995813885,-0.32587956136594975
1,All Population,1,Deaths,4873,Uttar Pradesh,1,Male,9,20-24 years,499,Cardiomyopathy and myocarditis,102,High alcohol use,1,Number,2013,1.6316539500743685,5.818921155253907,0.2444189616965415
1,All Population,1,Deaths,4873,Uttar Pradesh,2,Female,9,20-24 years,499,Cardiomyopathy and myocarditis,102,High alcohol use,1,Number,2013,0.592717379843453,2.4556781612308565,0.06000899102274155
1,All Population,1,Deaths,4857,Kerala,1,Male,9,20-24 years,494,Stroke,102,High alcohol use,1,Number,2013,0.1803765938457913,0.6022425178749207,-0.03191882736914537
1,All Population,1,Deaths,4857,Kerala,2,Female,9,20-24 years,494,Stroke,102,High alcohol use,1,Number,2013,-0.0012741753200218055,0.0023728504194660592,-0.005186955041671175
1,All Population,1,Deaths,4849,Delhi,1,Male,9,20-24 years,494,Stroke,102,High alcohol use,1,Number,2013,0.08076061186876904,0.2594859751398409,-0.013061339807547092
1,All Population,1,Deaths,4849,Delhi,2,Female,9,20-24 years,494,Stroke,102,High alcohol use,1,Number,2013,-0.0007027374664949249,0.0006510937053069808,-0.0025844100015224715
1,All Population,1,Deaths,4853,Himachal Pradesh,1,Male,9,20-24 years,499,Cardiomyopathy and myocarditis,102,High alcohol use,1,Number,2013,0.042831955844138285,0.14306288729564698,0.007303605770109929
1,All Population,1,Deaths,4853,Himachal Pradesh,2,Female,9,20-24 years,499,Cardiomyopathy and myocarditis,102,High alcohol use,1,Number,2013,0.0132527881366015,0.04938316085733341,0.0015980418030905057
1,All Population,1,Deaths,4874,Uttarakhand,1,Male,9,20-24 years,499,Cardiomyopathy and myocarditis,102,High alcohol use,1,Number,2013,0.09924256339228595,0.3525564238180223,0.013770412430214188
1,All Population,1,Deaths,4874,Uttarakhand,2,Female,9,20-24 years,499,Cardiomyopathy and myocarditis,102,High alcohol use,1,Number,2013,0.04982229713812387,0.3037590846588248,0.004133610353294126
1,All Population,1,Deaths,4844,Bihar,1,Male,9,20-24 years,494,Stroke,332,Chewing tobacco,1,Number,2013,4.945903843101779,10.231259970422848,2.1054836126607865
1,All Population,1,Deaths,4844,Bihar,2,Female,9,20-24 years,494,Stroke,332,Chewing tobacco,1,Number,2013,0.42127727810123305,1.1631269455776219,0.08492906674954201
1,All Population,1,Deaths,4862,Meghalaya,1,Male,9,20-24 years,499,Cardiomyopathy and myocarditis,102,High alcohol use,1,Number,2013,0.03262478147046543,0.10757299502173642,0.0048999711196154845
1,All Population,1,Deaths,4862,Meghalaya,2,Female,9,20-24 years,499,Cardiomyopathy and myocarditis,102,High alcohol use,1,Number,2013,0.007880332582671906,0.03546372124201309,0.0008315482597045974
1,All Population,1,Deaths,4868,Rajasthan,1,Male,9,20-24 years,498,Hypertensive heart disease,102,High alcohol use,1,Number,2013,0.11527140863653758,0.24187325373218985,0.041946748129879474
1,All Population,1,Deaths,4868,Rajasthan,2,Female,9,20-24 years,498,Hypertensive heart disease,102,High alcohol use,1,Number,2013,0.0011037562901518893,0.002726860569613179,0.0001712546241924175
1,All Population,1,Deaths,4874,Uttarakhand,1,Male,9,20-24 years,493,Ischemic heart disease,102,High alcohol use,1,Number,2013,-1.1639744139031725,1.1249397776731955,-3.6439661608213236
1,All Population,1,Deaths,4874,Uttarakhand,2,Female,9,20-24 years,493,Ischemic heart disease,102,High alcohol use,1,Number,2013,-0.008917673956401506,0.008270171497446122,-0.036542136943563217
1,All Population,1,Deaths,4851,Gujarat,1,Male,9,20-24 years,499,Cardiomyopathy and myocarditis,102,High alcohol use,1,Number,2013,0.5578903947223008,1.847530302706088,0.08740925293976536
1,All Population,1,Deaths,4851,Gujarat,2,Female,9,20-24 years,499,Cardiomyopathy and myocarditis,102,High alcohol use,1,Number,2013,0.14299836031052765,0.5373491326889522,0.016158574582015757
1,All Population,1,Deaths,4846,Chhattisgarh,1,Male,9,20-24 years,498,Hypertensive heart disease,102,High alcohol use,1,Number,2013,0.24824292511208057,0.5197620885011324,0.0855373806924135
1,All Population,1,Deaths,4846,Chhattisgarh,2,Female,9,20-24 years,498,Hypertensive heart disease,102,High alcohol use,1,Number,2013,0.0030735165511332737,0.008553229805767884,0.00042629647078429544
1,All Population,1,Deaths,4869,Sikkim,1,Male,9,20-24 years,493,Ischemic heart disease,102,High alcohol use,1,Number,2013,-0.07682204808555514,0.0637250833926482,-0.2374608818357109
1,All Population,1,Deaths,4869,Sikkim,2,Female,9,20-24 years,493,Ischemic heart disease,102,High alcohol use,1,Number,2013,-0.009247167738695699,0.009090182603988983,-0.03195204134725752
1,All Population,1,Deaths,4853,Himachal Pradesh,1,Male,9,20-24 years,494,Stroke,332,Chewing tobacco,1,Number,2013,0.10076797374569087,0.2194624878056033,0.03440835458322669
1,All Population,1,Deaths,4853,Himachal Pradesh,2,Female,9,20-24 years,494,Stroke,332,Chewing tobacco,1,Number,2013,0.007007045032426707,0.019888313539606947,0.0015764374813363993
1,All Population,1,Deaths,4844,Bihar,1,Male,9,20-24 years,493,Ischemic heart disease,102,High alcohol use,1,Number,2014,-2.9701429913132023,2.6744020799287,-10.531962755190719
1,All Population,1,Deaths,4844,Bihar,2,Female,9,20-24 years,493,Ischemic heart disease,102,High alcohol use,1,Number,2014,-0.0681531219390862,0.06298326817411742,-0.26114092620898777
1,All Population,1,Deaths,4844,Bihar,1,Male,9,20-24 years,499,Cardiomyopathy and myocarditis,102,High alcohol use,1,Number,2014,0.587459916498062,2.127072477736966,0.08526582267541634
1,All Population,1,Deaths,4844,Bihar,2,Female,9,20-24 years,499,Cardiomyopathy and myocarditis,102,High alcohol use,1,Number,2014,0.21127374915056937,0.9320623746914128,0.02415567333433222
1,All Population,1,Deaths,4857,Kerala,1,Male,9,20-24 years,493,Ischemic heart disease,102,High alcohol use,1,Number,2014,-1.3178061684071791,1.3573454673296463,-3.976208115958435
1,All Population,1,Deaths,4857,Kerala,2,Female,9,20-24 years,493,Ischemic heart disease,102,High alcohol use,1,Number,2014,-0.02175380393510523,0.020842193139906703,-0.07597504760406888
1,All Population,1,Deaths,4846,Chhattisgarh,1,Male,9,20-24 years,494,Stroke,102,High alcohol use,1,Number,2014,0.9357461560751703,2.9558469978294974,-0.15971029913023715
1,All Population,1,Deaths,4846,Chhattisgarh,2,Female,9,20-24 years,494,Stroke,102,High alcohol use,1,Number,2014,-0.012461845764925046,0.022924713319607163,-0.055527419876643856
1,All Population,1,Deaths,4846,Chhattisgarh,1,Male,9,20-24 years,494,Stroke,332,Chewing tobacco,1,Number,2014,8.54487102615513,16.88153587654071,3.811156792138472
1,All Population,1,Deaths,4846,Chhattisgarh,2,Female,9,20-24 years,494,Stroke,332,Chewing tobacco,1,Number,2014,2.2945124372129175,5.5272503292364386,0.7900764011935353
1,All Population,1,Deaths,4851,Gujarat,1,Male,9,20-24 years,494,Stroke,332,Chewing tobacco,1,Number,2014,9.020491571226527,17.292048932671786,3.6960663204290434
1,All Population,1,Deaths,4851,Gujarat,2,Female,9,20-24 years,494,Stroke,332,Chewing tobacco,1,Number,2014,0.7889378674638721,2.0872783058448965,0.21959646944164019
1,All Population,1,Deaths,4855,Jharkhand,1,Male,9,20-24 years,493,Ischemic heart disease,102,High alcohol use,1,Number,2014,-0.8487587770597734,0.7291478281582445,-2.637276558426938
1,All Population,1,Deaths,4855,Jharkhand,2,Female,9,20-24 years,493,Ischemic heart disease,102,High alcohol use,1,Number,2014,-0.09696376468522554,0.07169027634806151,-0.36267331929895646
1,All Population,1,Deaths,4857,Kerala,1,Male,9,20-24 years,499,Cardiomyopathy and myocarditis,102,High alcohol use,1,Number,2014,0.1628275071565903,0.5963975882961515,0.03276748281896634
1,All Population,1,Deaths,4857,Kerala,2,Female,9,20-24 years,499,Cardiomyopathy and myocarditis,102,High alcohol use,1,Number,2014,0.041398915369542835,0.1655796893416208,0.0058813629112842245
1,All Population,1,Deaths,4851,Gujarat,1,Male,9,20-24 years,498,Hypertensive heart disease,102,High alcohol use,1,Number,2014,0.09933124138473144,0.22387496759726389,0.03405624370422601
1,All Population,1,Deaths,4851,Gujarat,2,Female,9,20-24 years,498,Hypertensive heart disease,102,High alcohol use,1,Number,2014,0.0008185009692565102,0.002375808181682048,0.00011096998574208785
1,All Population,1,Deaths,4856,Karnataka,1,Male,9,20-24 years,494,Stroke,102,High alcohol use,1,Number,2014,0.5642230997830718,1.8556489370978433,-0.10466246078991101
1,All Population,1,Deaths,4856,Karnataka,2,Female,9,20-24 years,494,Stroke,102,High alcohol use,1,Number,2014,-0.032656666481703955,0.041229262014221384,-0.13440019416452623
1,All Population,1,Deaths,4852,Haryana,1,Male,9,20-24 years,493,Ischemic heart disease,102,High alcohol use,1,Number,2014,-1.5767483024596407,1.385038443949339,-4.834089907159624
1,All Population,1,Deaths,4852,Haryana,2,Female,9,20-24 years,493,Ischemic heart disease,102,High alcohol use,1,Number,2014,-0.018883701647221595,0.01930980903885247,-0.0681891059706594
1,All Population,1,Deaths,4856,Karnataka,1,Male,9,20-24 years,494,Stroke,332,Chewing tobacco,1,Number,2014,4.508685236181978,9.224952646330616,1.8604944958833622
1,All Population,1,Deaths,4856,Karnataka,2,Female,9,20-24 years,494,Stroke,332,Chewing tobacco,1,Number,2014,0.5613991365049361,1.493085621154406,0.1525024308680158
1,All Population,1,Deaths,4855,Jharkhand,1,Male,9,20-24 years,494,Stroke,102,High alcohol use,1,Number,2014,0.18539981738256595,0.5527294455636935,-0.019321901640745813
1,All Population,1,Deaths,4855,Jharkhand,2,Female,9,20-24 years,494,Stroke,102,High alcohol use,1,Number,2014,-0.0069332752568183175,0.012989893113453433,-0.029689212783157094
1,All Population,1,Deaths,4853,Himachal Pradesh,1,Male,9,20-24 years,498,Hypertensive heart disease,102,High alcohol use,1,Number,2014,0.017003989873654684,0.036434325145548535,0.006445120144324402
1,All Population,1,Deaths,4853,Himachal Pradesh,2,Female,9,20-24 years,498,Hypertensive heart disease,102,High alcohol use,1,Number,2014,9.827252993592046e-05,0.0002665647677386892,1.4158891198329718e-05
1,All Population,1,Deaths,4843,Assam,1,Male,9,20-24 years,499,Cardiomyopathy and myocarditis,102,High alcohol use,1,Number,2014,0.2266537116895067,0.8055331742874148,0.03376346488967036
1,All Population,1,Deaths,4843,Assam,2,Female,9,20-24 years,499,Cardiomyopathy and myocarditis,102,High alcohol use,1,Number,2014,0.07977986683594757,0.3523980475516155,0.007724663165384461
1,All Population,1,Deaths,4868,Rajasthan,1,Male,9,20-24 years,493,Ischemic heart disease,102,High alcohol use,1,Number,2013,-1.898393469813307,2.0300868317210337,-5.644672053594846
1,All Population,1,Deaths,4868,Rajasthan,2,Female,9,20-24 years,493,Ischemic heart disease,102,High alcohol use,1,Number,2013,-0.03838224330151353,0.027153587173653612,-0.13922020946278968
1,All Population,1,Deaths,4874,Uttarakhand,1,Male,9,20-24 years,494,Stroke,102,High alcohol use,1,Number,2013,0.07983760536371395,0.2686695933062848,-0.01211820373820844
1,All Population,1,Deaths,4874,Uttarakhand,2,Female,9,20-24 years,494,Stroke,102,High alcohol use,1,Number,2013,-0.0003215087413801113,0.0004385550539796824,-0.0014842004602838037
1,All Population,1,Deaths,4860,Maharashtra,1,Male,9,20-24 years,499,Cardiomyopathy and myocarditis,102,High alcohol use,1,Number,2014,0.6950015549128076,2.6527736592779148,0.1278607221020653
1,All Population,1,Deaths,4860,Maharashtra,2,Female,9,20-24 years,499,Cardiomyopathy and myocarditis,102,High alcohol use,1,Number,2014,0.2280531030491883,0.8032697047904065,0.035525641053652864
1,All Population,1,Deaths,4843,Assam,1,Male,9,20-24 years,493,Ischemic heart disease,102,High alcohol use,1,Number,2014,-1.2746069741209736,1.2419059914151065,-3.862426752020732
1,All Population,1,Deaths,4843,Assam,2,Female,9,20-24 years,493,Ischemic heart disease,102,High alcohol use,1,Number,2014,-0.09527806908296609,0.08047532371682134,-0.3705065045700444
1,All Population,1,Deaths,4873,Uttar Pradesh,1,Male,9,20-24 years,494,Stroke,102,High alcohol use,1,Number,2013,-0.024987360615485243,0.5124203141694209,-0.600693023783255
1,All Population,1,Deaths,4873,Uttar Pradesh,2,Female,9,20-24 years,494,Stroke,102,High alcohol use,1,Number,2013,-0.005198581132062942,0.006170193313265383,-0.022750090010848493
1,All Population,1,Deaths,4857,Kerala,1,Male,9,20-24 years,494,Stroke,332,Chewing tobacco,1,Number,2014,0.644247319127417,1.56236508093173,0.19841035106508065
1,All Population,1,Deaths,4857,Kerala,2,Female,9,20-24 years,494,Stroke,332,Chewing tobacco,1,Number,2014,0.06286087423677794,0.18046262041037078,0.017040483394978972
1,All Population,1,Deaths,4857,Kerala,1,Male,9,20-24 years,498,Hypertensive heart disease,102,High alcohol use,1,Number,2014,0.08342312126210781,0.17267602641754393,0.02930526326229896
1,All Population,1,Deaths,4857,Kerala,2,Female,9,20-24 years,498,Hypertensive heart disease,102,High alcohol use,1,Number,2014,0.0010039653199109518,0.002479837329250832,0.0001724768233168116
1,All Population,1,Deaths,4875,West Bengal,1,Male,9,20-24 years,499,Cardiomyopathy and myocarditis,102,High alcohol use,1,Number,2013,0.7230059855237703,2.5552298269745983,0.12594840298384483
1,All Population,1,Deaths,4875,West Bengal,2,Female,9,20-24 years,499,Cardiomyopathy and myocarditis,102,High alcohol use,1,Number,2013,0.17178804925289787,0.6221036559253628,0.020320866875055264
1,All Population,1,Deaths,4841,Andhra Pradesh,1,Male,9,20-24 years,499,Cardiomyopathy and myocarditis,102,High alcohol use,1,Number,2014,0.33383939731607887,1.2197849041207542,0.061598182109129956
1,All Population,1,Deaths,4841,Andhra Pradesh,2,Female,9,20-24 years,499,Cardiomyopathy and myocarditis,102,High alcohol use,1,Number,2014,0.08554154931093995,0.33182866628402213,0.010928841958181303
1,All Population,1,Deaths,4846,Chhattisgarh,1,Male,9,20-24 years,493,Ischemic heart disease,102,High alcohol use,1,Number,2014,-4.3346813689647625,3.708986971698486,-12.69273633629049
1,All Population,1,Deaths,4846,Chhattisgarh,2,Female,9,20-24 years,493,Ischemic heart disease,102,High alcohol use,1,Number,2014,-0.16055778195442352,0.14088422112267018,-0.6049165473765801
1,All Population,1,Deaths,4849,Delhi,1,Male,9,20-24 years,494,Stroke,332,Chewing tobacco,1,Number,2014,0.5444094550345104,1.1461029255316633,0.20826346756045686
1,All Population,1,Deaths,4849,Delhi,2,Female,9,20-24 years,494,Stroke,332,Chewing tobacco,1,Number,2014,0.054305125655620484,0.17570343542106515,0.013026056131376484
1,All Population,1,Deaths,4870,Tamil Nadu,1,Male,9,20-24 years,498,Hypertensive heart disease,102,High alcohol use,1,Number,2013,0.4036623204548101,0.7946383166000845,0.16527283169863877
1,All Population,1,Deaths,4870,Tamil Nadu,2,Female,9,20-24 years,498,Hypertensive heart disease,102,High alcohol use,1,Number,2013,0.0006488813061629704,0.00194096528969742,7.965028304101322e-05
1,All Population,1,Deaths,4843,Assam,1,Male,9,20-24 years,494,Stroke,332,Chewing tobacco,1,Number,2014,6.859881230645249,12.864592389026006,3.14439504436142
1,All Population,1,Deaths,4843,Assam,2,Female,9,20-24 years,494,Stroke,332,Chewing tobacco,1,Number,2014,2.0970932068855803,4.798496908928468,0.7987648045776117
1,All Population,1,Deaths,4851,Gujarat,1,Male,9,20-24 years,494,Stroke,102,High alcohol use,1,Number,2014,0.1970505035876898,0.6660393111265206,-0.03404888889302497
1,All Population,1,Deaths,4851,Gujarat,2,Female,9,20-24 years,494,Stroke,102,High alcohol use,1,Number,2014,-0.001620831006491029,0.002664237013751225,-0.006724857141259858
1,All Population,1,Deaths,4849,Delhi,1,Male,9,20-24 years,498,Hypertensive heart disease,102,High alcohol use,1,Number,2014,0.056937332191967886,0.12290922900536452,0.022400367845121526
1,All Population,1,Deaths,4849,Delhi,2,Female,9,20-24 years,498,Hypertensive heart disease,102,High alcohol use,1,Number,2014,0.0003736611754333051,0.0010565598260400225,4.9184610680243904e-05
1,All Population,1,Deaths,4850,Goa,1,Male,9,20-24 years,498,Hypertensive heart disease,102,High alcohol use,1,Number,2014,0.01076463269347783,0.02207413338609145,0.0040331732203249945
1,All Population,1,Deaths,4850,Goa,2,Female,9,20-24 years,498,Hypertensive heart disease,102,High alcohol use,1,Number,2014,0.00014437838073347095,0.00038732693003308105,2.177466853994339e-05
1,All Population,1,Deaths,4841,Andhra Pradesh,1,Male,9,20-24 years,493,Ischemic heart disease,102,High alcohol use,1,Number,2014,-4.285491707896908,3.731230238029779,-12.523248153868085
1,All Population,1,Deaths,4841,Andhra Pradesh,2,Female,9,20-24 years,493,Ischemic heart disease,102,High alcohol use,1,Number,2014,-0.10955751058891343,0.08408376044068344,-0.4273252686166664
1,All Population,1,Deaths,44538,Other Union Territories,1,Male,9,20-24 years,494,Stroke,102,High alcohol use,1,Number,2013,0.024183837223405048,0.07534609957960879,-0.0033758335347010768
1,All Population,1,Deaths,44538,Other Union Territories,2,Female,9,20-24 years,494,Stroke,102,High alcohol use,1,Number,2013,-0.00016231120107491008,0.0002627720215817559,-0.0007184362171886106
1,All Population,1,Deaths,4855,Jharkhand,1,Male,9,20-24 years,499,Cardiomyopathy and myocarditis,102,High alcohol use,1,Number,2014,0.13476721083369825,0.4755083398349902,0.022210789518215108
1,All Population,1,Deaths,4855,Jharkhand,2,Female,9,20-24 years,499,Cardiomyopathy and myocarditis,102,High alcohol use,1,Number,2014,0.0532211714835034,0.2508231578992245,0.004838126868781104
1,All Population,1,Deaths,4853,Himachal Pradesh,1,Male,9,20-24 years,494,Stroke,102,High alcohol use,1,Number,2014,0.02516287136277631,0.08054874680441253,-0.003897537860374767
1,All Population,1,Deaths,4853,Himachal Pradesh,2,Female,9,20-24 years,494,Stroke,102,High alcohol use,1,Number,2014,-0.00010255855582590336,0.00017480721692669457,-0.00040396783779109174
1,All Population,1,Deaths,4870,Tamil Nadu,1,Male,9,20-24 years,499,Cardiomyopathy and myocarditis,102,High alcohol use,1,Number,2013,0.5309403043964662,1.9382351916409073,0.08867097979418541
1,All Population,1,Deaths,4870,Tamil Nadu,2,Female,9,20-24 years,499,Cardiomyopathy and myocarditis,102,High alcohol use,1,Number,2013,0.14684276749860783,0.4966238989897296,0.020725128456485522
1,All Population,1,Deaths,4859,Madhya Pradesh,1,Male,9,20-24 years,493,Ischemic heart disease,102,High alcohol use,1,Number,2014,-5.351574640375749,5.055768302415302,-17.484140895288288
1,All Population,1,Deaths,4859,Madhya Pradesh,2,Female,9,20-24 years,493,Ischemic heart disease,102,High alcohol use,1,Number,2014,-0.14067215063607819,0.1306379150465893,-0.4624038325527959
1,All Population,1,Deaths,4852,Haryana,1,Male,9,20-24 years,498,Hypertensive heart disease,102,High alcohol use,1,Number,2014,0.06606958070361271,0.15341729331979384,0.019737268605404815
1,All Population,1,Deaths,4852,Haryana,2,Female,9,20-24 years,498,Hypertensive heart disease,102,High alcohol use,1,Number,2014,0.0004259029120167794,0.0011010949777304226,5.695675753757266e-05
1,All Population,1,Deaths,4852,Haryana,1,Male,9,20-24 years,499,Cardiomyopathy and myocarditis,102,High alcohol use,1,Number,2014,0.34633014976484217,1.2630185657469237,0.06427839468671796
1,All Population,1,Deaths,4852,Haryana,2,Female,9,20-24 years,499,Cardiomyopathy and myocarditis,102,High alcohol use,1,Number,2014,0.09153371291841786,0.4011461832100521,0.01261865112763218
1,All Population,1,Deaths,4850,Goa,1,Male,9,20-24 years,493,Ischemic heart disease,102,High alcohol use,1,Number,2014,-0.3437464930241621,0.3255871714296086,-1.0841282966855559
1,All Population,1,Deaths,4850,Goa,2,Female,9,20-24 years,493,Ischemic heart disease,102,High alcohol use,1,Number,2014,-0.007729299439468544,0.008539433444152629,-0.02561921167726954
1,All Population,1,Deaths,4854,Jammu & Kashmir and Ladakh,1,Male,9,20-24 years,498,Hypertensive heart disease,102,High alcohol use,1,Number,2014,0.01463684032595257,0.03255890767500406,0.005271711190042266
1,All Population,1,Deaths,4854,Jammu & Kashmir and Ladakh,2,Female,9,20-24 years,498,Hypertensive heart disease,102,High alcohol use,1,Number,2014,0.00012850127733318232,0.00037451550441691824,1.661156228192024e-05
1,All Population,1,Deaths,4854,Jammu & Kashmir and Ladakh,1,Male,9,20-24 years,499,Cardiomyopathy and myocarditis,102,High alcohol use,1,Number,2014,0.08381508599064079,0.2850528129920595,0.014674441519286666
1,All Population,1,Deaths,4854,Jammu & Kashmir and Ladakh,2,Female,9,20-24 years,499,Cardiomyopathy and myocarditis,102,High alcohol use,1,Number,2014,0.02333484006993742,0.08575033945923072,0.0033424797902604406
1,All Population,1,Deaths,4867,Punjab,1,Male,9,20-24 years,493,Ischemic heart disease,102,High alcohol use,1,Number,2014,-7.089666574383982,6.536554649718484,-22.774826230104544
1,All Population,1,Deaths,4867,Punjab,2,Female,9,20-24 years,493,Ischemic heart disease,102,High alcohol use,1,Number,2014,-0.033046968903967515,0.031596477553638896,-0.11661504687324031
1,All Population,1,Deaths,4872,Tripura,1,Male,9,20-24 years,498,Hypertensive heart disease,102,High alcohol use,1,Number,2013,0.015266956476571341,0.030625031345765528,0.0059520936918102015
1,All Population,1,Deaths,4872,Tripura,2,Female,9,20-24 years,498,Hypertensive heart disease,102,High alcohol use,1,Number,2013,0.00044347354260157234,0.0011379350318385315,6.163356458653956e-05
1,All Population,1,Deaths,4849,Delhi,1,Male,9,20-24 years,493,Ischemic heart disease,102,High alcohol use,1,Number,2014,-1.5278376190704033,1.4661155087753988,-5.138495748565107
1,All Population,1,Deaths,4849,Delhi,2,Female,9,20-24 years,493,Ischemic heart disease,102,High alcohol use,1,Number,2014,-0.022889123836115688,0.023798241229033797,-0.0861399722856209
1,All Population,1,Deaths,4849,Delhi,1,Male,9,20-24 years,499,Cardiomyopathy and myocarditis,102,High alcohol use,1,Number,2014,0.15783440693520018,0.519744707296333,0.028405689891576345
1,All Population,1,Deaths,4849,Delhi,2,Female,9,20-24 years,499,Cardiomyopathy and myocarditis,102,High alcohol use,1,Number,2014,0.04863914422502745,0.1890702727240983,0.007416771312304923
1,All Population,1,Deaths,4842,Arunachal Pradesh,1,Male,9,20-24 years,494,Stroke,332,Chewing tobacco,1,Number,2013,0.17635514479680178,0.34312891274506035,0.08109734067047246
1,All Population,1,Deaths,4842,Arunachal Pradesh,2,Female,9,20-24 years,494,Stroke,332,Chewing tobacco,1,Number,2013,0.06493343026754815,0.14782794000362381,0.027005335506355144
1,All Population,1,Deaths,44538,Other Union Territories,1,Male,9,20-24 years,498,Hypertensive heart disease,102,High alcohol use,1,Number,2013,0.012939780440151191,0.02721592820094663,0.004787340614441548
1,All Population,1,Deaths,44538,Other Union Territories,2,Female,9,20-24 years,498,Hypertensive heart disease,102,High alcohol use,1,Number,2013,9.465348938039643e-05,0.00026578453681638353,1.4143942280973089e-05
1,All Population,1,Deaths,4871,Telangana,1,Male,9,20-24 years,498,Hypertensive heart disease,102,High alcohol use,1,Number,2013,0.33589383384479987,0.6914078672082037,0.1350011628788848
1,All Population,1,Deaths,4871,Telangana,2,Female,9,20-24 years,498,Hypertensive heart disease,102,High alcohol use,1,Number,2013,0.004474147746843055,0.011590868416015622,0.0005583239660930655
1,All Population,1,Deaths,4871,Telangana,1,Male,9,20-24 years,499,Cardiomyopathy and myocarditis,102,High alcohol use,1,Number,2013,0.39882969668122203,1.3126855205467547,0.06487776164132317
1,All Population,1,Deaths,4871,Telangana,2,Female,9,20-24 years,499,Cardiomyopathy and myocarditis,102,High alcohol use,1,Number,2013,0.12766660586191028,0.49801670468078046,0.014291678217037364
1,All Population,1,Deaths,4843,Assam,1,Male,9,20-24 years,494,Stroke,102,High alcohol use,1,Number,2014,0.9985097900314434,3.1424296138431353,-0.08769124365039016
1,All Population,1,Deaths,4843,Assam,2,Female,9,20-24 years,494,Stroke,102,High alcohol use,1,Number,2014,-0.009933292306941835,0.020102754785370974,-0.04245034968672914
1,All Population,1,Deaths,4844,Bihar,1,Male,9,20-24 years,498,Hypertensive heart disease,102,High alcohol use,1,Number,2013,0.27310926193285046,0.6421953915077451,0.09260931116861067
1,All Population,1,Deaths,4844,Bihar,2,Female,9,20-24 years,498,Hypertensive heart disease,102,High alcohol use,1,Number,2013,0.001151583841831677,0.0032790848292309025,0.00014386870015555225
1,All Population,1,Deaths,44538,Other Union Territories,1,Male,9,20-24 years,493,Ischemic heart disease,102,High alcohol use,1,Number,2013,-0.30904804273671593,0.3213841798473716,-0.9219820947444874
1,All Population,1,Deaths,44538,Other Union Territories,2,Female,9,20-24 years,493,Ischemic heart disease,102,High alcohol use,1,Number,2013,-0.004878149111846265,0.005361039888192215,-0.018669482755267496
1,All Population,1,Deaths,4846,Chhattisgarh,1,Male,9,20-24 years,498,Hypertensive heart disease,102,High alcohol use,1,Number,2014,0.25356938871951873,0.5455854870080727,0.08715034334791462
1,All Population,1,Deaths,4846,Chhattisgarh,2,Female,9,20-24 years,498,Hypertensive heart disease,102,High alcohol use,1,Number,2014,0.0031721924723019405,0.008290221894111563,0.0004387819111368004
1,All Population,1,Deaths,4871,Telangana,1,Male,9,20-24 years,493,Ischemic heart disease,102,High alcohol use,1,Number,2014,-8.295196997818177,7.1785273797154305,-25.008780396265358
1,All Population,1,Deaths,4871,Telangana,2,Female,9,20-24 years,493,Ischemic heart disease,102,High alcohol use,1,Number,2014,-0.25857970912376405,0.24908629166824903,-0.9925539444548979
1,All Population,1,Deaths,4853,Himachal Pradesh,1,Male,9,20-24 years,493,Ischemic heart disease,102,High alcohol use,1,Number,2014,-0.3343815744547241,0.32396597251565407,-1.0770119238194253
1,All Population,1,Deaths,4853,Himachal Pradesh,2,Female,9,20-24 years,493,Ischemic heart disease,102,High alcohol use,1,Number,2014,-0.0034088662327158145,0.003258950147612647,-0.012802095858003917
1,All Population,1,Deaths,4850,Goa,1,Male,9,20-24 years,494,Stroke,102,High alcohol use,1,Number,2014,0.02836254835523032,0.09616827704585242,-0.0042510047938349
1,All Population,1,Deaths,4850,Goa,2,Female,9,20-24 years,494,Stroke,102,High alcohol use,1,Number,2014,-0.0002609549121389403,0.0004783304802072447,-0.0010606310134640283
1,All Population,1,Deaths,4856,Karnataka,1,Male,9,20-24 years,493,Ischemic heart disease,102,High alcohol use,1,Number,2014,-6.379451065023506,6.696321313811829,-19.666014494178405
1,All Population,1,Deaths,4856,Karnataka,2,Female,9,20-24 years,493,Ischemic heart disease,102,High alcohol use,1,Number,2014,-0.9188850340277048,0.8638430517532555,-2.621294741356697
1,All Population,1,Deaths,4841,Andhra Pradesh,1,Male,9,20-24 years,494,Stroke,332,Chewing tobacco,1,Number,2014,0.8985596081524168,1.684740298607393,0.3915290760693836
1,All Population,1,Deaths,4841,Andhra Pradesh,2,Female,9,20-24 years,494,Stroke,332,Chewing tobacco,1,Number,2014,0.1744824619304242,0.5312743043634924,0.035864899971457656
1,All Population,1,Deaths,4869,Sikkim,1,Male,9,20-24 years,494,Stroke,102,High alcohol use,1,Number,2014,0.006174554924457371,0.021273429344405206,-0.0007726195852480068
1,All Population,1,Deaths,4869,Sikkim,2,Female,9,20-24 years,494,Stroke,102,High alcohol use,1,Number,2014,-0.0003724727077372286,0.0006158527622517024,-0.0014106524998275742
1,All Population,1,Deaths,44538,Other Union Territories,1,Male,9,20-24 years,499,Cardiomyopathy and myocarditis,102,High alcohol use,1,Number,2014,0.024860198633738763,0.09073822545315634,0.004476128029290963
1,All Population,1,Deaths,44538,Other Union Territories,2,Female,9,20-24 years,499,Cardiomyopathy and myocarditis,102,High alcohol use,1,Number,2014,0.006642996729635705,0.025161978001825777,0.0008292140511089042
1,All Population,1,Deaths,4873,Uttar Pradesh,1,Male,9,20-24 years,498,Hypertensive heart disease,102,High alcohol use,1,Number,2014,0.2763201852625177,0.6693553464073195,0.09057791073273222
1,All Population,1,Deaths,4873,Uttar Pradesh,2,Female,9,20-24 years,498,Hypertensive heart disease,102,High alcohol use,1,Number,2014,0.002061061965855905,0.006383203888646771,0.00029705785207709853
1,All Population,1,Deaths,4854,Jammu & Kashmir and Ladakh,1,Male,9,20-24 years,494,Stroke,102,High alcohol use,1,Number,2014,0.018254776827575463,0.06321179338797164,-0.002520362907957068
1,All Population,1,Deaths,4854,Jammu & Kashmir and Ladakh,2,Female,9,20-24 years,494,Stroke,102,High alcohol use,1,Number,2014,-0.0001384665980813036,0.00022471512185005327,-0.0005668084774084097
1,All Population,1,Deaths,4854,Jammu & Kashmir and Ladakh,1,Male,9,20-24 years,494,Stroke,332,Chewing tobacco,1,Number,2014,0.14659587453425077,0.31827380289743745,0.04684690374172906
1,All Population,1,Deaths,4854,Jammu & Kashmir and Ladakh,2,Female,9,20-24 years,494,Stroke,332,Chewing tobacco,1,Number,2014,0.01580147540388171,0.04675290506926609,0.004071209289157047
1,All Population,1,Deaths,4852,Haryana,1,Male,9,20-24 years,494,Stroke,332,Chewing tobacco,1,Number,2014,1.0975300594120285,2.5385711071576362,0.4016076230135769
1,All Population,1,Deaths,4852,Haryana,2,Female,9,20-24 years,494,Stroke,332,Chewing tobacco,1,Number,2014,0.0924196190032464,0.27394735224539196,0.021270674728959976
1,All Population,1,Deaths,4871,Telangana,1,Male,9,20-24 years,494,Stroke,102,High alcohol use,1,Number,2014,0.6222568323505259,1.8902879307574556,-0.11060743244223097
1,All Population,1,Deaths,4871,Telangana,2,Female,9,20-24 years,494,Stroke,102,High alcohol use,1,Number,2014,-0.0067108500533227325,0.011801480182815531,-0.027643338560256876
1,All Population,1,Deaths,4843,Assam,1,Male,9,20-24 years,498,Hypertensive heart disease,102,High alcohol use,1,Number,2013,0.15034298576321659,0.3554802792712226,0.05698094300419924
1,All Population,1,Deaths,4843,Assam,2,Female,9,20-24 years,498,Hypertensive heart disease,102,High alcohol use,1,Number,2013,0.002660933150396212,0.007310207757882938,0.0003122434045072672
1,All Population,1,Deaths,4873,Uttar Pradesh,1,Male,9,20-24 years,494,Stroke,332,Chewing tobacco,1,Number,2013,18.98357671028135,37.732813874701534,8.04110057225349
1,All Population,1,Deaths,4873,Uttar Pradesh,2,Female,9,20-24 years,494,Stroke,332,Chewing tobacco,1,Number,2013,3.1287048878810078,7.667059605363395,0.8027929112235046
1,All Population,1,Deaths,4873,Uttar Pradesh,1,Male,9,20-24 years,493,Ischemic heart disease,102,High alcohol use,1,Number,2014,-4.112770156130414,3.843408275714353,-13.140289705219528
1,All Population,1,Deaths,4873,Uttar Pradesh,2,Female,9,20-24 years,493,Ischemic heart disease,102,High alcohol use,1,Number,2014,-0.0841484721874817,0.06742205422775667,-0.3551237406090464
1,All Population,1,Deaths,4864,Nagaland,1,Male,9,20-24 years,499,Cardiomyopathy and myocarditis,102,High alcohol use,1,Number,2014,0.018144169603103097,0.06470047909305983,0.0031675866137733755
1,All Population,1,Deaths,4864,Nagaland,2,Female,9,20-24 years,499,Cardiomyopathy and myocarditis,102,High alcohol use,1,Number,2014,0.0053001086264926845,0.018927618375394226,0.0005410929851356085
1,All Population,1,Deaths,4869,Sikkim,1,Male,9,20-24 years,498,Hypertensive heart disease,102,High alcohol use,1,Number,2014,0.004027050327773344,0.008796302750138986,0.0015060868055495411
1,All Population,1,Deaths,4869,Sikkim,2,Female,9,20-24 years,498,Hypertensive heart disease,102,High alcohol use,1,Number,2014,0.00025402650445939496,0.0006459015957199427,3.4183565287040784e-05
1,All Population,1,Deaths,4846,Chhattisgarh,1,Male,9,20-24 years,499,Cardiomyopathy and myocarditis,102,High alcohol use,1,Number,2014,0.3152821177682082,1.2570350820451097,0.04533999252248995
1,All Population,1,Deaths,4846,Chhattisgarh,2,Female,9,20-24 years,499,Cardiomyopathy and myocarditis,102,High alcohol use,1,Number,2014,0.08378837025710502,0.4301968159291206,0.007244808136571745
1,All Population,1,Deaths,4860,Maharashtra,1,Male,9,20-24 years,494,Stroke,102,High alcohol use,1,Number,2014,0.811944766572704,2.729535268052989,-0.12807924606460308
1,All Population,1,Deaths,4860,Maharashtra,2,Female,9,20-24 years,494,Stroke,102,High alcohol use,1,Number,2014,-0.0028400739429747177,0.00544594481944893,-0.010893269871348534
1,All Population,1,Deaths,4867,Punjab,1,Male,9,20-24 years,494,Stroke,332,Chewing tobacco,1,Number,2014,0.6612017510352185,1.6234669488353173,0.2041959664764424
1,All Population,1,Deaths,4867,Punjab,2,Female,9,20-24 years,494,Stroke,332,Chewing tobacco,1,Number,2014,0.04770144068625543,0.14630394939622796,0.01239819073716998
1,All Population,1,Deaths,4875,West Bengal,1,Male,9,20-24 years,493,Ischemic heart disease,102,High alcohol use,1,Number,2015,-3.245041528012206,2.721772551414816,-10.298133558587635
1,All Population,1,Deaths,4875,West Bengal,2,Female,9,20-24 years,493,Ischemic heart disease,102,High alcohol use,1,Number,2015,-0.07567639604506732,0.079163821588189,-0.2766916086067572
1,All Population,1,Deaths,4875,West Bengal,1,Male,9,20-24 years,493,Ischemic heart disease,102,High alcohol use,1,Number,2014,-3.7155418302448795,3.121833890192676,-12.295380693738364
1,All Population,1,Deaths,4875,West Bengal,2,Female,9,20-24 years,493,Ischemic heart disease,102,High alcohol use,1,Number,2014,-0.07782199736007096,0.07899669841834069,-0.2914620366974875
1,All Population,1,Deaths,4844,Bihar,1,Male,9,20-24 years,494,Stroke,102,High alcohol use,1,Number,2013,0.3529637020764188,1.1803062743374009,-0.04889871457160855
1,All Population,1,Deaths,4844,Bihar,2,Female,9,20-24 years,494,Stroke,102,High alcohol use,1,Number,2013,-0.002572511955850266,0.003449437191841899,-0.011010065281044715
1,All Population,1,Deaths,4841,Andhra Pradesh,1,Male,9,20-24 years,494,Stroke,102,High alcohol use,1,Number,2014,0.32187101726064604,1.0676300126726426,-0.05281736050713064
1,All Population,1,Deaths,4841,Andhra Pradesh,2,Female,9,20-24 years,494,Stroke,102,High alcohol use,1,Number,2014,-0.003979561586180859,0.0073079151139228945,-0.015633737908951006
1,All Population,1,Deaths,4855,Jharkhand,1,Male,9,20-24 years,494,Stroke,332,Chewing tobacco,1,Number,2014,1.9438711663174641,4.32265773911605,0.7241789350918741
1,All Population,1,Deaths,4855,Jharkhand,2,Female,9,20-24 years,494,Stroke,332,Chewing tobacco,1,Number,2014,0.3866184950217069,1.1078716322466764,0.09964094191735245
1,All Population,1,Deaths,4862,Meghalaya,1,Male,9,20-24 years,493,Ischemic heart disease,102,High alcohol use,1,Number,2014,-0.14414348208043518,0.12749005056956023,-0.4465482317076015
1,All Population,1,Deaths,4862,Meghalaya,2,Female,9,20-24 years,493,Ischemic heart disease,102,High alcohol use,1,Number,2014,-0.0047092786053368925,0.004054306664747737,-0.01828271035960532
1,All Population,1,Deaths,4857,Kerala,1,Male,9,20-24 years,494,Stroke,332,Chewing tobacco,1,Number,2015,0.618030880359031,1.4577630704572742,0.18751642095919252
1,All Population,1,Deaths,4857,Kerala,2,Female,9,20-24 years,494,Stroke,332,Chewing tobacco,1,Number,2015,0.06076116262295127,0.183265032325588,0.01581615271291241
1,All Population,1,Deaths,4860,Maharashtra,1,Male,9,20-24 years,494,Stroke,332,Chewing tobacco,1,Number,2014,10.115380931849751,17.0799170415424,4.567543976488186
1,All Population,1,Deaths,4860,Maharashtra,2,Female,9,20-24 years,494,Stroke,332,Chewing tobacco,1,Number,2014,1.9245941022554012,5.1073780955195796,0.5620349027775036
1,All Population,1,Deaths,4865,Odisha,1,Male,9,20-24 years,493,Ischemic heart disease,102,High alcohol use,1,Number,2014,-1.639113361841915,1.4901521166252087,-4.96825922966764
1,All Population,1,Deaths,4865,Odisha,2,Female,9,20-24 years,493,Ischemic heart disease,102,High alcohol use,1,Number,2014,-0.08389980611189674,0.07188369957182247,-0.29771662771386953
1,All Population,1,Deaths,4861,Manipur,1,Male,9,20-24 years,494,Stroke,102,High alcohol use,1,Number,2014,0.04128843752056837,0.12163355244954845,-0.005837051603239028
1,All Population,1,Deaths,4861,Manipur,2,Female,9,20-24 years,494,Stroke,102,High alcohol use,1,Number,2014,-0.0007167724127356312,0.0013074449393299394,-0.0025662480423313304
1,All Population,1,Deaths,4875,West Bengal,1,Male,9,20-24 years,498,Hypertensive heart disease,102,High alcohol use,1,Number,2014,0.2779967126240011,0.5888810732615394,0.10723336454233787
1,All Population,1,Deaths,4875,West Bengal,2,Female,9,20-24 years,498,Hypertensive heart disease,102,High alcohol use,1,Number,2014,0.001924238966395354,0.005356454312881677,0.00026425670222193917
1,All Population,1,Deaths,4859,Madhya Pradesh,1,Male,9,20-24 years,494,Stroke,332,Chewing tobacco,1,Number,2014,10.815914969110493,20.97456399478499,4.703150485694023
1,All Population,1,Deaths,4859,Madhya Pradesh,2,Female,9,20-24 years,494,Stroke,332,Chewing tobacco,1,Number,2014,2.844719996156918,6.2218042074646185,0.994090293284016
1,All Population,1,Deaths,4852,Haryana,1,Male,9,20-24 years,494,Stroke,102,High alcohol use,1,Number,2014,-0.004173441235125059,0.14245901024409843,-0.13066563615089946
1,All Population,1,Deaths,4852,Haryana,2,Female,9,20-24 years,494,Stroke,102,High alcohol use,1,Number,2014,-0.0009752387903106789,0.0014525787485371786,-0.003591743934748329
1,All Population,1,Deaths,4850,Goa,1,Male,9,20-24 years,494,Stroke,332,Chewing tobacco,1,Number,2014,0.05967288164398736,0.13625983169939085,0.017949703631261398
1,All Population,1,Deaths,4850,Goa,2,Female,9,20-24 years,494,Stroke,332,Chewing tobacco,1,Number,2014,0.0059216766054224265,0.018183300404442885,0.001582359469427748
1,All Population,1,Deaths,4853,Himachal Pradesh,1,Male,9,20-24 years,498,Hypertensive heart disease,102,High alcohol use,1,Number,2015,0.01511596462915373,0.03251248053900106,0.005321739134710567
1,All Population,1,Deaths,4853,Himachal Pradesh,2,Female,9,20-24 years,498,Hypertensive heart disease,102,High alcohol use,1,Number,2015,8.47123626785362e-05,0.0002512785928463444,1.2409810957312173e-05
1,All Population,1,Deaths,4842,Arunachal Pradesh,1,Male,9,20-24 years,494,Stroke,102,High alcohol use,1,Number,2014,0.025364300296897575,0.0786941208502616,-0.004252087174717609
1,All Population,1,Deaths,4842,Arunachal Pradesh,2,Female,9,20-24 years,494,Stroke,102,High alcohol use,1,Number,2014,-0.0014722747679137647,0.002784074631025694,-0.00569325023485994
1,All Population,1,Deaths,4862,Meghalaya,1,Male,9,20-24 years,494,Stroke,102,High alcohol use,1,Number,2014,0.03476192434919354,0.10930013961350951,-0.005724408006666565
1,All Population,1,Deaths,4862,Meghalaya,2,Female,9,20-24 years,494,Stroke,102,High alcohol use,1,Number,2014,-0.00028606652159688376,0.00047576808476579,-0.0011268362329966137
1,All Population,1,Deaths,44538,Other Union Territories,1,Male,9,20-24 years,494,Stroke,332,Chewing tobacco,1,Number,2014,0.11014362722699765,0.25320509728008234,0.036399566499078176
1,All Population,1,Deaths,44538,Other Union Territories,2,Female,9,20-24 years,494,Stroke,332,Chewing tobacco,1,Number,2014,0.011865859898698103,0.034739324945680716,0.002962672429973965
1,All Population,1,Deaths,4843,Assam,1,Male,9,20-24 years,498,Hypertensive heart disease,102,High alcohol use,1,Number,2014,0.15561710231377807,0.3541412172206788,0.05781202788683744
1,All Population,1,Deaths,4843,Assam,2,Female,9,20-24 years,498,Hypertensive heart disease,102,High alcohol use,1,Number,2014,0.003208112805100664,0.008834293533259468,0.0004047561120168293
1,All Population,1,Deaths,4872,Tripura,1,Male,9,20-24 years,493,Ischemic heart disease,102,High alcohol use,1,Number,2014,-0.22823715695716046,0.19605023895220686,-0.6586365571245189
1,All Population,1,Deaths,4872,Tripura,2,Female,9,20-24 years,493,Ischemic heart disease,102,High alcohol use,1,Number,2014,-0.01649128494090488,0.016248816622200023,-0.05438513535751776
1,All Population,1,Deaths,4868,Rajasthan,1,Male,9,20-24 years,494,Stroke,332,Chewing tobacco,1,Number,2014,3.621078132209075,7.194768476677006,1.5338386562905408
1,All Population,1,Deaths,4868,Rajasthan,2,Female,9,20-24 years,494,Stroke,332,Chewing tobacco,1,Number,2014,0.4558674795591687,1.1867833616255778,0.11955273381387807
1,All Population,1,Deaths,4850,Goa,1,Male,9,20-24 years,499,Cardiomyopathy and myocarditis,102,High alcohol use,1,Number,2014,0.013506276731067642,0.059437473849014,0.0025335923821006943
1,All Population,1,Deaths,4850,Goa,2,Female,9,20-24 years,499,Cardiomyopathy and myocarditis,102,High alcohol use,1,Number,2014,0.0022644849593335065,0.009247403412084817,0.00034899904997722067
1,All Population,1,Deaths,4864,Nagaland,1,Male,9,20-24 years,493,Ischemic heart disease,102,High alcohol use,1,Number,2014,-0.12349759860444763,0.10761412912954854,-0.35907507100020325
1,All Population,1,Deaths,4864,Nagaland,2,Female,9,20-24 years,493,Ischemic heart disease,102,High alcohol use,1,Number,2014,-0.010025512675274366,0.008927451852832117,-0.03376699524779506
1,All Population,1,Deaths,4875,West Bengal,1,Male,9,20-24 years,494,Stroke,102,High alcohol use,1,Number,2014,0.9925896036132751,3.3194326256406166,-0.13285286254351855
1,All Population,1,Deaths,4875,West Bengal,2,Female,9,20-24 years,494,Stroke,102,High alcohol use,1,Number,2014,-0.0062714002794505164,0.00954107669063139,-0.02419576769135579
1,All Population,1,Deaths,44538,Other Union Territories,1,Male,9,20-24 years,493,Ischemic heart disease,102,High alcohol use,1,Number,2015,-0.3116555849789016,0.28215203255431665,-0.9569858648082877
1,All Population,1,Deaths,44538,Other Union Territories,2,Female,9,20-24 years,493,Ischemic heart disease,102,High alcohol use,1,Number,2015,-0.005610773773282444,0.005397707034229665,-0.022409907442462254
1,All Population,1,Deaths,44538,Other Union Territories,1,Male,9,20-24 years,494,Stroke,102,High alcohol use,1,Number,2014,0.02426140221578138,0.08102132635263976,-0.0035157153437233336
1,All Population,1,Deaths,44538,Other Union Territories,2,Female,9,20-24 years,494,Stroke,102,High alcohol use,1,Number,2014,-0.00018069485482736104,0.00037969815523131476,-0.0007647865728448867
1,All Population,1,Deaths,4855,Jharkhand,1,Male,9,20-24 years,499,Cardiomyopathy and myocarditis,102,High alcohol use,1,Number,2015,0.1260661699422194,0.4610218836939414,0.020878716506279718
1,All Population,1,Deaths,4855,Jharkhand,2,Female,9,20-24 years,499,Cardiomyopathy and myocarditis,102,High alcohol use,1,Number,2015,0.05525303952756983,0.2576478497794086,0.005217658481829736
1,All Population,1,Deaths,4870,Tamil Nadu,1,Male,9,20-24 years,494,Stroke,102,High alcohol use,1,Number,2014,0.8490982113090966,2.630398199575034,-0.13995213140309004
1,All Population,1,Deaths,4870,Tamil Nadu,2,Female,9,20-24 years,494,Stroke,102,High alcohol use,1,Number,2014,-0.0014103360111630042,0.002897748379239491,-0.005628109975459431
1,All Population,1,Deaths,44538,Other Union Territories,1,Male,9,20-24 years,494,Stroke,102,High alcohol use,1,Number,2015,0.023244745004406524,0.08068079129580909,-0.003985437702479045
1,All Population,1,Deaths,44538,Other Union Territories,2,Female,9,20-24 years,494,Stroke,102,High alcohol use,1,Number,2015,-0.00017809768671311665,0.0003958012604175965,-0.0007241996233710529
1,All Population,1,Deaths,4874,Uttarakhand,1,Male,9,20-24 years,499,Cardiomyopathy and myocarditis,102,High alcohol use,1,Number,2014,0.09768525943854399,0.35754290842506303,0.014449624583116348
1,All Population,1,Deaths,4874,Uttarakhand,2,Female,9,20-24 years,499,Cardiomyopathy and myocarditis,102,High alcohol use,1,Number,2014,0.05107189783561759,0.3137089589256302,0.004590767684335053
1,All Population,1,Deaths,4841,Andhra Pradesh,1,Male,9,20-24 years,498,Hypertensive heart disease,102,High alcohol use,1,Number,2014,0.2275255939986045,0.46933819185786796,0.09403131072004667
1,All Population,1,Deaths,4841,Andhra Pradesh,2,Female,9,20-24 years,498,Hypertensive heart disease,102,High alcohol use,1,Number,2014,0.0027040773161175736,0.0078700830747873,0.000367364411558266
1,All Population,1,Deaths,4844,Bihar,1,Male,9,20-24 years,494,Stroke,332,Chewing tobacco,1,Number,2014,4.378128022443576,8.956710663031851,1.899068560344634
1,All Population,1,Deaths,4844,Bihar,2,Female,9,20-24 years,494,Stroke,332,Chewing tobacco,1,Number,2014,0.3931158305850438,1.2045572751757379,0.07482563231945662
1,All Population,1,Deaths,4872,Tripura,1,Male,9,20-24 years,494,Stroke,102,High alcohol use,1,Number,2014,0.053743277275960004,0.17763323524231583,-0.008635933387465607
1,All Population,1,Deaths,4872,Tripura,2,Female,9,20-24 years,494,Stroke,102,High alcohol use,1,Number,2014,-0.0012209130830723104,0.0022815797474117078,-0.005132316854000368
1,All Population,1,Deaths,4857,Kerala,1,Male,9,20-24 years,499,Cardiomyopathy and myocarditis,102,High alcohol use,1,Number,2015,0.1706469229174562,0.6275373837641638,0.03392515717630675
1,All Population,1,Deaths,4857,Kerala,2,Female,9,20-24 years,499,Cardiomyopathy and myocarditis,102,High alcohol use,1,Number,2015,0.04339030707241664,0.16474324747529367,0.006323345156091261
1,All Population,1,Deaths,4860,Maharashtra,1,Male,9,20-24 years,498,Hypertensive heart disease,102,High alcohol use,1,Number,2016,0.26552943411376356,0.5625889693114192,0.10726811421893134
1,All Population,1,Deaths,4860,Maharashtra,2,Female,9,20-24 years,498,Hypertensive heart disease,102,High alcohol use,1,Number,2016,0.0014208149338869385,0.0036200550160034118,0.0002473940362169197
1,All Population,1,Deaths,4864,Nagaland,1,Male,9,20-24 years,494,Stroke,102,High alcohol use,1,Number,2014,0.041025565107394024,0.12632139911569623,-0.005779770413873317
1,All Population,1,Deaths,4864,Nagaland,2,Female,9,20-24 years,494,Stroke,102,High alcohol use,1,Number,2014,-0.0005770244432760271,0.0009557696426057239,-0.0023743290831445343
1,All Population,1,Deaths,4857,Kerala,1,Male,9,20-24 years,493,Ischemic heart disease,102,High alcohol use,1,Number,2015,-1.263552026685456,1.2796167252876758,-3.5778238144687844
1,All Population,1,Deaths,4857,Kerala,2,Female,9,20-24 years,493,Ischemic heart disease,102,High alcohol use,1,Number,2015,-0.02320418888657178,0.023176235271173046,-0.08085969211714697
1,All Population,1,Deaths,4860,Maharashtra,1,Male,9,20-24 years,499,Cardiomyopathy and myocarditis,102,High alcohol use,1,Number,2015,0.6636027834732627,2.480948889396048,0.12778877580761505
1,All Population,1,Deaths,4860,Maharashtra,2,Female,9,20-24 years,499,Cardiomyopathy and myocarditis,102,High alcohol use,1,Number,2015,0.219551173269656,0.8353651622717799,0.034884497805902456
1,All Population,1,Deaths,4849,Delhi,1,Male,9,20-24 years,494,Stroke,102,High alcohol use,1,Number,2014,0.07271272395915161,0.22544683333757526,-0.01124807875446715
1,All Population,1,Deaths,4849,Delhi,2,Female,9,20-24 years,494,Stroke,102,High alcohol use,1,Number,2014,-0.0006917125623385853,0.0006563827091386799,-0.0026623570894226765
1,All Population,1,Deaths,4870,Tamil Nadu,1,Male,9,20-24 years,494,Stroke,332,Chewing tobacco,1,Number,2014,1.7269807748645223,3.9373127696337518,0.547125852064949
1,All Population,1,Deaths,4870,Tamil Nadu,2,Female,9,20-24 years,494,Stroke,332,Chewing tobacco,1,Number,2014,0.2991648384531895,0.823095681865519,0.07292436055625529
1,All Population,1,Deaths,4862,Meghalaya,1,Male,9,20-24 years,493,Ischemic heart disease,102,High alcohol use,1,Number,2015,-0.13804580358375373,0.11948361992026409,-0.44410044557364664
1,All Population,1,Deaths,4862,Meghalaya,2,Female,9,20-24 years,493,Ischemic heart disease,102,High alcohol use,1,Number,2015,-0.004574306115813907,0.0034726820777960217,-0.01799527633020305
1,All Population,1,Deaths,44538,Other Union Territories,1,Male,9,20-24 years,499,Cardiomyopathy and myocarditis,102,High alcohol use,1,Number,2015,0.023881391203432165,0.07949579984000235,0.004718360383365475
1,All Population,1,Deaths,44538,Other Union Territories,2,Female,9,20-24 years,499,Cardiomyopathy and myocarditis,102,High alcohol use,1,Number,2015,0.006389420671871894,0.025412969809093792,0.0008614085158496063
1,All Population,1,Deaths,4869,Sikkim,1,Male,9,20-24 years,494,Stroke,102,High alcohol use,1,Number,2016,0.00478104981710989,0.015927643168746824,-0.0006613428227741154
1,All Population,1,Deaths,4869,Sikkim,2,Female,9,20-24 years,494,Stroke,102,High alcohol use,1,Number,2016,-0.00035228822169085645,0.0005645036044095769,-0.0012952062685845293
1,All Population,1,Deaths,4871,Telangana,1,Male,9,20-24 years,493,Ischemic heart disease,102,High alcohol use,1,Number,2016,-7.901960300118546,6.664475514604007,-22.134167434982793
1,All Population,1,Deaths,4871,Telangana,2,Female,9,20-24 years,493,Ischemic heart disease,102,High alcohol use,1,Number,2016,-0.2320445019139082,0.2179620621744256,-0.9061387647385115
1,All Population,1,Deaths,4873,Uttar Pradesh,1,Male,9,20-24 years,499,Cardiomyopathy and myocarditis,102,High alcohol use,1,Number,2014,1.5998129755410926,6.217949914103623,0.22853896340333443
1,All Population,1,Deaths,4873,Uttar Pradesh,2,Female,9,20-24 years,499,Cardiomyopathy and myocarditis,102,High alcohol use,1,Number,2014,0.6537842549571156,2.7176242389527747,0.07166389098047668
1,All Population,1,Deaths,44538,Other Union Territories,1,Male,9,20-24 years,493,Ischemic heart disease,102,High alcohol use,1,Number,2014,-0.3203125835313712,0.29549164169199466,-0.9653051612081487
1,All Population,1,Deaths,44538,Other Union Territories,2,Female,9,20-24 years,493,Ischemic heart disease,102,High alcohol use,1,Number,2014,-0.005561153838753185,0.0060833633971810385,-0.02003597922129685
1,All Population,1,Deaths,4841,Andhra Pradesh,1,Male,9,20-24 years,493,Ischemic heart disease,102,High alcohol use,1,Number,2015,-3.711730043750688,3.2684462470478324,-10.496173692753965
1,All Population,1,Deaths,4841,Andhra Pradesh,2,Female,9,20-24 years,493,Ischemic heart disease,102,High alcohol use,1,Number,2015,-0.09486666133895523,0.0718040558406966,-0.381386343697457
1,All Population,1,Deaths,4869,Sikkim,1,Male,9,20-24 years,494,Stroke,332,Chewing tobacco,1,Number,2014,0.025414747727382312,0.05452020353488114,0.008584557560146625
1,All Population,1,Deaths,4869,Sikkim,2,Female,9,20-24 years,494,Stroke,332,Chewing tobacco,1,Number,2014,0.004973511141157585,0.014018516575587812,0.0012438575182091675
1,All Population,1,Deaths,4863,Mizoram,1,Male,9,20-24 years,494,Stroke,332,Chewing tobacco,1,Number,2016,0.030167235488073253,0.06638851902899794,0.01022053186093734
1,All Population,1,Deaths,4863,Mizoram,2,Female,9,20-24 years,494,Stroke,332,Chewing tobacco,1,Number,2016,0.040054326342835816,0.08883456825556325,0.016487375356488115
1,All Population,1,Deaths,4865,Odisha,1,Male,9,20-24 years,494,Stroke,102,High alcohol use,1,Number,2016,0.4749881997668618,1.461422731431463,-0.05894848869866621
1,All Population,1,Deaths,4865,Odisha,2,Female,9,20-24 years,494,Stroke,102,High alcohol use,1,Number,2016,-0.009112063218311093,0.015990953873039712,-0.03565392624605408
1,All Population,1,Deaths,4873,Uttar Pradesh,1,Male,9,20-24 years,493,Ischemic heart disease,102,High alcohol use,1,Number,2015,-3.6262463951316493,3.5077927167673297,-11.377204101510468
1,All Population,1,Deaths,4873,Uttar Pradesh,2,Female,9,20-24 years,493,Ischemic heart disease,102,High alcohol use,1,Number,2015,-0.08424988412922477,0.06225169986052824,-0.3813130608064472
1,All Population,1,Deaths,4843,Assam,1,Male,9,20-24 years,493,Ischemic heart disease,102,High alcohol use,1,Number,2015,-1.202902167123609,1.1028441033555614,-3.6862308309609286
1,All Population,1,Deaths,4843,Assam,2,Female,9,20-24 years,493,Ischemic heart disease,102,High alcohol use,1,Number,2015,-0.10054390618734851,0.07916203104669921,-0.4004191307571362
1,All Population,1,Deaths,4871,Telangana,1,Male,9,20-24 years,494,Stroke,102,High alcohol use,1,Number,2015,0.5884151756474609,1.79729191569528,-0.11916716925888793
1,All Population,1,Deaths,4871,Telangana,2,Female,9,20-24 years,494,Stroke,102,High alcohol use,1,Number,2015,-0.006076921232569586,0.011740708388979814,-0.025254840740852658
1,All Population,1,Deaths,4855,Jharkhand,1,Male,9,20-24 years,494,Stroke,102,High alcohol use,1,Number,2015,0.1799713735254839,0.5703654503023748,-0.01946172830007798
1,All Population,1,Deaths,4855,Jharkhand,2,Female,9,20-24 years,494,Stroke,102,High alcohol use,1,Number,2015,-0.00724117278378722,0.014308438222909347,-0.029771911809715335
1,All Population,1,Deaths,4855,Jharkhand,1,Male,9,20-24 years,498,Hypertensive heart disease,102,High alcohol use,1,Number,2014,0.08586152888052113,0.20082994393298556,0.03351812376460497
1,All Population,1,Deaths,4855,Jharkhand,2,Female,9,20-24 years,498,Hypertensive heart disease,102,High alcohol use,1,Number,2014,0.002040290861706972,0.005963169619875711,0.00028269626683860067
1,All Population,1,Deaths,4857,Kerala,1,Male,9,20-24 years,494,Stroke,102,High alcohol use,1,Number,2014,0.18971560804425372,0.5755647007270623,-0.03484707336181478
1,All Population,1,Deaths,4857,Kerala,2,Female,9,20-24 years,494,Stroke,102,High alcohol use,1,Number,2014,-0.0013128886133212767,0.0025165946567322654,-0.005411984584897659
1,All Population,1,Deaths,4860,Maharashtra,1,Male,9,20-24 years,494,Stroke,102,High alcohol use,1,Number,2015,0.7867461373886396,2.627349303308302,-0.1231746817943732
1,All Population,1,Deaths,4860,Maharashtra,2,Female,9,20-24 years,494,Stroke,102,High alcohol use,1,Number,2015,-0.0029121942159832824,0.005534603870676358,-0.01109327398031865
1,All Population,1,Deaths,4867,Punjab,1,Male,9,20-24 years,494,Stroke,332,Chewing tobacco,1,Number,2016,0.46950795068073575,1.162943595135972,0.13243521834020147
1,All Population,1,Deaths,4867,Punjab,2,Female,9,20-24 years,494,Stroke,332,Chewing tobacco,1,Number,2016,0.036168221934181226,0.1105397616049354,0.009437442198730649
1,All Population,1,Deaths,4859,Madhya Pradesh,1,Male,9,20-24 years,494,Stroke,332,Chewing tobacco,1,Number,2015,9.690231490853277,18.89060900129022,3.7534398202914536
1,All Population,1,Deaths,4859,Madhya Pradesh,2,Female,9,20-24 years,494,Stroke,332,Chewing tobacco,1,Number,2015,2.2985437868928167,5.41340803124493,0.7721558658599219
1,All Population,1,Deaths,4853,Himachal Pradesh,1,Male,9,20-24 years,499,Cardiomyopathy and myocarditis,102,High alcohol use,1,Number,2014,0.03912675110950834,0.13355035651484035,0.006369757297097287
1,All Population,1,Deaths,4853,Himachal Pradesh,2,Female,9,20-24 years,499,Cardiomyopathy and myocarditis,102,High alcohol use,1,Number,2014,0.011570838939474722,0.04411318365109187,0.001462587429963772
1,All Population,1,Deaths,4843,Assam,1,Male,9,20-24 years,494,Stroke,102,High alcohol use,1,Number,2015,0.9415807584518057,2.990459913313971,-0.08507901308421548
1,All Population,1,Deaths,4843,Assam,2,Female,9,20-24 years,494,Stroke,102,High alcohol use,1,Number,2015,-0.010366003019154411,0.023253821218237346,-0.04504088001395116
1,All Population,1,Deaths,4850,Goa,1,Male,9,20-24 years,498,Hypertensive heart disease,102,High alcohol use,1,Number,2015,0.01081277830465681,0.02280834950517751,0.004014731076618831
1,All Population,1,Deaths,4850,Goa,2,Female,9,20-24 years,498,Hypertensive heart disease,102,High alcohol use,1,Number,2015,0.00014431077321748172,0.0003919233713278137,2.237591889643083e-05
1,All Population,1,Deaths,4864,Nagaland,1,Male,9,20-24 years,493,Ischemic heart disease,102,High alcohol use,1,Number,2015,-0.11488663815292538,0.10929399436922903,-0.34207958351267503
1,All Population,1,Deaths,4864,Nagaland,2,Female,9,20-24 years,493,Ischemic heart disease,102,High alcohol use,1,Number,2015,-0.009850398993371513,0.008564860741792269,-0.03189759675946821
1,All Population,1,Deaths,4867,Punjab,1,Male,9,20-24 years,499,Cardiomyopathy and myocarditis,102,High alcohol use,1,Number,2016,0.18528805225855535,0.714486711100399,0.03790697073825873
1,All Population,1,Deaths,4867,Punjab,2,Female,9,20-24 years,499,Cardiomyopathy and myocarditis,102,High alcohol use,1,Number,2016,0.07921327138048544,0.26141445933282176,0.010058136098306575
1,All Population,1,Deaths,4874,Uttarakhand,1,Male,9,20-24 years,494,Stroke,332,Chewing tobacco,1,Number,2014,0.5093965585044912,1.1121186705727897,0.18898986732034898
1,All Population,1,Deaths,4874,Uttarakhand,2,Female,9,20-24 years,494,Stroke,332,Chewing tobacco,1,Number,2014,0.04013563997345288,0.11690098402084786,0.008433258449262319
1,All Population,1,Deaths,4841,Andhra Pradesh,1,Male,9,20-24 years,494,Stroke,102,High alcohol use,1,Number,2015,0.2768507934632608,0.8777081742046704,-0.041614605288984315
1,All Population,1,Deaths,4841,Andhra Pradesh,2,Female,9,20-24 years,494,Stroke,102,High alcohol use,1,Number,2015,-0.0035715095193246445,0.005979941163762058,-0.013686136155326909
1,All Population,1,Deaths,4862,Meghalaya,1,Male,9,20-24 years,494,Stroke,332,Chewing tobacco,1,Number,2014,0.20023285016627757,0.4325361660723297,0.06863229477806553
1,All Population,1,Deaths,4862,Meghalaya,2,Female,9,20-24 years,494,Stroke,332,Chewing tobacco,1,Number,2014,0.20552945854261925,0.43136988543785526,0.08414648147932058
1,All Population,1,Deaths,4856,Karnataka,1,Male,9,20-24 years,498,Hypertensive heart disease,102,High alcohol use,1,Number,2014,0.271282316917212,0.580953691303626,0.10236825915214046
1,All Population,1,Deaths,4856,Karnataka,2,Female,9,20-24 years,498,Hypertensive heart disease,102,High alcohol use,1,Number,2014,0.01360451343547484,0.02806409024823851,0.002844421649866499
1,All Population,1,Deaths,4859,Madhya Pradesh,1,Male,9,20-24 years,494,Stroke,102,High alcohol use,1,Number,2014,0.6382889685932019,2.019233066684463,-0.08899680320039516
1,All Population,1,Deaths,4859,Madhya Pradesh,2,Female,9,20-24 years,494,Stroke,102,High alcohol use,1,Number,2014,-0.007790998510336086,0.015044030645818758,-0.02714893152778431
1,All Population,1,Deaths,4867,Punjab,1,Male,9,20-24 years,498,Hypertensive heart disease,102,High alcohol use,1,Number,2014,0.12483283952703457,0.25502934177514797,0.047217201923230055
1,All Population,1,Deaths,4867,Punjab,2,Female,9,20-24 years,498,Hypertensive heart disease,102,High alcohol use,1,Number,2014,0.00040849945839457034,0.0011560037510515032,5.949731948447337e-05
1,All Population,1,Deaths,4861,Manipur,1,Male,9,20-24 years,494,Stroke,332,Chewing tobacco,1,Number,2014,0.49153315437608763,0.8643105618661941,0.23489543193936474
1,All Population,1,Deaths,4861,Manipur,2,Female,9,20-24 years,494,Stroke,332,Chewing tobacco,1,Number,2014,0.33893978212226106,0.6600938165763002,0.15453587772511723
1,All Population,1,Deaths,4854,Jammu & Kashmir and Ladakh,1,Male,9,20-24 years,494,Stroke,102,High alcohol use,1,Number,2016,0.016240215090938464,0.05101667576450006,-0.002300913256290532
1,All Population,1,Deaths,4854,Jammu & Kashmir and Ladakh,2,Female,9,20-24 years,494,Stroke,102,High alcohol use,1,Number,2016,-0.00012934154500418346,0.00023992443672386554,-0.0005384144111031549
1,All Population,1,Deaths,4842,Arunachal Pradesh,1,Male,9,20-24 years,498,Hypertensive heart disease,102,High alcohol use,1,Number,2013,0.010644314992798522,0.02262410191799084,0.0044262268851300215
1,All Population,1,Deaths,4842,Arunachal Pradesh,2,Female,9,20-24 years,498,Hypertensive heart disease,102,High alcohol use,1,Number,2013,0.0007016550080246091,0.0017865500479040822,0.00011080695296974416
1,All Population,1,Deaths,4860,Maharashtra,1,Male,9,20-24 years,498,Hypertensive heart disease,102,High alcohol use,1,Number,2014,0.2772493991213829,0.5642643037615165,0.11544690430325905
1,All Population,1,Deaths,4860,Maharashtra,2,Female,9,20-24 years,498,Hypertensive heart disease,102,High alcohol use,1,Number,2014,0.0015024490165696268,0.004042343342601666,0.00022077641345979445
1,All Population,1,Deaths,4874,Uttarakhand,1,Male,9,20-24 years,494,Stroke,102,High alcohol use,1,Number,2014,0.07819226705318329,0.24782807193489065,-0.012946501036343818
1,All Population,1,Deaths,4874,Uttarakhand,2,Female,9,20-24 years,494,Stroke,102,High alcohol use,1,Number,2014,-0.0003524965026115083,0.0005098784927834831,-0.0014371914733660378
1,All Population,1,Deaths,44538,Other Union Territories,1,Male,9,20-24 years,494,Stroke,102,High alcohol use,1,Number,2016,0.02280675669101161,0.07149434812968788,-0.003393273635376546
1,All Population,1,Deaths,44538,Other Union Territories,2,Female,9,20-24 years,494,Stroke,102,High alcohol use,1,Number,2016,-0.00018815739037073196,0.00035586841860603234,-0.0007822879295407384
1,All Population,1,Deaths,4867,Punjab,1,Male,9,20-24 years,499,Cardiomyopathy and myocarditis,102,High alcohol use,1,Number,2014,0.22685510088715494,0.8576087268970672,0.03735747060456028
1,All Population,1,Deaths,4867,Punjab,2,Female,9,20-24 years,499,Cardiomyopathy and myocarditis,102,High alcohol use,1,Number,2014,0.09473759360377856,0.2854687014417651,0.012573040461729705
1,All Population,1,Deaths,4846,Chhattisgarh,1,Male,9,20-24 years,493,Ischemic heart disease,102,High alcohol use,1,Number,2015,-4.166026588206115,3.625302039248903,-13.038194042999084
1,All Population,1,Deaths,4846,Chhattisgarh,2,Female,9,20-24 years,493,Ischemic heart disease,102,High alcohol use,1,Number,2015,-0.16221255741297191,0.1376061513679793,-0.6118865950678551
1,All Population,1,Deaths,4856,Karnataka,1,Male,9,20-24 years,493,Ischemic heart disease,102,High alcohol use,1,Number,2015,-5.870917351665953,6.281850617190763,-17.444669595006765
1,All Population,1,Deaths,4856,Karnataka,2,Female,9,20-24 years,493,Ischemic heart disease,102,High alcohol use,1,Number,2015,-0.7218618226117001,0.7342646777220551,-1.9857813736623147
1,All Population,1,Deaths,4850,Goa,1,Male,9,20-24 years,493,Ischemic heart disease,102,High alcohol use,1,Number,2015,-0.3416346364832127,0.32697141965194165,-1.0129181003499694
1,All Population,1,Deaths,4850,Goa,2,Female,9,20-24 years,493,Ischemic heart disease,102,High alcohol use,1,Number,2015,-0.00744719250045292,0.008250571019587712,-0.024566112273707606
1,All Population,1,Deaths,4863,Mizoram,1,Male,9,20-24 years,494,Stroke,102,High alcohol use,1,Number,2014,0.00416131975796793,0.013955118746984322,-0.0006748069986265574
1,All Population,1,Deaths,4863,Mizoram,2,Female,9,20-24 years,494,Stroke,102,High alcohol use,1,Number,2014,-5.8258126186058805e-05,0.00010148908142141551,-0.00023481126618310854
1,All Population,1,Deaths,4873,Uttar Pradesh,1,Male,9,20-24 years,498,Hypertensive heart disease,102,High alcohol use,1,Number,2015,0.26585406173311205,0.6608393543195522,0.08470106178138002
1,All Population,1,Deaths,4873,Uttar Pradesh,2,Female,9,20-24 years,498,Hypertensive heart disease,102,High alcohol use,1,Number,2015,0.002275739473033084,0.0068923625753228536,0.00032166922475425385
1,All Population,1,Deaths,4844,Bihar,1,Male,9,20-24 years,494,Stroke,102,High alcohol use,1,Number,2014,0.33102854494865835,1.2003096882373405,-0.040338458563466184
1,All Population,1,Deaths,4844,Bihar,2,Female,9,20-24 years,494,Stroke,102,High alcohol use,1,Number,2014,-0.0027869428660495,0.0040799719006897415,-0.011581880670282263
1,All Population,1,Deaths,4874,Uttarakhand,1,Male,9,20-24 years,494,Stroke,332,Chewing tobacco,1,Number,2015,0.451458173382174,0.9691144397726756,0.1483161307886049
1,All Population,1,Deaths,4874,Uttarakhand,2,Female,9,20-24 years,494,Stroke,332,Chewing tobacco,1,Number,2015,0.0332528734303116,0.09639133654387766,0.007211592366934283
1,All Population,1,Deaths,4841,Andhra Pradesh,1,Male,9,20-24 years,499,Cardiomyopathy and myocarditis,102,High alcohol use,1,Number,2016,0.26969087030126787,0.9383758237506489,0.054824782171853145
1,All Population,1,Deaths,4841,Andhra Pradesh,2,Female,9,20-24 years,499,Cardiomyopathy and myocarditis,102,High alcohol use,1,Number,2016,0.07395173527691255,0.26237817694081805,0.00957130082664475
1,All Population,1,Deaths,4868,Rajasthan,1,Male,9,20-24 years,494,Stroke,102,High alcohol use,1,Number,2014,0.16060832375874817,0.5055867441680564,-0.018495939530143682
1,All Population,1,Deaths,4868,Rajasthan,2,Female,9,20-24 years,494,Stroke,102,High alcohol use,1,Number,2014,-0.0019953237615215054,0.0027100800948518843,-0.007554870793513541
1,All Population,1,Deaths,4854,Jammu & Kashmir and Ladakh,1,Male,9,20-24 years,493,Ischemic heart disease,102,High alcohol use,1,Number,2014,-0.21141914892322708,0.18326087685533604,-0.6725559729719417
1,All Population,1,Deaths,4854,Jammu & Kashmir and Ladakh,2,Female,9,20-24 years,493,Ischemic heart disease,102,High alcohol use,1,Number,2014,-0.006784070412262746,0.005812933229375679,-0.027307487492623295
1,All Population,1,Deaths,4867,Punjab,1,Male,9,20-24 years,493,Ischemic heart disease,102,High alcohol use,1,Number,2015,-6.014831528385716,5.644482984241371,-19.86129305955319
1,All Population,1,Deaths,4867,Punjab,2,Female,9,20-24 years,493,Ischemic heart disease,102,High alcohol use,1,Number,2015,-0.03302266203640949,0.03481347056698067,-0.11404196965741303
1,All Population,1,Deaths,4867,Punjab,1,Male,9,20-24 years,493,Ischemic heart disease,102,High alcohol use,1,Number,2016,-5.875207356981637,5.423786975791725,-19.08467046825017
1,All Population,1,Deaths,4867,Punjab,2,Female,9,20-24 years,493,Ischemic heart disease,102,High alcohol use,1,Number,2016,-0.03380243578478364,0.03830095135718649,-0.12009021049631094
1,All Population,1,Deaths,4856,Karnataka,1,Male,9,20-24 years,494,Stroke,102,High alcohol use,1,Number,2015,0.5080030261961428,1.7565287755025991,-0.08979248307952187
1,All Population,1,Deaths,4856,Karnataka,2,Female,9,20-24 years,494,Stroke,102,High alcohol use,1,Number,2015,-0.02525183107899886,0.035099102652021444,-0.11329703620088631
1,All Population,1,Deaths,4860,Maharashtra,1,Male,9,20-24 years,499,Cardiomyopathy and myocarditis,102,High alcohol use,1,Number,2016,0.681244036638831,2.379805668970004,0.13840271859633313
1,All Population,1,Deaths,4860,Maharashtra,2,Female,9,20-24 years,499,Cardiomyopathy and myocarditis,102,High alcohol use,1,Number,2016,0.19422614813347605,0.7274327271933403,0.028861689002533643
1,All Population,1,Deaths,4875,West Bengal,1,Male,9,20-24 years,493,Ischemic heart disease,102,High alcohol use,1,Number,2016,-3.0425013495618893,2.431086201673001,-10.163893092848074
1,All Population,1,Deaths,4875,West Bengal,2,Female,9,20-24 years,493,Ischemic heart disease,102,High alcohol use,1,Number,2016,-0.08366544461031394,0.0887785982622051,-0.30912240015446435
1,All Population,1,Deaths,4871,Telangana,1,Male,9,20-24 years,494,Stroke,332,Chewing tobacco,1,Number,2014,1.2249031024799393,2.837792224935947,0.39819123779233395
1,All Population,1,Deaths,4871,Telangana,2,Female,9,20-24 years,494,Stroke,332,Chewing tobacco,1,Number,2014,0.2850280428866508,0.8406802442028527,0.07072648656550828
1,All Population,1,Deaths,4861,Manipur,1,Male,9,20-24 years,494,Stroke,102,High alcohol use,1,Number,2015,0.039511658041461305,0.1264629568266214,-0.0057493224655589615
1,All Population,1,Deaths,4861,Manipur,2,Female,9,20-24 years,494,Stroke,102,High alcohol use,1,Number,2015,-0.0007301622765939228,0.001457498550589032,-0.0026398957538163377
1,All Population,1,Deaths,4864,Nagaland,1,Male,9,20-24 years,494,Stroke,332,Chewing tobacco,1,Number,2016,0.48535352104454915,0.8731539656299,0.2350101207457924
1,All Population,1,Deaths,4864,Nagaland,2,Female,9,20-24 years,494,Stroke,332,Chewing tobacco,1,Number,2016,0.19820714970594971,0.39434913898460533,0.08474347828080574
1,All Population,1,Deaths,4865,Odisha,1,Male,9,20-24 years,499,Cardiomyopathy and myocarditis,102,High alcohol use,1,Number,2014,0.24087658500729814,0.9456822855853194,0.04143250030244145
1,All Population,1,Deaths,4865,Odisha,2,Female,9,20-24 years,499,Cardiomyopathy and myocarditis,102,High alcohol use,1,Number,2014,0.087152884431551,0.4251269997757528,0.008330178570754361
1,All Population,1,Deaths,4869,Sikkim,1,Male,9,20-24 years,499,Cardiomyopathy and myocarditis,102,High alcohol use,1,Number,2014,0.006111613593147565,0.02158414989961792,0.001099333412513931
1,All Population,1,Deaths,4869,Sikkim,2,Female,9,20-24 years,499,Cardiomyopathy and myocarditis,102,High alcohol use,1,Number,2014,0.0017043361787557332,0.00675170212756751,0.000212229926425373
1,All Population,1,Deaths,4873,Uttar Pradesh,1,Male,9,20-24 years,493,Ischemic heart disease,102,High alcohol use,1,Number,2016,-3.6548627775530833,3.5706332143297588,-11.112989854221212
1,All Population,1,Deaths,4873,Uttar Pradesh,2,Female,9,20-24 years,493,Ischemic heart disease,102,High alcohol use,1,Number,2016,-0.0942394905293632,0.07777622555852264,-0.38033814499718355
1,All Population,1,Deaths,4843,Assam,1,Male,9,20-24 years,499,Cardiomyopathy and myocarditis,102,High alcohol use,1,Number,2015,0.21423767046107914,0.7754270160978628,0.031505065545984465
1,All Population,1,Deaths,4843,Assam,2,Female,9,20-24 years,499,Cardiomyopathy and myocarditis,102,High alcohol use,1,Number,2015,0.08057398803408357,0.3781986668863767,0.008187208108440201
1,All Population,1,Deaths,4846,Chhattisgarh,1,Male,9,20-24 years,494,Stroke,332,Chewing tobacco,1,Number,2015,7.939917978569948,14.839952941572466,3.528263105966891
1,All Population,1,Deaths,4846,Chhattisgarh,2,Female,9,20-24 years,494,Stroke,332,Chewing tobacco,1,Number,2015,1.9960727514149064,4.834639300454074,0.6671510776795593
1,All Population,1,Deaths,4875,West Bengal,1,Male,9,20-24 years,499,Cardiomyopathy and myocarditis,102,High alcohol use,1,Number,2014,0.6743453329847787,2.538476370793387,0.11430368813393287
1,All Population,1,Deaths,4875,West Bengal,2,Female,9,20-24 years,499,Cardiomyopathy and myocarditis,102,High alcohol use,1,Number,2014,0.16836485909234952,0.6194542232161712,0.021824548133804227
1,All Population,1,Deaths,4862,Meghalaya,1,Male,9,20-24 years,494,Stroke,102,High alcohol use,1,Number,2015,0.03284813187361357,0.1005652883003286,-0.005099586477528033
1,All Population,1,Deaths,4862,Meghalaya,2,Female,9,20-24 years,494,Stroke,102,High alcohol use,1,Number,2015,-0.00027300193597811276,0.0004833909086434678,-0.0010509698506374022
1,All Population,1,Deaths,4869,Sikkim,1,Male,9,20-24 years,498,Hypertensive heart disease,102,High alcohol use,1,Number,2016,0.003299251831980329,0.006784231118423055,0.001157957858503016
1,All Population,1,Deaths,4869,Sikkim,2,Female,9,20-24 years,498,Hypertensive heart disease,102,High alcohol use,1,Number,2016,0.0002634766637820014,0.000693531749469731,4.1713854315117474e-05
1,All Population,1,Deaths,4875,West Bengal,1,Male,9,20-24 years,498,Hypertensive heart disease,102,High alcohol use,1,Number,2015,0.25003108212534,0.5607328799163298,0.09476477527606506
1,All Population,1,Deaths,4875,West Bengal,2,Female,9,20-24 years,498,Hypertensive heart disease,102,High alcohol use,1,Number,2015,0.002032354143336105,0.0057421876531217105,0.00026102460675002815
1,All Population,1,Deaths,4859,Madhya Pradesh,1,Male,9,20-24 years,498,Hypertensive heart disease,102,High alcohol use,1,Number,2014,0.2855165390457273,0.649700015992207,0.1027880737221196
1,All Population,1,Deaths,4859,Madhya Pradesh,2,Female,9,20-24 years,498,Hypertensive heart disease,102,High alcohol use,1,Number,2014,0.002394514026926214,0.005607818108585601,0.00040680924468907656
1,All Population,1,Deaths,4852,Haryana,1,Male,9,20-24 years,494,Stroke,332,Chewing tobacco,1,Number,2015,1.096077257328921,2.5156820139519698,0.37742156200164517
1,All Population,1,Deaths,4852,Haryana,2,Female,9,20-24 years,494,Stroke,332,Chewing tobacco,1,Number,2015,0.0881508507265132,0.2651867679773561,0.02047359148304314
1,All Population,1,Deaths,4871,Telangana,1,Male,9,20-24 years,493,Ischemic heart disease,102,High alcohol use,1,Number,2015,-7.877459733143111,6.828793324211527,-23.287717913892827
1,All Population,1,Deaths,4871,Telangana,2,Female,9,20-24 years,493,Ischemic heart disease,102,High alcohol use,1,Number,2015,-0.23445348504992342,0.217092822901173,-0.917420422349176
1,All Population,1,Deaths,4841,Andhra Pradesh,1,Male,9,20-24 years,499,Cardiomyopathy and myocarditis,102,High alcohol use,1,Number,2015,0.2977403106456344,1.1348003164588247,0.05645824392512373
1,All Population,1,Deaths,4841,Andhra Pradesh,2,Female,9,20-24 years,499,Cardiomyopathy and myocarditis,102,High alcohol use,1,Number,2015,0.07802396373073968,0.286756619155473,0.010882520064042176
1,All Population,1,Deaths,4857,Kerala,1,Male,9,20-24 years,498,Hypertensive heart disease,102,High alcohol use,1,Number,2015,0.08746123413805285,0.18183898284929187,0.03190970236427463
1,All Population,1,Deaths,4857,Kerala,2,Female,9,20-24 years,498,Hypertensive heart disease,102,High alcohol use,1,Number,2015,0.0011445442526091592,0.002861751193337599,0.0001872130372844122
1,All Population,1,Deaths,4857,Kerala,1,Male,9,20-24 years,493,Ischemic heart disease,102,High alcohol use,1,Number,2016,-1.2371792545596618,1.1813361920957195,-3.6481026234766896
1,All Population,1,Deaths,4857,Kerala,2,Female,9,20-24 years,493,Ischemic heart disease,102,High alcohol use,1,Number,2016,-0.024164317360228994,0.02450118601037326,-0.0813068102509368
1,All Population,1,Deaths,4862,Meghalaya,1,Male,9,20-24 years,494,Stroke,332,Chewing tobacco,1,Number,2015,0.17267745106594218,0.3767852727916039,0.0566829245951823
1,All Population,1,Deaths,4862,Meghalaya,2,Female,9,20-24 years,494,Stroke,332,Chewing tobacco,1,Number,2015,0.17878260423540152,0.3808379480431575,0.06889299634474894
1,All Population,1,Deaths,4869,Sikkim,1,Male,9,20-24 years,498,Hypertensive heart disease,102,High alcohol use,1,Number,2015,0.003577862046659573,0.007607975631181921,0.0012710210308982338
1,All Population,1,Deaths,4869,Sikkim,2,Female,9,20-24 years,498,Hypertensive heart disease,102,High alcohol use,1,Number,2015,0.0002543296865603633,0.0006693891837634576,3.602718261741855e-05
1,All Population,1,Deaths,4855,Jharkhand,1,Male,9,20-24 years,494,Stroke,102,High alcohol use,1,Number,2016,0.20471464707628986,0.6633603432499969,-0.024308095663615484
1,All Population,1,Deaths,4855,Jharkhand,2,Female,9,20-24 years,494,Stroke,102,High alcohol use,1,Number,2016,-0.007245867845227656,0.012952567193405349,-0.029077371960533213
1,All Population,1,Deaths,4864,Nagaland,1,Male,9,20-24 years,494,Stroke,102,High alcohol use,1,Number,2015,0.03835620525992214,0.12214032678390982,-0.005254504763627091
1,All Population,1,Deaths,4864,Nagaland,2,Female,9,20-24 years,494,Stroke,102,High alcohol use,1,Number,2015,-0.0005515709860711578,0.000937882907474933,-0.00221090079899756
1,All Population,1,Deaths,4864,Nagaland,1,Male,9,20-24 years,499,Cardiomyopathy and myocarditis,102,High alcohol use,1,Number,2016,0.0163647624909682,0.05239086308734723,0.003141099476782429
1,All Population,1,Deaths,4864,Nagaland,2,Female,9,20-24 years,499,Cardiomyopathy and myocarditis,102,High alcohol use,1,Number,2016,0.005077141115936927,0.02197544368476411,0.0005414067884705996
1,All Population,1,Deaths,4864,Nagaland,1,Male,9,20-24 years,494,Stroke,332,Chewing tobacco,1,Number,2014,0.5853141759754646,1.067140949510537,0.2888903099391045
1,All Population,1,Deaths,4864,Nagaland,2,Female,9,20-24 years,494,Stroke,332,Chewing tobacco,1,Number,2014,0.25059727516229857,0.5166772598783781,0.10994627321935764
1,All Population,1,Deaths,4846,Chhattisgarh,1,Male,9,20-24 years,499,Cardiomyopathy and myocarditis,102,High alcohol use,1,Number,2015,0.3079615571770947,1.1212879636160882,0.04266182241543118
1,All Population,1,Deaths,4846,Chhattisgarh,2,Female,9,20-24 years,499,Cardiomyopathy and myocarditis,102,High alcohol use,1,Number,2015,0.08327512735421452,0.4291806936488975,0.007130260411968116
1,All Population,1,Deaths,4855,Jharkhand,1,Male,9,20-24 years,494,Stroke,332,Chewing tobacco,1,Number,2016,2.0139385194339607,4.181722879922392,0.7623374417414513
1,All Population,1,Deaths,4855,Jharkhand,2,Female,9,20-24 years,494,Stroke,332,Chewing tobacco,1,Number,2016,0.3335476032699668,0.9767845433658616,0.08609241207882058
1,All Population,1,Deaths,4870,Tamil Nadu,1,Male,9,20-24 years,494,Stroke,102,High alcohol use,1,Number,2016,0.7316062767551648,2.3522553403656046,-0.11746460568996406
1,All Population,1,Deaths,4870,Tamil Nadu,2,Female,9,20-24 years,494,Stroke,102,High alcohol use,1,Number,2016,-0.001469583605907568,0.0034030102245475404,-0.005782942621269799
1,All Population,1,Deaths,4856,Karnataka,1,Male,9,20-24 years,493,Ischemic heart disease,102,High alcohol use,1,Number,2016,-5.305914041489027,5.317026947226307,-15.973444464929088
1,All Population,1,Deaths,4856,Karnataka,2,Female,9,20-24 years,493,Ischemic heart disease,102,High alcohol use,1,Number,2016,-0.5641766663391254,0.6017834759532569,-1.5278335631783049
1,All Population,1,Deaths,4851,Gujarat,1,Male,9,20-24 years,493,Ischemic heart disease,102,High alcohol use,1,Number,2014,-1.4501154524682982,1.4156997304551768,-4.362466015327477
1,All Population,1,Deaths,4851,Gujarat,2,Female,9,20-24 years,493,Ischemic heart disease,102,High alcohol use,1,Number,2014,-0.029601023932228937,0.02936109293519864,-0.11667652384392774
1,All Population,1,Deaths,4862,Meghalaya,1,Male,9,20-24 years,499,Cardiomyopathy and myocarditis,102,High alcohol use,1,Number,2014,0.0321116426714111,0.10234331634476342,0.005002902032650389
1,All Population,1,Deaths,4862,Meghalaya,2,Female,9,20-24 years,499,Cardiomyopathy and myocarditis,102,High alcohol use,1,Number,2014,0.007969317133132241,0.039125590409733055,0.0008999061388135298
1,All Population,1,Deaths,4853,Himachal Pradesh,1,Male,9,20-24 years,498,Hypertensive heart disease,102,High alcohol use,1,Number,2016,0.013946372550415248,0.0299247913362169,0.005106915066238445
1,All Population,1,Deaths,4853,Himachal Pradesh,2,Female,9,20-24 years,498,Hypertensive heart disease,102,High alcohol use,1,Number,2016,8.510930934945334e-05,0.00025312415094914963,1.3013086462900852e-05
1,All Population,1,Deaths,4846,Chhattisgarh,1,Male,9,20-24 years,494,Stroke,102,High alcohol use,1,Number,2015,0.8977985357960031,2.890739333861964,-0.14680639129359874
1,All Population,1,Deaths,4846,Chhattisgarh,2,Female,9,20-24 years,494,Stroke,102,High alcohol use,1,Number,2015,-0.012277848565287313,0.024969176688557672,-0.05084652826152219
1,All Population,1,Deaths,4869,Sikkim,1,Male,9,20-24 years,494,Stroke,102,High alcohol use,1,Number,2015,0.005303772159631709,0.018115624175162253,-0.0007041902691836369
1,All Population,1,Deaths,4869,Sikkim,2,Female,9,20-24 years,494,Stroke,102,High alcohol use,1,Number,2015,-0.0003471091016389322,0.0005476916897866071,-0.0012092240845932942
1,All Population,1,Deaths,4875,West Bengal,1,Male,9,20-24 years,494,Stroke,102,High alcohol use,1,Number,2015,0.8497356714104243,2.8341316733882738,-0.1206924508839991
1,All Population,1,Deaths,4875,West Bengal,2,Female,9,20-24 years,494,Stroke,102,High alcohol use,1,Number,2015,-0.005952099338671942,0.009210059389377486,-0.024226101712484505
1,All Population,1,Deaths,4864,Nagaland,1,Male,9,20-24 years,499,Cardiomyopathy and myocarditis,102,High alcohol use,1,Number,2015,0.0170325013399484,0.05702697288978684,0.0029621681299142073
1,All Population,1,Deaths,4864,Nagaland,2,Female,9,20-24 years,499,Cardiomyopathy and myocarditis,102,High alcohol use,1,Number,2015,0.005071511987518287,0.01949448336111412,0.0005515499397839986
1,All Population,1,Deaths,44538,Other Union Territories,1,Male,9,20-24 years,493,Ischemic heart disease,102,High alcohol use,1,Number,2016,-0.3163442013026755,0.26670004827775406,-1.0136323659589113
1,All Population,1,Deaths,44538,Other Union Territories,2,Female,9,20-24 years,493,Ischemic heart disease,102,High alcohol use,1,Number,2016,-0.006097798716925609,0.006214399284498149,-0.02354254220546952
1,All Population,1,Deaths,4854,Jammu & Kashmir and Ladakh,1,Male,9,20-24 years,498,Hypertensive heart disease,102,High alcohol use,1,Number,2016,0.013220932056655558,0.02940825585155953,0.004534952045846988
1,All Population,1,Deaths,4854,Jammu & Kashmir and Ladakh,2,Female,9,20-24 years,498,Hypertensive heart disease,102,High alcohol use,1,Number,2016,0.0001238017426716186,0.0003563188631216037,1.704122490570075e-05
1,All Population,1,Deaths,4852,Haryana,1,Male,9,20-24 years,493,Ischemic heart disease,102,High alcohol use,1,Number,2016,-1.2942290999815889,1.173296207959224,-3.9098185274332136
1,All Population,1,Deaths,4852,Haryana,2,Female,9,20-24 years,493,Ischemic heart disease,102,High alcohol use,1,Number,2016,-0.0166154534902748,0.017800988351308854,-0.06178958912919168
1,All Population,1,Deaths,4865,Odisha,1,Male,9,20-24 years,493,Ischemic heart disease,102,High alcohol use,1,Number,2016,-1.3181294901806124,1.2214042286830076,-4.188526975891138
1,All Population,1,Deaths,4865,Odisha,2,Female,9,20-24 years,493,Ischemic heart disease,102,High alcohol use,1,Number,2016,-0.08374568839019353,0.07012144475958237,-0.2902600061116299
1,All Population,1,Deaths,4868,Rajasthan,1,Male,9,20-24 years,494,Stroke,332,Chewing tobacco,1,Number,2016,2.96557826550496,5.976449691355666,1.0972819104336389
1,All Population,1,Deaths,4868,Rajasthan,2,Female,9,20-24 years,494,Stroke,332,Chewing tobacco,1,Number,2016,0.4090904481614368,1.0850883507395248,0.10156483278990648
1,All Population,1,Deaths,4872,Tripura,1,Male,9,20-24 years,493,Ischemic heart disease,102,High alcohol use,1,Number,2015,-0.2217895835845102,0.1942940904436366,-0.6651395397427468
1,All Population,1,Deaths,4872,Tripura,2,Female,9,20-24 years,493,Ischemic heart disease,102,High alcohol use,1,Number,2015,-0.01693380772505274,0.016300369012179683,-0.05864733039386461
1,All Population,1,Deaths,4868,Rajasthan,1,Male,9,20-24 years,494,Stroke,332,Chewing tobacco,1,Number,2015,3.412300233128614,6.840010849929159,1.3414940838504752
1,All Population,1,Deaths,4868,Rajasthan,2,Female,9,20-24 years,494,Stroke,332,Chewing tobacco,1,Number,2015,0.4392092062743761,1.150404809156444,0.1132803045875585
1,All Population,1,Deaths,4865,Odisha,1,Male,9,20-24 years,493,Ischemic heart disease,102,High alcohol use,1,Number,2015,-1.3747707698530962,1.2638431402506929,-4.162386167351541
1,All Population,1,Deaths,4865,Odisha,2,Female,9,20-24 years,493,Ischemic heart disease,102,High alcohol use,1,Number,2015,-0.0786029574481608,0.06608007086525446,-0.275956421570997
1,All Population,1,Deaths,4872,Tripura,1,Male,9,20-24 years,494,Stroke,332,Chewing tobacco,1,Number,2014,0.49504929947900245,0.9376457644447744,0.21268493610556738
1,All Population,1,Deaths,4872,Tripura,2,Female,9,20-24 years,494,Stroke,332,Chewing tobacco,1,Number,2014,0.44240908968420367,0.9636233811107727,0.1811002178801198
1,All Population,1,Deaths,4875,West Bengal,1,Male,9,20-24 years,498,Hypertensive heart disease,102,High alcohol use,1,Number,2016,0.22604883045591134,0.5029143514410865,0.08242175093044947
1,All Population,1,Deaths,4875,West Bengal,2,Female,9,20-24 years,498,Hypertensive heart disease,102,High alcohol use,1,Number,2016,0.002233699111692635,0.005897591355541878,0.00030782914533450167
1,All Population,1,Deaths,4852,Haryana,1,Male,9,20-24 years,493,Ischemic heart disease,102,High alcohol use,1,Number,2015,-1.4173154836375277,1.2715110576229258,-4.438876848709015
1,All Population,1,Deaths,4852,Haryana,2,Female,9,20-24 years,493,Ischemic heart disease,102,High alcohol use,1,Number,2015,-0.01803235360515852,0.018645778736501386,-0.06545952392842598
1,All Population,1,Deaths,4854,Jammu & Kashmir and Ladakh,1,Male,9,20-24 years,498,Hypertensive heart disease,102,High alcohol use,1,Number,2015,0.013952453361560022,0.031496617052182256,0.004786946269419928
1,All Population,1,Deaths,4854,Jammu & Kashmir and Ladakh,2,Female,9,20-24 years,498,Hypertensive heart disease,102,High alcohol use,1,Number,2015,0.00012529813408671006,0.0003886880813761093,1.7282298788154437e-05
1,All Population,1,Deaths,4846,Chhattisgarh,1,Male,9,20-24 years,494,Stroke,332,Chewing tobacco,1,Number,2017,7.590187407897249,14.206547183854182,3.203444289237401
1,All Population,1,Deaths,4846,Chhattisgarh,2,Female,9,20-24 years,494,Stroke,332,Chewing tobacco,1,Number,2017,1.752636748549037,4.119796379401582,0.5843897832563469
1,All Population,1,Deaths,4852,Haryana,1,Male,9,20-24 years,494,Stroke,102,High alcohol use,1,Number,2015,-0.003962005318796463,0.16251857645012902,-0.13268634770978865
1,All Population,1,Deaths,4852,Haryana,2,Female,9,20-24 years,494,Stroke,102,High alcohol use,1,Number,2015,-0.0010478627782127652,0.0017275262059995814,-0.0038419397269382986
1,All Population,1,Deaths,4850,Goa,1,Male,9,20-24 years,494,Stroke,332,Chewing tobacco,1,Number,2015,0.054841213069736765,0.12666399661088645,0.015528661825652422
1,All Population,1,Deaths,4850,Goa,2,Female,9,20-24 years,494,Stroke,332,Chewing tobacco,1,Number,2015,0.004755492722628575,0.015668703870338266,0.001220674655576003
1,All Population,1,Deaths,44538,Other Union Territories,1,Male,9,20-24 years,494,Stroke,332,Chewing tobacco,1,Number,2016,0.09606289118110252,0.2069457823176969,0.03371559020333534
1,All Population,1,Deaths,44538,Other Union Territories,2,Female,9,20-24 years,494,Stroke,332,Chewing tobacco,1,Number,2016,0.010343996383625619,0.030513344610365575,0.002870063865207641
1,All Population,1,Deaths,4843,Assam,1,Male,9,20-24 years,494,Stroke,332,Chewing tobacco,1,Number,2015,6.305213946155983,11.462716089592941,2.913478509295807
1,All Population,1,Deaths,4843,Assam,2,Female,9,20-24 years,494,Stroke,332,Chewing tobacco,1,Number,2015,2.022366321619412,4.402516683937619,0.7552124855280362
1,All Population,1,Deaths,4868,Rajasthan,1,Male,9,20-24 years,498,Hypertensive heart disease,102,High alcohol use,1,Number,2014,0.11921639535652437,0.2646362412603895,0.04310008609952529
1,All Population,1,Deaths,4868,Rajasthan,2,Female,9,20-24 years,498,Hypertensive heart disease,102,High alcohol use,1,Number,2014,0.0012739127712830894,0.0033394232662570513,0.0001902881534162636
1,All Population,1,Deaths,4842,Arunachal Pradesh,1,Male,9,20-24 years,493,Ischemic heart disease,102,High alcohol use,1,Number,2014,-0.13523746163203676,0.10711182182941376,-0.41534060135354933
1,All Population,1,Deaths,4842,Arunachal Pradesh,2,Female,9,20-24 years,493,Ischemic heart disease,102,High alcohol use,1,Number,2014,-0.018931810955389837,0.01919704965953531,-0.06902932344798758
1,All Population,1,Deaths,4844,Bihar,1,Male,9,20-24 years,498,Hypertensive heart disease,102,High alcohol use,1,Number,2014,0.2607405528769537,0.5805284721685979,0.08864638796890413
1,All Population,1,Deaths,4844,Bihar,2,Female,9,20-24 years,498,Hypertensive heart disease,102,High alcohol use,1,Number,2014,0.0012948714240724347,0.0036948447478565008,0.00016459120857129122
1,All Population,1,Deaths,4874,Uttarakhand,1,Male,9,20-24 years,499,Cardiomyopathy and myocarditis,102,High alcohol use,1,Number,2015,0.09378494049904203,0.3213234867455568,0.013635632540155112
1,All Population,1,Deaths,4874,Uttarakhand,2,Female,9,20-24 years,499,Cardiomyopathy and myocarditis,102,High alcohol use,1,Number,2015,0.04695982223715979,0.281543456764062,0.004438532427420637
1,All Population,1,Deaths,4864,Nagaland,1,Male,9,20-24 years,498,Hypertensive heart disease,102,High alcohol use,1,Number,2016,0.010903435560657303,0.022124097757750025,0.004435356592269925
1,All Population,1,Deaths,4864,Nagaland,2,Female,9,20-24 years,498,Hypertensive heart disease,102,High alcohol use,1,Number,2016,0.0002632202923198447,0.0006794396162105365,4.485249637876725e-05
1,All Population,1,Deaths,4846,Chhattisgarh,1,Male,9,20-24 years,494,Stroke,102,High alcohol use,1,Number,2016,0.9157832915345269,3.087186138968968,-0.1293852631438548
1,All Population,1,Deaths,4846,Chhattisgarh,2,Female,9,20-24 years,494,Stroke,102,High alcohol use,1,Number,2016,-0.0129019052824489,0.02544524271188779,-0.050539063454859194
1,All Population,1,Deaths,4875,West Bengal,1,Male,9,20-24 years,494,Stroke,332,Chewing tobacco,1,Number,2014,9.504612359210176,18.52663757429228,3.885395371172172
1,All Population,1,Deaths,4875,West Bengal,2,Female,9,20-24 years,494,Stroke,332,Chewing tobacco,1,Number,2014,2.2827581926581346,5.676678000670379,0.7899932253304125
1,All Population,1,Deaths,4861,Manipur,1,Male,9,20-24 years,493,Ischemic heart disease,102,High alcohol use,1,Number,2017,-0.18202177890818438,0.1645811724416396,-0.5996824589137824
1,All Population,1,Deaths,4861,Manipur,2,Female,9,20-24 years,493,Ischemic heart disease,102,High alcohol use,1,Number,2017,-0.015960404897828434,0.015593743766326735,-0.05438115933439861
1,All Population,1,Deaths,4863,Mizoram,1,Male,9,20-24 years,494,Stroke,332,Chewing tobacco,1,Number,2014,0.029756703644663016,0.06268845960888218,0.011286864901193227
1,All Population,1,Deaths,4863,Mizoram,2,Female,9,20-24 years,494,Stroke,332,Chewing tobacco,1,Number,2014,0.038720897528476746,0.081040032886844,0.014920837364721348
1,All Population,1,Deaths,4850,Goa,1,Male,9,20-24 years,494,Stroke,102,High alcohol use,1,Number,2017,0.02659635350320477,0.0876438061254111,-0.0042008875740907215
1,All Population,1,Deaths,4850,Goa,2,Female,9,20-24 years,494,Stroke,102,High alcohol use,1,Number,2017,-0.000252202539339839,0.0004051794361404729,-0.0010471469414799512
1,All Population,1,Deaths,4854,Jammu & Kashmir and Ladakh,1,Male,9,20-24 years,498,Hypertensive heart disease,102,High alcohol use,1,Number,2017,0.01247238834202297,0.027715136175843896,0.004312136280665294
1,All Population,1,Deaths,4854,Jammu & Kashmir and Ladakh,2,Female,9,20-24 years,498,Hypertensive heart disease,102,High alcohol use,1,Number,2017,0.00012740168405065447,0.0003650544608304643,1.8199435359237267e-05
1,All Population,1,Deaths,4872,Tripura,1,Male,9,20-24 years,494,Stroke,332,Chewing tobacco,1,Number,2017,0.46605176117932723,0.8951379220509305,0.17400535956675425
1,All Population,1,Deaths,4872,Tripura,2,Female,9,20-24 years,494,Stroke,332,Chewing tobacco,1,Number,2017,0.5449072921622493,1.1034105982975506,0.22784929024848757
1,All Population,1,Deaths,4867,Punjab,1,Male,9,20-24 years,499,Cardiomyopathy and myocarditis,102,High alcohol use,1,Number,2015,0.1901699812768319,0.7479725252859815,0.03499622952442182
1,All Population,1,Deaths,4867,Punjab,2,Female,9,20-24 years,499,Cardiomyopathy and myocarditis,102,High alcohol use,1,Number,2015,0.08477181620927038,0.2613020813133841,0.010754209694997791
1,All Population,1,Deaths,44538,Other Union Territories,1,Male,9,20-24 years,499,Cardiomyopathy and myocarditis,102,High alcohol use,1,Number,2016,0.023527587525803285,0.0774702728375509,0.00466094805092714
1,All Population,1,Deaths,44538,Other Union Territories,2,Female,9,20-24 years,499,Cardiomyopathy and myocarditis,102,High alcohol use,1,Number,2016,0.006541698323153356,0.025197148570212245,0.0008315529184278754
1,All Population,1,Deaths,4869,Sikkim,1,Male,9,20-24 years,494,Stroke,332,Chewing tobacco,1,Number,2015,0.019995924459332404,0.04226816815542349,0.006161929175250679
1,All Population,1,Deaths,4869,Sikkim,2,Female,9,20-24 years,494,Stroke,332,Chewing tobacco,1,Number,2015,0.00378932362029476,0.010807210668019995,0.0009328205270011911
1,All Population,1,Deaths,4850,Goa,1,Male,9,20-24 years,494,Stroke,102,High alcohol use,1,Number,2015,0.027532112289458986,0.09107635973306931,-0.004209429464194584
1,All Population,1,Deaths,4850,Goa,2,Female,9,20-24 years,494,Stroke,102,High alcohol use,1,Number,2015,-0.00024419325610411483,0.0004874535781756818,-0.0010221358800821822
1,All Population,1,Deaths,4860,Maharashtra,1,Male,9,20-24 years,494,Stroke,332,Chewing tobacco,1,Number,2015,9.334650419888403,15.864928392343115,4.115737474916705
1,All Population,1,Deaths,4860,Maharashtra,2,Female,9,20-24 years,494,Stroke,332,Chewing tobacco,1,Number,2015,1.733032303362796,4.618356579002073,0.46978393742585506
1,All Population,1,Deaths,4859,Madhya Pradesh,1,Male,9,20-24 years,494,Stroke,332,Chewing tobacco,1,Number,2016,8.481675039097638,16.32383985338076,3.3002758115488238
1,All Population,1,Deaths,4859,Madhya Pradesh,2,Female,9,20-24 years,494,Stroke,332,Chewing tobacco,1,Number,2016,1.8947527866782563,4.476246349943445,0.6490602501797335
1,All Population,1,Deaths,4870,Tamil Nadu,1,Male,9,20-24 years,494,Stroke,102,High alcohol use,1,Number,2015,0.7946805914554605,2.515598113544402,-0.13067271780165016
1,All Population,1,Deaths,4870,Tamil Nadu,2,Female,9,20-24 years,494,Stroke,102,High alcohol use,1,Number,2015,-0.0014499282032387954,0.0029014585798443574,-0.006038607156802076
1,All Population,1,Deaths,4843,Assam,1,Male,9,20-24 years,499,Cardiomyopathy and myocarditis,102,High alcohol use,1,Number,2017,0.16985317626843405,0.5572037142876193,0.02868471673450483
1,All Population,1,Deaths,4843,Assam,2,Female,9,20-24 years,499,Cardiomyopathy and myocarditis,102,High alcohol use,1,Number,2017,0.07343513564499124,0.33238575427581785,0.00826797997023138
1,All Population,1,Deaths,4861,Manipur,1,Male,9,20-24 years,494,Stroke,102,High alcohol use,1,Number,2016,0.03951975582288844,0.1297046022730598,-0.005586835675594315
1,All Population,1,Deaths,4861,Manipur,2,Female,9,20-24 years,494,Stroke,102,High alcohol use,1,Number,2016,-0.0007941843875039791,0.0014511173224877078,-0.002826985521052568
1,All Population,1,Deaths,4841,Andhra Pradesh,1,Male,9,20-24 years,494,Stroke,332,Chewing tobacco,1,Number,2015,0.6958282429864291,1.3313351984473467,0.2809028686048982
1,All Population,1,Deaths,4841,Andhra Pradesh,2,Female,9,20-24 years,494,Stroke,332,Chewing tobacco,1,Number,2015,0.14424506749682667,0.4252116796433347,0.031189997849347423
1,All Population,1,Deaths,4871,Telangana,1,Male,9,20-24 years,494,Stroke,332,Chewing tobacco,1,Number,2015,1.1116603454848197,2.612123075086513,0.33586699288142474
1,All Population,1,Deaths,4871,Telangana,2,Female,9,20-24 years,494,Stroke,332,Chewing tobacco,1,Number,2015,0.22713119702258996,0.6248432534641257,0.057489150695946525
1,All Population,1,Deaths,4862,Meghalaya,1,Male,9,20-24 years,498,Hypertensive heart disease,102,High alcohol use,1,Number,2014,0.01735227752708307,0.03714480737347119,0.006918446266124391
1,All Population,1,Deaths,4862,Meghalaya,2,Female,9,20-24 years,498,Hypertensive heart disease,102,High alcohol use,1,Number,2014,0.0001879532806587362,0.0004861716342564525,2.6736408765075648e-05
1,All Population,1,Deaths,4865,Odisha,1,Male,9,20-24 years,494,Stroke,332,Chewing tobacco,1,Number,2014,6.563868561111022,12.470271623446406,3.193323856149698
1,All Population,1,Deaths,4865,Odisha,2,Female,9,20-24 years,494,Stroke,332,Chewing tobacco,1,Number,2014,2.179750511690467,4.973619995589642,0.7343680209060206
1,All Population,1,Deaths,4851,Gujarat,1,Male,9,20-24 years,499,Cardiomyopathy and myocarditis,102,High alcohol use,1,Number,2014,0.5728504023807203,2.014690115092826,0.09908947099082144
1,All Population,1,Deaths,4851,Gujarat,2,Female,9,20-24 years,499,Cardiomyopathy and myocarditis,102,High alcohol use,1,Number,2014,0.13896604466943902,0.5294301696170307,0.016622880659163702
1,All Population,1,Deaths,4852,Haryana,1,Male,9,20-24 years,493,Ischemic heart disease,102,High alcohol use,1,Number,2017,-1.1308390864805533,0.9023917015777051,-3.5050070364719543
1,All Population,1,Deaths,4852,Haryana,2,Female,9,20-24 years,493,Ischemic heart disease,102,High alcohol use,1,Number,2017,-0.014615329593730221,0.01453044380951352,-0.05510384610736844
1,All Population,1,Deaths,4860,Maharashtra,1,Male,9,20-24 years,494,Stroke,332,Chewing tobacco,1,Number,2017,9.212979075066274,16.695550737911816,3.982637133438551
1,All Population,1,Deaths,4860,Maharashtra,2,Female,9,20-24 years,494,Stroke,332,Chewing tobacco,1,Number,2017,1.12528929507205,2.9507051108122124,0.3242397967423326
1,All Population,1,Deaths,4867,Punjab,1,Male,9,20-24 years,494,Stroke,332,Chewing tobacco,1,Number,2015,0.5238977122083244,1.244479343859901,0.1532419921461737
1,All Population,1,Deaths,4867,Punjab,2,Female,9,20-24 years,494,Stroke,332,Chewing tobacco,1,Number,2015,0.0415226498227704,0.12348197198730598,0.011105327687389324
1,All Population,1,Deaths,4843,Assam,1,Male,9,20-24 years,494,Stroke,332,Chewing tobacco,1,Number,2016,5.259303626645112,9.700041053796099,2.399805215205144
1,All Population,1,Deaths,4843,Assam,2,Female,9,20-24 years,494,Stroke,332,Chewing tobacco,1,Number,2016,1.7301540674878624,3.748126251536246,0.6470386387792588
1,All Population,1,Deaths,4854,Jammu & Kashmir and Ladakh,1,Male,9,20-24 years,494,Stroke,102,High alcohol use,1,Number,2015,0.017085442750304138,0.056997187935801136,-0.0024609384390309086
1,All Population,1,Deaths,4854,Jammu & Kashmir and Ladakh,2,Female,9,20-24 years,494,Stroke,102,High alcohol use,1,Number,2015,-0.00013008102587788075,0.00024428664306462897,-0.0005520049860434116
1,All Population,1,Deaths,4868,Rajasthan,1,Male,9,20-24 years,498,Hypertensive heart disease,102,High alcohol use,1,Number,2016,0.11753922161224904,0.2521469898782025,0.042865594093701734
1,All Population,1,Deaths,4868,Rajasthan,2,Female,9,20-24 years,498,Hypertensive heart disease,102,High alcohol use,1,Number,2016,0.001444894354836767,0.0036162033174141927,0.0002269979578889454
1,All Population,1,Deaths,4865,Odisha,1,Male,9,20-24 years,499,Cardiomyopathy and myocarditis,102,High alcohol use,1,Number,2016,0.1868437731414279,0.6638187756839768,0.030518481149802035
1,All Population,1,Deaths,4865,Odisha,2,Female,9,20-24 years,499,Cardiomyopathy and myocarditis,102,High alcohol use,1,Number,2016,0.08290655230422751,0.41729873590985933,0.008426076952819179
1,All Population,1,Deaths,4841,Andhra Pradesh,1,Male,9,20-24 years,499,Cardiomyopathy and myocarditis,102,High alcohol use,1,Number,2017,0.2610696923679417,0.9264472139085491,0.05392113188611605
1,All Population,1,Deaths,4841,Andhra Pradesh,2,Female,9,20-24 years,499,Cardiomyopathy and myocarditis,102,High alcohol use,1,Number,2017,0.07257062192944104,0.26943231580672894,0.00970575082347039
1,All Population,1,Deaths,4856,Karnataka,1,Male,9,20-24 years,499,Cardiomyopathy and myocarditis,102,High alcohol use,1,Number,2014,0.49069680846180597,1.628157440792432,0.08440941504654526
1,All Population,1,Deaths,4856,Karnataka,2,Female,9,20-24 years,499,Cardiomyopathy and myocarditis,102,High alcohol use,1,Number,2014,0.10017252713174855,0.34187306080425917,0.01170412033758074
1,All Population,1,Deaths,4861,Manipur,1,Male,9,20-24 years,493,Ischemic heart disease,102,High alcohol use,1,Number,2016,-0.18023545284386253,0.15890482853857238,-0.5713125817319189
1,All Population,1,Deaths,4861,Manipur,2,Female,9,20-24 years,493,Ischemic heart disease,102,High alcohol use,1,Number,2016,-0.01434265484729398,0.01368665651830272,-0.05080170558332407
1,All Population,1,Deaths,4863,Mizoram,1,Male,9,20-24 years,498,Hypertensive heart disease,102,High alcohol use,1,Number,2016,0.0028590872069377774,0.006036506402055114,0.0011416094452387016
1,All Population,1,Deaths,4863,Mizoram,2,Female,9,20-24 years,498,Hypertensive heart disease,102,High alcohol use,1,Number,2016,0.00010941504687815817,0.0002585405072815603,1.6112144469480372e-05
1,All Population,1,Deaths,4870,Tamil Nadu,1,Male,9,20-24 years,499,Cardiomyopathy and myocarditis,102,High alcohol use,1,Number,2017,0.4219775523405772,1.365108918163369,0.07748249574424426
1,All Population,1,Deaths,4870,Tamil Nadu,2,Female,9,20-24 years,499,Cardiomyopathy and myocarditis,102,High alcohol use,1,Number,2017,0.12285877478282164,0.4643092951064512,0.01683063530350584
1,All Population,1,Deaths,4850,Goa,1,Male,9,20-24 years,493,Ischemic heart disease,102,High alcohol use,1,Number,2016,-0.35053823524426325,0.3186907174756731,-1.0379617010288322
1,All Population,1,Deaths,4850,Goa,2,Female,9,20-24 years,493,Ischemic heart disease,102,High alcohol use,1,Number,2016,-0.007458536434938826,0.007679832064840948,-0.02389470918836623
1,All Population,1,Deaths,4852,Haryana,1,Male,9,20-24 years,498,Hypertensive heart disease,102,High alcohol use,1,Number,2016,0.06442643436796298,0.14878167406332204,0.015981873354612302
1,All Population,1,Deaths,4852,Haryana,2,Female,9,20-24 years,498,Hypertensive heart disease,102,High alcohol use,1,Number,2016,0.00044918050071683977,0.0011815304119377878,5.891655066014091e-05
1,All Population,1,Deaths,4852,Haryana,1,Male,9,20-24 years,499,Cardiomyopathy and myocarditis,102,High alcohol use,1,Number,2016,0.32301757210804266,1.1136941216263339,0.06079909343368498
1,All Population,1,Deaths,4852,Haryana,2,Female,9,20-24 years,499,Cardiomyopathy and myocarditis,102,High alcohol use,1,Number,2016,0.07856141717259571,0.35024623805110194,0.009974441368120339
1,All Population,1,Deaths,4841,Andhra Pradesh,1,Male,9,20-24 years,493,Ischemic heart disease,102,High alcohol use,1,Number,2017,-3.186948090467331,2.5866967921422805,-9.345133921517412
1,All Population,1,Deaths,4841,Andhra Pradesh,2,Female,9,20-24 years,493,Ischemic heart disease,102,High alcohol use,1,Number,2017,-0.0792441352191965,0.06473711736293021,-0.26831750017768585
1,All Population,1,Deaths,4873,Uttar Pradesh,1,Male,9,20-24 years,493,Ischemic heart disease,102,High alcohol use,1,Number,2017,-3.197301424306718,2.7647309013902026,-9.190580926197434
1,All Population,1,Deaths,4873,Uttar Pradesh,2,Female,9,20-24 years,493,Ischemic heart disease,102,High alcohol use,1,Number,2017,-0.0936154971600658,0.0729796369705329,-0.38862385151610357
1,All Population,1,Deaths,4875,West Bengal,1,Male,9,20-24 years,498,Hypertensive heart disease,102,High alcohol use,1,Number,2017,0.2088371599478222,0.43676727651086483,0.07807264979293527
1,All Population,1,Deaths,4875,West Bengal,2,Female,9,20-24 years,498,Hypertensive heart disease,102,High alcohol use,1,Number,2017,0.002297737195064953,0.006130550559311386,0.00032484574317796143
1,All Population,1,Deaths,4856,Karnataka,1,Male,9,20-24 years,494,Stroke,102,High alcohol use,1,Number,2017,0.40084953245425037,1.318899325780191,-0.06569721577893113
1,All Population,1,Deaths,4856,Karnataka,2,Female,9,20-24 years,494,Stroke,102,High alcohol use,1,Number,2017,-0.01397650866004002,0.020334616360780926,-0.058134681229687395
1,All Population,1,Deaths,4872,Tripura,1,Male,9,20-24 years,494,Stroke,332,Chewing tobacco,1,Number,2015,0.45108290676951074,0.8350137832297277,0.1808053320178379
1,All Population,1,Deaths,4872,Tripura,2,Female,9,20-24 years,494,Stroke,332,Chewing tobacco,1,Number,2015,0.42449437290740105,0.9510015251423294,0.16109299398940571
1,All Population,1,Deaths,4842,Arunachal Pradesh,1,Male,9,20-24 years,494,Stroke,332,Chewing tobacco,1,Number,2014,0.16955262068418106,0.30335356433205074,0.07978007064659515
1,All Population,1,Deaths,4842,Arunachal Pradesh,2,Female,9,20-24 years,494,Stroke,332,Chewing tobacco,1,Number,2014,0.06413954419845508,0.14500613998516707,0.024044496046669903
1,All Population,1,Deaths,4874,Uttarakhand,1,Male,9,20-24 years,498,Hypertensive heart disease,102,High alcohol use,1,Number,2015,0.04718174285651372,0.1047259196764245,0.015257494506066557
1,All Population,1,Deaths,4874,Uttarakhand,2,Female,9,20-24 years,498,Hypertensive heart disease,102,High alcohol use,1,Number,2015,0.0002072959397301491,0.0005990176695695604,2.6651216509516722e-05
1,All Population,1,Deaths,4843,Assam,1,Male,9,20-24 years,494,Stroke,332,Chewing tobacco,1,Number,2017,4.664591915168999,8.564251674155745,2.0950552970008474
1,All Population,1,Deaths,4843,Assam,2,Female,9,20-24 years,494,Stroke,332,Chewing tobacco,1,Number,2017,1.6574196842990994,3.647377223697544,0.6278931006876158
1,All Population,1,Deaths,4870,Tamil Nadu,1,Male,9,20-24 years,494,Stroke,332,Chewing tobacco,1,Number,2016,1.318808404494144,3.154775494488884,0.3918623532495573
1,All Population,1,Deaths,4870,Tamil Nadu,2,Female,9,20-24 years,494,Stroke,332,Chewing tobacco,1,Number,2016,0.235698769283512,0.6702090810069377,0.058595449262482606
1,All Population,1,Deaths,4859,Madhya Pradesh,1,Male,9,20-24 years,493,Ischemic heart disease,102,High alcohol use,1,Number,2015,-5.035466536580912,4.9889250125606335,-15.63157464044449
1,All Population,1,Deaths,4859,Madhya Pradesh,2,Female,9,20-24 years,493,Ischemic heart disease,102,High alcohol use,1,Number,2015,-0.12841720648368568,0.1154781302050428,-0.4660043429916576
1,All Population,1,Deaths,4871,Telangana,1,Male,9,20-24 years,494,Stroke,102,High alcohol use,1,Number,2016,0.5684216462337631,1.8357665506010248,-0.10775453902506033
1,All Population,1,Deaths,4871,Telangana,2,Female,9,20-24 years,494,Stroke,102,High alcohol use,1,Number,2016,-0.005924311915771407,0.011030128013172068,-0.02209069759350845
1,All Population,1,Deaths,4874,Uttarakhand,1,Male,9,20-24 years,498,Hypertensive heart disease,102,High alcohol use,1,Number,2014,0.04809553138919558,0.1067402226788097,0.015605421130868763
1,All Population,1,Deaths,4874,Uttarakhand,2,Female,9,20-24 years,498,Hypertensive heart disease,102,High alcohol use,1,Number,2014,0.0002055149922033716,0.0005879908860417646,2.794902886218697e-05
1,All Population,1,Deaths,44538,Other Union Territories,1,Male,9,20-24 years,498,Hypertensive heart disease,102,High alcohol use,1,Number,2014,0.013062176392248673,0.02778150159721035,0.005209048308140327
1,All Population,1,Deaths,44538,Other Union Territories,2,Female,9,20-24 years,498,Hypertensive heart disease,102,High alcohol use,1,Number,2014,0.00010683467152995198,0.0003140405615569558,1.4718907159998728e-05
1,All Population,1,Deaths,4873,Uttar Pradesh,1,Male,9,20-24 years,494,Stroke,102,High alcohol use,1,Number,2014,-0.020457625518177324,0.581746685798978,-0.6227345843969686
1,All Population,1,Deaths,4873,Uttar Pradesh,2,Female,9,20-24 years,494,Stroke,102,High alcohol use,1,Number,2014,-0.006116376829402012,0.008367885743639808,-0.028018555421870994
1,All Population,1,Deaths,4861,Manipur,1,Male,9,20-24 years,494,Stroke,332,Chewing tobacco,1,Number,2017,0.4192032563905681,0.7897113575687684,0.1739061050232863
1,All Population,1,Deaths,4861,Manipur,2,Female,9,20-24 years,494,Stroke,332,Chewing tobacco,1,Number,2017,0.31730120821345387,0.5917060780092216,0.14125059714763502
1,All Population,1,Deaths,4868,Rajasthan,1,Male,9,20-24 years,493,Ischemic heart disease,102,High alcohol use,1,Number,2016,-1.9656214749146486,1.7720926615324657,-6.619965183768865
1,All Population,1,Deaths,4868,Rajasthan,2,Female,9,20-24 years,493,Ischemic heart disease,102,High alcohol use,1,Number,2016,-0.04851412997199019,0.03390940775894564,-0.18198398520432704
1,All Population,1,Deaths,4863,Mizoram,1,Male,9,20-24 years,494,Stroke,332,Chewing tobacco,1,Number,2017,0.030390053456947473,0.06673386045649418,0.01020497456018591
1,All Population,1,Deaths,4863,Mizoram,2,Female,9,20-24 years,494,Stroke,332,Chewing tobacco,1,Number,2017,0.0430992985333668,0.09652579218480936,0.016962839226734694
1,All Population,1,Deaths,4841,Andhra Pradesh,1,Male,9,20-24 years,493,Ischemic heart disease,102,High alcohol use,1,Number,2016,-3.3812921478503353,2.917890557321241,-9.71295086815598
1,All Population,1,Deaths,4841,Andhra Pradesh,2,Female,9,20-24 years,493,Ischemic heart disease,102,High alcohol use,1,Number,2016,-0.08589217425735918,0.0707551519164847,-0.3160878906231356
1,All Population,1,Deaths,4870,Tamil Nadu,1,Male,9,20-24 years,499,Cardiomyopathy and myocarditis,102,High alcohol use,1,Number,2014,0.5456988210566752,1.972065777830625,0.09394114879194534
1,All Population,1,Deaths,4870,Tamil Nadu,2,Female,9,20-24 years,499,Cardiomyopathy and myocarditis,102,High alcohol use,1,Number,2014,0.1553056639115507,0.5719695321919813,0.023017220182258564
1,All Population,1,Deaths,4867,Punjab,1,Male,9,20-24 years,498,Hypertensive heart disease,102,High alcohol use,1,Number,2016,0.10302817012318868,0.2169207339577885,0.041958406935422334
1,All Population,1,Deaths,4867,Punjab,2,Female,9,20-24 years,498,Hypertensive heart disease,102,High alcohol use,1,Number,2016,0.0004378412070025019,0.0011640873780900916,6.873103810463487e-05
1,All Population,1,Deaths,4870,Tamil Nadu,1,Male,9,20-24 years,498,Hypertensive heart disease,102,High alcohol use,1,Number,2014,0.4118168844459023,0.8079147272576663,0.17567955358899132
1,All Population,1,Deaths,4870,Tamil Nadu,2,Female,9,20-24 years,498,Hypertensive heart disease,102,High alcohol use,1,Number,2014,0.000761421032381502,0.0023103584180876957,9.816106322659133e-05
1,All Population,1,Deaths,4872,Tripura,1,Male,9,20-24 years,494,Stroke,102,High alcohol use,1,Number,2016,0.057090769017605604,0.19725241997127213,-0.00821529585107806
1,All Population,1,Deaths,4872,Tripura,2,Female,9,20-24 years,494,Stroke,102,High alcohol use,1,Number,2016,-0.001511039427081025,0.002918282426780851,-0.005745652765589121
1,All Population,1,Deaths,4874,Uttarakhand,1,Male,9,20-24 years,493,Ischemic heart disease,102,High alcohol use,1,Number,2014,-1.1892467501323756,1.125763320728677,-3.9956258644795035
1,All Population,1,Deaths,4874,Uttarakhand,2,Female,9,20-24 years,493,Ischemic heart disease,102,High alcohol use,1,Number,2014,-0.009846649675057259,0.009687227236024117,-0.03855388862318892
1,All Population,1,Deaths,4854,Jammu & Kashmir and Ladakh,1,Male,9,20-24 years,494,Stroke,102,High alcohol use,1,Number,2017,0.01505259472507053,0.05034078308132926,-0.001961543930674725
1,All Population,1,Deaths,4854,Jammu & Kashmir and Ladakh,2,Female,9,20-24 years,494,Stroke,102,High alcohol use,1,Number,2017,-0.000126731657186975,0.0002108058761268275,-0.0005186845838464901
1,All Population,1,Deaths,4873,Uttar Pradesh,1,Male,9,20-24 years,498,Hypertensive heart disease,102,High alcohol use,1,Number,2017,0.2640439931015978,0.5896446209746681,0.09411639812278239
1,All Population,1,Deaths,4873,Uttar Pradesh,2,Female,9,20-24 years,498,Hypertensive heart disease,102,High alcohol use,1,Number,2017,0.002827216273188698,0.007977186054824875,0.00038138869897202726
1,All Population,1,Deaths,4859,Madhya Pradesh,1,Male,9,20-24 years,493,Ischemic heart disease,102,High alcohol use,1,Number,2017,-4.509563260725102,4.106542392591883,-14.37243904162622
1,All Population,1,Deaths,4859,Madhya Pradesh,2,Female,9,20-24 years,493,Ischemic heart disease,102,High alcohol use,1,Number,2017,-0.12384055016806372,0.11587379956963467,-0.416160752836569
1,All Population,1,Deaths,4863,Mizoram,1,Male,9,20-24 years,494,Stroke,102,High alcohol use,1,Number,2017,0.005070345166260696,0.015952266058689938,-0.0006578242168578641
1,All Population,1,Deaths,4863,Mizoram,2,Female,9,20-24 years,494,Stroke,102,High alcohol use,1,Number,2017,-8.465092230730866e-05,0.00013650708938479857,-0.0003306476643873074
1,All Population,1,Deaths,4861,Manipur,1,Male,9,20-24 years,493,Ischemic heart disease,102,High alcohol use,1,Number,2014,-0.1784067594780684,0.16844447221762374,-0.5679134562395912
1,All Population,1,Deaths,4861,Manipur,2,Female,9,20-24 years,493,Ischemic heart disease,102,High alcohol use,1,Number,2014,-0.012684403973316667,0.01338712384670315,-0.045169087144631775
1,All Population,1,Deaths,4862,Meghalaya,1,Male,9,20-24 years,494,Stroke,332,Chewing tobacco,1,Number,2016,0.16182915174563403,0.3347348029050284,0.05232995119926649
1,All Population,1,Deaths,4862,Meghalaya,2,Female,9,20-24 years,494,Stroke,332,Chewing tobacco,1,Number,2016,0.1878951963828299,0.37145769088759156,0.0725383736339956
1,All Population,1,Deaths,4852,Haryana,1,Male,9,20-24 years,494,Stroke,102,High alcohol use,1,Number,2017,-0.0023466161322815765,0.16109447266713256,-0.11872391822314818
1,All Population,1,Deaths,4852,Haryana,2,Female,9,20-24 years,494,Stroke,102,High alcohol use,1,Number,2017,-0.0010554437595860118,0.0015046454240445132,-0.004074536057149414
1,All Population,1,Deaths,4871,Telangana,1,Male,9,20-24 years,494,Stroke,102,High alcohol use,1,Number,2017,0.5645879606560175,1.904576417714699,-0.10004596742499644
1,All Population,1,Deaths,4871,Telangana,2,Female,9,20-24 years,494,Stroke,102,High alcohol use,1,Number,2017,-0.0061006175286748366,0.009319497435747936,-0.02348848775337704
1,All Population,1,Deaths,4868,Rajasthan,1,Male,9,20-24 years,494,Stroke,102,High alcohol use,1,Number,2016,0.15232447162396448,0.5031355599499926,-0.016522190126377206
1,All Population,1,Deaths,4868,Rajasthan,2,Female,9,20-24 years,494,Stroke,102,High alcohol use,1,Number,2016,-0.002133380063460281,0.002550819893820591,-0.008338185310020663
1,All Population,1,Deaths,4853,Himachal Pradesh,1,Male,9,20-24 years,494,Stroke,332,Chewing tobacco,1,Number,2014,0.08381869143040468,0.19270952211592365,0.027600882427758516
1,All Population,1,Deaths,4853,Himachal Pradesh,2,Female,9,20-24 years,494,Stroke,332,Chewing tobacco,1,Number,2014,0.005694777147552775,0.01614302425638425,0.0012672559612712376
1,All Population,1,Deaths,4867,Punjab,1,Male,9,20-24 years,493,Ischemic heart disease,102,High alcohol use,1,Number,2017,-5.509943456984897,4.97700368060028,-17.32887351378797
1,All Population,1,Deaths,4867,Punjab,2,Female,9,20-24 years,493,Ischemic heart disease,102,High alcohol use,1,Number,2017,-0.03472301015454169,0.03967432736265288,-0.11945989919591984
1,All Population,1,Deaths,4860,Maharashtra,1,Male,9,20-24 years,499,Cardiomyopathy and myocarditis,102,High alcohol use,1,Number,2017,0.6826674555756498,2.1651111786849144,0.14223800972136483
1,All Population,1,Deaths,4860,Maharashtra,2,Female,9,20-24 years,499,Cardiomyopathy and myocarditis,102,High alcohol use,1,Number,2017,0.1478741151143071,0.54593438242818,0.02172926720590675
1,All Population,1,Deaths,4872,Tripura,1,Male,9,20-24 years,499,Cardiomyopathy and myocarditis,102,High alcohol use,1,Number,2014,0.021264737126913798,0.07639640496344893,0.003943177952753469
1,All Population,1,Deaths,4872,Tripura,2,Female,9,20-24 years,499,Cardiomyopathy and myocarditis,102,High alcohol use,1,Number,2014,0.007555685622137757,0.03190483602084653,0.0008868499065509985
1,All Population,1,Deaths,4874,Uttarakhand,1,Male,9,20-24 years,494,Stroke,332,Chewing tobacco,1,Number,2016,0.42169719163955777,0.9133927157852987,0.12674766672173693
1,All Population,1,Deaths,4874,Uttarakhand,2,Female,9,20-24 years,494,Stroke,332,Chewing tobacco,1,Number,2016,0.029764731474543907,0.08257410020560779,0.006064058380819409
1,All Population,1,Deaths,44538,Other Union Territories,1,Male,9,20-24 years,494,Stroke,332,Chewing tobacco,1,Number,2015,0.10222268794955318,0.2281117456508679,0.035182636222179986
1,All Population,1,Deaths,44538,Other Union Territories,2,Female,9,20-24 years,494,Stroke,332,Chewing tobacco,1,Number,2015,0.010840263886082299,0.034362787224199345,0.0028216629138630963
1,All Population,1,Deaths,4859,Madhya Pradesh,1,Male,9,20-24 years,493,Ischemic heart disease,102,High alcohol use,1,Number,2016,-4.856778198235106,4.598196293316183,-15.209271055903036
1,All Population,1,Deaths,4859,Madhya Pradesh,2,Female,9,20-24 years,493,Ischemic heart disease,102,High alcohol use,1,Number,2016,-0.12105185877459446,0.11096357904008791,-0.4483423829338699
1,All Population,1,Deaths,4861,Manipur,1,Male,9,20-24 years,498,Hypertensive heart disease,102,High alcohol use,1,Number,2014,0.013655043700665035,0.029427646809679558,0.0053391181240541475
1,All Population,1,Deaths,4861,Manipur,2,Female,9,20-24 years,498,Hypertensive heart disease,102,High alcohol use,1,Number,2014,0.00031272863638281013,0.0008046312643598954,4.350883530495357e-05
1,All Population,1,Deaths,4861,Manipur,1,Male,9,20-24 years,494,Stroke,332,Chewing tobacco,1,Number,2015,0.456193321318172,0.8269134129087361,0.19386191271639322
1,All Population,1,Deaths,4861,Manipur,2,Female,9,20-24 years,494,Stroke,332,Chewing tobacco,1,Number,2015,0.315281140849917,0.666831800266847,0.13449185984976328
1,All Population,1,Deaths,4850,Goa,1,Male,9,20-24 years,493,Ischemic heart disease,102,High alcohol use,1,Number,2017,-0.3540556694242673,0.2964010562669049,-1.0394122004995783
1,All Population,1,Deaths,4850,Goa,2,Female,9,20-24 years,493,Ischemic heart disease,102,High alcohol use,1,Number,2017,-0.007898582958968888,0.008359967699809815,-0.025288157137866973
1,All Population,1,Deaths,4863,Mizoram,1,Male,9,20-24 years,494,Stroke,102,High alcohol use,1,Number,2015,0.004227433678687947,0.01395907165842556,-0.0006317408138683653
1,All Population,1,Deaths,4863,Mizoram,2,Female,9,20-24 years,494,Stroke,102,High alcohol use,1,Number,2015,-6.0055194600647066e-05,0.00010654872330768662,-0.00024065710427358662
1,All Population,1,Deaths,4846,Chhattisgarh,1,Male,9,20-24 years,494,Stroke,102,High alcohol use,1,Number,2017,0.925701815017939,3.1313138059301098,-0.12855051211254698
1,All Population,1,Deaths,4846,Chhattisgarh,2,Female,9,20-24 years,494,Stroke,102,High alcohol use,1,Number,2017,-0.01270450959162973,0.02020140325790004,-0.05097714514920654
1,All Population,1,Deaths,4875,West Bengal,1,Male,9,20-24 years,494,Stroke,102,High alcohol use,1,Number,2017,0.6734432150659188,2.2024492493133616,-0.09024236031048802
1,All Population,1,Deaths,4875,West Bengal,2,Female,9,20-24 years,494,Stroke,102,High alcohol use,1,Number,2017,-0.006185686210216676,0.008631672555237523,-0.025416593880279746
1,All Population,1,Deaths,4854,Jammu & Kashmir and Ladakh,1,Male,9,20-24 years,494,Stroke,332,Chewing tobacco,1,Number,2016,0.11174635407901894,0.270087464285345,0.03308690342303712
1,All Population,1,Deaths,4854,Jammu & Kashmir and Ladakh,2,Female,9,20-24 years,494,Stroke,332,Chewing tobacco,1,Number,2016,0.010844682009894756,0.03229228115336375,0.0026273432992014825
1,All Population,1,Deaths,4857,Kerala,1,Male,9,20-24 years,494,Stroke,332,Chewing tobacco,1,Number,2017,0.5610691583014946,1.290954058800118,0.1555329618571942
1,All Population,1,Deaths,4857,Kerala,2,Female,9,20-24 years,494,Stroke,332,Chewing tobacco,1,Number,2017,0.05222795054369708,0.13935956881933778,0.015842789814711718
1,All Population,1,Deaths,4868,Rajasthan,1,Male,9,20-24 years,499,Cardiomyopathy and myocarditis,102,High alcohol use,1,Number,2014,0.5112124127950491,1.9316795950099235,0.09098415410795176
1,All Population,1,Deaths,4868,Rajasthan,2,Female,9,20-24 years,499,Cardiomyopathy and myocarditis,102,High alcohol use,1,Number,2014,0.13165028772388532,0.5468636527997354,0.015485012804071871
1,All Population,1,Deaths,4869,Sikkim,1,Male,9,20-24 years,498,Hypertensive heart disease,102,High alcohol use,1,Number,2017,0.003063931792651729,0.0060810377983172926,0.001113926119906847
1,All Population,1,Deaths,4869,Sikkim,2,Female,9,20-24 years,498,Hypertensive heart disease,102,High alcohol use,1,Number,2017,0.00028995592448810304,0.0007916506319862911,4.5711942056743306e-05
1,All Population,1,Deaths,4853,Himachal Pradesh,1,Male,9,20-24 years,498,Hypertensive heart disease,102,High alcohol use,1,Number,2017,0.01432482283460952,0.029340865970170073,0.005333137031212146
1,All Population,1,Deaths,4853,Himachal Pradesh,2,Female,9,20-24 years,498,Hypertensive heart disease,102,High alcohol use,1,Number,2017,9.752640310178821e-05,0.0002797194933790551,1.4354291925208318e-05
1,All Population,1,Deaths,4870,Tamil Nadu,1,Male,9,20-24 years,493,Ischemic heart disease,102,High alcohol use,1,Number,2014,-9.297137714401378,9.714718416232799,-30.165057024318994
1,All Population,1,Deaths,4870,Tamil Nadu,2,Female,9,20-24 years,493,Ischemic heart disease,102,High alcohol use,1,Number,2014,-0.03372000582063985,0.03344268844008348,-0.1357011949590647
1,All Population,1,Deaths,4859,Madhya Pradesh,1,Male,9,20-24 years,498,Hypertensive heart disease,102,High alcohol use,1,Number,2015,0.27633510328647654,0.6248132601864408,0.10082745939105149
1,All Population,1,Deaths,4859,Madhya Pradesh,2,Female,9,20-24 years,498,Hypertensive heart disease,102,High alcohol use,1,Number,2015,0.0022808313072727477,0.005349100183552454,0.0004228897415291421
1,All Population,1,Deaths,4857,Kerala,1,Male,9,20-24 years,494,Stroke,102,High alcohol use,1,Number,2016,0.21518529155896593,0.6672200136005361,-0.03295348270401238
1,All Population,1,Deaths,4857,Kerala,2,Female,9,20-24 years,494,Stroke,102,High alcohol use,1,Number,2016,-0.0015912906607001317,0.0022274716978152036,-0.006130893185464307
1,All Population,1,Deaths,4850,Goa,1,Male,9,20-24 years,494,Stroke,332,Chewing tobacco,1,Number,2017,0.0458966674165564,0.11120110821788466,0.012050277673354915
1,All Population,1,Deaths,4850,Goa,2,Female,9,20-24 years,494,Stroke,332,Chewing tobacco,1,Number,2017,0.0037454475555197433,0.011663192941308359,0.0009231396524761843
1,All Population,1,Deaths,4874,Uttarakhand,1,Male,9,20-24 years,494,Stroke,332,Chewing tobacco,1,Number,2017,0.3872241568074596,0.8458343431042809,0.10839179948915845
1,All Population,1,Deaths,4874,Uttarakhand,2,Female,9,20-24 years,494,Stroke,332,Chewing tobacco,1,Number,2017,0.02935697908925033,0.07759831578485256,0.006438523940347085
1,All Population,1,Deaths,4868,Rajasthan,1,Male,9,20-24 years,493,Ischemic heart disease,102,High alcohol use,1,Number,2014,-2.019075427783285,2.0225461694097344,-6.392735929463564
1,All Population,1,Deaths,4868,Rajasthan,2,Female,9,20-24 years,493,Ischemic heart disease,102,High alcohol use,1,Number,2014,-0.04444362833365219,0.031932802753590527,-0.17434276328222997
1,All Population,1,Deaths,4843,Assam,1,Male,9,20-24 years,499,Cardiomyopathy and myocarditis,102,High alcohol use,1,Number,2016,0.18489487653495326,0.665265760163734,0.028587081664873063
1,All Population,1,Deaths,4843,Assam,2,Female,9,20-24 years,499,Cardiomyopathy and myocarditis,102,High alcohol use,1,Number,2016,0.07311265423468322,0.3390167434343653,0.007724884720648274
1,All Population,1,Deaths,4865,Odisha,1,Male,9,20-24 years,494,Stroke,102,High alcohol use,1,Number,2014,0.5862021152011518,1.8186666118153345,-0.0855370127819467
1,All Population,1,Deaths,4865,Odisha,2,Female,9,20-24 years,494,Stroke,102,High alcohol use,1,Number,2014,-0.009526844040868716,0.016163383527662025,-0.038952535769181666
1,All Population,1,Deaths,4871,Telangana,1,Male,9,20-24 years,498,Hypertensive heart disease,102,High alcohol use,1,Number,2016,0.3084855672657854,0.66254817362464,0.12158760486508621
1,All Population,1,Deaths,4871,Telangana,2,Female,9,20-24 years,498,Hypertensive heart disease,102,High alcohol use,1,Number,2016,0.004215706023225338,0.011576316965134961,0.0006255947468578871
1,All Population,1,Deaths,4871,Telangana,1,Male,9,20-24 years,499,Cardiomyopathy and myocarditis,102,High alcohol use,1,Number,2016,0.35251703183666216,1.1623859878188774,0.0564431035445071
1,All Population,1,Deaths,4871,Telangana,2,Female,9,20-24 years,499,Cardiomyopathy and myocarditis,102,High alcohol use,1,Number,2016,0.0950738026689905,0.3828438053821534,0.011557302567632932
1,All Population,1,Deaths,4855,Jharkhand,1,Male,9,20-24 years,498,Hypertensive heart disease,102,High alcohol use,1,Number,2016,0.09056970545536171,0.20580028519505583,0.03637599881940383
1,All Population,1,Deaths,4855,Jharkhand,2,Female,9,20-24 years,498,Hypertensive heart disease,102,High alcohol use,1,Number,2016,0.0023931369719903265,0.007053115749099841,0.00029365343076122937
1,All Population,1,Deaths,4850,Goa,1,Male,9,20-24 years,499,Cardiomyopathy and myocarditis,102,High alcohol use,1,Number,2015,0.01350914416700636,0.055464477620938556,0.002568901281749307
1,All Population,1,Deaths,4850,Goa,2,Female,9,20-24 years,499,Cardiomyopathy and myocarditis,102,High alcohol use,1,Number,2015,0.0020736186680672002,0.008073689875561597,0.00032130185599781876
1,All Population,1,Deaths,4859,Madhya Pradesh,1,Male,9,20-24 years,499,Cardiomyopathy and myocarditis,102,High alcohol use,1,Number,2014,0.6836344172329208,2.428531858726995,0.11436285843855132
1,All Population,1,Deaths,4859,Madhya Pradesh,2,Female,9,20-24 years,499,Cardiomyopathy and myocarditis,102,High alcohol use,1,Number,2014,0.1941572155849245,0.7717733508155071,0.020845325739454204
1,All Population,1,Deaths,4846,Chhattisgarh,1,Male,9,20-24 years,493,Ischemic heart disease,102,High alcohol use,1,Number,2017,-4.458764056891925,3.142427634761499,-13.4689049649564
1,All Population,1,Deaths,4846,Chhattisgarh,2,Female,9,20-24 years,493,Ischemic heart disease,102,High alcohol use,1,Number,2017,-0.17104107081134373,0.1517276773631294,-0.5884869021959096
1,All Population,1,Deaths,4844,Bihar,1,Male,9,20-24 years,494,Stroke,332,Chewing tobacco,1,Number,2015,3.750402180083687,7.606325842930991,1.4447901122984577
1,All Population,1,Deaths,4844,Bihar,2,Female,9,20-24 years,494,Stroke,332,Chewing tobacco,1,Number,2015,0.3244971622490955,0.9787142707560967,0.06256018113036513
1,All Population,1,Deaths,4868,Rajasthan,1,Male,9,20-24 years,499,Cardiomyopathy and myocarditis,102,High alcohol use,1,Number,2017,0.4634923747122908,1.6325381496584177,0.08634839096198092
1,All Population,1,Deaths,4868,Rajasthan,2,Female,9,20-24 years,499,Cardiomyopathy and myocarditis,102,High alcohol use,1,Number,2017,0.12800455171382538,0.5777096536908605,0.018826869663366337
1,All Population,1,Deaths,4875,West Bengal,1,Male,9,20-24 years,494,Stroke,102,High alcohol use,1,Number,2016,0.753823495441021,2.5541286718227116,-0.10461495947397789
1,All Population,1,Deaths,4875,West Bengal,2,Female,9,20-24 years,494,Stroke,102,High alcohol use,1,Number,2016,-0.006441445178474777,0.009486532002149595,-0.02610116009852484
1,All Population,1,Deaths,4855,Jharkhand,1,Male,9,20-24 years,494,Stroke,102,High alcohol use,1,Number,2017,0.20499554145168367,0.6636143981163025,-0.0262928179586307
1,All Population,1,Deaths,4855,Jharkhand,2,Female,9,20-24 years,494,Stroke,102,High alcohol use,1,Number,2017,-0.0077462130224445706,0.013288482235610875,-0.0293855019478568
1,All Population,1,Deaths,4869,Sikkim,1,Male,9,20-24 years,499,Cardiomyopathy and myocarditis,102,High alcohol use,1,Number,2016,0.004917364515135829,0.01686185773725412,0.0009521151022502624
1,All Population,1,Deaths,4869,Sikkim,2,Female,9,20-24 years,499,Cardiomyopathy and myocarditis,102,High alcohol use,1,Number,2016,0.0014898536722342494,0.005575754805953643,0.00019226440206201203
1,All Population,1,Deaths,4873,Uttar Pradesh,1,Male,9,20-24 years,498,Hypertensive heart disease,102,High alcohol use,1,Number,2016,0.27007849086749935,0.6241244671063582,0.0890385268880771
1,All Population,1,Deaths,4873,Uttar Pradesh,2,Female,9,20-24 years,498,Hypertensive heart disease,102,High alcohol use,1,Number,2016,0.0025125610417802043,0.00708138148816062,0.00033679965883463424
1,All Population,1,Deaths,4867,Punjab,1,Male,9,20-24 years,494,Stroke,332,Chewing tobacco,1,Number,2017,0.4193042839490121,1.0468141256453496,0.11684931853458069
1,All Population,1,Deaths,4867,Punjab,2,Female,9,20-24 years,494,Stroke,332,Chewing tobacco,1,Number,2017,0.034470301267152656,0.10124155212886293,0.008789894125253453
1,All Population,1,Deaths,4859,Madhya Pradesh,1,Male,9,20-24 years,494,Stroke,102,High alcohol use,1,Number,2016,0.556919131595936,1.8358847058951553,-0.06965398359590155
1,All Population,1,Deaths,4859,Madhya Pradesh,2,Female,9,20-24 years,494,Stroke,102,High alcohol use,1,Number,2016,-0.006437689512727548,0.011114326000528987,-0.023191100858878082
1,All Population,1,Deaths,4874,Uttarakhand,1,Male,9,20-24 years,494,Stroke,102,High alcohol use,1,Number,2016,0.07598971127549346,0.2633283432607541,-0.01324391969035974
1,All Population,1,Deaths,4874,Uttarakhand,2,Female,9,20-24 years,494,Stroke,102,High alcohol use,1,Number,2016,-0.00034858477806466975,0.0004987757654213713,-0.0015086795784443477
1,All Population,1,Deaths,4856,Karnataka,1,Male,9,20-24 years,494,Stroke,332,Chewing tobacco,1,Number,2015,3.8044686834104358,7.974755731834623,1.5148736399375802
1,All Population,1,Deaths,4856,Karnataka,2,Female,9,20-24 years,494,Stroke,332,Chewing tobacco,1,Number,2015,0.4476917564486549,1.22647602005878,0.11931558906168094
1,All Population,1,Deaths,4852,Haryana,1,Male,9,20-24 years,494,Stroke,332,Chewing tobacco,1,Number,2017,1.0260825326016045,2.2373466333674603,0.310936476908539
1,All Population,1,Deaths,4852,Haryana,2,Female,9,20-24 years,494,Stroke,332,Chewing tobacco,1,Number,2017,0.07252583758941011,0.20380410530035903,0.017516129766862443
1,All Population,1,Deaths,4854,Jammu & Kashmir and Ladakh,1,Male,9,20-24 years,493,Ischemic heart disease,102,High alcohol use,1,Number,2015,-0.20058039244760828,0.16462357324866134,-0.6589307256144085
1,All Population,1,Deaths,4854,Jammu & Kashmir and Ladakh,2,Female,9,20-24 years,493,Ischemic heart disease,102,High alcohol use,1,Number,2015,-0.0064880591025319855,0.005854302644180312,-0.02742007348151603
1,All Population,1,Deaths,4870,Tamil Nadu,1,Male,9,20-24 years,494,Stroke,332,Chewing tobacco,1,Number,2017,1.1613962633199237,2.5821962352014656,0.33660483612569264
1,All Population,1,Deaths,4870,Tamil Nadu,2,Female,9,20-24 years,494,Stroke,332,Chewing tobacco,1,Number,2017,0.20724461217024445,0.5718297902578503,0.05660614234516714
1,All Population,1,Deaths,44538,Other Union Territories,1,Male,9,20-24 years,494,Stroke,102,High alcohol use,1,Number,2017,0.022434580509604694,0.06914811431170292,-0.0031928968670150333
1,All Population,1,Deaths,44538,Other Union Territories,2,Female,9,20-24 years,494,Stroke,102,High alcohol use,1,Number,2017,-0.00020755790206844593,0.00036933349868201816,-0.0008672925187348563
1,All Population,1,Deaths,4854,Jammu & Kashmir and Ladakh,1,Male,9,20-24 years,499,Cardiomyopathy and myocarditis,102,High alcohol use,1,Number,2016,0.0764663632832448,0.2631970240819524,0.01384591024423569
1,All Population,1,Deaths,4854,Jammu & Kashmir and Ladakh,2,Female,9,20-24 years,499,Cardiomyopathy and myocarditis,102,High alcohol use,1,Number,2016,0.019304442068568715,0.06495375596087258,0.0025747214224670556
1,All Population,1,Deaths,4862,Meghalaya,1,Male,9,20-24 years,498,Hypertensive heart disease,102,High alcohol use,1,Number,2015,0.016818914754340542,0.03631223194902161,0.0064373470306876585
1,All Population,1,Deaths,4862,Meghalaya,2,Female,9,20-24 years,498,Hypertensive heart disease,102,High alcohol use,1,Number,2015,0.00018929880419601085,0.0004920138920763777,2.5029476778635588e-05
1,All Population,1,Deaths,4864,Nagaland,1,Male,9,20-24 years,494,Stroke,102,High alcohol use,1,Number,2017,0.03626423641909752,0.11228953715706205,-0.005033504000780783
1,All Population,1,Deaths,4864,Nagaland,2,Female,9,20-24 years,494,Stroke,102,High alcohol use,1,Number,2017,-0.0006020338720388399,0.0010890737048139022,-0.002236651002459595
1,All Population,1,Deaths,4869,Sikkim,1,Male,9,20-24 years,493,Ischemic heart disease,102,High alcohol use,1,Number,2016,-0.06206163187502192,0.04582258682819983,-0.1949065858910163
1,All Population,1,Deaths,4869,Sikkim,2,Female,9,20-24 years,493,Ischemic heart disease,102,High alcohol use,1,Number,2016,-0.009682840020758768,0.009722073790629702,-0.03157564152831548
1,All Population,1,Deaths,4853,Himachal Pradesh,1,Male,9,20-24 years,499,Cardiomyopathy and myocarditis,102,High alcohol use,1,Number,2015,0.03407569826024539,0.11169179239001303,0.005536060530490778
1,All Population,1,Deaths,4853,Himachal Pradesh,2,Female,9,20-24 years,499,Cardiomyopathy and myocarditis,102,High alcohol use,1,Number,2015,0.008893891189751783,0.036478806608497324,0.0011270303583025658
1,All Population,1,Deaths,4850,Goa,1,Male,9,20-24 years,498,Hypertensive heart disease,102,High alcohol use,1,Number,2017,0.0109450054229821,0.022129223037779252,0.004210916566389157
1,All Population,1,Deaths,4850,Goa,2,Female,9,20-24 years,498,Hypertensive heart disease,102,High alcohol use,1,Number,2017,0.00015820400332331182,0.0004444445790586112,2.6126851024783884e-05
1,All Population,1,Deaths,4872,Tripura,1,Male,9,20-24 years,493,Ischemic heart disease,102,High alcohol use,1,Number,2017,-0.2493434511804396,0.19523532295087614,-0.7583079326295683
1,All Population,1,Deaths,4872,Tripura,2,Female,9,20-24 years,493,Ischemic heart disease,102,High alcohol use,1,Number,2017,-0.024001525863762023,0.021667518883790204,-0.08297982642282896
1,All Population,1,Deaths,4846,Chhattisgarh,1,Male,9,20-24 years,493,Ischemic heart disease,102,High alcohol use,1,Number,2016,-4.395396496401947,3.647607548837882,-13.429101590296565
1,All Population,1,Deaths,4846,Chhattisgarh,2,Female,9,20-24 years,493,Ischemic heart disease,102,High alcohol use,1,Number,2016,-0.175028202482516,0.16032163584733378,-0.6008017552659161
1,All Population,1,Deaths,4867,Punjab,1,Male,9,20-24 years,494,Stroke,102,High alcohol use,1,Number,2016,0.19758069635472006,0.6315277444417403,-0.025087640084291634
1,All Population,1,Deaths,4867,Punjab,2,Female,9,20-24 years,494,Stroke,102,High alcohol use,1,Number,2016,-0.0005686290668843613,0.0008063379880420409,-0.0019545382023462704
1,All Population,1,Deaths,4856,Karnataka,1,Male,9,20-24 years,493,Ischemic heart disease,102,High alcohol use,1,Number,2017,-4.9242404963788635,4.448586839009758,-15.326783176319621
1,All Population,1,Deaths,4856,Karnataka,2,Female,9,20-24 years,493,Ischemic heart disease,102,High alcohol use,1,Number,2017,-0.42755042798404075,0.4247932448096493,-1.1633062311844333
1,All Population,1,Deaths,44538,Other Union Territories,1,Male,9,20-24 years,493,Ischemic heart disease,102,High alcohol use,1,Number,2017,-0.3159458752192146,0.2657834042374814,-1.00812919295998
1,All Population,1,Deaths,44538,Other Union Territories,2,Female,9,20-24 years,493,Ischemic heart disease,102,High alcohol use,1,Number,2017,-0.006788797245174672,0.006760319976698376,-0.02524165712830509
1,All Population,1,Deaths,4862,Meghalaya,1,Male,9,20-24 years,494,Stroke,332,Chewing tobacco,1,Number,2017,0.15854559557493017,0.3341411235604393,0.04903986816123743
1,All Population,1,Deaths,4862,Meghalaya,2,Female,9,20-24 years,494,Stroke,332,Chewing tobacco,1,Number,2017,0.21120463355951405,0.42838746527574756,0.0836450561812233
1,All Population,1,Deaths,4843,Assam,1,Male,9,20-24 years,494,Stroke,102,High alcohol use,1,Number,2017,0.7380120453043939,2.1932740472999326,-0.08325245705212464
1,All Population,1,Deaths,4843,Assam,2,Female,9,20-24 years,494,Stroke,102,High alcohol use,1,Number,2017,-0.009908953775327252,0.020842610454655755,-0.03993524568863404
1,All Population,1,Deaths,4857,Kerala,1,Male,9,20-24 years,493,Ischemic heart disease,102,High alcohol use,1,Number,2017,-1.1654197438218636,1.103942361479426,-3.565341381731916
1,All Population,1,Deaths,4857,Kerala,2,Female,9,20-24 years,493,Ischemic heart disease,102,High alcohol use,1,Number,2017,-0.020984577108890883,0.022356878848480033,-0.0702325397507107
1,All Population,1,Deaths,4872,Tripura,1,Male,9,20-24 years,494,Stroke,102,High alcohol use,1,Number,2017,0.05764429768075741,0.19921801318036855,-0.008477805400227545
1,All Population,1,Deaths,4872,Tripura,2,Female,9,20-24 years,494,Stroke,102,High alcohol use,1,Number,2017,-0.0016692013534268066,0.003080266966322121,-0.005863529479364071
1,All Population,1,Deaths,4875,West Bengal,1,Male,9,20-24 years,499,Cardiomyopathy and myocarditis,102,High alcohol use,1,Number,2015,0.5893792213099217,2.2526901484018222,0.11181953713478644
1,All Population,1,Deaths,4875,West Bengal,2,Female,9,20-24 years,499,Cardiomyopathy and myocarditis,102,High alcohol use,1,Number,2015,0.15951585970928467,0.5526757684073682,0.019898326015491137
1,All Population,1,Deaths,4872,Tripura,1,Male,9,20-24 years,498,Hypertensive heart disease,102,High alcohol use,1,Number,2017,0.01507116076737486,0.034525165725157105,0.005349829951453255
1,All Population,1,Deaths,4872,Tripura,2,Female,9,20-24 years,498,Hypertensive heart disease,102,High alcohol use,1,Number,2017,0.0005947214103978119,0.001533157611961877,9.994933057184457e-05
1,All Population,1,Deaths,4875,West Bengal,1,Male,9,20-24 years,499,Cardiomyopathy and myocarditis,102,High alcohol use,1,Number,2016,0.5269441762118166,1.8392945993627068,0.103044086822286
1,All Population,1,Deaths,4875,West Bengal,2,Female,9,20-24 years,499,Cardiomyopathy and myocarditis,102,High alcohol use,1,Number,2016,0.16463763358772404,0.5574849688821394,0.020596110767874962
1,All Population,1,Deaths,4863,Mizoram,1,Male,9,20-24 years,498,Hypertensive heart disease,102,High alcohol use,1,Number,2014,0.0026476720912025757,0.005661035990752871,0.0010460269206955838
1,All Population,1,Deaths,4863,Mizoram,2,Female,9,20-24 years,498,Hypertensive heart disease,102,High alcohol use,1,Number,2014,8.048010332080044e-05,0.00020125833614744886,1.1524643913013753e-05
1,All Population,1,Deaths,4853,Himachal Pradesh,1,Male,9,20-24 years,494,Stroke,102,High alcohol use,1,Number,2016,0.01971514151391662,0.05887240274474352,-0.0027281696760430487
1,All Population,1,Deaths,4853,Himachal Pradesh,2,Female,9,20-24 years,494,Stroke,102,High alcohol use,1,Number,2016,-8.244974028259592e-05,0.00014762673058427045,-0.0003206291898955998
1,All Population,1,Deaths,4872,Tripura,1,Male,9,20-24 years,498,Hypertensive heart disease,102,High alcohol use,1,Number,2014,0.013626942287675272,0.028636282229596854,0.0055762559246688576
1,All Population,1,Deaths,4872,Tripura,2,Female,9,20-24 years,498,Hypertensive heart disease,102,High alcohol use,1,Number,2014,0.00040235625952045025,0.0010806499870805691,5.159731671902861e-05
1,All Population,1,Deaths,4856,Karnataka,1,Male,9,20-24 years,494,Stroke,102,High alcohol use,1,Number,2016,0.43981209312755365,1.567355740293461,-0.07243379423657265
1,All Population,1,Deaths,4856,Karnataka,2,Female,9,20-24 years,494,Stroke,102,High alcohol use,1,Number,2016,-0.018879481754886275,0.026248883115262064,-0.08128462150241057
1,All Population,1,Deaths,4875,West Bengal,1,Male,9,20-24 years,493,Ischemic heart disease,102,High alcohol use,1,Number,2017,-2.733410702863471,2.200682277859387,-8.764909978056993
1,All Population,1,Deaths,4875,West Bengal,2,Female,9,20-24 years,493,Ischemic heart disease,102,High alcohol use,1,Number,2017,-0.08072172025983872,0.08328233324947756,-0.293585663119044
1,All Population,1,Deaths,4852,Haryana,1,Male,9,20-24 years,498,Hypertensive heart disease,102,High alcohol use,1,Number,2015,0.06706744685204373,0.15828478517013608,0.017627867890799297
1,All Population,1,Deaths,4852,Haryana,2,Female,9,20-24 years,498,Hypertensive heart disease,102,High alcohol use,1,Number,2015,0.000463316471989455,0.001265981193739784,6.235417797412259e-05
1,All Population,1,Deaths,4852,Haryana,1,Male,9,20-24 years,499,Cardiomyopathy and myocarditis,102,High alcohol use,1,Number,2015,0.3379127952001402,1.2246059650601873,0.06386010994877186
1,All Population,1,Deaths,4852,Haryana,2,Female,9,20-24 years,499,Cardiomyopathy and myocarditis,102,High alcohol use,1,Number,2015,0.08752147136122998,0.3796568320862054,0.011639183462733765
1,All Population,1,Deaths,4872,Tripura,1,Male,9,20-24 years,494,Stroke,102,High alcohol use,1,Number,2015,0.05122432621092742,0.16975245376725667,-0.008119791119875043
1,All Population,1,Deaths,4872,Tripura,2,Female,9,20-24 years,494,Stroke,102,High alcohol use,1,Number,2015,-0.001219228648801121,0.002413500446461587,-0.00487946018045679
1,All Population,1,Deaths,4870,Tamil Nadu,1,Male,9,20-24 years,494,Stroke,332,Chewing tobacco,1,Number,2015,1.5296060985560882,3.439377729654995,0.4384296264666113
1,All Population,1,Deaths,4870,Tamil Nadu,2,Female,9,20-24 years,494,Stroke,332,Chewing tobacco,1,Number,2015,0.27000304815786075,0.759309640471063,0.06629602871441417
1,All Population,1,Deaths,4846,Chhattisgarh,1,Male,9,20-24 years,498,Hypertensive heart disease,102,High alcohol use,1,Number,2017,0.2739009151601744,0.601188080799533,0.0919147474851418
1,All Population,1,Deaths,4846,Chhattisgarh,2,Female,9,20-24 years,498,Hypertensive heart disease,102,High alcohol use,1,Number,2017,0.0037095126296687133,0.009455354653753849,0.0004934457528232973
1,All Population,1,Deaths,4846,Chhattisgarh,1,Male,9,20-24 years,498,Hypertensive heart disease,102,High alcohol use,1,Number,2015,0.25218495186582585,0.5978851518220096,0.08927294936805769
1,All Population,1,Deaths,4846,Chhattisgarh,2,Female,9,20-24 years,498,Hypertensive heart disease,102,High alcohol use,1,Number,2015,0.0033795649004200435,0.00849379598961786,0.00046338031056336615
1,All Population,1,Deaths,4874,Uttarakhand,1,Male,9,20-24 years,494,Stroke,102,High alcohol use,1,Number,2015,0.07492813003132423,0.23916867794113256,-0.01398346036508517
1,All Population,1,Deaths,4874,Uttarakhand,2,Female,9,20-24 years,494,Stroke,102,High alcohol use,1,Number,2015,-0.00033877202837675845,0.0005624320271259702,-0.0013905538130864412
1,All Population,1,Deaths,4851,Gujarat,1,Male,9,20-24 years,494,Stroke,332,Chewing tobacco,1,Number,2017,7.4961729157650945,14.22579089315959,2.8569520352519624
1,All Population,1,Deaths,4851,Gujarat,2,Female,9,20-24 years,494,Stroke,332,Chewing tobacco,1,Number,2017,0.621728183500437,1.5524120415271176,0.18978156404891955
1,All Population,1,Deaths,4859,Madhya Pradesh,1,Male,9,20-24 years,494,Stroke,332,Chewing tobacco,1,Number,2017,7.49487531023164,14.401471698013937,2.758839207051994
1,All Population,1,Deaths,4859,Madhya Pradesh,2,Female,9,20-24 years,494,Stroke,332,Chewing tobacco,1,Number,2017,1.8181766671890596,4.19383748936478,0.6403751561991963
1,All Population,1,Deaths,4841,Andhra Pradesh,1,Male,9,20-24 years,494,Stroke,332,Chewing tobacco,1,Number,2017,0.49840121851693275,0.9976212711019825,0.17352261673455494
1,All Population,1,Deaths,4841,Andhra Pradesh,2,Female,9,20-24 years,494,Stroke,332,Chewing tobacco,1,Number,2017,0.12178787318219705,0.35827664821154315,0.025603484310519852
1,All Population,1,Deaths,4864,Nagaland,1,Male,9,20-24 years,498,Hypertensive heart disease,102,High alcohol use,1,Number,2014,0.01178464756327092,0.024804277725550723,0.0047977757453670136
1,All Population,1,Deaths,4864,Nagaland,2,Female,9,20-24 years,498,Hypertensive heart disease,102,High alcohol use,1,Number,2014,0.0002498812649246768,0.0006308248513918785,4.109142342264805e-05
1,All Population,1,Deaths,4842,Arunachal Pradesh,1,Male,9,20-24 years,499,Cardiomyopathy and myocarditis,102,High alcohol use,1,Number,2014,0.011835190259394298,0.04218325351038285,0.002040683294058679
1,All Population,1,Deaths,4842,Arunachal Pradesh,2,Female,9,20-24 years,499,Cardiomyopathy and myocarditis,102,High alcohol use,1,Number,2014,0.003541429853248367,0.015054778211395933,0.0004119424530987426
1,All Population,1,Deaths,4865,Odisha,1,Male,9,20-24 years,494,Stroke,332,Chewing tobacco,1,Number,2015,5.304465694693602,9.886328877514462,2.283653430098315
1,All Population,1,Deaths,4865,Odisha,2,Female,9,20-24 years,494,Stroke,332,Chewing tobacco,1,Number,2015,1.7764733653357172,4.2225698037100905,0.5655891471269083
1,All Population,1,Deaths,4842,Arunachal Pradesh,1,Male,9,20-24 years,494,Stroke,332,Chewing tobacco,1,Number,2015,0.1587965452928537,0.29990453167336795,0.06797352445910929
1,All Population,1,Deaths,4842,Arunachal Pradesh,2,Female,9,20-24 years,494,Stroke,332,Chewing tobacco,1,Number,2015,0.05851632664665309,0.1304860788577999,0.0208789029153167
1,All Population,1,Deaths,4844,Bihar,1,Male,9,20-24 years,494,Stroke,102,High alcohol use,1,Number,2015,0.30122353132113044,1.1055568740487218,-0.033884172287182615
1,All Population,1,Deaths,4844,Bihar,2,Female,9,20-24 years,494,Stroke,102,High alcohol use,1,Number,2015,-0.0025902090091935144,0.0038305178380634557,-0.01034992353657269
1,All Population,1,Deaths,4864,Nagaland,1,Male,9,20-24 years,494,Stroke,102,High alcohol use,1,Number,2016,0.037051000003311844,0.11688944769573047,-0.004948673770045508
1,All Population,1,Deaths,4864,Nagaland,2,Female,9,20-24 years,494,Stroke,102,High alcohol use,1,Number,2016,-0.0005619128201270562,0.001001081368511775,-0.002222345153626157
1,All Population,1,Deaths,4843,Assam,1,Male,9,20-24 years,493,Ischemic heart disease,102,High alcohol use,1,Number,2016,-1.050940733188558,0.9981320787233391,-3.3114408209128467
1,All Population,1,Deaths,4843,Assam,2,Female,9,20-24 years,493,Ischemic heart disease,102,High alcohol use,1,Number,2016,-0.09357646170397564,0.0717888838821071,-0.36401484604175544
1,All Population,1,Deaths,4856,Karnataka,1,Male,9,20-24 years,498,Hypertensive heart disease,102,High alcohol use,1,Number,2015,0.25136881328288674,0.5515791557897622,0.09024414426677002
1,All Population,1,Deaths,4856,Karnataka,2,Female,9,20-24 years,498,Hypertensive heart disease,102,High alcohol use,1,Number,2015,0.010850122597285914,0.02266936027784789,0.0023238269890028724
1,All Population,1,Deaths,4849,Delhi,1,Male,9,20-24 years,494,Stroke,332,Chewing tobacco,1,Number,2016,0.4004548696584438,0.9394097443421889,0.12242821690563303
1,All Population,1,Deaths,4849,Delhi,2,Female,9,20-24 years,494,Stroke,332,Chewing tobacco,1,Number,2016,0.04019107353643061,0.12274164582847875,0.010237269767247613
1,All Population,1,Deaths,4854,Jammu & Kashmir and Ladakh,1,Male,9,20-24 years,493,Ischemic heart disease,102,High alcohol use,1,Number,2016,-0.19845441296966798,0.15654913808313134,-0.6732518769310466
1,All Population,1,Deaths,4854,Jammu & Kashmir and Ladakh,2,Female,9,20-24 years,493,Ischemic heart disease,102,High alcohol use,1,Number,2016,-0.006549185310009811,0.00577501275235491,-0.027696493949367736
1,All Population,1,Deaths,4856,Karnataka,1,Male,9,20-24 years,498,Hypertensive heart disease,102,High alcohol use,1,Number,2016,0.2224915464478778,0.5215102530077002,0.08137260434045915
1,All Population,1,Deaths,4856,Karnataka,2,Female,9,20-24 years,498,Hypertensive heart disease,102,High alcohol use,1,Number,2016,0.008572011942358161,0.01815173920325612,0.0018435823922585382
1,All Population,1,Deaths,4869,Sikkim,1,Male,9,20-24 years,493,Ischemic heart disease,102,High alcohol use,1,Number,2014,-0.07482055727210207,0.05629701740868797,-0.24023459847168266
1,All Population,1,Deaths,4869,Sikkim,2,Female,9,20-24 years,493,Ischemic heart disease,102,High alcohol use,1,Number,2014,-0.01003478841273906,0.010889244872728472,-0.036134912382614265
1,All Population,1,Deaths,4864,Nagaland,1,Male,9,20-24 years,494,Stroke,332,Chewing tobacco,1,Number,2015,0.5300207992323241,0.9167587669973464,0.2510379853988368
1,All Population,1,Deaths,4864,Nagaland,2,Female,9,20-24 years,494,Stroke,332,Chewing tobacco,1,Number,2015,0.21810123763905157,0.4583296200193622,0.0944806113472797
1,All Population,1,Deaths,4865,Odisha,1,Male,9,20-24 years,499,Cardiomyopathy and myocarditis,102,High alcohol use,1,Number,2015,0.19999480791915736,0.7372851058909253,0.03120421238624029
1,All Population,1,Deaths,4865,Odisha,2,Female,9,20-24 years,499,Cardiomyopathy and myocarditis,102,High alcohol use,1,Number,2015,0.07963625625141836,0.4062133168234179,0.007558642094295995
1,All Population,1,Deaths,4849,Delhi,1,Male,9,20-24 years,494,Stroke,102,High alcohol use,1,Number,2015,0.06846015122898548,0.20899819733229758,-0.010388083845688248
1,All Population,1,Deaths,4849,Delhi,2,Female,9,20-24 years,494,Stroke,102,High alcohol use,1,Number,2015,-0.0006342382831635786,0.0006087661642400182,-0.0024117706974908855
1,All Population,1,Deaths,4857,Kerala,1,Male,9,20-24 years,494,Stroke,102,High alcohol use,1,Number,2015,0.202526231469792,0.6408767056873891,-0.03273575594054286
1,All Population,1,Deaths,4857,Kerala,2,Female,9,20-24 years,494,Stroke,102,High alcohol use,1,Number,2015,-0.001456463425075419,0.0025985776485438596,-0.006045840134556812
1,All Population,1,Deaths,4868,Rajasthan,1,Male,9,20-24 years,498,Hypertensive heart disease,102,High alcohol use,1,Number,2015,0.12411969642908541,0.2795845498572108,0.043861720734461214
1,All Population,1,Deaths,4868,Rajasthan,2,Female,9,20-24 years,498,Hypertensive heart disease,102,High alcohol use,1,Number,2015,0.0014013569164302141,0.003533501479550959,0.00022049307231621936
1,All Population,1,Deaths,4868,Rajasthan,1,Male,9,20-24 years,494,Stroke,332,Chewing tobacco,1,Number,2017,2.582412616799613,5.282954371779843,0.9060823820769306
1,All Population,1,Deaths,4868,Rajasthan,2,Female,9,20-24 years,494,Stroke,332,Chewing tobacco,1,Number,2017,0.34078359463664293,0.8324684710845371,0.09067509289720804
1,All Population,1,Deaths,4865,Odisha,1,Male,9,20-24 years,498,Hypertensive heart disease,102,High alcohol use,1,Number,2014,0.16123732134840008,0.38528516648099537,0.06376406470105145
1,All Population,1,Deaths,4865,Odisha,2,Female,9,20-24 years,498,Hypertensive heart disease,102,High alcohol use,1,Number,2014,0.00285974630850457,0.006798747450875861,0.00038424066992890813
1,All Population,1,Deaths,4870,Tamil Nadu,1,Male,9,20-24 years,494,Stroke,102,High alcohol use,1,Number,2017,0.6926936178987171,2.2271570741883897,-0.11602225304887165
1,All Population,1,Deaths,4870,Tamil Nadu,2,Female,9,20-24 years,494,Stroke,102,High alcohol use,1,Number,2017,-0.00147171323590433,0.0029911666419813773,-0.006190613323957712
1,All Population,1,Deaths,4867,Punjab,1,Male,9,20-24 years,494,Stroke,102,High alcohol use,1,Number,2014,0.2447376056234622,0.7872268992025266,-0.03232084287529258
1,All Population,1,Deaths,4867,Punjab,2,Female,9,20-24 years,494,Stroke,102,High alcohol use,1,Number,2014,-0.0005740544308716834,0.0007373172632409671,-0.002223057702560979
1,All Population,1,Deaths,4861,Manipur,1,Male,9,20-24 years,494,Stroke,102,High alcohol use,1,Number,2017,0.04002293322559601,0.1337184596098124,-0.005878651991392456
1,All Population,1,Deaths,4861,Manipur,2,Female,9,20-24 years,494,Stroke,102,High alcohol use,1,Number,2017,-0.0008875783686564399,0.0015342395826395767,-0.0032104957122422303
1,All Population,1,Deaths,4872,Tripura,1,Male,9,20-24 years,493,Ischemic heart disease,102,High alcohol use,1,Number,2016,-0.250069914101723,0.22169170461766324,-0.7916294466149342
1,All Population,1,Deaths,4872,Tripura,2,Female,9,20-24 years,493,Ischemic heart disease,102,High alcohol use,1,Number,2016,-0.02157670818453147,0.019740187212987412,-0.07338034355270631
1,All Population,1,Deaths,4859,Madhya Pradesh,1,Male,9,20-24 years,498,Hypertensive heart disease,102,High alcohol use,1,Number,2016,0.2611327175417228,0.586126502450979,0.09210822335707793
1,All Population,1,Deaths,4859,Madhya Pradesh,2,Female,9,20-24 years,498,Hypertensive heart disease,102,High alcohol use,1,Number,2016,0.0021490249494211635,0.005386338343576385,0.00036341865300643284
1,All Population,1,Deaths,4873,Uttar Pradesh,1,Male,9,20-24 years,499,Cardiomyopathy and myocarditis,102,High alcohol use,1,Number,2015,1.498115096267457,5.6178698835332455,0.2360345898528811
1,All Population,1,Deaths,4873,Uttar Pradesh,2,Female,9,20-24 years,499,Cardiomyopathy and myocarditis,102,High alcohol use,1,Number,2015,0.6637986728702383,3.1146061733901202,0.07597610763439651
1,All Population,1,Deaths,4843,Assam,1,Male,9,20-24 years,498,Hypertensive heart disease,102,High alcohol use,1,Number,2016,0.1263654505406455,0.29906432309793474,0.04430794439531764
1,All Population,1,Deaths,4843,Assam,2,Female,9,20-24 years,498,Hypertensive heart disease,102,High alcohol use,1,Number,2016,0.0033172347573398884,0.00881685738693198,0.0004225894023733251
1,All Population,1,Deaths,4861,Manipur,1,Male,9,20-24 years,498,Hypertensive heart disease,102,High alcohol use,1,Number,2017,0.013973652759886062,0.029492228201956835,0.0050255927789634326
1,All Population,1,Deaths,4861,Manipur,2,Female,9,20-24 years,498,Hypertensive heart disease,102,High alcohol use,1,Number,2017,0.0004208096706600647,0.001012848571675172,6.881982583776126e-05
1,All Population,1,Deaths,4874,Uttarakhand,1,Male,9,20-24 years,499,Cardiomyopathy and myocarditis,102,High alcohol use,1,Number,2017,0.09590598032761939,0.3191639724223678,0.013672164191035866
1,All Population,1,Deaths,4874,Uttarakhand,2,Female,9,20-24 years,499,Cardiomyopathy and myocarditis,102,High alcohol use,1,Number,2017,0.04710643469161945,0.23769725864966823,0.005093949858222752
1,All Population,1,Deaths,4862,Meghalaya,1,Male,9,20-24 years,499,Cardiomyopathy and myocarditis,102,High alcohol use,1,Number,2016,0.03223002037503157,0.10925523422021145,0.005183728690601733
1,All Population,1,Deaths,4862,Meghalaya,2,Female,9,20-24 years,499,Cardiomyopathy and myocarditis,102,High alcohol use,1,Number,2016,0.00880206069745382,0.04276997732535067,0.001068233743939534
1,All Population,1,Deaths,4869,Sikkim,1,Male,9,20-24 years,499,Cardiomyopathy and myocarditis,102,High alcohol use,1,Number,2015,0.0054028539664293255,0.019394220399159674,0.0009524604649064776
1,All Population,1,Deaths,4869,Sikkim,2,Female,9,20-24 years,499,Cardiomyopathy and myocarditis,102,High alcohol use,1,Number,2015,0.0015575262959841344,0.006568053298854466,0.00019392357220188733
1,All Population,1,Deaths,4855,Jharkhand,1,Male,9,20-24 years,494,Stroke,332,Chewing tobacco,1,Number,2015,1.812033045455076,3.9804550634886837,0.6493861679962836
1,All Population,1,Deaths,4855,Jharkhand,2,Female,9,20-24 years,494,Stroke,332,Chewing tobacco,1,Number,2015,0.35681804768728076,1.0092439871615309,0.09198947406481531
1,All Population,1,Deaths,4861,Manipur,1,Male,9,20-24 years,499,Cardiomyopathy and myocarditis,102,High alcohol use,1,Number,2017,0.02183940454104756,0.07808903858262714,0.0034328372405244677
1,All Population,1,Deaths,4861,Manipur,2,Female,9,20-24 years,499,Cardiomyopathy and myocarditis,102,High alcohol use,1,Number,2017,0.008378418480051468,0.041131673504667295,0.0009906590297716386
1,All Population,1,Deaths,4854,Jammu & Kashmir and Ladakh,1,Male,9,20-24 years,499,Cardiomyopathy and myocarditis,102,High alcohol use,1,Number,2017,0.07196647312361872,0.2336518136618167,0.012677893542017775
1,All Population,1,Deaths,4854,Jammu & Kashmir and Ladakh,2,Female,9,20-24 years,499,Cardiomyopathy and myocarditis,102,High alcohol use,1,Number,2017,0.018287350513329966,0.06462833192376388,0.0022461604670066574
1,All Population,1,Deaths,4868,Rajasthan,1,Male,9,20-24 years,493,Ischemic heart disease,102,High alcohol use,1,Number,2015,-2.045164938139345,1.9503313824672082,-6.300759472558921
1,All Population,1,Deaths,4868,Rajasthan,2,Female,9,20-24 years,493,Ischemic heart disease,102,High alcohol use,1,Number,2015,-0.047083792232269675,0.033335247081349315,-0.18361528429020946
1,All Population,1,Deaths,4870,Tamil Nadu,1,Male,9,20-24 years,499,Cardiomyopathy and myocarditis,102,High alcohol use,1,Number,2015,0.5004429412066017,1.6841695176790183,0.08770397841072289
1,All Population,1,Deaths,4870,Tamil Nadu,2,Female,9,20-24 years,499,Cardiomyopathy and myocarditis,102,High alcohol use,1,Number,2015,0.14415075052695406,0.5329115819790015,0.020104437444589326
1,All Population,1,Deaths,4860,Maharashtra,1,Male,9,20-24 years,498,Hypertensive heart disease,102,High alcohol use,1,Number,2017,0.26902938158640505,0.5490569452919567,0.10508413140043499
1,All Population,1,Deaths,4860,Maharashtra,2,Female,9,20-24 years,498,Hypertensive heart disease,102,High alcohol use,1,Number,2017,0.0011682242492238922,0.0029084433259956833,0.00019668297695887025
1,All Population,1,Deaths,4854,Jammu & Kashmir and Ladakh,1,Male,9,20-24 years,499,Cardiomyopathy and myocarditis,102,High alcohol use,1,Number,2015,0.08027525651959068,0.29225871880074505,0.014188130958591966
1,All Population,1,Deaths,4854,Jammu & Kashmir and Ladakh,2,Female,9,20-24 years,499,Cardiomyopathy and myocarditis,102,High alcohol use,1,Number,2015,0.02110745766198546,0.07388783056030787,0.0029028619626618036
1,All Population,1,Deaths,4863,Mizoram,1,Male,9,20-24 years,493,Ischemic heart disease,102,High alcohol use,1,Number,2014,-0.01654794742195676,0.014482553545201006,-0.0549304424247887
1,All Population,1,Deaths,4863,Mizoram,2,Female,9,20-24 years,493,Ischemic heart disease,102,High alcohol use,1,Number,2014,-0.0011280336103410198,0.0011740451187867943,-0.003749935832503185
1,All Population,1,Deaths,44538,Other Union Territories,1,Male,9,20-24 years,498,Hypertensive heart disease,102,High alcohol use,1,Number,2016,0.012821220674633156,0.02779547961509484,0.004850667735390116
1,All Population,1,Deaths,44538,Other Union Territories,2,Female,9,20-24 years,498,Hypertensive heart disease,102,High alcohol use,1,Number,2016,0.00012005983578057634,0.00035262725811493334,1.7964290948378098e-05
1,All Population,1,Deaths,4851,Gujarat,1,Male,9,20-24 years,499,Cardiomyopathy and myocarditis,102,High alcohol use,1,Number,2015,0.5849196277696076,2.046316235184601,0.09975232011154624
1,All Population,1,Deaths,4851,Gujarat,2,Female,9,20-24 years,499,Cardiomyopathy and myocarditis,102,High alcohol use,1,Number,2015,0.1332941865003339,0.5195118943975987,0.016405943207892563
1,All Population,1,Deaths,4872,Tripura,1,Male,9,20-24 years,499,Cardiomyopathy and myocarditis,102,High alcohol use,1,Number,2015,0.020594080763313323,0.07453343158326861,0.003906795763465162
1,All Population,1,Deaths,4872,Tripura,2,Female,9,20-24 years,499,Cardiomyopathy and myocarditis,102,High alcohol use,1,Number,2015,0.007697353095605713,0.0329104378342442,0.0008778457865959464
1,All Population,1,Deaths,4843,Assam,1,Male,9,20-24 years,498,Hypertensive heart disease,102,High alcohol use,1,Number,2017,0.11603804040510513,0.2543119337202129,0.04304747701357149
1,All Population,1,Deaths,4843,Assam,2,Female,9,20-24 years,498,Hypertensive heart disease,102,High alcohol use,1,Number,2017,0.0035050324072907,0.009397480124911222,0.0004393537890399856
1,All Population,1,Deaths,4860,Maharashtra,1,Male,9,20-24 years,498,Hypertensive heart disease,102,High alcohol use,1,Number,2015,0.2629257898756068,0.5514648456762549,0.10318441321366972
1,All Population,1,Deaths,4860,Maharashtra,2,Female,9,20-24 years,498,Hypertensive heart disease,102,High alcohol use,1,Number,2015,0.0015583834418912534,0.0040387550603533575,0.0002470606480431506
1,All Population,1,Deaths,4862,Meghalaya,1,Male,9,20-24 years,499,Cardiomyopathy and myocarditis,102,High alcohol use,1,Number,2015,0.030738360408519207,0.1007540638926134,0.004752959438024597
1,All Population,1,Deaths,4862,Meghalaya,2,Female,9,20-24 years,499,Cardiomyopathy and myocarditis,102,High alcohol use,1,Number,2015,0.007586872306451192,0.03852804728151019,0.0009015643008678944
1,All Population,1,Deaths,4856,Karnataka,1,Male,9,20-24 years,494,Stroke,332,Chewing tobacco,1,Number,2017,2.6579519976831265,5.530703656432646,0.9571159961637263
1,All Population,1,Deaths,4856,Karnataka,2,Female,9,20-24 years,494,Stroke,332,Chewing tobacco,1,Number,2017,0.2572908430264815,0.7046641789461147,0.0733447665585063
1,All Population,1,Deaths,4859,Madhya Pradesh,1,Male,9,20-24 years,494,Stroke,102,High alcohol use,1,Number,2015,0.5986728949976435,1.9108758392453347,-0.0804480911190113
1,All Population,1,Deaths,4859,Madhya Pradesh,2,Female,9,20-24 years,494,Stroke,102,High alcohol use,1,Number,2015,-0.007012513200766322,0.012080244185925296,-0.02599309221079084
1,All Population,1,Deaths,4871,Telangana,1,Male,9,20-24 years,494,Stroke,332,Chewing tobacco,1,Number,2016,1.0308280166836057,2.517958163889566,0.2947838924342502
1,All Population,1,Deaths,4871,Telangana,2,Female,9,20-24 years,494,Stroke,332,Chewing tobacco,1,Number,2016,0.19715616244098283,0.5660037565131603,0.050836143072210974
1,All Population,1,Deaths,4842,Arunachal Pradesh,1,Male,9,20-24 years,498,Hypertensive heart disease,102,High alcohol use,1,Number,2014,0.0107845828604265,0.023313207332048048,0.004276310371652239
1,All Population,1,Deaths,4842,Arunachal Pradesh,2,Female,9,20-24 years,498,Hypertensive heart disease,102,High alcohol use,1,Number,2014,0.0008048803599847821,0.0020339292273388043,0.00011554174974309837
1,All Population,1,Deaths,4868,Rajasthan,1,Male,9,20-24 years,494,Stroke,102,High alcohol use,1,Number,2015,0.16348829629065,0.4941006230389061,-0.018118229459758786
1,All Population,1,Deaths,4868,Rajasthan,2,Female,9,20-24 years,494,Stroke,102,High alcohol use,1,Number,2015,-0.0021037802285141212,0.0028363898201767407,-0.008287331813624376
1,All Population,1,Deaths,4843,Assam,1,Male,9,20-24 years,494,Stroke,102,High alcohol use,1,Number,2016,0.8070015482614407,2.494667584144015,-0.08220521973478875
1,All Population,1,Deaths,4843,Assam,2,Female,9,20-24 years,494,Stroke,102,High alcohol use,1,Number,2016,-0.009584366814378038,0.01985737911583084,-0.03814339127873995
1,All Population,1,Deaths,4851,Gujarat,1,Male,9,20-24 years,494,Stroke,102,High alcohol use,1,Number,2016,0.1987616913050792,0.6763590579430726,-0.029120111456897572
1,All Population,1,Deaths,4851,Gujarat,2,Female,9,20-24 years,494,Stroke,102,High alcohol use,1,Number,2016,-0.0016489029138977579,0.0030058776868220304,-0.006044758528456671
1,All Population,1,Deaths,4870,Tamil Nadu,1,Male,9,20-24 years,498,Hypertensive heart disease,102,High alcohol use,1,Number,2016,0.3571603273822637,0.6815870902110772,0.14025732182014655
1,All Population,1,Deaths,4870,Tamil Nadu,2,Female,9,20-24 years,498,Hypertensive heart disease,102,High alcohol use,1,Number,2016,0.0007727072038883218,0.0023045520803178627,0.00011806276280808248
1,All Population,1,Deaths,4853,Himachal Pradesh,1,Male,9,20-24 years,493,Ischemic heart disease,102,High alcohol use,1,Number,2016,-0.27831604961502365,0.2762756964272732,-0.8387187954825954
1,All Population,1,Deaths,4853,Himachal Pradesh,2,Female,9,20-24 years,493,Ischemic heart disease,102,High alcohol use,1,Number,2016,-0.0029003784704533966,0.002688951652487509,-0.010573265334569187
1,All Population,1,Deaths,4852,Haryana,1,Male,9,20-24 years,498,Hypertensive heart disease,102,High alcohol use,1,Number,2017,0.06390318449558635,0.15251899551489684,0.015844384824008476
1,All Population,1,Deaths,4852,Haryana,2,Female,9,20-24 years,498,Hypertensive heart disease,102,High alcohol use,1,Number,2017,0.0004564912203013475,0.0012024048138896254,6.331723703897611e-05
1,All Population,1,Deaths,4852,Haryana,1,Male,9,20-24 years,499,Cardiomyopathy and myocarditis,102,High alcohol use,1,Number,2017,0.31688601576434666,0.9765679972336909,0.06475479995191002
1,All Population,1,Deaths,4852,Haryana,2,Female,9,20-24 years,499,Cardiomyopathy and myocarditis,102,High alcohol use,1,Number,2017,0.0759286885142765,0.3327089302265407,0.010427740464067112
1,All Population,1,Deaths,4850,Goa,1,Male,9,20-24 years,498,Hypertensive heart disease,102,High alcohol use,1,Number,2016,0.01089611397750476,0.022283441375750793,0.00417300320757762
1,All Population,1,Deaths,4850,Goa,2,Female,9,20-24 years,498,Hypertensive heart disease,102,High alcohol use,1,Number,2016,0.00014608085936339228,0.0003852817235180349,2.227175039740842e-05
1,All Population,1,Deaths,4841,Andhra Pradesh,1,Male,9,20-24 years,498,Hypertensive heart disease,102,High alcohol use,1,Number,2015,0.20487606673587577,0.43388718682645655,0.08370505970344808
1,All Population,1,Deaths,4841,Andhra Pradesh,2,Female,9,20-24 years,498,Hypertensive heart disease,102,High alcohol use,1,Number,2015,0.0025690565048587383,0.007072799892836999,0.0003681689811616814
1,All Population,1,Deaths,4851,Gujarat,1,Male,9,20-24 years,499,Cardiomyopathy and myocarditis,102,High alcohol use,1,Number,2017,0.5227620980426289,1.6559222496429002,0.10353995320821109
1,All Population,1,Deaths,4851,Gujarat,2,Female,9,20-24 years,499,Cardiomyopathy and myocarditis,102,High alcohol use,1,Number,2017,0.12491093959557159,0.5481856929115093,0.01505572099888736
1,All Population,1,Deaths,4861,Manipur,1,Male,9,20-24 years,499,Cardiomyopathy and myocarditis,102,High alcohol use,1,Number,2016,0.02168507932539062,0.07887816528019172,0.0033301139366049225
1,All Population,1,Deaths,4861,Manipur,2,Female,9,20-24 years,499,Cardiomyopathy and myocarditis,102,High alcohol use,1,Number,2016,0.007705832006339924,0.03628402726243391,0.0008187041632144094
1,All Population,1,Deaths,4865,Odisha,1,Male,9,20-24 years,494,Stroke,102,High alcohol use,1,Number,2015,0.50179170777984,1.5141117539385038,-0.0693982824236782
1,All Population,1,Deaths,4865,Odisha,2,Female,9,20-24 years,494,Stroke,102,High alcohol use,1,Number,2015,-0.008771098653562029,0.016889795530677428,-0.03559521138144516
1,All Population,1,Deaths,4872,Tripura,1,Male,9,20-24 years,498,Hypertensive heart disease,102,High alcohol use,1,Number,2015,0.013359930646952985,0.03018470838245565,0.005062779557484914
1,All Population,1,Deaths,4872,Tripura,2,Female,9,20-24 years,498,Hypertensive heart disease,102,High alcohol use,1,Number,2015,0.0004257516421730969,0.0011402964150559539,6.0925721037880725e-05
1,All Population,1,Deaths,4875,West Bengal,1,Male,9,20-24 years,499,Cardiomyopathy and myocarditis,102,High alcohol use,1,Number,2017,0.47712624061558084,1.5376984290544764,0.09215484977570426
1,All Population,1,Deaths,4875,West Bengal,2,Female,9,20-24 years,499,Cardiomyopathy and myocarditis,102,High alcohol use,1,Number,2017,0.15699058410169123,0.5116110378989672,0.020764979641166886
1,All Population,1,Deaths,4864,Nagaland,1,Male,9,20-24 years,493,Ischemic heart disease,102,High alcohol use,1,Number,2016,-0.11191151224818449,0.10034910203914488,-0.32918320155340697
1,All Population,1,Deaths,4864,Nagaland,2,Female,9,20-24 years,493,Ischemic heart disease,102,High alcohol use,1,Number,2016,-0.010288568740573467,0.009445492080159705,-0.032478633861212435
1,All Population,1,Deaths,4869,Sikkim,1,Male,9,20-24 years,494,Stroke,332,Chewing tobacco,1,Number,2016,0.016755237414533972,0.03937747588659798,0.005277818908905021
1,All Population,1,Deaths,4869,Sikkim,2,Female,9,20-24 years,494,Stroke,332,Chewing tobacco,1,Number,2016,0.0033248040275735895,0.009215166866173201,0.0008288571156246034
1,All Population,1,Deaths,4863,Mizoram,1,Male,9,20-24 years,494,Stroke,332,Chewing tobacco,1,Number,2015,0.028998439724200516,0.06163092895243553,0.01041403218106554
1,All Population,1,Deaths,4863,Mizoram,2,Female,9,20-24 years,494,Stroke,332,Chewing tobacco,1,Number,2015,0.03569626312636136,0.07707913342712791,0.013782241488321113
1,All Population,1,Deaths,4842,Arunachal Pradesh,1,Male,9,20-24 years,494,Stroke,102,High alcohol use,1,Number,2017,0.025243496552556213,0.08159526836415021,-0.003603588937814402
1,All Population,1,Deaths,4842,Arunachal Pradesh,2,Female,9,20-24 years,494,Stroke,102,High alcohol use,1,Number,2017,-0.0017958359171203846,0.0037842380787517327,-0.006952120924013536
1,All Population,1,Deaths,4874,Uttarakhand,1,Male,9,20-24 years,494,Stroke,102,High alcohol use,1,Number,2017,0.07523873537442313,0.2629724354127223,-0.01242953669185439
1,All Population,1,Deaths,4874,Uttarakhand,2,Female,9,20-24 years,494,Stroke,102,High alcohol use,1,Number,2017,-0.00036887557649010626,0.00046028608176232544,-0.0015290690278635655
1,All Population,1,Deaths,4853,Himachal Pradesh,1,Male,9,20-24 years,494,Stroke,102,High alcohol use,1,Number,2017,0.019728486442036897,0.06339491315087359,-0.0027623771883210566
1,All Population,1,Deaths,4853,Himachal Pradesh,2,Female,9,20-24 years,494,Stroke,102,High alcohol use,1,Number,2017,-9.011543790146985e-05,0.00016146425079925967,-0.00034940554398667895
1,All Population,1,Deaths,4846,Chhattisgarh,1,Male,9,20-24 years,499,Cardiomyopathy and myocarditis,102,High alcohol use,1,Number,2016,0.3282517363866865,1.2014926296300965,0.0444770033116468
1,All Population,1,Deaths,4846,Chhattisgarh,2,Female,9,20-24 years,499,Cardiomyopathy and myocarditis,102,High alcohol use,1,Number,2016,0.09041928625243902,0.4768766858728784,0.008007007730881987
1,All Population,1,Deaths,4868,Rajasthan,1,Male,9,20-24 years,494,Stroke,102,High alcohol use,1,Number,2017,0.1409608598191706,0.4994919532641375,-0.01670394726023074
1,All Population,1,Deaths,4868,Rajasthan,2,Female,9,20-24 years,494,Stroke,102,High alcohol use,1,Number,2017,-0.0017863190863565577,0.002024004477414206,-0.006933435762516186
1,All Population,1,Deaths,4875,West Bengal,1,Male,9,20-24 years,494,Stroke,332,Chewing tobacco,1,Number,2015,7.579346481368361,14.544174918843359,2.884450475911033
1,All Population,1,Deaths,4875,West Bengal,2,Female,9,20-24 years,494,Stroke,332,Chewing tobacco,1,Number,2015,1.9239395838225544,4.941604921139862,0.6703179241003123
1,All Population,1,Deaths,4854,Jammu & Kashmir and Ladakh,1,Male,9,20-24 years,494,Stroke,332,Chewing tobacco,1,Number,2017,0.09865772001841012,0.2594190614530973,0.02905787521149109
1,All Population,1,Deaths,4854,Jammu & Kashmir and Ladakh,2,Female,9,20-24 years,494,Stroke,332,Chewing tobacco,1,Number,2017,0.009857656739093392,0.02996766863631161,0.0023115840941275493
1,All Population,1,Deaths,4873,Uttar Pradesh,1,Male,9,20-24 years,499,Cardiomyopathy and myocarditis,102,High alcohol use,1,Number,2017,1.4637569084380537,4.962288564733372,0.2389338486333465
1,All Population,1,Deaths,4873,Uttar Pradesh,2,Female,9,20-24 years,499,Cardiomyopathy and myocarditis,102,High alcohol use,1,Number,2017,0.730275805960887,3.6508228613145226,0.09539949723258731
1,All Population,1,Deaths,4860,Maharashtra,1,Male,9,20-24 years,494,Stroke,102,High alcohol use,1,Number,2017,0.8705936459958779,2.7900939622914764,-0.1209318241129809
1,All Population,1,Deaths,4860,Maharashtra,2,Female,9,20-24 years,494,Stroke,102,High alcohol use,1,Number,2017,-0.002290305464121384,0.0036483904979591215,-0.00834495606010385
1,All Population,1,Deaths,4843,Assam,1,Male,9,20-24 years,498,Hypertensive heart disease,102,High alcohol use,1,Number,2015,0.14766068907989688,0.3443852362107803,0.05525337379619785
1,All Population,1,Deaths,4843,Assam,2,Female,9,20-24 years,498,Hypertensive heart disease,102,High alcohol use,1,Number,2015,0.0035148864033623935,0.009815359306626973,0.00046588265728406825
1,All Population,1,Deaths,4854,Jammu & Kashmir and Ladakh,1,Male,9,20-24 years,494,Stroke,332,Chewing tobacco,1,Number,2015,0.12576559246372782,0.2933985939285517,0.037715221724302715
1,All Population,1,Deaths,4854,Jammu & Kashmir and Ladakh,2,Female,9,20-24 years,494,Stroke,332,Chewing tobacco,1,Number,2015,0.0125414098990902,0.03548891745326121,0.003056678651712362
1,All Population,1,Deaths,4871,Telangana,1,Male,9,20-24 years,498,Hypertensive heart disease,102,High alcohol use,1,Number,2014,0.32922120681198214,0.7132792489010265,0.13590630876038076
1,All Population,1,Deaths,4871,Telangana,2,Female,9,20-24 years,498,Hypertensive heart disease,102,High alcohol use,1,Number,2014,0.00459705959132694,0.012020175049071928,0.0005979968060386099
1,All Population,1,Deaths,4871,Telangana,1,Male,9,20-24 years,499,Cardiomyopathy and myocarditis,102,High alcohol use,1,Number,2014,0.382242549759973,1.2574493119122998,0.06337454065887839
1,All Population,1,Deaths,4871,Telangana,2,Female,9,20-24 years,499,Cardiomyopathy and myocarditis,102,High alcohol use,1,Number,2014,0.11723541795629436,0.46215553506208545,0.014022407907094622
1,All Population,1,Deaths,4873,Uttar Pradesh,1,Male,9,20-24 years,494,Stroke,332,Chewing tobacco,1,Number,2014,19.326468284452087,37.393533559828576,8.376368064440474
1,All Population,1,Deaths,4873,Uttar Pradesh,2,Female,9,20-24 years,494,Stroke,332,Chewing tobacco,1,Number,2014,3.243586200532252,8.041632317152922,0.7973646140235455
1,All Population,1,Deaths,4844,Bihar,1,Male,9,20-24 years,498,Hypertensive heart disease,102,High alcohol use,1,Number,2015,0.24810416357904913,0.5412551776670271,0.08559821277153687
1,All Population,1,Deaths,4844,Bihar,2,Female,9,20-24 years,498,Hypertensive heart disease,102,High alcohol use,1,Number,2015,0.0013229551656659326,0.0037724741121060315,0.00015573415364659
1,All Population,1,Deaths,4873,Uttar Pradesh,1,Male,9,20-24 years,494,Stroke,102,High alcohol use,1,Number,2015,-0.012997425218717116,0.620956846575832,-0.62196063343269
1,All Population,1,Deaths,4873,Uttar Pradesh,2,Female,9,20-24 years,494,Stroke,102,High alcohol use,1,Number,2015,-0.0066737466901848315,0.009472046192641762,-0.028420872408213088
1,All Population,1,Deaths,4874,Uttarakhand,1,Male,9,20-24 years,498,Hypertensive heart disease,102,High alcohol use,1,Number,2016,0.04856589996059358,0.1085740973646946,0.01614700592099031
1,All Population,1,Deaths,4874,Uttarakhand,2,Female,9,20-24 years,498,Hypertensive heart disease,102,High alcohol use,1,Number,2016,0.0002145003057743821,0.0006208387458141074,2.772118785070462e-05
1,All Population,1,Deaths,4871,Telangana,1,Male,9,20-24 years,494,Stroke,332,Chewing tobacco,1,Number,2017,0.976075058204643,2.280619398907846,0.2728606044755878
1,All Population,1,Deaths,4871,Telangana,2,Female,9,20-24 years,494,Stroke,332,Chewing tobacco,1,Number,2017,0.18944277574421348,0.5484177001033269,0.047811052381455686
1,All Population,1,Deaths,4841,Andhra Pradesh,1,Male,9,20-24 years,494,Stroke,102,High alcohol use,1,Number,2016,0.24390831066414628,0.8439015944443564,-0.02984397683605952
1,All Population,1,Deaths,4841,Andhra Pradesh,2,Female,9,20-24 years,494,Stroke,102,High alcohol use,1,Number,2016,-0.003417231722494949,0.005051998681594587,-0.012170971701483088
1,All Population,1,Deaths,4853,Himachal Pradesh,1,Male,9,20-24 years,494,Stroke,102,High alcohol use,1,Number,2015,0.021672947743032574,0.06401040626445592,-0.0033730626820775425
1,All Population,1,Deaths,4853,Himachal Pradesh,2,Female,9,20-24 years,494,Stroke,102,High alcohol use,1,Number,2015,-8.307275164860793e-05,0.0001644798276099053,-0.00032471085497706037
1,All Population,1,Deaths,4851,Gujarat,1,Male,9,20-24 years,494,Stroke,332,Chewing tobacco,1,Number,2015,8.946985444367469,17.03653855500324,3.383878563249525
1,All Population,1,Deaths,4851,Gujarat,2,Female,9,20-24 years,494,Stroke,332,Chewing tobacco,1,Number,2015,0.7252347230138377,1.9329865051845658,0.20450903634694803
1,All Population,1,Deaths,4863,Mizoram,1,Male,9,20-24 years,498,Hypertensive heart disease,102,High alcohol use,1,Number,2017,0.0028553062571823043,0.006650773045338146,0.001118206589778735
1,All Population,1,Deaths,4863,Mizoram,2,Female,9,20-24 years,498,Hypertensive heart disease,102,High alcohol use,1,Number,2017,0.00012634930656922724,0.0003156519325040502,1.914961576319559e-05
1,All Population,1,Deaths,4868,Rajasthan,1,Male,9,20-24 years,499,Cardiomyopathy and myocarditis,102,High alcohol use,1,Number,2016,0.4853666675625329,1.878341438972079,0.08333183716889027
1,All Population,1,Deaths,4868,Rajasthan,2,Female,9,20-24 years,499,Cardiomyopathy and myocarditis,102,High alcohol use,1,Number,2016,0.14164639828428802,0.6862283111249246,0.01913386305442272
1,All Population,1,Deaths,4849,Delhi,1,Male,9,20-24 years,494,Stroke,332,Chewing tobacco,1,Number,2015,0.4798278043226411,1.109148737901106,0.1626059113095702
1,All Population,1,Deaths,4849,Delhi,2,Female,9,20-24 years,494,Stroke,332,Chewing tobacco,1,Number,2015,0.04437053721278879,0.1434664690185954,0.01072531233694807
1,All Population,1,Deaths,4875,West Bengal,1,Male,9,20-24 years,494,Stroke,332,Chewing tobacco,1,Number,2017,5.335878089840069,10.764271510839032,1.963760554559195
1,All Population,1,Deaths,4875,West Bengal,2,Female,9,20-24 years,494,Stroke,332,Chewing tobacco,1,Number,2017,1.6140605514836415,3.9928088259352448,0.5318038045978913
1,All Population,1,Deaths,4864,Nagaland,1,Male,9,20-24 years,499,Cardiomyopathy and myocarditis,102,High alcohol use,1,Number,2017,0.015918489322090196,0.05389434054679708,0.0030913606921495612
1,All Population,1,Deaths,4864,Nagaland,2,Female,9,20-24 years,499,Cardiomyopathy and myocarditis,102,High alcohol use,1,Number,2017,0.005372599170190032,0.02184144110484953,0.0006195735166134719
1,All Population,1,Deaths,4857,Kerala,1,Male,9,20-24 years,498,Hypertensive heart disease,102,High alcohol use,1,Number,2017,0.0909126424861525,0.1845873267253299,0.03602290726368536
1,All Population,1,Deaths,4857,Kerala,2,Female,9,20-24 years,498,Hypertensive heart disease,102,High alcohol use,1,Number,2017,0.0011542357125306599,0.003107353913542957,0.00021429837665548905
1,All Population,1,Deaths,4867,Punjab,1,Male,9,20-24 years,498,Hypertensive heart disease,102,High alcohol use,1,Number,2015,0.10779778716132317,0.22504545182210098,0.040949117438392774
1,All Population,1,Deaths,4867,Punjab,2,Female,9,20-24 years,498,Hypertensive heart disease,102,High alcohol use,1,Number,2015,0.0004297729987752758,0.001139713763203658,6.466792238258693e-05
1,All Population,1,Deaths,4841,Andhra Pradesh,1,Male,9,20-24 years,494,Stroke,332,Chewing tobacco,1,Number,2016,0.5646112095715842,1.0858257326718121,0.2177840414874696
1,All Population,1,Deaths,4841,Andhra Pradesh,2,Female,9,20-24 years,494,Stroke,332,Chewing tobacco,1,Number,2016,0.1272359758094187,0.3898834309991503,0.027529850708614724
1,All Population,1,Deaths,4852,Haryana,1,Male,9,20-24 years,494,Stroke,332,Chewing tobacco,1,Number,2016,1.0929405908779781,2.573532171783205,0.3540159287353416
1,All Population,1,Deaths,4852,Haryana,2,Female,9,20-24 years,494,Stroke,332,Chewing tobacco,1,Number,2016,0.07867570823640795,0.22413093742081602,0.018570498604071076
1,All Population,1,Deaths,4851,Gujarat,1,Male,9,20-24 years,494,Stroke,102,High alcohol use,1,Number,2017,0.18961684791824798,0.6512394576572313,-0.02858454468393224
1,All Population,1,Deaths,4851,Gujarat,2,Female,9,20-24 years,494,Stroke,102,High alcohol use,1,Number,2017,-0.0017342490911813728,0.002807334491722812,-0.006646590258842741
1,All Population,1,Deaths,4849,Delhi,1,Male,9,20-24 years,494,Stroke,332,Chewing tobacco,1,Number,2017,0.3055908902440699,0.6728847723671582,0.08893535384409484
1,All Population,1,Deaths,4849,Delhi,2,Female,9,20-24 years,494,Stroke,332,Chewing tobacco,1,Number,2017,0.03849098355376392,0.11580431827915344,0.010629156327724468
1,All Population,1,Deaths,4861,Manipur,1,Male,9,20-24 years,498,Hypertensive heart disease,102,High alcohol use,1,Number,2015,0.013466075603532801,0.02800248842073359,0.005066680917390223
1,All Population,1,Deaths,4861,Manipur,2,Female,9,20-24 years,498,Hypertensive heart disease,102,High alcohol use,1,Number,2015,0.00033409097840515165,0.000820122764833388,4.699650234287114e-05
1,All Population,1,Deaths,4861,Manipur,1,Male,9,20-24 years,494,Stroke,332,Chewing tobacco,1,Number,2016,0.4340186902295611,0.7830078802755664,0.18890842489477272
1,All Population,1,Deaths,4861,Manipur,2,Female,9,20-24 years,494,Stroke,332,Chewing tobacco,1,Number,2016,0.3060751719338648,0.6104702428470323,0.12885619955505093
1,All Population,1,Deaths,4861,Manipur,1,Male,9,20-24 years,499,Cardiomyopathy and myocarditis,102,High alcohol use,1,Number,2014,0.0220723484602668,0.07879099039497561,0.0031846119474974637
1,All Population,1,Deaths,4861,Manipur,2,Female,9,20-24 years,499,Cardiomyopathy and myocarditis,102,High alcohol use,1,Number,2014,0.007645442935734175,0.034446220855552684,0.0006984374754636967
1,All Population,1,Deaths,4853,Himachal Pradesh,1,Male,9,20-24 years,499,Cardiomyopathy and myocarditis,102,High alcohol use,1,Number,2017,0.03145682309503068,0.11299019499412499,0.006074331653031704
1,All Population,1,Deaths,4853,Himachal Pradesh,2,Female,9,20-24 years,499,Cardiomyopathy and myocarditis,102,High alcohol use,1,Number,2017,0.008419007758570969,0.03286160534690482,0.001041266238994632
1,All Population,1,Deaths,4855,Jharkhand,1,Male,9,20-24 years,499,Cardiomyopathy and myocarditis,102,High alcohol use,1,Number,2016,0.14338953115318367,0.5128202250549383,0.024114630043851455
1,All Population,1,Deaths,4855,Jharkhand,2,Female,9,20-24 years,499,Cardiomyopathy and myocarditis,102,High alcohol use,1,Number,2016,0.05516356936404064,0.25834475872000773,0.005615752061028094
1,All Population,1,Deaths,4874,Uttarakhand,1,Male,9,20-24 years,499,Cardiomyopathy and myocarditis,102,High alcohol use,1,Number,2016,0.0947621281571327,0.34888921865777944,0.013685168848866648
1,All Population,1,Deaths,4874,Uttarakhand,2,Female,9,20-24 years,499,Cardiomyopathy and myocarditis,102,High alcohol use,1,Number,2016,0.04461282637429837,0.23328748106216202,0.004471886852609778
1,All Population,1,Deaths,4869,Sikkim,1,Male,9,20-24 years,499,Cardiomyopathy and myocarditis,102,High alcohol use,1,Number,2017,0.004485075736541597,0.015564405959401454,0.0008362738507722381
1,All Population,1,Deaths,4869,Sikkim,2,Female,9,20-24 years,499,Cardiomyopathy and myocarditis,102,High alcohol use,1,Number,2017,0.001524998562266957,0.005330391520468999,0.00021133289174518854
1,All Population,1,Deaths,4853,Himachal Pradesh,1,Male,9,20-24 years,494,Stroke,332,Chewing tobacco,1,Number,2015,0.06683093916671105,0.15802194818519283,0.021209845204924384
1,All Population,1,Deaths,4853,Himachal Pradesh,2,Female,9,20-24 years,494,Stroke,332,Chewing tobacco,1,Number,2015,0.004036545192101002,0.011768925715280987,0.0008958761690206744
1,All Population,1,Deaths,4867,Punjab,1,Male,9,20-24 years,498,Hypertensive heart disease,102,High alcohol use,1,Number,2017,0.09965803584441353,0.20597459854377032,0.04049673568195589
1,All Population,1,Deaths,4867,Punjab,2,Female,9,20-24 years,498,Hypertensive heart disease,102,High alcohol use,1,Number,2017,0.00047913962640015365,0.0013612109988121002,7.070050137666056e-05
1,All Population,1,Deaths,4860,Maharashtra,1,Male,9,20-24 years,493,Ischemic heart disease,102,High alcohol use,1,Number,2014,-3.886760457059065,3.7408606824074404,-11.445684624415696
1,All Population,1,Deaths,4860,Maharashtra,2,Female,9,20-24 years,493,Ischemic heart disease,102,High alcohol use,1,Number,2014,-0.04493328193498154,0.04058165072821621,-0.15453416694052072
1,All Population,1,Deaths,4859,Madhya Pradesh,1,Male,9,20-24 years,499,Cardiomyopathy and myocarditis,102,High alcohol use,1,Number,2015,0.6483808973393683,2.2920402346412776,0.1043721407846106
1,All Population,1,Deaths,4859,Madhya Pradesh,2,Female,9,20-24 years,499,Cardiomyopathy and myocarditis,102,High alcohol use,1,Number,2015,0.1758946081905959,0.7801198210652012,0.016376942110531603
1,All Population,1,Deaths,4865,Odisha,1,Male,9,20-24 years,494,Stroke,332,Chewing tobacco,1,Number,2017,4.282905237166747,8.01128808944935,1.8763413074532276
1,All Population,1,Deaths,4865,Odisha,2,Female,9,20-24 years,494,Stroke,332,Chewing tobacco,1,Number,2017,1.667648276360042,3.949859098333126,0.5282545301861876
1,All Population,1,Deaths,4853,Himachal Pradesh,1,Male,9,20-24 years,494,Stroke,332,Chewing tobacco,1,Number,2017,0.051984553769600206,0.1231959248701858,0.013908938117431052
1,All Population,1,Deaths,4853,Himachal Pradesh,2,Female,9,20-24 years,494,Stroke,332,Chewing tobacco,1,Number,2017,0.0033893162127405243,0.009391346592076012,0.0008588274205163708
1,All Population,1,Deaths,4874,Uttarakhand,1,Male,9,20-24 years,498,Hypertensive heart disease,102,High alcohol use,1,Number,2017,0.04977578141632803,0.10982630131338968,0.01634507645863141
1,All Population,1,Deaths,4874,Uttarakhand,2,Female,9,20-24 years,498,Hypertensive heart disease,102,High alcohol use,1,Number,2017,0.0002456697992068469,0.0007192763080271351,3.60547434841985e-05
1,All Population,1,Deaths,4842,Arunachal Pradesh,1,Male,9,20-24 years,494,Stroke,102,High alcohol use,1,Number,2015,0.024583855314655605,0.07720662794437211,-0.004158654713282973
1,All Population,1,Deaths,4842,Arunachal Pradesh,2,Female,9,20-24 years,494,Stroke,102,High alcohol use,1,Number,2015,-0.0014783778006963477,0.00321919182894248,-0.0059162021249073915
1,All Population,1,Deaths,4842,Arunachal Pradesh,1,Male,9,20-24 years,494,Stroke,102,High alcohol use,1,Number,2016,0.024699309654900976,0.08080424845025419,-0.0038629433351321163
1,All Population,1,Deaths,4842,Arunachal Pradesh,2,Female,9,20-24 years,494,Stroke,102,High alcohol use,1,Number,2016,-0.001593784838300291,0.0033417559668947037,-0.0061863135555533435
1,All Population,1,Deaths,4850,Goa,1,Male,9,20-24 years,494,Stroke,102,High alcohol use,1,Number,2016,0.02702886532977137,0.09548984870550146,-0.0040389440477051446
1,All Population,1,Deaths,4850,Goa,2,Female,9,20-24 years,494,Stroke,102,High alcohol use,1,Number,2016,-0.0002404403950521032,0.0003791575415875311,-0.000988908495103373
1,All Population,1,Deaths,4846,Chhattisgarh,1,Male,9,20-24 years,494,Stroke,332,Chewing tobacco,1,Number,2016,7.799937326319807,14.488280766313208,3.5727405066305273
1,All Population,1,Deaths,4846,Chhattisgarh,2,Female,9,20-24 years,494,Stroke,332,Chewing tobacco,1,Number,2016,1.8641288099067248,4.432503330689595,0.619469029530434
1,All Population,1,Deaths,4843,Assam,1,Male,9,20-24 years,499,Cardiomyopathy and myocarditis,102,High alcohol use,1,Number,2018,0.16834953626035795,0.5299653337370315,0.029149477864126305
1,All Population,1,Deaths,4843,Assam,2,Female,9,20-24 years,499,Cardiomyopathy and myocarditis,102,High alcohol use,1,Number,2018,0.08520289136722631,0.3508227875549782,0.010210298822522765
1,All Population,1,Deaths,4850,Goa,1,Male,9,20-24 years,499,Cardiomyopathy and myocarditis,102,High alcohol use,1,Number,2017,0.013283594349153544,0.04748385868124138,0.0028712144342601274
1,All Population,1,Deaths,4850,Goa,2,Female,9,20-24 years,499,Cardiomyopathy and myocarditis,102,High alcohol use,1,Number,2017,0.0018885207878660405,0.007498557412434915,0.0002731684448306945
1,All Population,1,Deaths,4851,Gujarat,1,Male,9,20-24 years,493,Ischemic heart disease,102,High alcohol use,1,Number,2015,-1.3574478600045148,1.2747738449331791,-4.203427666785787
1,All Population,1,Deaths,4851,Gujarat,2,Female,9,20-24 years,493,Ischemic heart disease,102,High alcohol use,1,Number,2015,-0.027122173959457863,0.026752124663386827,-0.10203628551039151
1,All Population,1,Deaths,44538,Other Union Territories,1,Male,9,20-24 years,499,Cardiomyopathy and myocarditis,102,High alcohol use,1,Number,2017,0.023256236441796595,0.07153263524754554,0.0045570860231369
1,All Population,1,Deaths,44538,Other Union Territories,2,Female,9,20-24 years,499,Cardiomyopathy and myocarditis,102,High alcohol use,1,Number,2017,0.007082135887778661,0.027381046227310264,0.0010140590623838833
1,All Population,1,Deaths,44538,Other Union Territories,1,Male,9,20-24 years,494,Stroke,332,Chewing tobacco,1,Number,2017,0.090073489615718,0.190731315490473,0.031815373500096736
1,All Population,1,Deaths,44538,Other Union Territories,2,Female,9,20-24 years,494,Stroke,332,Chewing tobacco,1,Number,2017,0.010620170126762127,0.030255433157377762,0.002821656214285477
1,All Population,1,Deaths,4852,Haryana,1,Male,9,20-24 years,494,Stroke,102,High alcohol use,1,Number,2016,-0.00797300174736041,0.1718204678352278,-0.14282183683073668
1,All Population,1,Deaths,4852,Haryana,2,Female,9,20-24 years,494,Stroke,102,High alcohol use,1,Number,2016,-0.0010712939581811862,0.0015957723466988954,-0.004094926461592811
1,All Population,1,Deaths,4862,Meghalaya,1,Male,9,20-24 years,498,Hypertensive heart disease,102,High alcohol use,1,Number,2016,0.017686980148755665,0.04189791570674248,0.006224451851439985
1,All Population,1,Deaths,4862,Meghalaya,2,Female,9,20-24 years,498,Hypertensive heart disease,102,High alcohol use,1,Number,2016,0.00022262892643676142,0.0005604909670640413,3.3142063789674554e-05
1,All Population,1,Deaths,4869,Sikkim,1,Male,9,20-24 years,494,Stroke,102,High alcohol use,1,Number,2017,0.004346313492343808,0.014331088733036934,-0.0006051850647423815
1,All Population,1,Deaths,4869,Sikkim,2,Female,9,20-24 years,494,Stroke,102,High alcohol use,1,Number,2017,-0.0003775397366547361,0.0005139947599394084,-0.0013519437719631297
1,All Population,1,Deaths,4870,Tamil Nadu,1,Male,9,20-24 years,498,Hypertensive heart disease,102,High alcohol use,1,Number,2017,0.3344067279622693,0.6380464386205575,0.12506319180348188
1,All Population,1,Deaths,4870,Tamil Nadu,2,Female,9,20-24 years,498,Hypertensive heart disease,102,High alcohol use,1,Number,2017,0.0007660973759946332,0.0023420640073153675,0.00011557186598475103
1,All Population,1,Deaths,4854,Jammu & Kashmir and Ladakh,1,Male,9,20-24 years,494,Stroke,102,High alcohol use,1,Number,2018,0.013446009132476445,0.04587371955280258,-0.0018117051031742348
1,All Population,1,Deaths,4854,Jammu & Kashmir and Ladakh,2,Female,9,20-24 years,494,Stroke,102,High alcohol use,1,Number,2018,-0.00013657150266357596,0.0002294374405210854,-0.0005336941229257521
1,All Population,1,Deaths,4862,Meghalaya,1,Male,9,20-24 years,498,Hypertensive heart disease,102,High alcohol use,1,Number,2017,0.018455417942674576,0.04114596602225955,0.006549244689832502
1,All Population,1,Deaths,4862,Meghalaya,2,Female,9,20-24 years,498,Hypertensive heart disease,102,High alcohol use,1,Number,2017,0.0002677608850433638,0.0007106584352519436,3.886835690471507e-05
1,All Population,1,Deaths,4870,Tamil Nadu,1,Male,9,20-24 years,493,Ischemic heart disease,102,High alcohol use,1,Number,2016,-6.6888231777899465,7.262312064753334,-20.75413612046119
1,All Population,1,Deaths,4870,Tamil Nadu,2,Female,9,20-24 years,493,Ischemic heart disease,102,High alcohol use,1,Number,2016,-0.02860048645684194,0.029835429712202943,-0.11130575856072573
1,All Population,1,Deaths,4841,Andhra Pradesh,1,Male,9,20-24 years,499,Cardiomyopathy and myocarditis,102,High alcohol use,1,Number,2018,0.2674889469816362,0.9948711488258525,0.05877539590999791
1,All Population,1,Deaths,4841,Andhra Pradesh,2,Female,9,20-24 years,499,Cardiomyopathy and myocarditis,102,High alcohol use,1,Number,2018,0.07482970435026036,0.24959093740128663,0.011453997606245889
1,All Population,1,Deaths,4863,Mizoram,1,Male,9,20-24 years,494,Stroke,102,High alcohol use,1,Number,2016,0.004787803328282231,0.015590953671345506,-0.0007113200712059775
1,All Population,1,Deaths,4863,Mizoram,2,Female,9,20-24 years,494,Stroke,102,High alcohol use,1,Number,2016,-7.40446529244145e-05,0.00011432059173084033,-0.00027639244959007646
1,All Population,1,Deaths,4855,Jharkhand,1,Male,9,20-24 years,493,Ischemic heart disease,102,High alcohol use,1,Number,2016,-0.7651855371411501,0.6486050627411071,-2.3705285151038002
1,All Population,1,Deaths,4855,Jharkhand,2,Female,9,20-24 years,493,Ischemic heart disease,102,High alcohol use,1,Number,2016,-0.09391710099014972,0.07445406914322117,-0.356729934422508
1,All Population,1,Deaths,4863,Mizoram,1,Male,9,20-24 years,493,Ischemic heart disease,102,High alcohol use,1,Number,2015,-0.01647018916454802,0.01450071975789893,-0.055163523217320765
1,All Population,1,Deaths,4863,Mizoram,2,Female,9,20-24 years,493,Ischemic heart disease,102,High alcohol use,1,Number,2015,-0.0011534003688896703,0.0011578427550198393,-0.004302113411140566
1,All Population,1,Deaths,4865,Odisha,1,Male,9,20-24 years,498,Hypertensive heart disease,102,High alcohol use,1,Number,2015,0.13799398961765216,0.3226589105421815,0.0543011885854056
1,All Population,1,Deaths,4865,Odisha,2,Female,9,20-24 years,498,Hypertensive heart disease,102,High alcohol use,1,Number,2015,0.00279006115652145,0.006915906772921589,0.000420267047797065
1,All Population,1,Deaths,4859,Madhya Pradesh,1,Male,9,20-24 years,498,Hypertensive heart disease,102,High alcohol use,1,Number,2017,0.2507457630499624,0.568992810179997,0.08778197851814015
1,All Population,1,Deaths,4859,Madhya Pradesh,2,Female,9,20-24 years,498,Hypertensive heart disease,102,High alcohol use,1,Number,2017,0.002343656678932375,0.005986466175071516,0.00045329776385639173
1,All Population,1,Deaths,4864,Nagaland,1,Male,9,20-24 years,498,Hypertensive heart disease,102,High alcohol use,1,Number,2015,0.011230409367276544,0.02323526113007153,0.004441129430008106
1,All Population,1,Deaths,4864,Nagaland,2,Female,9,20-24 years,498,Hypertensive heart disease,102,High alcohol use,1,Number,2015,0.00025320539412430285,0.0006366241633477453,3.985132123396522e-05
1,All Population,1,Deaths,4855,Jharkhand,1,Male,9,20-24 years,498,Hypertensive heart disease,102,High alcohol use,1,Number,2015,0.08165966398534674,0.19744837524546252,0.03299140324102965
1,All Population,1,Deaths,4855,Jharkhand,2,Female,9,20-24 years,498,Hypertensive heart disease,102,High alcohol use,1,Number,2015,0.002325991046376706,0.007059947171291136,0.0003152847174146784
1,All Population,1,Deaths,4841,Andhra Pradesh,1,Male,9,20-24 years,493,Ischemic heart disease,102,High alcohol use,1,Number,2018,-3.1771947760521426,2.602817748738483,-9.079422261934816
1,All Population,1,Deaths,4841,Andhra Pradesh,2,Female,9,20-24 years,493,Ischemic heart disease,102,High alcohol use,1,Number,2018,-0.078037705208546,0.06451521411200418,-0.26901032821315335
1,All Population,1,Deaths,4854,Jammu & Kashmir and Ladakh,1,Male,9,20-24 years,498,Hypertensive heart disease,102,High alcohol use,1,Number,2018,0.011323264978804846,0.02508653690166261,0.003907199617996527
1,All Population,1,Deaths,4854,Jammu & Kashmir and Ladakh,2,Female,9,20-24 years,498,Hypertensive heart disease,102,High alcohol use,1,Number,2018,0.00013781683828763876,0.000375460318565932,2.007247021830902e-05
1,All Population,1,Deaths,4846,Chhattisgarh,1,Male,9,20-24 years,494,Stroke,332,Chewing tobacco,1,Number,2018,7.313074112669107,13.407086422163395,2.815228700787999
1,All Population,1,Deaths,4846,Chhattisgarh,2,Female,9,20-24 years,494,Stroke,332,Chewing tobacco,1,Number,2018,1.7844838973778923,4.295055147076452,0.5742732805817801
1,All Population,1,Deaths,4856,Karnataka,1,Male,9,20-24 years,499,Cardiomyopathy and myocarditis,102,High alcohol use,1,Number,2015,0.45088903471143876,1.4380001112795249,0.07825629324993087
1,All Population,1,Deaths,4856,Karnataka,2,Female,9,20-24 years,499,Cardiomyopathy and myocarditis,102,High alcohol use,1,Number,2015,0.08661029840078112,0.32207966098122165,0.00982848853038292
1,All Population,1,Deaths,4870,Tamil Nadu,1,Male,9,20-24 years,493,Ischemic heart disease,102,High alcohol use,1,Number,2015,-7.857777749289489,8.606839199644018,-24.730564536538914
1,All Population,1,Deaths,4870,Tamil Nadu,2,Female,9,20-24 years,493,Ischemic heart disease,102,High alcohol use,1,Number,2015,-0.031179805174267276,0.03125560666076353,-0.12230449388080437
1,All Population,1,Deaths,4854,Jammu & Kashmir and Ladakh,1,Male,9,20-24 years,493,Ischemic heart disease,102,High alcohol use,1,Number,2017,-0.18326161813769326,0.14154303766828333,-0.6411931335998866
1,All Population,1,Deaths,4854,Jammu & Kashmir and Ladakh,2,Female,9,20-24 years,493,Ischemic heart disease,102,High alcohol use,1,Number,2017,-0.006378650008944336,0.00592278350183516,-0.026193038512328293
1,All Population,1,Deaths,4859,Madhya Pradesh,1,Male,9,20-24 years,499,Cardiomyopathy and myocarditis,102,High alcohol use,1,Number,2016,0.6073614675732903,2.1643798944400685,0.0933014992823458
1,All Population,1,Deaths,4859,Madhya Pradesh,2,Female,9,20-24 years,499,Cardiomyopathy and myocarditis,102,High alcohol use,1,Number,2016,0.1587951473273736,0.6936672572252305,0.017098189236936092
1,All Population,1,Deaths,4850,Goa,1,Male,9,20-24 years,493,Ischemic heart disease,102,High alcohol use,1,Number,2018,-0.3501889102033764,0.27893778885636916,-1.0545048834927886
1,All Population,1,Deaths,4850,Goa,2,Female,9,20-24 years,493,Ischemic heart disease,102,High alcohol use,1,Number,2018,-0.008521584312944638,0.009331349854153596,-0.027327853577812092
1,All Population,1,Deaths,4850,Goa,1,Male,9,20-24 years,494,Stroke,332,Chewing tobacco,1,Number,2016,0.050576230663569664,0.1222368060639982,0.013816800493751481
1,All Population,1,Deaths,4850,Goa,2,Female,9,20-24 years,494,Stroke,332,Chewing tobacco,1,Number,2016,0.003991397211886251,0.013116642627052567,0.0009906777425386943
1,All Population,1,Deaths,4842,Arunachal Pradesh,1,Male,9,20-24 years,498,Hypertensive heart disease,102,High alcohol use,1,Number,2015,0.010780411104436715,0.02414225893522854,0.004111823588849539
1,All Population,1,Deaths,4842,Arunachal Pradesh,2,Female,9,20-24 years,498,Hypertensive heart disease,102,High alcohol use,1,Number,2015,0.0008499097611666841,0.0021778727426184576,0.00011957447414601152
1,All Population,1,Deaths,44538,Other Union Territories,1,Male,9,20-24 years,498,Hypertensive heart disease,102,High alcohol use,1,Number,2015,0.012863442365166348,0.028783314442402265,0.004665952263266695
1,All Population,1,Deaths,44538,Other Union Territories,2,Female,9,20-24 years,498,Hypertensive heart disease,102,High alcohol use,1,Number,2015,0.00011099194981671101,0.00030859627865791446,1.4760667198680105e-05
1,All Population,1,Deaths,4843,Assam,1,Male,9,20-24 years,494,Stroke,332,Chewing tobacco,1,Number,2018,4.492173044946702,8.350084944764571,1.9362363387676957
1,All Population,1,Deaths,4843,Assam,2,Female,9,20-24 years,494,Stroke,332,Chewing tobacco,1,Number,2018,1.8035602989430672,3.8859722579902094,0.7316864014278834
1,All Population,1,Deaths,4861,Manipur,1,Male,9,20-24 years,494,Stroke,332,Chewing tobacco,1,Number,2018,0.40356128832265553,0.7721730805225676,0.1488892554024217
1,All Population,1,Deaths,4861,Manipur,2,Female,9,20-24 years,494,Stroke,332,Chewing tobacco,1,Number,2018,0.32406184607983646,0.6201954094019869,0.14064308609287088
1,All Population,1,Deaths,4868,Rajasthan,1,Male,9,20-24 years,498,Hypertensive heart disease,102,High alcohol use,1,Number,2017,0.11174449902441021,0.23299235410212213,0.04040038876414915
1,All Population,1,Deaths,4868,Rajasthan,2,Female,9,20-24 years,498,Hypertensive heart disease,102,High alcohol use,1,Number,2017,0.0012940751821039372,0.003200499286640723,0.00019681873161189777
1,All Population,1,Deaths,4855,Jharkhand,1,Male,9,20-24 years,494,Stroke,332,Chewing tobacco,1,Number,2017,1.9270630902835377,3.8423335843119855,0.6892418059030113
1,All Population,1,Deaths,4855,Jharkhand,2,Female,9,20-24 years,494,Stroke,332,Chewing tobacco,1,Number,2017,0.35070336854830897,0.998793365595295,0.09573641526793365
1,All Population,1,Deaths,4850,Goa,1,Male,9,20-24 years,494,Stroke,102,High alcohol use,1,Number,2018,0.025667475130036293,0.0794316164552069,-0.003680479118740393
1,All Population,1,Deaths,4850,Goa,2,Female,9,20-24 years,494,Stroke,102,High alcohol use,1,Number,2018,-0.00027234494142592083,0.0004395195796886866,-0.0010474212674692295
1,All Population,1,Deaths,4868,Rajasthan,1,Male,9,20-24 years,493,Ischemic heart disease,102,High alcohol use,1,Number,2017,-1.8095319342295997,1.6621519599023735,-5.677555329929324
1,All Population,1,Deaths,4868,Rajasthan,2,Female,9,20-24 years,493,Ischemic heart disease,102,High alcohol use,1,Number,2017,-0.04110256482966436,0.029714701122781198,-0.16171304819387358
1,All Population,1,Deaths,4861,Manipur,1,Male,9,20-24 years,493,Ischemic heart disease,102,High alcohol use,1,Number,2018,-0.18748343835289033,0.1573109055022655,-0.6058195406647152
1,All Population,1,Deaths,4861,Manipur,2,Female,9,20-24 years,493,Ischemic heart disease,102,High alcohol use,1,Number,2018,-0.018011468967325275,0.019134655267082152,-0.06188937609602124
1,All Population,1,Deaths,4856,Karnataka,1,Male,9,20-24 years,498,Hypertensive heart disease,102,High alcohol use,1,Number,2017,0.20552527083725655,0.4543384552431439,0.06983560759773708
1,All Population,1,Deaths,4856,Karnataka,2,Female,9,20-24 years,498,Hypertensive heart disease,102,High alcohol use,1,Number,2017,0.006641282302806806,0.014048351557269367,0.0014799785336226585
1,All Population,1,Deaths,4863,Mizoram,1,Male,9,20-24 years,499,Cardiomyopathy and myocarditis,102,High alcohol use,1,Number,2014,0.005483795222785484,0.0194781942660334,0.0007718458690774225
1,All Population,1,Deaths,4863,Mizoram,2,Female,9,20-24 years,499,Cardiomyopathy and myocarditis,102,High alcohol use,1,Number,2014,0.0018537896127728416,0.0072341381939673086,0.00026214945245289144
1,All Population,1,Deaths,4849,Delhi,1,Male,9,20-24 years,494,Stroke,102,High alcohol use,1,Number,2017,0.04954180677744695,0.16931662317642168,-0.007417789315934869
1,All Population,1,Deaths,4849,Delhi,2,Female,9,20-24 years,494,Stroke,102,High alcohol use,1,Number,2017,-0.0006432202073966548,0.0005781615527338385,-0.00239468438767324
1,All Population,1,Deaths,4857,Kerala,1,Male,9,20-24 years,494,Stroke,102,High alcohol use,1,Number,2017,0.22288030208995593,0.6948813890078172,-0.031516628625890844
1,All Population,1,Deaths,4857,Kerala,2,Female,9,20-24 years,494,Stroke,102,High alcohol use,1,Number,2017,-0.0014623769312381196,0.0021536128400883553,-0.005520365418188534
1,All Population,1,Deaths,4841,Andhra Pradesh,1,Male,9,20-24 years,498,Hypertensive heart disease,102,High alcohol use,1,Number,2017,0.18029636244972067,0.3957328343573804,0.07466513839832861
1,All Population,1,Deaths,4841,Andhra Pradesh,2,Female,9,20-24 years,498,Hypertensive heart disease,102,High alcohol use,1,Number,2017,0.002509177062339692,0.006640926164633603,0.00040672985479349075
1,All Population,1,Deaths,4874,Uttarakhand,1,Male,9,20-24 years,494,Stroke,102,High alcohol use,1,Number,2018,0.0721256692802502,0.23187140205974444,-0.01015754857683723
1,All Population,1,Deaths,4874,Uttarakhand,2,Female,9,20-24 years,494,Stroke,102,High alcohol use,1,Number,2018,-0.0004355202461192194,0.00047205819642973833,-0.0017099030121052027
1,All Population,1,Deaths,4856,Karnataka,1,Male,9,20-24 years,494,Stroke,332,Chewing tobacco,1,Number,2016,3.0772675363228332,6.6599683132718575,1.1635638217214195
1,All Population,1,Deaths,4856,Karnataka,2,Female,9,20-24 years,494,Stroke,332,Chewing tobacco,1,Number,2016,0.3314419889154764,0.9192697200111979,0.0881280351722743
1,All Population,1,Deaths,4862,Meghalaya,1,Male,9,20-24 years,494,Stroke,102,High alcohol use,1,Number,2017,0.035477242469197263,0.11812279416305607,-0.00474400023168993
1,All Population,1,Deaths,4862,Meghalaya,2,Female,9,20-24 years,494,Stroke,102,High alcohol use,1,Number,2017,-0.00038114896671879436,0.0006949503102161002,-0.001424961036458553
1,All Population,1,Deaths,4863,Mizoram,1,Male,9,20-24 years,494,Stroke,332,Chewing tobacco,1,Number,2018,0.029622894267482675,0.06432227970186066,0.010029988875600136
1,All Population,1,Deaths,4863,Mizoram,2,Female,9,20-24 years,494,Stroke,332,Chewing tobacco,1,Number,2018,0.044117175223982646,0.09732117190466714,0.016286129661341946
1,All Population,1,Deaths,4849,Delhi,1,Male,9,20-24 years,493,Ischemic heart disease,102,High alcohol use,1,Number,2017,-1.1056656794794437,0.9693177728181779,-3.5578529688942004
1,All Population,1,Deaths,4849,Delhi,2,Female,9,20-24 years,493,Ischemic heart disease,102,High alcohol use,1,Number,2017,-0.023441506918530232,0.02310430572901955,-0.08603408307978659
1,All Population,1,Deaths,4851,Gujarat,1,Male,9,20-24 years,498,Hypertensive heart disease,102,High alcohol use,1,Number,2017,0.09256389136182563,0.20848202341620425,0.03205963520273199
1,All Population,1,Deaths,4851,Gujarat,2,Female,9,20-24 years,498,Hypertensive heart disease,102,High alcohol use,1,Number,2017,0.000862912790205504,0.0023243749558024785,0.00011397513368457988
1,All Population,1,Deaths,4863,Mizoram,1,Male,9,20-24 years,494,Stroke,102,High alcohol use,1,Number,2018,0.005200451079478108,0.017077353295274166,-0.0006503182347342497
1,All Population,1,Deaths,4863,Mizoram,2,Female,9,20-24 years,494,Stroke,102,High alcohol use,1,Number,2018,-9.489701391112179e-05,0.00014126838291026733,-0.00038677264803494565
1,All Population,1,Deaths,4851,Gujarat,1,Male,9,20-24 years,494,Stroke,102,High alcohol use,1,Number,2015,0.20495088987104365,0.715475336946938,-0.03523960589154094
1,All Population,1,Deaths,4851,Gujarat,2,Female,9,20-24 years,494,Stroke,102,High alcohol use,1,Number,2015,-0.0016209090531728876,0.0029929185877196687,-0.006487939306543068
1,All Population,1,Deaths,4849,Delhi,1,Male,9,20-24 years,498,Hypertensive heart disease,102,High alcohol use,1,Number,2016,0.05214633881067379,0.1138713200146917,0.01914948816995487
1,All Population,1,Deaths,4849,Delhi,2,Female,9,20-24 years,498,Hypertensive heart disease,102,High alcohol use,1,Number,2016,0.00040766761192031315,0.0011635226409335245,6.1033117197594365e-05
1,All Population,1,Deaths,4872,Tripura,1,Male,9,20-24 years,494,Stroke,102,High alcohol use,1,Number,2018,0.055206031065915206,0.1776410529007861,-0.006584758054755396
1,All Population,1,Deaths,4872,Tripura,2,Female,9,20-24 years,494,Stroke,102,High alcohol use,1,Number,2018,-0.0017485242478635778,0.0031958957837315395,-0.006350691472357707
1,All Population,1,Deaths,4875,West Bengal,1,Male,9,20-24 years,494,Stroke,332,Chewing tobacco,1,Number,2016,6.349273212956281,12.34457424123621,2.3617142264349607
1,All Population,1,Deaths,4875,West Bengal,2,Female,9,20-24 years,494,Stroke,332,Chewing tobacco,1,Number,2016,1.8162812649076603,4.479940165161054,0.6181258995038281
1,All Population,1,Deaths,4872,Tripura,1,Male,9,20-24 years,499,Cardiomyopathy and myocarditis,102,High alcohol use,1,Number,2016,0.022901887823783402,0.08928636341299556,0.004316960962630236
1,All Population,1,Deaths,4872,Tripura,2,Female,9,20-24 years,499,Cardiomyopathy and myocarditis,102,High alcohol use,1,Number,2016,0.009708366541610475,0.04133079814356851,0.0011434333214511276
1,All Population,1,Deaths,4870,Tamil Nadu,1,Male,9,20-24 years,494,Stroke,332,Chewing tobacco,1,Number,2018,1.0002897186979747,2.26535582530026,0.29012660009164404
1,All Population,1,Deaths,4870,Tamil Nadu,2,Female,9,20-24 years,494,Stroke,332,Chewing tobacco,1,Number,2018,0.20438941142731804,0.5302649007815765,0.06008998436405594
1,All Population,1,Deaths,4870,Tamil Nadu,1,Male,9,20-24 years,498,Hypertensive heart disease,102,High alcohol use,1,Number,2015,0.38770866169008766,0.7423940632429007,0.15471858800550714
1,All Population,1,Deaths,4870,Tamil Nadu,2,Female,9,20-24 years,498,Hypertensive heart disease,102,High alcohol use,1,Number,2015,0.0007891093920790054,0.002478509490941235,0.00011115170923633047
1,All Population,1,Deaths,4865,Odisha,1,Male,9,20-24 years,494,Stroke,332,Chewing tobacco,1,Number,2016,4.722470610497958,8.773511982241887,1.9951573834555374
1,All Population,1,Deaths,4865,Odisha,2,Female,9,20-24 years,494,Stroke,332,Chewing tobacco,1,Number,2016,1.6475273048675203,3.8251381312884334,0.5336324928952881
1,All Population,1,Deaths,4846,Chhattisgarh,1,Male,9,20-24 years,494,Stroke,102,High alcohol use,1,Number,2018,0.9249609009534406,3.104811065626833,-0.12628679597388762
1,All Population,1,Deaths,4846,Chhattisgarh,2,Female,9,20-24 years,494,Stroke,102,High alcohol use,1,Number,2018,-0.014210386059289174,0.022478381794585077,-0.054627286916672346
1,All Population,1,Deaths,4865,Odisha,1,Male,9,20-24 years,493,Ischemic heart disease,102,High alcohol use,1,Number,2017,-1.2603962442491878,1.098497325586121,-3.9294557758812423
1,All Population,1,Deaths,4865,Odisha,2,Female,9,20-24 years,493,Ischemic heart disease,102,High alcohol use,1,Number,2017,-0.09196420568182621,0.07449324929521488,-0.3293062005345251
1,All Population,1,Deaths,4844,Bihar,1,Male,9,20-24 years,494,Stroke,332,Chewing tobacco,1,Number,2017,2.910691536389211,5.971306703501959,1.1286097111022293
1,All Population,1,Deaths,4844,Bihar,2,Female,9,20-24 years,494,Stroke,332,Chewing tobacco,1,Number,2017,0.22162492877441076,0.6319008910155501,0.048904510638231535
1,All Population,1,Deaths,4843,Assam,1,Male,9,20-24 years,494,Stroke,102,High alcohol use,1,Number,2018,0.7323391466001379,2.148416164313482,-0.07932218180862136
1,All Population,1,Deaths,4843,Assam,2,Female,9,20-24 years,494,Stroke,102,High alcohol use,1,Number,2018,-0.012527201718033296,0.022771799048045476,-0.04917313389441301
1,All Population,1,Deaths,4865,Odisha,1,Male,9,20-24 years,494,Stroke,102,High alcohol use,1,Number,2018,0.4433712529657749,1.457387595586113,-0.05426972347742627
1,All Population,1,Deaths,4865,Odisha,2,Female,9,20-24 years,494,Stroke,102,High alcohol use,1,Number,2018,-0.011150895925558041,0.018162993141246572,-0.042249261405951095
1,All Population,1,Deaths,4868,Rajasthan,1,Male,9,20-24 years,493,Ischemic heart disease,102,High alcohol use,1,Number,2018,-1.7874958252245927,1.5695769308305119,-5.890801373715952
1,All Population,1,Deaths,4868,Rajasthan,2,Female,9,20-24 years,493,Ischemic heart disease,102,High alcohol use,1,Number,2018,-0.04540256147210987,0.03441350693010735,-0.17051689636484615
1,All Population,1,Deaths,4870,Tamil Nadu,1,Male,9,20-24 years,499,Cardiomyopathy and myocarditis,102,High alcohol use,1,Number,2018,0.38096220001561776,1.1148017980664635,0.07164381776199868
1,All Population,1,Deaths,4870,Tamil Nadu,2,Female,9,20-24 years,499,Cardiomyopathy and myocarditis,102,High alcohol use,1,Number,2018,0.1275804972475649,0.4723216155750431,0.01742104550410705
1,All Population,1,Deaths,4855,Jharkhand,1,Male,9,20-24 years,493,Ischemic heart disease,102,High alcohol use,1,Number,2017,-0.6855212732047014,0.5868230914995776,-2.108517716760562
1,All Population,1,Deaths,4855,Jharkhand,2,Female,9,20-24 years,493,Ischemic heart disease,102,High alcohol use,1,Number,2017,-0.09679055984985345,0.0783045321860606,-0.36184724022502884
1,All Population,1,Deaths,4849,Delhi,1,Male,9,20-24 years,493,Ischemic heart disease,102,High alcohol use,1,Number,2015,-1.4614635728635224,1.4790032534570645,-4.897402062195865
1,All Population,1,Deaths,4849,Delhi,2,Female,9,20-24 years,493,Ischemic heart disease,102,High alcohol use,1,Number,2015,-0.021667864491433722,0.022009172805717,-0.08078060055268395
1,All Population,1,Deaths,4865,Odisha,1,Male,9,20-24 years,494,Stroke,102,High alcohol use,1,Number,2017,0.4613045154640073,1.449492698900953,-0.05797941087533681
1,All Population,1,Deaths,4865,Odisha,2,Female,9,20-24 years,494,Stroke,102,High alcohol use,1,Number,2017,-0.0098741256657968,0.017206613336570167,-0.03702792839334203
1,All Population,1,Deaths,4850,Goa,1,Male,9,20-24 years,498,Hypertensive heart disease,102,High alcohol use,1,Number,2018,0.010700160009637975,0.021949932985434954,0.003998636547558808
1,All Population,1,Deaths,4850,Goa,2,Female,9,20-24 years,498,Hypertensive heart disease,102,High alcohol use,1,Number,2018,0.0001737519239959483,0.0004750724984789232,2.7626911133031327e-05
1,All Population,1,Deaths,4853,Himachal Pradesh,1,Male,9,20-24 years,493,Ischemic heart disease,102,High alcohol use,1,Number,2015,-0.29377455900537075,0.2851268342012719,-0.8883205437324941
1,All Population,1,Deaths,4853,Himachal Pradesh,2,Female,9,20-24 years,493,Ischemic heart disease,102,High alcohol use,1,Number,2015,-0.002858981118270937,0.0026868426635645024,-0.010626741179612622
1,All Population,1,Deaths,4844,Bihar,1,Male,9,20-24 years,493,Ischemic heart disease,102,High alcohol use,1,Number,2016,-2.6061294382139386,2.4054570739728725,-9.408327947059403
1,All Population,1,Deaths,4844,Bihar,2,Female,9,20-24 years,493,Ischemic heart disease,102,High alcohol use,1,Number,2016,-0.06403158583808798,0.057283749233895634,-0.23585409130695226
1,All Population,1,Deaths,4862,Meghalaya,1,Male,9,20-24 years,493,Ischemic heart disease,102,High alcohol use,1,Number,2017,-0.15136139252648909,0.125424737500422,-0.49612200795994077
1,All Population,1,Deaths,4862,Meghalaya,2,Female,9,20-24 years,493,Ischemic heart disease,102,High alcohol use,1,Number,2017,-0.006301592029776998,0.005640323513952375,-0.020779273170166583
1,All Population,1,Deaths,4844,Bihar,1,Male,9,20-24 years,493,Ischemic heart disease,102,High alcohol use,1,Number,2017,-2.308540946303836,2.151866105744846,-8.255051698920333
1,All Population,1,Deaths,4844,Bihar,2,Female,9,20-24 years,493,Ischemic heart disease,102,High alcohol use,1,Number,2017,-0.053187683420343364,0.045811803760504866,-0.18704302983806775
1,All Population,1,Deaths,4862,Meghalaya,1,Male,9,20-24 years,494,Stroke,332,Chewing tobacco,1,Number,2018,0.1535798621197179,0.33661761435447446,0.04966356204101637
1,All Population,1,Deaths,4862,Meghalaya,2,Female,9,20-24 years,494,Stroke,332,Chewing tobacco,1,Number,2018,0.22666101004997025,0.4604882673521453,0.08879790489574162
1,All Population,1,Deaths,4853,Himachal Pradesh,1,Male,9,20-24 years,498,Hypertensive heart disease,102,High alcohol use,1,Number,2018,0.014807232025739619,0.030301884258591403,0.0057604100811986265
1,All Population,1,Deaths,4853,Himachal Pradesh,2,Female,9,20-24 years,498,Hypertensive heart disease,102,High alcohol use,1,Number,2018,0.00012544817905202324,0.00035240322078620794,1.8936635392057944e-05
1,All Population,1,Deaths,4856,Karnataka,1,Male,9,20-24 years,499,Cardiomyopathy and myocarditis,102,High alcohol use,1,Number,2016,0.40533347642981704,1.2593103769440521,0.07576711435876594
1,All Population,1,Deaths,4856,Karnataka,2,Female,9,20-24 years,499,Cardiomyopathy and myocarditis,102,High alcohol use,1,Number,2016,0.07669019664843202,0.3179090846682908,0.008880489057812028
1,All Population,1,Deaths,4859,Madhya Pradesh,1,Male,9,20-24 years,493,Ischemic heart disease,102,High alcohol use,1,Number,2018,-4.5039678188170775,3.9642672302735997,-13.751961223322876
1,All Population,1,Deaths,4859,Madhya Pradesh,2,Female,9,20-24 years,493,Ischemic heart disease,102,High alcohol use,1,Number,2018,-0.13790364637058047,0.13385990556805996,-0.4528864140862642
1,All Population,1,Deaths,4857,Kerala,1,Male,9,20-24 years,494,Stroke,332,Chewing tobacco,1,Number,2018,0.49982759687440953,1.157061159015861,0.13610368944767492
1,All Population,1,Deaths,4857,Kerala,2,Female,9,20-24 years,494,Stroke,332,Chewing tobacco,1,Number,2018,0.05051047696165792,0.14538794732332652,0.014880429792876845
1,All Population,1,Deaths,4872,Tripura,1,Male,9,20-24 years,494,Stroke,332,Chewing tobacco,1,Number,2018,0.42946078188927633,0.8994758672124367,0.15464135763088355
1,All Population,1,Deaths,4872,Tripura,2,Female,9,20-24 years,494,Stroke,332,Chewing tobacco,1,Number,2018,0.5291928909479335,1.127067853675929,0.22738557677683024
1,All Population,1,Deaths,4856,Karnataka,1,Male,9,20-24 years,494,Stroke,102,High alcohol use,1,Number,2018,0.38597916753835065,1.2833831324139384,-0.06031383086761348
1,All Population,1,Deaths,4856,Karnataka,2,Female,9,20-24 years,494,Stroke,102,High alcohol use,1,Number,2018,-0.012024033721739456,0.015962516616794105,-0.04610942477848328
1,All Population,1,Deaths,4861,Manipur,1,Male,9,20-24 years,493,Ischemic heart disease,102,High alcohol use,1,Number,2015,-0.1750598505580491,0.15272831366601286,-0.5396429214890311
1,All Population,1,Deaths,4861,Manipur,2,Female,9,20-24 years,493,Ischemic heart disease,102,High alcohol use,1,Number,2015,-0.013138195509926733,0.012786014908561282,-0.05056990369735623
1,All Population,1,Deaths,4855,Jharkhand,1,Male,9,20-24 years,493,Ischemic heart disease,102,High alcohol use,1,Number,2015,-0.7125563476717358,0.6194429863703027,-2.223977573340745
1,All Population,1,Deaths,4855,Jharkhand,2,Female,9,20-24 years,493,Ischemic heart disease,102,High alcohol use,1,Number,2015,-0.09642840980397302,0.06878848009929317,-0.36213857262178667
1,All Population,1,Deaths,4860,Maharashtra,1,Male,9,20-24 years,494,Stroke,332,Chewing tobacco,1,Number,2016,9.294110661937497,16.310892600627113,4.14262084671624
1,All Population,1,Deaths,4860,Maharashtra,2,Female,9,20-24 years,494,Stroke,332,Chewing tobacco,1,Number,2016,1.435585071763088,3.8669227210559876,0.415215063642827
1,All Population,1,Deaths,4862,Meghalaya,1,Male,9,20-24 years,494,Stroke,102,High alcohol use,1,Number,2016,0.034286121206193884,0.11133300049699778,-0.004957609585098341
1,All Population,1,Deaths,4862,Meghalaya,2,Female,9,20-24 years,494,Stroke,102,High alcohol use,1,Number,2016,-0.0003204524122597801,0.0005767655333924073,-0.0012273348407200496
1,All Population,1,Deaths,4857,Kerala,1,Male,9,20-24 years,499,Cardiomyopathy and myocarditis,102,High alcohol use,1,Number,2017,0.17446375254036814,0.5296233703436914,0.03676543059948707
1,All Population,1,Deaths,4857,Kerala,2,Female,9,20-24 years,499,Cardiomyopathy and myocarditis,102,High alcohol use,1,Number,2017,0.03982884092639563,0.13652176618092765,0.006093144300715465
1,All Population,1,Deaths,4841,Andhra Pradesh,1,Male,9,20-24 years,494,Stroke,332,Chewing tobacco,1,Number,2018,0.4675198620665424,0.9195714929783937,0.16206988001313333
1,All Population,1,Deaths,4841,Andhra Pradesh,2,Female,9,20-24 years,494,Stroke,332,Chewing tobacco,1,Number,2018,0.12097315884092959,0.34951156022382246,0.02491921981481017
1,All Population,1,Deaths,4869,Sikkim,1,Male,9,20-24 years,493,Ischemic heart disease,102,High alcohol use,1,Number,2015,-0.06606097824233657,0.04740706651214371,-0.2031718823964838
1,All Population,1,Deaths,4869,Sikkim,2,Female,9,20-24 years,493,Ischemic heart disease,102,High alcohol use,1,Number,2015,-0.009497600676818799,0.009477951960644857,-0.03402037244581153
1,All Population,1,Deaths,4855,Jharkhand,1,Male,9,20-24 years,494,Stroke,102,High alcohol use,1,Number,2018,0.20567649010546474,0.6390678811343934,-0.024695642152199295
1,All Population,1,Deaths,4855,Jharkhand,2,Female,9,20-24 years,494,Stroke,102,High alcohol use,1,Number,2018,-0.008998657134995423,0.0159709916158252,-0.03596991139498136
1,All Population,1,Deaths,4853,Himachal Pradesh,1,Male,9,20-24 years,493,Ischemic heart disease,102,High alcohol use,1,Number,2017,-0.28320343513871193,0.2754782474609704,-0.8866514634734729
1,All Population,1,Deaths,4853,Himachal Pradesh,2,Female,9,20-24 years,493,Ischemic heart disease,102,High alcohol use,1,Number,2017,-0.0031896828266089416,0.0030337757831778315,-0.011655063872740292
1,All Population,1,Deaths,4873,Uttar Pradesh,1,Male,9,20-24 years,499,Cardiomyopathy and myocarditis,102,High alcohol use,1,Number,2016,1.4998994583040328,5.028476225290448,0.24714103959435363
1,All Population,1,Deaths,4873,Uttar Pradesh,2,Female,9,20-24 years,499,Cardiomyopathy and myocarditis,102,High alcohol use,1,Number,2016,0.6836929195933105,3.5752945523679505,0.07631461472455839
1,All Population,1,Deaths,4855,Jharkhand,1,Male,9,20-24 years,499,Cardiomyopathy and myocarditis,102,High alcohol use,1,Number,2017,0.14431111654732307,0.5051990318417688,0.026693077267860355
1,All Population,1,Deaths,4855,Jharkhand,2,Female,9,20-24 years,499,Cardiomyopathy and myocarditis,102,High alcohol use,1,Number,2017,0.061977083996187565,0.28307292221320257,0.006609818206209822
1,All Population,1,Deaths,4870,Tamil Nadu,1,Male,9,20-24 years,499,Cardiomyopathy and myocarditis,102,High alcohol use,1,Number,2016,0.45731709472447085,1.615966787731408,0.08036715499317146
1,All Population,1,Deaths,4870,Tamil Nadu,2,Female,9,20-24 years,499,Cardiomyopathy and myocarditis,102,High alcohol use,1,Number,2016,0.13220915304526965,0.5024847362834186,0.019006519167147518
1,All Population,1,Deaths,4841,Andhra Pradesh,1,Male,9,20-24 years,494,Stroke,102,High alcohol use,1,Number,2018,0.23069663595811474,0.7812631249202513,-0.025642721146915334
1,All Population,1,Deaths,4841,Andhra Pradesh,2,Female,9,20-24 years,494,Stroke,102,High alcohol use,1,Number,2018,-0.003591307234243525,0.004971624872112213,-0.01336546057878281
1,All Population,1,Deaths,4864,Nagaland,1,Male,9,20-24 years,493,Ischemic heart disease,102,High alcohol use,1,Number,2017,-0.10804242274722575,0.08625094012102702,-0.3198541789247439
1,All Population,1,Deaths,4864,Nagaland,2,Female,9,20-24 years,493,Ischemic heart disease,102,High alcohol use,1,Number,2017,-0.011089661456108384,0.01014026057886436,-0.035791127834175325
1,All Population,1,Deaths,4843,Assam,1,Male,9,20-24 years,493,Ischemic heart disease,102,High alcohol use,1,Number,2018,-0.9790519118788743,0.8437542818704713,-2.9844808156988627
1,All Population,1,Deaths,4843,Assam,2,Female,9,20-24 years,493,Ischemic heart disease,102,High alcohol use,1,Number,2018,-0.11881129664249519,0.09660631065159314,-0.48965949847238255
1,All Population,1,Deaths,4872,Tripura,1,Male,9,20-24 years,494,Stroke,332,Chewing tobacco,1,Number,2016,0.48324022795779326,0.9098541527226262,0.1900900407013416
1,All Population,1,Deaths,4872,Tripura,2,Female,9,20-24 years,494,Stroke,332,Chewing tobacco,1,Number,2016,0.5076021151153233,1.0652448499017726,0.2021825352682746
1,All Population,1,Deaths,4851,Gujarat,1,Male,9,20-24 years,498,Hypertensive heart disease,102,High alcohol use,1,Number,2015,0.10170673304602915,0.24133124282389531,0.03415493719359794
1,All Population,1,Deaths,4851,Gujarat,2,Female,9,20-24 years,498,Hypertensive heart disease,102,High alcohol use,1,Number,2015,0.0008224539321001773,0.0023092799734793145,0.00010682552139490108
1,All Population,1,Deaths,4863,Mizoram,1,Male,9,20-24 years,498,Hypertensive heart disease,102,High alcohol use,1,Number,2015,0.0026346466594783157,0.005644047742821802,0.0010349604152210833
1,All Population,1,Deaths,4863,Mizoram,2,Female,9,20-24 years,498,Hypertensive heart disease,102,High alcohol use,1,Number,2015,8.784434672231212e-05,0.00022355717786650314,1.1875621670958812e-05
1,All Population,1,Deaths,4857,Kerala,1,Male,9,20-24 years,493,Ischemic heart disease,102,High alcohol use,1,Number,2018,-1.0259403845246604,0.9365073099592987,-3.0874283198117967
1,All Population,1,Deaths,4857,Kerala,2,Female,9,20-24 years,493,Ischemic heart disease,102,High alcohol use,1,Number,2018,-0.021055964590197575,0.021642933471921835,-0.07386852089034851
1,All Population,1,Deaths,4849,Delhi,1,Male,9,20-24 years,498,Hypertensive heart disease,102,High alcohol use,1,Number,2015,0.05714650803175686,0.12549872288527075,0.02186026563438428
1,All Population,1,Deaths,4849,Delhi,2,Female,9,20-24 years,498,Hypertensive heart disease,102,High alcohol use,1,Number,2015,0.00038700722617444606,0.0011326990807364761,5.620328953421629e-05
1,All Population,1,Deaths,44538,Other Union Territories,1,Male,9,20-24 years,493,Ischemic heart disease,102,High alcohol use,1,Number,2018,-0.31799355056851064,0.2736809450074205,-0.9825303620266084
1,All Population,1,Deaths,44538,Other Union Territories,2,Female,9,20-24 years,493,Ischemic heart disease,102,High alcohol use,1,Number,2018,-0.007568808936976093,0.007313753936144835,-0.027925622843209513
1,All Population,1,Deaths,4868,Rajasthan,1,Male,9,20-24 years,499,Cardiomyopathy and myocarditis,102,High alcohol use,1,Number,2018,0.45310766677760295,1.50398855093854,0.08546138906976686
1,All Population,1,Deaths,4868,Rajasthan,2,Female,9,20-24 years,499,Cardiomyopathy and myocarditis,102,High alcohol use,1,Number,2018,0.1398412146195467,0.57714481716561,0.02375721983956449
1,All Population,1,Deaths,4856,Karnataka,1,Male,9,20-24 years,493,Ischemic heart disease,102,High alcohol use,1,Number,2018,-4.835947011222348,4.266021857072974,-14.945093159735338
1,All Population,1,Deaths,4856,Karnataka,2,Female,9,20-24 years,493,Ischemic heart disease,102,High alcohol use,1,Number,2018,-0.3664546299265814,0.3574805927637449,-1.0368851646292332
1,All Population,1,Deaths,4861,Manipur,1,Male,9,20-24 years,494,Stroke,102,High alcohol use,1,Number,2018,0.04032340773249891,0.13047597210573458,-0.005715913683635682
1,All Population,1,Deaths,4861,Manipur,2,Female,9,20-24 years,494,Stroke,102,High alcohol use,1,Number,2018,-0.0010080996287036726,0.0017354850722100341,-0.0035796207593318877
1,All Population,1,Deaths,4859,Madhya Pradesh,1,Male,9,20-24 years,494,Stroke,332,Chewing tobacco,1,Number,2018,6.931812883579481,14.063515242950691,2.2662500175015827
1,All Population,1,Deaths,4859,Madhya Pradesh,2,Female,9,20-24 years,494,Stroke,332,Chewing tobacco,1,Number,2018,1.867750857554715,4.103621183430366,0.6965765842237363
1,All Population,1,Deaths,4868,Rajasthan,1,Male,9,20-24 years,494,Stroke,332,Chewing tobacco,1,Number,2018,2.337932668693414,5.134700895109477,0.795658048948281
1,All Population,1,Deaths,4868,Rajasthan,2,Female,9,20-24 years,494,Stroke,332,Chewing tobacco,1,Number,2018,0.3547475609410376,0.9264234243161651,0.09508383680556921
1,All Population,1,Deaths,4862,Meghalaya,1,Male,9,20-24 years,499,Cardiomyopathy and myocarditis,102,High alcohol use,1,Number,2017,0.03313413536654208,0.12006242084254985,0.005290082609344077
1,All Population,1,Deaths,4862,Meghalaya,2,Female,9,20-24 years,499,Cardiomyopathy and myocarditis,102,High alcohol use,1,Number,2017,0.010291697339284799,0.05123715672213655,0.0013860342562233498
1,All Population,1,Deaths,4860,Maharashtra,1,Male,9,20-24 years,494,Stroke,332,Chewing tobacco,1,Number,2018,9.113589658048054,16.472595485886917,4.060960527645955
1,All Population,1,Deaths,4860,Maharashtra,2,Female,9,20-24 years,494,Stroke,332,Chewing tobacco,1,Number,2018,1.0159850446608776,2.5376894021635485,0.29464313920964286
1,All Population,1,Deaths,4852,Haryana,1,Male,9,20-24 years,493,Ischemic heart disease,102,High alcohol use,1,Number,2018,-1.1177929600358323,0.8493680187437544,-3.7018015958572414
1,All Population,1,Deaths,4852,Haryana,2,Female,9,20-24 years,493,Ischemic heart disease,102,High alcohol use,1,Number,2018,-0.014221444673060685,0.014376006036834955,-0.05498359104321974
1,All Population,1,Deaths,4864,Nagaland,1,Male,9,20-24 years,494,Stroke,102,High alcohol use,1,Number,2018,0.03490013829040598,0.10278891637698832,-0.004197167280482471
1,All Population,1,Deaths,4864,Nagaland,2,Female,9,20-24 years,494,Stroke,102,High alcohol use,1,Number,2018,-0.0006464126231086581,0.0011083338170622052,-0.0022911423712075815
1,All Population,1,Deaths,4859,Madhya Pradesh,1,Male,9,20-24 years,494,Stroke,102,High alcohol use,1,Number,2017,0.5154427747018104,1.6861099053784065,-0.0673828487636172
1,All Population,1,Deaths,4859,Madhya Pradesh,2,Female,9,20-24 years,494,Stroke,102,High alcohol use,1,Number,2017,-0.006513197468646792,0.009913402624798708,-0.024123493891863627
1,All Population,1,Deaths,4872,Tripura,1,Male,9,20-24 years,499,Cardiomyopathy and myocarditis,102,High alcohol use,1,Number,2017,0.02280909358948574,0.07765995354042442,0.004234426253442737
1,All Population,1,Deaths,4872,Tripura,2,Female,9,20-24 years,499,Cardiomyopathy and myocarditis,102,High alcohol use,1,Number,2017,0.010717877480966233,0.04387852877417862,0.0013324087765374337
1,All Population,1,Deaths,4860,Maharashtra,1,Male,9,20-24 years,499,Cardiomyopathy and myocarditis,102,High alcohol use,1,Number,2018,0.721446143857424,2.311520518558364,0.15322615340718693
1,All Population,1,Deaths,4860,Maharashtra,2,Female,9,20-24 years,499,Cardiomyopathy and myocarditis,102,High alcohol use,1,Number,2018,0.1393378849001303,0.49036549156265663,0.02095551361029497
1,All Population,1,Deaths,4871,Telangana,1,Male,9,20-24 years,494,Stroke,102,High alcohol use,1,Number,2018,0.5605175138377082,1.7807551753210047,-0.09259247538502452
1,All Population,1,Deaths,4871,Telangana,2,Female,9,20-24 years,494,Stroke,102,High alcohol use,1,Number,2018,-0.006354101421754596,0.009215585581806945,-0.02604101406776389
1,All Population,1,Deaths,4875,West Bengal,1,Male,9,20-24 years,493,Ischemic heart disease,102,High alcohol use,1,Number,2018,-2.6360945104864952,1.9546867098120981,-7.972145275109591
1,All Population,1,Deaths,4875,West Bengal,2,Female,9,20-24 years,493,Ischemic heart disease,102,High alcohol use,1,Number,2018,-0.07387732068750136,0.07619742293450628,-0.2667141642207439
1,All Population,1,Deaths,4872,Tripura,1,Male,9,20-24 years,493,Ischemic heart disease,102,High alcohol use,1,Number,2018,-0.24567466450670358,0.1956648561253337,-0.741240663460239
1,All Population,1,Deaths,4872,Tripura,2,Female,9,20-24 years,493,Ischemic heart disease,102,High alcohol use,1,Number,2018,-0.024993988891154048,0.02194977103890751,-0.0836858271482657
1,All Population,1,Deaths,4842,Arunachal Pradesh,1,Male,9,20-24 years,493,Ischemic heart disease,102,High alcohol use,1,Number,2015,-0.13429739278297878,0.10609357412762131,-0.41229719999395975
1,All Population,1,Deaths,4842,Arunachal Pradesh,2,Female,9,20-24 years,493,Ischemic heart disease,102,High alcohol use,1,Number,2015,-0.019481801231440558,0.019326063917122136,-0.06985099257333971
1,All Population,1,Deaths,4852,Haryana,1,Male,9,20-24 years,498,Hypertensive heart disease,102,High alcohol use,1,Number,2018,0.06584769315100251,0.15374333868741435,0.017183459554834208
1,All Population,1,Deaths,4852,Haryana,2,Female,9,20-24 years,498,Hypertensive heart disease,102,High alcohol use,1,Number,2018,0.00047283690874389483,0.0012590356860560565,6.311338507274718e-05
1,All Population,1,Deaths,4852,Haryana,1,Male,9,20-24 years,499,Cardiomyopathy and myocarditis,102,High alcohol use,1,Number,2018,0.32307410005457615,0.9960231827481489,0.06398344927540747
1,All Population,1,Deaths,4852,Haryana,2,Female,9,20-24 years,499,Cardiomyopathy and myocarditis,102,High alcohol use,1,Number,2018,0.07312937627233985,0.3219070406682403,0.010595715066201394
1,All Population,1,Deaths,4849,Delhi,1,Male,9,20-24 years,498,Hypertensive heart disease,102,High alcohol use,1,Number,2017,0.044802562540314554,0.09176433652082162,0.016736255351380225
1,All Population,1,Deaths,4849,Delhi,2,Female,9,20-24 years,498,Hypertensive heart disease,102,High alcohol use,1,Number,2017,0.0004735820533203328,0.001371400922488618,7.453857217257456e-05
1,All Population,1,Deaths,4874,Uttarakhand,1,Male,9,20-24 years,493,Ischemic heart disease,102,High alcohol use,1,Number,2015,-1.1427923017058959,1.076977386605528,-3.7884026680188367
1,All Population,1,Deaths,4874,Uttarakhand,2,Female,9,20-24 years,493,Ischemic heart disease,102,High alcohol use,1,Number,2015,-0.009529314354031218,0.009236586862715744,-0.03654607901002205
1,All Population,1,Deaths,4844,Bihar,1,Male,9,20-24 years,493,Ischemic heart disease,102,High alcohol use,1,Number,2015,-2.6860635721916197,2.3673650055802105,-9.336345357750977
1,All Population,1,Deaths,4844,Bihar,2,Female,9,20-24 years,493,Ischemic heart disease,102,High alcohol use,1,Number,2015,-0.06430622496213015,0.05858708095884158,-0.24509484786971872
1,All Population,1,Deaths,4874,Uttarakhand,1,Male,9,20-24 years,493,Ischemic heart disease,102,High alcohol use,1,Number,2017,-1.1848143292437603,1.0809056052888892,-3.7352853424177517
1,All Population,1,Deaths,4874,Uttarakhand,2,Female,9,20-24 years,493,Ischemic heart disease,102,High alcohol use,1,Number,2017,-0.010754078904197922,0.009919902565702129,-0.04180336108703857
1,All Population,1,Deaths,4855,Jharkhand,1,Male,9,20-24 years,494,Stroke,332,Chewing tobacco,1,Number,2018,1.841095849640895,3.769208342867346,0.6527613187812908
1,All Population,1,Deaths,4855,Jharkhand,2,Female,9,20-24 years,494,Stroke,332,Chewing tobacco,1,Number,2018,0.3755378684026884,1.0502040270025006,0.10050853284974474
1,All Population,1,Deaths,4867,Punjab,1,Male,9,20-24 years,494,Stroke,102,High alcohol use,1,Number,2015,0.20720446681358717,0.7080616552392411,-0.02716632340763029
1,All Population,1,Deaths,4867,Punjab,2,Female,9,20-24 years,494,Stroke,102,High alcohol use,1,Number,2015,-0.0005662486145175211,0.0007064599885749107,-0.002090739712504375
1,All Population,1,Deaths,4846,Chhattisgarh,1,Male,9,20-24 years,493,Ischemic heart disease,102,High alcohol use,1,Number,2018,-4.48789970264357,3.102875636672451,-13.976126567502742
1,All Population,1,Deaths,4846,Chhattisgarh,2,Female,9,20-24 years,493,Ischemic heart disease,102,High alcohol use,1,Number,2018,-0.19124901095797406,0.18497718719132417,-0.6851871195275395
1,All Population,1,Deaths,4873,Uttar Pradesh,1,Male,9,20-24 years,494,Stroke,102,High alcohol use,1,Number,2017,0.0006695115604078944,0.7539699855231,-0.5441452280861077
1,All Population,1,Deaths,4873,Uttar Pradesh,2,Female,9,20-24 years,494,Stroke,102,High alcohol use,1,Number,2017,-0.008492115277329673,0.011750962495608823,-0.0351295958460785
1,All Population,1,Deaths,4874,Uttarakhand,1,Male,9,20-24 years,499,Cardiomyopathy and myocarditis,102,High alcohol use,1,Number,2018,0.09330286347857873,0.3041182322273411,0.013617881233969096
1,All Population,1,Deaths,4874,Uttarakhand,2,Female,9,20-24 years,499,Cardiomyopathy and myocarditis,102,High alcohol use,1,Number,2018,0.05242875643390783,0.23912140299393683,0.006056589978731209
1,All Population,1,Deaths,4870,Tamil Nadu,1,Male,9,20-24 years,494,Stroke,102,High alcohol use,1,Number,2018,0.6349301542773829,2.0081489891737037,-0.10326489737725716
1,All Population,1,Deaths,4870,Tamil Nadu,2,Female,9,20-24 years,494,Stroke,102,High alcohol use,1,Number,2018,-0.0016647963182529874,0.0032751654307763218,-0.00678758571854126
1,All Population,1,Deaths,4850,Goa,1,Male,9,20-24 years,494,Stroke,332,Chewing tobacco,1,Number,2018,0.04089053798458268,0.10506691655267336,0.009817520748083862
1,All Population,1,Deaths,4850,Goa,2,Female,9,20-24 years,494,Stroke,332,Chewing tobacco,1,Number,2018,0.0035153763014680057,0.010808481612750543,0.0008964909510243672
1,All Population,1,Deaths,4867,Punjab,1,Male,9,20-24 years,493,Ischemic heart disease,102,High alcohol use,1,Number,2018,-4.865714467722426,4.3047997861199185,-15.225498287396093
1,All Population,1,Deaths,4867,Punjab,2,Female,9,20-24 years,493,Ischemic heart disease,102,High alcohol use,1,Number,2018,-0.03638152713018817,0.03898668648610991,-0.1226447109081118
1,All Population,1,Deaths,4874,Uttarakhand,1,Male,9,20-24 years,493,Ischemic heart disease,102,High alcohol use,1,Number,2018,-1.1885866123224569,1.0239582735713104,-4.0652993737930405
1,All Population,1,Deaths,4874,Uttarakhand,2,Female,9,20-24 years,493,Ischemic heart disease,102,High alcohol use,1,Number,2018,-0.012708939105648302,0.011227301008588961,-0.05094234436991778
1,All Population,1,Deaths,4852,Haryana,1,Male,9,20-24 years,494,Stroke,332,Chewing tobacco,1,Number,2018,1.0175014284905906,2.303886380648268,0.2949788890870209
1,All Population,1,Deaths,4852,Haryana,2,Female,9,20-24 years,494,Stroke,332,Chewing tobacco,1,Number,2018,0.06834902033938209,0.20069501241793367,0.018015948698898852
1,All Population,1,Deaths,4873,Uttar Pradesh,1,Male,9,20-24 years,494,Stroke,332,Chewing tobacco,1,Number,2015,18.961437300524505,38.21733407286953,8.344548163270549
1,All Population,1,Deaths,4873,Uttar Pradesh,2,Female,9,20-24 years,494,Stroke,332,Chewing tobacco,1,Number,2015,3.203729972613813,7.543476542496072,0.8109148867278992
1,All Population,1,Deaths,4846,Chhattisgarh,1,Male,9,20-24 years,498,Hypertensive heart disease,102,High alcohol use,1,Number,2018,0.2774630093386822,0.579567849438194,0.08919737253727479
1,All Population,1,Deaths,4846,Chhattisgarh,2,Female,9,20-24 years,498,Hypertensive heart disease,102,High alcohol use,1,Number,2018,0.004204544714067423,0.010656238523346908,0.0005115034310553088
1,All Population,1,Deaths,4869,Sikkim,1,Male,9,20-24 years,498,Hypertensive heart disease,102,High alcohol use,1,Number,2018,0.002801514545184337,0.005429619145548196,0.0010375352577732474
1,All Population,1,Deaths,4869,Sikkim,2,Female,9,20-24 years,498,Hypertensive heart disease,102,High alcohol use,1,Number,2018,0.00031260263215848527,0.0008006372549233308,4.61502158443487e-05
1,All Population,1,Deaths,4870,Tamil Nadu,1,Male,9,20-24 years,493,Ischemic heart disease,102,High alcohol use,1,Number,2017,-5.7321339276093735,5.828783840571775,-17.755366397706336
1,All Population,1,Deaths,4870,Tamil Nadu,2,Female,9,20-24 years,493,Ischemic heart disease,102,High alcohol use,1,Number,2017,-0.0257558986195423,0.02429347058708454,-0.10365523783523632
1,All Population,1,Deaths,4846,Chhattisgarh,1,Male,9,20-24 years,499,Cardiomyopathy and myocarditis,102,High alcohol use,1,Number,2018,0.33928010001406184,1.1446708902439002,0.046568196296005476
1,All Population,1,Deaths,4846,Chhattisgarh,2,Female,9,20-24 years,499,Cardiomyopathy and myocarditis,102,High alcohol use,1,Number,2018,0.09602103658219766,0.47364451755049486,0.01056318990669907
1,All Population,1,Deaths,4874,Uttarakhand,1,Male,9,20-24 years,494,Stroke,332,Chewing tobacco,1,Number,2018,0.3460589246794878,0.7642587160318912,0.08614152643496875
1,All Population,1,Deaths,4874,Uttarakhand,2,Female,9,20-24 years,494,Stroke,332,Chewing tobacco,1,Number,2018,0.02992419063738861,0.08004848724713629,0.006529717729412554
1,All Population,1,Deaths,4852,Haryana,1,Male,9,20-24 years,494,Stroke,102,High alcohol use,1,Number,2018,0.0003121127627412522,0.16937562740941386,-0.12553268156163103
1,All Population,1,Deaths,4852,Haryana,2,Female,9,20-24 years,494,Stroke,102,High alcohol use,1,Number,2018,-0.0011374473115778275,0.0015726115640775646,-0.00429435504370401
1,All Population,1,Deaths,4865,Odisha,1,Male,9,20-24 years,498,Hypertensive heart disease,102,High alcohol use,1,Number,2017,0.12505080001219898,0.27877286287721903,0.047447457472716184
1,All Population,1,Deaths,4865,Odisha,2,Female,9,20-24 years,498,Hypertensive heart disease,102,High alcohol use,1,Number,2017,0.0033115971396240735,0.008071977496730009,0.0005733848907953533
1,All Population,1,Deaths,4851,Gujarat,1,Male,9,20-24 years,493,Ischemic heart disease,102,High alcohol use,1,Number,2017,-1.0557975000917812,0.900203431395987,-3.2505716936502873
1,All Population,1,Deaths,4851,Gujarat,2,Female,9,20-24 years,493,Ischemic heart disease,102,High alcohol use,1,Number,2017,-0.02470118106130695,0.026127137899497884,-0.0949512547029414
1,All Population,1,Deaths,4865,Odisha,1,Male,9,20-24 years,493,Ischemic heart disease,102,High alcohol use,1,Number,2018,-1.2187774322734783,0.9786985868171698,-3.5876888830341347
1,All Population,1,Deaths,4865,Odisha,2,Female,9,20-24 years,493,Ischemic heart disease,102,High alcohol use,1,Number,2018,-0.1041265460145202,0.08463184186274764,-0.3519084107085096
1,All Population,1,Deaths,4875,West Bengal,1,Male,9,20-24 years,498,Hypertensive heart disease,102,High alcohol use,1,Number,2018,0.19838061567541462,0.3989853150774799,0.0774033004844261
1,All Population,1,Deaths,4875,West Bengal,2,Female,9,20-24 years,498,Hypertensive heart disease,102,High alcohol use,1,Number,2018,0.002126910925779369,0.005841760299989521,0.0002908706590836383
1,All Population,1,Deaths,4854,Jammu & Kashmir and Ladakh,1,Male,9,20-24 years,499,Cardiomyopathy and myocarditis,102,High alcohol use,1,Number,2018,0.06553797551068617,0.22344370101262753,0.011688395563050208
1,All Population,1,Deaths,4854,Jammu & Kashmir and Ladakh,2,Female,9,20-24 years,499,Cardiomyopathy and myocarditis,102,High alcohol use,1,Number,2018,0.01835546332019237,0.06277010160863059,0.002282500366649903
1,All Population,1,Deaths,4850,Goa,1,Male,9,20-24 years,499,Cardiomyopathy and myocarditis,102,High alcohol use,1,Number,2016,0.013498720492118388,0.04928956951769377,0.0029652805791184275
1,All Population,1,Deaths,4850,Goa,2,Female,9,20-24 years,499,Cardiomyopathy and myocarditis,102,High alcohol use,1,Number,2016,0.0019250997839492835,0.007130360311836547,0.00029097899272776003
1,All Population,1,Deaths,4863,Mizoram,1,Male,9,20-24 years,493,Ischemic heart disease,102,High alcohol use,1,Number,2017,-0.018037958803628584,0.015129884851796952,-0.0560896331409023
1,All Population,1,Deaths,4863,Mizoram,2,Female,9,20-24 years,493,Ischemic heart disease,102,High alcohol use,1,Number,2017,-0.001540353961033767,0.0013902593545919693,-0.005860155138105653
1,All Population,1,Deaths,4863,Mizoram,1,Male,9,20-24 years,493,Ischemic heart disease,102,High alcohol use,1,Number,2016,-0.018123412658616403,0.01598057338483261,-0.057402355098621544
1,All Population,1,Deaths,4863,Mizoram,2,Female,9,20-24 years,493,Ischemic heart disease,102,High alcohol use,1,Number,2016,-0.0013937513071229576,0.0012984364532288883,-0.005400422089249401
1,All Population,1,Deaths,4843,Assam,1,Male,9,20-24 years,493,Ischemic heart disease,102,High alcohol use,1,Number,2017,-0.9677129726431662,0.8440234081034783,-3.0019963129402356
1,All Population,1,Deaths,4843,Assam,2,Female,9,20-24 years,493,Ischemic heart disease,102,High alcohol use,1,Number,2017,-0.0952798267047408,0.0739607290711185,-0.39277930047776216
1,All Population,1,Deaths,4864,Nagaland,1,Male,9,20-24 years,494,Stroke,332,Chewing tobacco,1,Number,2018,0.43250805345818033,0.8017792565530137,0.19148485052328984
1,All Population,1,Deaths,4864,Nagaland,2,Female,9,20-24 years,494,Stroke,332,Chewing tobacco,1,Number,2018,0.19175968601955384,0.3676511661902112,0.07790419070276838
1,All Population,1,Deaths,4854,Jammu & Kashmir and Ladakh,1,Male,9,20-24 years,494,Stroke,332,Chewing tobacco,1,Number,2018,0.08426071565881649,0.22798488728275706,0.021513465774988378
1,All Population,1,Deaths,4854,Jammu & Kashmir and Ladakh,2,Female,9,20-24 years,494,Stroke,332,Chewing tobacco,1,Number,2018,0.009308099505808324,0.029009980961653446,0.002283723034250841
1,All Population,1,Deaths,4857,Kerala,1,Male,9,20-24 years,494,Stroke,332,Chewing tobacco,1,Number,2016,0.5766722068861546,1.4096341236579297,0.1829533753394128
1,All Population,1,Deaths,4857,Kerala,2,Female,9,20-24 years,494,Stroke,332,Chewing tobacco,1,Number,2016,0.05798377239907528,0.15956468622752537,0.01621128122080087
1,All Population,1,Deaths,4860,Maharashtra,1,Male,9,20-24 years,494,Stroke,102,High alcohol use,1,Number,2016,0.8304011179427271,2.7446383922640245,-0.11987239347557802
1,All Population,1,Deaths,4860,Maharashtra,2,Female,9,20-24 years,494,Stroke,102,High alcohol use,1,Number,2016,-0.0027270407446061216,0.004510823059942154,-0.009824712187309941
1,All Population,1,Deaths,4871,Telangana,1,Male,9,20-24 years,493,Ischemic heart disease,102,High alcohol use,1,Number,2017,-7.989908583593182,7.090836369728218,-23.108228138035944
1,All Population,1,Deaths,4871,Telangana,2,Female,9,20-24 years,493,Ischemic heart disease,102,High alcohol use,1,Number,2017,-0.240499261518499,0.253280567269759,-0.954855499854768
1,All Population,1,Deaths,4868,Rajasthan,1,Male,9,20-24 years,499,Cardiomyopathy and myocarditis,102,High alcohol use,1,Number,2015,0.5218118156842164,1.9672451432689502,0.08882354381236922
1,All Population,1,Deaths,4868,Rajasthan,2,Female,9,20-24 years,499,Cardiomyopathy and myocarditis,102,High alcohol use,1,Number,2015,0.14118873228301212,0.6634749370387223,0.01848515856526866
1,All Population,1,Deaths,4841,Andhra Pradesh,1,Male,9,20-24 years,498,Hypertensive heart disease,102,High alcohol use,1,Number,2016,0.1859017456828778,0.3989157637727815,0.0759011812887273
1,All Population,1,Deaths,4841,Andhra Pradesh,2,Female,9,20-24 years,498,Hypertensive heart disease,102,High alcohol use,1,Number,2016,0.0024797510963298713,0.006638981069400855,0.00037827317989225185
1,All Population,1,Deaths,44538,Other Union Territories,1,Male,9,20-24 years,494,Stroke,102,High alcohol use,1,Number,2018,0.02197865142000792,0.07206378695632829,-0.003269905489934551
1,All Population,1,Deaths,44538,Other Union Territories,2,Female,9,20-24 years,494,Stroke,102,High alcohol use,1,Number,2018,-0.00023204652146973907,0.00040767289732721273,-0.0009203896751939436
1,All Population,1,Deaths,4851,Gujarat,1,Male,9,20-24 years,494,Stroke,332,Chewing tobacco,1,Number,2018,6.776418048284122,13.801491820317892,2.4637179047861593
1,All Population,1,Deaths,4851,Gujarat,2,Female,9,20-24 years,494,Stroke,332,Chewing tobacco,1,Number,2018,0.590118178423775,1.4809284101486115,0.19531783862237445
1,All Population,1,Deaths,4849,Delhi,1,Male,9,20-24 years,499,Cardiomyopathy and myocarditis,102,High alcohol use,1,Number,2017,0.11883338172039729,0.36825649661736803,0.022212371529450083
1,All Population,1,Deaths,4849,Delhi,2,Female,9,20-24 years,499,Cardiomyopathy and myocarditis,102,High alcohol use,1,Number,2017,0.043811699170168805,0.1578105602924162,0.00789093476676462
1,All Population,1,Deaths,4863,Mizoram,1,Male,9,20-24 years,499,Cardiomyopathy and myocarditis,102,High alcohol use,1,Number,2015,0.005452901273668152,0.019585170978263358,0.000740261152533695
1,All Population,1,Deaths,4863,Mizoram,2,Female,9,20-24 years,499,Cardiomyopathy and myocarditis,102,High alcohol use,1,Number,2015,0.0018403776248314809,0.007389755660279155,0.00026138494085768135
1,All Population,1,Deaths,44538,Other Union Territories,1,Male,9,20-24 years,498,Hypertensive heart disease,102,High alcohol use,1,Number,2017,0.012870328413626201,0.027693896286092624,0.004982920546371696
1,All Population,1,Deaths,44538,Other Union Territories,2,Female,9,20-24 years,498,Hypertensive heart disease,102,High alcohol use,1,Number,2017,0.00013774481120831556,0.00039895169877971945,2.1080501685659898e-05
1,All Population,1,Deaths,4871,Telangana,1,Male,9,20-24 years,498,Hypertensive heart disease,102,High alcohol use,1,Number,2015,0.3174517716183465,0.7069301021859967,0.1268033202710337
1,All Population,1,Deaths,4871,Telangana,2,Female,9,20-24 years,498,Hypertensive heart disease,102,High alcohol use,1,Number,2015,0.00430029550803203,0.011241671464202853,0.0006017776947697503
1,All Population,1,Deaths,4871,Telangana,1,Male,9,20-24 years,499,Cardiomyopathy and myocarditis,102,High alcohol use,1,Number,2015,0.35770324644428486,1.1109293394138182,0.05697945157394334
1,All Population,1,Deaths,4871,Telangana,2,Female,9,20-24 years,499,Cardiomyopathy and myocarditis,102,High alcohol use,1,Number,2015,0.09994168116205046,0.3996339517124665,0.011947469120494152
1,All Population,1,Deaths,4860,Maharashtra,1,Male,9,20-24 years,493,Ischemic heart disease,102,High alcohol use,1,Number,2016,-3.281675558582198,3.429892487587266,-9.511753246538081
1,All Population,1,Deaths,4860,Maharashtra,2,Female,9,20-24 years,493,Ischemic heart disease,102,High alcohol use,1,Number,2016,-0.03762890095278752,0.03862541157465257,-0.13189998167752262
1,All Population,1,Deaths,4841,Andhra Pradesh,1,Male,9,20-24 years,494,Stroke,102,High alcohol use,1,Number,2017,0.2294875711271538,0.7964379490768624,-0.030729754853198687
1,All Population,1,Deaths,4841,Andhra Pradesh,2,Female,9,20-24 years,494,Stroke,102,High alcohol use,1,Number,2017,-0.0033514391023732955,0.00485200261779348,-0.012042783948017586
1,All Population,1,Deaths,4856,Karnataka,1,Male,9,20-24 years,499,Cardiomyopathy and myocarditis,102,High alcohol use,1,Number,2017,0.3696183470711547,1.1225153632158156,0.06964118671198417
1,All Population,1,Deaths,4856,Karnataka,2,Female,9,20-24 years,499,Cardiomyopathy and myocarditis,102,High alcohol use,1,Number,2017,0.06360123025209878,0.24811098828365855,0.007974215705149132
1,All Population,1,Deaths,44538,Other Union Territories,1,Male,9,20-24 years,494,Stroke,332,Chewing tobacco,1,Number,2018,0.08411797983979463,0.1833898643665465,0.02752354837398782
1,All Population,1,Deaths,44538,Other Union Territories,2,Female,9,20-24 years,494,Stroke,332,Chewing tobacco,1,Number,2018,0.010553084094706018,0.03123846613317093,0.002714585092925145
1,All Population,1,Deaths,4851,Gujarat,1,Male,9,20-24 years,494,Stroke,102,High alcohol use,1,Number,2018,0.17899095325070724,0.621328253030879,-0.02439628508403288
1,All Population,1,Deaths,4851,Gujarat,2,Female,9,20-24 years,494,Stroke,102,High alcohol use,1,Number,2018,-0.0018645480577310144,0.0027319531280385707,-0.007113733546553679
1,All Population,1,Deaths,4850,Goa,1,Male,9,20-24 years,493,Ischemic heart disease,102,High alcohol use,1,Number,2019,-0.32567372049709614,0.26866907752954017,-0.9523982219703517
1,All Population,1,Deaths,4850,Goa,2,Female,9,20-24 years,493,Ischemic heart disease,102,High alcohol use,1,Number,2019,-0.00851661898023858,0.009102999380048202,-0.026759113581623313
1,All Population,1,Deaths,4846,Chhattisgarh,1,Male,9,20-24 years,494,Stroke,102,High alcohol use,1,Number,2019,0.9028392465822155,3.0327938618919745,-0.123875084057675
1,All Population,1,Deaths,4846,Chhattisgarh,2,Female,9,20-24 years,494,Stroke,102,High alcohol use,1,Number,2019,-0.014503534920982468,0.025937583479774512,-0.05601026943223923
1,All Population,1,Deaths,4863,Mizoram,1,Male,9,20-24 years,498,Hypertensive heart disease,102,High alcohol use,1,Number,2018,0.0027813306794799114,0.006067422471722509,0.0010376947561064821
1,All Population,1,Deaths,4863,Mizoram,2,Female,9,20-24 years,498,Hypertensive heart disease,102,High alcohol use,1,Number,2018,0.0001422427734089628,0.0003681688860842878,2.0155227983600778e-05
1,All Population,1,Deaths,4846,Chhattisgarh,1,Male,9,20-24 years,498,Hypertensive heart disease,102,High alcohol use,1,Number,2016,0.2629035935260751,0.6216091986912592,0.09347326737322982
1,All Population,1,Deaths,4846,Chhattisgarh,2,Female,9,20-24 years,498,Hypertensive heart disease,102,High alcohol use,1,Number,2016,0.003623284887598021,0.008943674119098362,0.0004991676807276099
1,All Population,1,Deaths,4861,Manipur,1,Male,9,20-24 years,499,Cardiomyopathy and myocarditis,102,High alcohol use,1,Number,2018,0.021907713457004447,0.07558440959011267,0.003200984781111651
1,All Population,1,Deaths,4861,Manipur,2,Female,9,20-24 years,499,Cardiomyopathy and myocarditis,102,High alcohol use,1,Number,2018,0.009097962463327183,0.04214226713978594,0.0012110584770938055
1,All Population,1,Deaths,4861,Manipur,1,Male,9,20-24 years,499,Cardiomyopathy and myocarditis,102,High alcohol use,1,Number,2015,0.021529915956190568,0.0775606518903016,0.003157864378977522
1,All Population,1,Deaths,4861,Manipur,2,Female,9,20-24 years,499,Cardiomyopathy and myocarditis,102,High alcohol use,1,Number,2015,0.0075091044799845495,0.03606395060657433,0.0007339241720183895
1,All Population,1,Deaths,4869,Sikkim,1,Male,9,20-24 years,494,Stroke,332,Chewing tobacco,1,Number,2018,0.012269700831170521,0.02836934368685274,0.0035799779148071352
1,All Population,1,Deaths,4869,Sikkim,2,Female,9,20-24 years,494,Stroke,332,Chewing tobacco,1,Number,2018,0.003031966451702051,0.008928545611539777,0.0006928539431906747
1,All Population,1,Deaths,4862,Meghalaya,1,Male,9,20-24 years,498,Hypertensive heart disease,102,High alcohol use,1,Number,2018,0.01892333133159297,0.040196796329734795,0.007101805344311951
1,All Population,1,Deaths,4862,Meghalaya,2,Female,9,20-24 years,498,Hypertensive heart disease,102,High alcohol use,1,Number,2018,0.00031306787894205384,0.0008469657706534785,4.3823696853563206e-05
1,All Population,1,Deaths,4859,Madhya Pradesh,1,Male,9,20-24 years,493,Ischemic heart disease,102,High alcohol use,1,Number,2019,-4.201494945561388,3.4619128972342343,-13.245288736433947
1,All Population,1,Deaths,4859,Madhya Pradesh,2,Female,9,20-24 years,493,Ischemic heart disease,102,High alcohol use,1,Number,2019,-0.13856861966385045,0.1276880571292314,-0.4251963011889951
1,All Population,1,Deaths,4867,Punjab,1,Male,9,20-24 years,499,Cardiomyopathy and myocarditis,102,High alcohol use,1,Number,2018,0.15481858616010197,0.4725749426604,0.03249779250676892
1,All Population,1,Deaths,4867,Punjab,2,Female,9,20-24 years,499,Cardiomyopathy and myocarditis,102,High alcohol use,1,Number,2018,0.0794264499279535,0.2549397671121664,0.010847182802584916
1,All Population,1,Deaths,4849,Delhi,1,Male,9,20-24 years,499,Cardiomyopathy and myocarditis,102,High alcohol use,1,Number,2015,0.15260113784763157,0.49169793283825797,0.028185022055962322
1,All Population,1,Deaths,4849,Delhi,2,Female,9,20-24 years,499,Cardiomyopathy and myocarditis,102,High alcohol use,1,Number,2015,0.04324212763231779,0.18238298301868283,0.0074433068050093806
1,All Population,1,Deaths,4859,Madhya Pradesh,1,Male,9,20-24 years,499,Cardiomyopathy and myocarditis,102,High alcohol use,1,Number,2017,0.5833857745921928,1.9393673343679096,0.09116500503007074
1,All Population,1,Deaths,4859,Madhya Pradesh,2,Female,9,20-24 years,499,Cardiomyopathy and myocarditis,102,High alcohol use,1,Number,2017,0.16517342352480702,0.6895197174951673,0.018206306911597542
1,All Population,1,Deaths,4872,Tripura,1,Male,9,20-24 years,498,Hypertensive heart disease,102,High alcohol use,1,Number,2018,0.014582390436153975,0.031108872968924527,0.005560459479422237
1,All Population,1,Deaths,4872,Tripura,2,Female,9,20-24 years,498,Hypertensive heart disease,102,High alcohol use,1,Number,2018,0.0006226425664939603,0.0016158136191958391,0.00010052036548771805
1,All Population,1,Deaths,4869,Sikkim,1,Male,9,20-24 years,493,Ischemic heart disease,102,High alcohol use,1,Number,2017,-0.057332068678600835,0.043637385571895296,-0.17850246319113539
1,All Population,1,Deaths,4869,Sikkim,2,Female,9,20-24 years,493,Ischemic heart disease,102,High alcohol use,1,Number,2017,-0.010184525524260427,0.009936350106130646,-0.032563611571626454
1,All Population,1,Deaths,4844,Bihar,1,Male,9,20-24 years,498,Hypertensive heart disease,102,High alcohol use,1,Number,2017,0.22613270894139703,0.46856406463447403,0.08215875872724754
1,All Population,1,Deaths,4844,Bihar,2,Female,9,20-24 years,498,Hypertensive heart disease,102,High alcohol use,1,Number,2017,0.0011994037098197285,0.003459769511746584,0.0001682702766886073
1,All Population,1,Deaths,4842,Arunachal Pradesh,1,Male,9,20-24 years,493,Ischemic heart disease,102,High alcohol use,1,Number,2017,-0.14448342985228543,0.10842366648664627,-0.44116248612968795
1,All Population,1,Deaths,4842,Arunachal Pradesh,2,Female,9,20-24 years,493,Ischemic heart disease,102,High alcohol use,1,Number,2017,-0.024401952412921556,0.022738357261997848,-0.07731174287201062
1,All Population,1,Deaths,44538,Other Union Territories,1,Male,9,20-24 years,499,Cardiomyopathy and myocarditis,102,High alcohol use,1,Number,2018,0.022522259382091556,0.07238415905793402,0.004536527293631111
1,All Population,1,Deaths,44538,Other Union Territories,2,Female,9,20-24 years,499,Cardiomyopathy and myocarditis,102,High alcohol use,1,Number,2018,0.00751815045952141,0.02972359086451099,0.0010548865150584361
1,All Population,1,Deaths,4846,Chhattisgarh,1,Male,9,20-24 years,499,Cardiomyopathy and myocarditis,102,High alcohol use,1,Number,2019,0.3516412403400816,1.1600993530032135,0.047407177858779605
1,All Population,1,Deaths,4846,Chhattisgarh,2,Female,9,20-24 years,499,Cardiomyopathy and myocarditis,102,High alcohol use,1,Number,2019,0.1053922044701583,0.47686714119757145,0.012201833565895314
1,All Population,1,Deaths,4865,Odisha,1,Male,9,20-24 years,498,Hypertensive heart disease,102,High alcohol use,1,Number,2016,0.12950123117865264,0.30020383788421195,0.0477907938846667
1,All Population,1,Deaths,4865,Odisha,2,Female,9,20-24 years,498,Hypertensive heart disease,102,High alcohol use,1,Number,2016,0.0029318331329380295,0.007371314916735617,0.00048729960058281374
1,All Population,1,Deaths,4846,Chhattisgarh,1,Male,9,20-24 years,499,Cardiomyopathy and myocarditis,102,High alcohol use,1,Number,2017,0.3407056461222231,1.221048684031682,0.04473343242231579
1,All Population,1,Deaths,4846,Chhattisgarh,2,Female,9,20-24 years,499,Cardiomyopathy and myocarditis,102,High alcohol use,1,Number,2017,0.0897896588462118,0.4733324757770898,0.009424318881388012
1,All Population,1,Deaths,4841,Andhra Pradesh,1,Male,9,20-24 years,494,Stroke,102,High alcohol use,1,Number,2019,0.21276995790186393,0.7413659214008816,-0.021361513517791517
1,All Population,1,Deaths,4841,Andhra Pradesh,2,Female,9,20-24 years,494,Stroke,102,High alcohol use,1,Number,2019,-0.0037404332117071545,0.004838482533292136,-0.01554306353548498
1,All Population,1,Deaths,4843,Assam,1,Male,9,20-24 years,493,Ischemic heart disease,102,High alcohol use,1,Number,2019,-0.8913793206451174,0.7408702755232286,-2.7190484505716968
1,All Population,1,Deaths,4843,Assam,2,Female,9,20-24 years,493,Ischemic heart disease,102,High alcohol use,1,Number,2019,-0.12148097716132357,0.10022444366764612,-0.49043530856389705
1,All Population,1,Deaths,4871,Telangana,1,Male,9,20-24 years,494,Stroke,102,High alcohol use,1,Number,2019,0.522076926354882,1.589846558489923,-0.0831386000017539
1,All Population,1,Deaths,4871,Telangana,2,Female,9,20-24 years,494,Stroke,102,High alcohol use,1,Number,2019,-0.005812625162347961,0.009548566017968224,-0.02407686716880229
1,All Population,1,Deaths,4857,Kerala,1,Male,9,20-24 years,494,Stroke,332,Chewing tobacco,1,Number,2019,0.4083449498151917,0.9977251755425353,0.10988899070911362
1,All Population,1,Deaths,4857,Kerala,2,Female,9,20-24 years,494,Stroke,332,Chewing tobacco,1,Number,2019,0.04543020763661306,0.13599670732849384,0.012012721907344592
1,All Population,1,Deaths,4849,Delhi,1,Male,9,20-24 years,494,Stroke,332,Chewing tobacco,1,Number,2018,0.26108053711113627,0.6118651639030439,0.07137448793363624
1,All Population,1,Deaths,4849,Delhi,2,Female,9,20-24 years,494,Stroke,332,Chewing tobacco,1,Number,2018,0.036090057397253586,0.10185745325830316,0.009110776454904617
1,All Population,1,Deaths,4844,Bihar,1,Male,9,20-24 years,499,Cardiomyopathy and myocarditis,102,High alcohol use,1,Number,2017,0.4841769877023223,1.9657876469064783,0.077499575649393
1,All Population,1,Deaths,4844,Bihar,2,Female,9,20-24 years,499,Cardiomyopathy and myocarditis,102,High alcohol use,1,Number,2017,0.16563030039488347,0.759888657119748,0.01945465493524747
1,All Population,1,Deaths,4843,Assam,1,Male,9,20-24 years,498,Hypertensive heart disease,102,High alcohol use,1,Number,2018,0.1154536411121053,0.23853872175198987,0.04388906023216986
1,All Population,1,Deaths,4843,Assam,2,Female,9,20-24 years,498,Hypertensive heart disease,102,High alcohol use,1,Number,2018,0.004445790782226504,0.011873359785013091,0.0005886542911387202
1,All Population,1,Deaths,4854,Jammu & Kashmir and Ladakh,1,Male,9,20-24 years,494,Stroke,102,High alcohol use,1,Number,2019,0.011606850353737264,0.04142908982240928,-0.0014934485757202532
1,All Population,1,Deaths,4854,Jammu & Kashmir and Ladakh,2,Female,9,20-24 years,494,Stroke,102,High alcohol use,1,Number,2019,-0.00013458347624711284,0.0002398910859075167,-0.000528601746130631
1,All Population,1,Deaths,4844,Bihar,1,Male,9,20-24 years,499,Cardiomyopathy and myocarditis,102,High alcohol use,1,Number,2016,0.5113826683105535,2.0660572677852316,0.07515575341913289
1,All Population,1,Deaths,4844,Bihar,2,Female,9,20-24 years,499,Cardiomyopathy and myocarditis,102,High alcohol use,1,Number,2016,0.18887884063720137,0.8551827284566338,0.02387954781884409
1,All Population,1,Deaths,4861,Manipur,1,Male,9,20-24 years,498,Hypertensive heart disease,102,High alcohol use,1,Number,2016,0.013662874803981245,0.029677219831863614,0.005009125294705471
1,All Population,1,Deaths,4861,Manipur,2,Female,9,20-24 years,498,Hypertensive heart disease,102,High alcohol use,1,Number,2016,0.00036496007445154503,0.0008540389336782758,5.780817570678868e-05
1,All Population,1,Deaths,4843,Assam,1,Male,9,20-24 years,494,Stroke,332,Chewing tobacco,1,Number,2019,3.94451989905289,7.480950677388992,1.579928818076817
1,All Population,1,Deaths,4843,Assam,2,Female,9,20-24 years,494,Stroke,332,Chewing tobacco,1,Number,2019,1.7136558495147065,3.766418094377714,0.676062910779081
1,All Population,1,Deaths,4860,Maharashtra,1,Male,9,20-24 years,494,Stroke,332,Chewing tobacco,1,Number,2019,7.485200088444318,13.489463551338787,3.317521113037891
1,All Population,1,Deaths,4860,Maharashtra,2,Female,9,20-24 years,494,Stroke,332,Chewing tobacco,1,Number,2019,0.8591952921803698,2.2236231714589385,0.2621933539636159
1,All Population,1,Deaths,4852,Haryana,1,Male,9,20-24 years,493,Ischemic heart disease,102,High alcohol use,1,Number,2019,-0.9381516074270267,0.7120575470502444,-3.183806056102167
1,All Population,1,Deaths,4852,Haryana,2,Female,9,20-24 years,493,Ischemic heart disease,102,High alcohol use,1,Number,2019,-0.012070993935468973,0.011489716259055111,-0.04754477139186212
1,All Population,1,Deaths,4850,Goa,1,Male,9,20-24 years,494,Stroke,102,High alcohol use,1,Number,2019,0.023776741442641806,0.07490933434065127,-0.002898939775670937
1,All Population,1,Deaths,4850,Goa,2,Female,9,20-24 years,494,Stroke,102,High alcohol use,1,Number,2019,-0.0002776237571091363,0.00044247535603471897,-0.0010591618544714032
1,All Population,1,Deaths,4874,Uttarakhand,1,Male,9,20-24 years,494,Stroke,102,High alcohol use,1,Number,2019,0.06451165252845947,0.2034164537273155,-0.009108155582442379
1,All Population,1,Deaths,4874,Uttarakhand,2,Female,9,20-24 years,494,Stroke,102,High alcohol use,1,Number,2019,-0.0004292871755749512,0.0005260501274587964,-0.0018745906270388264
1,All Population,1,Deaths,4863,Mizoram,1,Male,9,20-24 years,494,Stroke,332,Chewing tobacco,1,Number,2019,0.02720977884712007,0.05812108879221017,0.008676184416680683
1,All Population,1,Deaths,4863,Mizoram,2,Female,9,20-24 years,494,Stroke,332,Chewing tobacco,1,Number,2019,0.04228396525910063,0.09474916290185875,0.01504183324771223
1,All Population,1,Deaths,4872,Tripura,1,Male,9,20-24 years,494,Stroke,332,Chewing tobacco,1,Number,2019,0.3824282722724048,0.8187381136718958,0.1317169270821285
1,All Population,1,Deaths,4872,Tripura,2,Female,9,20-24 years,494,Stroke,332,Chewing tobacco,1,Number,2019,0.5051553384112503,1.0392673194522866,0.19292918221298005
1,All Population,1,Deaths,4856,Karnataka,1,Male,9,20-24 years,494,Stroke,332,Chewing tobacco,1,Number,2018,2.4276392257896253,5.1280261703569945,0.754941857663259
1,All Population,1,Deaths,4856,Karnataka,2,Female,9,20-24 years,494,Stroke,332,Chewing tobacco,1,Number,2018,0.2314325541760528,0.6435826229149897,0.06823388056499599
1,All Population,1,Deaths,4853,Himachal Pradesh,1,Male,9,20-24 years,498,Hypertensive heart disease,102,High alcohol use,1,Number,2019,0.014767969870474617,0.030375448363392225,0.005315515696582925
1,All Population,1,Deaths,4853,Himachal Pradesh,2,Female,9,20-24 years,498,Hypertensive heart disease,102,High alcohol use,1,Number,2019,0.0001475401306844748,0.0003987008350030952,2.261437449980025e-05
1,All Population,1,Deaths,4860,Maharashtra,1,Male,9,20-24 years,493,Ischemic heart disease,102,High alcohol use,1,Number,2015,-3.4076263191663134,3.3857076866867333,-9.856717216154252
1,All Population,1,Deaths,4860,Maharashtra,2,Female,9,20-24 years,493,Ischemic heart disease,102,High alcohol use,1,Number,2015,-0.04296571323476842,0.040704811245819796,-0.14705602880053073
1,All Population,1,Deaths,4871,Telangana,1,Male,9,20-24 years,498,Hypertensive heart disease,102,High alcohol use,1,Number,2017,0.31281988254745036,0.660179886486784,0.1185561009040597
1,All Population,1,Deaths,4871,Telangana,2,Female,9,20-24 years,498,Hypertensive heart disease,102,High alcohol use,1,Number,2017,0.0045561337553225835,0.012681866589889023,0.0007025141207043164
1,All Population,1,Deaths,4871,Telangana,1,Male,9,20-24 years,499,Cardiomyopathy and myocarditis,102,High alcohol use,1,Number,2017,0.35031942774841895,1.1353815152492739,0.06150886874619583
1,All Population,1,Deaths,4871,Telangana,2,Female,9,20-24 years,499,Cardiomyopathy and myocarditis,102,High alcohol use,1,Number,2017,0.09457268146062522,0.37657634669657797,0.012920863236062296
1,All Population,1,Deaths,4870,Tamil Nadu,1,Male,9,20-24 years,498,Hypertensive heart disease,102,High alcohol use,1,Number,2018,0.306043401259008,0.628569978346961,0.11984361678248251
1,All Population,1,Deaths,4870,Tamil Nadu,2,Female,9,20-24 years,498,Hypertensive heart disease,102,High alcohol use,1,Number,2018,0.0008581146763605111,0.0025564510612159203,0.00012542544835017448
1,All Population,1,Deaths,4868,Rajasthan,1,Male,9,20-24 years,499,Cardiomyopathy and myocarditis,102,High alcohol use,1,Number,2019,0.44381570696014105,1.4544649564536665,0.07828216083194617
1,All Population,1,Deaths,4868,Rajasthan,2,Female,9,20-24 years,499,Cardiomyopathy and myocarditis,102,High alcohol use,1,Number,2019,0.1510128841812597,0.5431196676517295,0.02780719750072555
1,All Population,1,Deaths,4867,Punjab,1,Male,9,20-24 years,494,Stroke,332,Chewing tobacco,1,Number,2019,0.28886533688977517,0.7730541069686083,0.0724278477276414
1,All Population,1,Deaths,4867,Punjab,2,Female,9,20-24 years,494,Stroke,332,Chewing tobacco,1,Number,2019,0.030506343652321105,0.08535362719413064,0.007615129999291619
1,All Population,1,Deaths,4841,Andhra Pradesh,1,Male,9,20-24 years,499,Cardiomyopathy and myocarditis,102,High alcohol use,1,Number,2019,0.2652383181220118,0.8943719273818738,0.053051187365501185
1,All Population,1,Deaths,4841,Andhra Pradesh,2,Female,9,20-24 years,499,Cardiomyopathy and myocarditis,102,High alcohol use,1,Number,2019,0.0788493192405968,0.260326057049889,0.014369642551329616
1,All Population,1,Deaths,4861,Manipur,1,Male,9,20-24 years,498,Hypertensive heart disease,102,High alcohol use,1,Number,2018,0.014150799508970826,0.029217917639195082,0.005179134946567029
1,All Population,1,Deaths,4861,Manipur,2,Female,9,20-24 years,498,Hypertensive heart disease,102,High alcohol use,1,Number,2018,0.0004832134961333089,0.0012515313021467652,7.561565367790351e-05
1,All Population,1,Deaths,4861,Manipur,1,Male,9,20-24 years,494,Stroke,332,Chewing tobacco,1,Number,2019,0.3667411437433878,0.704178078457107,0.13773189747634315
1,All Population,1,Deaths,4861,Manipur,2,Female,9,20-24 years,494,Stroke,332,Chewing tobacco,1,Number,2019,0.30812062218253095,0.6305485728782413,0.12590394238242048
1,All Population,1,Deaths,4861,Manipur,1,Male,9,20-24 years,493,Ischemic heart disease,102,High alcohol use,1,Number,2019,-0.17847397067264567,0.13928468982206033,-0.5493525441012751
1,All Population,1,Deaths,4861,Manipur,2,Female,9,20-24 years,493,Ischemic heart disease,102,High alcohol use,1,Number,2019,-0.01830337105285353,0.01838701545532694,-0.06228501291494008
1,All Population,1,Deaths,4857,Kerala,1,Male,9,20-24 years,499,Cardiomyopathy and myocarditis,102,High alcohol use,1,Number,2016,0.17647258608773636,0.6041461185240492,0.03565397331654567
1,All Population,1,Deaths,4857,Kerala,2,Female,9,20-24 years,499,Cardiomyopathy and myocarditis,102,High alcohol use,1,Number,2016,0.04444864560618734,0.15739858182220265,0.005869821648957854
1,All Population,1,Deaths,4841,Andhra Pradesh,1,Male,9,20-24 years,493,Ischemic heart disease,102,High alcohol use,1,Number,2019,-2.901702858498656,2.3553832909730574,-8.464324028532626
1,All Population,1,Deaths,4841,Andhra Pradesh,2,Female,9,20-24 years,493,Ischemic heart disease,102,High alcohol use,1,Number,2019,-0.0716270219269767,0.06552199044010139,-0.24955139289248973
1,All Population,1,Deaths,4846,Chhattisgarh,1,Male,9,20-24 years,494,Stroke,332,Chewing tobacco,1,Number,2019,6.872028583678749,13.177205073854974,2.2639076621827177
1,All Population,1,Deaths,4846,Chhattisgarh,2,Female,9,20-24 years,494,Stroke,332,Chewing tobacco,1,Number,2019,1.6720053205102698,4.1900852237611454,0.5446045351138589
1,All Population,1,Deaths,4854,Jammu & Kashmir and Ladakh,1,Male,9,20-24 years,498,Hypertensive heart disease,102,High alcohol use,1,Number,2019,0.010189267548814952,0.022617272534058312,0.0035538924865247067
1,All Population,1,Deaths,4854,Jammu & Kashmir and Ladakh,2,Female,9,20-24 years,498,Hypertensive heart disease,102,High alcohol use,1,Number,2019,0.00014812132237946194,0.00043017508452787817,2.0715936581061642e-05
1,All Population,1,Deaths,4856,Karnataka,1,Male,9,20-24 years,494,Stroke,102,High alcohol use,1,Number,2019,0.34414239156935783,1.0576260869885576,-0.05747904275002706
1,All Population,1,Deaths,4856,Karnataka,2,Female,9,20-24 years,494,Stroke,102,High alcohol use,1,Number,2019,-0.009675456049036512,0.012081407224420034,-0.037637601242535
1,All Population,1,Deaths,4842,Arunachal Pradesh,1,Male,9,20-24 years,494,Stroke,102,High alcohol use,1,Number,2018,0.025287957689780868,0.08400254879932388,-0.0034598999053217605
1,All Population,1,Deaths,4842,Arunachal Pradesh,2,Female,9,20-24 years,494,Stroke,102,High alcohol use,1,Number,2018,-0.00199820161371734,0.0036229925803298126,-0.00809490872907531
1,All Population,1,Deaths,4874,Uttarakhand,1,Male,9,20-24 years,493,Ischemic heart disease,102,High alcohol use,1,Number,2019,-1.0628811331912662,0.9252101834958307,-3.4853094962201623
1,All Population,1,Deaths,4874,Uttarakhand,2,Female,9,20-24 years,493,Ischemic heart disease,102,High alcohol use,1,Number,2019,-0.012388740431915058,0.010947729838751615,-0.05392020291601586
1,All Population,1,Deaths,4865,Odisha,1,Male,9,20-24 years,494,Stroke,102,High alcohol use,1,Number,2019,0.4039663991693968,1.38386790053586,-0.04354694338341051
1,All Population,1,Deaths,4865,Odisha,2,Female,9,20-24 years,494,Stroke,102,High alcohol use,1,Number,2019,-0.011410163244297111,0.01956442067593044,-0.04535144415025046
1,All Population,1,Deaths,4870,Tamil Nadu,1,Male,9,20-24 years,499,Cardiomyopathy and myocarditis,102,High alcohol use,1,Number,2019,0.3431121933914069,1.0191802944257458,0.06752549835785389
1,All Population,1,Deaths,4870,Tamil Nadu,2,Female,9,20-24 years,499,Cardiomyopathy and myocarditis,102,High alcohol use,1,Number,2019,0.12219675886522477,0.44686774289644143,0.017338525790300867
1,All Population,1,Deaths,4871,Telangana,1,Male,9,20-24 years,494,Stroke,332,Chewing tobacco,1,Number,2018,0.9180392445932393,2.311616982340653,0.23850039584893948
1,All Population,1,Deaths,4871,Telangana,2,Female,9,20-24 years,494,Stroke,332,Chewing tobacco,1,Number,2018,0.1788967713608651,0.4767302560184199,0.0447357680317329
1,All Population,1,Deaths,4857,Kerala,1,Male,9,20-24 years,498,Hypertensive heart disease,102,High alcohol use,1,Number,2018,0.08376394518820915,0.17164678117034687,0.032326627796011385
1,All Population,1,Deaths,4857,Kerala,2,Female,9,20-24 years,498,Hypertensive heart disease,102,High alcohol use,1,Number,2018,0.0012285944133636258,0.0031781758749023265,0.00021702525411315964
1,All Population,1,Deaths,4860,Maharashtra,1,Male,9,20-24 years,494,Stroke,102,High alcohol use,1,Number,2018,0.9073976971287593,2.9697276338429415,-0.12417502645237133
1,All Population,1,Deaths,4860,Maharashtra,2,Female,9,20-24 years,494,Stroke,102,High alcohol use,1,Number,2018,-0.0023335935961544653,0.0034927541662496888,-0.008335016353211107
1,All Population,1,Deaths,4849,Delhi,1,Male,9,20-24 years,494,Stroke,102,High alcohol use,1,Number,2016,0.060509444458970565,0.19821624629733636,-0.009620510270808411
1,All Population,1,Deaths,4849,Delhi,2,Female,9,20-24 years,494,Stroke,102,High alcohol use,1,Number,2016,-0.0006447158469905827,0.0005673096267934533,-0.0024602791452474067
1,All Population,1,Deaths,4843,Assam,1,Male,9,20-24 years,494,Stroke,102,High alcohol use,1,Number,2019,0.6648244890900171,2.0314102203765363,-0.07660092087835924
1,All Population,1,Deaths,4843,Assam,2,Female,9,20-24 years,494,Stroke,102,High alcohol use,1,Number,2019,-0.01323380222287957,0.025648556972635204,-0.05370782274164856
1,All Population,1,Deaths,4865,Odisha,1,Male,9,20-24 years,494,Stroke,332,Chewing tobacco,1,Number,2018,3.862624580975598,7.5597837123088025,1.5968966798533506
1,All Population,1,Deaths,4865,Odisha,2,Female,9,20-24 years,494,Stroke,332,Chewing tobacco,1,Number,2018,1.7002933375719742,4.034185732750478,0.5132616962657663
1,All Population,1,Deaths,4844,Bihar,1,Male,9,20-24 years,494,Stroke,332,Chewing tobacco,1,Number,2018,2.6882048966498524,5.459701147437728,0.9687559993023422
1,All Population,1,Deaths,4844,Bihar,2,Female,9,20-24 years,494,Stroke,332,Chewing tobacco,1,Number,2018,0.22447310857292643,0.638946092796203,0.05091303785231723
1,All Population,1,Deaths,4873,Uttar Pradesh,1,Male,9,20-24 years,498,Hypertensive heart disease,102,High alcohol use,1,Number,2018,0.252687778606723,0.6024217437939103,0.08530502009359378
1,All Population,1,Deaths,4873,Uttar Pradesh,2,Female,9,20-24 years,498,Hypertensive heart disease,102,High alcohol use,1,Number,2018,0.0029758589559547434,0.008584418233381224,0.0003988455320304658
1,All Population,1,Deaths,4843,Assam,1,Male,9,20-24 years,499,Cardiomyopathy and myocarditis,102,High alcohol use,1,Number,2019,0.15626311300116874,0.4865470919613548,0.026805964016614642
1,All Population,1,Deaths,4843,Assam,2,Female,9,20-24 years,499,Cardiomyopathy and myocarditis,102,High alcohol use,1,Number,2019,0.08990682971450562,0.313249370599598,0.010936447847412989
1,All Population,1,Deaths,4870,Tamil Nadu,1,Male,9,20-24 years,494,Stroke,332,Chewing tobacco,1,Number,2019,0.8273594612164274,1.895237300676235,0.2321535440849371
1,All Population,1,Deaths,4870,Tamil Nadu,2,Female,9,20-24 years,494,Stroke,332,Chewing tobacco,1,Number,2019,0.18193505611708624,0.4895563491294283,0.05054838303505169
1,All Population,1,Deaths,4863,Mizoram,1,Male,9,20-24 years,494,Stroke,102,High alcohol use,1,Number,2019,0.005041971321271008,0.01713764539461565,-0.0006365695929334194
1,All Population,1,Deaths,4863,Mizoram,2,Female,9,20-24 years,494,Stroke,102,High alcohol use,1,Number,2019,-9.781798278498103e-05,0.00013670177359820728,-0.00041949432722506065
1,All Population,1,Deaths,44538,Other Union Territories,1,Male,9,20-24 years,493,Ischemic heart disease,102,High alcohol use,1,Number,2019,-0.302529523151176,0.2707436683556244,-0.9512217207981669
1,All Population,1,Deaths,44538,Other Union Territories,2,Female,9,20-24 years,493,Ischemic heart disease,102,High alcohol use,1,Number,2019,-0.007769053043651084,0.007181237441165377,-0.028213583381883636
1,All Population,1,Deaths,4872,Tripura,1,Male,9,20-24 years,494,Stroke,102,High alcohol use,1,Number,2019,0.05110633910782202,0.16051226531004986,-0.006454987689444935
1,All Population,1,Deaths,4872,Tripura,2,Female,9,20-24 years,494,Stroke,102,High alcohol use,1,Number,2019,-0.0017412329639691193,0.0028682943326870745,-0.006457291857889409
1,All Population,1,Deaths,4867,Punjab,1,Male,9,20-24 years,494,Stroke,332,Chewing tobacco,1,Number,2018,0.3453529453132736,0.9002295506628266,0.08670105889978029
1,All Population,1,Deaths,4867,Punjab,2,Female,9,20-24 years,494,Stroke,332,Chewing tobacco,1,Number,2018,0.033429845897922035,0.09846134271449071,0.00839348100034588
1,All Population,1,Deaths,4864,Nagaland,1,Male,9,20-24 years,499,Cardiomyopathy and myocarditis,102,High alcohol use,1,Number,2018,0.015462572663897025,0.05044144743708411,0.003157561896952005
1,All Population,1,Deaths,4864,Nagaland,2,Female,9,20-24 years,499,Cardiomyopathy and myocarditis,102,High alcohol use,1,Number,2018,0.005691170742626198,0.024404649072934763,0.0007264938118350436
1,All Population,1,Deaths,4853,Himachal Pradesh,1,Male,9,20-24 years,493,Ischemic heart disease,102,High alcohol use,1,Number,2018,-0.29803659540710126,0.2755280086503567,-0.971070101927906
1,All Population,1,Deaths,4853,Himachal Pradesh,2,Female,9,20-24 years,493,Ischemic heart disease,102,High alcohol use,1,Number,2018,-0.004013072369651441,0.0038552553622850047,-0.013703030671006061
1,All Population,1,Deaths,4860,Maharashtra,1,Male,9,20-24 years,498,Hypertensive heart disease,102,High alcohol use,1,Number,2018,0.27833445739033785,0.553417772757371,0.10676805507465872
1,All Population,1,Deaths,4860,Maharashtra,2,Female,9,20-24 years,498,Hypertensive heart disease,102,High alcohol use,1,Number,2018,0.0011716301503740846,0.0029570399376747745,0.00021249808165379187
1,All Population,1,Deaths,4872,Tripura,1,Male,9,20-24 years,498,Hypertensive heart disease,102,High alcohol use,1,Number,2016,0.014811266017629955,0.03548139212315535,0.0054749892349360545
1,All Population,1,Deaths,4872,Tripura,2,Female,9,20-24 years,498,Hypertensive heart disease,102,High alcohol use,1,Number,2016,0.0005250103330086893,0.0013849424659807819,8.006940364742861e-05
1,All Population,1,Deaths,4868,Rajasthan,1,Male,9,20-24 years,493,Ischemic heart disease,102,High alcohol use,1,Number,2019,-1.6499014574856885,1.3815512936357837,-5.2435929835375585
1,All Population,1,Deaths,4868,Rajasthan,2,Female,9,20-24 years,493,Ischemic heart disease,102,High alcohol use,1,Number,2019,-0.043876747307123494,0.03596499427436868,-0.16314351477225872
1,All Population,1,Deaths,4849,Delhi,1,Male,9,20-24 years,493,Ischemic heart disease,102,High alcohol use,1,Number,2018,-1.0483967614005603,0.8419311793643188,-3.3197981399662133
1,All Population,1,Deaths,4849,Delhi,2,Female,9,20-24 years,493,Ischemic heart disease,102,High alcohol use,1,Number,2018,-0.025300707905646442,0.026701099105687284,-0.09888132356362339
1,All Population,1,Deaths,4864,Nagaland,1,Male,9,20-24 years,494,Stroke,102,High alcohol use,1,Number,2019,0.03216218882074526,0.09749324638769669,-0.0037842915762918814
1,All Population,1,Deaths,4864,Nagaland,2,Female,9,20-24 years,494,Stroke,102,High alcohol use,1,Number,2019,-0.0006479417079894802,0.0011423873717281762,-0.002288876556418081
1,All Population,1,Deaths,4867,Punjab,1,Male,9,20-24 years,493,Ischemic heart disease,102,High alcohol use,1,Number,2019,-4.198335052004317,3.908976613660764,-13.250654161166825
1,All Population,1,Deaths,4867,Punjab,2,Female,9,20-24 years,493,Ischemic heart disease,102,High alcohol use,1,Number,2019,-0.032647796632240045,0.03400822348305147,-0.10599321876163678
1,All Population,1,Deaths,4862,Meghalaya,1,Male,9,20-24 years,494,Stroke,332,Chewing tobacco,1,Number,2019,0.140534808588704,0.30521856348177845,0.04115942310623771
1,All Population,1,Deaths,4862,Meghalaya,2,Female,9,20-24 years,494,Stroke,332,Chewing tobacco,1,Number,2019,0.22551250830815167,0.46714976389433543,0.07911232903536256
1,All Population,1,Deaths,4863,Mizoram,1,Male,9,20-24 years,499,Cardiomyopathy and myocarditis,102,High alcohol use,1,Number,2017,0.00592350014919295,0.023392470013276614,0.0008252947272861304
1,All Population,1,Deaths,4863,Mizoram,2,Female,9,20-24 years,499,Cardiomyopathy and myocarditis,102,High alcohol use,1,Number,2017,0.0025460948740290723,0.011025129400024026,0.00036155853152901226
1,All Population,1,Deaths,4874,Uttarakhand,1,Male,9,20-24 years,498,Hypertensive heart disease,102,High alcohol use,1,Number,2018,0.048693734601350125,0.10878198808996316,0.015939764111257818
1,All Population,1,Deaths,4874,Uttarakhand,2,Female,9,20-24 years,498,Hypertensive heart disease,102,High alcohol use,1,Number,2018,0.0002971570597563485,0.0008756504401058922,4.293916999884974e-05
1,All Population,1,Deaths,4856,Karnataka,1,Male,9,20-24 years,498,Hypertensive heart disease,102,High alcohol use,1,Number,2018,0.19854507087622503,0.44575303516952475,0.06723006981130636
1,All Population,1,Deaths,4856,Karnataka,2,Female,9,20-24 years,498,Hypertensive heart disease,102,High alcohol use,1,Number,2018,0.005815061077084775,0.01245645120266705,0.001269194050854862
1,All Population,1,Deaths,4851,Gujarat,1,Male,9,20-24 years,498,Hypertensive heart disease,102,High alcohol use,1,Number,2018,0.08669864150027635,0.1980025640038129,0.03142390171376265
1,All Population,1,Deaths,4851,Gujarat,2,Female,9,20-24 years,498,Hypertensive heart disease,102,High alcohol use,1,Number,2018,0.0008947692974040573,0.0024627536799657025,0.00011391180776645289
1,All Population,1,Deaths,44538,Other Union Territories,1,Male,9,20-24 years,494,Stroke,102,High alcohol use,1,Number,2019,0.02062323526678863,0.06829114939732367,-0.0026399133436780216
1,All Population,1,Deaths,44538,Other Union Territories,2,Female,9,20-24 years,494,Stroke,102,High alcohol use,1,Number,2019,-0.0002427320925662757,0.00043701579467519687,-0.0009291607926969489
1,All Population,1,Deaths,4868,Rajasthan,1,Male,9,20-24 years,494,Stroke,102,High alcohol use,1,Number,2018,0.13690362808865972,0.4730959936799109,-0.017373420165229407
1,All Population,1,Deaths,4868,Rajasthan,2,Female,9,20-24 years,494,Stroke,102,High alcohol use,1,Number,2018,-0.0019731928629705235,0.0024040796429181045,-0.00746946095442157
1,All Population,1,Deaths,4861,Manipur,1,Male,9,20-24 years,494,Stroke,102,High alcohol use,1,Number,2019,0.03835345074549707,0.12013226926426251,-0.005345463014951231
1,All Population,1,Deaths,4861,Manipur,2,Female,9,20-24 years,494,Stroke,102,High alcohol use,1,Number,2019,-0.0010221644017519857,0.002003220486623522,-0.0035068824136532083
1,All Population,1,Deaths,4850,Goa,1,Male,9,20-24 years,494,Stroke,332,Chewing tobacco,1,Number,2019,0.035007259970455805,0.09023957088181012,0.008658062421762171
1,All Population,1,Deaths,4850,Goa,2,Female,9,20-24 years,494,Stroke,332,Chewing tobacco,1,Number,2019,0.003180399875210858,0.010710000515550109,0.0008063821685481839
1,All Population,1,Deaths,4857,Kerala,1,Male,9,20-24 years,493,Ischemic heart disease,102,High alcohol use,1,Number,2019,-0.8312184814977905,0.7521508065114335,-2.640598075196643
1,All Population,1,Deaths,4857,Kerala,2,Female,9,20-24 years,493,Ischemic heart disease,102,High alcohol use,1,Number,2019,-0.019649748429280633,0.02009253642247598,-0.06575056286162677
1,All Population,1,Deaths,4851,Gujarat,1,Male,9,20-24 years,499,Cardiomyopathy and myocarditis,102,High alcohol use,1,Number,2018,0.4880973425424025,1.3929177422176253,0.09487328261247295
1,All Population,1,Deaths,4851,Gujarat,2,Female,9,20-24 years,499,Cardiomyopathy and myocarditis,102,High alcohol use,1,Number,2018,0.12325351177601165,0.48753673558916083,0.01693993037791007
1,All Population,1,Deaths,4875,West Bengal,1,Male,9,20-24 years,493,Ischemic heart disease,102,High alcohol use,1,Number,2019,-2.2300952902025464,1.5954892402126957,-7.068327297049748
1,All Population,1,Deaths,4875,West Bengal,2,Female,9,20-24 years,493,Ischemic heart disease,102,High alcohol use,1,Number,2019,-0.06654336833102095,0.06501599208942499,-0.23224381282708667
1,All Population,1,Deaths,4844,Bihar,1,Male,9,20-24 years,499,Cardiomyopathy and myocarditis,102,High alcohol use,1,Number,2015,0.5394155238682726,2.0228759344677627,0.0792173500693928
1,All Population,1,Deaths,4844,Bihar,2,Female,9,20-24 years,499,Cardiomyopathy and myocarditis,102,High alcohol use,1,Number,2015,0.1991542269069417,0.9040349676282646,0.02307306458792298
1,All Population,1,Deaths,4873,Uttar Pradesh,1,Male,9,20-24 years,494,Stroke,102,High alcohol use,1,Number,2018,0.004869961106341812,0.7346150356844368,-0.5461452757559724
1,All Population,1,Deaths,4873,Uttar Pradesh,2,Female,9,20-24 years,494,Stroke,102,High alcohol use,1,Number,2018,-0.00946125155320086,0.011061068241613278,-0.03995571097643497
1,All Population,1,Deaths,4868,Rajasthan,1,Male,9,20-24 years,494,Stroke,332,Chewing tobacco,1,Number,2019,2.0176921140256736,4.407419085795429,0.6142236821033874
1,All Population,1,Deaths,4868,Rajasthan,2,Female,9,20-24 years,494,Stroke,332,Chewing tobacco,1,Number,2019,0.3314370918981919,0.9447163394532738,0.08247737293057217
1,All Population,1,Deaths,4849,Delhi,1,Male,9,20-24 years,494,Stroke,102,High alcohol use,1,Number,2018,0.04512910594707513,0.15997790364443584,-0.005516719105602622
1,All Population,1,Deaths,4849,Delhi,2,Female,9,20-24 years,494,Stroke,102,High alcohol use,1,Number,2018,-0.0006845793582005427,0.0005878050129381747,-0.0024645272741191855
1,All Population,1,Deaths,4844,Bihar,1,Male,9,20-24 years,494,Stroke,332,Chewing tobacco,1,Number,2016,3.360052224641234,7.106021888960084,1.3292450389121164
1,All Population,1,Deaths,4844,Bihar,2,Female,9,20-24 years,494,Stroke,332,Chewing tobacco,1,Number,2016,0.27628409555485184,0.7628571391216705,0.056967107570676655
1,All Population,1,Deaths,4850,Goa,1,Male,9,20-24 years,499,Cardiomyopathy and myocarditis,102,High alcohol use,1,Number,2018,0.012782054002466355,0.04595554516033612,0.002713887711631256
1,All Population,1,Deaths,4850,Goa,2,Female,9,20-24 years,499,Cardiomyopathy and myocarditis,102,High alcohol use,1,Number,2018,0.0019375659816617467,0.00672741806918669,0.0002844742842203214
1,All Population,1,Deaths,4868,Rajasthan,1,Male,9,20-24 years,498,Hypertensive heart disease,102,High alcohol use,1,Number,2018,0.1106548569128516,0.2276153743668925,0.03994224779240968
1,All Population,1,Deaths,4868,Rajasthan,2,Female,9,20-24 years,498,Hypertensive heart disease,102,High alcohol use,1,Number,2018,0.0014638096072623367,0.003844757406625681,0.00020610879409166136
1,All Population,1,Deaths,4857,Kerala,1,Male,9,20-24 years,494,Stroke,102,High alcohol use,1,Number,2018,0.21017958980161489,0.6660082773997492,-0.027220956798891097
1,All Population,1,Deaths,4857,Kerala,2,Female,9,20-24 years,494,Stroke,102,High alcohol use,1,Number,2018,-0.0015551044920644687,0.0021900770846365806,-0.005373685576070855
1,All Population,1,Deaths,4855,Jharkhand,1,Male,9,20-24 years,498,Hypertensive heart disease,102,High alcohol use,1,Number,2018,0.09007885448064355,0.19914242893155276,0.0353566335580644
1,All Population,1,Deaths,4855,Jharkhand,2,Female,9,20-24 years,498,Hypertensive heart disease,102,High alcohol use,1,Number,2018,0.003508114308381236,0.009606653798009745,0.0004791561200708144
1,All Population,1,Deaths,4855,Jharkhand,1,Male,9,20-24 years,498,Hypertensive heart disease,102,High alcohol use,1,Number,2017,0.09106121553654188,0.20285098828420575,0.03526420305566595
1,All Population,1,Deaths,4855,Jharkhand,2,Female,9,20-24 years,498,Hypertensive heart disease,102,High alcohol use,1,Number,2017,0.002887196940041144,0.008356160400033842,0.000401689447291151
1,All Population,1,Deaths,4865,Odisha,1,Male,9,20-24 years,493,Ischemic heart disease,102,High alcohol use,1,Number,2019,-1.092104281180261,0.8658191429475355,-3.1511357852142607
1,All Population,1,Deaths,4865,Odisha,2,Female,9,20-24 years,493,Ischemic heart disease,102,High alcohol use,1,Number,2019,-0.10503013940931556,0.08187583820232142,-0.3367319769804513
1,All Population,1,Deaths,4841,Andhra Pradesh,1,Male,9,20-24 years,498,Hypertensive heart disease,102,High alcohol use,1,Number,2018,0.18532576850422683,0.38402007343885586,0.07361933284855861
1,All Population,1,Deaths,4841,Andhra Pradesh,2,Female,9,20-24 years,498,Hypertensive heart disease,102,High alcohol use,1,Number,2018,0.0026927065100787757,0.007163710207634942,0.00040497868500229996
1,All Population,1,Deaths,4862,Meghalaya,1,Male,9,20-24 years,499,Cardiomyopathy and myocarditis,102,High alcohol use,1,Number,2018,0.033985547046555334,0.12163628040492243,0.005285539807111928
1,All Population,1,Deaths,4862,Meghalaya,2,Female,9,20-24 years,499,Cardiomyopathy and myocarditis,102,High alcohol use,1,Number,2018,0.011748537772592276,0.055903817710166254,0.001633207543470642
1,All Population,1,Deaths,4859,Madhya Pradesh,1,Male,9,20-24 years,498,Hypertensive heart disease,102,High alcohol use,1,Number,2018,0.2469919210315335,0.5489916627942252,0.08722789778556506
1,All Population,1,Deaths,4859,Madhya Pradesh,2,Female,9,20-24 years,498,Hypertensive heart disease,102,High alcohol use,1,Number,2018,0.0026651978264568745,0.007095017855354493,0.0004929506407981513
1,All Population,1,Deaths,4874,Uttarakhand,1,Male,9,20-24 years,494,Stroke,332,Chewing tobacco,1,Number,2019,0.28660961870096674,0.6783368508344133,0.06253743738979618
1,All Population,1,Deaths,4874,Uttarakhand,2,Female,9,20-24 years,494,Stroke,332,Chewing tobacco,1,Number,2019,0.027012528165676734,0.07629526054017154,0.005767015572968978
1,All Population,1,Deaths,4860,Maharashtra,1,Male,9,20-24 years,499,Cardiomyopathy and myocarditis,102,High alcohol use,1,Number,2019,0.6282629527639053,1.9782802553983005,0.12612507095878495
1,All Population,1,Deaths,4860,Maharashtra,2,Female,9,20-24 years,499,Cardiomyopathy and myocarditis,102,High alcohol use,1,Number,2019,0.1354996668787307,0.4696128835955522,0.02172623038659622
1,All Population,1,Deaths,4855,Jharkhand,1,Male,9,20-24 years,494,Stroke,102,High alcohol use,1,Number,2019,0.20397678276962375,0.673587107803077,-0.023767409291612706
1,All Population,1,Deaths,4855,Jharkhand,2,Female,9,20-24 years,494,Stroke,102,High alcohol use,1,Number,2019,-0.0095434692463164,0.018474014616001927,-0.04165124425260682
1,All Population,1,Deaths,4852,Haryana,1,Male,9,20-24 years,494,Stroke,102,High alcohol use,1,Number,2019,0.010295941657428734,0.1858776586056119,-0.09534712203116028
1,All Population,1,Deaths,4852,Haryana,2,Female,9,20-24 years,494,Stroke,102,High alcohol use,1,Number,2019,-0.0010753217247480623,0.0014461613335519463,-0.004242012340923282
1,All Population,1,Deaths,4865,Odisha,1,Male,9,20-24 years,499,Cardiomyopathy and myocarditis,102,High alcohol use,1,Number,2017,0.17690294087975622,0.6044610212480335,0.030843583376608433
1,All Population,1,Deaths,4865,Odisha,2,Female,9,20-24 years,499,Cardiomyopathy and myocarditis,102,High alcohol use,1,Number,2017,0.09052898414353087,0.4356043545126888,0.009827571386561275
1,All Population,1,Deaths,4853,Himachal Pradesh,1,Male,9,20-24 years,499,Cardiomyopathy and myocarditis,102,High alcohol use,1,Number,2016,0.03095424021745188,0.10531834790517561,0.005665378700174944
1,All Population,1,Deaths,4853,Himachal Pradesh,2,Female,9,20-24 years,499,Cardiomyopathy and myocarditis,102,High alcohol use,1,Number,2016,0.008106451267591979,0.034552636764163855,0.0009148091310667094
1,All Population,1,Deaths,4872,Tripura,1,Male,9,20-24 years,493,Ischemic heart disease,102,High alcohol use,1,Number,2019,-0.22858444633642058,0.18645388774415492,-0.7075389787147832
1,All Population,1,Deaths,4872,Tripura,2,Female,9,20-24 years,493,Ischemic heart disease,102,High alcohol use,1,Number,2019,-0.024761389816801843,0.022557847721887715,-0.0853856153301466
1,All Population,1,Deaths,4852,Haryana,1,Male,9,20-24 years,494,Stroke,332,Chewing tobacco,1,Number,2019,0.8627513738741811,1.9783089541382606,0.2427699836976724
1,All Population,1,Deaths,4852,Haryana,2,Female,9,20-24 years,494,Stroke,332,Chewing tobacco,1,Number,2019,0.060108349047965706,0.16067502147733123,0.01579922572697464
1,All Population,1,Deaths,4875,West Bengal,1,Male,9,20-24 years,499,Cardiomyopathy and myocarditis,102,High alcohol use,1,Number,2018,0.4462815538741045,1.3386600799706576,0.08663161191568643
1,All Population,1,Deaths,4875,West Bengal,2,Female,9,20-24 years,499,Cardiomyopathy and myocarditis,102,High alcohol use,1,Number,2018,0.13498641123050883,0.4249850908622393,0.018676857732914512
1,All Population,1,Deaths,4842,Arunachal Pradesh,1,Male,9,20-24 years,494,Stroke,332,Chewing tobacco,1,Number,2018,0.14089473029064756,0.270392885918266,0.05273347129327922
1,All Population,1,Deaths,4842,Arunachal Pradesh,2,Female,9,20-24 years,494,Stroke,332,Chewing tobacco,1,Number,2018,0.06057755702915399,0.13672429669495792,0.02083299335730931
1,All Population,1,Deaths,4869,Sikkim,1,Male,9,20-24 years,498,Hypertensive heart disease,102,High alcohol use,1,Number,2019,0.002523658990995001,0.005045692230590739,0.0009882720653912266
1,All Population,1,Deaths,4869,Sikkim,2,Female,9,20-24 years,498,Hypertensive heart disease,102,High alcohol use,1,Number,2019,0.00032735105258180233,0.000850406460282468,4.553929000598792e-05
1,All Population,1,Deaths,4842,Arunachal Pradesh,1,Male,9,20-24 years,494,Stroke,332,Chewing tobacco,1,Number,2016,0.1524071413248926,0.28284425134597185,0.0616871409250241
1,All Population,1,Deaths,4842,Arunachal Pradesh,2,Female,9,20-24 years,494,Stroke,332,Chewing tobacco,1,Number,2016,0.056851863945251185,0.12571985897644344,0.019029689314622796
1,All Population,1,Deaths,4854,Jammu & Kashmir and Ladakh,1,Male,9,20-24 years,493,Ischemic heart disease,102,High alcohol use,1,Number,2018,-0.16730607043763135,0.13559378640380407,-0.5406233615757745
1,All Population,1,Deaths,4854,Jammu & Kashmir and Ladakh,2,Female,9,20-24 years,493,Ischemic heart disease,102,High alcohol use,1,Number,2018,-0.006807214658474418,0.006514975133490485,-0.027608259248991948
1,All Population,1,Deaths,4859,Madhya Pradesh,1,Male,9,20-24 years,494,Stroke,332,Chewing tobacco,1,Number,2019,6.041147385213869,12.77163043436642,1.8984813512725187
1,All Population,1,Deaths,4859,Madhya Pradesh,2,Female,9,20-24 years,494,Stroke,332,Chewing tobacco,1,Number,2019,1.7409881532643268,4.147669942658174,0.6177652677991485
1,All Population,1,Deaths,4856,Karnataka,1,Male,9,20-24 years,493,Ischemic heart disease,102,High alcohol use,1,Number,2019,-4.345015835315314,4.010411643109277,-13.775370424908154
1,All Population,1,Deaths,4856,Karnataka,2,Female,9,20-24 years,493,Ischemic heart disease,102,High alcohol use,1,Number,2019,-0.28729590600896576,0.29674676579283543,-0.8312162270728971
1,All Population,1,Deaths,4842,Arunachal Pradesh,1,Male,9,20-24 years,499,Cardiomyopathy and myocarditis,102,High alcohol use,1,Number,2015,0.011820537574823887,0.04514757427652602,0.0021007289646893614
1,All Population,1,Deaths,4842,Arunachal Pradesh,2,Female,9,20-24 years,499,Cardiomyopathy and myocarditis,102,High alcohol use,1,Number,2015,0.003614029828435651,0.016185808328761677,0.00044827271734151507
1,All Population,1,Deaths,4850,Goa,1,Male,9,20-24 years,498,Hypertensive heart disease,102,High alcohol use,1,Number,2019,0.010192646156811527,0.020388212451155026,0.0038668997733508704
1,All Population,1,Deaths,4850,Goa,2,Female,9,20-24 years,498,Hypertensive heart disease,102,High alcohol use,1,Number,2019,0.00018604092069552438,0.0005058705466338819,2.776992296219992e-05
1,All Population,1,Deaths,4846,Chhattisgarh,1,Male,9,20-24 years,493,Ischemic heart disease,102,High alcohol use,1,Number,2019,-4.387595099713634,3.179931042424606,-13.61643708530179
1,All Population,1,Deaths,4846,Chhattisgarh,2,Female,9,20-24 years,493,Ischemic heart disease,102,High alcohol use,1,Number,2019,-0.19390763906218395,0.1960549300300698,-0.690976602773624
1,All Population,1,Deaths,4855,Jharkhand,1,Male,9,20-24 years,499,Cardiomyopathy and myocarditis,102,High alcohol use,1,Number,2018,0.14349951888575438,0.49812120287024814,0.02866068709320092
1,All Population,1,Deaths,4855,Jharkhand,2,Female,9,20-24 years,499,Cardiomyopathy and myocarditis,102,High alcohol use,1,Number,2018,0.07122219060626456,0.2715265721935367,0.008765593863019857
1,All Population,1,Deaths,4852,Haryana,1,Male,9,20-24 years,498,Hypertensive heart disease,102,High alcohol use,1,Number,2019,0.06313571608795672,0.1416306206024287,0.017853250379918348
1,All Population,1,Deaths,4852,Haryana,2,Female,9,20-24 years,498,Hypertensive heart disease,102,High alcohol use,1,Number,2019,0.0004938031429774259,0.0012742521962116537,6.603108306242066e-05
1,All Population,1,Deaths,4852,Haryana,1,Male,9,20-24 years,499,Cardiomyopathy and myocarditis,102,High alcohol use,1,Number,2019,0.3159805475615181,0.992195238014802,0.06368668900708822
1,All Population,1,Deaths,4852,Haryana,2,Female,9,20-24 years,499,Cardiomyopathy and myocarditis,102,High alcohol use,1,Number,2019,0.07398369455656288,0.29515388531333486,0.011020722280186556
1,All Population,1,Deaths,4869,Sikkim,1,Male,9,20-24 years,499,Cardiomyopathy and myocarditis,102,High alcohol use,1,Number,2018,0.0040846320066152,0.013708594359633215,0.0007436602423249659
1,All Population,1,Deaths,4869,Sikkim,2,Female,9,20-24 years,499,Cardiomyopathy and myocarditis,102,High alcohol use,1,Number,2018,0.0015543829533859832,0.005845475253744584,0.0002191565525527227
1,All Population,1,Deaths,4870,Tamil Nadu,1,Male,9,20-24 years,494,Stroke,102,High alcohol use,1,Number,2019,0.5583601239173207,1.8109342880305914,-0.08847167840372604
1,All Population,1,Deaths,4870,Tamil Nadu,2,Female,9,20-24 years,494,Stroke,102,High alcohol use,1,Number,2019,-0.0016692566477899426,0.003200593896059191,-0.0063385889038709495
1,All Population,1,Deaths,4865,Odisha,1,Male,9,20-24 years,499,Cardiomyopathy and myocarditis,102,High alcohol use,1,Number,2018,0.16383880499533912,0.5349290058630456,0.02963938030007245
1,All Population,1,Deaths,4865,Odisha,2,Female,9,20-24 years,499,Cardiomyopathy and myocarditis,102,High alcohol use,1,Number,2018,0.09872347038515866,0.4188704155681231,0.011361833025428387
1,All Population,1,Deaths,4873,Uttar Pradesh,1,Male,9,20-24 years,494,Stroke,332,Chewing tobacco,1,Number,2017,18.892408736176666,37.901112222366166,8.307058410843462
1,All Population,1,Deaths,4873,Uttar Pradesh,2,Female,9,20-24 years,494,Stroke,332,Chewing tobacco,1,Number,2017,3.432236064297803,8.565132618802156,0.9030518922404588
1,All Population,1,Deaths,4863,Mizoram,1,Male,9,20-24 years,499,Cardiomyopathy and myocarditis,102,High alcohol use,1,Number,2016,0.005939678651762094,0.023542610492727416,0.0007985370922860204
1,All Population,1,Deaths,4863,Mizoram,2,Female,9,20-24 years,499,Cardiomyopathy and myocarditis,102,High alcohol use,1,Number,2016,0.002267657162549695,0.010198521557891773,0.00030101747665453826
1,All Population,1,Deaths,4857,Kerala,1,Male,9,20-24 years,498,Hypertensive heart disease,102,High alcohol use,1,Number,2016,0.09062695084174409,0.18663812225505186,0.034857443688349386
1,All Population,1,Deaths,4857,Kerala,2,Female,9,20-24 years,498,Hypertensive heart disease,102,High alcohol use,1,Number,2016,0.001248180786765622,0.003251351844907339,0.00022061687480621063
1,All Population,1,Deaths,4853,Himachal Pradesh,1,Male,9,20-24 years,499,Cardiomyopathy and myocarditis,102,High alcohol use,1,Number,2018,0.03234573552701427,0.10360213496584256,0.006346374591363124
1,All Population,1,Deaths,4853,Himachal Pradesh,2,Female,9,20-24 years,499,Cardiomyopathy and myocarditis,102,High alcohol use,1,Number,2018,0.009782985675281216,0.03728343655754911,0.0012394836106844375
1,All Population,1,Deaths,4841,Andhra Pradesh,1,Male,9,20-24 years,494,Stroke,332,Chewing tobacco,1,Number,2019,0.4039976689564743,0.831008954991815,0.13119926097597612
1,All Population,1,Deaths,4841,Andhra Pradesh,2,Female,9,20-24 years,494,Stroke,332,Chewing tobacco,1,Number,2019,0.11905282742433243,0.3640392317253258,0.022928069249299635
1,All Population,1,Deaths,4851,Gujarat,1,Male,9,20-24 years,493,Ischemic heart disease,102,High alcohol use,1,Number,2016,-1.2057323767193122,1.1037161485782296,-3.7653586801415626
1,All Population,1,Deaths,4851,Gujarat,2,Female,9,20-24 years,493,Ischemic heart disease,102,High alcohol use,1,Number,2016,-0.02559814383272462,0.02688454378662146,-0.09665265433639249
1,All Population,1,Deaths,44538,Other Union Territories,1,Male,9,20-24 years,494,Stroke,332,Chewing tobacco,1,Number,2019,0.07544078110949012,0.1632697984410318,0.02364243517581816
1,All Population,1,Deaths,44538,Other Union Territories,2,Female,9,20-24 years,494,Stroke,332,Chewing tobacco,1,Number,2019,0.010015964119602785,0.029134223059671234,0.0025066108084867717
1,All Population,1,Deaths,44538,Other Union Territories,1,Male,9,20-24 years,498,Hypertensive heart disease,102,High alcohol use,1,Number,2018,0.012728848554388286,0.028786938593730292,0.005037250434962361
1,All Population,1,Deaths,44538,Other Union Territories,2,Female,9,20-24 years,498,Hypertensive heart disease,102,High alcohol use,1,Number,2018,0.00015629997778568875,0.0004361597174740533,2.4021833471956958e-05
1,All Population,1,Deaths,4844,Bihar,1,Male,9,20-24 years,494,Stroke,102,High alcohol use,1,Number,2018,0.2514114327966087,0.9064641249288659,-0.03479429954218319
1,All Population,1,Deaths,4844,Bihar,2,Female,9,20-24 years,494,Stroke,102,High alcohol use,1,Number,2018,-0.0023162828357186,0.0028687064472606924,-0.009323888577623445
1,All Population,1,Deaths,4863,Mizoram,1,Male,9,20-24 years,493,Ischemic heart disease,102,High alcohol use,1,Number,2018,-0.017965133516633605,0.014902669979156746,-0.05667099985677155
1,All Population,1,Deaths,4863,Mizoram,2,Female,9,20-24 years,493,Ischemic heart disease,102,High alcohol use,1,Number,2018,-0.0016643749234109635,0.0016042877099795782,-0.006562345242915522
1,All Population,1,Deaths,4844,Bihar,1,Male,9,20-24 years,494,Stroke,102,High alcohol use,1,Number,2016,0.28298796750443606,1.015456368583904,-0.03342867338726663
1,All Population,1,Deaths,4844,Bihar,2,Female,9,20-24 years,494,Stroke,102,High alcohol use,1,Number,2016,-0.002521911123920898,0.0035674537941257313,-0.009421334094243611
1,All Population,1,Deaths,4874,Uttarakhand,1,Male,9,20-24 years,499,Cardiomyopathy and myocarditis,102,High alcohol use,1,Number,2019,0.08782379797785526,0.3174197609917548,0.01292296431761506
1,All Population,1,Deaths,4874,Uttarakhand,2,Female,9,20-24 years,499,Cardiomyopathy and myocarditis,102,High alcohol use,1,Number,2019,0.05383870413372258,0.237628070599179,0.006251204893976898
1,All Population,1,Deaths,4864,Nagaland,1,Male,9,20-24 years,498,Hypertensive heart disease,102,High alcohol use,1,Number,2018,0.010383065893530302,0.02125365064799401,0.004227134201489618
1,All Population,1,Deaths,4864,Nagaland,2,Female,9,20-24 years,498,Hypertensive heart disease,102,High alcohol use,1,Number,2018,0.0003165384207428903,0.0007927653097543866,5.174723661389093e-05
1,All Population,1,Deaths,4851,Gujarat,1,Male,9,20-24 years,494,Stroke,102,High alcohol use,1,Number,2019,0.16762049121184186,0.6055709600083631,-0.021689403578637828
1,All Population,1,Deaths,4851,Gujarat,2,Female,9,20-24 years,494,Stroke,102,High alcohol use,1,Number,2019,-0.0019646048881421614,0.0031272466343464744,-0.006991265942243284
1,All Population,1,Deaths,4851,Gujarat,1,Male,9,20-24 years,499,Cardiomyopathy and myocarditis,102,High alcohol use,1,Number,2016,0.5506935373274704,1.8674868079041653,0.10542322646473493
1,All Population,1,Deaths,4851,Gujarat,2,Female,9,20-24 years,499,Cardiomyopathy and myocarditis,102,High alcohol use,1,Number,2016,0.12606776688278112,0.5269215160313214,0.015190562740554223
1,All Population,1,Deaths,4841,Andhra Pradesh,1,Male,9,20-24 years,499,Cardiomyopathy and myocarditis,102,High alcohol use,1,Number,2020,0.24899791849432537,0.795604403655149,0.047701045807850256
1,All Population,1,Deaths,4841,Andhra Pradesh,2,Female,9,20-24 years,499,Cardiomyopathy and myocarditis,102,High alcohol use,1,Number,2020,0.07241736065393686,0.21053750256740233,0.011730738003251383
1,All Population,1,Deaths,4849,Delhi,1,Male,9,20-24 years,494,Stroke,332,Chewing tobacco,1,Number,2019,0.20799625025709792,0.48528904643584264,0.05370101018045978
1,All Population,1,Deaths,4849,Delhi,2,Female,9,20-24 years,494,Stroke,332,Chewing tobacco,1,Number,2019,0.03094772331819423,0.09267031898652678,0.007424011834912514
1,All Population,1,Deaths,4857,Kerala,1,Male,9,20-24 years,494,Stroke,332,Chewing tobacco,1,Number,2020,0.3563807185969629,0.8397237466280608,0.09623292989636584
1,All Population,1,Deaths,4857,Kerala,2,Female,9,20-24 years,494,Stroke,332,Chewing tobacco,1,Number,2020,0.035349776068860084,0.09986737998121129,0.009282080108594732
1,All Population,1,Deaths,4873,Uttar Pradesh,1,Male,9,20-24 years,494,Stroke,102,High alcohol use,1,Number,2016,-0.014456766067894136,0.6977012267753431,-0.6301729049279159
1,All Population,1,Deaths,4873,Uttar Pradesh,2,Female,9,20-24 years,494,Stroke,102,High alcohol use,1,Number,2016,-0.007990902113417216,0.010860315952230502,-0.033538457022358456
1,All Population,1,Deaths,4861,Manipur,1,Male,9,20-24 years,494,Stroke,332,Chewing tobacco,1,Number,2020,0.33425359102838315,0.6454993951917106,0.11900663092925473
1,All Population,1,Deaths,4861,Manipur,2,Female,9,20-24 years,494,Stroke,332,Chewing tobacco,1,Number,2020,0.2623641406670402,0.5656978358623699,0.09825118680426286
1,All Population,1,Deaths,4859,Madhya Pradesh,1,Male,9,20-24 years,494,Stroke,102,High alcohol use,1,Number,2018,0.4984616252363527,1.6794179994997855,-0.062166798694972686
1,All Population,1,Deaths,4859,Madhya Pradesh,2,Female,9,20-24 years,494,Stroke,102,High alcohol use,1,Number,2018,-0.007336885816224897,0.010018673820216996,-0.027532929390325978
1,All Population,1,Deaths,4851,Gujarat,1,Male,9,20-24 years,494,Stroke,332,Chewing tobacco,1,Number,2016,8.209719174895191,15.488268762201306,3.1618574176822256
1,All Population,1,Deaths,4851,Gujarat,2,Female,9,20-24 years,494,Stroke,332,Chewing tobacco,1,Number,2016,0.6451097110215172,1.6776544281026815,0.1822626192468488
1,All Population,1,Deaths,4849,Delhi,1,Male,9,20-24 years,493,Ischemic heart disease,102,High alcohol use,1,Number,2016,-1.3738666632084615,1.354166121574796,-4.452136403818721
1,All Population,1,Deaths,4849,Delhi,2,Female,9,20-24 years,493,Ischemic heart disease,102,High alcohol use,1,Number,2016,-0.02284206895865077,0.022516285014820663,-0.0814642180703543
1,All Population,1,Deaths,4870,Tamil Nadu,1,Male,9,20-24 years,499,Cardiomyopathy and myocarditis,102,High alcohol use,1,Number,2020,0.3357547804643495,1.152894655260611,0.06729748742705254
1,All Population,1,Deaths,4870,Tamil Nadu,2,Female,9,20-24 years,499,Cardiomyopathy and myocarditis,102,High alcohol use,1,Number,2020,0.10898605570191372,0.3834146381767839,0.015507234767577894
1,All Population,1,Deaths,4864,Nagaland,1,Male,9,20-24 years,493,Ischemic heart disease,102,High alcohol use,1,Number,2018,-0.10525736086186237,0.08410686969185244,-0.3189292983437868
1,All Population,1,Deaths,4864,Nagaland,2,Female,9,20-24 years,493,Ischemic heart disease,102,High alcohol use,1,Number,2018,-0.011971744586437197,0.011895103139586744,-0.03913981533834382
1,All Population,1,Deaths,4843,Assam,1,Male,9,20-24 years,499,Cardiomyopathy and myocarditis,102,High alcohol use,1,Number,2020,0.14926198066159915,0.5014186836423575,0.025206601693813918
1,All Population,1,Deaths,4843,Assam,2,Female,9,20-24 years,499,Cardiomyopathy and myocarditis,102,High alcohol use,1,Number,2020,0.08283868435305239,0.3278364009831549,0.009126026549782583
1,All Population,1,Deaths,4860,Maharashtra,1,Male,9,20-24 years,498,Hypertensive heart disease,102,High alcohol use,1,Number,2019,0.23839869697696975,0.46886708895647927,0.09330630112010552
1,All Population,1,Deaths,4860,Maharashtra,2,Female,9,20-24 years,498,Hypertensive heart disease,102,High alcohol use,1,Number,2019,0.0012064849276606565,0.002960332155355668,0.00020163463801263945
1,All Population,1,Deaths,4844,Bihar,1,Male,9,20-24 years,494,Stroke,102,High alcohol use,1,Number,2019,0.2371903091286699,0.7927624330044885,-0.03449024088086772
1,All Population,1,Deaths,4844,Bihar,2,Female,9,20-24 years,494,Stroke,102,High alcohol use,1,Number,2019,-0.0022422047363994213,0.0027381804984291276,-0.009317970338353543
1,All Population,1,Deaths,4842,Arunachal Pradesh,1,Male,9,20-24 years,494,Stroke,332,Chewing tobacco,1,Number,2019,0.1287475476507367,0.254362313451743,0.04563583882207453
1,All Population,1,Deaths,4842,Arunachal Pradesh,2,Female,9,20-24 years,494,Stroke,332,Chewing tobacco,1,Number,2019,0.05784184259464101,0.141909450810979,0.020109088982041456
1,All Population,1,Deaths,4871,Telangana,1,Male,9,20-24 years,494,Stroke,332,Chewing tobacco,1,Number,2019,0.8116311438178483,2.06501981819041,0.21492031772437134
1,All Population,1,Deaths,4871,Telangana,2,Female,9,20-24 years,494,Stroke,332,Chewing tobacco,1,Number,2019,0.1497319105024873,0.43736566577263447,0.03609198704140413
1,All Population,1,Deaths,4872,Tripura,1,Male,9,20-24 years,499,Cardiomyopathy and myocarditis,102,High alcohol use,1,Number,2018,0.02196321241412388,0.06985478512180472,0.004026405812101839
1,All Population,1,Deaths,4872,Tripura,2,Female,9,20-24 years,499,Cardiomyopathy and myocarditis,102,High alcohol use,1,Number,2018,0.010981799973711034,0.04189615821611692,0.0014325727049266654
1,All Population,1,Deaths,4842,Arunachal Pradesh,1,Male,9,20-24 years,493,Ischemic heart disease,102,High alcohol use,1,Number,2016,-0.13961973712441994,0.10509571744028695,-0.419366730660334
1,All Population,1,Deaths,4842,Arunachal Pradesh,2,Female,9,20-24 years,493,Ischemic heart disease,102,High alcohol use,1,Number,2016,-0.02143794622320004,0.020043568854051126,-0.07157219520117693
1,All Population,1,Deaths,4843,Assam,1,Male,9,20-24 years,498,Hypertensive heart disease,102,High alcohol use,1,Number,2019,0.10773818848746756,0.2186297400203076,0.04016017919333018
1,All Population,1,Deaths,4843,Assam,2,Female,9,20-24 years,498,Hypertensive heart disease,102,High alcohol use,1,Number,2019,0.0049603299525005,0.013404800486752442,0.000693378428255351
1,All Population,1,Deaths,4860,Maharashtra,1,Male,9,20-24 years,494,Stroke,102,High alcohol use,1,Number,2019,0.7817577815942354,2.5201990458271855,-0.11616191413992245
1,All Population,1,Deaths,4860,Maharashtra,2,Female,9,20-24 years,494,Stroke,102,High alcohol use,1,Number,2019,-0.00225270397665837,0.0039420759949844635,-0.008171627124432887
1,All Population,1,Deaths,4859,Madhya Pradesh,1,Male,9,20-24 years,493,Ischemic heart disease,102,High alcohol use,1,Number,2020,-3.9708155563158987,3.106691284685461,-11.896318793293299
1,All Population,1,Deaths,4859,Madhya Pradesh,2,Female,9,20-24 years,493,Ischemic heart disease,102,High alcohol use,1,Number,2020,-0.12800280137773526,0.11261282889777884,-0.41208888369953306
1,All Population,1,Deaths,4869,Sikkim,1,Male,9,20-24 years,494,Stroke,102,High alcohol use,1,Number,2019,0.0034486535932528282,0.010907632929536398,-0.00041488661496506536
1,All Population,1,Deaths,4869,Sikkim,2,Female,9,20-24 years,494,Stroke,102,High alcohol use,1,Number,2019,-0.0004012556800682642,0.0005183328709023648,-0.001357575131897438
1,All Population,1,Deaths,4874,Uttarakhand,1,Male,9,20-24 years,493,Ischemic heart disease,102,High alcohol use,1,Number,2020,-0.9831414671377935,0.7986757717034947,-3.1464557371768054
1,All Population,1,Deaths,4874,Uttarakhand,2,Female,9,20-24 years,493,Ischemic heart disease,102,High alcohol use,1,Number,2020,-0.011326176804658004,0.008744113828498032,-0.044709566373009095
1,All Population,1,Deaths,4870,Tamil Nadu,1,Male,9,20-24 years,494,Stroke,332,Chewing tobacco,1,Number,2020,0.7439320765427996,1.7970179029853366,0.20298541004311907
1,All Population,1,Deaths,4870,Tamil Nadu,2,Female,9,20-24 years,494,Stroke,332,Chewing tobacco,1,Number,2020,0.1539262451045588,0.4161381217855599,0.04065900763618929
1,All Population,1,Deaths,4863,Mizoram,1,Male,9,20-24 years,494,Stroke,102,High alcohol use,1,Number,2020,0.005096612140854903,0.017894635393141303,-0.0006128424125620432
1,All Population,1,Deaths,4863,Mizoram,2,Female,9,20-24 years,494,Stroke,102,High alcohol use,1,Number,2020,-9.946407279952863e-05,0.00012903442520644494,-0.0004171626572336437
1,All Population,1,Deaths,4869,Sikkim,1,Male,9,20-24 years,494,Stroke,102,High alcohol use,1,Number,2018,0.003921353478801289,0.013401333656904877,-0.0005276300363455654
1,All Population,1,Deaths,4869,Sikkim,2,Female,9,20-24 years,494,Stroke,102,High alcohol use,1,Number,2018,-0.0004030905830378665,0.0005592146877849557,-0.001499045047547856
1,All Population,1,Deaths,4843,Assam,1,Male,9,20-24 years,494,Stroke,332,Chewing tobacco,1,Number,2020,3.603647355971971,7.0913232293087285,1.370068501336849
1,All Population,1,Deaths,4843,Assam,2,Female,9,20-24 years,494,Stroke,332,Chewing tobacco,1,Number,2020,1.4046800529623067,3.1028948587586376,0.45582235583322056
1,All Population,1,Deaths,4844,Bihar,1,Male,9,20-24 years,493,Ischemic heart disease,102,High alcohol use,1,Number,2018,-2.320617100219195,2.0782036890737916,-7.803274908226815
1,All Population,1,Deaths,4844,Bihar,2,Female,9,20-24 years,493,Ischemic heart disease,102,High alcohol use,1,Number,2018,-0.0596658490845013,0.05391681978581625,-0.20121133387289603
1,All Population,1,Deaths,4857,Kerala,1,Male,9,20-24 years,498,Hypertensive heart disease,102,High alcohol use,1,Number,2019,0.07323973335534024,0.1377050855026482,0.028085131582894187
1,All Population,1,Deaths,4857,Kerala,2,Female,9,20-24 years,498,Hypertensive heart disease,102,High alcohol use,1,Number,2019,0.0012678262822981854,0.0031420258673298587,0.00021344450842493694
1,All Population,1,Deaths,4854,Jammu & Kashmir and Ladakh,1,Male,9,20-24 years,494,Stroke,332,Chewing tobacco,1,Number,2019,0.06937321730555938,0.19134319866729557,0.017431449105822512
1,All Population,1,Deaths,4854,Jammu & Kashmir and Ladakh,2,Female,9,20-24 years,494,Stroke,332,Chewing tobacco,1,Number,2019,0.008316015294038307,0.025465766590854977,0.0019652989644833225
1,All Population,1,Deaths,4849,Delhi,1,Male,9,20-24 years,498,Hypertensive heart disease,102,High alcohol use,1,Number,2018,0.04121776040463453,0.08247224814541776,0.016025265634350423
1,All Population,1,Deaths,4849,Delhi,2,Female,9,20-24 years,498,Hypertensive heart disease,102,High alcohol use,1,Number,2018,0.0005187575179463232,0.0014924737956407462,7.975900885042584e-05
1,All Population,1,Deaths,4865,Odisha,1,Male,9,20-24 years,498,Hypertensive heart disease,102,High alcohol use,1,Number,2018,0.11897682755779222,0.24330576199779902,0.044713755316288434
1,All Population,1,Deaths,4865,Odisha,2,Female,9,20-24 years,498,Hypertensive heart disease,102,High alcohol use,1,Number,2018,0.0037574571838346143,0.00936568240571878,0.0005858433058255724
1,All Population,1,Deaths,4874,Uttarakhand,1,Male,9,20-24 years,494,Stroke,102,High alcohol use,1,Number,2020,0.06051848545572424,0.18851654501287823,-0.008982980419363205
1,All Population,1,Deaths,4874,Uttarakhand,2,Female,9,20-24 years,494,Stroke,102,High alcohol use,1,Number,2020,-0.00040463718483039015,0.0005438025991002493,-0.0018292714144082676
1,All Population,1,Deaths,4853,Himachal Pradesh,1,Male,9,20-24 years,494,Stroke,102,High alcohol use,1,Number,2018,0.020112205732840307,0.062237521635945744,-0.002434262531161069
1,All Population,1,Deaths,4853,Himachal Pradesh,2,Female,9,20-24 years,494,Stroke,102,High alcohol use,1,Number,2018,-0.00011467252575269857,0.0001942359247945823,-0.00041981433508673935
1,All Population,1,Deaths,4868,Rajasthan,1,Male,9,20-24 years,493,Ischemic heart disease,102,High alcohol use,1,Number,2020,-1.5123103289646893,1.1331392656645747,-4.941722799463425
1,All Population,1,Deaths,4868,Rajasthan,2,Female,9,20-24 years,493,Ischemic heart disease,102,High alcohol use,1,Number,2020,-0.03683711363928876,0.029513270550822035,-0.13165791077983982
1,All Population,1,Deaths,4872,Tripura,1,Male,9,20-24 years,498,Hypertensive heart disease,102,High alcohol use,1,Number,2019,0.01404582801286272,0.03061986077987019,0.005172028846393639
1,All Population,1,Deaths,4872,Tripura,2,Female,9,20-24 years,498,Hypertensive heart disease,102,High alcohol use,1,Number,2019,0.0006745582157545,0.0017702721176003297,9.571461561239487e-05
1,All Population,1,Deaths,4873,Uttar Pradesh,1,Male,9,20-24 years,493,Ischemic heart disease,102,High alcohol use,1,Number,2018,-3.0242916317950366,2.4502587472817066,-9.018728458993609
1,All Population,1,Deaths,4873,Uttar Pradesh,2,Female,9,20-24 years,493,Ischemic heart disease,102,High alcohol use,1,Number,2018,-0.09884094614108528,0.07682247714383988,-0.4080489878526419
1,All Population,1,Deaths,4861,Manipur,1,Male,9,20-24 years,493,Ischemic heart disease,102,High alcohol use,1,Number,2020,-0.17224307436082278,0.12500241529295766,-0.5169800289588143
1,All Population,1,Deaths,4861,Manipur,2,Female,9,20-24 years,493,Ischemic heart disease,102,High alcohol use,1,Number,2020,-0.01677028925642095,0.016078510833531942,-0.05795935453752794
1,All Population,1,Deaths,4846,Chhattisgarh,1,Male,9,20-24 years,498,Hypertensive heart disease,102,High alcohol use,1,Number,2019,0.27967039957134937,0.6034669565180371,0.09319708681355049
1,All Population,1,Deaths,4846,Chhattisgarh,2,Female,9,20-24 years,498,Hypertensive heart disease,102,High alcohol use,1,Number,2019,0.004594771736702018,0.011772366161198157,0.000571501946796935
1,All Population,1,Deaths,4863,Mizoram,1,Male,9,20-24 years,494,Stroke,332,Chewing tobacco,1,Number,2020,0.02581474206299977,0.05589597270821947,0.008748083498121175
1,All Population,1,Deaths,4863,Mizoram,2,Female,9,20-24 years,494,Stroke,332,Chewing tobacco,1,Number,2020,0.0399264407868246,0.08908695696026027,0.013704495743198205
1,All Population,1,Deaths,4854,Jammu & Kashmir and Ladakh,1,Male,9,20-24 years,499,Cardiomyopathy and myocarditis,102,High alcohol use,1,Number,2019,0.059391707826238885,0.18800696424943938,0.010336897559469085
1,All Population,1,Deaths,4854,Jammu & Kashmir and Ladakh,2,Female,9,20-24 years,499,Cardiomyopathy and myocarditis,102,High alcohol use,1,Number,2019,0.018141420186951474,0.06046136798843595,0.00249366571394729
1,All Population,1,Deaths,4852,Haryana,1,Male,9,20-24 years,493,Ischemic heart disease,102,High alcohol use,1,Number,2020,-0.8869147533030395,0.7605218930015815,-2.826584704448288
1,All Population,1,Deaths,4852,Haryana,2,Female,9,20-24 years,493,Ischemic heart disease,102,High alcohol use,1,Number,2020,-0.009991077835716847,0.008394856001000277,-0.038324997930712076
1,All Population,1,Deaths,4851,Gujarat,1,Male,9,20-24 years,494,Stroke,332,Chewing tobacco,1,Number,2019,6.019361273761173,12.504564588185273,2.076861738387284
1,All Population,1,Deaths,4851,Gujarat,2,Female,9,20-24 years,494,Stroke,332,Chewing tobacco,1,Number,2019,0.5604434212957013,1.4392967731223796,0.16964037513109947
1,All Population,1,Deaths,4855,Jharkhand,1,Male,9,20-24 years,493,Ischemic heart disease,102,High alcohol use,1,Number,2018,-0.646165454915276,0.5529119838202793,-2.0642609545558805
1,All Population,1,Deaths,4855,Jharkhand,2,Female,9,20-24 years,493,Ischemic heart disease,102,High alcohol use,1,Number,2018,-0.10755350199729857,0.08798869163533968,-0.40345117639224776
1,All Population,1,Deaths,4841,Andhra Pradesh,1,Male,9,20-24 years,493,Ischemic heart disease,102,High alcohol use,1,Number,2020,-2.6959323359551783,2.2021010264903564,-7.666480240396172
1,All Population,1,Deaths,4841,Andhra Pradesh,2,Female,9,20-24 years,493,Ischemic heart disease,102,High alcohol use,1,Number,2020,-0.06643826730054066,0.06281968001345972,-0.2105895072144036
1,All Population,1,Deaths,4850,Goa,1,Male,9,20-24 years,494,Stroke,102,High alcohol use,1,Number,2020,0.022849752465383875,0.07892089535979553,-0.002733606104520017
1,All Population,1,Deaths,4850,Goa,2,Female,9,20-24 years,494,Stroke,102,High alcohol use,1,Number,2020,-0.00026464182809472986,0.0004256348149983693,-0.0009865214408202616
1,All Population,1,Deaths,4872,Tripura,1,Male,9,20-24 years,494,Stroke,332,Chewing tobacco,1,Number,2020,0.34667812797687453,0.7829123368365649,0.12030860713208132
1,All Population,1,Deaths,4872,Tripura,2,Female,9,20-24 years,494,Stroke,332,Chewing tobacco,1,Number,2020,0.43429532785093317,0.9437608615518239,0.15268983826468432
1,All Population,1,Deaths,4846,Chhattisgarh,1,Male,9,20-24 years,494,Stroke,332,Chewing tobacco,1,Number,2020,6.458957997107583,12.835961352800245,2.2747599372194296
1,All Population,1,Deaths,4846,Chhattisgarh,2,Female,9,20-24 years,494,Stroke,332,Chewing tobacco,1,Number,2020,1.2518035139073624,3.28445021622138,0.37566336450368953
1,All Population,1,Deaths,4853,Himachal Pradesh,1,Male,9,20-24 years,494,Stroke,102,High alcohol use,1,Number,2019,0.01949011290066099,0.06449732770819366,-0.002449213664977351
1,All Population,1,Deaths,4853,Himachal Pradesh,2,Female,9,20-24 years,494,Stroke,102,High alcohol use,1,Number,2019,-0.0001261544540483168,0.0002129465911117097,-0.0004826630820472733
1,All Population,1,Deaths,4844,Bihar,1,Male,9,20-24 years,494,Stroke,332,Chewing tobacco,1,Number,2019,2.3808368363534376,5.530284621829867,0.7884888944933797
1,All Population,1,Deaths,4844,Bihar,2,Female,9,20-24 years,494,Stroke,332,Chewing tobacco,1,Number,2019,0.20357512626403432,0.5550210888343383,0.043448635329848745
1,All Population,1,Deaths,4844,Bihar,1,Male,9,20-24 years,498,Hypertensive heart disease,102,High alcohol use,1,Number,2018,0.22302844564984334,0.4593367921550558,0.08405362124849555
1,All Population,1,Deaths,4844,Bihar,2,Female,9,20-24 years,498,Hypertensive heart disease,102,High alcohol use,1,Number,2018,0.001375232398420582,0.004085564070538606,0.0002022193817024715
1,All Population,1,Deaths,4873,Uttar Pradesh,1,Male,9,20-24 years,494,Stroke,332,Chewing tobacco,1,Number,2018,18.03301736187187,40.15008776447721,7.575393008030494
1,All Population,1,Deaths,4873,Uttar Pradesh,2,Female,9,20-24 years,494,Stroke,332,Chewing tobacco,1,Number,2018,3.3816397997644696,8.399058898228859,0.8579167313585778
1,All Population,1,Deaths,4850,Goa,1,Male,9,20-24 years,493,Ischemic heart disease,102,High alcohol use,1,Number,2020,-0.31241352132796946,0.2548735156476035,-0.9064099865512103
1,All Population,1,Deaths,4850,Goa,2,Female,9,20-24 years,493,Ischemic heart disease,102,High alcohol use,1,Number,2020,-0.007939888253816627,0.007824651390277621,-0.02454284919366486
1,All Population,1,Deaths,4868,Rajasthan,1,Male,9,20-24 years,499,Cardiomyopathy and myocarditis,102,High alcohol use,1,Number,2020,0.42902780853810907,1.3609247446416035,0.07467931182460533
1,All Population,1,Deaths,4868,Rajasthan,2,Female,9,20-24 years,499,Cardiomyopathy and myocarditis,102,High alcohol use,1,Number,2020,0.14056770403791125,0.5351656409270613,0.02477270722545916
1,All Population,1,Deaths,4861,Manipur,1,Male,9,20-24 years,498,Hypertensive heart disease,102,High alcohol use,1,Number,2019,0.013886203023302712,0.028792013690163768,0.005336937150500736
1,All Population,1,Deaths,4861,Manipur,2,Female,9,20-24 years,498,Hypertensive heart disease,102,High alcohol use,1,Number,2019,0.0005402481348894966,0.0015892609632967391,7.698024670036802e-05
1,All Population,1,Deaths,4854,Jammu & Kashmir and Ladakh,1,Male,9,20-24 years,494,Stroke,102,High alcohol use,1,Number,2020,0.009968052817369536,0.03645598276183742,-0.0012298412057080313
1,All Population,1,Deaths,4854,Jammu & Kashmir and Ladakh,2,Female,9,20-24 years,494,Stroke,102,High alcohol use,1,Number,2020,-0.00012056330443506047,0.0002044125922583864,-0.00046405915844938134
1,All Population,1,Deaths,4867,Punjab,1,Male,9,20-24 years,498,Hypertensive heart disease,102,High alcohol use,1,Number,2019,0.08010440832072263,0.16676400658791293,0.03184867024645511
1,All Population,1,Deaths,4867,Punjab,2,Female,9,20-24 years,498,Hypertensive heart disease,102,High alcohol use,1,Number,2019,0.0005033773279271401,0.0013361858798969907,7.122062745559995e-05
1,All Population,1,Deaths,4874,Uttarakhand,1,Male,9,20-24 years,493,Ischemic heart disease,102,High alcohol use,1,Number,2016,-1.1947804783664389,1.144884646338422,-3.754131264504461
1,All Population,1,Deaths,4874,Uttarakhand,2,Female,9,20-24 years,493,Ischemic heart disease,102,High alcohol use,1,Number,2016,-0.01002212006712523,0.009217705174691896,-0.03750477261282352
1,All Population,1,Deaths,4867,Punjab,1,Male,9,20-24 years,494,Stroke,102,High alcohol use,1,Number,2018,0.16507386929702836,0.5545933395873807,-0.020224216930652184
1,All Population,1,Deaths,4867,Punjab,2,Female,9,20-24 years,494,Stroke,102,High alcohol use,1,Number,2018,-0.0006103120983401067,0.0008162943583317538,-0.002224483093102973
1,All Population,1,Deaths,4854,Jammu & Kashmir and Ladakh,1,Male,9,20-24 years,498,Hypertensive heart disease,102,High alcohol use,1,Number,2020,0.009072945349513795,0.020175431796748376,0.003048324650419075
1,All Population,1,Deaths,4854,Jammu & Kashmir and Ladakh,2,Female,9,20-24 years,498,Hypertensive heart disease,102,High alcohol use,1,Number,2020,0.0001429969887044915,0.0004316214144259231,1.8950076031187036e-05
1,All Population,1,Deaths,4862,Meghalaya,1,Male,9,20-24 years,494,Stroke,102,High alcohol use,1,Number,2018,0.03631899104216405,0.11579776746439535,-0.004813474781074333
1,All Population,1,Deaths,4862,Meghalaya,2,Female,9,20-24 years,494,Stroke,102,High alcohol use,1,Number,2018,-0.0004522250486365938,0.0007293747177721764,-0.0016644131569333593
1,All Population,1,Deaths,4865,Odisha,1,Male,9,20-24 years,494,Stroke,102,High alcohol use,1,Number,2020,0.3834520114674397,1.3565757113805879,-0.044892317854909325
1,All Population,1,Deaths,4865,Odisha,2,Female,9,20-24 years,494,Stroke,102,High alcohol use,1,Number,2020,-0.010933985889494565,0.017923213098190692,-0.0423630418857533
1,All Population,1,Deaths,4856,Karnataka,1,Male,9,20-24 years,494,Stroke,332,Chewing tobacco,1,Number,2019,2.055726993234187,4.779981819057898,0.5985162226254098
1,All Population,1,Deaths,4856,Karnataka,2,Female,9,20-24 years,494,Stroke,332,Chewing tobacco,1,Number,2019,0.1994758517714499,0.5440620283197537,0.053329041975674334
1,All Population,1,Deaths,4867,Punjab,1,Male,9,20-24 years,499,Cardiomyopathy and myocarditis,102,High alcohol use,1,Number,2019,0.14612474395481492,0.44686329198519525,0.027586782604957855
1,All Population,1,Deaths,4867,Punjab,2,Female,9,20-24 years,499,Cardiomyopathy and myocarditis,102,High alcohol use,1,Number,2019,0.08197232835774902,0.2689258306826132,0.011807478347462177
1,All Population,1,Deaths,4857,Kerala,1,Male,9,20-24 years,499,Cardiomyopathy and myocarditis,102,High alcohol use,1,Number,2018,0.160154548893244,0.47330438079878345,0.03407758283886269
1,All Population,1,Deaths,4857,Kerala,2,Female,9,20-24 years,499,Cardiomyopathy and myocarditis,102,High alcohol use,1,Number,2018,0.040351565265119786,0.1305226526866986,0.006577635854476599
1,All Population,1,Deaths,4842,Arunachal Pradesh,1,Male,9,20-24 years,494,Stroke,102,High alcohol use,1,Number,2019,0.024252119291533727,0.07772179748460191,-0.0029006754231205387
1,All Population,1,Deaths,4842,Arunachal Pradesh,2,Female,9,20-24 years,494,Stroke,102,High alcohol use,1,Number,2019,-0.0020973597858321585,0.004025495467002024,-0.008480350861836072
1,All Population,1,Deaths,4875,West Bengal,1,Male,9,20-24 years,498,Hypertensive heart disease,102,High alcohol use,1,Number,2019,0.17661767200236073,0.34087177149880926,0.06613470837612019
1,All Population,1,Deaths,4875,West Bengal,2,Female,9,20-24 years,498,Hypertensive heart disease,102,High alcohol use,1,Number,2019,0.0021252282298785,0.0056305952688186925,0.00030826430459081686
1,All Population,1,Deaths,4863,Mizoram,1,Male,9,20-24 years,498,Hypertensive heart disease,102,High alcohol use,1,Number,2019,0.002633600952775833,0.005695505995242791,0.0010067643260197458
1,All Population,1,Deaths,4863,Mizoram,2,Female,9,20-24 years,498,Hypertensive heart disease,102,High alcohol use,1,Number,2019,0.0001553482514497486,0.00039474926216608014,2.1988485224350283e-05
1,All Population,1,Deaths,4859,Madhya Pradesh,1,Male,9,20-24 years,499,Cardiomyopathy and myocarditis,102,High alcohol use,1,Number,2018,0.5727631426040438,1.8144869043821088,0.08956053260707694
1,All Population,1,Deaths,4859,Madhya Pradesh,2,Female,9,20-24 years,499,Cardiomyopathy and myocarditis,102,High alcohol use,1,Number,2018,0.18017337376105544,0.7607328051236367,0.02270269818044455
1,All Population,1,Deaths,4872,Tripura,1,Male,9,20-24 years,494,Stroke,102,High alcohol use,1,Number,2020,0.048884694339272186,0.16175497764711136,-0.006359939349012532
1,All Population,1,Deaths,4872,Tripura,2,Female,9,20-24 years,494,Stroke,102,High alcohol use,1,Number,2020,-0.0016075330026441375,0.0027169144914299557,-0.006129785508614949
1,All Population,1,Deaths,4875,West Bengal,1,Male,9,20-24 years,494,Stroke,102,High alcohol use,1,Number,2018,0.6264573546074281,2.0173305547859046,-0.08913445930464944
1,All Population,1,Deaths,4875,West Bengal,2,Female,9,20-24 years,494,Stroke,102,High alcohol use,1,Number,2018,-0.005702892999848521,0.007346638167214149,-0.021509261932741636
1,All Population,1,Deaths,4846,Chhattisgarh,1,Male,9,20-24 years,494,Stroke,102,High alcohol use,1,Number,2020,0.8912410759780267,2.851344949642372,-0.12243955478614732
1,All Population,1,Deaths,4846,Chhattisgarh,2,Female,9,20-24 years,494,Stroke,102,High alcohol use,1,Number,2020,-0.011890612202454232,0.021581189083972552,-0.050507899902246724
1,All Population,1,Deaths,4871,Telangana,1,Male,9,20-24 years,498,Hypertensive heart disease,102,High alcohol use,1,Number,2018,0.31587860519536876,0.6409308200694822,0.12242701130109353
1,All Population,1,Deaths,4871,Telangana,2,Female,9,20-24 years,498,Hypertensive heart disease,102,High alcohol use,1,Number,2018,0.004938913281449514,0.013743670414922958,0.0008050675268751026
1,All Population,1,Deaths,4871,Telangana,1,Male,9,20-24 years,499,Cardiomyopathy and myocarditis,102,High alcohol use,1,Number,2018,0.3498779824473353,1.2026731566257118,0.060353524157329995
1,All Population,1,Deaths,4871,Telangana,2,Female,9,20-24 years,499,Cardiomyopathy and myocarditis,102,High alcohol use,1,Number,2018,0.09428132741569745,0.3385664431142729,0.013230687972884923
1,All Population,1,Deaths,4868,Rajasthan,1,Male,9,20-24 years,498,Hypertensive heart disease,102,High alcohol use,1,Number,2019,0.10612743245491664,0.23204814267126556,0.03885634585634678
1,All Population,1,Deaths,4868,Rajasthan,2,Female,9,20-24 years,498,Hypertensive heart disease,102,High alcohol use,1,Number,2019,0.0015549687928099415,0.0039827723863049575,0.0002168647236934985
1,All Population,1,Deaths,4842,Arunachal Pradesh,1,Male,9,20-24 years,493,Ischemic heart disease,102,High alcohol use,1,Number,2018,-0.14889990175259865,0.10836749991181378,-0.46169092653792976
1,All Population,1,Deaths,4842,Arunachal Pradesh,2,Female,9,20-24 years,493,Ischemic heart disease,102,High alcohol use,1,Number,2018,-0.02731879046615828,0.02608556694369811,-0.08926551377253031
1,All Population,1,Deaths,4861,Manipur,1,Male,9,20-24 years,499,Cardiomyopathy and myocarditis,102,High alcohol use,1,Number,2019,0.0213637514400539,0.07733762995469158,0.0034916734409646153
1,All Population,1,Deaths,4861,Manipur,2,Female,9,20-24 years,499,Cardiomyopathy and myocarditis,102,High alcohol use,1,Number,2019,0.009494135226652663,0.042393510579975466,0.0012295202951554645
1,All Population,1,Deaths,4842,Arunachal Pradesh,1,Male,9,20-24 years,499,Cardiomyopathy and myocarditis,102,High alcohol use,1,Number,2017,0.012199969240723016,0.04311632794837618,0.0023915087358277534
1,All Population,1,Deaths,4842,Arunachal Pradesh,2,Female,9,20-24 years,499,Cardiomyopathy and myocarditis,102,High alcohol use,1,Number,2017,0.004256545549861568,0.019703473964522576,0.000564624337505558
1,All Population,1,Deaths,4844,Bihar,1,Male,9,20-24 years,498,Hypertensive heart disease,102,High alcohol use,1,Number,2016,0.23688171023170893,0.5112765496284272,0.08556794861695073
1,All Population,1,Deaths,4844,Bihar,2,Female,9,20-24 years,498,Hypertensive heart disease,102,High alcohol use,1,Number,2016,0.001299995968978698,0.0036595567079343084,0.00016886012156290336
1,All Population,1,Deaths,4860,Maharashtra,1,Male,9,20-24 years,493,Ischemic heart disease,102,High alcohol use,1,Number,2017,-3.105391040390381,3.140178490464274,-9.116532074009811
1,All Population,1,Deaths,4860,Maharashtra,2,Female,9,20-24 years,493,Ischemic heart disease,102,High alcohol use,1,Number,2017,-0.02917184133134553,0.027627993874667453,-0.09724271157839794
1,All Population,1,Deaths,4869,Sikkim,1,Male,9,20-24 years,493,Ischemic heart disease,102,High alcohol use,1,Number,2018,-0.05322491321903707,0.03940081967874046,-0.1720047761171466
1,All Population,1,Deaths,4869,Sikkim,2,Female,9,20-24 years,493,Ischemic heart disease,102,High alcohol use,1,Number,2018,-0.010676169016564605,0.009580730689379906,-0.036504610958740524
1,All Population,1,Deaths,44538,Other Union Territories,1,Male,9,20-24 years,499,Cardiomyopathy and myocarditis,102,High alcohol use,1,Number,2019,0.021794618939638924,0.0696368912112476,0.00443884264688033
1,All Population,1,Deaths,44538,Other Union Territories,2,Female,9,20-24 years,499,Cardiomyopathy and myocarditis,102,High alcohol use,1,Number,2019,0.007953341804394796,0.03150891910898305,0.0010764357353996866
1,All Population,1,Deaths,4862,Meghalaya,1,Male,9,20-24 years,499,Cardiomyopathy and myocarditis,102,High alcohol use,1,Number,2019,0.033680340755990384,0.11859685621806876,0.00488449359852503
1,All Population,1,Deaths,4862,Meghalaya,2,Female,9,20-24 years,499,Cardiomyopathy and myocarditis,102,High alcohol use,1,Number,2019,0.012763850142423063,0.05351676033940159,0.0017376771531794307
1,All Population,1,Deaths,4853,Himachal Pradesh,1,Male,9,20-24 years,499,Cardiomyopathy and myocarditis,102,High alcohol use,1,Number,2019,0.03223312132204074,0.09817831304212254,0.005967737631773138
1,All Population,1,Deaths,4853,Himachal Pradesh,2,Female,9,20-24 years,499,Cardiomyopathy and myocarditis,102,High alcohol use,1,Number,2019,0.010629641017923871,0.0399752779738622,0.0013407910731136556
1,All Population,1,Deaths,4873,Uttar Pradesh,1,Male,9,20-24 years,499,Cardiomyopathy and myocarditis,102,High alcohol use,1,Number,2018,1.3922889525427533,4.1306125461965095,0.20382503690168144
1,All Population,1,Deaths,4873,Uttar Pradesh,2,Female,9,20-24 years,499,Cardiomyopathy and myocarditis,102,High alcohol use,1,Number,2018,0.7326695571263968,3.018201501448707,0.09948426916770137
1,All Population,1,Deaths,4859,Madhya Pradesh,1,Male,9,20-24 years,498,Hypertensive heart disease,102,High alcohol use,1,Number,2019,0.23321313787526227,0.5121684234451095,0.08175521088268056
1,All Population,1,Deaths,4859,Madhya Pradesh,2,Female,9,20-24 years,498,Hypertensive heart disease,102,High alcohol use,1,Number,2019,0.0028997461841675435,0.007709843686657131,0.00048528426122140724
1,All Population,1,Deaths,4864,Nagaland,1,Male,9,20-24 years,494,Stroke,332,Chewing tobacco,1,Number,2017,0.4606651196084669,0.8448067964456705,0.2111062170544753
1,All Population,1,Deaths,4864,Nagaland,2,Female,9,20-24 years,494,Stroke,332,Chewing tobacco,1,Number,2017,0.1969091211512638,0.37275051831166317,0.08189188380429299
1,All Population,1,Deaths,4851,Gujarat,1,Male,9,20-24 years,493,Ischemic heart disease,102,High alcohol use,1,Number,2018,-0.9283905646957742,0.7913289996803656,-2.849353883962882
1,All Population,1,Deaths,4851,Gujarat,2,Female,9,20-24 years,493,Ischemic heart disease,102,High alcohol use,1,Number,2018,-0.02425752820546321,0.025964202817442664,-0.09519123048952186
1,All Population,1,Deaths,4850,Goa,1,Male,9,20-24 years,499,Cardiomyopathy and myocarditis,102,High alcohol use,1,Number,2019,0.011892529480734835,0.03992900566992922,0.002481199325755629
1,All Population,1,Deaths,4850,Goa,2,Female,9,20-24 years,499,Cardiomyopathy and myocarditis,102,High alcohol use,1,Number,2019,0.0019362278807278086,0.006829830271516228,0.0002996393148749359
1,All Population,1,Deaths,4843,Assam,1,Male,9,20-24 years,493,Ischemic heart disease,102,High alcohol use,1,Number,2020,-0.8445937110875888,0.7019486689283844,-2.4356281253519767
1,All Population,1,Deaths,4843,Assam,2,Female,9,20-24 years,493,Ischemic heart disease,102,High alcohol use,1,Number,2020,-0.10889301911747852,0.08512929767143321,-0.4283967262101358
1,All Population,1,Deaths,4868,Rajasthan,1,Male,9,20-24 years,494,Stroke,102,High alcohol use,1,Number,2019,0.12682684055156468,0.4427238853364954,-0.01572355145029026
1,All Population,1,Deaths,4868,Rajasthan,2,Female,9,20-24 years,494,Stroke,102,High alcohol use,1,Number,2019,-0.0019275058487604033,0.0025058193580252534,-0.007928264478799867
1,All Population,1,Deaths,4857,Kerala,1,Male,9,20-24 years,493,Ischemic heart disease,102,High alcohol use,1,Number,2020,-0.7339493859394634,0.6502450329856824,-2.3149493695250234
1,All Population,1,Deaths,4857,Kerala,2,Female,9,20-24 years,493,Ischemic heart disease,102,High alcohol use,1,Number,2020,-0.01650741103898164,0.016454944847492076,-0.055295722486827056
1,All Population,1,Deaths,4855,Jharkhand,1,Male,9,20-24 years,494,Stroke,102,High alcohol use,1,Number,2020,0.20868966284875604,0.7006547850974348,-0.02390842296424225
1,All Population,1,Deaths,4855,Jharkhand,2,Female,9,20-24 years,494,Stroke,102,High alcohol use,1,Number,2020,-0.009052162679371019,0.017047651015386446,-0.04439384298439249
1,All Population,1,Deaths,4849,Delhi,1,Male,9,20-24 years,499,Cardiomyopathy and myocarditis,102,High alcohol use,1,Number,2018,0.10918289424569363,0.3274426044521026,0.022780966108131247
1,All Population,1,Deaths,4849,Delhi,2,Female,9,20-24 years,499,Cardiomyopathy and myocarditis,102,High alcohol use,1,Number,2018,0.04384495551818185,0.14152162616574704,0.008292132081496857
1,All Population,1,Deaths,4841,Andhra Pradesh,1,Male,9,20-24 years,494,Stroke,102,High alcohol use,1,Number,2020,0.19726161191049285,0.6811204625071026,-0.019699029725220772
1,All Population,1,Deaths,4841,Andhra Pradesh,2,Female,9,20-24 years,494,Stroke,102,High alcohol use,1,Number,2020,-0.003469168575830499,0.005226057287017468,-0.014463757867710224
1,All Population,1,Deaths,4856,Karnataka,1,Male,9,20-24 years,499,Cardiomyopathy and myocarditis,102,High alcohol use,1,Number,2018,0.3550203244278289,1.098995821943993,0.06530543350578699
1,All Population,1,Deaths,4856,Karnataka,2,Female,9,20-24 years,499,Cardiomyopathy and myocarditis,102,High alcohol use,1,Number,2018,0.06062447900530162,0.24650821637942433,0.007442825402121832
1,All Population,1,Deaths,4860,Maharashtra,1,Male,9,20-24 years,499,Cardiomyopathy and myocarditis,102,High alcohol use,1,Number,2020,0.537347278327055,1.7404699685250764,0.11149022840450498
1,All Population,1,Deaths,4860,Maharashtra,2,Female,9,20-24 years,499,Cardiomyopathy and myocarditis,102,High alcohol use,1,Number,2020,0.12301513513113997,0.39301339433604277,0.02139833134112722
1,All Population,1,Deaths,4871,Telangana,1,Male,9,20-24 years,494,Stroke,102,High alcohol use,1,Number,2020,0.5015445673792912,1.7372511723041346,-0.06121345475507319
1,All Population,1,Deaths,4871,Telangana,2,Female,9,20-24 years,494,Stroke,102,High alcohol use,1,Number,2020,-0.004831331005730636,0.008281444944626598,-0.021797342116436986
1,All Population,1,Deaths,4862,Meghalaya,1,Male,9,20-24 years,498,Hypertensive heart disease,102,High alcohol use,1,Number,2019,0.018743837572855714,0.040780798419090686,0.006652063831071583
1,All Population,1,Deaths,4862,Meghalaya,2,Female,9,20-24 years,498,Hypertensive heart disease,102,High alcohol use,1,Number,2019,0.0003569226662534439,0.0009531236268780182,4.6178556166620574e-05
1,All Population,1,Deaths,4867,Punjab,1,Male,9,20-24 years,494,Stroke,332,Chewing tobacco,1,Number,2020,0.2785130624309178,0.7416872631294071,0.0695266351830558
1,All Population,1,Deaths,4867,Punjab,2,Female,9,20-24 years,494,Stroke,332,Chewing tobacco,1,Number,2020,0.027462983899767323,0.07793108436169283,0.006791406598187837
1,All Population,1,Deaths,4865,Odisha,1,Male,9,20-24 years,499,Cardiomyopathy and myocarditis,102,High alcohol use,1,Number,2019,0.15096276860959779,0.48392780602552493,0.02686294750042556
1,All Population,1,Deaths,4865,Odisha,2,Female,9,20-24 years,499,Cardiomyopathy and myocarditis,102,High alcohol use,1,Number,2019,0.1053875624754054,0.40175380259982524,0.011400795931957749
1,All Population,1,Deaths,4871,Telangana,1,Male,9,20-24 years,493,Ischemic heart disease,102,High alcohol use,1,Number,2018,-8.186056615060634,6.609241476717231,-23.744828505403284
1,All Population,1,Deaths,4871,Telangana,2,Female,9,20-24 years,493,Ischemic heart disease,102,High alcohol use,1,Number,2018,-0.25344400384322496,0.2793229937861127,-0.9696144632910962
1,All Population,1,Deaths,4870,Tamil Nadu,1,Male,9,20-24 years,498,Hypertensive heart disease,102,High alcohol use,1,Number,2019,0.2713821356220024,0.5576483293415756,0.1123594148383437
1,All Population,1,Deaths,4870,Tamil Nadu,2,Female,9,20-24 years,498,Hypertensive heart disease,102,High alcohol use,1,Number,2019,0.0008663722398551835,0.002452161058818364,0.0001126339430219995
1,All Population,1,Deaths,4875,West Bengal,1,Male,9,20-24 years,494,Stroke,102,High alcohol use,1,Number,2019,0.5296464714466217,1.7482498204515542,-0.0708512737510712
1,All Population,1,Deaths,4875,West Bengal,2,Female,9,20-24 years,494,Stroke,102,High alcohol use,1,Number,2019,-0.00520838559636222,0.007386213130687908,-0.019248903908218484
1,All Population,1,Deaths,4867,Punjab,1,Male,9,20-24 years,498,Hypertensive heart disease,102,High alcohol use,1,Number,2018,0.08697529030362484,0.17820321055344346,0.03453794285183788
1,All Population,1,Deaths,4867,Punjab,2,Female,9,20-24 years,498,Hypertensive heart disease,102,High alcohol use,1,Number,2018,0.0005093066906672072,0.0013703792176714713,7.368682962494887e-05
1,All Population,1,Deaths,4849,Delhi,1,Male,9,20-24 years,494,Stroke,102,High alcohol use,1,Number,2019,0.03850741198276685,0.15679125416339612,-0.005415604811386177
1,All Population,1,Deaths,4849,Delhi,2,Female,9,20-24 years,494,Stroke,102,High alcohol use,1,Number,2019,-0.0006148131616354835,0.0005094535462159909,-0.0022399192478507577
1,All Population,1,Deaths,4846,Chhattisgarh,1,Male,9,20-24 years,499,Cardiomyopathy and myocarditis,102,High alcohol use,1,Number,2020,0.3528421969993215,1.1604037182502045,0.04580307153804117
1,All Population,1,Deaths,4846,Chhattisgarh,2,Female,9,20-24 years,499,Cardiomyopathy and myocarditis,102,High alcohol use,1,Number,2020,0.08690996800022471,0.3414844969531925,0.009177925126393153
1,All Population,1,Deaths,4874,Uttarakhand,1,Male,9,20-24 years,498,Hypertensive heart disease,102,High alcohol use,1,Number,2019,0.045411042671382865,0.1003978351725498,0.015241048823904087
1,All Population,1,Deaths,4874,Uttarakhand,2,Female,9,20-24 years,498,Hypertensive heart disease,102,High alcohol use,1,Number,2019,0.00032767538525429714,0.0009441456498407518,4.4438795809203756e-05
1,All Population,1,Deaths,4851,Gujarat,1,Male,9,20-24 years,499,Cardiomyopathy and myocarditis,102,High alcohol use,1,Number,2019,0.4804290859715688,1.4897045607385349,0.08778227731234743
1,All Population,1,Deaths,4851,Gujarat,2,Female,9,20-24 years,499,Cardiomyopathy and myocarditis,102,High alcohol use,1,Number,2019,0.1259891235083706,0.4826069924571488,0.017544095292204458
1,All Population,1,Deaths,4854,Jammu & Kashmir and Ladakh,1,Male,9,20-24 years,493,Ischemic heart disease,102,High alcohol use,1,Number,2019,-0.14516527284858619,0.11745567399716861,-0.45657049625746127
1,All Population,1,Deaths,4854,Jammu & Kashmir and Ladakh,2,Female,9,20-24 years,493,Ischemic heart disease,102,High alcohol use,1,Number,2019,-0.006591668975611348,0.005981653331664735,-0.027278277767292337
1,All Population,1,Deaths,4869,Sikkim,1,Male,9,20-24 years,499,Cardiomyopathy and myocarditis,102,High alcohol use,1,Number,2019,0.003637404167400858,0.012258867296497951,0.0006646679960158071
1,All Population,1,Deaths,4869,Sikkim,2,Female,9,20-24 years,499,Cardiomyopathy and myocarditis,102,High alcohol use,1,Number,2019,0.001509124333595245,0.005662023138696329,0.0002274392480565908
1,All Population,1,Deaths,4862,Meghalaya,1,Male,9,20-24 years,493,Ischemic heart disease,102,High alcohol use,1,Number,2016,-0.14724870217222563,0.1324839900353546,-0.48121656128312706
1,All Population,1,Deaths,4862,Meghalaya,2,Female,9,20-24 years,493,Ischemic heart disease,102,High alcohol use,1,Number,2016,-0.005394689117983971,0.00453573441244777,-0.01730870899705271
1,All Population,1,Deaths,4862,Meghalaya,1,Male,9,20-24 years,493,Ischemic heart disease,102,High alcohol use,1,Number,2018,-0.15731249634764435,0.13677840787375567,-0.48363543114003904
1,All Population,1,Deaths,4862,Meghalaya,2,Female,9,20-24 years,493,Ischemic heart disease,102,High alcohol use,1,Number,2018,-0.007336932172819667,0.006624254905631874,-0.02448697618328967
1,All Population,1,Deaths,4841,Andhra Pradesh,1,Male,9,20-24 years,498,Hypertensive heart disease,102,High alcohol use,1,Number,2019,0.1783555543568138,0.3653993795683283,0.06943269250184818
1,All Population,1,Deaths,4841,Andhra Pradesh,2,Female,9,20-24 years,498,Hypertensive heart disease,102,High alcohol use,1,Number,2019,0.0028867308410567764,0.007884570081812106,0.00038928335886922165
1,All Population,1,Deaths,4842,Arunachal Pradesh,1,Male,9,20-24 years,498,Hypertensive heart disease,102,High alcohol use,1,Number,2018,0.011510402749423077,0.022426685081585063,0.004324719753772879
1,All Population,1,Deaths,4842,Arunachal Pradesh,2,Female,9,20-24 years,498,Hypertensive heart disease,102,High alcohol use,1,Number,2018,0.00121855107964598,0.0031118404597761254,0.0001696834131821963
1,All Population,1,Deaths,4853,Himachal Pradesh,1,Male,9,20-24 years,494,Stroke,332,Chewing tobacco,1,Number,2016,0.05593136377518842,0.13372129729035487,0.016119837862530725
1,All Population,1,Deaths,4853,Himachal Pradesh,2,Female,9,20-24 years,494,Stroke,332,Chewing tobacco,1,Number,2016,0.0034543285255883363,0.009338171060404162,0.000850565163240821
1,All Population,1,Deaths,4853,Himachal Pradesh,1,Male,9,20-24 years,494,Stroke,332,Chewing tobacco,1,Number,2018,0.04922273560348658,0.12296054344051785,0.012575837909620986
1,All Population,1,Deaths,4853,Himachal Pradesh,2,Female,9,20-24 years,494,Stroke,332,Chewing tobacco,1,Number,2018,0.003701585056174228,0.009925170469326915,0.0009775316631563703
1,All Population,1,Deaths,4862,Meghalaya,1,Male,9,20-24 years,494,Stroke,332,Chewing tobacco,1,Number,2020,0.129306588328751,0.2982546379639688,0.034320623750652896
1,All Population,1,Deaths,4862,Meghalaya,2,Female,9,20-24 years,494,Stroke,332,Chewing tobacco,1,Number,2020,0.20354380600507915,0.4364300924486102,0.06583365569095993
1,All Population,1,Deaths,4875,West Bengal,1,Male,9,20-24 years,493,Ischemic heart disease,102,High alcohol use,1,Number,2020,-1.9494974592023881,1.4590868990365138,-6.118817994900598
1,All Population,1,Deaths,4875,West Bengal,2,Female,9,20-24 years,493,Ischemic heart disease,102,High alcohol use,1,Number,2020,-0.05942084067666395,0.053001066051696286,-0.21699022714565963
1,All Population,1,Deaths,4869,Sikkim,1,Male,9,20-24 years,494,Stroke,332,Chewing tobacco,1,Number,2019,0.01014677189176615,0.022038701920479343,0.002902144193574439
1,All Population,1,Deaths,4869,Sikkim,2,Female,9,20-24 years,494,Stroke,332,Chewing tobacco,1,Number,2019,0.0026932704807548454,0.00801222754377755,0.0005790133788919358
1,All Population,1,Deaths,4853,Himachal Pradesh,1,Male,9,20-24 years,498,Hypertensive heart disease,102,High alcohol use,1,Number,2020,0.015158050076450668,0.030682177511063898,0.005738251306164021
1,All Population,1,Deaths,4853,Himachal Pradesh,2,Female,9,20-24 years,498,Hypertensive heart disease,102,High alcohol use,1,Number,2020,0.00015961548979417331,0.00044685098603524254,2.3689616533584226e-05
1,All Population,1,Deaths,4850,Goa,1,Male,9,20-24 years,494,Stroke,332,Chewing tobacco,1,Number,2020,0.030991925292545124,0.08023590215591454,0.007494495998989062
1,All Population,1,Deaths,4850,Goa,2,Female,9,20-24 years,494,Stroke,332,Chewing tobacco,1,Number,2020,0.0026336626092823374,0.008508989051503114,0.0006135094316870198
1,All Population,1,Deaths,4853,Himachal Pradesh,1,Male,9,20-24 years,493,Ischemic heart disease,102,High alcohol use,1,Number,2019,-0.29227954332978506,0.24938557135040945,-0.9472315157294652
1,All Population,1,Deaths,4853,Himachal Pradesh,2,Female,9,20-24 years,493,Ischemic heart disease,102,High alcohol use,1,Number,2019,-0.004381167707433716,0.0040757092519042425,-0.015485351376289216
1,All Population,1,Deaths,4857,Kerala,1,Male,9,20-24 years,498,Hypertensive heart disease,102,High alcohol use,1,Number,2020,0.0665838818589355,0.13041635745876434,0.025381887262740127
1,All Population,1,Deaths,4857,Kerala,2,Female,9,20-24 years,498,Hypertensive heart disease,102,High alcohol use,1,Number,2020,0.0011693849168579597,0.0030055777952021838,0.00018337941276644573
1,All Population,1,Deaths,4856,Karnataka,1,Male,9,20-24 years,494,Stroke,102,High alcohol use,1,Number,2020,0.3234221242040599,1.034719515865491,-0.050755621850680555
1,All Population,1,Deaths,4856,Karnataka,2,Female,9,20-24 years,494,Stroke,102,High alcohol use,1,Number,2020,-0.0073484403315465085,0.010795335413239767,-0.030656628500170553
1,All Population,1,Deaths,4867,Punjab,1,Male,9,20-24 years,493,Ischemic heart disease,102,High alcohol use,1,Number,2020,-4.262748772671081,3.67016853423506,-12.67565814774714
1,All Population,1,Deaths,4867,Punjab,2,Female,9,20-24 years,493,Ischemic heart disease,102,High alcohol use,1,Number,2020,-0.030602546280959403,0.027633217732707722,-0.09672009708272415
1,All Population,1,Deaths,4852,Haryana,1,Male,9,20-24 years,494,Stroke,102,High alcohol use,1,Number,2020,0.019078226822083644,0.19061634754114104,-0.0741905940311651
1,All Population,1,Deaths,4852,Haryana,2,Female,9,20-24 years,494,Stroke,102,High alcohol use,1,Number,2020,-0.0009436828492105768,0.001412722178772333,-0.0038273016371870435
1,All Population,1,Deaths,4869,Sikkim,1,Male,9,20-24 years,498,Hypertensive heart disease,102,High alcohol use,1,Number,2020,0.0023751976984998993,0.0047836474672726765,0.0009270495336491639
1,All Population,1,Deaths,4869,Sikkim,2,Female,9,20-24 years,498,Hypertensive heart disease,102,High alcohol use,1,Number,2020,0.0003256431542085717,0.000828542429994896,4.5904176371288376e-05
1,All Population,1,Deaths,4850,Goa,1,Male,9,20-24 years,498,Hypertensive heart disease,102,High alcohol use,1,Number,2020,0.009988706717641727,0.0199365817019277,0.0038272379930041787
1,All Population,1,Deaths,4850,Goa,2,Female,9,20-24 years,498,Hypertensive heart disease,102,High alcohol use,1,Number,2020,0.00018346699413458593,0.0005218529982661255,2.5947905779151222e-05
1,All Population,1,Deaths,4856,Karnataka,1,Male,9,20-24 years,493,Ischemic heart disease,102,High alcohol use,1,Number,2020,-4.120559003999649,3.4943728915267234,-13.483309681118401
1,All Population,1,Deaths,4856,Karnataka,2,Female,9,20-24 years,493,Ischemic heart disease,102,High alcohol use,1,Number,2020,-0.21511507750909833,0.21099257734092464,-0.575206549401458
1,All Population,1,Deaths,4852,Haryana,1,Male,9,20-24 years,494,Stroke,332,Chewing tobacco,1,Number,2020,0.7700601112149419,1.807030901127343,0.21969083271950662
1,All Population,1,Deaths,4852,Haryana,2,Female,9,20-24 years,494,Stroke,332,Chewing tobacco,1,Number,2020,0.04911960306188233,0.13464144848069445,0.011602547604707596
1,All Population,1,Deaths,4865,Odisha,1,Male,9,20-24 years,494,Stroke,332,Chewing tobacco,1,Number,2019,3.3078739066210074,6.570053452092585,1.312035043979181
1,All Population,1,Deaths,4865,Odisha,2,Female,9,20-24 years,494,Stroke,332,Chewing tobacco,1,Number,2019,1.5928948938602268,4.115431368667393,0.4738300648385585
1,All Population,1,Deaths,4860,Maharashtra,1,Male,9,20-24 years,494,Stroke,332,Chewing tobacco,1,Number,2020,6.188464581835044,11.28894335705114,2.6910016713425637
1,All Population,1,Deaths,4860,Maharashtra,2,Female,9,20-24 years,494,Stroke,332,Chewing tobacco,1,Number,2020,0.7035042313120666,1.7668697705619063,0.19594941798932156
1,All Population,1,Deaths,4863,Mizoram,1,Male,9,20-24 years,499,Cardiomyopathy and myocarditis,102,High alcohol use,1,Number,2018,0.005794758808335599,0.02193810299341555,0.000805006166263682
1,All Population,1,Deaths,4863,Mizoram,2,Female,9,20-24 years,499,Cardiomyopathy and myocarditis,102,High alcohol use,1,Number,2018,0.00276425941587719,0.011966737339812513,0.0003879097105068931
1,All Population,1,Deaths,4870,Tamil Nadu,1,Male,9,20-24 years,493,Ischemic heart disease,102,High alcohol use,1,Number,2018,-4.917193446507977,4.649172094366743,-15.378152474018101
1,All Population,1,Deaths,4870,Tamil Nadu,2,Female,9,20-24 years,493,Ischemic heart disease,102,High alcohol use,1,Number,2018,-0.02650809089783674,0.023872136587318658,-0.10381337958453901
1,All Population,1,Deaths,4864,Nagaland,1,Male,9,20-24 years,494,Stroke,102,High alcohol use,1,Number,2020,0.03040753596001585,0.0986118879844636,-0.003562698822862367
1,All Population,1,Deaths,4864,Nagaland,2,Female,9,20-24 years,494,Stroke,102,High alcohol use,1,Number,2020,-0.0006201582113653753,0.0010453599630175104,-0.0023169968876251925
1,All Population,1,Deaths,4849,Delhi,1,Male,9,20-24 years,498,Hypertensive heart disease,102,High alcohol use,1,Number,2019,0.03759052263852713,0.07452632902456453,0.014483551155934617
1,All Population,1,Deaths,4849,Delhi,2,Female,9,20-24 years,498,Hypertensive heart disease,102,High alcohol use,1,Number,2019,0.0005672737760648889,0.001601431366145419,8.760927259370512e-05
1,All Population,1,Deaths,4865,Odisha,1,Male,9,20-24 years,493,Ischemic heart disease,102,High alcohol use,1,Number,2020,-1.016378524754398,0.7922510095198213,-2.8828050204228104
1,All Population,1,Deaths,4865,Odisha,2,Female,9,20-24 years,493,Ischemic heart disease,102,High alcohol use,1,Number,2020,-0.10100681803104715,0.0733751502244089,-0.31623537887540026
1,All Population,1,Deaths,4861,Manipur,1,Male,9,20-24 years,498,Hypertensive heart disease,102,High alcohol use,1,Number,2020,0.01378317322853982,0.028313321841799452,0.0051230837384880264
1,All Population,1,Deaths,4861,Manipur,2,Female,9,20-24 years,498,Hypertensive heart disease,102,High alcohol use,1,Number,2020,0.0005377485720783396,0.0014833931075723347,7.421809241718209e-05
1,All Population,1,Deaths,4873,Uttar Pradesh,1,Male,9,20-24 years,498,Hypertensive heart disease,102,High alcohol use,1,Number,2019,0.24540182174301298,0.5946331024829835,0.0804298683550285
1,All Population,1,Deaths,4873,Uttar Pradesh,2,Female,9,20-24 years,498,Hypertensive heart disease,102,High alcohol use,1,Number,2019,0.0032836293153121637,0.009382120387820308,0.0004295742639966848
1,All Population,1,Deaths,44538,Other Union Territories,1,Male,9,20-24 years,493,Ischemic heart disease,102,High alcohol use,1,Number,2020,-0.29560841889212813,0.27517768531918013,-0.8553017945747757
1,All Population,1,Deaths,44538,Other Union Territories,2,Female,9,20-24 years,493,Ischemic heart disease,102,High alcohol use,1,Number,2020,-0.007742722578516978,0.007277002223527951,-0.029559751498707664
1,All Population,1,Deaths,4842,Arunachal Pradesh,1,Male,9,20-24 years,498,Hypertensive heart disease,102,High alcohol use,1,Number,2019,0.011346405933818637,0.02281494346581369,0.004395689096156641
1,All Population,1,Deaths,4842,Arunachal Pradesh,2,Female,9,20-24 years,498,Hypertensive heart disease,102,High alcohol use,1,Number,2019,0.0013434879899059398,0.003650248641749355,0.00018778130054900006
1,All Population,1,Deaths,44538,Other Union Territories,1,Male,9,20-24 years,498,Hypertensive heart disease,102,High alcohol use,1,Number,2019,0.012285162865464593,0.026613415713842674,0.004609805725407306
1,All Population,1,Deaths,44538,Other Union Territories,2,Female,9,20-24 years,498,Hypertensive heart disease,102,High alcohol use,1,Number,2019,0.00017442232160072145,0.00048741244657969683,2.5616740893191765e-05
1,All Population,1,Deaths,4872,Tripura,1,Male,9,20-24 years,499,Cardiomyopathy and myocarditis,102,High alcohol use,1,Number,2019,0.021428855962710512,0.0726769188905671,0.003936089139548203
1,All Population,1,Deaths,4872,Tripura,2,Female,9,20-24 years,499,Cardiomyopathy and myocarditis,102,High alcohol use,1,Number,2019,0.011795190949617122,0.04657188797302368,0.0014262344064763883
1,All Population,1,Deaths,4856,Karnataka,1,Male,9,20-24 years,498,Hypertensive heart disease,102,High alcohol use,1,Number,2019,0.18095581545674227,0.38938152466434645,0.06185048205180857
1,All Population,1,Deaths,4856,Karnataka,2,Female,9,20-24 years,498,Hypertensive heart disease,102,High alcohol use,1,Number,2019,0.004864525837999305,0.010945679850592475,0.0010127807059651765
1,All Population,1,Deaths,4873,Uttar Pradesh,1,Male,9,20-24 years,494,Stroke,332,Chewing tobacco,1,Number,2016,19.910738416773274,41.11707285042064,8.558732747680153
1,All Population,1,Deaths,4873,Uttar Pradesh,2,Female,9,20-24 years,494,Stroke,332,Chewing tobacco,1,Number,2016,3.3462840831824687,7.966501480745748,0.8990676710796481
1,All Population,1,Deaths,4851,Gujarat,1,Male,9,20-24 years,494,Stroke,332,Chewing tobacco,1,Number,2020,5.704089601503225,10.940606713436267,1.9412731884009036
1,All Population,1,Deaths,4851,Gujarat,2,Female,9,20-24 years,494,Stroke,332,Chewing tobacco,1,Number,2020,0.49685308903047337,1.3190322498881555,0.13342116105685167
1,All Population,1,Deaths,4849,Delhi,1,Male,9,20-24 years,499,Cardiomyopathy and myocarditis,102,High alcohol use,1,Number,2016,0.1378809936989879,0.449918562895719,0.026270811656747002
1,All Population,1,Deaths,4849,Delhi,2,Female,9,20-24 years,499,Cardiomyopathy and myocarditis,102,High alcohol use,1,Number,2016,0.04101400981286208,0.16361321418770317,0.006995323898511965
1,All Population,1,Deaths,4846,Chhattisgarh,1,Male,9,20-24 years,498,Hypertensive heart disease,102,High alcohol use,1,Number,2020,0.2879679604861002,0.6255291015981884,0.10147381462029122
1,All Population,1,Deaths,4846,Chhattisgarh,2,Female,9,20-24 years,498,Hypertensive heart disease,102,High alcohol use,1,Number,2020,0.0042003876269438,0.011225390526569424,0.0005046929482505272
1,All Population,1,Deaths,4855,Jharkhand,1,Male,9,20-24 years,493,Ischemic heart disease,102,High alcohol use,1,Number,2019,-0.5844080341069408,0.49563164969405854,-1.8816190014785619
1,All Population,1,Deaths,4855,Jharkhand,2,Female,9,20-24 years,493,Ischemic heart disease,102,High alcohol use,1,Number,2019,-0.10603643909104467,0.07966226051410688,-0.4022289357919556
1,All Population,1,Deaths,4851,Gujarat,1,Male,9,20-24 years,498,Hypertensive heart disease,102,High alcohol use,1,Number,2016,0.0973003492827835,0.21959422306632614,0.03314823003378441
1,All Population,1,Deaths,4851,Gujarat,2,Female,9,20-24 years,498,Hypertensive heart disease,102,High alcohol use,1,Number,2016,0.0008291582992170048,0.0022503165606362428,0.00011121254350753916
1,All Population,1,Deaths,4851,Gujarat,1,Male,9,20-24 years,498,Hypertensive heart disease,102,High alcohol use,1,Number,2019,0.08432992741306754,0.1949640745423503,0.02781782524576154
1,All Population,1,Deaths,4851,Gujarat,2,Female,9,20-24 years,498,Hypertensive heart disease,102,High alcohol use,1,Number,2019,0.0009584182403067176,0.002675784905411098,0.00011575373554491166
1,All Population,1,Deaths,4844,Bihar,1,Male,9,20-24 years,498,Hypertensive heart disease,102,High alcohol use,1,Number,2019,0.21756899680913597,0.47441497159352924,0.07706094023368767
1,All Population,1,Deaths,4844,Bihar,2,Female,9,20-24 years,498,Hypertensive heart disease,102,High alcohol use,1,Number,2019,0.001477184493600863,0.0043167932493501215,0.00022341252865326971
1,All Population,1,Deaths,4842,Arunachal Pradesh,1,Male,9,20-24 years,499,Cardiomyopathy and myocarditis,102,High alcohol use,1,Number,2018,0.012223019318122464,0.04327685367302026,0.0024658117667912035
1,All Population,1,Deaths,4842,Arunachal Pradesh,2,Female,9,20-24 years,499,Cardiomyopathy and myocarditis,102,High alcohol use,1,Number,2018,0.004628282197838371,0.020016956754942576,0.0006182292034710065
1,All Population,1,Deaths,4844,Bihar,1,Male,9,20-24 years,499,Cardiomyopathy and myocarditis,102,High alcohol use,1,Number,2018,0.4803648058199507,1.688734677469559,0.08136506043991532
1,All Population,1,Deaths,4844,Bihar,2,Female,9,20-24 years,499,Cardiomyopathy and myocarditis,102,High alcohol use,1,Number,2018,0.1834002275309883,0.8496147883921903,0.021518504333870328
1,All Population,1,Deaths,4844,Bihar,1,Male,9,20-24 years,493,Ischemic heart disease,102,High alcohol use,1,Number,2019,-2.1623844264905356,1.7879206178375253,-7.090901170657973
1,All Population,1,Deaths,4844,Bihar,2,Female,9,20-24 years,493,Ischemic heart disease,102,High alcohol use,1,Number,2019,-0.05720329435393884,0.04661241098595584,-0.2022720296845456
1,All Population,1,Deaths,44538,Other Union Territories,1,Male,9,20-24 years,494,Stroke,332,Chewing tobacco,1,Number,2020,0.06956478881758076,0.162581180178618,0.021302020910467564
1,All Population,1,Deaths,44538,Other Union Territories,2,Female,9,20-24 years,494,Stroke,332,Chewing tobacco,1,Number,2020,0.00925047103267902,0.027515382151519403,0.0021441621228776783
1,All Population,1,Deaths,4842,Arunachal Pradesh,1,Male,9,20-24 years,494,Stroke,332,Chewing tobacco,1,Number,2017,0.14789122070909846,0.2764013325970863,0.05936642176378678
1,All Population,1,Deaths,4842,Arunachal Pradesh,2,Female,9,20-24 years,494,Stroke,332,Chewing tobacco,1,Number,2017,0.05997177126152562,0.13471630056544506,0.019354044743236088
1,All Population,1,Deaths,4855,Jharkhand,1,Male,9,20-24 years,494,Stroke,332,Chewing tobacco,1,Number,2020,1.6481781259573673,3.3470131277533675,0.5311005212359194
1,All Population,1,Deaths,4855,Jharkhand,2,Female,9,20-24 years,494,Stroke,332,Chewing tobacco,1,Number,2020,0.3216574502762375,0.9542513642910055,0.07386016278185695
1,All Population,1,Deaths,4860,Maharashtra,1,Male,9,20-24 years,494,Stroke,102,High alcohol use,1,Number,2020,0.6866247885267339,2.19120298480904,-0.10343528071544947
1,All Population,1,Deaths,4860,Maharashtra,2,Female,9,20-24 years,494,Stroke,102,High alcohol use,1,Number,2020,-0.002083528671821312,0.003883613198268089,-0.006817879810468679
1,All Population,1,Deaths,4872,Tripura,1,Male,9,20-24 years,498,Hypertensive heart disease,102,High alcohol use,1,Number,2020,0.013831728678284923,0.030511188152958994,0.005168462461044455
1,All Population,1,Deaths,4872,Tripura,2,Female,9,20-24 years,498,Hypertensive heart disease,102,High alcohol use,1,Number,2020,0.0006573427931523794,0.0018067662096828193,8.932509714062797e-05
1,All Population,1,Deaths,4854,Jammu & Kashmir and Ladakh,1,Male,9,20-24 years,499,Cardiomyopathy and myocarditis,102,High alcohol use,1,Number,2020,0.0530359021001284,0.18083435244853047,0.008742073891153678
1,All Population,1,Deaths,4854,Jammu & Kashmir and Ladakh,2,Female,9,20-24 years,499,Cardiomyopathy and myocarditis,102,High alcohol use,1,Number,2020,0.016253060459049604,0.05427188729891371,0.0024561890517161757
1,All Population,1,Deaths,4852,Haryana,1,Male,9,20-24 years,493,Ischemic heart disease,102,High alcohol use,1,Number,2021,-1.0045715160503403,0.8535933168270647,-3.2101546310827476
1,All Population,1,Deaths,4852,Haryana,2,Female,9,20-24 years,493,Ischemic heart disease,102,High alcohol use,1,Number,2021,-0.010579122261235151,0.009483107568554163,-0.04122819017093422
1,All Population,1,Deaths,4849,Delhi,1,Male,9,20-24 years,493,Ischemic heart disease,102,High alcohol use,1,Number,2019,-0.8603645902115316,0.6682245885078281,-2.7802343581059676
1,All Population,1,Deaths,4849,Delhi,2,Female,9,20-24 years,493,Ischemic heart disease,102,High alcohol use,1,Number,2019,-0.022771366597594017,0.02167801922247798,-0.08798031362747716
1,All Population,1,Deaths,4841,Andhra Pradesh,1,Male,9,20-24 years,493,Ischemic heart disease,102,High alcohol use,1,Number,2021,-3.133707637228691,2.5034453166265247,-9.025626055579174
1,All Population,1,Deaths,4841,Andhra Pradesh,2,Female,9,20-24 years,493,Ischemic heart disease,102,High alcohol use,1,Number,2021,-0.07163760333271584,0.06290207083807198,-0.23835443779307913
1,All Population,1,Deaths,4853,Himachal Pradesh,1,Male,9,20-24 years,494,Stroke,102,High alcohol use,1,Number,2020,0.01946988703973758,0.06675327223502739,-0.0023475380213155567
1,All Population,1,Deaths,4853,Himachal Pradesh,2,Female,9,20-24 years,494,Stroke,102,High alcohol use,1,Number,2020,-0.00012812012230072905,0.00021934822385033488,-0.0004746965672134105
1,All Population,1,Deaths,4854,Jammu & Kashmir and Ladakh,1,Male,9,20-24 years,498,Hypertensive heart disease,102,High alcohol use,1,Number,2021,0.00872763990306632,0.018915373288825886,0.0030127843801814195
1,All Population,1,Deaths,4854,Jammu & Kashmir and Ladakh,2,Female,9,20-24 years,498,Hypertensive heart disease,102,High alcohol use,1,Number,2021,0.00016576435478213395,0.0004706454998301434,2.0527441670659127e-05
1,All Population,1,Deaths,4860,Maharashtra,1,Male,9,20-24 years,493,Ischemic heart disease,102,High alcohol use,1,Number,2018,-3.087015150732307,3.1004820357451086,-9.107444740471683
1,All Population,1,Deaths,4860,Maharashtra,2,Female,9,20-24 years,493,Ischemic heart disease,102,High alcohol use,1,Number,2018,-0.028113117128663885,0.027699462876077205,-0.09376273881044371
1,All Population,1,Deaths,4859,Madhya Pradesh,1,Male,9,20-24 years,494,Stroke,332,Chewing tobacco,1,Number,2020,5.421341264345513,11.459346635787233,1.6023522864436552
1,All Population,1,Deaths,4859,Madhya Pradesh,2,Female,9,20-24 years,494,Stroke,332,Chewing tobacco,1,Number,2020,1.4684919516756991,3.4901497907899977,0.4814832414000795
1,All Population,1,Deaths,4874,Uttarakhand,1,Male,9,20-24 years,499,Cardiomyopathy and myocarditis,102,High alcohol use,1,Number,2020,0.08342222060763269,0.2956363980753999,0.012246401923142901
1,All Population,1,Deaths,4874,Uttarakhand,2,Female,9,20-24 years,499,Cardiomyopathy and myocarditis,102,High alcohol use,1,Number,2020,0.05112367655731802,0.2065990637759883,0.006500079718557546
1,All Population,1,Deaths,4846,Chhattisgarh,1,Male,9,20-24 years,493,Ischemic heart disease,102,High alcohol use,1,Number,2020,-4.273782689674438,3.0985853146548923,-12.976765490955755
1,All Population,1,Deaths,4846,Chhattisgarh,2,Female,9,20-24 years,493,Ischemic heart disease,102,High alcohol use,1,Number,2020,-0.15789321122733224,0.14543460828626587,-0.5477456888343445
1,All Population,1,Deaths,4869,Sikkim,1,Male,9,20-24 years,493,Ischemic heart disease,102,High alcohol use,1,Number,2019,-0.047530247984347955,0.035060458446726984,-0.15999266904507403
1,All Population,1,Deaths,4869,Sikkim,2,Female,9,20-24 years,493,Ischemic heart disease,102,High alcohol use,1,Number,2019,-0.010408550310773533,0.009917691182954928,-0.03653517737518115
1,All Population,1,Deaths,4868,Rajasthan,1,Male,9,20-24 years,494,Stroke,332,Chewing tobacco,1,Number,2020,1.7568950777556376,3.960097933494099,0.5066554615704904
1,All Population,1,Deaths,4868,Rajasthan,2,Female,9,20-24 years,494,Stroke,332,Chewing tobacco,1,Number,2020,0.2755375360399098,0.773379997895604,0.06182315417022882
1,All Population,1,Deaths,4859,Madhya Pradesh,1,Male,9,20-24 years,499,Cardiomyopathy and myocarditis,102,High alcohol use,1,Number,2019,0.5543276910893036,1.8372535325205455,0.07771212054737708
1,All Population,1,Deaths,4859,Madhya Pradesh,2,Female,9,20-24 years,499,Cardiomyopathy and myocarditis,102,High alcohol use,1,Number,2019,0.1920959574196642,0.761292823069184,0.024739280393133962
1,All Population,1,Deaths,4864,Nagaland,1,Male,9,20-24 years,494,Stroke,332,Chewing tobacco,1,Number,2019,0.38896270943909683,0.7624272528790654,0.15087467950553235
1,All Population,1,Deaths,4864,Nagaland,2,Female,9,20-24 years,494,Stroke,332,Chewing tobacco,1,Number,2019,0.17803149323513687,0.35363947018413666,0.0712753367494244
1,All Population,1,Deaths,4872,Tripura,1,Male,9,20-24 years,493,Ischemic heart disease,102,High alcohol use,1,Number,2020,-0.22065023609477152,0.1699438987074481,-0.7266361066648217
1,All Population,1,Deaths,4872,Tripura,2,Female,9,20-24 years,493,Ischemic heart disease,102,High alcohol use,1,Number,2020,-0.02235782600134211,0.020241687047028105,-0.075660191626061
1,All Population,1,Deaths,4855,Jharkhand,1,Male,9,20-24 years,499,Cardiomyopathy and myocarditis,102,High alcohol use,1,Number,2019,0.1440292883661906,0.5180710512513873,0.028609632536705596
1,All Population,1,Deaths,4855,Jharkhand,2,Female,9,20-24 years,499,Cardiomyopathy and myocarditis,102,High alcohol use,1,Number,2019,0.07909488862837805,0.2973080640124079,0.009833000283928264
1,All Population,1,Deaths,4851,Gujarat,1,Male,9,20-24 years,494,Stroke,102,High alcohol use,1,Number,2020,0.1696030367405081,0.6317115269841446,-0.019999451212246243
1,All Population,1,Deaths,4851,Gujarat,2,Female,9,20-24 years,494,Stroke,102,High alcohol use,1,Number,2020,-0.0018467405359543143,0.0031045230331022957,-0.006661642494807271
1,All Population,1,Deaths,4864,Nagaland,1,Male,9,20-24 years,499,Cardiomyopathy and myocarditis,102,High alcohol use,1,Number,2020,0.014553636591088027,0.049895688086180674,0.0029163149843180725
1,All Population,1,Deaths,4864,Nagaland,2,Female,9,20-24 years,499,Cardiomyopathy and myocarditis,102,High alcohol use,1,Number,2020,0.005719384206588424,0.0240103294512494,0.0007243336808485127
1,All Population,1,Deaths,4869,Sikkim,1,Male,9,20-24 years,494,Stroke,102,High alcohol use,1,Number,2020,0.003145646057479155,0.01063145870582372,-0.00037473287691113584
1,All Population,1,Deaths,4869,Sikkim,2,Female,9,20-24 years,494,Stroke,102,High alcohol use,1,Number,2020,-0.0003727538773892838,0.00046869260325740854,-0.0013112369967803986
1,All Population,1,Deaths,4843,Assam,1,Male,9,20-24 years,498,Hypertensive heart disease,102,High alcohol use,1,Number,2020,0.10241908001070592,0.19841934925746813,0.03677949481941603
1,All Population,1,Deaths,4843,Assam,2,Female,9,20-24 years,498,Hypertensive heart disease,102,High alcohol use,1,Number,2020,0.004747039619373739,0.013333170142135788,0.0005782577982478623
1,All Population,1,Deaths,4852,Haryana,1,Male,9,20-24 years,498,Hypertensive heart disease,102,High alcohol use,1,Number,2020,0.06496586032593328,0.14721012991939847,0.019116138952264553
1,All Population,1,Deaths,4852,Haryana,2,Female,9,20-24 years,498,Hypertensive heart disease,102,High alcohol use,1,Number,2020,0.0004799002364287018,0.0012340278700369923,6.403541684372644e-05
1,All Population,1,Deaths,4852,Haryana,1,Male,9,20-24 years,499,Cardiomyopathy and myocarditis,102,High alcohol use,1,Number,2020,0.3161187183988787,1.0431768998316984,0.061179525857578444
1,All Population,1,Deaths,4852,Haryana,2,Female,9,20-24 years,499,Cardiomyopathy and myocarditis,102,High alcohol use,1,Number,2020,0.06572674962259982,0.27410002896428776,0.00938010820347849
1,All Population,1,Deaths,4870,Tamil Nadu,1,Male,9,20-24 years,498,Hypertensive heart disease,102,High alcohol use,1,Number,2020,0.26796751226998083,0.56055663820487,0.11068694425893154
1,All Population,1,Deaths,4870,Tamil Nadu,2,Female,9,20-24 years,498,Hypertensive heart disease,102,High alcohol use,1,Number,2020,0.0008426704175064843,0.002350621919513646,0.00011084097091341813
1,All Population,1,Deaths,4864,Nagaland,1,Male,9,20-24 years,499,Cardiomyopathy and myocarditis,102,High alcohol use,1,Number,2019,0.014738837428216963,0.04870645949967199,0.003052246024698748
1,All Population,1,Deaths,4864,Nagaland,2,Female,9,20-24 years,499,Cardiomyopathy and myocarditis,102,High alcohol use,1,Number,2019,0.005835925576501916,0.025600261215408177,0.000805283865715562
1,All Population,1,Deaths,4854,Jammu & Kashmir and Ladakh,1,Male,9,20-24 years,494,Stroke,332,Chewing tobacco,1,Number,2020,0.05622805546911564,0.15067747228960277,0.01478400310128836
1,All Population,1,Deaths,4854,Jammu & Kashmir and Ladakh,2,Female,9,20-24 years,494,Stroke,332,Chewing tobacco,1,Number,2020,0.006674384605715781,0.019655453093708013,0.0015756746582206499
1,All Population,1,Deaths,4869,Sikkim,1,Male,9,20-24 years,494,Stroke,332,Chewing tobacco,1,Number,2020,0.008637058499710292,0.0191875578902429,0.0022781645435842905
1,All Population,1,Deaths,4869,Sikkim,2,Female,9,20-24 years,494,Stroke,332,Chewing tobacco,1,Number,2020,0.0022607004434811685,0.0063661504668655125,0.00044353205773672285
1,All Population,1,Deaths,44538,Other Union Territories,1,Male,9,20-24 years,494,Stroke,102,High alcohol use,1,Number,2020,0.019981140228155544,0.06665735208258998,-0.002402239961614862
1,All Population,1,Deaths,44538,Other Union Territories,2,Female,9,20-24 years,494,Stroke,102,High alcohol use,1,Number,2020,-0.0002490416604753522,0.00042486506015698656,-0.0009632687846885643
1,All Population,1,Deaths,4873,Uttar Pradesh,1,Male,9,20-24 years,493,Ischemic heart disease,102,High alcohol use,1,Number,2019,-2.6762369446969423,1.9519614105517535,-7.974068619070554
1,All Population,1,Deaths,4873,Uttar Pradesh,2,Female,9,20-24 years,493,Ischemic heart disease,102,High alcohol use,1,Number,2019,-0.09649756019685263,0.06750129155305917,-0.38635889137204554
1,All Population,1,Deaths,4843,Assam,1,Male,9,20-24 years,499,Cardiomyopathy and myocarditis,102,High alcohol use,1,Number,2021,0.16658281027624597,0.618463363920987,0.028252995730451903
1,All Population,1,Deaths,4843,Assam,2,Female,9,20-24 years,499,Cardiomyopathy and myocarditis,102,High alcohol use,1,Number,2021,0.09086333890907651,0.38256823751187297,0.009711735411308778
1,All Population,1,Deaths,4842,Arunachal Pradesh,1,Male,9,20-24 years,494,Stroke,102,High alcohol use,1,Number,2020,0.023654751923313375,0.07519620752906332,-0.0025586070839685796
1,All Population,1,Deaths,4842,Arunachal Pradesh,2,Female,9,20-24 years,494,Stroke,102,High alcohol use,1,Number,2020,-0.0020413177725624922,0.004124713847442451,-0.008358867533182449
1,All Population,1,Deaths,4846,Chhattisgarh,1,Male,9,20-24 years,494,Stroke,332,Chewing tobacco,1,Number,2021,7.55443074747786,15.291724541188518,2.574239176174401
1,All Population,1,Deaths,4846,Chhattisgarh,2,Female,9,20-24 years,494,Stroke,332,Chewing tobacco,1,Number,2021,1.383211827646508,3.316733268032428,0.4370194049261245
1,All Population,1,Deaths,4875,West Bengal,1,Male,9,20-24 years,498,Hypertensive heart disease,102,High alcohol use,1,Number,2020,0.16485698053328587,0.32485516717547497,0.06160325529089485
1,All Population,1,Deaths,4875,West Bengal,2,Female,9,20-24 years,498,Hypertensive heart disease,102,High alcohol use,1,Number,2020,0.0021216840535119453,0.00530191544041789,0.00029389201703545
1,All Population,1,Deaths,4863,Mizoram,1,Male,9,20-24 years,498,Hypertensive heart disease,102,High alcohol use,1,Number,2020,0.0026164288062811244,0.005927100707955582,0.0010097591661735762
1,All Population,1,Deaths,4863,Mizoram,2,Female,9,20-24 years,498,Hypertensive heart disease,102,High alcohol use,1,Number,2020,0.00016763838733089206,0.0004089848046061169,2.2516591883430633e-05
1,All Population,1,Deaths,4872,Tripura,1,Male,9,20-24 years,494,Stroke,332,Chewing tobacco,1,Number,2021,0.3614901349628892,0.8265490790054999,0.11433625134893795
1,All Population,1,Deaths,4872,Tripura,2,Female,9,20-24 years,494,Stroke,332,Chewing tobacco,1,Number,2021,0.4618391513587114,1.05426883515693,0.15979600814937656
1,All Population,1,Deaths,4859,Madhya Pradesh,1,Male,9,20-24 years,494,Stroke,102,High alcohol use,1,Number,2019,0.4564966479451437,1.4894393291397736,-0.06135290956629356
1,All Population,1,Deaths,4859,Madhya Pradesh,2,Female,9,20-24 years,494,Stroke,102,High alcohol use,1,Number,2019,-0.007412767869093245,0.013271353268734746,-0.026775548292105718
1,All Population,1,Deaths,4841,Andhra Pradesh,1,Male,9,20-24 years,494,Stroke,332,Chewing tobacco,1,Number,2020,0.34786171384803644,0.7284955309422986,0.11650570812835705
1,All Population,1,Deaths,4841,Andhra Pradesh,2,Female,9,20-24 years,494,Stroke,332,Chewing tobacco,1,Number,2020,0.10440281113358009,0.34652246454631724,0.020257960145266176
1,All Population,1,Deaths,4842,Arunachal Pradesh,1,Male,9,20-24 years,499,Cardiomyopathy and myocarditis,102,High alcohol use,1,Number,2016,0.012046676045446954,0.04326103633513502,0.0021623082975899908
1,All Population,1,Deaths,4842,Arunachal Pradesh,2,Female,9,20-24 years,499,Cardiomyopathy and myocarditis,102,High alcohol use,1,Number,2016,0.00383902932684406,0.017894937676556,0.0004709227090859907
1,All Population,1,Deaths,4841,Andhra Pradesh,1,Male,9,20-24 years,499,Cardiomyopathy and myocarditis,102,High alcohol use,1,Number,2021,0.27446551393744534,0.9629534999998756,0.05133020500343016
1,All Population,1,Deaths,4841,Andhra Pradesh,2,Female,9,20-24 years,499,Cardiomyopathy and myocarditis,102,High alcohol use,1,Number,2021,0.07287425105549303,0.23528665782108982,0.010785199029674961
1,All Population,1,Deaths,4842,Arunachal Pradesh,1,Male,9,20-24 years,498,Hypertensive heart disease,102,High alcohol use,1,Number,2016,0.011016166606405605,0.02370564553342231,0.004107060260744377
1,All Population,1,Deaths,4842,Arunachal Pradesh,2,Female,9,20-24 years,498,Hypertensive heart disease,102,High alcohol use,1,Number,2016,0.0009321920361095179,0.0024209141919699756,0.00013059950321280033
1,All Population,1,Deaths,4841,Andhra Pradesh,1,Male,9,20-24 years,494,Stroke,102,High alcohol use,1,Number,2021,0.21664314740665833,0.7700502312513067,-0.0232380992758293
1,All Population,1,Deaths,4841,Andhra Pradesh,2,Female,9,20-24 years,494,Stroke,102,High alcohol use,1,Number,2021,-0.0036222220394834664,0.005286429852559005,-0.015326772327289965
1,All Population,1,Deaths,4843,Assam,1,Male,9,20-24 years,493,Ischemic heart disease,102,High alcohol use,1,Number,2021,-0.9818950642722302,0.8204040605266244,-2.8542139606177184
1,All Population,1,Deaths,4843,Assam,2,Female,9,20-24 years,493,Ischemic heart disease,102,High alcohol use,1,Number,2021,-0.1242646236728247,0.10195892523604497,-0.4779751174195279
1,All Population,1,Deaths,4859,Madhya Pradesh,1,Male,9,20-24 years,493,Ischemic heart disease,102,High alcohol use,1,Number,2021,-4.700241016590677,3.3344226809764566,-13.994439151330846
1,All Population,1,Deaths,4859,Madhya Pradesh,2,Female,9,20-24 years,493,Ischemic heart disease,102,High alcohol use,1,Number,2021,-0.14687358278399038,0.12072630926036852,-0.5198320854342972
1,All Population,1,Deaths,4861,Manipur,1,Male,9,20-24 years,494,Stroke,102,High alcohol use,1,Number,2020,0.0369278493713397,0.12178326445606355,-0.0049132209576346324
1,All Population,1,Deaths,4861,Manipur,2,Female,9,20-24 years,494,Stroke,102,High alcohol use,1,Number,2020,-0.0009519033034810523,0.0019802557687005535,-0.0035249243677667155
1,All Population,1,Deaths,4851,Gujarat,1,Male,9,20-24 years,493,Ischemic heart disease,102,High alcohol use,1,Number,2019,-0.8124430102926297,0.7638955173168216,-2.564505725354706
1,All Population,1,Deaths,4851,Gujarat,2,Female,9,20-24 years,493,Ischemic heart disease,102,High alcohol use,1,Number,2019,-0.023239341776399507,0.02358046620123319,-0.09154405723766093
1,All Population,1,Deaths,4873,Uttar Pradesh,1,Male,9,20-24 years,498,Hypertensive heart disease,102,High alcohol use,1,Number,2020,0.2439107750838258,0.6130930671450608,0.07688263335116167
1,All Population,1,Deaths,4873,Uttar Pradesh,2,Female,9,20-24 years,498,Hypertensive heart disease,102,High alcohol use,1,Number,2020,0.003471613843928452,0.010610624845308511,0.00044547383461651213
1,All Population,1,Deaths,4870,Tamil Nadu,1,Male,9,20-24 years,494,Stroke,102,High alcohol use,1,Number,2020,0.5397882062353462,1.8593201165042406,-0.07922439041056974
1,All Population,1,Deaths,4870,Tamil Nadu,2,Female,9,20-24 years,494,Stroke,102,High alcohol use,1,Number,2020,-0.001590233428732321,0.002839116924539559,-0.0066874079665711125
1,All Population,1,Deaths,44538,Other Union Territories,1,Male,9,20-24 years,499,Cardiomyopathy and myocarditis,102,High alcohol use,1,Number,2020,0.021601561042996296,0.07339930548502574,0.00431157771769037
1,All Population,1,Deaths,44538,Other Union Territories,2,Female,9,20-24 years,499,Cardiomyopathy and myocarditis,102,High alcohol use,1,Number,2020,0.008031793448545078,0.03298862981090022,0.001051936540144821
1,All Population,1,Deaths,4861,Manipur,1,Male,9,20-24 years,499,Cardiomyopathy and myocarditis,102,High alcohol use,1,Number,2020,0.02113108822043402,0.08040780769405455,0.0033098761925150584
1,All Population,1,Deaths,4861,Manipur,2,Female,9,20-24 years,499,Cardiomyopathy and myocarditis,102,High alcohol use,1,Number,2020,0.00895093862505411,0.03940142805463742,0.0011298042537520897
1,All Population,1,Deaths,4874,Uttarakhand,1,Male,9,20-24 years,494,Stroke,102,High alcohol use,1,Number,2021,0.05863719576205376,0.19280141283878793,-0.00782263905722092
1,All Population,1,Deaths,4874,Uttarakhand,2,Female,9,20-24 years,494,Stroke,102,High alcohol use,1,Number,2021,-0.0004529520695750615,0.000567608721656822,-0.002068570447102948
1,All Population,1,Deaths,4875,West Bengal,1,Male,9,20-24 years,499,Cardiomyopathy and myocarditis,102,High alcohol use,1,Number,2019,0.4019815015314658,1.422850347157062,0.07422431976312882
1,All Population,1,Deaths,4875,West Bengal,2,Female,9,20-24 years,499,Cardiomyopathy and myocarditis,102,High alcohol use,1,Number,2019,0.12672396988746748,0.39008006342281276,0.019227439768982547
1,All Population,1,Deaths,4857,Kerala,1,Male,9,20-24 years,499,Cardiomyopathy and myocarditis,102,High alcohol use,1,Number,2019,0.13981722935302776,0.41179840259362543,0.030057250572458744
1,All Population,1,Deaths,4857,Kerala,2,Female,9,20-24 years,499,Cardiomyopathy and myocarditis,102,High alcohol use,1,Number,2019,0.03917140902676611,0.13329645037138588,0.006852189008947827
1,All Population,1,Deaths,4865,Odisha,1,Male,9,20-24 years,494,Stroke,102,High alcohol use,1,Number,2021,0.37545407265161806,1.2409587472124044,-0.04247405826085416
1,All Population,1,Deaths,4865,Odisha,2,Female,9,20-24 years,494,Stroke,102,High alcohol use,1,Number,2021,-0.011806364144797852,0.018399701391598886,-0.046362200393767435
1,All Population,1,Deaths,4870,Tamil Nadu,1,Male,9,20-24 years,499,Cardiomyopathy and myocarditis,102,High alcohol use,1,Number,2021,0.3370171983738089,1.123650812794458,0.06713873916968262
1,All Population,1,Deaths,4870,Tamil Nadu,2,Female,9,20-24 years,499,Cardiomyopathy and myocarditis,102,High alcohol use,1,Number,2021,0.10133435856747938,0.34516126271364556,0.014860834880340788
1,All Population,1,Deaths,4863,Mizoram,1,Male,9,20-24 years,494,Stroke,102,High alcohol use,1,Number,2021,0.005355810445727935,0.018391712239347872,-0.0006446009149661406
1,All Population,1,Deaths,4863,Mizoram,2,Female,9,20-24 years,494,Stroke,102,High alcohol use,1,Number,2021,-0.00010642718192806211,0.00014398382610816325,-0.00045774373396243747
1,All Population,1,Deaths,4849,Delhi,1,Male,9,20-24 years,494,Stroke,332,Chewing tobacco,1,Number,2020,0.18130322213979402,0.4036187633933306,0.045359922566973
1,All Population,1,Deaths,4849,Delhi,2,Female,9,20-24 years,494,Stroke,332,Chewing tobacco,1,Number,2020,0.025326401569511346,0.07951362197821096,0.005472640876404227
1,All Population,1,Deaths,4875,West Bengal,1,Male,9,20-24 years,494,Stroke,332,Chewing tobacco,1,Number,2018,4.71410636534312,10.46577602136855,1.5762969247247516
1,All Population,1,Deaths,4875,West Bengal,2,Female,9,20-24 years,494,Stroke,332,Chewing tobacco,1,Number,2018,1.2992712964342064,3.1244119468700973,0.41628644766479317
1,All Population,1,Deaths,4861,Manipur,1,Male,9,20-24 years,494,Stroke,332,Chewing tobacco,1,Number,2021,0.39253353965823584,0.7836653019103696,0.14305117450572072
1,All Population,1,Deaths,4861,Manipur,2,Female,9,20-24 years,494,Stroke,332,Chewing tobacco,1,Number,2021,0.31689207110383705,0.7112277618216389,0.10915050241515975
1,All Population,1,Deaths,4863,Mizoram,1,Male,9,20-24 years,494,Stroke,332,Chewing tobacco,1,Number,2021,0.026887722052054256,0.06259354083260385,0.008234604723055764
1,All Population,1,Deaths,4863,Mizoram,2,Female,9,20-24 years,494,Stroke,332,Chewing tobacco,1,Number,2021,0.04150043767780168,0.09839853161782183,0.013383320309723857
1,All Population,1,Deaths,4868,Rajasthan,1,Male,9,20-24 years,493,Ischemic heart disease,102,High alcohol use,1,Number,2021,-1.6892153342130458,1.2549125426424599,-5.254706464225193
1,All Population,1,Deaths,4868,Rajasthan,2,Female,9,20-24 years,493,Ischemic heart disease,102,High alcohol use,1,Number,2021,-0.04147631017224724,0.03499027481321658,-0.15949378650717283
1,All Population,1,Deaths,4842,Arunachal Pradesh,1,Male,9,20-24 years,494,Stroke,332,Chewing tobacco,1,Number,2020,0.11874183135239517,0.23331720001812767,0.039739561945015434
1,All Population,1,Deaths,4842,Arunachal Pradesh,2,Female,9,20-24 years,494,Stroke,332,Chewing tobacco,1,Number,2020,0.051173946122238585,0.11920275374958313,0.015575454919609297
1,All Population,1,Deaths,4855,Jharkhand,1,Male,9,20-24 years,494,Stroke,102,High alcohol use,1,Number,2021,0.2570984489113276,0.8630949736636323,-0.02704883354752362
1,All Population,1,Deaths,4855,Jharkhand,2,Female,9,20-24 years,494,Stroke,102,High alcohol use,1,Number,2021,-0.01088836420369361,0.016111456292832595,-0.05242270287968631
1,All Population,1,Deaths,4870,Tamil Nadu,1,Male,9,20-24 years,493,Ischemic heart disease,102,High alcohol use,1,Number,2019,-4.000406759831426,3.749523208021676,-12.601919825341326
1,All Population,1,Deaths,4870,Tamil Nadu,2,Female,9,20-24 years,493,Ischemic heart disease,102,High alcohol use,1,Number,2019,-0.023953216769469727,0.019393792357542683,-0.10009014589748398
1,All Population,1,Deaths,4871,Telangana,1,Male,9,20-24 years,494,Stroke,102,High alcohol use,1,Number,2021,0.5174147470678843,2.007814508870393,-0.06251499914497592
1,All Population,1,Deaths,4871,Telangana,2,Female,9,20-24 years,494,Stroke,102,High alcohol use,1,Number,2021,-0.004936961015488321,0.007945583223558797,-0.022118882242452953
1,All Population,1,Deaths,4846,Chhattisgarh,1,Male,9,20-24 years,499,Cardiomyopathy and myocarditis,102,High alcohol use,1,Number,2021,0.41176515943461434,1.368777539227549,0.05900147643764422
1,All Population,1,Deaths,4846,Chhattisgarh,2,Female,9,20-24 years,499,Cardiomyopathy and myocarditis,102,High alcohol use,1,Number,2021,0.09768614729099125,0.3769699926961382,0.010774035245194297
1,All Population,1,Deaths,4864,Nagaland,1,Male,9,20-24 years,493,Ischemic heart disease,102,High alcohol use,1,Number,2019,-0.09707520844676609,0.08239437375302114,-0.29067142940501917
1,All Population,1,Deaths,4864,Nagaland,2,Female,9,20-24 years,493,Ischemic heart disease,102,High alcohol use,1,Number,2019,-0.01200203707954561,0.0118939211022203,-0.039472016159216
1,All Population,1,Deaths,4844,Bihar,1,Male,9,20-24 years,494,Stroke,102,High alcohol use,1,Number,2020,0.2243681702432281,0.8085520636389967,-0.03137893042523595
1,All Population,1,Deaths,4844,Bihar,2,Female,9,20-24 years,494,Stroke,102,High alcohol use,1,Number,2020,-0.0019869630723851196,0.0027901319892384697,-0.009364844028772478
1,All Population,1,Deaths,4872,Tripura,1,Male,9,20-24 years,494,Stroke,102,High alcohol use,1,Number,2021,0.05129545442540686,0.17815815897918755,-0.007316967299308159
1,All Population,1,Deaths,4872,Tripura,2,Female,9,20-24 years,494,Stroke,102,High alcohol use,1,Number,2021,-0.0018122843179537622,0.0024824650273852136,-0.007263474058058845
1,All Population,1,Deaths,4870,Tamil Nadu,1,Male,9,20-24 years,494,Stroke,332,Chewing tobacco,1,Number,2021,0.7439478923938798,1.9184522437997722,0.18553049461485555
1,All Population,1,Deaths,4870,Tamil Nadu,2,Female,9,20-24 years,494,Stroke,332,Chewing tobacco,1,Number,2021,0.14569824058812056,0.4222475498300694,0.03657935715059731
1,All Population,1,Deaths,4846,Chhattisgarh,1,Male,9,20-24 years,494,Stroke,102,High alcohol use,1,Number,2021,1.050404308720688,3.8363733359895007,-0.1423779660347012
1,All Population,1,Deaths,4846,Chhattisgarh,2,Female,9,20-24 years,494,Stroke,102,High alcohol use,1,Number,2021,-0.014421642650770065,0.019680622185485122,-0.05942468536881133
1,All Population,1,Deaths,4867,Punjab,1,Male,9,20-24 years,494,Stroke,332,Chewing tobacco,1,Number,2021,0.2824969933293925,0.7442468690853983,0.06758402633655416
1,All Population,1,Deaths,4867,Punjab,2,Female,9,20-24 years,494,Stroke,332,Chewing tobacco,1,Number,2021,0.027243154737132246,0.07967891189062105,0.006451055542203057
1,All Population,1,Deaths,4867,Punjab,1,Male,9,20-24 years,498,Hypertensive heart disease,102,High alcohol use,1,Number,2020,0.08580044368020567,0.17561989377169218,0.03454169139420181
1,All Population,1,Deaths,4867,Punjab,2,Female,9,20-24 years,498,Hypertensive heart disease,102,High alcohol use,1,Number,2020,0.000509196324127357,0.0014065742671025212,7.126792408355899e-05
1,All Population,1,Deaths,4850,Goa,1,Male,9,20-24 years,494,Stroke,102,High alcohol use,1,Number,2021,0.023645185200442825,0.08143763873431731,-0.0032427766691389584
1,All Population,1,Deaths,4850,Goa,2,Female,9,20-24 years,494,Stroke,102,High alcohol use,1,Number,2021,-0.00028231581084919724,0.00046592809550879787,-0.0010819152312317483
1,All Population,1,Deaths,4871,Telangana,1,Male,9,20-24 years,498,Hypertensive heart disease,102,High alcohol use,1,Number,2019,0.30306174008424264,0.5853834690971508,0.11349450188277549
1,All Population,1,Deaths,4871,Telangana,2,Female,9,20-24 years,498,Hypertensive heart disease,102,High alcohol use,1,Number,2019,0.0048704606256107326,0.013354377963004527,0.0006924335679917072
1,All Population,1,Deaths,4871,Telangana,1,Male,9,20-24 years,499,Cardiomyopathy and myocarditis,102,High alcohol use,1,Number,2019,0.34612946731365507,1.1192714422373453,0.05512964169316006
1,All Population,1,Deaths,4871,Telangana,2,Female,9,20-24 years,499,Cardiomyopathy and myocarditis,102,High alcohol use,1,Number,2019,0.09084346112903817,0.2940051633647087,0.014376281872211632
1,All Population,1,Deaths,4843,Assam,1,Male,9,20-24 years,494,Stroke,102,High alcohol use,1,Number,2020,0.6384483437768007,2.0074993421491287,-0.07678577389850444
1,All Population,1,Deaths,4843,Assam,2,Female,9,20-24 years,494,Stroke,102,High alcohol use,1,Number,2020,-0.012109437252365794,0.021199517949134793,-0.05241737684106117
1,All Population,1,Deaths,4868,Rajasthan,1,Male,9,20-24 years,499,Cardiomyopathy and myocarditis,102,High alcohol use,1,Number,2021,0.43525927699375583,1.3128102861440165,0.07357309991725178
1,All Population,1,Deaths,4868,Rajasthan,2,Female,9,20-24 years,499,Cardiomyopathy and myocarditis,102,High alcohol use,1,Number,2021,0.14410163439885393,0.5034694195786791,0.02203570086946931
1,All Population,1,Deaths,4867,Punjab,1,Male,9,20-24 years,499,Cardiomyopathy and myocarditis,102,High alcohol use,1,Number,2020,0.1564557176474702,0.5002565142711678,0.030775885357054486
1,All Population,1,Deaths,4867,Punjab,2,Female,9,20-24 years,499,Cardiomyopathy and myocarditis,102,High alcohol use,1,Number,2020,0.07998108839311384,0.2518812813841484,0.010169604152608652
1,All Population,1,Deaths,4869,Sikkim,1,Male,9,20-24 years,494,Stroke,332,Chewing tobacco,1,Number,2017,0.014398031247841593,0.03289205633793661,0.004453029236491371
1,All Population,1,Deaths,4869,Sikkim,2,Female,9,20-24 years,494,Stroke,332,Chewing tobacco,1,Number,2017,0.003231938831674633,0.009074028495456528,0.0007639501095336417
1,All Population,1,Deaths,4875,West Bengal,1,Male,9,20-24 years,494,Stroke,332,Chewing tobacco,1,Number,2019,3.8009994362921193,8.65083788016867,1.1787059582162613
1,All Population,1,Deaths,4875,West Bengal,2,Female,9,20-24 years,494,Stroke,332,Chewing tobacco,1,Number,2019,1.0723938643019546,2.4430932787519244,0.34711324832422796
1,All Population,1,Deaths,4857,Kerala,1,Male,9,20-24 years,494,Stroke,332,Chewing tobacco,1,Number,2021,0.42591487518854004,1.0988720428508274,0.10878460833629455
1,All Population,1,Deaths,4857,Kerala,2,Female,9,20-24 years,494,Stroke,332,Chewing tobacco,1,Number,2021,0.042778522623570285,0.12296654573234338,0.010391545593055707
1,All Population,1,Deaths,4862,Meghalaya,1,Male,9,20-24 years,493,Ischemic heart disease,102,High alcohol use,1,Number,2019,-0.15258557787228183,0.13110259009686204,-0.46976291341786386
1,All Population,1,Deaths,4862,Meghalaya,2,Female,9,20-24 years,493,Ischemic heart disease,102,High alcohol use,1,Number,2019,-0.007716788945998249,0.007934988921239323,-0.024180077011141346
1,All Population,1,Deaths,4850,Goa,1,Male,9,20-24 years,493,Ischemic heart disease,102,High alcohol use,1,Number,2021,-0.3351813205426316,0.260810796940011,-1.0251146229231702
1,All Population,1,Deaths,4850,Goa,2,Female,9,20-24 years,493,Ischemic heart disease,102,High alcohol use,1,Number,2021,-0.008341719244306635,0.008437135227375929,-0.027835408484204655
1,All Population,1,Deaths,4864,Nagaland,1,Male,9,20-24 years,498,Hypertensive heart disease,102,High alcohol use,1,Number,2017,0.010726339621557045,0.021574222139984046,0.004357312436193764
1,All Population,1,Deaths,4864,Nagaland,2,Female,9,20-24 years,498,Hypertensive heart disease,102,High alcohol use,1,Number,2017,0.00028997447678848367,0.0007655482738685506,4.898146018589186e-05
1,All Population,1,Deaths,4855,Jharkhand,1,Male,9,20-24 years,494,Stroke,332,Chewing tobacco,1,Number,2019,1.717988841237264,3.403904397654287,0.6102048321925477
1,All Population,1,Deaths,4855,Jharkhand,2,Female,9,20-24 years,494,Stroke,332,Chewing tobacco,1,Number,2019,0.36751347920572686,1.0015837815470379,0.09392318759282767
1,All Population,1,Deaths,4854,Jammu & Kashmir and Ladakh,1,Male,9,20-24 years,494,Stroke,102,High alcohol use,1,Number,2021,0.009632113734099824,0.035683245891243484,-0.0011554073427673753
1,All Population,1,Deaths,4854,Jammu & Kashmir and Ladakh,2,Female,9,20-24 years,494,Stroke,102,High alcohol use,1,Number,2021,-0.0001433498162504916,0.00020554703097658676,-0.0005863933500806985
1,All Population,1,Deaths,4874,Uttarakhand,1,Male,9,20-24 years,493,Ischemic heart disease,102,High alcohol use,1,Number,2021,-1.0176332618042783,0.8049774739091563,-3.28213204224245
1,All Population,1,Deaths,4874,Uttarakhand,2,Female,9,20-24 years,493,Ischemic heart disease,102,High alcohol use,1,Number,2021,-0.01245457748248993,0.01031713514851428,-0.0454833840380789
1,All Population,1,Deaths,4867,Punjab,1,Male,9,20-24 years,493,Ischemic heart disease,102,High alcohol use,1,Number,2021,-4.568142855782096,3.5724420866938598,-13.196702587710057
1,All Population,1,Deaths,4867,Punjab,2,Female,9,20-24 years,493,Ischemic heart disease,102,High alcohol use,1,Number,2021,-0.03616580961887753,0.03237213828756516,-0.12017757986822541
1,All Population,1,Deaths,4844,Bihar,1,Male,9,20-24 years,494,Stroke,102,High alcohol use,1,Number,2017,0.2589753305942377,0.9305224731913224,-0.032905685885223315
1,All Population,1,Deaths,4844,Bihar,2,Female,9,20-24 years,494,Stroke,102,High alcohol use,1,Number,2017,-0.0020799860269349927,0.0026970269376741,-0.008451444808447972
1,All Population,1,Deaths,4869,Sikkim,1,Male,9,20-24 years,498,Hypertensive heart disease,102,High alcohol use,1,Number,2021,0.002295198244793226,0.004707058644385883,0.0008954557471303848
1,All Population,1,Deaths,4869,Sikkim,2,Female,9,20-24 years,498,Hypertensive heart disease,102,High alcohol use,1,Number,2021,0.0003525309161929242,0.0009351743829008176,5.0227672613829724e-05
1,All Population,1,Deaths,4860,Maharashtra,1,Male,9,20-24 years,499,Cardiomyopathy and myocarditis,102,High alcohol use,1,Number,2021,0.44381537640107477,1.429291549071082,0.09387309104023697
1,All Population,1,Deaths,4860,Maharashtra,2,Female,9,20-24 years,499,Cardiomyopathy and myocarditis,102,High alcohol use,1,Number,2021,0.13015929895455816,0.4388695802541576,0.021169881899781084
1,All Population,1,Deaths,4863,Mizoram,1,Male,9,20-24 years,493,Ischemic heart disease,102,High alcohol use,1,Number,2019,-0.016794833306184122,0.01352077139552148,-0.05214580565953656
1,All Population,1,Deaths,4863,Mizoram,2,Female,9,20-24 years,493,Ischemic heart disease,102,High alcohol use,1,Number,2019,-0.0016350371674375968,0.0018008803231570562,-0.006080427587043311
1,All Population,1,Deaths,4862,Meghalaya,1,Male,9,20-24 years,498,Hypertensive heart disease,102,High alcohol use,1,Number,2020,0.018955466017846975,0.03923443018002108,0.006578676118624224
1,All Population,1,Deaths,4862,Meghalaya,2,Female,9,20-24 years,498,Hypertensive heart disease,102,High alcohol use,1,Number,2020,0.00037513316491196396,0.0010453084260836432,4.8371323982584604e-05
1,All Population,1,Deaths,4853,Himachal Pradesh,1,Male,9,20-24 years,498,Hypertensive heart disease,102,High alcohol use,1,Number,2021,0.017286296615274536,0.03412736134082411,0.006348520865497163
1,All Population,1,Deaths,4853,Himachal Pradesh,2,Female,9,20-24 years,498,Hypertensive heart disease,102,High alcohol use,1,Number,2021,0.00018183654132985166,0.0004949045180258676,2.410041869511533e-05
1,All Population,1,Deaths,4867,Punjab,1,Male,9,20-24 years,499,Cardiomyopathy and myocarditis,102,High alcohol use,1,Number,2017,0.17991471377069823,0.6320727390224387,0.037627650815113524
1,All Population,1,Deaths,4867,Punjab,2,Female,9,20-24 years,499,Cardiomyopathy and myocarditis,102,High alcohol use,1,Number,2017,0.08027315247650922,0.2543863505268975,0.009981256225913619
1,All Population,1,Deaths,4842,Arunachal Pradesh,1,Male,9,20-24 years,493,Ischemic heart disease,102,High alcohol use,1,Number,2019,-0.1459855068087654,0.11041780667349321,-0.4794524906219448
1,All Population,1,Deaths,4842,Arunachal Pradesh,2,Female,9,20-24 years,493,Ischemic heart disease,102,High alcohol use,1,Number,2019,-0.02842273621906715,0.026406471860306778,-0.09654636897808348
1,All Population,1,Deaths,4850,Goa,1,Male,9,20-24 years,498,Hypertensive heart disease,102,High alcohol use,1,Number,2021,0.010277422792741497,0.020848734068593874,0.004045574805761225
1,All Population,1,Deaths,4850,Goa,2,Female,9,20-24 years,498,Hypertensive heart disease,102,High alcohol use,1,Number,2021,0.00018852117056468434,0.0005233851676978866,2.6501437990421142e-05
1,All Population,1,Deaths,4865,Odisha,1,Male,9,20-24 years,493,Ischemic heart disease,102,High alcohol use,1,Number,2021,-1.0552295728355485,0.7690311070959899,-3.0296028594423565
1,All Population,1,Deaths,4865,Odisha,2,Female,9,20-24 years,493,Ischemic heart disease,102,High alcohol use,1,Number,2021,-0.10850636079736586,0.09449461991007495,-0.3567301061077911
1,All Population,1,Deaths,4862,Meghalaya,1,Male,9,20-24 years,494,Stroke,102,High alcohol use,1,Number,2019,0.03522290800333012,0.11709555344201593,-0.004564526139028024
1,All Population,1,Deaths,4862,Meghalaya,2,Female,9,20-24 years,494,Stroke,102,High alcohol use,1,Number,2019,-0.0004885129096257785,0.0008242657174282643,-0.0019951364707369973
1,All Population,1,Deaths,4861,Manipur,1,Male,9,20-24 years,493,Ischemic heart disease,102,High alcohol use,1,Number,2021,-0.21631504793444442,0.1479081090778883,-0.6696781683036103
1,All Population,1,Deaths,4861,Manipur,2,Female,9,20-24 years,493,Ischemic heart disease,102,High alcohol use,1,Number,2021,-0.02172734920956281,0.020031271561212816,-0.0789688359271952
1,All Population,1,Deaths,4856,Karnataka,1,Male,9,20-24 years,494,Stroke,332,Chewing tobacco,1,Number,2020,1.818571739363921,4.546622604391873,0.5410387477501437
1,All Population,1,Deaths,4856,Karnataka,2,Female,9,20-24 years,494,Stroke,332,Chewing tobacco,1,Number,2020,0.1579321556883113,0.4288761735456026,0.03922201930061325
1,All Population,1,Deaths,4851,Gujarat,1,Male,9,20-24 years,499,Cardiomyopathy and myocarditis,102,High alcohol use,1,Number,2020,0.47186321317212143,1.5221411118542116,0.08917864566940387
1,All Population,1,Deaths,4851,Gujarat,2,Female,9,20-24 years,499,Cardiomyopathy and myocarditis,102,High alcohol use,1,Number,2020,0.11880205147557664,0.46583141742655765,0.01722006752549568
1,All Population,1,Deaths,4853,Himachal Pradesh,1,Male,9,20-24 years,494,Stroke,332,Chewing tobacco,1,Number,2019,0.0443961925974103,0.11205059446750056,0.010231440711459322
1,All Population,1,Deaths,4853,Himachal Pradesh,2,Female,9,20-24 years,494,Stroke,332,Chewing tobacco,1,Number,2019,0.003623786618328302,0.010384415258711435,0.0008786966005399036
1,All Population,1,Deaths,4864,Nagaland,1,Male,9,20-24 years,494,Stroke,102,High alcohol use,1,Number,2021,0.03429337275299127,0.11284399306166304,-0.004610353203219802
1,All Population,1,Deaths,4864,Nagaland,2,Female,9,20-24 years,494,Stroke,102,High alcohol use,1,Number,2021,-0.0007709025052948039,0.0012834226013738062,-0.0029913815449488647
1,All Population,1,Deaths,4875,West Bengal,1,Male,9,20-24 years,493,Ischemic heart disease,102,High alcohol use,1,Number,2021,-2.1224488007144195,1.6007212174161771,-6.7212911281891055
1,All Population,1,Deaths,4875,West Bengal,2,Female,9,20-24 years,493,Ischemic heart disease,102,High alcohol use,1,Number,2021,-0.06497992877613337,0.05200411050482909,-0.23392435012506183
1,All Population,1,Deaths,4874,Uttarakhand,1,Male,9,20-24 years,494,Stroke,332,Chewing tobacco,1,Number,2020,0.24657230562449656,0.5837532822393373,0.05567558179781729
1,All Population,1,Deaths,4874,Uttarakhand,2,Female,9,20-24 years,494,Stroke,332,Chewing tobacco,1,Number,2020,0.022831757949664126,0.07208986949233923,0.00431396074519821
1,All Population,1,Deaths,4854,Jammu & Kashmir and Ladakh,1,Male,9,20-24 years,493,Ischemic heart disease,102,High alcohol use,1,Number,2020,-0.1256181863350687,0.1070941063438913,-0.3824263211869495
1,All Population,1,Deaths,4854,Jammu & Kashmir and Ladakh,2,Female,9,20-24 years,493,Ischemic heart disease,102,High alcohol use,1,Number,2020,-0.005771840857247611,0.004801281505225677,-0.022138662185412213
1,All Population,1,Deaths,4856,Karnataka,1,Male,9,20-24 years,498,Hypertensive heart disease,102,High alcohol use,1,Number,2020,0.1744488065439927,0.371531665129768,0.058495909657493544
1,All Population,1,Deaths,4856,Karnataka,2,Female,9,20-24 years,498,Hypertensive heart disease,102,High alcohol use,1,Number,2020,0.0039218391073554,0.009294741094493937,0.0007024447209907122
1,All Population,1,Deaths,4865,Odisha,1,Male,9,20-24 years,494,Stroke,332,Chewing tobacco,1,Number,2020,2.9426724219519027,5.796862222654051,1.1092238685031928
1,All Population,1,Deaths,4865,Odisha,2,Female,9,20-24 years,494,Stroke,332,Chewing tobacco,1,Number,2020,1.3953914449051639,3.6273501889712394,0.3858579866597807
1,All Population,1,Deaths,4862,Meghalaya,1,Male,9,20-24 years,494,Stroke,332,Chewing tobacco,1,Number,2021,0.14867177775440882,0.36601423674610645,0.04005245915727468
1,All Population,1,Deaths,4862,Meghalaya,2,Female,9,20-24 years,494,Stroke,332,Chewing tobacco,1,Number,2021,0.25263440662004133,0.5594408524847028,0.07799896398870008
1,All Population,1,Deaths,4862,Meghalaya,1,Male,9,20-24 years,493,Ischemic heart disease,102,High alcohol use,1,Number,2020,-0.15132139756393898,0.12234704722059553,-0.4520041206477673
1,All Population,1,Deaths,4862,Meghalaya,2,Female,9,20-24 years,493,Ischemic heart disease,102,High alcohol use,1,Number,2020,-0.007530643041072639,0.006918593979807149,-0.026136910307820817
1,All Population,1,Deaths,4843,Assam,1,Male,9,20-24 years,494,Stroke,332,Chewing tobacco,1,Number,2021,3.974166030233449,7.961440386368863,1.5384528797462746
1,All Population,1,Deaths,4843,Assam,2,Female,9,20-24 years,494,Stroke,332,Chewing tobacco,1,Number,2021,1.5179051449684793,3.2492868650343967,0.4835672784995767
1,All Population,1,Deaths,4868,Rajasthan,1,Male,9,20-24 years,494,Stroke,332,Chewing tobacco,1,Number,2021,1.7969189136076618,3.9979255220621974,0.5239070403376138
1,All Population,1,Deaths,4868,Rajasthan,2,Female,9,20-24 years,494,Stroke,332,Chewing tobacco,1,Number,2021,0.2999716774714643,0.800704022813331,0.06915814965410481
1,All Population,1,Deaths,4870,Tamil Nadu,1,Male,9,20-24 years,494,Stroke,102,High alcohol use,1,Number,2021,0.541903775904642,1.885522849108162,-0.07873205278639063
1,All Population,1,Deaths,4870,Tamil Nadu,2,Female,9,20-24 years,494,Stroke,102,High alcohol use,1,Number,2021,-0.001624147765587879,0.0028403252288870893,-0.007112108395073055
1,All Population,1,Deaths,4859,Madhya Pradesh,1,Male,9,20-24 years,494,Stroke,332,Chewing tobacco,1,Number,2021,5.878958575279424,12.586562749056739,1.7540080058918086
1,All Population,1,Deaths,4859,Madhya Pradesh,2,Female,9,20-24 years,494,Stroke,332,Chewing tobacco,1,Number,2021,1.5153384102160252,3.7348050131173465,0.44802008156784123
1,All Population,1,Deaths,4864,Nagaland,1,Male,9,20-24 years,494,Stroke,332,Chewing tobacco,1,Number,2021,0.3980510736388039,0.761461084276092,0.15589446120384748
1,All Population,1,Deaths,4864,Nagaland,2,Female,9,20-24 years,494,Stroke,332,Chewing tobacco,1,Number,2021,0.17992700706081816,0.39339609050323493,0.06720906962859939
1,All Population,1,Deaths,4852,Haryana,1,Male,9,20-24 years,498,Hypertensive heart disease,102,High alcohol use,1,Number,2021,0.06694104214470288,0.15069788337480278,0.019968406002275202
1,All Population,1,Deaths,4852,Haryana,2,Female,9,20-24 years,498,Hypertensive heart disease,102,High alcohol use,1,Number,2021,0.0004890564195356606,0.0013084197895508732,6.715202478889958e-05
1,All Population,1,Deaths,4852,Haryana,1,Male,9,20-24 years,499,Cardiomyopathy and myocarditis,102,High alcohol use,1,Number,2021,0.31986129841980465,1.1463100736493363,0.06518546950218893
1,All Population,1,Deaths,4852,Haryana,2,Female,9,20-24 years,499,Cardiomyopathy and myocarditis,102,High alcohol use,1,Number,2021,0.060043653949802656,0.21569028840755547,0.009535034527807658
1,All Population,1,Deaths,4869,Sikkim,1,Male,9,20-24 years,499,Cardiomyopathy and myocarditis,102,High alcohol use,1,Number,2020,0.0033956302347800177,0.012129647162051218,0.0005700627456565293
1,All Population,1,Deaths,4869,Sikkim,2,Female,9,20-24 years,499,Cardiomyopathy and myocarditis,102,High alcohol use,1,Number,2020,0.0014165093572021067,0.004587460605912199,0.0002153471654218427
1,All Population,1,Deaths,4871,Telangana,1,Male,9,20-24 years,494,Stroke,332,Chewing tobacco,1,Number,2020,0.7321961373330301,1.8916079537602428,0.17805114775202235
1,All Population,1,Deaths,4871,Telangana,2,Female,9,20-24 years,494,Stroke,332,Chewing tobacco,1,Number,2020,0.11379780459155936,0.33251176533205934,0.02470253539246676
1,All Population,1,Deaths,4846,Chhattisgarh,1,Male,9,20-24 years,493,Ischemic heart disease,102,High alcohol use,1,Number,2021,-5.28512824079711,3.686733865859247,-15.669829809288156
1,All Population,1,Deaths,4846,Chhattisgarh,2,Female,9,20-24 years,493,Ischemic heart disease,102,High alcohol use,1,Number,2021,-0.1917117798998191,0.18831716665363352,-0.6766473858242353
1,All Population,1,Deaths,4856,Karnataka,1,Male,9,20-24 years,493,Ischemic heart disease,102,High alcohol use,1,Number,2021,-4.368958280983186,3.450909545950434,-14.617970719039398
1,All Population,1,Deaths,4856,Karnataka,2,Female,9,20-24 years,493,Ischemic heart disease,102,High alcohol use,1,Number,2021,-0.20744263609411423,0.22904653325962193,-0.6089771990044626
1,All Population,1,Deaths,4850,Goa,1,Male,9,20-24 years,499,Cardiomyopathy and myocarditis,102,High alcohol use,1,Number,2020,0.011533835684875642,0.04021100444861473,0.002342937958705724
1,All Population,1,Deaths,4850,Goa,2,Female,9,20-24 years,499,Cardiomyopathy and myocarditis,102,High alcohol use,1,Number,2020,0.0018059823403372176,0.005992933879022761,0.00027421658734717803
1,All Population,1,Deaths,4853,Himachal Pradesh,1,Male,9,20-24 years,499,Cardiomyopathy and myocarditis,102,High alcohol use,1,Number,2020,0.033195877509719106,0.11077262581628132,0.005846117498176755
1,All Population,1,Deaths,4853,Himachal Pradesh,2,Female,9,20-24 years,499,Cardiomyopathy and myocarditis,102,High alcohol use,1,Number,2020,0.01061586867026589,0.039495153597017475,0.0013343995539208723
1,All Population,1,Deaths,4872,Tripura,1,Male,9,20-24 years,493,Ischemic heart disease,102,High alcohol use,1,Number,2021,-0.24705904406691268,0.17664932197245722,-0.8456902087024046
1,All Population,1,Deaths,4872,Tripura,2,Female,9,20-24 years,493,Ischemic heart disease,102,High alcohol use,1,Number,2021,-0.024857941026114626,0.022817423356494476,-0.08479035480433712
1,All Population,1,Deaths,4871,Telangana,1,Male,9,20-24 years,493,Ischemic heart disease,102,High alcohol use,1,Number,2019,-7.849600122334946,5.672837567107445,-23.205802839339256
1,All Population,1,Deaths,4871,Telangana,2,Female,9,20-24 years,493,Ischemic heart disease,102,High alcohol use,1,Number,2019,-0.23260078971285653,0.24551948052395683,-0.8354788441983081
1,All Population,1,Deaths,4856,Karnataka,1,Male,9,20-24 years,494,Stroke,102,High alcohol use,1,Number,2021,0.32171149892148654,1.1218114634953518,-0.04853287768101919
1,All Population,1,Deaths,4856,Karnataka,2,Female,9,20-24 years,494,Stroke,102,High alcohol use,1,Number,2021,-0.006936707725855616,0.010090682036245649,-0.03131431189546805
1,All Population,1,Deaths,4851,Gujarat,1,Male,9,20-24 years,498,Hypertensive heart disease,102,High alcohol use,1,Number,2020,0.08187771995309409,0.18494265166834148,0.02701357719807023
1,All Population,1,Deaths,4851,Gujarat,2,Female,9,20-24 years,498,Hypertensive heart disease,102,High alcohol use,1,Number,2020,0.0009393250862054376,0.002578439340162806,0.00012427965293068424
1,All Population,1,Deaths,4849,Delhi,1,Male,9,20-24 years,493,Ischemic heart disease,102,High alcohol use,1,Number,2020,-0.7615888090812812,0.6033710222922282,-2.34849480269264
1,All Population,1,Deaths,4849,Delhi,2,Female,9,20-24 years,493,Ischemic heart disease,102,High alcohol use,1,Number,2020,-0.019200168874389967,0.016909139889687026,-0.07401160222722808
1,All Population,1,Deaths,4850,Goa,1,Male,9,20-24 years,494,Stroke,102,High alcohol use,1,Number,2022,0.02093877885431355,0.06848471237109516,-0.002922366037369377
1,All Population,1,Deaths,4850,Goa,2,Female,9,20-24 years,494,Stroke,102,High alcohol use,1,Number,2022,-0.00025248075338127037,0.0003202337109657368,-0.001097129429485101
1,All Population,1,Deaths,4860,Maharashtra,1,Male,9,20-24 years,498,Hypertensive heart disease,102,High alcohol use,1,Number,2020,0.20669480719959024,0.42771261423862594,0.08541951292249912
1,All Population,1,Deaths,4860,Maharashtra,2,Female,9,20-24 years,498,Hypertensive heart disease,102,High alcohol use,1,Number,2020,0.0011963680614095092,0.0028966528947902263,0.00019960313912744982
1,All Population,1,Deaths,4843,Assam,1,Male,9,20-24 years,499,Cardiomyopathy and myocarditis,102,High alcohol use,1,Number,2022,0.15936767174785973,0.5522682329368924,0.02723877684771851
1,All Population,1,Deaths,4843,Assam,2,Female,9,20-24 years,499,Cardiomyopathy and myocarditis,102,High alcohol use,1,Number,2022,0.08491012866721784,0.35032345954001726,0.009875652943568333
1,All Population,1,Deaths,4846,Chhattisgarh,1,Male,9,20-24 years,494,Stroke,332,Chewing tobacco,1,Number,2022,5.734190550474354,12.349667723719193,1.7755401198028702
1,All Population,1,Deaths,4846,Chhattisgarh,2,Female,9,20-24 years,494,Stroke,332,Chewing tobacco,1,Number,2022,1.1533366704153563,2.879886561007737,0.3040731166290222
1,All Population,1,Deaths,4865,Odisha,1,Male,9,20-24 years,498,Hypertensive heart disease,102,High alcohol use,1,Number,2019,0.10938090752715242,0.22736661169522862,0.04127312080194434
1,All Population,1,Deaths,4865,Odisha,2,Female,9,20-24 years,498,Hypertensive heart disease,102,High alcohol use,1,Number,2019,0.004077243803600051,0.011111956146580407,0.0006062591772739931
1,All Population,1,Deaths,4859,Madhya Pradesh,1,Male,9,20-24 years,494,Stroke,102,High alcohol use,1,Number,2020,0.43458824680351843,1.597962823521518,-0.0584708901297315
1,All Population,1,Deaths,4859,Madhya Pradesh,2,Female,9,20-24 years,494,Stroke,102,High alcohol use,1,Number,2020,-0.006820426486114052,0.011730372883645694,-0.025579868144037864
1,All Population,1,Deaths,4857,Kerala,1,Male,9,20-24 years,493,Ischemic heart disease,102,High alcohol use,1,Number,2021,-0.9073599163328177,0.7343129028424461,-2.824090211816284
1,All Population,1,Deaths,4857,Kerala,2,Female,9,20-24 years,493,Ischemic heart disease,102,High alcohol use,1,Number,2021,-0.019142803390382917,0.01672273497303236,-0.06189218508312596
1,All Population,1,Deaths,4850,Goa,1,Male,9,20-24 years,494,Stroke,332,Chewing tobacco,1,Number,2021,0.031310402056594834,0.08216983503153813,0.007809306380505349
1,All Population,1,Deaths,4850,Goa,2,Female,9,20-24 years,494,Stroke,332,Chewing tobacco,1,Number,2021,0.0026615131658297847,0.008741946887460557,0.0005803443509897943
1,All Population,1,Deaths,4857,Kerala,1,Male,9,20-24 years,494,Stroke,102,High alcohol use,1,Number,2019,0.18430444897901713,0.5669016697875872,-0.02181931988416241
1,All Population,1,Deaths,4857,Kerala,2,Female,9,20-24 years,494,Stroke,102,High alcohol use,1,Number,2019,-0.0015609281257702755,0.0018870435702070735,-0.004911990783299189
1,All Population,1,Deaths,4867,Punjab,1,Male,9,20-24 years,494,Stroke,102,High alcohol use,1,Number,2019,0.14493403729959153,0.47768844593923737,-0.01786476889053247
1,All Population,1,Deaths,4867,Punjab,2,Female,9,20-24 years,494,Stroke,102,High alcohol use,1,Number,2019,-0.0005575768558188003,0.0008311591854395813,-0.0019491996680902303
1,All Population,1,Deaths,4874,Uttarakhand,1,Male,9,20-24 years,499,Cardiomyopathy and myocarditis,102,High alcohol use,1,Number,2021,0.07867874095327936,0.27717919115834977,0.01266093700144763
1,All Population,1,Deaths,4874,Uttarakhand,2,Female,9,20-24 years,499,Cardiomyopathy and myocarditis,102,High alcohol use,1,Number,2021,0.05010816394605799,0.2179045974828594,0.006469158372838735
1,All Population,1,Deaths,4854,Jammu & Kashmir and Ladakh,1,Male,9,20-24 years,499,Cardiomyopathy and myocarditis,102,High alcohol use,1,Number,2021,0.0507891815399415,0.1798392347402817,0.007998177774447463
1,All Population,1,Deaths,4854,Jammu & Kashmir and Ladakh,2,Female,9,20-24 years,499,Cardiomyopathy and myocarditis,102,High alcohol use,1,Number,2021,0.01760867079800066,0.05644317008507142,0.002433672832676076
1,All Population,1,Deaths,4853,Himachal Pradesh,1,Male,9,20-24 years,494,Stroke,102,High alcohol use,1,Number,2021,0.022154446189010732,0.08151424185221492,-0.0027199854750633396
1,All Population,1,Deaths,4853,Himachal Pradesh,2,Female,9,20-24 years,494,Stroke,102,High alcohol use,1,Number,2021,-0.00014641924140960664,0.0002442888420264482,-0.0005938287832302575
1,All Population,1,Deaths,44538,Other Union Territories,1,Male,9,20-24 years,498,Hypertensive heart disease,102,High alcohol use,1,Number,2020,0.012259932689756205,0.025393137225473192,0.004878120465264698
1,All Population,1,Deaths,44538,Other Union Territories,2,Female,9,20-24 years,498,Hypertensive heart disease,102,High alcohol use,1,Number,2020,0.0001885306552674312,0.0005473159140059753,2.786577076344453e-05
1,All Population,1,Deaths,4856,Karnataka,1,Male,9,20-24 years,499,Cardiomyopathy and myocarditis,102,High alcohol use,1,Number,2019,0.32696793132126467,1.0462190555001476,0.06338179955820107
1,All Population,1,Deaths,4856,Karnataka,2,Female,9,20-24 years,499,Cardiomyopathy and myocarditis,102,High alcohol use,1,Number,2019,0.05599877065118006,0.19716387443504865,0.007482615938272645
1,All Population,1,Deaths,4852,Haryana,1,Male,9,20-24 years,494,Stroke,102,High alcohol use,1,Number,2021,0.01593708976524025,0.22496497438296306,-0.08418742859637295
1,All Population,1,Deaths,4852,Haryana,2,Female,9,20-24 years,494,Stroke,102,High alcohol use,1,Number,2021,-0.0010291002198576404,0.0013713406967431631,-0.003829724375164249
1,All Population,1,Deaths,4844,Bihar,1,Male,9,20-24 years,494,Stroke,102,High alcohol use,1,Number,2021,0.26629163834925357,1.0390657202285456,-0.03352414856858036
1,All Population,1,Deaths,4844,Bihar,2,Female,9,20-24 years,494,Stroke,102,High alcohol use,1,Number,2021,-0.002549815236038331,0.003341805697402529,-0.011512775755644395
1,All Population,1,Deaths,4857,Kerala,1,Male,9,20-24 years,494,Stroke,102,High alcohol use,1,Number,2020,0.17255021751311916,0.561535427577222,-0.01999560296292993
1,All Population,1,Deaths,4857,Kerala,2,Female,9,20-24 years,494,Stroke,102,High alcohol use,1,Number,2020,-0.0014209600246846206,0.001753261533376981,-0.004533261421857818
1,All Population,1,Deaths,4867,Punjab,1,Male,9,20-24 years,494,Stroke,102,High alcohol use,1,Number,2017,0.18971605515286183,0.6462229995756649,-0.025232639200562883
1,All Population,1,Deaths,4867,Punjab,2,Female,9,20-24 years,494,Stroke,102,High alcohol use,1,Number,2017,-0.0005798576644445004,0.0008482174554211782,-0.0020904337607023787
1,All Population,1,Deaths,4855,Jharkhand,1,Male,9,20-24 years,498,Hypertensive heart disease,102,High alcohol use,1,Number,2020,0.09176385242755317,0.1833971529815521,0.03367142548939132
1,All Population,1,Deaths,4855,Jharkhand,2,Female,9,20-24 years,498,Hypertensive heart disease,102,High alcohol use,1,Number,2020,0.004201008783694754,0.01137285957402931,0.0005490010491209377
1,All Population,1,Deaths,4855,Jharkhand,1,Male,9,20-24 years,494,Stroke,332,Chewing tobacco,1,Number,2021,2.0014171852585054,4.0144963514202185,0.6864092846000107
1,All Population,1,Deaths,4855,Jharkhand,2,Female,9,20-24 years,494,Stroke,332,Chewing tobacco,1,Number,2021,0.35362803369851614,1.0096970715807303,0.08149846186919489
1,All Population,1,Deaths,4875,West Bengal,1,Male,9,20-24 years,494,Stroke,102,High alcohol use,1,Number,2020,0.4692787058133373,1.515624371574361,-0.05459414786620401
1,All Population,1,Deaths,4875,West Bengal,2,Female,9,20-24 years,494,Stroke,102,High alcohol use,1,Number,2020,-0.004739067621505868,0.006944207417338464,-0.017921372626769023
1,All Population,1,Deaths,4873,Uttar Pradesh,1,Male,9,20-24 years,499,Cardiomyopathy and myocarditis,102,High alcohol use,1,Number,2019,1.3727868326405872,4.312508728133076,0.21397080148448788
1,All Population,1,Deaths,4873,Uttar Pradesh,2,Female,9,20-24 years,499,Cardiomyopathy and myocarditis,102,High alcohol use,1,Number,2019,0.7912993636524734,2.8128989786031853,0.09464427230287804
1,All Population,1,Deaths,4844,Bihar,1,Male,9,20-24 years,499,Cardiomyopathy and myocarditis,102,High alcohol use,1,Number,2019,0.47373034759265975,1.4965152566922895,0.07273458322100435
1,All Population,1,Deaths,4844,Bihar,2,Female,9,20-24 years,499,Cardiomyopathy and myocarditis,102,High alcohol use,1,Number,2019,0.19233595422614472,0.7936736598413081,0.02384696119031474
1,All Population,1,Deaths,4844,Bihar,1,Male,9,20-24 years,493,Ischemic heart disease,102,High alcohol use,1,Number,2020,-1.9815578636003732,1.5461507165692803,-6.026771687079636
1,All Population,1,Deaths,4844,Bihar,2,Female,9,20-24 years,493,Ischemic heart disease,102,High alcohol use,1,Number,2020,-0.048790317168075206,0.03332011702131495,-0.17837180363236857
1,All Population,1,Deaths,4849,Delhi,1,Male,9,20-24 years,499,Cardiomyopathy and myocarditis,102,High alcohol use,1,Number,2019,0.10189715557064535,0.3085206568035624,0.020044175085214715
1,All Population,1,Deaths,4849,Delhi,2,Female,9,20-24 years,499,Cardiomyopathy and myocarditis,102,High alcohol use,1,Number,2019,0.04587778541646605,0.1453724043653638,0.008807027926200799
1,All Population,1,Deaths,4841,Andhra Pradesh,1,Male,9,20-24 years,493,Ischemic heart disease,102,High alcohol use,1,Number,2022,-2.692189004970746,1.8819760224358384,-8.144064420429979
1,All Population,1,Deaths,4841,Andhra Pradesh,2,Female,9,20-24 years,493,Ischemic heart disease,102,High alcohol use,1,Number,2022,-0.06158431614259437,0.05552220995393813,-0.21778618400074307
1,All Population,1,Deaths,4855,Jharkhand,1,Male,9,20-24 years,493,Ischemic heart disease,102,High alcohol use,1,Number,2020,-0.5547280488675137,0.4240593778064147,-1.7519749093299242
1,All Population,1,Deaths,4855,Jharkhand,2,Female,9,20-24 years,493,Ischemic heart disease,102,High alcohol use,1,Number,2020,-0.09528782225027661,0.062043358182411044,-0.3639182497964968
1,All Population,1,Deaths,4873,Uttar Pradesh,1,Male,9,20-24 years,493,Ischemic heart disease,102,High alcohol use,1,Number,2020,-2.4549108082787487,1.7806722024911625,-7.745649115237744
1,All Population,1,Deaths,4873,Uttar Pradesh,2,Female,9,20-24 years,493,Ischemic heart disease,102,High alcohol use,1,Number,2020,-0.08732370944056665,0.06002584822369017,-0.34633989284477495
1,All Population,1,Deaths,4846,Chhattisgarh,1,Male,9,20-24 years,498,Hypertensive heart disease,102,High alcohol use,1,Number,2021,0.3383225889389657,0.7177621375228214,0.12237435025790205
1,All Population,1,Deaths,4846,Chhattisgarh,2,Female,9,20-24 years,498,Hypertensive heart disease,102,High alcohol use,1,Number,2021,0.0049540462428593855,0.013388933036394823,0.0006621047756357522
1,All Population,1,Deaths,4854,Jammu & Kashmir and Ladakh,1,Male,9,20-24 years,498,Hypertensive heart disease,102,High alcohol use,1,Number,2022,0.009889396860763065,0.02111622368490887,0.003445804567058529
1,All Population,1,Deaths,4854,Jammu & Kashmir and Ladakh,2,Female,9,20-24 years,498,Hypertensive heart disease,102,High alcohol use,1,Number,2022,0.00016982171322771185,0.000489908576551337,1.7842680453923936e-05
1,All Population,1,Deaths,4868,Rajasthan,1,Male,9,20-24 years,494,Stroke,102,High alcohol use,1,Number,2020,0.11810101388237192,0.42793760202351067,-0.014215950380934348
1,All Population,1,Deaths,4868,Rajasthan,2,Female,9,20-24 years,494,Stroke,102,High alcohol use,1,Number,2020,-0.0016521267196059365,0.0022972313540202214,-0.007004122635196217
1,All Population,1,Deaths,44538,Other Union Territories,1,Male,9,20-24 years,494,Stroke,102,High alcohol use,1,Number,2021,0.021660996674837545,0.07615263957866646,-0.0025905411712774866
1,All Population,1,Deaths,44538,Other Union Territories,2,Female,9,20-24 years,494,Stroke,102,High alcohol use,1,Number,2021,-0.00031209251497025647,0.0004983660470150514,-0.0013302720109569387
1,All Population,1,Deaths,44538,Other Union Territories,1,Male,9,20-24 years,494,Stroke,332,Chewing tobacco,1,Number,2021,0.07531530912584737,0.18092358866259012,0.022656593633783754
1,All Population,1,Deaths,44538,Other Union Territories,2,Female,9,20-24 years,494,Stroke,332,Chewing tobacco,1,Number,2021,0.010901703393388093,0.031156758998259704,0.0022716280401117485
1,All Population,1,Deaths,4860,Maharashtra,1,Male,9,20-24 years,493,Ischemic heart disease,102,High alcohol use,1,Number,2019,-2.487063402616577,2.4864097018932085,-7.431838547067676
1,All Population,1,Deaths,4860,Maharashtra,2,Female,9,20-24 years,493,Ischemic heart disease,102,High alcohol use,1,Number,2019,-0.026136389218900734,0.026964855786159217,-0.08891731324741053
1,All Population,1,Deaths,4865,Odisha,1,Male,9,20-24 years,499,Cardiomyopathy and myocarditis,102,High alcohol use,1,Number,2020,0.14124662446106545,0.45673292039620217,0.022558381677295986
1,All Population,1,Deaths,4865,Odisha,2,Female,9,20-24 years,499,Cardiomyopathy and myocarditis,102,High alcohol use,1,Number,2020,0.10209312045737778,0.4127746719958235,0.010302305504864068
1,All Population,1,Deaths,4841,Andhra Pradesh,1,Male,9,20-24 years,494,Stroke,332,Chewing tobacco,1,Number,2021,0.37753784512811284,0.799750552137448,0.13279425922548443
1,All Population,1,Deaths,4841,Andhra Pradesh,2,Female,9,20-24 years,494,Stroke,332,Chewing tobacco,1,Number,2021,0.10665855106557269,0.3519048325797776,0.020497880060598488
1,All Population,1,Deaths,4852,Haryana,1,Male,9,20-24 years,494,Stroke,332,Chewing tobacco,1,Number,2021,0.8394771776848999,2.0685198814335575,0.2331246664888418
1,All Population,1,Deaths,4852,Haryana,2,Female,9,20-24 years,494,Stroke,332,Chewing tobacco,1,Number,2021,0.05004333360812937,0.15227557776855102,0.011176576114161462
1,All Population,1,Deaths,4843,Assam,1,Male,9,20-24 years,494,Stroke,102,High alcohol use,1,Number,2021,0.712643443191305,2.2821705251264404,-0.07855282149480998
1,All Population,1,Deaths,4843,Assam,2,Female,9,20-24 years,494,Stroke,102,High alcohol use,1,Number,2021,-0.013917839255553925,0.02512701291888092,-0.05285839882134603
1,All Population,1,Deaths,4859,Madhya Pradesh,1,Male,9,20-24 years,498,Hypertensive heart disease,102,High alcohol use,1,Number,2020,0.2309529159699068,0.5058446278958165,0.08446018115249547
1,All Population,1,Deaths,4859,Madhya Pradesh,2,Female,9,20-24 years,498,Hypertensive heart disease,102,High alcohol use,1,Number,2020,0.0030188404628349328,0.00831235433514393,0.0004539135355321769
1,All Population,1,Deaths,4868,Rajasthan,1,Male,9,20-24 years,498,Hypertensive heart disease,102,High alcohol use,1,Number,2020,0.10235186819974121,0.214293354208898,0.03680144136367075
1,All Population,1,Deaths,4868,Rajasthan,2,Female,9,20-24 years,498,Hypertensive heart disease,102,High alcohol use,1,Number,2020,0.001487887066917511,0.0038161472431162114,0.0002113822226586211
1,All Population,1,Deaths,4873,Uttar Pradesh,1,Male,9,20-24 years,494,Stroke,102,High alcohol use,1,Number,2019,0.0191612766465373,0.6687894493909227,-0.4550421302159159
1,All Population,1,Deaths,4873,Uttar Pradesh,2,Female,9,20-24 years,494,Stroke,102,High alcohol use,1,Number,2019,-0.009894037867609961,0.013986027714353989,-0.04130509079764576
1,All Population,1,Deaths,4861,Manipur,1,Male,9,20-24 years,494,Stroke,102,High alcohol use,1,Number,2021,0.04410613426207408,0.151572328921309,-0.005610867095973842
1,All Population,1,Deaths,4861,Manipur,2,Female,9,20-24 years,494,Stroke,102,High alcohol use,1,Number,2021,-0.00125320027062545,0.002333353055976729,-0.005214760345147644
1,All Population,1,Deaths,4854,Jammu & Kashmir and Ladakh,1,Male,9,20-24 years,494,Stroke,102,High alcohol use,1,Number,2022,0.010637824826943285,0.04113156102756664,-0.0013941810479581075
1,All Population,1,Deaths,4854,Jammu & Kashmir and Ladakh,2,Female,9,20-24 years,494,Stroke,102,High alcohol use,1,Number,2022,-0.00014511934664517345,0.00017025824309257735,-0.0006334074213788842
1,All Population,1,Deaths,4853,Himachal Pradesh,1,Male,9,20-24 years,493,Ischemic heart disease,102,High alcohol use,1,Number,2020,-0.29125338540800133,0.23887862852666175,-0.9126347381512114
1,All Population,1,Deaths,4853,Himachal Pradesh,2,Female,9,20-24 years,493,Ischemic heart disease,102,High alcohol use,1,Number,2020,-0.004402486356497349,0.0036762873710585583,-0.01512324674585747
1,All Population,1,Deaths,4860,Maharashtra,1,Male,9,20-24 years,494,Stroke,332,Chewing tobacco,1,Number,2021,5.212353968500033,9.827033577203,2.299267289680674
1,All Population,1,Deaths,4860,Maharashtra,2,Female,9,20-24 years,494,Stroke,332,Chewing tobacco,1,Number,2021,0.7918114027816202,1.9912312014316347,0.20900146426942035
1,All Population,1,Deaths,4864,Nagaland,1,Male,9,20-24 years,494,Stroke,332,Chewing tobacco,1,Number,2020,0.35531000576391003,0.6978184855337982,0.12866232812225595
1,All Population,1,Deaths,4864,Nagaland,2,Female,9,20-24 years,494,Stroke,332,Chewing tobacco,1,Number,2020,0.1560981864175599,0.34479710517019874,0.060227634618537126
1,All Population,1,Deaths,4841,Andhra Pradesh,1,Male,9,20-24 years,498,Hypertensive heart disease,102,High alcohol use,1,Number,2020,0.16844449380857585,0.35076842621189486,0.06873008491103724
1,All Population,1,Deaths,4841,Andhra Pradesh,2,Female,9,20-24 years,498,Hypertensive heart disease,102,High alcohol use,1,Number,2020,0.002847957024910356,0.008054285249056437,0.00036405296365017107
1,All Population,1,Deaths,4860,Maharashtra,1,Male,9,20-24 years,494,Stroke,102,High alcohol use,1,Number,2021,0.5870283045342304,2.2329590026809116,-0.08982366044347312
1,All Population,1,Deaths,4860,Maharashtra,2,Female,9,20-24 years,494,Stroke,102,High alcohol use,1,Number,2021,-0.002493679005393237,0.004231967833026552,-0.009581390623066734
1,All Population,1,Deaths,4864,Nagaland,1,Male,9,20-24 years,498,Hypertensive heart disease,102,High alcohol use,1,Number,2019,0.009842157780094183,0.019605785056804576,0.0036950961303500183
1,All Population,1,Deaths,4864,Nagaland,2,Female,9,20-24 years,498,Hypertensive heart disease,102,High alcohol use,1,Number,2019,0.0003422806851294965,0.0008603928492274273,5.241747484392726e-05
1,All Population,1,Deaths,4856,Karnataka,1,Male,9,20-24 years,498,Hypertensive heart disease,102,High alcohol use,1,Number,2021,0.17599342213327673,0.35907291159859467,0.06299239044676032
1,All Population,1,Deaths,4856,Karnataka,2,Female,9,20-24 years,498,Hypertensive heart disease,102,High alcohol use,1,Number,2021,0.0038673830838831472,0.009191047322752548,0.0006538131932416326
1,All Population,1,Deaths,4869,Sikkim,1,Male,9,20-24 years,499,Cardiomyopathy and myocarditis,102,High alcohol use,1,Number,2021,0.0032250339344587543,0.01108100040425954,0.0005554216786495198
1,All Population,1,Deaths,4869,Sikkim,2,Female,9,20-24 years,499,Cardiomyopathy and myocarditis,102,High alcohol use,1,Number,2021,0.0014503930862739497,0.00509351671667755,0.00022286367340370393
1,All Population,1,Deaths,4842,Arunachal Pradesh,1,Male,9,20-24 years,498,Hypertensive heart disease,102,High alcohol use,1,Number,2020,0.01141748179403569,0.021974322629759853,0.00438641616625852
1,All Population,1,Deaths,4842,Arunachal Pradesh,2,Female,9,20-24 years,498,Hypertensive heart disease,102,High alcohol use,1,Number,2020,0.001382075298870145,0.0036248219820184855,0.0002002407900866446
1,All Population,1,Deaths,4862,Meghalaya,1,Male,9,20-24 years,499,Cardiomyopathy and myocarditis,102,High alcohol use,1,Number,2020,0.034135891905711625,0.12286775578139339,0.0046692066767234424
1,All Population,1,Deaths,4862,Meghalaya,2,Female,9,20-24 years,499,Cardiomyopathy and myocarditis,102,High alcohol use,1,Number,2020,0.012929456971814418,0.052768315759051845,0.001782412310308159
1,All Population,1,Deaths,4861,Manipur,1,Male,9,20-24 years,498,Hypertensive heart disease,102,High alcohol use,1,Number,2021,0.016476912647140973,0.03240747371432648,0.006223955300785457
1,All Population,1,Deaths,4861,Manipur,2,Female,9,20-24 years,498,Hypertensive heart disease,102,High alcohol use,1,Number,2021,0.0006914830585510264,0.0019024595001036,9.784045612335888e-05
1,All Population,1,Deaths,4864,Nagaland,1,Male,9,20-24 years,499,Cardiomyopathy and myocarditis,102,High alcohol use,1,Number,2021,0.01643430682789797,0.05602922277821559,0.0031747943438580582
1,All Population,1,Deaths,4864,Nagaland,2,Female,9,20-24 years,499,Cardiomyopathy and myocarditis,102,High alcohol use,1,Number,2021,0.006767743667353407,0.026837278634092736,0.00089378745487469
1,All Population,1,Deaths,4855,Jharkhand,1,Male,9,20-24 years,499,Cardiomyopathy and myocarditis,102,High alcohol use,1,Number,2020,0.1438065728325723,0.5027252665648064,0.027537457121033473
1,All Population,1,Deaths,4855,Jharkhand,2,Female,9,20-24 years,499,Cardiomyopathy and myocarditis,102,High alcohol use,1,Number,2020,0.07548626410665599,0.2781648076085042,0.009691006521851642
1,All Population,1,Deaths,44538,Other Union Territories,1,Male,9,20-24 years,493,Ischemic heart disease,102,High alcohol use,1,Number,2021,-0.3386403263265403,0.3074884837946072,-0.9541487815224667
1,All Population,1,Deaths,44538,Other Union Territories,2,Female,9,20-24 years,493,Ischemic heart disease,102,High alcohol use,1,Number,2021,-0.009520063399518974,0.009364587189648277,-0.038874583382778514
1,All Population,1,Deaths,4873,Uttar Pradesh,1,Male,9,20-24 years,499,Cardiomyopathy and myocarditis,102,High alcohol use,1,Number,2020,1.329037683071404,4.075335901400718,0.1907554863522102
1,All Population,1,Deaths,4873,Uttar Pradesh,2,Female,9,20-24 years,499,Cardiomyopathy and myocarditis,102,High alcohol use,1,Number,2020,0.7590785330304106,2.9046645340878046,0.09660308264175055
1,All Population,1,Deaths,4872,Tripura,1,Male,9,20-24 years,498,Hypertensive heart disease,102,High alcohol use,1,Number,2021,0.014572714791943837,0.032239573788002754,0.005476153471012247
1,All Population,1,Deaths,4872,Tripura,2,Female,9,20-24 years,498,Hypertensive heart disease,102,High alcohol use,1,Number,2021,0.0007299299240571106,0.002021719969683015,9.937652089467999e-05
1,All Population,1,Deaths,4875,West Bengal,1,Male,9,20-24 years,499,Cardiomyopathy and myocarditis,102,High alcohol use,1,Number,2020,0.37526243517509966,1.3352476171044796,0.06332679746975046
1,All Population,1,Deaths,4875,West Bengal,2,Female,9,20-24 years,499,Cardiomyopathy and myocarditis,102,High alcohol use,1,Number,2020,0.11742817467348149,0.34446070157589154,0.01932353011973022
1,All Population,1,Deaths,4863,Mizoram,1,Male,9,20-24 years,494,Stroke,332,Chewing tobacco,1,Number,2022,0.024586028579785254,0.06825208442434062,0.007420025997142634
1,All Population,1,Deaths,4863,Mizoram,2,Female,9,20-24 years,494,Stroke,332,Chewing tobacco,1,Number,2022,0.032035962619403224,0.08030066576980605,0.010347792696381766
1,All Population,1,Deaths,4861,Manipur,1,Male,9,20-24 years,493,Ischemic heart disease,102,High alcohol use,1,Number,2022,-0.18926212928773117,0.12960458714074288,-0.6301588088431912
1,All Population,1,Deaths,4861,Manipur,2,Female,9,20-24 years,493,Ischemic heart disease,102,High alcohol use,1,Number,2022,-0.016583605073983234,0.013963976671223384,-0.05851620263033566
1,All Population,1,Deaths,4870,Tamil Nadu,1,Male,9,20-24 years,499,Cardiomyopathy and myocarditis,102,High alcohol use,1,Number,2022,0.30047910647390097,0.9858402671904947,0.06234848197040669
1,All Population,1,Deaths,4870,Tamil Nadu,2,Female,9,20-24 years,499,Cardiomyopathy and myocarditis,102,High alcohol use,1,Number,2022,0.0918615334071838,0.3414533328201732,0.014891822027127797
1,All Population,1,Deaths,4863,Mizoram,1,Male,9,20-24 years,493,Ischemic heart disease,102,High alcohol use,1,Number,2020,-0.01650297099821515,0.012457586714532586,-0.050880883585323
1,All Population,1,Deaths,4863,Mizoram,2,Female,9,20-24 years,493,Ischemic heart disease,102,High alcohol use,1,Number,2020,-0.0015996591404103843,0.001584647138729381,-0.005667321738569009
1,All Population,1,Deaths,4849,Delhi,1,Male,9,20-24 years,498,Hypertensive heart disease,102,High alcohol use,1,Number,2020,0.03736762357333996,0.07753894327417206,0.012704524385212168
1,All Population,1,Deaths,4849,Delhi,2,Female,9,20-24 years,498,Hypertensive heart disease,102,High alcohol use,1,Number,2020,0.0005792118447104635,0.0015883249926355856,8.284972698185989e-05
1,All Population,1,Deaths,4841,Andhra Pradesh,1,Male,9,20-24 years,499,Cardiomyopathy and myocarditis,102,High alcohol use,1,Number,2022,0.22091964600797642,0.7640249083209103,0.04088887029246348
1,All Population,1,Deaths,4841,Andhra Pradesh,2,Female,9,20-24 years,499,Cardiomyopathy and myocarditis,102,High alcohol use,1,Number,2022,0.06172324816521721,0.21548592914667714,0.009114311602284604
1,All Population,1,Deaths,4859,Madhya Pradesh,1,Male,9,20-24 years,493,Ischemic heart disease,102,High alcohol use,1,Number,2022,-4.160102176443296,2.8498572876511266,-12.276543634733907
1,All Population,1,Deaths,4859,Madhya Pradesh,2,Female,9,20-24 years,493,Ischemic heart disease,102,High alcohol use,1,Number,2022,-0.12664618908606262,0.1077436123233309,-0.441097524737134
1,All Population,1,Deaths,4850,Goa,1,Male,9,20-24 years,493,Ischemic heart disease,102,High alcohol use,1,Number,2022,-0.3071591919916149,0.21292942677911186,-0.9846189933920169
1,All Population,1,Deaths,4850,Goa,2,Female,9,20-24 years,493,Ischemic heart disease,102,High alcohol use,1,Number,2022,-0.007391984764835995,0.006245360022143957,-0.024665781122967544
1,All Population,1,Deaths,4846,Chhattisgarh,1,Male,9,20-24 years,494,Stroke,102,High alcohol use,1,Number,2022,0.8086116488255618,3.028458094982345,-0.11706514748445768
1,All Population,1,Deaths,4846,Chhattisgarh,2,Female,9,20-24 years,494,Stroke,102,High alcohol use,1,Number,2022,-0.012657501080581881,0.01868742029993328,-0.06027742318357528
1,All Population,1,Deaths,4871,Telangana,1,Male,9,20-24 years,493,Ischemic heart disease,102,High alcohol use,1,Number,2020,-7.522488979043019,5.31878530725446,-22.414204349120297
1,All Population,1,Deaths,4871,Telangana,2,Female,9,20-24 years,493,Ischemic heart disease,102,High alcohol use,1,Number,2020,-0.1918138904815748,0.19312225258619398,-0.6725550213324821
1,All Population,1,Deaths,4857,Kerala,1,Male,9,20-24 years,494,Stroke,332,Chewing tobacco,1,Number,2022,0.39802478019845217,1.0858032722414872,0.09902471949191516
1,All Population,1,Deaths,4857,Kerala,2,Female,9,20-24 years,494,Stroke,332,Chewing tobacco,1,Number,2022,0.039034003452927214,0.11588656874526639,0.00908107981706515
1,All Population,1,Deaths,4843,Assam,1,Male,9,20-24 years,494,Stroke,332,Chewing tobacco,1,Number,2022,3.76349203641405,8.06065423189934,1.2718056485472555
1,All Population,1,Deaths,4843,Assam,2,Female,9,20-24 years,494,Stroke,332,Chewing tobacco,1,Number,2022,1.371032491859302,3.1175679296024446,0.4265530140575832
1,All Population,1,Deaths,4851,Gujarat,1,Male,9,20-24 years,494,Stroke,332,Chewing tobacco,1,Number,2021,6.6455321579138396,14.293058364770326,2.1095136696425976
1,All Population,1,Deaths,4851,Gujarat,2,Female,9,20-24 years,494,Stroke,332,Chewing tobacco,1,Number,2021,0.5634503219313878,1.5531541763198036,0.15304113442030134
1,All Population,1,Deaths,4864,Nagaland,1,Male,9,20-24 years,493,Ischemic heart disease,102,High alcohol use,1,Number,2020,-0.09208951738553492,0.0763278450187672,-0.28540923529857476
1,All Population,1,Deaths,4864,Nagaland,2,Female,9,20-24 years,493,Ischemic heart disease,102,High alcohol use,1,Number,2020,-0.01141451070802795,0.010835773592356417,-0.03901701310629599
1,All Population,1,Deaths,4842,Arunachal Pradesh,1,Male,9,20-24 years,494,Stroke,102,High alcohol use,1,Number,2022,0.022896234360253426,0.07633007286863237,-0.0031066498234633665
1,All Population,1,Deaths,4842,Arunachal Pradesh,2,Female,9,20-24 years,494,Stroke,102,High alcohol use,1,Number,2022,-0.0020242575201885648,0.003481329648397733,-0.00894284930932129
1,All Population,1,Deaths,4868,Rajasthan,1,Male,9,20-24 years,493,Ischemic heart disease,102,High alcohol use,1,Number,2022,-1.5994468994947753,1.2280288427050596,-5.377278251132218
1,All Population,1,Deaths,4868,Rajasthan,2,Female,9,20-24 years,493,Ischemic heart disease,102,High alcohol use,1,Number,2022,-0.03368936369620831,0.028884937722599174,-0.11814837657746263
1,All Population,1,Deaths,4852,Haryana,1,Male,9,20-24 years,493,Ischemic heart disease,102,High alcohol use,1,Number,2022,-0.9036644133341005,0.7083142833987481,-2.8312400773928563
1,All Population,1,Deaths,4852,Haryana,2,Female,9,20-24 years,493,Ischemic heart disease,102,High alcohol use,1,Number,2022,-0.008693216075078546,0.008384079081177546,-0.03131047879056469
1,All Population,1,Deaths,4865,Odisha,1,Male,9,20-24 years,494,Stroke,102,High alcohol use,1,Number,2022,0.3916404070447471,1.326298095510455,-0.04704238176523809
1,All Population,1,Deaths,4865,Odisha,2,Female,9,20-24 years,494,Stroke,102,High alcohol use,1,Number,2022,-0.010345971553454212,0.018673062431608798,-0.045092526693421286
1,All Population,1,Deaths,4874,Uttarakhand,1,Male,9,20-24 years,494,Stroke,102,High alcohol use,1,Number,2022,0.05834664655012943,0.20239640517660618,-0.007394897424657426
1,All Population,1,Deaths,4874,Uttarakhand,2,Female,9,20-24 years,494,Stroke,102,High alcohol use,1,Number,2022,-0.0003914986756123843,0.00043096412711401207,-0.001759059023837922
1,All Population,1,Deaths,4872,Tripura,1,Male,9,20-24 years,494,Stroke,332,Chewing tobacco,1,Number,2022,0.32151495567029903,0.7845818542681126,0.09714447088009567
1,All Population,1,Deaths,4872,Tripura,2,Female,9,20-24 years,494,Stroke,332,Chewing tobacco,1,Number,2022,0.37930351669312157,0.9072245592366317,0.11983185925051264
1,All Population,1,Deaths,4868,Rajasthan,1,Male,9,20-24 years,494,Stroke,102,High alcohol use,1,Number,2021,0.12290668198605854,0.4596306628110417,-0.01597585177149011
1,All Population,1,Deaths,4868,Rajasthan,2,Female,9,20-24 years,494,Stroke,102,High alcohol use,1,Number,2021,-0.0018552279286941959,0.0022979071425612203,-0.008268924264310943
1,All Population,1,Deaths,4871,Telangana,1,Male,9,20-24 years,494,Stroke,332,Chewing tobacco,1,Number,2021,0.7513592611197419,1.7358603203608534,0.17835875632493614
1,All Population,1,Deaths,4871,Telangana,2,Female,9,20-24 years,494,Stroke,332,Chewing tobacco,1,Number,2021,0.11076741590522726,0.34353095315403426,0.02412169812350386
1,All Population,1,Deaths,4867,Punjab,1,Male,9,20-24 years,498,Hypertensive heart disease,102,High alcohol use,1,Number,2021,0.08683580054621567,0.17854565379770262,0.036324773152284016
1,All Population,1,Deaths,4867,Punjab,2,Female,9,20-24 years,498,Hypertensive heart disease,102,High alcohol use,1,Number,2021,0.0005927543446865661,0.001759464856866044,7.99127746096957e-05
1,All Population,1,Deaths,4870,Tamil Nadu,1,Male,9,20-24 years,494,Stroke,332,Chewing tobacco,1,Number,2022,0.6458189530651375,1.9555386613809402,0.15321527916683517
1,All Population,1,Deaths,4870,Tamil Nadu,2,Female,9,20-24 years,494,Stroke,332,Chewing tobacco,1,Number,2022,0.13320621769427124,0.36788203938694075,0.025608758991679758
1,All Population,1,Deaths,4854,Jammu & Kashmir and Ladakh,1,Male,9,20-24 years,493,Ischemic heart disease,102,High alcohol use,1,Number,2021,-0.13052361501723958,0.10892502092151428,-0.4213614326634362
1,All Population,1,Deaths,4854,Jammu & Kashmir and Ladakh,2,Female,9,20-24 years,493,Ischemic heart disease,102,High alcohol use,1,Number,2021,-0.006825818836700213,0.005318238933661162,-0.02616699952345975
1,All Population,1,Deaths,4863,Mizoram,1,Male,9,20-24 years,498,Hypertensive heart disease,102,High alcohol use,1,Number,2021,0.0027588020827827154,0.0061621701083853595,0.0010657587212619586
1,All Population,1,Deaths,4863,Mizoram,2,Female,9,20-24 years,498,Hypertensive heart disease,102,High alcohol use,1,Number,2021,0.0001829760491657215,0.000462006908213479,2.570941118856703e-05
1,All Population,1,Deaths,4862,Meghalaya,1,Male,9,20-24 years,494,Stroke,102,High alcohol use,1,Number,2020,0.034543478816930255,0.11814771636366636,-0.004442112843957172
1,All Population,1,Deaths,4862,Meghalaya,2,Female,9,20-24 years,494,Stroke,102,High alcohol use,1,Number,2020,-0.00048522737422451674,0.0008285881535397563,-0.002008320239776273
1,All Population,1,Deaths,4875,West Bengal,1,Male,9,20-24 years,498,Hypertensive heart disease,102,High alcohol use,1,Number,2021,0.16572936118058018,0.33475074935377747,0.06362437967452825
1,All Population,1,Deaths,4875,West Bengal,2,Female,9,20-24 years,498,Hypertensive heart disease,102,High alcohol use,1,Number,2021,0.0022149632495661073,0.005543572134274841,0.00029322761773816413
1,All Population,1,Deaths,4842,Arunachal Pradesh,1,Male,9,20-24 years,498,Hypertensive heart disease,102,High alcohol use,1,Number,2017,0.011366741471995455,0.0231229608038813,0.004402023513159912
1,All Population,1,Deaths,4842,Arunachal Pradesh,2,Female,9,20-24 years,498,Hypertensive heart disease,102,High alcohol use,1,Number,2017,0.0010764975352749563,0.0028399061277008058,0.00015228943058457232
1,All Population,1,Deaths,4841,Andhra Pradesh,1,Male,9,20-24 years,494,Stroke,102,High alcohol use,1,Number,2022,0.17292636069607636,0.5987333861565429,-0.01951055518369483
1,All Population,1,Deaths,4841,Andhra Pradesh,2,Female,9,20-24 years,494,Stroke,102,High alcohol use,1,Number,2022,-0.0030701525427875836,0.003873365283134373,-0.01370887124611519
1,All Population,1,Deaths,4874,Uttarakhand,1,Male,9,20-24 years,494,Stroke,332,Chewing tobacco,1,Number,2021,0.23390612098022576,0.5361301089119823,0.05194530956753899
1,All Population,1,Deaths,4874,Uttarakhand,2,Female,9,20-24 years,494,Stroke,332,Chewing tobacco,1,Number,2021,0.023005320409488064,0.06918947185914598,0.00438177396821905
1,All Population,1,Deaths,4846,Chhattisgarh,1,Male,9,20-24 years,499,Cardiomyopathy and myocarditis,102,High alcohol use,1,Number,2022,0.3162081482680655,1.126498655530454,0.043617579701139095
1,All Population,1,Deaths,4846,Chhattisgarh,2,Female,9,20-24 years,499,Cardiomyopathy and myocarditis,102,High alcohol use,1,Number,2022,0.08345440396081245,0.3175812305090776,0.00914653943588771
1,All Population,1,Deaths,4863,Mizoram,1,Male,9,20-24 years,494,Stroke,102,High alcohol use,1,Number,2022,0.004864984090712117,0.015608597961121875,-0.0006028648301074315
1,All Population,1,Deaths,4863,Mizoram,2,Female,9,20-24 years,494,Stroke,102,High alcohol use,1,Number,2022,-8.609807334176459e-05,0.00010029398459812239,-0.0003912355751994384
1,All Population,1,Deaths,4857,Kerala,1,Male,9,20-24 years,498,Hypertensive heart disease,102,High alcohol use,1,Number,2021,0.07867310840478409,0.15938640990946892,0.03159687870010094
1,All Population,1,Deaths,4857,Kerala,2,Female,9,20-24 years,498,Hypertensive heart disease,102,High alcohol use,1,Number,2021,0.0014019740777986608,0.003779813760261201,0.00021364181047287098
1,All Population,1,Deaths,4861,Manipur,1,Male,9,20-24 years,494,Stroke,332,Chewing tobacco,1,Number,2022,0.3266678337041672,0.6908998747132341,0.10474735575146447
1,All Population,1,Deaths,4861,Manipur,2,Female,9,20-24 years,494,Stroke,332,Chewing tobacco,1,Number,2022,0.23216133749839885,0.5068235544241743,0.08036116199671087
1,All Population,1,Deaths,4872,Tripura,1,Male,9,20-24 years,494,Stroke,102,High alcohol use,1,Number,2022,0.04589200400338901,0.14941460441115484,-0.006372667208133301
1,All Population,1,Deaths,4872,Tripura,2,Female,9,20-24 years,494,Stroke,102,High alcohol use,1,Number,2022,-0.0015751883675284518,0.001833951949948681,-0.006926707320774609
1,All Population,1,Deaths,4869,Sikkim,1,Male,9,20-24 years,494,Stroke,102,High alcohol use,1,Number,2021,0.003055138311086505,0.009826433382827168,-0.0003415258422864064
1,All Population,1,Deaths,4869,Sikkim,2,Female,9,20-24 years,494,Stroke,102,High alcohol use,1,Number,2021,-0.0004135586955026008,0.0004450541878517724,-0.0015507207434756708
1,All Population,1,Deaths,4874,Uttarakhand,1,Male,9,20-24 years,493,Ischemic heart disease,102,High alcohol use,1,Number,2022,-1.0482964502504675,0.7204030912657265,-3.5373260670562083
1,All Population,1,Deaths,4874,Uttarakhand,2,Female,9,20-24 years,493,Ischemic heart disease,102,High alcohol use,1,Number,2022,-0.010691565756094977,0.008922472547073556,-0.039445156021465456
1,All Population,1,Deaths,4873,Uttar Pradesh,1,Male,9,20-24 years,498,Hypertensive heart disease,102,High alcohol use,1,Number,2021,0.2693810976420214,0.6382368970820308,0.08130206938997282
1,All Population,1,Deaths,4873,Uttar Pradesh,2,Female,9,20-24 years,498,Hypertensive heart disease,102,High alcohol use,1,Number,2021,0.003716723020908775,0.011350508039907866,0.0005097332504193212
1,All Population,1,Deaths,4864,Nagaland,1,Male,9,20-24 years,498,Hypertensive heart disease,102,High alcohol use,1,Number,2021,0.01088533056738383,0.02165173419799293,0.004286092794713495
1,All Population,1,Deaths,4864,Nagaland,2,Female,9,20-24 years,498,Hypertensive heart disease,102,High alcohol use,1,Number,2021,0.00043938909030969873,0.0010579658729517093,6.828250623746172e-05
1,All Population,1,Deaths,4849,Delhi,1,Male,9,20-24 years,494,Stroke,332,Chewing tobacco,1,Number,2021,0.20213697051680568,0.4941075766105076,0.05249216230267639
1,All Population,1,Deaths,4849,Delhi,2,Female,9,20-24 years,494,Stroke,332,Chewing tobacco,1,Number,2021,0.028553314487589118,0.0826350279095142,0.006370369948907382
1,All Population,1,Deaths,4865,Odisha,1,Male,9,20-24 years,499,Cardiomyopathy and myocarditis,102,High alcohol use,1,Number,2021,0.1351508570168866,0.48768136508548104,0.020577427717812014
1,All Population,1,Deaths,4865,Odisha,2,Female,9,20-24 years,499,Cardiomyopathy and myocarditis,102,High alcohol use,1,Number,2021,0.1028320304454602,0.41385416875437997,0.011587150880575367
1,All Population,1,Deaths,4842,Arunachal Pradesh,1,Male,9,20-24 years,499,Cardiomyopathy and myocarditis,102,High alcohol use,1,Number,2019,0.0119181795635405,0.040992375204132674,0.0021545980021656064
1,All Population,1,Deaths,4842,Arunachal Pradesh,2,Female,9,20-24 years,499,Cardiomyopathy and myocarditis,102,High alcohol use,1,Number,2019,0.004821363035906486,0.01894191417514635,0.0006590494899276079
1,All Population,1,Deaths,4859,Madhya Pradesh,1,Male,9,20-24 years,498,Hypertensive heart disease,102,High alcohol use,1,Number,2021,0.25242829564013214,0.5312170838764947,0.09578157151002308
1,All Population,1,Deaths,4859,Madhya Pradesh,2,Female,9,20-24 years,498,Hypertensive heart disease,102,High alcohol use,1,Number,2021,0.0032956873888775207,0.009024909480286631,0.0004719374004888097
1,All Population,1,Deaths,44538,Other Union Territories,1,Male,9,20-24 years,499,Cardiomyopathy and myocarditis,102,High alcohol use,1,Number,2021,0.023328048129116864,0.07684054766123372,0.004896819992496141
1,All Population,1,Deaths,44538,Other Union Territories,2,Female,9,20-24 years,499,Cardiomyopathy and myocarditis,102,High alcohol use,1,Number,2021,0.008992375136115295,0.03587394246779376,0.0011690196892149107
1,All Population,1,Deaths,4857,Kerala,1,Male,9,20-24 years,494,Stroke,102,High alcohol use,1,Number,2021,0.2082556307120039,0.6606333841196704,-0.025558972878932766
1,All Population,1,Deaths,4857,Kerala,2,Female,9,20-24 years,494,Stroke,102,High alcohol use,1,Number,2021,-0.0017286676272628293,0.0022829946549165355,-0.005631239096256468
1,All Population,1,Deaths,4851,Gujarat,1,Male,9,20-24 years,493,Ischemic heart disease,102,High alcohol use,1,Number,2020,-0.7594148448293772,0.6784462123136441,-2.345817545388886
1,All Population,1,Deaths,4851,Gujarat,2,Female,9,20-24 years,493,Ischemic heart disease,102,High alcohol use,1,Number,2020,-0.020959520493899854,0.020301587928103517,-0.0802117496002026
1,All Population,1,Deaths,4857,Kerala,1,Male,9,20-24 years,499,Cardiomyopathy and myocarditis,102,High alcohol use,1,Number,2020,0.12849950460120355,0.39963129144809934,0.026826176836488944
1,All Population,1,Deaths,4857,Kerala,2,Female,9,20-24 years,499,Cardiomyopathy and myocarditis,102,High alcohol use,1,Number,2020,0.03329084352872241,0.10700900993269638,0.005501088354814287
1,All Population,1,Deaths,44538,Other Union Territories,1,Male,9,20-24 years,494,Stroke,102,High alcohol use,1,Number,2022,0.01825452485912188,0.06333223528906554,-0.0025053200272214505
1,All Population,1,Deaths,44538,Other Union Territories,2,Female,9,20-24 years,494,Stroke,102,High alcohol use,1,Number,2022,-0.0002435275572857777,0.0003591816854198894,-0.0011489845068912187
1,All Population,1,Deaths,4853,Himachal Pradesh,1,Male,9,20-24 years,498,Hypertensive heart disease,102,High alcohol use,1,Number,2022,0.018548101553107512,0.037795999792262926,0.006655388309043825
1,All Population,1,Deaths,4853,Himachal Pradesh,2,Female,9,20-24 years,498,Hypertensive heart disease,102,High alcohol use,1,Number,2022,0.00016462089128704708,0.000483874700743059,2.166738599423234e-05
1,All Population,1,Deaths,4870,Tamil Nadu,1,Male,9,20-24 years,498,Hypertensive heart disease,102,High alcohol use,1,Number,2021,0.2694549266180272,0.5712680732175925,0.11285579331069538
1,All Population,1,Deaths,4870,Tamil Nadu,2,Female,9,20-24 years,498,Hypertensive heart disease,102,High alcohol use,1,Number,2021,0.0008301251487403172,0.0021956355490334355,0.00011576926727189535
1,All Population,1,Deaths,4854,Jammu & Kashmir and Ladakh,1,Male,9,20-24 years,494,Stroke,332,Chewing tobacco,1,Number,2021,0.05397880010308214,0.13568451372532103,0.012723461489380212
1,All Population,1,Deaths,4854,Jammu & Kashmir and Ladakh,2,Female,9,20-24 years,494,Stroke,332,Chewing tobacco,1,Number,2021,0.007420866003866058,0.024413271794701343,0.0016644314892000054
1,All Population,1,Deaths,4851,Gujarat,1,Male,9,20-24 years,494,Stroke,102,High alcohol use,1,Number,2021,0.20029093075622767,0.7314506739318112,-0.02040811268794303
1,All Population,1,Deaths,4851,Gujarat,2,Female,9,20-24 years,494,Stroke,102,High alcohol use,1,Number,2021,-0.002227338149585925,0.0032723230822244154,-0.008902092962809902
1,All Population,1,Deaths,4868,Rajasthan,1,Male,9,20-24 years,499,Cardiomyopathy and myocarditis,102,High alcohol use,1,Number,2022,0.4018924865314439,1.375072085181416,0.06564356396522052
1,All Population,1,Deaths,4868,Rajasthan,2,Female,9,20-24 years,499,Cardiomyopathy and myocarditis,102,High alcohol use,1,Number,2022,0.11725154091181256,0.3907661517648258,0.01803853375130249
1,All Population,1,Deaths,4867,Punjab,1,Male,9,20-24 years,494,Stroke,332,Chewing tobacco,1,Number,2022,0.24656149816599462,0.5994979331740906,0.046419496264821475
1,All Population,1,Deaths,4867,Punjab,2,Female,9,20-24 years,494,Stroke,332,Chewing tobacco,1,Number,2022,0.02408432925880799,0.08169267204605668,0.005156827741703504
1,All Population,1,Deaths,4850,Goa,1,Male,9,20-24 years,499,Cardiomyopathy and myocarditis,102,High alcohol use,1,Number,2021,0.011780523102255443,0.04128971076656357,0.002268416949838943
1,All Population,1,Deaths,4850,Goa,2,Female,9,20-24 years,499,Cardiomyopathy and myocarditis,102,High alcohol use,1,Number,2021,0.001727419978529541,0.005845256229919901,0.0002649020736706382
1,All Population,1,Deaths,4855,Jharkhand,1,Male,9,20-24 years,498,Hypertensive heart disease,102,High alcohol use,1,Number,2021,0.10622368124326548,0.22419255286500356,0.042872517607340455
1,All Population,1,Deaths,4855,Jharkhand,2,Female,9,20-24 years,498,Hypertensive heart disease,102,High alcohol use,1,Number,2021,0.004707019750007706,0.013559061889139572,0.0006307510550562405
1,All Population,1,Deaths,4873,Uttar Pradesh,1,Male,9,20-24 years,494,Stroke,102,High alcohol use,1,Number,2020,0.03394064520293601,0.759835973611377,-0.40945991783995783
1,All Population,1,Deaths,4873,Uttar Pradesh,2,Female,9,20-24 years,494,Stroke,102,High alcohol use,1,Number,2020,-0.009380825347034431,0.0139603368431598,-0.0384165706631272
1,All Population,1,Deaths,4861,Manipur,1,Male,9,20-24 years,499,Cardiomyopathy and myocarditis,102,High alcohol use,1,Number,2021,0.02500801422419431,0.09776119011481675,0.0041150857409686815
1,All Population,1,Deaths,4861,Manipur,2,Female,9,20-24 years,499,Cardiomyopathy and myocarditis,102,High alcohol use,1,Number,2021,0.010940645330958903,0.04540423687582254,0.0015858197641080085
1,All Population,1,Deaths,4849,Delhi,1,Male,9,20-24 years,499,Cardiomyopathy and myocarditis,102,High alcohol use,1,Number,2020,0.09817078490792208,0.29332984293752773,0.01865615093422203
1,All Population,1,Deaths,4849,Delhi,2,Female,9,20-24 years,499,Cardiomyopathy and myocarditis,102,High alcohol use,1,Number,2020,0.04202683655967276,0.13161983650529754,0.007400063529545539
1,All Population,1,Deaths,4842,Arunachal Pradesh,1,Male,9,20-24 years,494,Stroke,332,Chewing tobacco,1,Number,2021,0.12627922811616996,0.26809408963023595,0.040587981112143984
1,All Population,1,Deaths,4842,Arunachal Pradesh,2,Female,9,20-24 years,494,Stroke,332,Chewing tobacco,1,Number,2021,0.05752175534480788,0.13365516983094072,0.016566207821963806
1,All Population,1,Deaths,4843,Assam,1,Male,9,20-24 years,493,Ischemic heart disease,102,High alcohol use,1,Number,2022,-0.9691518354876149,0.6926518434046666,-2.907278855392154
1,All Population,1,Deaths,4843,Assam,2,Female,9,20-24 years,493,Ischemic heart disease,102,High alcohol use,1,Number,2022,-0.11730939876599154,0.09280694337161549,-0.45067581732509676
1,All Population,1,Deaths,4850,Goa,1,Male,9,20-24 years,494,Stroke,332,Chewing tobacco,1,Number,2022,0.027199801715101987,0.07532951307466895,0.005972765743360602
1,All Population,1,Deaths,4850,Goa,2,Female,9,20-24 years,494,Stroke,332,Chewing tobacco,1,Number,2022,0.002239838960855489,0.0069273653462180096,0.0004420294317827683
1,All Population,1,Deaths,4855,Jharkhand,1,Male,9,20-24 years,494,Stroke,102,High alcohol use,1,Number,2022,0.23690183195928674,0.7842470550712732,-0.028792921367592594
1,All Population,1,Deaths,4855,Jharkhand,2,Female,9,20-24 years,494,Stroke,102,High alcohol use,1,Number,2022,-0.009991580325478523,0.016136187317558406,-0.0557187319870193
1,All Population,1,Deaths,4863,Mizoram,1,Male,9,20-24 years,499,Cardiomyopathy and myocarditis,102,High alcohol use,1,Number,2019,0.0055031920143700595,0.018758571951346576,0.0007681773719927311
1,All Population,1,Deaths,4863,Mizoram,2,Female,9,20-24 years,499,Cardiomyopathy and myocarditis,102,High alcohol use,1,Number,2019,0.0028830714890736306,0.011983735477072332,0.00042268472028677727
1,All Population,1,Deaths,4853,Himachal Pradesh,1,Male,9,20-24 years,493,Ischemic heart disease,102,High alcohol use,1,Number,2021,-0.3463234392518102,0.2841474426922496,-1.0593749099099394
1,All Population,1,Deaths,4853,Himachal Pradesh,2,Female,9,20-24 years,493,Ischemic heart disease,102,High alcohol use,1,Number,2021,-0.004973348226025579,0.004030463907189351,-0.016477043728417982
1,All Population,1,Deaths,4873,Uttar Pradesh,1,Male,9,20-24 years,494,Stroke,102,High alcohol use,1,Number,2021,0.030925472225077046,0.8387842722812274,-0.527334275025749
1,All Population,1,Deaths,4873,Uttar Pradesh,2,Female,9,20-24 years,494,Stroke,102,High alcohol use,1,Number,2021,-0.011330307195784926,0.014239686078190695,-0.0462868316033322
1,All Population,1,Deaths,4856,Karnataka,1,Male,9,20-24 years,494,Stroke,102,High alcohol use,1,Number,2022,0.3064846934788215,1.0591763615045298,-0.03831013997990579
1,All Population,1,Deaths,4856,Karnataka,2,Female,9,20-24 years,494,Stroke,102,High alcohol use,1,Number,2022,-0.005633049811624152,0.007819403945193131,-0.021652240090117878
1,All Population,1,Deaths,4849,Delhi,1,Male,9,20-24 years,494,Stroke,102,High alcohol use,1,Number,2020,0.035925500837797324,0.14826035253033967,-0.005355925993878168
1,All Population,1,Deaths,4849,Delhi,2,Female,9,20-24 years,494,Stroke,102,High alcohol use,1,Number,2020,-0.0005265214560315403,0.00048349061920274777,-0.0019259365611470362
1,All Population,1,Deaths,4868,Rajasthan,1,Male,9,20-24 years,498,Hypertensive heart disease,102,High alcohol use,1,Number,2021,0.10646662966243074,0.2270816921538678,0.037638310791540605
1,All Population,1,Deaths,4868,Rajasthan,2,Female,9,20-24 years,498,Hypertensive heart disease,102,High alcohol use,1,Number,2021,0.0016156613414398215,0.004133535620106642,0.00022563800371618343
1,All Population,1,Deaths,4844,Bihar,1,Male,9,20-24 years,494,Stroke,332,Chewing tobacco,1,Number,2020,2.104870510247377,4.58302190720977,0.6817238037027782
1,All Population,1,Deaths,4844,Bihar,2,Female,9,20-24 years,494,Stroke,332,Chewing tobacco,1,Number,2020,0.17077551162645388,0.4851311611828374,0.030584464682406116
1,All Population,1,Deaths,4865,Odisha,1,Male,9,20-24 years,498,Hypertensive heart disease,102,High alcohol use,1,Number,2020,0.10396184967121884,0.2063164052829696,0.0388725768948172
1,All Population,1,Deaths,4865,Odisha,2,Female,9,20-24 years,498,Hypertensive heart disease,102,High alcohol use,1,Number,2020,0.004207353704634863,0.01057102632632419,0.0006320492879941481
1,All Population,1,Deaths,4875,West Bengal,1,Male,9,20-24 years,493,Ischemic heart disease,102,High alcohol use,1,Number,2022,-2.1527600226455355,1.423568802263972,-6.636688874526804
1,All Population,1,Deaths,4875,West Bengal,2,Female,9,20-24 years,493,Ischemic heart disease,102,High alcohol use,1,Number,2022,-0.059229995195569596,0.05196921239355543,-0.21170917562587271
1,All Population,1,Deaths,4851,Gujarat,1,Male,9,20-24 years,494,Stroke,332,Chewing tobacco,1,Number,2022,5.331843930033001,10.722665548801462,1.8251156679293554
1,All Population,1,Deaths,4851,Gujarat,2,Female,9,20-24 years,494,Stroke,332,Chewing tobacco,1,Number,2022,0.45142190409645216,1.165197696213779,0.12140067238489156
1,All Population,1,Deaths,4870,Tamil Nadu,1,Male,9,20-24 years,493,Ischemic heart disease,102,High alcohol use,1,Number,2020,-3.8309590855378737,3.5997744100448,-11.410402813073375
1,All Population,1,Deaths,4870,Tamil Nadu,2,Female,9,20-24 years,493,Ischemic heart disease,102,High alcohol use,1,Number,2020,-0.021978199708056836,0.016797083931762623,-0.08620184247790835
1,All Population,1,Deaths,4853,Himachal Pradesh,1,Male,9,20-24 years,494,Stroke,332,Chewing tobacco,1,Number,2020,0.04117014558141471,0.10471943785399637,0.009974151857129675
1,All Population,1,Deaths,4853,Himachal Pradesh,2,Female,9,20-24 years,494,Stroke,332,Chewing tobacco,1,Number,2020,0.0032847883798504778,0.009425058885528914,0.0007179438806949612
1,All Population,1,Deaths,4843,Assam,1,Male,9,20-24 years,498,Hypertensive heart disease,102,High alcohol use,1,Number,2021,0.11355487237941915,0.21607668621140344,0.04134547969212425
1,All Population,1,Deaths,4843,Assam,2,Female,9,20-24 years,498,Hypertensive heart disease,102,High alcohol use,1,Number,2021,0.005440527385535055,0.014790104909498985,0.000632892820647673
1,All Population,1,Deaths,4844,Bihar,1,Male,9,20-24 years,499,Cardiomyopathy and myocarditis,102,High alcohol use,1,Number,2020,0.45816003135214817,1.54422099787408,0.06430433873279855
1,All Population,1,Deaths,4844,Bihar,2,Female,9,20-24 years,499,Cardiomyopathy and myocarditis,102,High alcohol use,1,Number,2020,0.17706859244795714,0.6845394669294387,0.019978808493113197
1,All Population,1,Deaths,4856,Karnataka,1,Male,9,20-24 years,494,Stroke,332,Chewing tobacco,1,Number,2021,1.7918327751242558,4.355564285742061,0.46839888217476566
1,All Population,1,Deaths,4856,Karnataka,2,Female,9,20-24 years,494,Stroke,332,Chewing tobacco,1,Number,2021,0.16048744718250513,0.415295263041923,0.03800362009338573
1,All Population,1,Deaths,4855,Jharkhand,1,Male,9,20-24 years,493,Ischemic heart disease,102,High alcohol use,1,Number,2021,-0.6950149571337692,0.46078363095315633,-2.3105670539512726
1,All Population,1,Deaths,4855,Jharkhand,2,Female,9,20-24 years,493,Ischemic heart disease,102,High alcohol use,1,Number,2021,-0.11195769785128233,0.07572373037061592,-0.4474993493861445
1,All Population,1,Deaths,4849,Delhi,1,Male,9,20-24 years,493,Ischemic heart disease,102,High alcohol use,1,Number,2021,-0.9401471066879775,0.7353671980825343,-2.9497768653561893
1,All Population,1,Deaths,4849,Delhi,2,Female,9,20-24 years,493,Ischemic heart disease,102,High alcohol use,1,Number,2021,-0.02456399728616918,0.018819034362429946,-0.090565429587765
1,All Population,1,Deaths,4842,Arunachal Pradesh,1,Male,9,20-24 years,494,Stroke,102,High alcohol use,1,Number,2021,0.025708271336038223,0.07668474778853301,-0.002893317786016026
1,All Population,1,Deaths,4842,Arunachal Pradesh,2,Female,9,20-24 years,494,Stroke,102,High alcohol use,1,Number,2021,-0.002383478346960124,0.004558374707954413,-0.009661035364703516
1,All Population,1,Deaths,4846,Chhattisgarh,1,Male,9,20-24 years,498,Hypertensive heart disease,102,High alcohol use,1,Number,2022,0.26104764585884654,0.5554326635024079,0.09397852255030195
1,All Population,1,Deaths,4846,Chhattisgarh,2,Female,9,20-24 years,498,Hypertensive heart disease,102,High alcohol use,1,Number,2022,0.004370256880983528,0.012601821664506282,0.0005834148178472519
1,All Population,1,Deaths,4854,Jammu & Kashmir and Ladakh,1,Male,9,20-24 years,499,Cardiomyopathy and myocarditis,102,High alcohol use,1,Number,2022,0.057434423492461625,0.19535145807365425,0.009262834388241407
1,All Population,1,Deaths,4854,Jammu & Kashmir and Ladakh,2,Female,9,20-24 years,499,Cardiomyopathy and myocarditis,102,High alcohol use,1,Number,2022,0.0168507956269535,0.05361569425900671,0.0024816184443045937
1,All Population,1,Deaths,4859,Madhya Pradesh,1,Male,9,20-24 years,499,Cardiomyopathy and myocarditis,102,High alcohol use,1,Number,2020,0.541404224624261,1.7906243873454823,0.07874224355646597
1,All Population,1,Deaths,4859,Madhya Pradesh,2,Female,9,20-24 years,499,Cardiomyopathy and myocarditis,102,High alcohol use,1,Number,2020,0.18219304878993844,0.6777004289956167,0.02028225176220465
1,All Population,1,Deaths,4857,Kerala,1,Male,9,20-24 years,493,Ischemic heart disease,102,High alcohol use,1,Number,2022,-0.8837206299087547,0.5234638806186399,-2.656265599905108
1,All Population,1,Deaths,4857,Kerala,2,Female,9,20-24 years,493,Ischemic heart disease,102,High alcohol use,1,Number,2022,-0.017843207705882477,0.016678602250500524,-0.05964933465414228
1,All Population,1,Deaths,4869,Sikkim,1,Male,9,20-24 years,498,Hypertensive heart disease,102,High alcohol use,1,Number,2022,0.0022763063233759563,0.00471990319101812,0.0008398208460384245
1,All Population,1,Deaths,4869,Sikkim,2,Female,9,20-24 years,498,Hypertensive heart disease,102,High alcohol use,1,Number,2022,0.00030145239176077173,0.0007861020877037397,4.2611048777408154e-05
1,All Population,1,Deaths,4874,Uttarakhand,1,Male,9,20-24 years,498,Hypertensive heart disease,102,High alcohol use,1,Number,2020,0.04402675638236246,0.09551799122199037,0.013963681202168053
1,All Population,1,Deaths,4874,Uttarakhand,2,Female,9,20-24 years,498,Hypertensive heart disease,102,High alcohol use,1,Number,2020,0.0003385510108476025,0.0009857371869310349,4.494211778202806e-05
1,All Population,1,Deaths,4871,Telangana,1,Male,9,20-24 years,494,Stroke,102,High alcohol use,1,Number,2022,0.4601530553584209,1.7421250808476096,-0.06992140323525334
1,All Population,1,Deaths,4871,Telangana,2,Female,9,20-24 years,494,Stroke,102,High alcohol use,1,Number,2022,-0.005090662276877089,0.0078170069186865,-0.027648824102597773
1,All Population,1,Deaths,4865,Odisha,1,Male,9,20-24 years,494,Stroke,332,Chewing tobacco,1,Number,2021,2.842873782532968,5.850678617229445,1.0610885229054086
1,All Population,1,Deaths,4865,Odisha,2,Female,9,20-24 years,494,Stroke,332,Chewing tobacco,1,Number,2021,1.4208098069752335,3.600911901877853,0.39285973702585625
1,All Population,1,Deaths,4841,Andhra Pradesh,1,Male,9,20-24 years,498,Hypertensive heart disease,102,High alcohol use,1,Number,2021,0.18534859175709345,0.3911311474001891,0.07657423362038823
1,All Population,1,Deaths,4841,Andhra Pradesh,2,Female,9,20-24 years,498,Hypertensive heart disease,102,High alcohol use,1,Number,2021,0.0030107443825700313,0.008379557036959114,0.00037327893236867825
1,All Population,1,Deaths,4872,Tripura,1,Male,9,20-24 years,499,Cardiomyopathy and myocarditis,102,High alcohol use,1,Number,2020,0.021043586726990422,0.06962453293965051,0.0037349193085360194
1,All Population,1,Deaths,4872,Tripura,2,Female,9,20-24 years,499,Cardiomyopathy and myocarditis,102,High alcohol use,1,Number,2020,0.011090142179522857,0.0416095691220757,0.001347259531750281
1,All Population,1,Deaths,4852,Haryana,1,Male,9,20-24 years,498,Hypertensive heart disease,102,High alcohol use,1,Number,2022,0.05778038155656455,0.12169205936407707,0.01788384996751181
1,All Population,1,Deaths,4852,Haryana,2,Female,9,20-24 years,498,Hypertensive heart disease,102,High alcohol use,1,Number,2022,0.00041835229515389393,0.0012281069858876767,5.0495644806912004e-05
1,All Population,1,Deaths,4852,Haryana,1,Male,9,20-24 years,499,Cardiomyopathy and myocarditis,102,High alcohol use,1,Number,2022,0.281603724940764,0.8943364395972713,0.052392628513778156
1,All Population,1,Deaths,4852,Haryana,2,Female,9,20-24 years,499,Cardiomyopathy and myocarditis,102,High alcohol use,1,Number,2022,0.04757653279434107,0.17934600936243755,0.007454614117624729
1,All Population,1,Deaths,4860,Maharashtra,1,Male,9,20-24 years,494,Stroke,332,Chewing tobacco,1,Number,2022,5.818995595559147,11.202071150499771,2.463103988337142
1,All Population,1,Deaths,4860,Maharashtra,2,Female,9,20-24 years,494,Stroke,332,Chewing tobacco,1,Number,2022,0.6160315552903578,1.5374082170353591,0.15532558391298038
1,All Population,1,Deaths,4860,Maharashtra,1,Male,9,20-24 years,499,Cardiomyopathy and myocarditis,102,High alcohol use,1,Number,2022,0.5022409660401105,1.6343082382001126,0.11008377269153827
1,All Population,1,Deaths,4860,Maharashtra,2,Female,9,20-24 years,499,Cardiomyopathy and myocarditis,102,High alcohol use,1,Number,2022,0.11112624328057485,0.4276393576316445,0.02162301657947178
1,All Population,1,Deaths,4867,Punjab,1,Male,9,20-24 years,493,Ischemic heart disease,102,High alcohol use,1,Number,2022,-4.154722661580654,3.0441720850198295,-12.03222657384552
1,All Population,1,Deaths,4867,Punjab,2,Female,9,20-24 years,493,Ischemic heart disease,102,High alcohol use,1,Number,2022,-0.03232240428245917,0.026180597936454126,-0.10861455603990092
1,All Population,1,Deaths,4851,Gujarat,1,Male,9,20-24 years,499,Cardiomyopathy and myocarditis,102,High alcohol use,1,Number,2021,0.527115170297246,1.708378271069769,0.10157644529335924
1,All Population,1,Deaths,4851,Gujarat,2,Female,9,20-24 years,499,Cardiomyopathy and myocarditis,102,High alcohol use,1,Number,2021,0.12272722454394523,0.4653270625301239,0.01619829621656898
1,All Population,1,Deaths,4864,Nagaland,1,Male,9,20-24 years,494,Stroke,102,High alcohol use,1,Number,2022,0.029380882939966702,0.09582489514333219,-0.004287723829037644
1,All Population,1,Deaths,4864,Nagaland,2,Female,9,20-24 years,494,Stroke,102,High alcohol use,1,Number,2022,-0.0006002588166580192,0.0007805411370411608,-0.0024553090870254074
1,All Population,1,Deaths,4852,Haryana,1,Male,9,20-24 years,494,Stroke,102,High alcohol use,1,Number,2022,0.01132179756625399,0.18979023829951788,-0.07721154835635147
1,All Population,1,Deaths,4852,Haryana,2,Female,9,20-24 years,494,Stroke,102,High alcohol use,1,Number,2022,-0.0008660727750494029,0.0011131290307124992,-0.0036908972702594622
1,All Population,1,Deaths,4856,Karnataka,1,Male,9,20-24 years,499,Cardiomyopathy and myocarditis,102,High alcohol use,1,Number,2020,0.3165470588461473,0.9952779346746434,0.06076853681863746
1,All Population,1,Deaths,4856,Karnataka,2,Female,9,20-24 years,499,Cardiomyopathy and myocarditis,102,High alcohol use,1,Number,2020,0.047957891154444994,0.15468510136003918,0.006092916280969918
1,All Population,1,Deaths,4862,Meghalaya,1,Male,9,20-24 years,494,Stroke,332,Chewing tobacco,1,Number,2022,0.12562029208277248,0.34162380070931486,0.03620600304339028
1,All Population,1,Deaths,4862,Meghalaya,2,Female,9,20-24 years,494,Stroke,332,Chewing tobacco,1,Number,2022,0.1821526163914475,0.4198291198037034,0.059945041947336505
1,All Population,1,Deaths,4854,Jammu & Kashmir and Ladakh,1,Male,9,20-24 years,494,Stroke,332,Chewing tobacco,1,Number,2022,0.060389808683688415,0.17955960013582786,0.014058412104327445
1,All Population,1,Deaths,4854,Jammu & Kashmir and Ladakh,2,Female,9,20-24 years,494,Stroke,332,Chewing tobacco,1,Number,2022,0.007221273353423766,0.024102655399428772,0.0014765230690569097
1,All Population,1,Deaths,4875,West Bengal,1,Male,9,20-24 years,494,Stroke,332,Chewing tobacco,1,Number,2020,3.1760573763746693,7.662912101470339,0.9390951807295779
1,All Population,1,Deaths,4875,West Bengal,2,Female,9,20-24 years,494,Stroke,332,Chewing tobacco,1,Number,2020,0.8768023602071037,2.179682088726761,0.2696918661588916
1,All Population,1,Deaths,4846,Chhattisgarh,1,Male,9,20-24 years,493,Ischemic heart disease,102,High alcohol use,1,Number,2022,-4.219958606321219,2.583530083661274,-13.255003846303339
1,All Population,1,Deaths,4846,Chhattisgarh,2,Female,9,20-24 years,493,Ischemic heart disease,102,High alcohol use,1,Number,2022,-0.16499682629340676,0.15809545190793445,-0.5507318874818202
1,All Population,1,Deaths,4869,Sikkim,1,Male,9,20-24 years,493,Ischemic heart disease,102,High alcohol use,1,Number,2020,-0.043403878317360894,0.032003877177664335,-0.1466054812500989
1,All Population,1,Deaths,4869,Sikkim,2,Female,9,20-24 years,493,Ischemic heart disease,102,High alcohol use,1,Number,2020,-0.009468858072603085,0.00893781093756887,-0.03191229763334626
1,All Population,1,Deaths,4871,Telangana,1,Male,9,20-24 years,498,Hypertensive heart disease,102,High alcohol use,1,Number,2020,0.3006756628878805,0.5713268284882835,0.11548563747939988
1,All Population,1,Deaths,4871,Telangana,2,Female,9,20-24 years,498,Hypertensive heart disease,102,High alcohol use,1,Number,2020,0.004394455203769381,0.012648214537910582,0.0005831603719817352
1,All Population,1,Deaths,4871,Telangana,1,Male,9,20-24 years,499,Cardiomyopathy and myocarditis,102,High alcohol use,1,Number,2020,0.3353853164737449,1.1223334777035223,0.0542860231820673
1,All Population,1,Deaths,4871,Telangana,2,Female,9,20-24 years,499,Cardiomyopathy and myocarditis,102,High alcohol use,1,Number,2020,0.0748244379278206,0.25040224586951454,0.011884421867882012
1,All Population,1,Deaths,4867,Punjab,1,Male,9,20-24 years,494,Stroke,102,High alcohol use,1,Number,2021,0.14798783312928313,0.5315375292667507,-0.01781784345207243
1,All Population,1,Deaths,4867,Punjab,2,Female,9,20-24 years,494,Stroke,102,High alcohol use,1,Number,2021,-0.0006392195317354986,0.0006766328589182802,-0.0025758393494718906
1,All Population,1,Deaths,4862,Meghalaya,1,Male,9,20-24 years,499,Cardiomyopathy and myocarditis,102,High alcohol use,1,Number,2021,0.0395497101174136,0.13666418866715463,0.0056128100361039135
1,All Population,1,Deaths,4862,Meghalaya,2,Female,9,20-24 years,499,Cardiomyopathy and myocarditis,102,High alcohol use,1,Number,2021,0.016195633279279725,0.06545243748773634,0.002029319347806013
1,All Population,1,Deaths,4843,Assam,1,Male,9,20-24 years,494,Stroke,102,High alcohol use,1,Number,2022,0.6704820068926204,2.364257647579146,-0.061448052049854165
1,All Population,1,Deaths,4843,Assam,2,Female,9,20-24 years,494,Stroke,102,High alcohol use,1,Number,2022,-0.013415950772239924,0.021025136645247588,-0.06149373007724486
1,All Population,1,Deaths,4869,Sikkim,1,Male,9,20-24 years,494,Stroke,332,Chewing tobacco,1,Number,2021,0.008262473508974542,0.019483533545119246,0.0021131241862831617
1,All Population,1,Deaths,4869,Sikkim,2,Female,9,20-24 years,494,Stroke,332,Chewing tobacco,1,Number,2021,0.0024041984711481797,0.006969645079749485,0.0004939098038111447
1,All Population,1,Deaths,4851,Gujarat,1,Male,9,20-24 years,494,Stroke,332,Chewing tobacco,1,Number,2023,5.1036506105034904,12.879974773779704,1.4779666336019481
1,All Population,1,Deaths,4851,Gujarat,2,Female,9,20-24 years,494,Stroke,332,Chewing tobacco,1,Number,2023,0.44165843131860333,1.0257023012337247,0.11413865367200143
1,All Population,1,Deaths,4862,Meghalaya,1,Male,9,20-24 years,493,Ischemic heart disease,102,High alcohol use,1,Number,2021,-0.18647962628014586,0.12722266530835177,-0.5450649490316257
1,All Population,1,Deaths,4862,Meghalaya,2,Female,9,20-24 years,493,Ischemic heart disease,102,High alcohol use,1,Number,2021,-0.010023944521228314,0.008069222776254752,-0.03688440768885587
1,All Population,1,Deaths,4857,Kerala,1,Male,9,20-24 years,498,Hypertensive heart disease,102,High alcohol use,1,Number,2022,0.07613746670921913,0.14819360013743146,0.028409776227787974
1,All Population,1,Deaths,4857,Kerala,2,Female,9,20-24 years,498,Hypertensive heart disease,102,High alcohol use,1,Number,2022,0.0013587541776519363,0.003823409671815133,0.00019021695831560097
1,All Population,1,Deaths,4849,Delhi,1,Male,9,20-24 years,494,Stroke,332,Chewing tobacco,1,Number,2023,0.1631526845719586,0.494306424304499,0.03611680492513944
1,All Population,1,Deaths,4849,Delhi,2,Female,9,20-24 years,494,Stroke,332,Chewing tobacco,1,Number,2023,0.022183439681934862,0.06408145260864417,0.004967231432853694
1,All Population,1,Deaths,4843,Assam,1,Male,9,20-24 years,498,Hypertensive heart disease,102,High alcohol use,1,Number,2022,0.10852101551352271,0.2119752538848929,0.042506018224054795
1,All Population,1,Deaths,4843,Assam,2,Female,9,20-24 years,498,Hypertensive heart disease,102,High alcohol use,1,Number,2022,0.005377856342264772,0.016190935499088486,0.0006191145147544039
1,All Population,1,Deaths,4862,Meghalaya,1,Male,9,20-24 years,498,Hypertensive heart disease,102,High alcohol use,1,Number,2021,0.02219203423315345,0.04764472864764298,0.008220072374005086
1,All Population,1,Deaths,4862,Meghalaya,2,Female,9,20-24 years,498,Hypertensive heart disease,102,High alcohol use,1,Number,2021,0.000500308000053786,0.0014775474263884446,6.641739701672069e-05
1,All Population,1,Deaths,4856,Karnataka,1,Male,9,20-24 years,499,Cardiomyopathy and myocarditis,102,High alcohol use,1,Number,2021,0.31889060609696945,1.0920769064525697,0.06457506966168701
1,All Population,1,Deaths,4856,Karnataka,2,Female,9,20-24 years,499,Cardiomyopathy and myocarditis,102,High alcohol use,1,Number,2021,0.04927531759722885,0.17153314875545062,0.005943018138924658
1,All Population,1,Deaths,4868,Rajasthan,1,Male,9,20-24 years,494,Stroke,332,Chewing tobacco,1,Number,2022,1.6249511685789577,3.841542144489863,0.4719161277908555
1,All Population,1,Deaths,4868,Rajasthan,2,Female,9,20-24 years,494,Stroke,332,Chewing tobacco,1,Number,2022,0.24832248065411353,0.7430765340035091,0.055371370665905015
1,All Population,1,Deaths,4841,Andhra Pradesh,1,Male,9,20-24 years,494,Stroke,332,Chewing tobacco,1,Number,2022,0.29615201877509717,0.6437637332216848,0.1087263414113253
1,All Population,1,Deaths,4841,Andhra Pradesh,2,Female,9,20-24 years,494,Stroke,332,Chewing tobacco,1,Number,2022,0.08821738866987433,0.25759092191617283,0.01925975564932001
1,All Population,1,Deaths,4864,Nagaland,1,Male,9,20-24 years,498,Hypertensive heart disease,102,High alcohol use,1,Number,2020,0.009619692041349102,0.019901974775413115,0.0037233193482307464
1,All Population,1,Deaths,4864,Nagaland,2,Female,9,20-24 years,498,Hypertensive heart disease,102,High alcohol use,1,Number,2020,0.00035289914187206016,0.0008934868006366651,5.491766461792812e-05
1,All Population,1,Deaths,4841,Andhra Pradesh,1,Male,9,20-24 years,493,Ischemic heart disease,102,High alcohol use,1,Number,2023,-2.637348703928707,1.831176831364723,-7.25536949938064
1,All Population,1,Deaths,4841,Andhra Pradesh,2,Female,9,20-24 years,493,Ischemic heart disease,102,High alcohol use,1,Number,2023,-0.06076751976600681,0.04712740572679598,-0.23563379224809347
1,All Population,1,Deaths,4870,Tamil Nadu,1,Male,9,20-24 years,493,Ischemic heart disease,102,High alcohol use,1,Number,2021,-4.007265857975385,3.4920864410694783,-11.162108909193659
1,All Population,1,Deaths,4870,Tamil Nadu,2,Female,9,20-24 years,493,Ischemic heart disease,102,High alcohol use,1,Number,2021,-0.02126663667631763,0.015664623337976427,-0.08238861869900539
1,All Population,1,Deaths,4865,Odisha,1,Male,9,20-24 years,493,Ischemic heart disease,102,High alcohol use,1,Number,2022,-1.1344043652171911,0.716714793106334,-3.454567647501431
1,All Population,1,Deaths,4865,Odisha,2,Female,9,20-24 years,493,Ischemic heart disease,102,High alcohol use,1,Number,2022,-0.09122201364427378,0.07972669811854063,-0.3056261899862026
1,All Population,1,Deaths,4850,Goa,1,Male,9,20-24 years,498,Hypertensive heart disease,102,High alcohol use,1,Number,2022,0.009217269566824397,0.01998063354794008,0.003493501667679853
1,All Population,1,Deaths,4850,Goa,2,Female,9,20-24 years,498,Hypertensive heart disease,102,High alcohol use,1,Number,2022,0.00017116198149490995,0.00044336464329138253,2.082533318032138e-05
1,All Population,1,Deaths,4855,Jharkhand,1,Male,9,20-24 years,498,Hypertensive heart disease,102,High alcohol use,1,Number,2019,0.08929090774018084,0.17996408047601753,0.03349577268316983
1,All Population,1,Deaths,4855,Jharkhand,2,Female,9,20-24 years,498,Hypertensive heart disease,102,High alcohol use,1,Number,2019,0.0040026710371870245,0.010807369386777146,0.0005117530334448294
1,All Population,1,Deaths,4859,Madhya Pradesh,1,Male,9,20-24 years,494,Stroke,332,Chewing tobacco,1,Number,2022,4.947140598495551,11.183193019724005,1.3147814263769697
1,All Population,1,Deaths,4859,Madhya Pradesh,2,Female,9,20-24 years,494,Stroke,332,Chewing tobacco,1,Number,2022,1.2735593341898501,3.0159864984659306,0.3784821447451221
1,All Population,1,Deaths,4873,Uttar Pradesh,1,Male,9,20-24 years,494,Stroke,332,Chewing tobacco,1,Number,2019,16.55220941428048,36.55844079558739,6.531436159346944
1,All Population,1,Deaths,4873,Uttar Pradesh,2,Female,9,20-24 years,494,Stroke,332,Chewing tobacco,1,Number,2019,3.25974139561648,8.470037634498663,0.8155695110967784
1,All Population,1,Deaths,4855,Jharkhand,1,Male,9,20-24 years,499,Cardiomyopathy and myocarditis,102,High alcohol use,1,Number,2023,0.15956169078533067,0.5674699838525779,0.025570278125698367
1,All Population,1,Deaths,4855,Jharkhand,2,Female,9,20-24 years,499,Cardiomyopathy and myocarditis,102,High alcohol use,1,Number,2023,0.07298006883983797,0.2626498740733224,0.00928276158532707
1,All Population,1,Deaths,4851,Gujarat,1,Male,9,20-24 years,494,Stroke,102,High alcohol use,1,Number,2023,0.15354077675287406,0.6406119312948576,-0.019676422834465263
1,All Population,1,Deaths,4851,Gujarat,2,Female,9,20-24 years,494,Stroke,102,High alcohol use,1,Number,2023,-0.0019314030162459635,0.0030849827091612575,-0.009122482256753134
1,All Population,1,Deaths,4841,Andhra Pradesh,1,Male,9,20-24 years,499,Cardiomyopathy and myocarditis,102,High alcohol use,1,Number,2023,0.21972365203692865,0.8418839407249131,0.037241745529479106
1,All Population,1,Deaths,4841,Andhra Pradesh,2,Female,9,20-24 years,499,Cardiomyopathy and myocarditis,102,High alcohol use,1,Number,2023,0.061736942035383234,0.1877185308556373,0.010164127550890953
1,All Population,1,Deaths,4860,Maharashtra,1,Male,9,20-24 years,494,Stroke,102,High alcohol use,1,Number,2022,0.6575448757748268,2.490265911221105,-0.09043122084447991
1,All Population,1,Deaths,4860,Maharashtra,2,Female,9,20-24 years,494,Stroke,102,High alcohol use,1,Number,2022,-0.0021855002575911354,0.003476134094417822,-0.009375081808597939
1,All Population,1,Deaths,4853,Himachal Pradesh,1,Male,9,20-24 years,494,Stroke,102,High alcohol use,1,Number,2022,0.023213130074925085,0.08396432742697074,-0.003345307744240099
1,All Population,1,Deaths,4853,Himachal Pradesh,2,Female,9,20-24 years,494,Stroke,102,High alcohol use,1,Number,2022,-0.0001310571987703588,0.00019956131833439222,-0.0006233693123706614
1,All Population,1,Deaths,44538,Other Union Territories,1,Male,9,20-24 years,498,Hypertensive heart disease,102,High alcohol use,1,Number,2021,0.013339791911732974,0.027978177834043598,0.005407129213648387
1,All Population,1,Deaths,44538,Other Union Territories,2,Female,9,20-24 years,498,Hypertensive heart disease,102,High alcohol use,1,Number,2021,0.00023131145159806295,0.0006417999759850339,3.222414391055995e-05
1,All Population,1,Deaths,4842,Arunachal Pradesh,1,Male,9,20-24 years,493,Ischemic heart disease,102,High alcohol use,1,Number,2020,-0.1436044130142434,0.10543093864069036,-0.4773676682317026
1,All Population,1,Deaths,4842,Arunachal Pradesh,2,Female,9,20-24 years,493,Ischemic heart disease,102,High alcohol use,1,Number,2020,-0.027503614003367902,0.023433924665637058,-0.09745355821384241
1,All Population,1,Deaths,4856,Karnataka,1,Male,9,20-24 years,493,Ischemic heart disease,102,High alcohol use,1,Number,2022,-4.291079427393995,3.2546347142327976,-13.327223637911882
1,All Population,1,Deaths,4856,Karnataka,2,Female,9,20-24 years,493,Ischemic heart disease,102,High alcohol use,1,Number,2022,-0.16952581060800165,0.1839445225441015,-0.5399798467604278
1,All Population,1,Deaths,4853,Himachal Pradesh,1,Male,9,20-24 years,499,Cardiomyopathy and myocarditis,102,High alcohol use,1,Number,2021,0.03745701804439211,0.1209177939020794,0.00681892171976378
1,All Population,1,Deaths,4853,Himachal Pradesh,2,Female,9,20-24 years,499,Cardiomyopathy and myocarditis,102,High alcohol use,1,Number,2021,0.011260764874077558,0.041145798595309,0.0014464222038118003
1,All Population,1,Deaths,4846,Chhattisgarh,1,Male,9,20-24 years,494,Stroke,332,Chewing tobacco,1,Number,2023,5.403416025991914,11.808804519921805,1.4029818252708157
1,All Population,1,Deaths,4846,Chhattisgarh,2,Female,9,20-24 years,494,Stroke,332,Chewing tobacco,1,Number,2023,1.0967705752279715,2.7625392599331913,0.28030334911659494
1,All Population,1,Deaths,4849,Delhi,1,Male,9,20-24 years,493,Ischemic heart disease,102,High alcohol use,1,Number,2023,-0.79856775648407,0.6020309610330675,-2.3938541127707724
1,All Population,1,Deaths,4849,Delhi,2,Female,9,20-24 years,493,Ischemic heart disease,102,High alcohol use,1,Number,2023,-0.020223465110957992,0.01943601054613085,-0.07219154115721821
1,All Population,1,Deaths,4867,Punjab,1,Male,9,20-24 years,499,Cardiomyopathy and myocarditis,102,High alcohol use,1,Number,2021,0.1561255498827283,0.5458065969278738,0.029658281712010754
1,All Population,1,Deaths,4867,Punjab,2,Female,9,20-24 years,499,Cardiomyopathy and myocarditis,102,High alcohol use,1,Number,2021,0.07542089325057495,0.25909708216174687,0.008808441962063023
1,All Population,1,Deaths,4842,Arunachal Pradesh,1,Male,9,20-24 years,494,Stroke,102,High alcohol use,1,Number,2023,0.02187510973252339,0.07638744529171293,-0.0030286716741122132
1,All Population,1,Deaths,4842,Arunachal Pradesh,2,Female,9,20-24 years,494,Stroke,102,High alcohol use,1,Number,2023,-0.001989770247536406,0.003675035520503982,-0.008976213355264821
1,All Population,1,Deaths,4860,Maharashtra,1,Male,9,20-24 years,498,Hypertensive heart disease,102,High alcohol use,1,Number,2021,0.1732143226357945,0.36437119550442343,0.0691947915525232
1,All Population,1,Deaths,4860,Maharashtra,2,Female,9,20-24 years,498,Hypertensive heart disease,102,High alcohol use,1,Number,2021,0.0013688727725574485,0.00325336794091327,0.00021845205583675663
1,All Population,1,Deaths,4863,Mizoram,1,Male,9,20-24 years,498,Hypertensive heart disease,102,High alcohol use,1,Number,2022,0.0024693695234434994,0.005013192662442488,0.0009882539849849605
1,All Population,1,Deaths,4863,Mizoram,2,Female,9,20-24 years,498,Hypertensive heart disease,102,High alcohol use,1,Number,2022,0.00014930453195645377,0.000390053294854831,2.3635386462756704e-05
1,All Population,1,Deaths,4851,Gujarat,1,Male,9,20-24 years,498,Hypertensive heart disease,102,High alcohol use,1,Number,2021,0.09166651164618424,0.19382916495684596,0.03234078404955966
1,All Population,1,Deaths,4851,Gujarat,2,Female,9,20-24 years,498,Hypertensive heart disease,102,High alcohol use,1,Number,2021,0.0010601271928959248,0.0031396256550522686,0.0001627196910684089
1,All Population,1,Deaths,4873,Uttar Pradesh,1,Male,9,20-24 years,493,Ischemic heart disease,102,High alcohol use,1,Number,2021,-3.0448772691068773,2.187208783399291,-9.460419420708536
1,All Population,1,Deaths,4873,Uttar Pradesh,2,Female,9,20-24 years,493,Ischemic heart disease,102,High alcohol use,1,Number,2021,-0.10289619758555778,0.08794238901561877,-0.45084942503793934
1,All Population,1,Deaths,4863,Mizoram,1,Male,9,20-24 years,498,Hypertensive heart disease,102,High alcohol use,1,Number,2023,0.0025712113991966405,0.00601650587556333,0.000913294910141865
1,All Population,1,Deaths,4863,Mizoram,2,Female,9,20-24 years,498,Hypertensive heart disease,102,High alcohol use,1,Number,2023,0.00015151618537623544,0.00040373203505964466,2.089765341102748e-05
1,All Population,1,Deaths,4862,Meghalaya,1,Male,9,20-24 years,494,Stroke,102,High alcohol use,1,Number,2023,0.03392155101187144,0.11572678572000035,-0.004459028515444363
1,All Population,1,Deaths,4862,Meghalaya,2,Female,9,20-24 years,494,Stroke,102,High alcohol use,1,Number,2023,-0.0004910583167435977,0.0007007766119763427,-0.0022726038077055134
1,All Population,1,Deaths,4863,Mizoram,1,Male,9,20-24 years,499,Cardiomyopathy and myocarditis,102,High alcohol use,1,Number,2020,0.005443196396816787,0.01938605149527167,0.0007116632559944319
1,All Population,1,Deaths,4863,Mizoram,2,Female,9,20-24 years,499,Cardiomyopathy and myocarditis,102,High alcohol use,1,Number,2020,0.002970939625681907,0.012224953372504373,0.0004836195492095866
1,All Population,1,Deaths,4872,Tripura,1,Male,9,20-24 years,498,Hypertensive heart disease,102,High alcohol use,1,Number,2022,0.013174462905375809,0.027643123869750034,0.004961747258574683
1,All Population,1,Deaths,4872,Tripura,2,Female,9,20-24 years,498,Hypertensive heart disease,102,High alcohol use,1,Number,2022,0.0006381971252576776,0.001940139026173625,7.519819761581188e-05
1,All Population,1,Deaths,4857,Kerala,1,Male,9,20-24 years,499,Cardiomyopathy and myocarditis,102,High alcohol use,1,Number,2023,0.15031482285373354,0.4587164915780698,0.02866573213307494
1,All Population,1,Deaths,4857,Kerala,2,Female,9,20-24 years,499,Cardiomyopathy and myocarditis,102,High alcohol use,1,Number,2023,0.036909465413647057,0.14165626740237283,0.004564359636598241
1,All Population,1,Deaths,4853,Himachal Pradesh,1,Male,9,20-24 years,493,Ischemic heart disease,102,High alcohol use,1,Number,2023,-0.3887507026744438,0.24285914441080753,-1.2525641152284477
1,All Population,1,Deaths,4853,Himachal Pradesh,2,Female,9,20-24 years,493,Ischemic heart disease,102,High alcohol use,1,Number,2023,-0.004475689282983565,0.003435916958088242,-0.016216561499979874
1,All Population,1,Deaths,4844,Bihar,1,Male,9,20-24 years,493,Ischemic heart disease,102,High alcohol use,1,Number,2023,-2.5412015297227684,1.7975439641070274,-8.196454527502983
1,All Population,1,Deaths,4844,Bihar,2,Female,9,20-24 years,493,Ischemic heart disease,102,High alcohol use,1,Number,2023,-0.06116748532610957,0.041544968359049916,-0.24313530770698394
1,All Population,1,Deaths,4868,Rajasthan,1,Male,9,20-24 years,499,Cardiomyopathy and myocarditis,102,High alcohol use,1,Number,2023,0.4002817125208266,1.4683537277103726,0.06380327852099288
1,All Population,1,Deaths,4868,Rajasthan,2,Female,9,20-24 years,499,Cardiomyopathy and myocarditis,102,High alcohol use,1,Number,2023,0.11776895994919605,0.4306207693922631,0.019413946415728935
1,All Population,1,Deaths,4860,Maharashtra,1,Male,9,20-24 years,494,Stroke,102,High alcohol use,1,Number,2023,0.638652938038088,2.1782524772766063,-0.0855044084011614
1,All Population,1,Deaths,4860,Maharashtra,2,Female,9,20-24 years,494,Stroke,102,High alcohol use,1,Number,2023,-0.002208999464581734,0.003476093137640863,-0.009412121911791454
1,All Population,1,Deaths,4855,Jharkhand,1,Male,9,20-24 years,493,Ischemic heart disease,102,High alcohol use,1,Number,2023,-0.6423964391688307,0.31602997164132207,-2.0227781791137134
1,All Population,1,Deaths,4855,Jharkhand,2,Female,9,20-24 years,493,Ischemic heart disease,102,High alcohol use,1,Number,2023,-0.1007915745916554,0.061316357106063445,-0.4082349842588755
1,All Population,1,Deaths,4853,Himachal Pradesh,1,Male,9,20-24 years,494,Stroke,102,High alcohol use,1,Number,2023,0.022897610402131764,0.08722708115957617,-0.003329425017572814
1,All Population,1,Deaths,4853,Himachal Pradesh,2,Female,9,20-24 years,494,Stroke,102,High alcohol use,1,Number,2023,-0.00013203788764762958,0.00017562510081526084,-0.0006218309230758913
1,All Population,1,Deaths,4861,Manipur,1,Male,9,20-24 years,499,Cardiomyopathy and myocarditis,102,High alcohol use,1,Number,2022,0.021407384884561502,0.08168070926270493,0.002977228384856672
1,All Population,1,Deaths,4861,Manipur,2,Female,9,20-24 years,499,Cardiomyopathy and myocarditis,102,High alcohol use,1,Number,2022,0.008108987111354346,0.03504848272222069,0.001015499449593157
1,All Population,1,Deaths,4875,West Bengal,1,Male,9,20-24 years,499,Cardiomyopathy and myocarditis,102,High alcohol use,1,Number,2021,0.3735802943614821,1.2434215096499708,0.068121390627687
1,All Population,1,Deaths,4875,West Bengal,2,Female,9,20-24 years,499,Cardiomyopathy and myocarditis,102,High alcohol use,1,Number,2021,0.11413643884903076,0.33511378989080803,0.016685753977597174
1,All Population,1,Deaths,4872,Tripura,1,Male,9,20-24 years,494,Stroke,332,Chewing tobacco,1,Number,2023,0.3238032307817443,0.8431266172786286,0.09335756901150583
1,All Population,1,Deaths,4872,Tripura,2,Female,9,20-24 years,494,Stroke,332,Chewing tobacco,1,Number,2023,0.3661432585027792,0.7634888992317019,0.1108212438250877
1,All Population,1,Deaths,4872,Tripura,1,Male,9,20-24 years,493,Ischemic heart disease,102,High alcohol use,1,Number,2022,-0.2284608646328722,0.16939142007742097,-0.7400084134578455
1,All Population,1,Deaths,4872,Tripura,2,Female,9,20-24 years,493,Ischemic heart disease,102,High alcohol use,1,Number,2022,-0.0211776699020767,0.01745731955054269,-0.07628774693049364
1,All Population,1,Deaths,4861,Manipur,1,Male,9,20-24 years,494,Stroke,102,High alcohol use,1,Number,2022,0.03723825704154755,0.12533820097772186,-0.004694207871656887
1,All Population,1,Deaths,4861,Manipur,2,Female,9,20-24 years,494,Stroke,102,High alcohol use,1,Number,2022,-0.0009693454108905239,0.0014953544648522246,-0.004292122734678062
1,All Population,1,Deaths,4871,Telangana,1,Male,9,20-24 years,498,Hypertensive heart disease,102,High alcohol use,1,Number,2021,0.3118131749345786,0.6238378601313993,0.12188952235089498
1,All Population,1,Deaths,4871,Telangana,2,Female,9,20-24 years,498,Hypertensive heart disease,102,High alcohol use,1,Number,2021,0.004475958848227696,0.013355943597818594,0.0006453617886046655
1,All Population,1,Deaths,4871,Telangana,1,Male,9,20-24 years,499,Cardiomyopathy and myocarditis,102,High alcohol use,1,Number,2021,0.34260280778031343,1.1399418302347817,0.05711064107601275
1,All Population,1,Deaths,4871,Telangana,2,Female,9,20-24 years,499,Cardiomyopathy and myocarditis,102,High alcohol use,1,Number,2021,0.07026277180909488,0.23884769434857306,0.010414645782336186
1,All Population,1,Deaths,44538,Other Union Territories,1,Male,9,20-24 years,493,Ischemic heart disease,102,High alcohol use,1,Number,2022,-0.29810410484704936,0.23620004531681676,-0.9132781788299544
1,All Population,1,Deaths,44538,Other Union Territories,2,Female,9,20-24 years,493,Ischemic heart disease,102,High alcohol use,1,Number,2022,-0.007368661977111106,0.007378163531839392,-0.027049082051640385
1,All Population,1,Deaths,4873,Uttar Pradesh,1,Male,9,20-24 years,498,Hypertensive heart disease,102,High alcohol use,1,Number,2022,0.24792593060716706,0.5602666326998873,0.07259217235733602
1,All Population,1,Deaths,4873,Uttar Pradesh,2,Female,9,20-24 years,498,Hypertensive heart disease,102,High alcohol use,1,Number,2022,0.003541248010855317,0.010490287055781389,0.0005061272355657369
1,All Population,1,Deaths,4875,West Bengal,1,Male,9,20-24 years,494,Stroke,102,High alcohol use,1,Number,2021,0.47672530696312443,1.718338704522263,-0.0552253135952709
1,All Population,1,Deaths,4875,West Bengal,2,Female,9,20-24 years,494,Stroke,102,High alcohol use,1,Number,2021,-0.00521060528225989,0.006606301586213139,-0.02091738031710065
1,All Population,1,Deaths,4859,Madhya Pradesh,1,Male,9,20-24 years,499,Cardiomyopathy and myocarditis,102,High alcohol use,1,Number,2021,0.5862031569438086,2.127326112971761,0.09210406798881685
1,All Population,1,Deaths,4859,Madhya Pradesh,2,Female,9,20-24 years,499,Cardiomyopathy and myocarditis,102,High alcohol use,1,Number,2021,0.18298688207787142,0.6063766074676997,0.02188221185441215
1,All Population,1,Deaths,4873,Uttar Pradesh,1,Male,9,20-24 years,499,Cardiomyopathy and myocarditis,102,High alcohol use,1,Number,2021,1.4555676010816803,4.67829696456659,0.2263347351514891
1,All Population,1,Deaths,4873,Uttar Pradesh,2,Female,9,20-24 years,499,Cardiomyopathy and myocarditis,102,High alcohol use,1,Number,2021,0.7529227588698938,2.9717318598827744,0.10202664745637943
1,All Population,1,Deaths,4849,Delhi,1,Male,9,20-24 years,498,Hypertensive heart disease,102,High alcohol use,1,Number,2021,0.040848774307248044,0.08388985069619129,0.013485665855353502
1,All Population,1,Deaths,4849,Delhi,2,Female,9,20-24 years,498,Hypertensive heart disease,102,High alcohol use,1,Number,2021,0.0006551808644357048,0.0017705257530770979,9.050127925532876e-05
1,All Population,1,Deaths,4870,Tamil Nadu,1,Male,9,20-24 years,494,Stroke,332,Chewing tobacco,1,Number,2023,0.6516871129773654,2.0016179525254207,0.16024437353667573
1,All Population,1,Deaths,4870,Tamil Nadu,2,Female,9,20-24 years,494,Stroke,332,Chewing tobacco,1,Number,2023,0.13869207376782894,0.3364751766171305,0.02932387823085964
1,All Population,1,Deaths,4870,Tamil Nadu,1,Male,9,20-24 years,498,Hypertensive heart disease,102,High alcohol use,1,Number,2022,0.2396500874763291,0.4620123026253619,0.10113109479096337
1,All Population,1,Deaths,4870,Tamil Nadu,2,Female,9,20-24 years,498,Hypertensive heart disease,102,High alcohol use,1,Number,2022,0.0008043300111393732,0.002313100122500141,9.787622646948105e-05
1,All Population,1,Deaths,4861,Manipur,1,Male,9,20-24 years,498,Hypertensive heart disease,102,High alcohol use,1,Number,2022,0.014002759991557522,0.02791123828757302,0.005096391008588557
1,All Population,1,Deaths,4861,Manipur,2,Female,9,20-24 years,498,Hypertensive heart disease,102,High alcohol use,1,Number,2022,0.0005384222565360761,0.0015033955031829634,8.03807678929615e-05
1,All Population,1,Deaths,4855,Jharkhand,1,Male,9,20-24 years,499,Cardiomyopathy and myocarditis,102,High alcohol use,1,Number,2021,0.166686189263269,0.6062420364341581,0.03206919833057486
1,All Population,1,Deaths,4855,Jharkhand,2,Female,9,20-24 years,499,Cardiomyopathy and myocarditis,102,High alcohol use,1,Number,2021,0.0802200774802994,0.2830936012877822,0.010378880650979312
1,All Population,1,Deaths,4874,Uttarakhand,1,Male,9,20-24 years,494,Stroke,332,Chewing tobacco,1,Number,2022,0.23284409445967633,0.61259874218372,0.047569518563939504
1,All Population,1,Deaths,4874,Uttarakhand,2,Female,9,20-24 years,494,Stroke,332,Chewing tobacco,1,Number,2022,0.019119088223747274,0.06773134837146098,0.0033967527057396606
1,All Population,1,Deaths,4864,Nagaland,1,Male,9,20-24 years,493,Ischemic heart disease,102,High alcohol use,1,Number,2021,-0.10890911540218638,0.0830488038124238,-0.32054645098782897
1,All Population,1,Deaths,4864,Nagaland,2,Female,9,20-24 years,493,Ischemic heart disease,102,High alcohol use,1,Number,2021,-0.014109981721628698,0.013695289808807395,-0.0469207569134002
1,All Population,1,Deaths,4860,Maharashtra,1,Male,9,20-24 years,494,Stroke,332,Chewing tobacco,1,Number,2023,5.625066337993361,11.5550067930741,1.9932468739589284
1,All Population,1,Deaths,4860,Maharashtra,2,Female,9,20-24 years,494,Stroke,332,Chewing tobacco,1,Number,2023,0.6143652764458211,1.5070521200202642,0.15726368062504434
1,All Population,1,Deaths,4870,Tamil Nadu,1,Male,9,20-24 years,499,Cardiomyopathy and myocarditis,102,High alcohol use,1,Number,2023,0.31815470774874693,1.042758695046731,0.05924301898514281
1,All Population,1,Deaths,4870,Tamil Nadu,2,Female,9,20-24 years,499,Cardiomyopathy and myocarditis,102,High alcohol use,1,Number,2023,0.09715396483686539,0.34983830285074796,0.015143908300957363
1,All Population,1,Deaths,4841,Andhra Pradesh,1,Male,9,20-24 years,494,Stroke,102,High alcohol use,1,Number,2023,0.16482982550256386,0.6341619360015838,-0.024797307694443594
1,All Population,1,Deaths,4841,Andhra Pradesh,2,Female,9,20-24 years,494,Stroke,102,High alcohol use,1,Number,2023,-0.0029983361211804184,0.00390082542523125,-0.013054546545296652
1,All Population,1,Deaths,4862,Meghalaya,1,Male,9,20-24 years,498,Hypertensive heart disease,102,High alcohol use,1,Number,2023,0.01961570768644456,0.04720308286354087,0.006353480396329323
1,All Population,1,Deaths,4862,Meghalaya,2,Female,9,20-24 years,498,Hypertensive heart disease,102,High alcohol use,1,Number,2023,0.00043629254271292323,0.0011963808936016277,4.434815866777544e-05
1,All Population,1,Deaths,4856,Karnataka,1,Male,9,20-24 years,498,Hypertensive heart disease,102,High alcohol use,1,Number,2023,0.1673627017796257,0.3570548134041819,0.05677278375076042
1,All Population,1,Deaths,4856,Karnataka,2,Female,9,20-24 years,498,Hypertensive heart disease,102,High alcohol use,1,Number,2023,0.0032111731837241543,0.00809031111981435,0.0005046295648903026
1,All Population,1,Deaths,44538,Other Union Territories,1,Male,9,20-24 years,494,Stroke,332,Chewing tobacco,1,Number,2022,0.06385800542735363,0.15216617747008868,0.01994737485866207
1,All Population,1,Deaths,44538,Other Union Territories,2,Female,9,20-24 years,494,Stroke,332,Chewing tobacco,1,Number,2022,0.007940736892826818,0.024258003164939018,0.0018259916489317888
1,All Population,1,Deaths,4849,Delhi,1,Male,9,20-24 years,494,Stroke,102,High alcohol use,1,Number,2021,0.03984020656214366,0.1540334449084632,-0.0057866680906575214
1,All Population,1,Deaths,4849,Delhi,2,Female,9,20-24 years,494,Stroke,102,High alcohol use,1,Number,2021,-0.0006602647088500114,0.000601609972534409,-0.0027256596998745364
1,All Population,1,Deaths,4867,Punjab,1,Male,9,20-24 years,498,Hypertensive heart disease,102,High alcohol use,1,Number,2022,0.07735290631365019,0.16223841364876293,0.03173118225458083
1,All Population,1,Deaths,4867,Punjab,2,Female,9,20-24 years,498,Hypertensive heart disease,102,High alcohol use,1,Number,2022,0.0005386967158026758,0.0015221411929570324,6.675908291818559e-05
1,All Population,1,Deaths,4849,Delhi,1,Male,9,20-24 years,494,Stroke,332,Chewing tobacco,1,Number,2022,0.16735869389081098,0.46162166141577654,0.040972795354219375
1,All Population,1,Deaths,4849,Delhi,2,Female,9,20-24 years,494,Stroke,332,Chewing tobacco,1,Number,2022,0.022713407290909357,0.0684154593079293,0.004656976681620722
1,All Population,1,Deaths,4871,Telangana,1,Male,9,20-24 years,493,Ischemic heart disease,102,High alcohol use,1,Number,2021,-8.191894541507722,5.502129499352039,-22.98891076754887
1,All Population,1,Deaths,4871,Telangana,2,Female,9,20-24 years,493,Ischemic heart disease,102,High alcohol use,1,Number,2021,-0.19482446813987983,0.19769269552544944,-0.7209968637730066
1,All Population,1,Deaths,4869,Sikkim,1,Male,9,20-24 years,494,Stroke,102,High alcohol use,1,Number,2022,0.002995745973584906,0.01015360693589286,-0.0003802639423408661
1,All Population,1,Deaths,4869,Sikkim,2,Female,9,20-24 years,494,Stroke,102,High alcohol use,1,Number,2022,-0.00035754474355700774,0.0003723672038095987,-0.0014551156281856095
1,All Population,1,Deaths,4874,Uttarakhand,1,Male,9,20-24 years,493,Ischemic heart disease,102,High alcohol use,1,Number,2023,-1.0166729266772647,0.7430754505125254,-3.4602632197458574
1,All Population,1,Deaths,4874,Uttarakhand,2,Female,9,20-24 years,493,Ischemic heart disease,102,High alcohol use,1,Number,2023,-0.010619999988638938,0.0078099801473107055,-0.03890724931557691
1,All Population,1,Deaths,4857,Kerala,1,Male,9,20-24 years,494,Stroke,332,Chewing tobacco,1,Number,2023,0.3927494726407362,1.1162595085503804,0.09626837995871487
1,All Population,1,Deaths,4857,Kerala,2,Female,9,20-24 years,494,Stroke,332,Chewing tobacco,1,Number,2023,0.0387671033302065,0.09906271719811506,0.009700251408996843
1,All Population,1,Deaths,4864,Nagaland,1,Male,9,20-24 years,499,Cardiomyopathy and myocarditis,102,High alcohol use,1,Number,2023,0.013997427155174231,0.04683554677622009,0.0028776816559164687
1,All Population,1,Deaths,4864,Nagaland,2,Female,9,20-24 years,499,Cardiomyopathy and myocarditis,102,High alcohol use,1,Number,2023,0.0050666228449906545,0.019273577370990815,0.0006043588068020397
1,All Population,1,Deaths,4867,Punjab,1,Male,9,20-24 years,494,Stroke,332,Chewing tobacco,1,Number,2023,0.2357218587767216,0.6705350133304382,0.0441125876834771
1,All Population,1,Deaths,4867,Punjab,2,Female,9,20-24 years,494,Stroke,332,Chewing tobacco,1,Number,2023,0.023057599950304666,0.06952742106206108,0.005016973875233472
1,All Population,1,Deaths,4854,Jammu & Kashmir and Ladakh,1,Male,9,20-24 years,493,Ischemic heart disease,102,High alcohol use,1,Number,2022,-0.14974573928061655,0.0937334676349113,-0.4912526273308577
1,All Population,1,Deaths,4854,Jammu & Kashmir and Ladakh,2,Female,9,20-24 years,493,Ischemic heart disease,102,High alcohol use,1,Number,2022,-0.006836139519212158,0.005733807813144495,-0.02606071260707281
1,All Population,1,Deaths,4867,Punjab,1,Male,9,20-24 years,494,Stroke,102,High alcohol use,1,Number,2020,0.14598633108003692,0.5014154728002307,-0.01816659904801038
1,All Population,1,Deaths,4867,Punjab,2,Female,9,20-24 years,494,Stroke,102,High alcohol use,1,Number,2020,-0.0005389209934037655,0.0007682219082908624,-0.0020214608798193464
1,All Population,1,Deaths,44538,Other Union Territories,1,Male,9,20-24 years,499,Cardiomyopathy and myocarditis,102,High alcohol use,1,Number,2022,0.019834871053106412,0.06373347401822367,0.0039046973059949875
1,All Population,1,Deaths,44538,Other Union Territories,2,Female,9,20-24 years,499,Cardiomyopathy and myocarditis,102,High alcohol use,1,Number,2022,0.006608852308703182,0.027184685799689884,0.0010163378984836466
1,All Population,1,Deaths,4870,Tamil Nadu,1,Male,9,20-24 years,494,Stroke,102,High alcohol use,1,Number,2022,0.46902125269589756,1.627097474421232,-0.06711481245220886
1,All Population,1,Deaths,4870,Tamil Nadu,2,Female,9,20-24 years,494,Stroke,102,High alcohol use,1,Number,2022,-0.0015835535953063191,0.002304714986737317,-0.006740707456303308
1,All Population,1,Deaths,4874,Uttarakhand,1,Male,9,20-24 years,499,Cardiomyopathy and myocarditis,102,High alcohol use,1,Number,2022,0.07885691080283048,0.2545504629770991,0.012611301490259474
1,All Population,1,Deaths,4874,Uttarakhand,2,Female,9,20-24 years,499,Cardiomyopathy and myocarditis,102,High alcohol use,1,Number,2022,0.0410463547928108,0.16300241156702389,0.005894715800112519
1,All Population,1,Deaths,4873,Uttar Pradesh,1,Male,9,20-24 years,494,Stroke,332,Chewing tobacco,1,Number,2021,18.0650691607412,40.214822355704705,6.378792476722543
1,All Population,1,Deaths,4873,Uttar Pradesh,2,Female,9,20-24 years,494,Stroke,332,Chewing tobacco,1,Number,2021,3.093989576746459,7.809401233854046,0.7593033505258977
1,All Population,1,Deaths,4852,Haryana,1,Male,9,20-24 years,494,Stroke,332,Chewing tobacco,1,Number,2022,0.7666789063382804,2.0024038571025216,0.18982683737595002
1,All Population,1,Deaths,4852,Haryana,2,Female,9,20-24 years,494,Stroke,332,Chewing tobacco,1,Number,2022,0.039830302387330284,0.11363728829470246,0.008593829705458005
1,All Population,1,Deaths,4873,Uttar Pradesh,1,Male,9,20-24 years,494,Stroke,332,Chewing tobacco,1,Number,2020,15.675388316834843,32.21130156846497,6.052374973482916
1,All Population,1,Deaths,4873,Uttar Pradesh,2,Female,9,20-24 years,494,Stroke,332,Chewing tobacco,1,Number,2020,2.858003548156622,7.656984840141812,0.706997826802206
1,All Population,1,Deaths,4844,Bihar,1,Male,9,20-24 years,494,Stroke,332,Chewing tobacco,1,Number,2021,2.493173927065301,5.662454957237304,0.7983914466902582
1,All Population,1,Deaths,4844,Bihar,2,Female,9,20-24 years,494,Stroke,332,Chewing tobacco,1,Number,2021,0.20549355347919046,0.6047300657184833,0.03702330013840533
1,All Population,1,Deaths,4843,Assam,1,Male,9,20-24 years,493,Ischemic heart disease,102,High alcohol use,1,Number,2023,-1.0235856898887101,0.7159378816569741,-3.376801014945453
1,All Population,1,Deaths,4843,Assam,2,Female,9,20-24 years,493,Ischemic heart disease,102,High alcohol use,1,Number,2023,-0.12738010511228537,0.09773952916067669,-0.45995544147480766
1,All Population,1,Deaths,4851,Gujarat,1,Male,9,20-24 years,499,Cardiomyopathy and myocarditis,102,High alcohol use,1,Number,2022,0.44279432202167074,1.3449344439761861,0.08536836422880291
1,All Population,1,Deaths,4851,Gujarat,2,Female,9,20-24 years,499,Cardiomyopathy and myocarditis,102,High alcohol use,1,Number,2022,0.10298474349226822,0.4068569623268535,0.016522714558832512
1,All Population,1,Deaths,4859,Madhya Pradesh,1,Male,9,20-24 years,494,Stroke,102,High alcohol use,1,Number,2021,0.47590234841175955,1.7599577547186573,-0.06147314572596105
1,All Population,1,Deaths,4859,Madhya Pradesh,2,Female,9,20-24 years,494,Stroke,102,High alcohol use,1,Number,2021,-0.007673237286556682,0.01249647731679695,-0.028766364956923807
1,All Population,1,Deaths,4859,Madhya Pradesh,1,Male,9,20-24 years,494,Stroke,102,High alcohol use,1,Number,2023,0.3860488733310427,1.5420292024613398,-0.05480959781763625
1,All Population,1,Deaths,4859,Madhya Pradesh,2,Female,9,20-24 years,494,Stroke,102,High alcohol use,1,Number,2023,-0.006862913922534889,0.011942061553633242,-0.03365856556800097
1,All Population,1,Deaths,4874,Uttarakhand,1,Male,9,20-24 years,494,Stroke,102,High alcohol use,1,Number,2023,0.05554693549857229,0.20730306000019824,-0.008538795381868747
1,All Population,1,Deaths,4874,Uttarakhand,2,Female,9,20-24 years,494,Stroke,102,High alcohol use,1,Number,2023,-0.0003840809767473912,0.0005703410528365995,-0.0017818956258453572
1,All Population,1,Deaths,4854,Jammu & Kashmir and Ladakh,1,Male,9,20-24 years,493,Ischemic heart disease,102,High alcohol use,1,Number,2023,-0.1541749643284311,0.08330472050284143,-0.47885475835338065
1,All Population,1,Deaths,4854,Jammu & Kashmir and Ladakh,2,Female,9,20-24 years,493,Ischemic heart disease,102,High alcohol use,1,Number,2023,-0.0071093280704439335,0.00466557381842373,-0.026390729609223805
1,All Population,1,Deaths,4844,Bihar,1,Male,9,20-24 years,494,Stroke,102,High alcohol use,1,Number,2022,0.22650293490864348,0.8126816193411961,-0.029915997326768164
1,All Population,1,Deaths,4844,Bihar,2,Female,9,20-24 years,494,Stroke,102,High alcohol use,1,Number,2022,-0.00217042727929157,0.0024261817276478117,-0.009934476857059255
1,All Population,1,Deaths,4869,Sikkim,1,Male,9,20-24 years,498,Hypertensive heart disease,102,High alcohol use,1,Number,2023,0.0022432623789885755,0.004823923905166724,0.0007885257075034071
1,All Population,1,Deaths,4869,Sikkim,2,Female,9,20-24 years,498,Hypertensive heart disease,102,High alcohol use,1,Number,2023,0.0003013730696133514,0.0008426703975993618,3.721175070971682e-05
1,All Population,1,Deaths,4862,Meghalaya,1,Male,9,20-24 years,493,Ischemic heart disease,102,High alcohol use,1,Number,2023,-0.1695577525245378,0.09913624792368672,-0.5668458253671127
1,All Population,1,Deaths,4862,Meghalaya,2,Female,9,20-24 years,493,Ischemic heart disease,102,High alcohol use,1,Number,2023,-0.008061860944919603,0.006738542029442777,-0.03197410834839075
1,All Population,1,Deaths,4872,Tripura,1,Male,9,20-24 years,494,Stroke,102,High alcohol use,1,Number,2023,0.04584244085911809,0.17140796134792383,-0.006474343961672844
1,All Population,1,Deaths,4872,Tripura,2,Female,9,20-24 years,494,Stroke,102,High alcohol use,1,Number,2023,-0.0015936588276185184,0.0019506571098598072,-0.0075095105937022745
1,All Population,1,Deaths,4869,Sikkim,1,Male,9,20-24 years,493,Ischemic heart disease,102,High alcohol use,1,Number,2021,-0.04444934496839245,0.0299142340648913,-0.14755488746315382
1,All Population,1,Deaths,4869,Sikkim,2,Female,9,20-24 years,493,Ischemic heart disease,102,High alcohol use,1,Number,2021,-0.010494187090640832,0.009456938133855012,-0.03716849480176866
1,All Population,1,Deaths,4844,Bihar,1,Male,9,20-24 years,498,Hypertensive heart disease,102,High alcohol use,1,Number,2020,0.21694973949609686,0.45560518574119896,0.0740908878542096
1,All Population,1,Deaths,4844,Bihar,2,Female,9,20-24 years,498,Hypertensive heart disease,102,High alcohol use,1,Number,2020,0.0014916680468944083,0.004312064061955974,0.00019743165593101878
1,All Population,1,Deaths,4851,Gujarat,1,Male,9,20-24 years,493,Ischemic heart disease,102,High alcohol use,1,Number,2021,-0.90425293195677,0.7232907184120747,-2.919405252430232
1,All Population,1,Deaths,4851,Gujarat,2,Female,9,20-24 years,493,Ischemic heart disease,102,High alcohol use,1,Number,2021,-0.02435969907767535,0.02127545351450842,-0.09251172290058626
1,All Population,1,Deaths,4849,Delhi,1,Male,9,20-24 years,499,Cardiomyopathy and myocarditis,102,High alcohol use,1,Number,2021,0.10568868128779951,0.33272936151656607,0.021420011182095754
1,All Population,1,Deaths,4849,Delhi,2,Female,9,20-24 years,499,Cardiomyopathy and myocarditis,102,High alcohol use,1,Number,2021,0.04326183925566549,0.14802803338927512,0.007862432993328535
1,All Population,1,Deaths,4857,Kerala,1,Male,9,20-24 years,499,Cardiomyopathy and myocarditis,102,High alcohol use,1,Number,2021,0.1529578109879053,0.4870897828910964,0.031227074950991057
1,All Population,1,Deaths,4857,Kerala,2,Female,9,20-24 years,499,Cardiomyopathy and myocarditis,102,High alcohol use,1,Number,2021,0.039510244919611234,0.12651776576784265,0.00631349770909648
1,All Population,1,Deaths,4856,Karnataka,1,Male,9,20-24 years,494,Stroke,332,Chewing tobacco,1,Number,2022,1.6865359344767081,4.140505960633738,0.4005973727895118
1,All Population,1,Deaths,4856,Karnataka,2,Female,9,20-24 years,494,Stroke,332,Chewing tobacco,1,Number,2022,0.13955278680623015,0.37465769819022876,0.03474779874433192
1,All Population,1,Deaths,4851,Gujarat,1,Male,9,20-24 years,498,Hypertensive heart disease,102,High alcohol use,1,Number,2022,0.07575126635470233,0.14926410582557598,0.027451078293318505
1,All Population,1,Deaths,4851,Gujarat,2,Female,9,20-24 years,498,Hypertensive heart disease,102,High alcohol use,1,Number,2022,0.0009476332148154779,0.002614691374977035,0.00011740690640736406
1,All Population,1,Deaths,4849,Delhi,1,Male,9,20-24 years,493,Ischemic heart disease,102,High alcohol use,1,Number,2022,-0.815640115655932,0.599185027052907,-2.4637834905932374
1,All Population,1,Deaths,4849,Delhi,2,Female,9,20-24 years,493,Ischemic heart disease,102,High alcohol use,1,Number,2022,-0.02027684916560333,0.018547403742591874,-0.07308195165168113
1,All Population,1,Deaths,4855,Jharkhand,1,Male,9,20-24 years,493,Ischemic heart disease,102,High alcohol use,1,Number,2022,-0.6528112179146178,0.3829617722501974,-1.927685178697505
1,All Population,1,Deaths,4855,Jharkhand,2,Female,9,20-24 years,493,Ischemic heart disease,102,High alcohol use,1,Number,2022,-0.09982520302384766,0.07999030206908772,-0.4337210077652476
1,All Population,1,Deaths,4874,Uttarakhand,1,Male,9,20-24 years,498,Hypertensive heart disease,102,High alcohol use,1,Number,2021,0.042291197716830486,0.09251787398619728,0.014215338834164482
1,All Population,1,Deaths,4874,Uttarakhand,2,Female,9,20-24 years,498,Hypertensive heart disease,102,High alcohol use,1,Number,2021,0.00036242935253218497,0.0010130969771009399,4.600664559064239e-05
1,All Population,1,Deaths,4853,Himachal Pradesh,1,Male,9,20-24 years,493,Ischemic heart disease,102,High alcohol use,1,Number,2022,-0.38574098775262616,0.2787774845260309,-1.2393236733541082
1,All Population,1,Deaths,4853,Himachal Pradesh,2,Female,9,20-24 years,493,Ischemic heart disease,102,High alcohol use,1,Number,2022,-0.00438594354613891,0.003554366124254385,-0.014349018548875388
1,All Population,1,Deaths,4844,Bihar,1,Male,9,20-24 years,493,Ischemic heart disease,102,High alcohol use,1,Number,2021,-2.5989899118417292,1.8138827739868697,-8.273722366856886
1,All Population,1,Deaths,4844,Bihar,2,Female,9,20-24 years,493,Ischemic heart disease,102,High alcohol use,1,Number,2021,-0.06335382227253694,0.049190854050125826,-0.256871609234251
1,All Population,1,Deaths,44538,Other Union Territories,1,Male,9,20-24 years,493,Ischemic heart disease,102,High alcohol use,1,Number,2023,-0.30272673163159497,0.20234418508466176,-0.9775043645422145
1,All Population,1,Deaths,44538,Other Union Territories,2,Female,9,20-24 years,493,Ischemic heart disease,102,High alcohol use,1,Number,2023,-0.007717452564892838,0.005605522522126437,-0.026763452398265684
1,All Population,1,Deaths,4856,Karnataka,1,Male,9,20-24 years,498,Hypertensive heart disease,102,High alcohol use,1,Number,2022,0.16921962128464843,0.33488233002054074,0.06037505859128105
1,All Population,1,Deaths,4856,Karnataka,2,Female,9,20-24 years,498,Hypertensive heart disease,102,High alcohol use,1,Number,2022,0.0032004311567232317,0.007174640416970227,0.0004775786187587489
1,All Population,1,Deaths,4872,Tripura,1,Male,9,20-24 years,499,Cardiomyopathy and myocarditis,102,High alcohol use,1,Number,2021,0.021888009834742875,0.07759544005599221,0.0041919836126625785
1,All Population,1,Deaths,4872,Tripura,2,Female,9,20-24 years,499,Cardiomyopathy and myocarditis,102,High alcohol use,1,Number,2021,0.011866189737818061,0.044198300676840496,0.0015863859874485266
1,All Population,1,Deaths,4865,Odisha,1,Male,9,20-24 years,494,Stroke,332,Chewing tobacco,1,Number,2023,2.9007881962203457,6.885896679644599,0.9082458659872344
1,All Population,1,Deaths,4865,Odisha,2,Female,9,20-24 years,494,Stroke,332,Chewing tobacco,1,Number,2023,1.1169683409930264,2.6808873172118055,0.3044915841650043
1,All Population,1,Deaths,4871,Telangana,1,Male,9,20-24 years,494,Stroke,102,High alcohol use,1,Number,2023,0.4355115417196016,1.5557508193106486,-0.07705969213013789
1,All Population,1,Deaths,4871,Telangana,2,Female,9,20-24 years,494,Stroke,102,High alcohol use,1,Number,2023,-0.004750777502671712,0.00769343592329221,-0.025309468111751332
1,All Population,1,Deaths,4846,Chhattisgarh,1,Male,9,20-24 years,499,Cardiomyopathy and myocarditis,102,High alcohol use,1,Number,2023,0.3046031533496619,1.1117843676603536,0.04442937522354233
1,All Population,1,Deaths,4846,Chhattisgarh,2,Female,9,20-24 years,499,Cardiomyopathy and myocarditis,102,High alcohol use,1,Number,2023,0.08135701758664776,0.3187977112273012,0.008967850666477244
1,All Population,1,Deaths,4855,Jharkhand,1,Male,9,20-24 years,499,Cardiomyopathy and myocarditis,102,High alcohol use,1,Number,2022,0.15354688954466789,0.5055427343263585,0.02666425331753636
1,All Population,1,Deaths,4855,Jharkhand,2,Female,9,20-24 years,499,Cardiomyopathy and myocarditis,102,High alcohol use,1,Number,2022,0.07047645989803886,0.23272461387251525,0.009918429312169396
1,All Population,1,Deaths,44538,Other Union Territories,1,Male,9,20-24 years,494,Stroke,102,High alcohol use,1,Number,2023,0.01799511287059021,0.06607840216973869,-0.002376487154147402
1,All Population,1,Deaths,44538,Other Union Territories,2,Female,9,20-24 years,494,Stroke,102,High alcohol use,1,Number,2023,-0.0002497427479568269,0.0003132518695134754,-0.0010877086608071208
1,All Population,1,Deaths,4875,West Bengal,1,Male,9,20-24 years,498,Hypertensive heart disease,102,High alcohol use,1,Number,2022,0.16351658113323467,0.32968106872830916,0.05973539646639073
1,All Population,1,Deaths,4875,West Bengal,2,Female,9,20-24 years,498,Hypertensive heart disease,102,High alcohol use,1,Number,2022,0.0020825745232853823,0.006022004637640615,0.0002848814329463161
1,All Population,1,Deaths,4867,Punjab,1,Male,9,20-24 years,499,Cardiomyopathy and myocarditis,102,High alcohol use,1,Number,2023,0.13795392296514764,0.5802863021771494,0.022828089278499365
1,All Population,1,Deaths,4867,Punjab,2,Female,9,20-24 years,499,Cardiomyopathy and myocarditis,102,High alcohol use,1,Number,2023,0.06492002871640935,0.21145471852820494,0.007472822707130686
1,All Population,1,Deaths,4860,Maharashtra,1,Male,9,20-24 years,498,Hypertensive heart disease,102,High alcohol use,1,Number,2022,0.19377483727289552,0.36974395294564605,0.07391178175336287
1,All Population,1,Deaths,4860,Maharashtra,2,Female,9,20-24 years,498,Hypertensive heart disease,102,High alcohol use,1,Number,2022,0.0012682980331278997,0.0030398414710328648,0.00017316453594241738
1,All Population,1,Deaths,4867,Punjab,1,Male,9,20-24 years,499,Cardiomyopathy and myocarditis,102,High alcohol use,1,Number,2022,0.1368246002932366,0.4300251550861488,0.027469017509841237
1,All Population,1,Deaths,4867,Punjab,2,Female,9,20-24 years,499,Cardiomyopathy and myocarditis,102,High alcohol use,1,Number,2022,0.06595133122426797,0.21662741639684852,0.007808021535147626
1,All Population,1,Deaths,4842,Arunachal Pradesh,1,Male,9,20-24 years,498,Hypertensive heart disease,102,High alcohol use,1,Number,2021,0.012487685069886732,0.025557112420422134,0.004802566235489842
1,All Population,1,Deaths,4842,Arunachal Pradesh,2,Female,9,20-24 years,498,Hypertensive heart disease,102,High alcohol use,1,Number,2021,0.0016277836789031724,0.0042973166693244455,0.00024524007231950664
1,All Population,1,Deaths,4869,Sikkim,1,Male,9,20-24 years,499,Cardiomyopathy and myocarditis,102,High alcohol use,1,Number,2022,0.0031580958119770642,0.010447341708320063,0.0004997450875825218
1,All Population,1,Deaths,4869,Sikkim,2,Female,9,20-24 years,499,Cardiomyopathy and myocarditis,102,High alcohol use,1,Number,2022,0.0011898583818893444,0.00470374336085984,0.00017100886550353587
1,All Population,1,Deaths,4852,Haryana,1,Male,9,20-24 years,494,Stroke,102,High alcohol use,1,Number,2023,0.010264306509032227,0.24536770611800598,-0.06900559015668245
1,All Population,1,Deaths,4852,Haryana,2,Female,9,20-24 years,494,Stroke,102,High alcohol use,1,Number,2023,-0.0008906001231414939,0.0013827482425955559,-0.004217803971200691
1,All Population,1,Deaths,4862,Meghalaya,1,Male,9,20-24 years,494,Stroke,332,Chewing tobacco,1,Number,2023,0.12381540229380135,0.3129383018859627,0.03078422436110873
1,All Population,1,Deaths,4862,Meghalaya,2,Female,9,20-24 years,494,Stroke,332,Chewing tobacco,1,Number,2023,0.18056455652675532,0.4313914556529639,0.060129169624776595
1,All Population,1,Deaths,4868,Rajasthan,1,Male,9,20-24 years,494,Stroke,102,High alcohol use,1,Number,2023,0.10623547555771806,0.38698474598904936,-0.01390824338539159
1,All Population,1,Deaths,4868,Rajasthan,2,Female,9,20-24 years,494,Stroke,102,High alcohol use,1,Number,2023,-0.0014440068771476844,0.0016252530239865945,-0.005792785900187938
1,All Population,1,Deaths,4865,Odisha,1,Male,9,20-24 years,498,Hypertensive heart disease,102,High alcohol use,1,Number,2021,0.1009743032438587,0.21285091869756612,0.03700160756505729
1,All Population,1,Deaths,4865,Odisha,2,Female,9,20-24 years,498,Hypertensive heart disease,102,High alcohol use,1,Number,2021,0.00445438422174432,0.010459111205187662,0.0006229576553629601
1,All Population,1,Deaths,4843,Assam,1,Male,9,20-24 years,494,Stroke,332,Chewing tobacco,1,Number,2023,3.784097541242588,8.531768819716463,1.2206182528704923
1,All Population,1,Deaths,4843,Assam,2,Female,9,20-24 years,494,Stroke,332,Chewing tobacco,1,Number,2023,1.417015532359332,3.123412522971268,0.4203782637973973
1,All Population,1,Deaths,4864,Nagaland,1,Male,9,20-24 years,499,Cardiomyopathy and myocarditis,102,High alcohol use,1,Number,2022,0.014128362579137839,0.049359572521774406,0.002775006463240771
1,All Population,1,Deaths,4864,Nagaland,2,Female,9,20-24 years,499,Cardiomyopathy and myocarditis,102,High alcohol use,1,Number,2022,0.0050898538161440144,0.019202918036100896,0.0007007126555103585
1,All Population,1,Deaths,4849,Delhi,1,Male,9,20-24 years,498,Hypertensive heart disease,102,High alcohol use,1,Number,2023,0.03379837863225198,0.07420897108637567,0.011460931529008674
1,All Population,1,Deaths,4849,Delhi,2,Female,9,20-24 years,498,Hypertensive heart disease,102,High alcohol use,1,Number,2023,0.0005738944334783558,0.0015801375205258131,7.182921540220419e-05
1,All Population,1,Deaths,4851,Gujarat,1,Male,9,20-24 years,494,Stroke,102,High alcohol use,1,Number,2022,0.1628034575006077,0.614678195660902,-0.017448138596596146
1,All Population,1,Deaths,4851,Gujarat,2,Female,9,20-24 years,494,Stroke,102,High alcohol use,1,Number,2022,-0.0019729651630132476,0.0030384997296410733,-0.00937160678408073
1,All Population,1,Deaths,4875,West Bengal,1,Male,9,20-24 years,494,Stroke,102,High alcohol use,1,Number,2022,0.4623505138758036,1.6144656195189198,-0.05958290999638878
1,All Population,1,Deaths,4875,West Bengal,2,Female,9,20-24 years,494,Stroke,102,High alcohol use,1,Number,2022,-0.004751391596743461,0.005379751409713953,-0.020956540200099866
1,All Population,1,Deaths,4871,Telangana,1,Male,9,20-24 years,494,Stroke,332,Chewing tobacco,1,Number,2022,0.6913421325829826,1.7661914595923411,0.1777183359225075
1,All Population,1,Deaths,4871,Telangana,2,Female,9,20-24 years,494,Stroke,332,Chewing tobacco,1,Number,2022,0.10757256436877012,0.3302927419940872,0.022679729586503317
1,All Population,1,Deaths,4860,Maharashtra,1,Male,9,20-24 years,493,Ischemic heart disease,102,High alcohol use,1,Number,2020,-2.1071758866920125,2.0521950126669743,-6.095660127726674
1,All Population,1,Deaths,4860,Maharashtra,2,Female,9,20-24 years,493,Ischemic heart disease,102,High alcohol use,1,Number,2020,-0.023877427555354748,0.02321000208652725,-0.07777789082812792
1,All Population,1,Deaths,4862,Meghalaya,1,Male,9,20-24 years,494,Stroke,102,High alcohol use,1,Number,2021,0.040530652864959646,0.142406517190688,-0.0047032761777485105
1,All Population,1,Deaths,4862,Meghalaya,2,Female,9,20-24 years,494,Stroke,102,High alcohol use,1,Number,2021,-0.000646595284696913,0.0008651789432959447,-0.002480191156711201
1,All Population,1,Deaths,4846,Chhattisgarh,1,Male,9,20-24 years,498,Hypertensive heart disease,102,High alcohol use,1,Number,2023,0.2561104509633887,0.5629177912975332,0.07280836874485716
1,All Population,1,Deaths,4846,Chhattisgarh,2,Female,9,20-24 years,498,Hypertensive heart disease,102,High alcohol use,1,Number,2023,0.0044939141060853045,0.012182990282891184,0.0005427011526476411
1,All Population,1,Deaths,4869,Sikkim,1,Male,9,20-24 years,494,Stroke,332,Chewing tobacco,1,Number,2023,0.00789714521557179,0.020277339984625036,0.0016316920161260303
1,All Population,1,Deaths,4869,Sikkim,2,Female,9,20-24 years,494,Stroke,332,Chewing tobacco,1,Number,2023,0.0018449086577025818,0.0054534642794744495,0.00036076412159321533
1,All Population,1,Deaths,4868,Rajasthan,1,Male,9,20-24 years,494,Stroke,102,High alcohol use,1,Number,2022,0.11102251765919388,0.3837554305798771,-0.014483305369962509
1,All Population,1,Deaths,4868,Rajasthan,2,Female,9,20-24 years,494,Stroke,102,High alcohol use,1,Number,2022,-0.0015136513691886787,0.0015767653426688626,-0.0063668497555510305
1,All Population,1,Deaths,4875,West Bengal,1,Male,9,20-24 years,493,Ischemic heart disease,102,High alcohol use,1,Number,2023,-2.29727183161786,1.7903331688552764,-7.908970286906816
1,All Population,1,Deaths,4875,West Bengal,2,Female,9,20-24 years,493,Ischemic heart disease,102,High alcohol use,1,Number,2023,-0.0655658602713844,0.04672449939533242,-0.24314098447229854
1,All Population,1,Deaths,4842,Arunachal Pradesh,1,Male,9,20-24 years,494,Stroke,332,Chewing tobacco,1,Number,2022,0.1146098357673214,0.24873255908544054,0.03335755083009099
1,All Population,1,Deaths,4842,Arunachal Pradesh,2,Female,9,20-24 years,494,Stroke,332,Chewing tobacco,1,Number,2022,0.046359745871558104,0.1153091921429094,0.013036114169263795
1,All Population,1,Deaths,4851,Gujarat,1,Male,9,20-24 years,498,Hypertensive heart disease,102,High alcohol use,1,Number,2023,0.07577128931865348,0.1628298213938929,0.023742668489032847
1,All Population,1,Deaths,4851,Gujarat,2,Female,9,20-24 years,498,Hypertensive heart disease,102,High alcohol use,1,Number,2023,0.0010382695868617524,0.0028377898366679154,0.00012617122733667155
1,All Population,1,Deaths,4873,Uttar Pradesh,1,Male,9,20-24 years,493,Ischemic heart disease,102,High alcohol use,1,Number,2022,-2.888984664500491,1.9321844831552384,-8.563487438374622
1,All Population,1,Deaths,4873,Uttar Pradesh,2,Female,9,20-24 years,493,Ischemic heart disease,102,High alcohol use,1,Number,2022,-0.0954359105032741,0.08052161835276277,-0.41967330456802443
1,All Population,1,Deaths,4843,Assam,1,Male,9,20-24 years,499,Cardiomyopathy and myocarditis,102,High alcohol use,1,Number,2023,0.1656893101573155,0.49439343460001284,0.02920936965974684
1,All Population,1,Deaths,4843,Assam,2,Female,9,20-24 years,499,Cardiomyopathy and myocarditis,102,High alcohol use,1,Number,2023,0.08976199110765933,0.34651713843735116,0.010349619461878791
1,All Population,1,Deaths,4859,Madhya Pradesh,1,Male,9,20-24 years,494,Stroke,332,Chewing tobacco,1,Number,2023,4.770748517394269,11.040735351465523,1.141500705843995
1,All Population,1,Deaths,4859,Madhya Pradesh,2,Female,9,20-24 years,494,Stroke,332,Chewing tobacco,1,Number,2023,1.270385005557592,3.280391587756368,0.3141880774145891
1,All Population,1,Deaths,4844,Bihar,1,Male,9,20-24 years,494,Stroke,332,Chewing tobacco,1,Number,2023,2.23255502053726,5.338299316451565,0.6422928091272502
1,All Population,1,Deaths,4844,Bihar,2,Female,9,20-24 years,494,Stroke,332,Chewing tobacco,1,Number,2023,0.1830259065454546,0.5278703700951168,0.034631230151432144
1,All Population,1,Deaths,4870,Tamil Nadu,1,Male,9,20-24 years,494,Stroke,102,High alcohol use,1,Number,2023,0.4656497875044925,1.5929717618464543,-0.06701064389956458
1,All Population,1,Deaths,4870,Tamil Nadu,2,Female,9,20-24 years,494,Stroke,102,High alcohol use,1,Number,2023,-0.001692717516273011,0.002755667571838302,-0.007170636687958849
1,All Population,1,Deaths,4856,Karnataka,1,Male,9,20-24 years,493,Ischemic heart disease,102,High alcohol use,1,Number,2023,-4.387373432336778,3.1254119367562865,-13.937258974286829
1,All Population,1,Deaths,4856,Karnataka,2,Female,9,20-24 years,493,Ischemic heart disease,102,High alcohol use,1,Number,2023,-0.16497579359377137,0.18504203213321735,-0.5196169772608878
1,All Population,1,Deaths,4874,Uttarakhand,1,Male,9,20-24 years,499,Cardiomyopathy and myocarditis,102,High alcohol use,1,Number,2023,0.07846339267861287,0.2559994353915567,0.011424898598971426
1,All Population,1,Deaths,4874,Uttarakhand,2,Female,9,20-24 years,499,Cardiomyopathy and myocarditis,102,High alcohol use,1,Number,2023,0.04119192227415233,0.14863824497533484,0.0047538918525729095
1,All Population,1,Deaths,4844,Bihar,1,Male,9,20-24 years,493,Ischemic heart disease,102,High alcohol use,1,Number,2022,-2.3332295393220863,1.6348755959546637,-7.393408418072085
1,All Population,1,Deaths,4844,Bihar,2,Female,9,20-24 years,493,Ischemic heart disease,102,High alcohol use,1,Number,2022,-0.05465278020319501,0.035929349206268474,-0.23441962190767282
1,All Population,1,Deaths,4842,Arunachal Pradesh,1,Male,9,20-24 years,493,Ischemic heart disease,102,High alcohol use,1,Number,2021,-0.16173581769198656,0.11235239977187492,-0.49925390348346566
1,All Population,1,Deaths,4842,Arunachal Pradesh,2,Female,9,20-24 years,493,Ischemic heart disease,102,High alcohol use,1,Number,2021,-0.031881737082251636,0.028024246986988986,-0.10708981010846248
1,All Population,1,Deaths,4865,Odisha,1,Male,9,20-24 years,493,Ischemic heart disease,102,High alcohol use,1,Number,2023,-1.1393939364629388,0.6404901215675428,-3.6605665295290772
1,All Population,1,Deaths,4865,Odisha,2,Female,9,20-24 years,493,Ischemic heart disease,102,High alcohol use,1,Number,2023,-0.08932841216379342,0.07355340248499416,-0.3144612423394312
1,All Population,1,Deaths,4863,Mizoram,1,Male,9,20-24 years,493,Ischemic heart disease,102,High alcohol use,1,Number,2021,-0.01792867935558961,0.013456420496215704,-0.058348518034979785
1,All Population,1,Deaths,4863,Mizoram,2,Female,9,20-24 years,493,Ischemic heart disease,102,High alcohol use,1,Number,2021,-0.0016779528662004338,0.0016061548926755076,-0.00589349922021055
1,All Population,1,Deaths,4853,Himachal Pradesh,1,Male,9,20-24 years,494,Stroke,332,Chewing tobacco,1,Number,2021,0.046008751415142546,0.12173103754448708,0.011010587547765748
1,All Population,1,Deaths,4853,Himachal Pradesh,2,Female,9,20-24 years,494,Stroke,332,Chewing tobacco,1,Number,2021,0.0035408289629500957,0.009448184014271657,0.000770704718009486
1,All Population,1,Deaths,4868,Rajasthan,1,Male,9,20-24 years,498,Hypertensive heart disease,102,High alcohol use,1,Number,2022,0.0982901775082567,0.20788794675697317,0.03250188195082905
1,All Population,1,Deaths,4868,Rajasthan,2,Female,9,20-24 years,498,Hypertensive heart disease,102,High alcohol use,1,Number,2022,0.0013591363317877157,0.0036777044555190335,0.00018474248742164168
1,All Population,1,Deaths,4863,Mizoram,1,Male,9,20-24 years,494,Stroke,332,Chewing tobacco,1,Number,2023,0.024076540240786155,0.06365645606791105,0.006443209394212832
1,All Population,1,Deaths,4863,Mizoram,2,Female,9,20-24 years,494,Stroke,332,Chewing tobacco,1,Number,2023,0.03077607301072829,0.07804461950830739,0.009552992536555316
1,All Population,1,Deaths,4864,Nagaland,1,Male,9,20-24 years,493,Ischemic heart disease,102,High alcohol use,1,Number,2023,-0.09616655437388151,0.06409026692420816,-0.30101016007104037
1,All Population,1,Deaths,4864,Nagaland,2,Female,9,20-24 years,493,Ischemic heart disease,102,High alcohol use,1,Number,2023,-0.011260588977108141,0.008476188927056861,-0.038350826101609094
1,All Population,1,Deaths,4872,Tripura,1,Male,9,20-24 years,498,Hypertensive heart disease,102,High alcohol use,1,Number,2023,0.013342840014735438,0.028722389923019447,0.004613586795843619
1,All Population,1,Deaths,4872,Tripura,2,Female,9,20-24 years,498,Hypertensive heart disease,102,High alcohol use,1,Number,2023,0.000645267030247104,0.0020390338315284984,7.783120081159989e-05
1,All Population,1,Deaths,4869,Sikkim,1,Male,9,20-24 years,494,Stroke,332,Chewing tobacco,1,Number,2022,0.008085268008511904,0.02056084526514781,0.0021706866512978817
1,All Population,1,Deaths,4869,Sikkim,2,Female,9,20-24 years,494,Stroke,332,Chewing tobacco,1,Number,2022,0.0019371691797323237,0.0055625403329663085,0.0004178368055334859
1,All Population,1,Deaths,4864,Nagaland,1,Male,9,20-24 years,493,Ischemic heart disease,102,High alcohol use,1,Number,2022,-0.0957048456774666,0.06097544592238686,-0.29541111267479564
1,All Population,1,Deaths,4864,Nagaland,2,Female,9,20-24 years,493,Ischemic heart disease,102,High alcohol use,1,Number,2022,-0.010974747601302312,0.010295408286254139,-0.04003148278806071
1,All Population,1,Deaths,4849,Delhi,1,Male,9,20-24 years,499,Cardiomyopathy and myocarditis,102,High alcohol use,1,Number,2023,0.0864793900772595,0.29848442080249543,0.015082263140503798
1,All Population,1,Deaths,4849,Delhi,2,Female,9,20-24 years,499,Cardiomyopathy and myocarditis,102,High alcohol use,1,Number,2023,0.03394985394948421,0.13324241909910217,0.006622426336972401
1,All Population,1,Deaths,4873,Uttar Pradesh,1,Male,9,20-24 years,499,Cardiomyopathy and myocarditis,102,High alcohol use,1,Number,2022,1.3298078270976323,4.562626951242069,0.2165089149550668
1,All Population,1,Deaths,4873,Uttar Pradesh,2,Female,9,20-24 years,499,Cardiomyopathy and myocarditis,102,High alcohol use,1,Number,2022,0.6761184222114978,3.003006715153756,0.10995477375165474
1,All Population,1,Deaths,4854,Jammu & Kashmir and Ladakh,1,Male,9,20-24 years,494,Stroke,102,High alcohol use,1,Number,2023,0.01080890072083617,0.044461738172990636,-0.0013724748866745084
1,All Population,1,Deaths,4854,Jammu & Kashmir and Ladakh,2,Female,9,20-24 years,494,Stroke,102,High alcohol use,1,Number,2023,-0.00015029408341006857,0.00017189419273320179,-0.0007185212088942225
1,All Population,1,Deaths,4844,Bihar,1,Male,9,20-24 years,499,Cardiomyopathy and myocarditis,102,High alcohol use,1,Number,2023,0.48689342039571615,1.5099814933446043,0.0738387298685228
1,All Population,1,Deaths,4844,Bihar,2,Female,9,20-24 years,499,Cardiomyopathy and myocarditis,102,High alcohol use,1,Number,2023,0.18421933185397354,0.7328846365867757,0.026690330382666237
1,All Population,1,Deaths,4870,Tamil Nadu,1,Male,9,20-24 years,498,Hypertensive heart disease,102,High alcohol use,1,Number,2023,0.24681249817727477,0.5084262784242233,0.09049554396283828
1,All Population,1,Deaths,4870,Tamil Nadu,2,Female,9,20-24 years,498,Hypertensive heart disease,102,High alcohol use,1,Number,2023,0.0009140015653937137,0.0029261632242535613,0.00011220598508459017
1,All Population,1,Deaths,4875,West Bengal,1,Male,9,20-24 years,494,Stroke,332,Chewing tobacco,1,Number,2021,3.1881255550002296,7.909761173208733,0.9247654269419894
1,All Population,1,Deaths,4875,West Bengal,2,Female,9,20-24 years,494,Stroke,332,Chewing tobacco,1,Number,2021,0.8686223855693593,2.1764093982192563,0.25188573492328964
1,All Population,1,Deaths,4849,Delhi,1,Male,9,20-24 years,498,Hypertensive heart disease,102,High alcohol use,1,Number,2022,0.034500896970048926,0.07456616995969105,0.011799917080222641
1,All Population,1,Deaths,4849,Delhi,2,Female,9,20-24 years,498,Hypertensive heart disease,102,High alcohol use,1,Number,2022,0.0005549270566359512,0.0015608618944534546,7.513305345548806e-05
1,All Population,1,Deaths,4841,Andhra Pradesh,1,Male,9,20-24 years,498,Hypertensive heart disease,102,High alcohol use,1,Number,2022,0.1497380449864037,0.2896806125657655,0.05458643033832014
1,All Population,1,Deaths,4841,Andhra Pradesh,2,Female,9,20-24 years,498,Hypertensive heart disease,102,High alcohol use,1,Number,2022,0.0026346185433279374,0.007319021640246635,0.0003258429686924349
1,All Population,1,Deaths,4842,Arunachal Pradesh,1,Male,9,20-24 years,493,Ischemic heart disease,102,High alcohol use,1,Number,2023,-0.14893946247243126,0.07467485653843693,-0.4816467719360591
1,All Population,1,Deaths,4842,Arunachal Pradesh,2,Female,9,20-24 years,493,Ischemic heart disease,102,High alcohol use,1,Number,2023,-0.025709584636292575,0.022531718605435083,-0.0797565967054821
1,All Population,1,Deaths,4865,Odisha,1,Male,9,20-24 years,499,Cardiomyopathy and myocarditis,102,High alcohol use,1,Number,2022,0.1384130421380695,0.45581105919957776,0.023879616610484773
1,All Population,1,Deaths,4865,Odisha,2,Female,9,20-24 years,499,Cardiomyopathy and myocarditis,102,High alcohol use,1,Number,2022,0.08528404925788965,0.296593759878754,0.011189041907740154
1,All Population,1,Deaths,4872,Tripura,1,Male,9,20-24 years,493,Ischemic heart disease,102,High alcohol use,1,Number,2023,-0.23662485118319573,0.1432538501920265,-0.80017980361395
1,All Population,1,Deaths,4872,Tripura,2,Female,9,20-24 years,493,Ischemic heart disease,102,High alcohol use,1,Number,2023,-0.021164378585538483,0.018879381350615863,-0.0784623586747394
1,All Population,1,Deaths,4849,Delhi,1,Male,9,20-24 years,494,Stroke,102,High alcohol use,1,Number,2023,0.03126477473734051,0.12758074311629045,-0.0057130449820067064
1,All Population,1,Deaths,4849,Delhi,2,Female,9,20-24 years,494,Stroke,102,High alcohol use,1,Number,2023,-0.0005705976164492811,0.0004532468800416789,-0.0024727440785542788
1,All Population,1,Deaths,4859,Madhya Pradesh,1,Male,9,20-24 years,498,Hypertensive heart disease,102,High alcohol use,1,Number,2022,0.21802543682577358,0.4501998251560314,0.08409284148459598
1,All Population,1,Deaths,4859,Madhya Pradesh,2,Female,9,20-24 years,498,Hypertensive heart disease,102,High alcohol use,1,Number,2022,0.0029740770924346982,0.007422865236616634,0.00042462112016830697
1,All Population,1,Deaths,4862,Meghalaya,1,Male,9,20-24 years,494,Stroke,102,High alcohol use,1,Number,2022,0.034478713660134316,0.11420487199495277,-0.003987197617967038
1,All Population,1,Deaths,4862,Meghalaya,2,Female,9,20-24 years,494,Stroke,102,High alcohol use,1,Number,2022,-0.0004860108704693072,0.0006385343854750046,-0.0019528561744326695
1,All Population,1,Deaths,4842,Arunachal Pradesh,1,Male,9,20-24 years,499,Cardiomyopathy and myocarditis,102,High alcohol use,1,Number,2020,0.011885475048431338,0.04105441180158377,0.0019815307798068563
1,All Population,1,Deaths,4842,Arunachal Pradesh,2,Female,9,20-24 years,499,Cardiomyopathy and myocarditis,102,High alcohol use,1,Number,2020,0.0047439940971641965,0.017996830178537322,0.0007313329308656329
1,All Population,1,Deaths,4850,Goa,1,Male,9,20-24 years,499,Cardiomyopathy and myocarditis,102,High alcohol use,1,Number,2022,0.01053289149927936,0.03843669543933209,0.0019722946977971845
1,All Population,1,Deaths,4850,Goa,2,Female,9,20-24 years,499,Cardiomyopathy and myocarditis,102,High alcohol use,1,Number,2022,0.0014469150006473357,0.0045527485208831054,0.00018796148947843695
1,All Population,1,Deaths,4857,Kerala,1,Male,9,20-24 years,498,Hypertensive heart disease,102,High alcohol use,1,Number,2023,0.0776819676956019,0.16182461633630746,0.02959618938827474
1,All Population,1,Deaths,4857,Kerala,2,Female,9,20-24 years,498,Hypertensive heart disease,102,High alcohol use,1,Number,2023,0.0014232115138367073,0.003482035699704956,0.00023003482499571974
1,All Population,1,Deaths,4860,Maharashtra,1,Male,9,20-24 years,498,Hypertensive heart disease,102,High alcohol use,1,Number,2023,0.19357465186440712,0.41218891765796994,0.07013197824586567
1,All Population,1,Deaths,4860,Maharashtra,2,Female,9,20-24 years,498,Hypertensive heart disease,102,High alcohol use,1,Number,2023,0.0013731300226965913,0.003401986004636161,0.0002058296773646472
1,All Population,1,Deaths,4875,West Bengal,1,Male,9,20-24 years,499,Cardiomyopathy and myocarditis,102,High alcohol use,1,Number,2022,0.3719663408627647,1.253628995209828,0.07203112894857279
1,All Population,1,Deaths,4875,West Bengal,2,Female,9,20-24 years,499,Cardiomyopathy and myocarditis,102,High alcohol use,1,Number,2022,0.09924515134446059,0.3583741596985437,0.014932215880690311
1,All Population,1,Deaths,4849,Delhi,1,Male,9,20-24 years,499,Cardiomyopathy and myocarditis,102,High alcohol use,1,Number,2022,0.0895448474373649,0.2785766084728273,0.016698231170092923
1,All Population,1,Deaths,4849,Delhi,2,Female,9,20-24 years,499,Cardiomyopathy and myocarditis,102,High alcohol use,1,Number,2022,0.03452507240864263,0.11915333323824598,0.005759982870059296
1,All Population,1,Deaths,4865,Odisha,1,Male,9,20-24 years,494,Stroke,332,Chewing tobacco,1,Number,2022,2.994287793637659,6.358262202908977,1.0025302850542057
1,All Population,1,Deaths,4865,Odisha,2,Female,9,20-24 years,494,Stroke,332,Chewing tobacco,1,Number,2022,1.1628250792875348,3.2099089731239467,0.32282199043634136
1,All Population,1,Deaths,4862,Meghalaya,1,Male,9,20-24 years,498,Hypertensive heart disease,102,High alcohol use,1,Number,2022,0.019258098250180704,0.039367698071381636,0.006926069696099217
1,All Population,1,Deaths,4862,Meghalaya,2,Female,9,20-24 years,498,Hypertensive heart disease,102,High alcohol use,1,Number,2022,0.00039765147262160153,0.0011201728145018772,5.3947158980516255e-05
1,All Population,1,Deaths,4850,Goa,1,Male,9,20-24 years,494,Stroke,332,Chewing tobacco,1,Number,2023,0.025638881793365667,0.07539796917291068,0.005425784034433845
1,All Population,1,Deaths,4850,Goa,2,Female,9,20-24 years,494,Stroke,332,Chewing tobacco,1,Number,2023,0.0021384606360205483,0.006001486499968367,0.00039962790925999884
1,All Population,1,Deaths,4853,Himachal Pradesh,1,Male,9,20-24 years,494,Stroke,332,Chewing tobacco,1,Number,2022,0.048208681430069705,0.14220765945609362,0.010384191707223774
1,All Population,1,Deaths,4853,Himachal Pradesh,2,Female,9,20-24 years,494,Stroke,332,Chewing tobacco,1,Number,2022,0.00297470703892057,0.008475257831810613,0.0006131846370131942
1,All Population,1,Deaths,4871,Telangana,1,Male,9,20-24 years,493,Ischemic heart disease,102,High alcohol use,1,Number,2022,-7.810027671005103,4.552565677254192,-22.21585941453822
1,All Population,1,Deaths,4871,Telangana,2,Female,9,20-24 years,493,Ischemic heart disease,102,High alcohol use,1,Number,2022,-0.1986512581439355,0.1839963956848165,-0.6963853620500058
1,All Population,1,Deaths,4868,Rajasthan,1,Male,9,20-24 years,494,Stroke,332,Chewing tobacco,1,Number,2023,1.5878454865599558,4.410711403487094,0.3956902436747137
1,All Population,1,Deaths,4868,Rajasthan,2,Female,9,20-24 years,494,Stroke,332,Chewing tobacco,1,Number,2023,0.24870296374729717,0.7067158943282534,0.058606694303680734
1,All Population,1,Deaths,4874,Uttarakhand,1,Male,9,20-24 years,498,Hypertensive heart disease,102,High alcohol use,1,Number,2022,0.042432430153153324,0.08714391908007078,0.013953804034442411
1,All Population,1,Deaths,4874,Uttarakhand,2,Female,9,20-24 years,498,Hypertensive heart disease,102,High alcohol use,1,Number,2022,0.00031744322251344115,0.0008928020205067799,4.0830457269234014e-05
1,All Population,1,Deaths,4850,Goa,1,Male,9,20-24 years,499,Cardiomyopathy and myocarditis,102,High alcohol use,1,Number,2023,0.009862399202718015,0.030239992263843878,0.0017877300993463271
1,All Population,1,Deaths,4850,Goa,2,Female,9,20-24 years,499,Cardiomyopathy and myocarditis,102,High alcohol use,1,Number,2023,0.0014061632490812782,0.005075344382574976,0.00016354276787920215
1,All Population,1,Deaths,44538,Other Union Territories,1,Male,9,20-24 years,494,Stroke,332,Chewing tobacco,1,Number,2023,0.06356580947110968,0.1715859924510479,0.017233890384076838
1,All Population,1,Deaths,44538,Other Union Territories,2,Female,9,20-24 years,494,Stroke,332,Chewing tobacco,1,Number,2023,0.007797290791438357,0.02086368768873724,0.001809614404469613
1,All Population,1,Deaths,4856,Karnataka,1,Male,9,20-24 years,499,Cardiomyopathy and myocarditis,102,High alcohol use,1,Number,2023,0.30488170807655235,0.9541620524682692,0.05711939401407432
1,All Population,1,Deaths,4856,Karnataka,2,Female,9,20-24 years,499,Cardiomyopathy and myocarditis,102,High alcohol use,1,Number,2023,0.0455712898190999,0.1541365671002369,0.006398066092709886
1,All Population,1,Deaths,4859,Madhya Pradesh,1,Male,9,20-24 years,494,Stroke,102,High alcohol use,1,Number,2022,0.39759411780754805,1.283796675707219,-0.04679116446085753
1,All Population,1,Deaths,4859,Madhya Pradesh,2,Female,9,20-24 years,494,Stroke,102,High alcohol use,1,Number,2022,-0.00672264851977059,0.010469434554405601,-0.027993174934476943
1,All Population,1,Deaths,4844,Bihar,1,Male,9,20-24 years,494,Stroke,332,Chewing tobacco,1,Number,2022,2.114077082092446,4.786328000923688,0.675434314006726
1,All Population,1,Deaths,4844,Bihar,2,Female,9,20-24 years,494,Stroke,332,Chewing tobacco,1,Number,2022,0.16620730865482508,0.48665671330176763,0.03360339999853902
1,All Population,1,Deaths,4860,Maharashtra,1,Male,9,20-24 years,493,Ischemic heart disease,102,High alcohol use,1,Number,2021,-1.8768647656298734,1.8593795661879657,-5.339073677418884
1,All Population,1,Deaths,4860,Maharashtra,2,Female,9,20-24 years,493,Ischemic heart disease,102,High alcohol use,1,Number,2021,-0.028367589527406832,0.026451479498068163,-0.09162921988359014
1,All Population,1,Deaths,4867,Punjab,1,Male,9,20-24 years,498,Hypertensive heart disease,102,High alcohol use,1,Number,2023,0.0761318833198449,0.16501729137770732,0.02890988873120291
1,All Population,1,Deaths,4867,Punjab,2,Female,9,20-24 years,498,Hypertensive heart disease,102,High alcohol use,1,Number,2023,0.0005649358393176097,0.0016718469033230854,6.974438047049243e-05
1,All Population,1,Deaths,4868,Rajasthan,1,Male,9,20-24 years,493,Ischemic heart disease,102,High alcohol use,1,Number,2023,-1.565585691469433,1.0651841694150006,-5.1516402898500795
1,All Population,1,Deaths,4868,Rajasthan,2,Female,9,20-24 years,493,Ischemic heart disease,102,High alcohol use,1,Number,2023,-0.0332416635424943,0.022796514035822075,-0.12479912655397178
1,All Population,1,Deaths,4854,Jammu & Kashmir and Ladakh,1,Male,9,20-24 years,498,Hypertensive heart disease,102,High alcohol use,1,Number,2023,0.010267690423645117,0.024436429795019324,0.0033405309111354006
1,All Population,1,Deaths,4854,Jammu & Kashmir and Ladakh,2,Female,9,20-24 years,498,Hypertensive heart disease,102,High alcohol use,1,Number,2023,0.00018744591710739256,0.0005390097331431679,2.1017717494594037e-05
1,All Population,1,Deaths,4857,Kerala,1,Male,9,20-24 years,499,Cardiomyopathy and myocarditis,102,High alcohol use,1,Number,2022,0.14756604967759804,0.4458186466000641,0.026527086582653663
1,All Population,1,Deaths,4857,Kerala,2,Female,9,20-24 years,499,Cardiomyopathy and myocarditis,102,High alcohol use,1,Number,2022,0.03595959393457024,0.13458870499947773,0.005997302714644525
1,All Population,1,Deaths,4856,Karnataka,1,Male,9,20-24 years,494,Stroke,102,High alcohol use,1,Number,2023,0.3009160736162425,1.1459285083190807,-0.039895722450406054
1,All Population,1,Deaths,4856,Karnataka,2,Female,9,20-24 years,494,Stroke,102,High alcohol use,1,Number,2023,-0.005480812181955738,0.006659091768250111,-0.022127655657070665
1,All Population,1,Deaths,4873,Uttar Pradesh,1,Male,9,20-24 years,498,Hypertensive heart disease,102,High alcohol use,1,Number,2023,0.25337588230191205,0.6061126269558952,0.07842879395540325
1,All Population,1,Deaths,4873,Uttar Pradesh,2,Female,9,20-24 years,498,Hypertensive heart disease,102,High alcohol use,1,Number,2023,0.003905469908398115,0.012989590301596,0.0005111995848118404
1,All Population,1,Deaths,4861,Manipur,1,Male,9,20-24 years,494,Stroke,332,Chewing tobacco,1,Number,2023,0.3219830567065504,0.7093491641624347,0.10869181876738462
1,All Population,1,Deaths,4861,Manipur,2,Female,9,20-24 years,494,Stroke,332,Chewing tobacco,1,Number,2023,0.22769313663315938,0.5309997367094575,0.07471641239784123
1,All Population,1,Deaths,4861,Manipur,1,Male,9,20-24 years,494,Stroke,102,High alcohol use,1,Number,2023,0.03640053640246237,0.13700710048526482,-0.005469556402434769
1,All Population,1,Deaths,4861,Manipur,2,Female,9,20-24 years,494,Stroke,102,High alcohol use,1,Number,2023,-0.0009749371891456497,0.0014638701534152394,-0.004369628952500559
1,All Population,1,Deaths,4857,Kerala,1,Male,9,20-24 years,494,Stroke,102,High alcohol use,1,Number,2022,0.19577208803368168,0.6682884087938376,-0.023400786027318782
1,All Population,1,Deaths,4857,Kerala,2,Female,9,20-24 years,494,Stroke,102,High alcohol use,1,Number,2022,-0.0016297516978269748,0.001753779163903032,-0.006868808824467713
1,All Population,1,Deaths,4873,Uttar Pradesh,1,Male,9,20-24 years,493,Ischemic heart disease,102,High alcohol use,1,Number,2023,-2.9516005200009348,1.7228364177407123,-9.265874637429807
1,All Population,1,Deaths,4873,Uttar Pradesh,2,Female,9,20-24 years,493,Ischemic heart disease,102,High alcohol use,1,Number,2023,-0.09939586773960113,0.06978642094965884,-0.4363119828264822
1,All Population,1,Deaths,4865,Odisha,1,Male,9,20-24 years,494,Stroke,102,High alcohol use,1,Number,2023,0.3803588401691945,1.2008423759275528,-0.049404434340498606
1,All Population,1,Deaths,4865,Odisha,2,Female,9,20-24 years,494,Stroke,102,High alcohol use,1,Number,2023,-0.009794040822307663,0.017101332044421182,-0.04053298727207283
1,All Population,1,Deaths,4864,Nagaland,1,Male,9,20-24 years,494,Stroke,332,Chewing tobacco,1,Number,2022,0.33588699524988663,0.7115377369375444,0.12681147706686866
1,All Population,1,Deaths,4864,Nagaland,2,Female,9,20-24 years,494,Stroke,332,Chewing tobacco,1,Number,2022,0.13057361291272077,0.3083310088572984,0.04320147823517068
1,All Population,1,Deaths,4869,Sikkim,1,Male,9,20-24 years,499,Cardiomyopathy and myocarditis,102,High alcohol use,1,Number,2023,0.0030709102602092457,0.0098031773566805,0.00046797128157171226
1,All Population,1,Deaths,4869,Sikkim,2,Female,9,20-24 years,499,Cardiomyopathy and myocarditis,102,High alcohol use,1,Number,2023,0.0011425221461896634,0.004330661871629653,0.00013799441756800023
1,All Population,1,Deaths,4863,Mizoram,1,Male,9,20-24 years,493,Ischemic heart disease,102,High alcohol use,1,Number,2023,-0.017501349664986388,0.010731961257788135,-0.06239048129631859
1,All Population,1,Deaths,4863,Mizoram,2,Female,9,20-24 years,493,Ischemic heart disease,102,High alcohol use,1,Number,2023,-0.0012749707808221286,0.001008098162727436,-0.004434484095666323
1,All Population,1,Deaths,4855,Jharkhand,1,Male,9,20-24 years,494,Stroke,102,High alcohol use,1,Number,2023,0.22900124152981458,0.8159728449595582,-0.028906808232625165
1,All Population,1,Deaths,4855,Jharkhand,2,Female,9,20-24 years,494,Stroke,102,High alcohol use,1,Number,2023,-0.009901482517710346,0.015552426541491485,-0.04870309131387477
1,All Population,1,Deaths,4852,Haryana,1,Male,9,20-24 years,498,Hypertensive heart disease,102,High alcohol use,1,Number,2023,0.058049841824868255,0.12993565501460796,0.01789279014873569
1,All Population,1,Deaths,4852,Haryana,2,Female,9,20-24 years,498,Hypertensive heart disease,102,High alcohol use,1,Number,2023,0.0004493094967528671,0.0013205322914391917,5.417068936255816e-05
1,All Population,1,Deaths,4852,Haryana,1,Male,9,20-24 years,499,Cardiomyopathy and myocarditis,102,High alcohol use,1,Number,2023,0.2794359788094884,1.0104338906330605,0.051339358683497524
1,All Population,1,Deaths,4852,Haryana,2,Female,9,20-24 years,499,Cardiomyopathy and myocarditis,102,High alcohol use,1,Number,2023,0.0477052952564602,0.15079082168133,0.007739740759918972
1,All Population,1,Deaths,4856,Karnataka,1,Male,9,20-24 years,499,Cardiomyopathy and myocarditis,102,High alcohol use,1,Number,2022,0.305803994469403,0.9318193457056209,0.057339609629603716
1,All Population,1,Deaths,4856,Karnataka,2,Female,9,20-24 years,499,Cardiomyopathy and myocarditis,102,High alcohol use,1,Number,2022,0.04338418284027234,0.16539597615830823,0.005979366402456531
1,All Population,1,Deaths,4844,Bihar,1,Male,9,20-24 years,498,Hypertensive heart disease,102,High alcohol use,1,Number,2021,0.25645340465733296,0.5507917769080785,0.09200002052955121
1,All Population,1,Deaths,4844,Bihar,2,Female,9,20-24 years,498,Hypertensive heart disease,102,High alcohol use,1,Number,2021,0.0018266047627119443,0.00523398917671106,0.00025460853408291453
1,All Population,1,Deaths,4855,Jharkhand,1,Male,9,20-24 years,494,Stroke,332,Chewing tobacco,1,Number,2022,1.8031694102106361,3.9686303855628404,0.5715324002201339
1,All Population,1,Deaths,4855,Jharkhand,2,Female,9,20-24 years,494,Stroke,332,Chewing tobacco,1,Number,2022,0.3076795738200768,0.9151203019125588,0.06453206537088071
1,All Population,1,Deaths,4864,Nagaland,1,Male,9,20-24 years,494,Stroke,332,Chewing tobacco,1,Number,2023,0.334154628932264,0.7031137487866581,0.10185367386133683
1,All Population,1,Deaths,4864,Nagaland,2,Female,9,20-24 years,494,Stroke,332,Chewing tobacco,1,Number,2023,0.12424218838281002,0.2486911832811658,0.0440872031716584
1,All Population,1,Deaths,4841,Andhra Pradesh,1,Male,9,20-24 years,494,Stroke,332,Chewing tobacco,1,Number,2023,0.28427242967896127,0.7323158187492292,0.08978546506564056
1,All Population,1,Deaths,4841,Andhra Pradesh,2,Female,9,20-24 years,494,Stroke,332,Chewing tobacco,1,Number,2023,0.0865319544526705,0.25432488050535135,0.01732249890383795
1,All Population,1,Deaths,4855,Jharkhand,1,Male,9,20-24 years,494,Stroke,332,Chewing tobacco,1,Number,2023,1.7548415540151105,3.953605907971816,0.5011083497769016
1,All Population,1,Deaths,4855,Jharkhand,2,Female,9,20-24 years,494,Stroke,332,Chewing tobacco,1,Number,2023,0.29983011643972296,0.839470843874305,0.06546266804625467
1,All Population,1,Deaths,4860,Maharashtra,1,Male,9,20-24 years,499,Cardiomyopathy and myocarditis,102,High alcohol use,1,Number,2023,0.497159068121255,1.6494127705858783,0.1067740015184835
1,All Population,1,Deaths,4860,Maharashtra,2,Female,9,20-24 years,499,Cardiomyopathy and myocarditis,102,High alcohol use,1,Number,2023,0.11569415885958939,0.46659708663041927,0.022585304045255016
1,All Population,1,Deaths,4874,Uttarakhand,1,Male,9,20-24 years,494,Stroke,332,Chewing tobacco,1,Number,2023,0.22504648506286892,0.642702067635178,0.038458966548018274
1,All Population,1,Deaths,4874,Uttarakhand,2,Female,9,20-24 years,494,Stroke,332,Chewing tobacco,1,Number,2023,0.018412077844198932,0.06797756036908938,0.0033517713047663644
1,All Population,1,Deaths,4870,Tamil Nadu,1,Male,9,20-24 years,493,Ischemic heart disease,102,High alcohol use,1,Number,2022,-3.6392220277108964,2.5809974350912057,-10.219246535665132
1,All Population,1,Deaths,4870,Tamil Nadu,2,Female,9,20-24 years,493,Ischemic heart disease,102,High alcohol use,1,Number,2022,-0.020044413193010813,0.01604035352768341,-0.06561610193281867
1,All Population,1,Deaths,44538,Other Union Territories,1,Male,9,20-24 years,498,Hypertensive heart disease,102,High alcohol use,1,Number,2022,0.011549232495733513,0.025071882191338875,0.00411027970758293
1,All Population,1,Deaths,44538,Other Union Territories,2,Female,9,20-24 years,498,Hypertensive heart disease,102,High alcohol use,1,Number,2022,0.00018333444551720798,0.0005058794504995028,2.3749090836943774e-05
1,All Population,1,Deaths,4861,Manipur,1,Male,9,20-24 years,493,Ischemic heart disease,102,High alcohol use,1,Number,2023,-0.19611743726102893,0.11954999764636778,-0.6469048686090202
1,All Population,1,Deaths,4861,Manipur,2,Female,9,20-24 years,493,Ischemic heart disease,102,High alcohol use,1,Number,2023,-0.01685235050009807,0.01330892307920263,-0.0573951772148438
1,All Population,1,Deaths,4852,Haryana,1,Male,9,20-24 years,493,Ischemic heart disease,102,High alcohol use,1,Number,2023,-0.9195520612269543,0.6139786046755615,-2.886140647773591
1,All Population,1,Deaths,4852,Haryana,2,Female,9,20-24 years,493,Ischemic heart disease,102,High alcohol use,1,Number,2023,-0.009183635801568939,0.007635768520601889,-0.03247766107166968
1,All Population,1,Deaths,4875,West Bengal,1,Male,9,20-24 years,498,Hypertensive heart disease,102,High alcohol use,1,Number,2023,0.16745312579854754,0.35480974424240086,0.05717577688958378
1,All Population,1,Deaths,4875,West Bengal,2,Female,9,20-24 years,498,Hypertensive heart disease,102,High alcohol use,1,Number,2023,0.0022949691100915283,0.006957309333133867,0.0002778857489052615
1,All Population,1,Deaths,4843,Assam,1,Male,9,20-24 years,498,Hypertensive heart disease,102,High alcohol use,1,Number,2023,0.11130772195618804,0.23274511034878861,0.03752208103015296
1,All Population,1,Deaths,4843,Assam,2,Female,9,20-24 years,498,Hypertensive heart disease,102,High alcohol use,1,Number,2023,0.005993544634269353,0.016718028307460813,0.0006861461423711829
1,All Population,1,Deaths,4844,Bihar,1,Male,9,20-24 years,499,Cardiomyopathy and myocarditis,102,High alcohol use,1,Number,2021,0.5375793911168543,1.8957663850761568,0.07546449082197285
1,All Population,1,Deaths,4844,Bihar,2,Female,9,20-24 years,499,Cardiomyopathy and myocarditis,102,High alcohol use,1,Number,2021,0.20338781699042238,0.6927220946126399,0.02517454550059426
1,All Population,1,Deaths,4869,Sikkim,1,Male,9,20-24 years,494,Stroke,102,High alcohol use,1,Number,2023,0.002874817168986721,0.010844436358815003,-0.0003890401239587886
1,All Population,1,Deaths,4869,Sikkim,2,Female,9,20-24 years,494,Stroke,102,High alcohol use,1,Number,2023,-0.00035180264426265404,0.00035040308376981145,-0.0013502378837789348
1,All Population,1,Deaths,4862,Meghalaya,1,Male,9,20-24 years,493,Ischemic heart disease,102,High alcohol use,1,Number,2022,-0.16827302844534833,0.10013874530793483,-0.5226372525564028
1,All Population,1,Deaths,4862,Meghalaya,2,Female,9,20-24 years,493,Ischemic heart disease,102,High alcohol use,1,Number,2022,-0.007689600317343337,0.007341903294091921,-0.026476475514223115
1,All Population,1,Deaths,4850,Goa,1,Male,9,20-24 years,493,Ischemic heart disease,102,High alcohol use,1,Number,2023,-0.29942958648319973,0.19780787591614987,-0.9971803061323316
1,All Population,1,Deaths,4850,Goa,2,Female,9,20-24 years,493,Ischemic heart disease,102,High alcohol use,1,Number,2023,-0.007325036420385825,0.006377257185231972,-0.025790653818322906
1,All Population,1,Deaths,4854,Jammu & Kashmir and Ladakh,1,Male,9,20-24 years,499,Cardiomyopathy and myocarditis,102,High alcohol use,1,Number,2023,0.058450350857008435,0.17609999917249858,0.009406040786822431
1,All Population,1,Deaths,4854,Jammu & Kashmir and Ladakh,2,Female,9,20-24 years,499,Cardiomyopathy and myocarditis,102,High alcohol use,1,Number,2023,0.018024581892966077,0.06511667257070045,0.0029913600829968214
1,All Population,1,Deaths,4844,Bihar,1,Male,9,20-24 years,499,Cardiomyopathy and myocarditis,102,High alcohol use,1,Number,2022,0.4617771295616179,1.527491101507174,0.076984803615447
1,All Population,1,Deaths,4844,Bihar,2,Female,9,20-24 years,499,Cardiomyopathy and myocarditis,102,High alcohol use,1,Number,2022,0.16559300721165524,0.5871058354828309,0.022888203261427688
1,All Population,1,Deaths,4875,West Bengal,1,Male,9,20-24 years,494,Stroke,332,Chewing tobacco,1,Number,2022,3.1032588066011657,7.766492192718794,0.7648362940869111
1,All Population,1,Deaths,4875,West Bengal,2,Female,9,20-24 years,494,Stroke,332,Chewing tobacco,1,Number,2022,0.7480195027943474,1.9252502680787158,0.2097773116187363
1,All Population,1,Deaths,4853,Himachal Pradesh,1,Male,9,20-24 years,499,Cardiomyopathy and myocarditis,102,High alcohol use,1,Number,2022,0.03991923013136559,0.13159787958672278,0.007557442270953698
1,All Population,1,Deaths,4853,Himachal Pradesh,2,Female,9,20-24 years,499,Cardiomyopathy and myocarditis,102,High alcohol use,1,Number,2022,0.00925542818594714,0.038643189976994126,0.0012922244300841886
1,All Population,1,Deaths,4871,Telangana,1,Male,9,20-24 years,494,Stroke,332,Chewing tobacco,1,Number,2023,0.6802995751096703,2.0958367768002515,0.1452891575056647
1,All Population,1,Deaths,4871,Telangana,2,Female,9,20-24 years,494,Stroke,332,Chewing tobacco,1,Number,2023,0.10256139577178786,0.2745663054006472,0.023532479835414923
1,All Population,1,Deaths,4865,Odisha,1,Male,9,20-24 years,498,Hypertensive heart disease,102,High alcohol use,1,Number,2023,0.10650557345658539,0.22120378574440425,0.03565426295654595
1,All Population,1,Deaths,4865,Odisha,2,Female,9,20-24 years,498,Hypertensive heart disease,102,High alcohol use,1,Number,2023,0.004133044379583478,0.010139581685544016,0.0005565532234811687
1,All Population,1,Deaths,4872,Tripura,1,Male,9,20-24 years,499,Cardiomyopathy and myocarditis,102,High alcohol use,1,Number,2022,0.01972125694873047,0.06581745549634754,0.003525104197689288
1,All Population,1,Deaths,4872,Tripura,2,Female,9,20-24 years,499,Cardiomyopathy and myocarditis,102,High alcohol use,1,Number,2022,0.009832121288194344,0.04031489588955996,0.0012634081167653027
1,All Population,1,Deaths,4863,Mizoram,1,Male,9,20-24 years,494,Stroke,102,High alcohol use,1,Number,2023,0.004767229869712178,0.016383227178429927,-0.0007197693218486357
1,All Population,1,Deaths,4863,Mizoram,2,Female,9,20-24 years,494,Stroke,102,High alcohol use,1,Number,2023,-8.204153983233973e-05,9.20461968560292e-05,-0.00042681982107860717
1,All Population,1,Deaths,4842,Arunachal Pradesh,1,Male,9,20-24 years,494,Stroke,332,Chewing tobacco,1,Number,2023,0.11124331545757744,0.2616751430002093,0.0301173352533808
1,All Population,1,Deaths,4842,Arunachal Pradesh,2,Female,9,20-24 years,494,Stroke,332,Chewing tobacco,1,Number,2023,0.04411987137503826,0.09652341769633933,0.013379841692660674
1,All Population,1,Deaths,4856,Karnataka,1,Male,9,20-24 years,494,Stroke,332,Chewing tobacco,1,Number,2023,1.6539724591656015,4.4384391232682825,0.4089418048166897
1,All Population,1,Deaths,4856,Karnataka,2,Female,9,20-24 years,494,Stroke,332,Chewing tobacco,1,Number,2023,0.14525404060444003,0.40081995931637016,0.033477727865608486
1,All Population,1,Deaths,4850,Goa,1,Male,9,20-24 years,494,Stroke,102,High alcohol use,1,Number,2023,0.01972358981363333,0.06657270725622169,-0.002799771461112539
1,All Population,1,Deaths,4850,Goa,2,Female,9,20-24 years,494,Stroke,102,High alcohol use,1,Number,2023,-0.000248255958523805,0.0003179717139464331,-0.0012013800540174803
1,All Population,1,Deaths,4862,Meghalaya,1,Male,9,20-24 years,499,Cardiomyopathy and myocarditis,102,High alcohol use,1,Number,2022,0.03405203419199007,0.1152362084222629,0.004394463139110911
1,All Population,1,Deaths,4862,Meghalaya,2,Female,9,20-24 years,499,Cardiomyopathy and myocarditis,102,High alcohol use,1,Number,2022,0.01207016885177392,0.05698474694522149,0.0016356249601222844
1,All Population,1,Deaths,44538,Other Union Territories,1,Male,9,20-24 years,499,Cardiomyopathy and myocarditis,102,High alcohol use,1,Number,2023,0.019865886023847295,0.06644424785018349,0.0037951267012762547
1,All Population,1,Deaths,44538,Other Union Territories,2,Female,9,20-24 years,499,Cardiomyopathy and myocarditis,102,High alcohol use,1,Number,2023,0.006385497173614615,0.02676838740338481,0.0008493938940549251
1,All Population,1,Deaths,4861,Manipur,1,Male,9,20-24 years,499,Cardiomyopathy and myocarditis,102,High alcohol use,1,Number,2023,0.02118212235358601,0.07083882595975137,0.0029576642115602203
1,All Population,1,Deaths,4861,Manipur,2,Female,9,20-24 years,499,Cardiomyopathy and myocarditis,102,High alcohol use,1,Number,2023,0.008101415818814892,0.03416231343704956,0.0011860491466983156
1,All Population,1,Deaths,4875,West Bengal,1,Male,9,20-24 years,499,Cardiomyopathy and myocarditis,102,High alcohol use,1,Number,2023,0.380212303615398,1.3620323420976352,0.06473046755808815
1,All Population,1,Deaths,4875,West Bengal,2,Female,9,20-24 years,499,Cardiomyopathy and myocarditis,102,High alcohol use,1,Number,2023,0.10342578372492914,0.39271126516812305,0.013679131395181048
1,All Population,1,Deaths,4842,Arunachal Pradesh,1,Male,9,20-24 years,498,Hypertensive heart disease,102,High alcohol use,1,Number,2022,0.01145721451248308,0.023703486805712208,0.004469315526558553
1,All Population,1,Deaths,4842,Arunachal Pradesh,2,Female,9,20-24 years,498,Hypertensive heart disease,102,High alcohol use,1,Number,2022,0.0013896814029430724,0.003878085648912889,0.0001925755307299286
1,All Population,1,Deaths,4863,Mizoram,1,Male,9,20-24 years,493,Ischemic heart disease,102,High alcohol use,1,Number,2022,-0.016828427784706335,0.011980505795772145,-0.06387920497593164
1,All Population,1,Deaths,4863,Mizoram,2,Female,9,20-24 years,493,Ischemic heart disease,102,High alcohol use,1,Number,2022,-0.0012914413404963108,0.001238404927996902,-0.004725436698536059
1,All Population,1,Deaths,4871,Telangana,1,Male,9,20-24 years,493,Ischemic heart disease,102,High alcohol use,1,Number,2023,-7.4856479793413015,4.3191142096357265,-21.84369462247033
1,All Population,1,Deaths,4871,Telangana,2,Female,9,20-24 years,493,Ischemic heart disease,102,High alcohol use,1,Number,2023,-0.18728146376847388,0.14807163641776375,-0.6735345707120504
1,All Population,1,Deaths,4854,Jammu & Kashmir and Ladakh,1,Male,9,20-24 years,494,Stroke,332,Chewing tobacco,1,Number,2023,0.0610465619849962,0.20080170397938624,0.012528351970440775
1,All Population,1,Deaths,4854,Jammu & Kashmir and Ladakh,2,Female,9,20-24 years,494,Stroke,332,Chewing tobacco,1,Number,2023,0.0073422590785695374,0.019727838344602698,0.001534563915633743
1,All Population,1,Deaths,4849,Delhi,1,Male,9,20-24 years,494,Stroke,102,High alcohol use,1,Number,2022,0.03255786831582545,0.11495555013149537,-0.005066078898037481
1,All Population,1,Deaths,4849,Delhi,2,Female,9,20-24 years,494,Stroke,102,High alcohol use,1,Number,2022,-0.0005579459829613279,0.0005063804795542791,-0.002426763946411832
1,All Population,1,Deaths,4859,Madhya Pradesh,1,Male,9,20-24 years,498,Hypertensive heart disease,102,High alcohol use,1,Number,2023,0.21868659052928024,0.47254819650439556,0.07376959395808895
1,All Population,1,Deaths,4859,Madhya Pradesh,2,Female,9,20-24 years,498,Hypertensive heart disease,102,High alcohol use,1,Number,2023,0.0032307162100221557,0.00823541054819307,0.0003983088915048096
1,All Population,1,Deaths,4853,Himachal Pradesh,1,Male,9,20-24 years,499,Cardiomyopathy and myocarditis,102,High alcohol use,1,Number,2023,0.04048457854374802,0.1300360034980256,0.007070423607765318
1,All Population,1,Deaths,4853,Himachal Pradesh,2,Female,9,20-24 years,499,Cardiomyopathy and myocarditis,102,High alcohol use,1,Number,2023,0.009543648823494347,0.03391329969990281,0.0012087574227197834
1,All Population,1,Deaths,4865,Odisha,1,Male,9,20-24 years,498,Hypertensive heart disease,102,High alcohol use,1,Number,2022,0.1044271837653215,0.2273152891185545,0.03842230784715081
1,All Population,1,Deaths,4865,Odisha,2,Female,9,20-24 years,498,Hypertensive heart disease,102,High alcohol use,1,Number,2022,0.0039061343154489377,0.009577433953839433,0.0005901748927289989
1,All Population,1,Deaths,4863,Mizoram,1,Male,9,20-24 years,499,Cardiomyopathy and myocarditis,102,High alcohol use,1,Number,2021,0.005660979486644563,0.02044939557922493,0.0007670913253070364
1,All Population,1,Deaths,4863,Mizoram,2,Female,9,20-24 years,499,Cardiomyopathy and myocarditis,102,High alcohol use,1,Number,2021,0.0031534550663753114,0.012084583749090352,0.000490115574640285
1,All Population,1,Deaths,4844,Bihar,1,Male,9,20-24 years,494,Stroke,102,High alcohol use,1,Number,2023,0.237920819570237,0.8313317855849889,-0.034643694288163336
1,All Population,1,Deaths,4844,Bihar,2,Female,9,20-24 years,494,Stroke,102,High alcohol use,1,Number,2023,-0.0024655967818658165,0.0029614315113428856,-0.012414827709251923
1,All Population,1,Deaths,4859,Madhya Pradesh,1,Male,9,20-24 years,493,Ischemic heart disease,102,High alcohol use,1,Number,2023,-4.139539706432795,2.4260898236573682,-12.545949953079369
1,All Population,1,Deaths,4859,Madhya Pradesh,2,Female,9,20-24 years,493,Ischemic heart disease,102,High alcohol use,1,Number,2023,-0.13064675478151228,0.09598785788355582,-0.45956215341092566
1,All Population,1,Deaths,4853,Himachal Pradesh,1,Male,9,20-24 years,494,Stroke,332,Chewing tobacco,1,Number,2023,0.04742448656492816,0.153007722275184,0.009566600363564475
1,All Population,1,Deaths,4853,Himachal Pradesh,2,Female,9,20-24 years,494,Stroke,332,Chewing tobacco,1,Number,2023,0.0029121271687386815,0.007878803825135654,0.0005919268080293127
1,All Population,1,Deaths,4873,Uttar Pradesh,1,Male,9,20-24 years,494,Stroke,102,High alcohol use,1,Number,2023,0.028072726049369456,0.7626690037364435,-0.4581622310425507
1,All Population,1,Deaths,4873,Uttar Pradesh,2,Female,9,20-24 years,494,Stroke,102,High alcohol use,1,Number,2023,-0.010671341278254922,0.013069871480057395,-0.045913982035379476
1,All Population,1,Deaths,4873,Uttar Pradesh,1,Male,9,20-24 years,499,Cardiomyopathy and myocarditis,102,High alcohol use,1,Number,2023,1.3414111658858299,4.58260045839843,0.22466840218636885
1,All Population,1,Deaths,4873,Uttar Pradesh,2,Female,9,20-24 years,499,Cardiomyopathy and myocarditis,102,High alcohol use,1,Number,2023,0.7204069598750777,3.2719461501605607,0.10423949354084645
1,All Population,1,Deaths,4875,West Bengal,1,Male,9,20-24 years,494,Stroke,102,High alcohol use,1,Number,2023,0.4671745821398691,1.8288000675110434,-0.06273155619900736
1,All Population,1,Deaths,4875,West Bengal,2,Female,9,20-24 years,494,Stroke,102,High alcohol use,1,Number,2023,-0.005205831826538586,0.006000150709127218,-0.024008517557155593
1,All Population,1,Deaths,4851,Gujarat,1,Male,9,20-24 years,499,Cardiomyopathy and myocarditis,102,High alcohol use,1,Number,2023,0.4456343846246588,1.4077002569261583,0.08133913139788171
1,All Population,1,Deaths,4851,Gujarat,2,Female,9,20-24 years,499,Cardiomyopathy and myocarditis,102,High alcohol use,1,Number,2023,0.10586214690664573,0.37795930527017185,0.01634669604752764
1,All Population,1,Deaths,4844,Bihar,1,Male,9,20-24 years,498,Hypertensive heart disease,102,High alcohol use,1,Number,2023,0.23391174354405408,0.5052866598926933,0.07123244339135992
1,All Population,1,Deaths,4844,Bihar,2,Female,9,20-24 years,498,Hypertensive heart disease,102,High alcohol use,1,Number,2023,0.0018367292537078694,0.005309001931527422,0.00021565128585540117
1,All Population,1,Deaths,44538,Other Union Territories,1,Male,9,20-24 years,498,Hypertensive heart disease,102,High alcohol use,1,Number,2023,0.011527308016020192,0.0266785650038058,0.003820401361985265
1,All Population,1,Deaths,44538,Other Union Territories,2,Female,9,20-24 years,498,Hypertensive heart disease,102,High alcohol use,1,Number,2023,0.000190723901361513,0.00054402969125543,2.7439894176307982e-05
1,All Population,1,Deaths,4857,Kerala,1,Male,9,20-24 years,493,Ischemic heart disease,102,High alcohol use,1,Number,2023,-0.9242462153958012,0.5780874423764313,-2.8848423634602014
1,All Population,1,Deaths,4857,Kerala,2,Female,9,20-24 years,493,Ischemic heart disease,102,High alcohol use,1,Number,2023,-0.018737228898157036,0.01624462720024061,-0.06431527122966191
1,All Population,1,Deaths,4842,Arunachal Pradesh,1,Male,9,20-24 years,493,Ischemic heart disease,102,High alcohol use,1,Number,2022,-0.15222948518234722,0.0811904865370578,-0.4825377738322529
1,All Population,1,Deaths,4842,Arunachal Pradesh,2,Female,9,20-24 years,493,Ischemic heart disease,102,High alcohol use,1,Number,2022,-0.026595198373670702,0.024001977856346227,-0.09537963268662547
1,All Population,1,Deaths,4857,Kerala,1,Male,9,20-24 years,494,Stroke,102,High alcohol use,1,Number,2023,0.18989776944887204,0.6204797922637559,-0.02550295611940796
1,All Population,1,Deaths,4857,Kerala,2,Female,9,20-24 years,494,Stroke,102,High alcohol use,1,Number,2023,-0.0017095128231418384,0.0017896157454982116,-0.006821881116962689
1,All Population,1,Deaths,4865,Odisha,1,Male,9,20-24 years,499,Cardiomyopathy and myocarditis,102,High alcohol use,1,Number,2023,0.13951629113762473,0.45579949777970835,0.024106216882827637
1,All Population,1,Deaths,4865,Odisha,2,Female,9,20-24 years,499,Cardiomyopathy and myocarditis,102,High alcohol use,1,Number,2023,0.08589965652748888,0.3515555093167749,0.01147330510079073
1,All Population,1,Deaths,4851,Gujarat,1,Male,9,20-24 years,493,Ischemic heart disease,102,High alcohol use,1,Number,2022,-0.7475376524008547,0.6021706915642007,-2.39417549933424
1,All Population,1,Deaths,4851,Gujarat,2,Female,9,20-24 years,493,Ischemic heart disease,102,High alcohol use,1,Number,2022,-0.02098462875560059,0.016897410236185732,-0.08442034460776625
1,All Population,1,Deaths,4842,Arunachal Pradesh,1,Male,9,20-24 years,499,Cardiomyopathy and myocarditis,102,High alcohol use,1,Number,2021,0.012854157067370134,0.04498744706684048,0.00225341362808891
1,All Population,1,Deaths,4842,Arunachal Pradesh,2,Female,9,20-24 years,499,Cardiomyopathy and myocarditis,102,High alcohol use,1,Number,2021,0.0053793604450441046,0.021200342036806877,0.0007603022497046929
1,All Population,1,Deaths,4870,Tamil Nadu,1,Male,9,20-24 years,493,Ischemic heart disease,102,High alcohol use,1,Number,2023,-3.7469859430505115,2.8058772524394486,-11.317710444510759
1,All Population,1,Deaths,4870,Tamil Nadu,2,Female,9,20-24 years,493,Ischemic heart disease,102,High alcohol use,1,Number,2023,-0.02155095139858923,0.015669151492710656,-0.08109974497658655
1,All Population,1,Deaths,4874,Uttarakhand,1,Male,9,20-24 years,498,Hypertensive heart disease,102,High alcohol use,1,Number,2023,0.042100732481955436,0.09412374067008311,0.012629662372221864
1,All Population,1,Deaths,4874,Uttarakhand,2,Female,9,20-24 years,498,Hypertensive heart disease,102,High alcohol use,1,Number,2023,0.00033314969335696205,0.0009794916237497908,3.612071912555173e-05
1,All Population,1,Deaths,4846,Chhattisgarh,1,Male,9,20-24 years,494,Stroke,102,High alcohol use,1,Number,2023,0.7636078742539388,2.6970955649098927,-0.1042225676645899
1,All Population,1,Deaths,4846,Chhattisgarh,2,Female,9,20-24 years,494,Stroke,102,High alcohol use,1,Number,2023,-0.012511009631300469,0.01885747699880058,-0.0629286138976552
1,All Population,1,Deaths,4863,Mizoram,1,Male,9,20-24 years,499,Cardiomyopathy and myocarditis,102,High alcohol use,1,Number,2023,0.005410917807839682,0.020714175113249123,0.0006199556289713383
1,All Population,1,Deaths,4863,Mizoram,2,Female,9,20-24 years,499,Cardiomyopathy and myocarditis,102,High alcohol use,1,Number,2023,0.0024679709799217265,0.009976152007709429,0.00039028809327349226
1,All Population,1,Deaths,4861,Manipur,1,Male,9,20-24 years,498,Hypertensive heart disease,102,High alcohol use,1,Number,2023,0.014182894753252271,0.03031284379160597,0.004920531858618032
1,All Population,1,Deaths,4861,Manipur,2,Female,9,20-24 years,498,Hypertensive heart disease,102,High alcohol use,1,Number,2023,0.0005535930013749778,0.001460470175027625,7.61548242891529e-05
1,All Population,1,Deaths,4872,Tripura,1,Male,9,20-24 years,499,Cardiomyopathy and myocarditis,102,High alcohol use,1,Number,2023,0.019842683754537745,0.06663430479708862,0.0032036164470085056
1,All Population,1,Deaths,4872,Tripura,2,Female,9,20-24 years,499,Cardiomyopathy and myocarditis,102,High alcohol use,1,Number,2023,0.009475834421701896,0.03518039185785647,0.001068597264428069
1,All Population,1,Deaths,4842,Arunachal Pradesh,1,Male,9,20-24 years,498,Hypertensive heart disease,102,High alcohol use,1,Number,2023,0.011374439731424461,0.025244726216248136,0.00404961580597399
1,All Population,1,Deaths,4842,Arunachal Pradesh,2,Female,9,20-24 years,498,Hypertensive heart disease,102,High alcohol use,1,Number,2023,0.0014373538337261026,0.003854382665501124,0.00018768382411030453
1,All Population,1,Deaths,4867,Punjab,1,Male,9,20-24 years,493,Ischemic heart disease,102,High alcohol use,1,Number,2023,-4.094961887823146,3.002262113035327,-12.39988313291458
1,All Population,1,Deaths,4867,Punjab,2,Female,9,20-24 years,493,Ischemic heart disease,102,High alcohol use,1,Number,2023,-0.03280561704397627,0.024634028473146035,-0.1166402357066486
1,All Population,1,Deaths,4863,Mizoram,1,Male,9,20-24 years,499,Cardiomyopathy and myocarditis,102,High alcohol use,1,Number,2022,0.005123132111637435,0.01891111407215712,0.0005870583032598216
1,All Population,1,Deaths,4863,Mizoram,2,Female,9,20-24 years,499,Cardiomyopathy and myocarditis,102,High alcohol use,1,Number,2022,0.0024531279405624164,0.009024187497143257,0.0004079548635035461
1,All Population,1,Deaths,4859,Madhya Pradesh,1,Male,9,20-24 years,499,Cardiomyopathy and myocarditis,102,High alcohol use,1,Number,2022,0.5117879918029146,1.8467978882512237,0.08880473227264746
1,All Population,1,Deaths,4859,Madhya Pradesh,2,Female,9,20-24 years,499,Cardiomyopathy and myocarditis,102,High alcohol use,1,Number,2022,0.1569713153729795,0.5354496633316386,0.017736361750525065
1,All Population,1,Deaths,4873,Uttar Pradesh,1,Male,9,20-24 years,494,Stroke,102,High alcohol use,1,Number,2022,0.03124747536145582,0.7868891836520362,-0.4714688109344515
1,All Population,1,Deaths,4873,Uttar Pradesh,2,Female,9,20-24 years,494,Stroke,102,High alcohol use,1,Number,2022,-0.010614435473850627,0.012142802864334185,-0.04817369784722192
1,All Population,1,Deaths,4850,Goa,1,Male,9,20-24 years,498,Hypertensive heart disease,102,High alcohol use,1,Number,2023,0.008817754735092135,0.019211379225534224,0.003303081453159959
1,All Population,1,Deaths,4850,Goa,2,Female,9,20-24 years,498,Hypertensive heart disease,102,High alcohol use,1,Number,2023,0.00017369454555979047,0.0004774046682463472,2.2503509132366676e-05
1,All Population,1,Deaths,4853,Himachal Pradesh,1,Male,9,20-24 years,498,Hypertensive heart disease,102,High alcohol use,1,Number,2023,0.019004918166516158,0.04359941645887851,0.006968926034665436
1,All Population,1,Deaths,4853,Himachal Pradesh,2,Female,9,20-24 years,498,Hypertensive heart disease,102,High alcohol use,1,Number,2023,0.0001756418303436541,0.0004719812756060868,2.3983806557015648e-05
1,All Population,1,Deaths,4875,West Bengal,1,Male,9,20-24 years,494,Stroke,332,Chewing tobacco,1,Number,2023,3.1370267824936033,8.905381520192037,0.6361098785598658
1,All Population,1,Deaths,4875,West Bengal,2,Female,9,20-24 years,494,Stroke,332,Chewing tobacco,1,Number,2023,0.7667701572840255,1.8312787066964331,0.19627349216873455
1,All Population,1,Deaths,4862,Meghalaya,1,Male,9,20-24 years,499,Cardiomyopathy and myocarditis,102,High alcohol use,1,Number,2023,0.03478228244402052,0.12706483580569428,0.0049026660001380735
1,All Population,1,Deaths,4862,Meghalaya,2,Female,9,20-24 years,499,Cardiomyopathy and myocarditis,102,High alcohol use,1,Number,2023,0.012473811503916896,0.04505052515563838,0.0019584039063890394
1,All Population,1,Deaths,4844,Bihar,1,Male,9,20-24 years,498,Hypertensive heart disease,102,High alcohol use,1,Number,2022,0.22135087087108724,0.46665703917464313,0.07939610846831267
1,All Population,1,Deaths,4844,Bihar,2,Female,9,20-24 years,498,Hypertensive heart disease,102,High alcohol use,1,Number,2022,0.0015933538271647384,0.0046890648130395035,0.00022141245484294043
1,All Population,1,Deaths,4864,Nagaland,1,Male,9,20-24 years,494,Stroke,102,High alcohol use,1,Number,2023,0.029013550038693957,0.09911672846624406,-0.003911584522451246
1,All Population,1,Deaths,4864,Nagaland,2,Female,9,20-24 years,494,Stroke,102,High alcohol use,1,Number,2023,-0.0006072282661115705,0.0007959864216462077,-0.0023310304436088714
1,All Population,1,Deaths,4868,Rajasthan,1,Male,9,20-24 years,498,Hypertensive heart disease,102,High alcohol use,1,Number,2023,0.09739147190223399,0.20946448750156763,0.03470460094218869
1,All Population,1,Deaths,4868,Rajasthan,2,Female,9,20-24 years,498,Hypertensive heart disease,102,High alcohol use,1,Number,2023,0.0014246850518953842,0.003953062459857885,0.0001944048246861238
1,All Population,1,Deaths,4869,Sikkim,1,Male,9,20-24 years,493,Ischemic heart disease,102,High alcohol use,1,Number,2022,-0.04522323230773247,0.027352306870199163,-0.14589397031943224
1,All Population,1,Deaths,4869,Sikkim,2,Female,9,20-24 years,493,Ischemic heart disease,102,High alcohol use,1,Number,2022,-0.008769500133776954,0.007415143360478474,-0.029596250051587905
1,All Population,1,Deaths,4864,Nagaland,1,Male,9,20-24 years,498,Hypertensive heart disease,102,High alcohol use,1,Number,2022,0.009378326132517807,0.018711134440740726,0.0034663497357145627
1,All Population,1,Deaths,4864,Nagaland,2,Female,9,20-24 years,498,Hypertensive heart disease,102,High alcohol use,1,Number,2022,0.00034906697592222095,0.0009171790992795677,5.554278317259108e-05
1,All Population,1,Deaths,4855,Jharkhand,1,Male,9,20-24 years,498,Hypertensive heart disease,102,High alcohol use,1,Number,2023,0.1016716999918192,0.21025700370426612,0.03767577791955681
1,All Population,1,Deaths,4855,Jharkhand,2,Female,9,20-24 years,498,Hypertensive heart disease,102,High alcohol use,1,Number,2023,0.0046810696422427914,0.013341996316547962,0.0005223702355795192
1,All Population,1,Deaths,4851,Gujarat,1,Male,9,20-24 years,493,Ischemic heart disease,102,High alcohol use,1,Number,2023,-0.7526427366581828,0.4965304227610762,-2.453705894508427
1,All Population,1,Deaths,4851,Gujarat,2,Female,9,20-24 years,493,Ischemic heart disease,102,High alcohol use,1,Number,2023,-0.020966474145891475,0.015674001605923943,-0.07436721128434276
1,All Population,1,Deaths,4864,Nagaland,1,Male,9,20-24 years,498,Hypertensive heart disease,102,High alcohol use,1,Number,2023,0.009370988355081182,0.019868126099374953,0.00308653590653988
1,All Population,1,Deaths,4864,Nagaland,2,Female,9,20-24 years,498,Hypertensive heart disease,102,High alcohol use,1,Number,2023,0.0003591888990183207,0.000910992654125363,4.7697972919271176e-05
1,All Population,1,Deaths,4867,Punjab,1,Male,9,20-24 years,494,Stroke,102,High alcohol use,1,Number,2022,0.1304067889220936,0.4494885036388539,-0.017585709211455892
1,All Population,1,Deaths,4867,Punjab,2,Female,9,20-24 years,494,Stroke,102,High alcohol use,1,Number,2022,-0.0005792293538354295,0.0005619207973364715,-0.0022685151644583177
1,All Population,1,Deaths,4841,Andhra Pradesh,1,Male,9,20-24 years,498,Hypertensive heart disease,102,High alcohol use,1,Number,2023,0.14940756264214053,0.34930943322014696,0.0477384218482069
1,All Population,1,Deaths,4841,Andhra Pradesh,2,Female,9,20-24 years,498,Hypertensive heart disease,102,High alcohol use,1,Number,2023,0.002726152770993701,0.008073305233825896,0.000331077273022688
1,All Population,1,Deaths,4859,Madhya Pradesh,1,Male,9,20-24 years,499,Cardiomyopathy and myocarditis,102,High alcohol use,1,Number,2023,0.5103100355010352,1.7539283216456003,0.08106956046990443
1,All Population,1,Deaths,4859,Madhya Pradesh,2,Female,9,20-24 years,499,Cardiomyopathy and myocarditis,102,High alcohol use,1,Number,2023,0.16009845573978254,0.5778150762515852,0.02169984191717604
1,All Population,1,Deaths,4855,Jharkhand,1,Male,9,20-24 years,498,Hypertensive heart disease,102,High alcohol use,1,Number,2022,0.09880969453666143,0.20070223629305606,0.041922777689979915
1,All Population,1,Deaths,4855,Jharkhand,2,Female,9,20-24 years,498,Hypertensive heart disease,102,High alcohol use,1,Number,2022,0.004353849266281138,0.013885256584396008,0.0005492344569220202
1,All Population,1,Deaths,4846,Chhattisgarh,1,Male,9,20-24 years,493,Ischemic heart disease,102,High alcohol use,1,Number,2023,-4.049498510710702,2.501229858295072,-12.624207817226736
1,All Population,1,Deaths,4846,Chhattisgarh,2,Female,9,20-24 years,493,Ischemic heart disease,102,High alcohol use,1,Number,2023,-0.15924170910090774,0.11991125814605044,-0.5736535899438706
1,All Population,1,Deaths,4873,Uttar Pradesh,1,Male,9,20-24 years,494,Stroke,332,Chewing tobacco,1,Number,2023,15.695795249494498,38.015472455413246,4.90604012009928
1,All Population,1,Deaths,4873,Uttar Pradesh,2,Female,9,20-24 years,494,Stroke,332,Chewing tobacco,1,Number,2023,2.7554111355056348,6.51676403870192,0.6378910098828364
1,All Population,1,Deaths,4871,Telangana,1,Male,9,20-24 years,498,Hypertensive heart disease,102,High alcohol use,1,Number,2022,0.2900501326807738,0.5915896993071205,0.11068441766819283
1,All Population,1,Deaths,4871,Telangana,2,Female,9,20-24 years,498,Hypertensive heart disease,102,High alcohol use,1,Number,2022,0.004652795130969853,0.01510557648738401,0.0005980012874344077
1,All Population,1,Deaths,4871,Telangana,1,Male,9,20-24 years,499,Cardiomyopathy and myocarditis,102,High alcohol use,1,Number,2022,0.3181309019391358,1.132172214430272,0.05550958004367325
1,All Population,1,Deaths,4871,Telangana,2,Female,9,20-24 years,499,Cardiomyopathy and myocarditis,102,High alcohol use,1,Number,2022,0.06927492480336139,0.2452480385648949,0.010798913061109826
1,All Population,1,Deaths,4842,Arunachal Pradesh,1,Male,9,20-24 years,499,Cardiomyopathy and myocarditis,102,High alcohol use,1,Number,2022,0.011771065175986462,0.04293598418174972,0.002067132088601363
1,All Population,1,Deaths,4842,Arunachal Pradesh,2,Female,9,20-24 years,499,Cardiomyopathy and myocarditis,102,High alcohol use,1,Number,2022,0.004418568954131784,0.0169404615878976,0.0007495025505108647
1,All Population,1,Deaths,4842,Arunachal Pradesh,1,Male,9,20-24 years,499,Cardiomyopathy and myocarditis,102,High alcohol use,1,Number,2023,0.011555243619304767,0.03917507253996273,0.0020222953377559945
1,All Population,1,Deaths,4842,Arunachal Pradesh,2,Female,9,20-24 years,499,Cardiomyopathy and myocarditis,102,High alcohol use,1,Number,2023,0.004364800783438838,0.01690050438397062,0.0007126840035006762
1,All Population,1,Deaths,4871,Telangana,1,Male,9,20-24 years,498,Hypertensive heart disease,102,High alcohol use,1,Number,2023,0.28719541074773786,0.6654792782174559,0.10619485325199064
1,All Population,1,Deaths,4871,Telangana,2,Female,9,20-24 years,498,Hypertensive heart disease,102,High alcohol use,1,Number,2023,0.004762629741521737,0.014891885917489106,0.0006242483361288166
1,All Population,1,Deaths,4871,Telangana,1,Male,9,20-24 years,499,Cardiomyopathy and myocarditis,102,High alcohol use,1,Number,2023,0.3109455700484532,1.1583687968678038,0.048265222961370854
1,All Population,1,Deaths,4871,Telangana,2,Female,9,20-24 years,499,Cardiomyopathy and myocarditis,102,High alcohol use,1,Number,2023,0.06819953585904796,0.2292373580584648,0.010687453984286987
1,All Population,1,Deaths,4873,Uttar Pradesh,1,Male,9,20-24 years,494,Stroke,332,Chewing tobacco,1,Number,2022,16.19326760896816,40.85655735272197,5.00959264416618
1,All Population,1,Deaths,4873,Uttar Pradesh,2,Female,9,20-24 years,494,Stroke,332,Chewing tobacco,1,Number,2022,2.750862054870928,7.853707985487617,0.6642009921421551
1,All Population,1,Deaths,4867,Punjab,1,Male,9,20-24 years,494,Stroke,102,High alcohol use,1,Number,2023,0.1257665240255864,0.4457182767978784,-0.02096453460273898
1,All Population,1,Deaths,4867,Punjab,2,Female,9,20-24 years,494,Stroke,102,High alcohol use,1,Number,2023,-0.0005738155207311547,0.0005752593908976216,-0.0023302431899788565
1,All Population,1,Deaths,4860,Maharashtra,1,Male,9,20-24 years,493,Ischemic heart disease,102,High alcohol use,1,Number,2022,-2.176901061955153,1.9623105612324623,-6.546360354288577
1,All Population,1,Deaths,4860,Maharashtra,2,Female,9,20-24 years,493,Ischemic heart disease,102,High alcohol use,1,Number,2022,-0.02439003666897865,0.023867391170794686,-0.07971639676909198
1,All Population,1,Deaths,4869,Sikkim,1,Male,9,20-24 years,493,Ischemic heart disease,102,High alcohol use,1,Number,2023,-0.0448589670749172,0.026996099045143024,-0.1492098614090152
1,All Population,1,Deaths,4869,Sikkim,2,Female,9,20-24 years,493,Ischemic heart disease,102,High alcohol use,1,Number,2023,-0.008548039259170397,0.007022820879334041,-0.028556192175498134
1,All Population,1,Deaths,4860,Maharashtra,1,Male,9,20-24 years,493,Ischemic heart disease,102,High alcohol use,1,Number,2023,-2.187889509557785,1.6067125943729677,-6.490965483692645
1,All Population,1,Deaths,4860,Maharashtra,2,Female,9,20-24 years,493,Ischemic heart disease,102,High alcohol use,1,Number,2023,-0.025633547772333495,0.021500403015036803,-0.07937973025177714
1,All Population,1,Deaths,4843,Assam,1,Male,9,20-24 years,494,Stroke,102,High alcohol use,1,Number,2023,0.6632975063674685,2.0075358119598503,-0.07389375466346079
1,All Population,1,Deaths,4843,Assam,2,Female,9,20-24 years,494,Stroke,102,High alcohol use,1,Number,2023,-0.01457449717799793,0.0228660901513633,-0.0678917857502886
1,All Population,1,Deaths,4852,Haryana,1,Male,9,20-24 years,494,Stroke,332,Chewing tobacco,1,Number,2023,0.7495328042401654,2.2579607876158594,0.16498687893108982
1,All Population,1,Deaths,4852,Haryana,2,Female,9,20-24 years,494,Stroke,332,Chewing tobacco,1,Number,2023,0.03994071489458704,0.09960127913363284,0.009126222424873133
