population_group_id,population_group_name,measure_id,measure_name,location_id,location_name,sex_id,sex_name,age_id,age_name,cause_id,cause_name,rei_id,rei_name,metric_id,metric_name,year,val,upper,lower
1,All Population,3,YLDs (Years Lived with Disability),4841,Andhra Pradesh,1,Male,15,50-54 years,502,Lower extremity peripheral arterial disease,91,Lead exposure,3,Rate,2013,0.009736666,0.029838031,-0.001172183
1,All Population,3,YLDs (Years Lived with Disability),4841,Andhra Pradesh,2,Female,15,50-54 years,502,Lower extremity peripheral arterial disease,91,Lead exposure,3,Rate,2013,0.011505432,0.037871044,-0.001402594
1,All Population,3,YLDs (Years Lived with Disability),4852,Haryana,1,Male,15,50-54 years,494,Stroke,380,Particulate matter pollution,3,Rate,2013,100.3451715,154.2470863,59.11686904
1,All Population,3,YLDs (Years Lived with Disability),4852,Haryana,2,Female,15,50-54 years,494,Stroke,380,Particulate matter pollution,3,Rate,2013,93.01703256,139.628084,53.82582166
1,All Population,3,YLDs (Years Lived with Disability),4859,Madhya Pradesh,1,Male,15,50-54 years,493,Ischemic heart disease,91,Lead exposure,3,Rate,2013,59.05504227,86.1650839,34.89001069
1,All Population,3,YLDs (Years Lived with Disability),4859,Madhya Pradesh,2,Female,15,50-54 years,493,Ischemic heart disease,91,Lead exposure,3,Rate,2013,31.68447052,46.4383146,18.89864034
1,All Population,3,YLDs (Years Lived with Disability),4865,Odisha,1,Male,15,50-54 years,494,Stroke,380,Particulate matter pollution,3,Rate,2013,105.0773894,158.6126142,61.39654655
1,All Population,3,YLDs (Years Lived with Disability),4865,Odisha,2,Female,15,50-54 years,494,Stroke,380,Particulate matter pollution,3,Rate,2013,89.44691932,135.2163698,51.48922792
1,All Population,3,YLDs (Years Lived with Disability),4850,Goa,1,Male,15,50-54 years,494,Stroke,380,Particulate matter pollution,3,Rate,2013,57.9451273,91.1094477,30.95613865
1,All Population,3,YLDs (Years Lived with Disability),4850,Goa,2,Female,15,50-54 years,494,Stroke,380,Particulate matter pollution,3,Rate,2013,55.48755003,92.36589249,29.45586868
1,All Population,3,YLDs (Years Lived with Disability),4841,Andhra Pradesh,1,Male,15,50-54 years,493,Ischemic heart disease,91,Lead exposure,3,Rate,2013,65.13476029,94.16392026,38.93567485
1,All Population,3,YLDs (Years Lived with Disability),4841,Andhra Pradesh,2,Female,15,50-54 years,493,Ischemic heart disease,91,Lead exposure,3,Rate,2013,36.51258959,52.8267843,21.12141562
1,All Population,3,YLDs (Years Lived with Disability),4842,Arunachal Pradesh,1,Male,15,50-54 years,502,Lower extremity peripheral arterial disease,91,Lead exposure,3,Rate,2013,0.010051134,0.031585267,-0.001541368
1,All Population,3,YLDs (Years Lived with Disability),4842,Arunachal Pradesh,2,Female,15,50-54 years,502,Lower extremity peripheral arterial disease,91,Lead exposure,3,Rate,2013,0.012570551,0.042911418,-0.001785052
1,All Population,3,YLDs (Years Lived with Disability),4852,Haryana,1,Male,15,50-54 years,493,Ischemic heart disease,380,Particulate matter pollution,3,Rate,2013,83.28902999,127.3226268,47.1664391
1,All Population,3,YLDs (Years Lived with Disability),4852,Haryana,2,Female,15,50-54 years,493,Ischemic heart disease,380,Particulate matter pollution,3,Rate,2013,45.51881709,66.80026004,26.40804731
1,All Population,3,YLDs (Years Lived with Disability),4874,Uttarakhand,1,Male,15,50-54 years,493,Ischemic heart disease,91,Lead exposure,3,Rate,2013,73.43086405,111.3852126,44.84520273
1,All Population,3,YLDs (Years Lived with Disability),4874,Uttarakhand,2,Female,15,50-54 years,493,Ischemic heart disease,91,Lead exposure,3,Rate,2013,38.62909202,56.84073074,22.18492784
1,All Population,3,YLDs (Years Lived with Disability),4852,Haryana,1,Male,15,50-54 years,500,Atrial fibrillation and flutter,91,Lead exposure,3,Rate,2013,1.090426254,3.344696939,-0.152878219
1,All Population,3,YLDs (Years Lived with Disability),4852,Haryana,2,Female,15,50-54 years,500,Atrial fibrillation and flutter,91,Lead exposure,3,Rate,2013,0.785505173,2.451717775,-0.127752976
1,All Population,3,YLDs (Years Lived with Disability),4861,Manipur,1,Male,15,50-54 years,500,Atrial fibrillation and flutter,91,Lead exposure,3,Rate,2013,1.300646809,3.975761143,-0.223815341
1,All Population,3,YLDs (Years Lived with Disability),4861,Manipur,2,Female,15,50-54 years,500,Atrial fibrillation and flutter,91,Lead exposure,3,Rate,2013,0.921052598,2.799237747,-0.148842229
1,All Population,3,YLDs (Years Lived with Disability),4850,Goa,1,Male,15,50-54 years,494,Stroke,91,Lead exposure,3,Rate,2013,14.67497092,39.34401274,-2.596089683
1,All Population,3,YLDs (Years Lived with Disability),4850,Goa,2,Female,15,50-54 years,494,Stroke,91,Lead exposure,3,Rate,2013,11.79663552,34.27541065,-2.276777076
1,All Population,3,YLDs (Years Lived with Disability),4872,Tripura,1,Male,15,50-54 years,493,Ischemic heart disease,380,Particulate matter pollution,3,Rate,2013,65.51849575,96.47084983,37.80599514
1,All Population,3,YLDs (Years Lived with Disability),4872,Tripura,2,Female,15,50-54 years,493,Ischemic heart disease,380,Particulate matter pollution,3,Rate,2013,43.12649958,64.7807189,25.28288245
1,All Population,3,YLDs (Years Lived with Disability),4872,Tripura,1,Male,15,50-54 years,494,Stroke,91,Lead exposure,3,Rate,2013,25.24500627,60.35526553,-3.864438126
1,All Population,3,YLDs (Years Lived with Disability),4872,Tripura,2,Female,15,50-54 years,494,Stroke,91,Lead exposure,3,Rate,2013,15.80175792,41.21206415,-2.1313502
1,All Population,3,YLDs (Years Lived with Disability),4850,Goa,1,Male,15,50-54 years,500,Atrial fibrillation and flutter,91,Lead exposure,3,Rate,2013,1.138462533,4.044692962,-0.169837107
1,All Population,3,YLDs (Years Lived with Disability),4850,Goa,2,Female,15,50-54 years,500,Atrial fibrillation and flutter,91,Lead exposure,3,Rate,2013,0.818901445,2.848792638,-0.130055592
1,All Population,3,YLDs (Years Lived with Disability),4850,Goa,1,Male,15,50-54 years,502,Lower extremity peripheral arterial disease,91,Lead exposure,3,Rate,2013,0.008853096,0.031044031,-0.00089695
1,All Population,3,YLDs (Years Lived with Disability),4850,Goa,2,Female,15,50-54 years,502,Lower extremity peripheral arterial disease,91,Lead exposure,3,Rate,2013,0.010338321,0.03622968,-0.001191843
1,All Population,3,YLDs (Years Lived with Disability),4856,Karnataka,1,Male,15,50-54 years,493,Ischemic heart disease,91,Lead exposure,3,Rate,2013,71.9036656,106.9006977,44.61853517
1,All Population,3,YLDs (Years Lived with Disability),4856,Karnataka,2,Female,15,50-54 years,493,Ischemic heart disease,91,Lead exposure,3,Rate,2013,44.21795463,65.41341394,26.47325947
1,All Population,3,YLDs (Years Lived with Disability),4844,Bihar,1,Male,15,50-54 years,500,Atrial fibrillation and flutter,91,Lead exposure,3,Rate,2013,1.263543251,4.138692306,-0.179220886
1,All Population,3,YLDs (Years Lived with Disability),4844,Bihar,2,Female,15,50-54 years,500,Atrial fibrillation and flutter,91,Lead exposure,3,Rate,2013,0.955137648,3.630699326,-0.101508116
1,All Population,3,YLDs (Years Lived with Disability),4846,Chhattisgarh,1,Male,15,50-54 years,502,Lower extremity peripheral arterial disease,91,Lead exposure,3,Rate,2013,0.010299511,0.034679411,-0.001231818
1,All Population,3,YLDs (Years Lived with Disability),4846,Chhattisgarh,2,Female,15,50-54 years,502,Lower extremity peripheral arterial disease,91,Lead exposure,3,Rate,2013,0.012750934,0.050016057,-0.001469877
1,All Population,3,YLDs (Years Lived with Disability),4849,Delhi,1,Male,15,50-54 years,493,Ischemic heart disease,380,Particulate matter pollution,3,Rate,2013,73.46930706,111.5972349,42.91979513
1,All Population,3,YLDs (Years Lived with Disability),4849,Delhi,2,Female,15,50-54 years,493,Ischemic heart disease,380,Particulate matter pollution,3,Rate,2013,49.00481615,74.33208974,28.59543263
1,All Population,3,YLDs (Years Lived with Disability),4849,Delhi,1,Male,15,50-54 years,494,Stroke,91,Lead exposure,3,Rate,2013,10.40928327,29.18586678,-1.182129596
1,All Population,3,YLDs (Years Lived with Disability),4849,Delhi,2,Female,15,50-54 years,494,Stroke,91,Lead exposure,3,Rate,2013,9.466018991,26.68534456,-1.060199276
1,All Population,3,YLDs (Years Lived with Disability),4842,Arunachal Pradesh,1,Male,15,50-54 years,493,Ischemic heart disease,91,Lead exposure,3,Rate,2013,43.98925375,62.72411367,25.95490909
1,All Population,3,YLDs (Years Lived with Disability),4842,Arunachal Pradesh,2,Female,15,50-54 years,493,Ischemic heart disease,91,Lead exposure,3,Rate,2013,25.13659717,37.38941634,14.87672048
1,All Population,3,YLDs (Years Lived with Disability),4873,Uttar Pradesh,1,Male,15,50-54 years,494,Stroke,380,Particulate matter pollution,3,Rate,2013,98.25415341,151.98367,55.31205477
1,All Population,3,YLDs (Years Lived with Disability),4873,Uttar Pradesh,2,Female,15,50-54 years,494,Stroke,380,Particulate matter pollution,3,Rate,2013,110.9680727,172.7380609,62.4144779
1,All Population,3,YLDs (Years Lived with Disability),4853,Himachal Pradesh,1,Male,15,50-54 years,494,Stroke,380,Particulate matter pollution,3,Rate,2013,69.82558979,107.4684527,39.44674861
1,All Population,3,YLDs (Years Lived with Disability),4853,Himachal Pradesh,2,Female,15,50-54 years,494,Stroke,380,Particulate matter pollution,3,Rate,2013,61.74504934,97.13233667,35.4383727
1,All Population,3,YLDs (Years Lived with Disability),4853,Himachal Pradesh,1,Male,15,50-54 years,498,Hypertensive heart disease,91,Lead exposure,3,Rate,2013,0.715487876,2.084088139,0
1,All Population,3,YLDs (Years Lived with Disability),4853,Himachal Pradesh,2,Female,15,50-54 years,498,Hypertensive heart disease,91,Lead exposure,3,Rate,2013,1.134823179,2.715933972,0
1,All Population,3,YLDs (Years Lived with Disability),4851,Gujarat,1,Male,15,50-54 years,493,Ischemic heart disease,91,Lead exposure,3,Rate,2013,74.04199773,107.5344055,44.03855071
1,All Population,3,YLDs (Years Lived with Disability),4851,Gujarat,2,Female,15,50-54 years,493,Ischemic heart disease,91,Lead exposure,3,Rate,2013,40.70030073,59.39607067,24.54434341
1,All Population,3,YLDs (Years Lived with Disability),4875,West Bengal,1,Male,15,50-54 years,493,Ischemic heart disease,91,Lead exposure,3,Rate,2013,55.88769778,82.38474097,32.91351302
1,All Population,3,YLDs (Years Lived with Disability),4875,West Bengal,2,Female,15,50-54 years,493,Ischemic heart disease,91,Lead exposure,3,Rate,2013,36.61317216,53.39949617,21.39347225
1,All Population,3,YLDs (Years Lived with Disability),4867,Punjab,1,Male,15,50-54 years,493,Ischemic heart disease,91,Lead exposure,3,Rate,2013,64.11234046,98.86941832,36.78812089
1,All Population,3,YLDs (Years Lived with Disability),4867,Punjab,2,Female,15,50-54 years,493,Ischemic heart disease,91,Lead exposure,3,Rate,2013,38.16421138,55.88892297,21.98053938
1,All Population,3,YLDs (Years Lived with Disability),4865,Odisha,1,Male,15,50-54 years,500,Atrial fibrillation and flutter,91,Lead exposure,3,Rate,2013,1.135709265,3.576724518,-0.160916924
1,All Population,3,YLDs (Years Lived with Disability),4865,Odisha,2,Female,15,50-54 years,500,Atrial fibrillation and flutter,91,Lead exposure,3,Rate,2013,0.820634877,2.517822038,-0.124808043
1,All Population,3,YLDs (Years Lived with Disability),4870,Tamil Nadu,1,Male,15,50-54 years,493,Ischemic heart disease,380,Particulate matter pollution,3,Rate,2013,65.46585335,99.22848194,38.46276513
1,All Population,3,YLDs (Years Lived with Disability),4870,Tamil Nadu,2,Female,15,50-54 years,493,Ischemic heart disease,380,Particulate matter pollution,3,Rate,2013,37.54834224,57.44331748,20.75911348
1,All Population,3,YLDs (Years Lived with Disability),4870,Tamil Nadu,1,Male,15,50-54 years,494,Stroke,91,Lead exposure,3,Rate,2013,18.51470438,48.59213862,-2.558922492
1,All Population,3,YLDs (Years Lived with Disability),4870,Tamil Nadu,2,Female,15,50-54 years,494,Stroke,91,Lead exposure,3,Rate,2013,13.8801193,37.09496312,-2.107696078
1,All Population,3,YLDs (Years Lived with Disability),4869,Sikkim,1,Male,15,50-54 years,493,Ischemic heart disease,91,Lead exposure,3,Rate,2013,53.34202512,78.39501803,33.10724367
1,All Population,3,YLDs (Years Lived with Disability),4869,Sikkim,2,Female,15,50-54 years,493,Ischemic heart disease,91,Lead exposure,3,Rate,2013,30.57576593,44.92954124,18.23081645
1,All Population,3,YLDs (Years Lived with Disability),4865,Odisha,1,Male,15,50-54 years,494,Stroke,91,Lead exposure,3,Rate,2013,18.70294147,45.50304614,-3.140991641
1,All Population,3,YLDs (Years Lived with Disability),4865,Odisha,2,Female,15,50-54 years,494,Stroke,91,Lead exposure,3,Rate,2013,13.58996986,38.75310822,-1.869996207
1,All Population,3,YLDs (Years Lived with Disability),4873,Uttar Pradesh,1,Male,15,50-54 years,493,Ischemic heart disease,380,Particulate matter pollution,3,Rate,2013,75.44581153,112.3517153,44.5678851
1,All Population,3,YLDs (Years Lived with Disability),4873,Uttar Pradesh,2,Female,15,50-54 years,493,Ischemic heart disease,380,Particulate matter pollution,3,Rate,2013,53.38738176,81.4399022,31.05692832
1,All Population,3,YLDs (Years Lived with Disability),4856,Karnataka,1,Male,15,50-54 years,493,Ischemic heart disease,380,Particulate matter pollution,3,Rate,2013,69.44825407,105.853643,40.36879037
1,All Population,3,YLDs (Years Lived with Disability),4856,Karnataka,2,Female,15,50-54 years,493,Ischemic heart disease,380,Particulate matter pollution,3,Rate,2013,44.54969377,66.19906255,26.29734075
1,All Population,3,YLDs (Years Lived with Disability),4868,Rajasthan,1,Male,15,50-54 years,494,Stroke,380,Particulate matter pollution,3,Rate,2013,79.68078385,117.3597571,45.4794039
1,All Population,3,YLDs (Years Lived with Disability),4868,Rajasthan,2,Female,15,50-54 years,494,Stroke,380,Particulate matter pollution,3,Rate,2013,72.97442419,107.6623746,43.8768442
1,All Population,3,YLDs (Years Lived with Disability),4875,West Bengal,1,Male,15,50-54 years,494,Stroke,380,Particulate matter pollution,3,Rate,2013,137.3218103,209.1065249,79.56165155
1,All Population,3,YLDs (Years Lived with Disability),4875,West Bengal,2,Female,15,50-54 years,494,Stroke,380,Particulate matter pollution,3,Rate,2013,125.4037884,188.2721866,73.08065852
1,All Population,3,YLDs (Years Lived with Disability),4846,Chhattisgarh,1,Male,15,50-54 years,494,Stroke,380,Particulate matter pollution,3,Rate,2013,122.2366095,185.8423644,70.93476021
1,All Population,3,YLDs (Years Lived with Disability),4846,Chhattisgarh,2,Female,15,50-54 years,494,Stroke,380,Particulate matter pollution,3,Rate,2013,95.92323654,148.0187604,55.29442228
1,All Population,3,YLDs (Years Lived with Disability),4846,Chhattisgarh,1,Male,15,50-54 years,500,Atrial fibrillation and flutter,91,Lead exposure,3,Rate,2013,1.053518641,3.033105491,-0.137181123
1,All Population,3,YLDs (Years Lived with Disability),4846,Chhattisgarh,2,Female,15,50-54 years,500,Atrial fibrillation and flutter,91,Lead exposure,3,Rate,2013,0.770625833,2.349937562,-0.093505908
1,All Population,3,YLDs (Years Lived with Disability),4854,Jammu & Kashmir and Ladakh,1,Male,15,50-54 years,493,Ischemic heart disease,380,Particulate matter pollution,3,Rate,2013,60.33284794,91.79665481,34.47291523
1,All Population,3,YLDs (Years Lived with Disability),4854,Jammu & Kashmir and Ladakh,2,Female,15,50-54 years,493,Ischemic heart disease,380,Particulate matter pollution,3,Rate,2013,44.01661143,64.79419716,25.1648506
1,All Population,3,YLDs (Years Lived with Disability),4854,Jammu & Kashmir and Ladakh,1,Male,15,50-54 years,494,Stroke,91,Lead exposure,3,Rate,2013,10.65454913,26.06584477,-1.947017226
1,All Population,3,YLDs (Years Lived with Disability),4854,Jammu & Kashmir and Ladakh,2,Female,15,50-54 years,494,Stroke,91,Lead exposure,3,Rate,2013,8.555634247,21.27250898,-1.418472139
1,All Population,3,YLDs (Years Lived with Disability),4857,Kerala,1,Male,15,50-54 years,494,Stroke,380,Particulate matter pollution,3,Rate,2013,94.96906226,148.763391,50.88898223
1,All Population,3,YLDs (Years Lived with Disability),4857,Kerala,2,Female,15,50-54 years,494,Stroke,380,Particulate matter pollution,3,Rate,2013,76.5320053,120.4705453,42.92379935
1,All Population,3,YLDs (Years Lived with Disability),4853,Himachal Pradesh,1,Male,15,50-54 years,493,Ischemic heart disease,91,Lead exposure,3,Rate,2013,63.01644568,93.29650802,36.02187961
1,All Population,3,YLDs (Years Lived with Disability),4853,Himachal Pradesh,2,Female,15,50-54 years,493,Ischemic heart disease,91,Lead exposure,3,Rate,2013,31.93103302,46.38745066,19.77064209
1,All Population,3,YLDs (Years Lived with Disability),4855,Jharkhand,1,Male,15,50-54 years,502,Lower extremity peripheral arterial disease,91,Lead exposure,3,Rate,2013,0.01056366,0.036207003,-0.000908373
1,All Population,3,YLDs (Years Lived with Disability),4855,Jharkhand,2,Female,15,50-54 years,502,Lower extremity peripheral arterial disease,91,Lead exposure,3,Rate,2013,0.012162767,0.044178842,-0.001258145
1,All Population,3,YLDs (Years Lived with Disability),4870,Tamil Nadu,1,Male,15,50-54 years,498,Hypertensive heart disease,91,Lead exposure,3,Rate,2013,0.624759659,1.598734233,0
1,All Population,3,YLDs (Years Lived with Disability),4870,Tamil Nadu,2,Female,15,50-54 years,498,Hypertensive heart disease,91,Lead exposure,3,Rate,2013,1.130085552,2.694122542,0
1,All Population,3,YLDs (Years Lived with Disability),4851,Gujarat,1,Male,15,50-54 years,494,Stroke,380,Particulate matter pollution,3,Rate,2013,92.07619151,141.376304,53.2089914
1,All Population,3,YLDs (Years Lived with Disability),4851,Gujarat,2,Female,15,50-54 years,494,Stroke,380,Particulate matter pollution,3,Rate,2013,79.00460733,116.0354891,44.14199499
1,All Population,3,YLDs (Years Lived with Disability),4871,Telangana,1,Male,15,50-54 years,502,Lower extremity peripheral arterial disease,91,Lead exposure,3,Rate,2013,0.010639909,0.033231779,-0.001292441
1,All Population,3,YLDs (Years Lived with Disability),4871,Telangana,2,Female,15,50-54 years,502,Lower extremity peripheral arterial disease,91,Lead exposure,3,Rate,2013,0.012184457,0.046667373,-0.001388946
1,All Population,3,YLDs (Years Lived with Disability),4842,Arunachal Pradesh,1,Male,15,50-54 years,494,Stroke,380,Particulate matter pollution,3,Rate,2013,71.19814906,111.7109097,40.8418206
1,All Population,3,YLDs (Years Lived with Disability),4842,Arunachal Pradesh,2,Female,15,50-54 years,494,Stroke,380,Particulate matter pollution,3,Rate,2013,62.24197304,95.72556335,34.35460397
1,All Population,3,YLDs (Years Lived with Disability),4861,Manipur,1,Male,15,50-54 years,493,Ischemic heart disease,91,Lead exposure,3,Rate,2013,45.681481,68.09799707,27.92687648
1,All Population,3,YLDs (Years Lived with Disability),4861,Manipur,2,Female,15,50-54 years,493,Ischemic heart disease,91,Lead exposure,3,Rate,2013,31.43188581,45.82414684,17.97725803
1,All Population,3,YLDs (Years Lived with Disability),4862,Meghalaya,1,Male,15,50-54 years,493,Ischemic heart disease,380,Particulate matter pollution,3,Rate,2013,46.88883289,70.79578048,27.30398561
1,All Population,3,YLDs (Years Lived with Disability),4862,Meghalaya,2,Female,15,50-54 years,493,Ischemic heart disease,380,Particulate matter pollution,3,Rate,2013,31.93504928,47.44224524,18.47280895
1,All Population,3,YLDs (Years Lived with Disability),4862,Meghalaya,1,Male,15,50-54 years,494,Stroke,91,Lead exposure,3,Rate,2013,16.71328397,45.37271115,-3.027407665
1,All Population,3,YLDs (Years Lived with Disability),4862,Meghalaya,2,Female,15,50-54 years,494,Stroke,91,Lead exposure,3,Rate,2013,11.96105835,32.10981377,-1.65669548
1,All Population,3,YLDs (Years Lived with Disability),4862,Meghalaya,1,Male,15,50-54 years,498,Hypertensive heart disease,91,Lead exposure,3,Rate,2013,1.250053251,3.121609831,0
1,All Population,3,YLDs (Years Lived with Disability),4862,Meghalaya,2,Female,15,50-54 years,498,Hypertensive heart disease,91,Lead exposure,3,Rate,2013,1.655764664,3.73406698,0
1,All Population,3,YLDs (Years Lived with Disability),4843,Assam,1,Male,15,50-54 years,493,Ischemic heart disease,91,Lead exposure,3,Rate,2013,44.95479076,66.6828422,26.8986491
1,All Population,3,YLDs (Years Lived with Disability),4843,Assam,2,Female,15,50-54 years,493,Ischemic heart disease,91,Lead exposure,3,Rate,2013,28.6098297,42.33028398,16.94650297
1,All Population,3,YLDs (Years Lived with Disability),4855,Jharkhand,1,Male,15,50-54 years,493,Ischemic heart disease,91,Lead exposure,3,Rate,2013,44.59978186,65.82915041,25.97362994
1,All Population,3,YLDs (Years Lived with Disability),4855,Jharkhand,2,Female,15,50-54 years,493,Ischemic heart disease,91,Lead exposure,3,Rate,2013,31.61260816,46.47585417,18.91723721
1,All Population,3,YLDs (Years Lived with Disability),4851,Gujarat,1,Male,15,50-54 years,500,Atrial fibrillation and flutter,91,Lead exposure,3,Rate,2013,1.283225772,3.950778053,-0.178085503
1,All Population,3,YLDs (Years Lived with Disability),4851,Gujarat,2,Female,15,50-54 years,500,Atrial fibrillation and flutter,91,Lead exposure,3,Rate,2013,1.040117855,3.269645517,-0.134596807
1,All Population,3,YLDs (Years Lived with Disability),4864,Nagaland,1,Male,15,50-54 years,493,Ischemic heart disease,91,Lead exposure,3,Rate,2013,44.75087471,65.68831834,26.58555181
1,All Population,3,YLDs (Years Lived with Disability),4864,Nagaland,2,Female,15,50-54 years,493,Ischemic heart disease,91,Lead exposure,3,Rate,2013,31.86738149,45.86313073,18.79492593
1,All Population,3,YLDs (Years Lived with Disability),4864,Nagaland,1,Male,15,50-54 years,493,Ischemic heart disease,380,Particulate matter pollution,3,Rate,2013,50.41716096,76.20102425,27.94213461
1,All Population,3,YLDs (Years Lived with Disability),4864,Nagaland,2,Female,15,50-54 years,493,Ischemic heart disease,380,Particulate matter pollution,3,Rate,2013,39.6362138,59.12423839,23.44686787
1,All Population,3,YLDs (Years Lived with Disability),4864,Nagaland,1,Male,15,50-54 years,494,Stroke,91,Lead exposure,3,Rate,2013,22.46450631,58.85155944,-3.312462432
1,All Population,3,YLDs (Years Lived with Disability),4864,Nagaland,2,Female,15,50-54 years,494,Stroke,91,Lead exposure,3,Rate,2013,13.0523026,33.8556811,-2.018321141
1,All Population,3,YLDs (Years Lived with Disability),4844,Bihar,1,Male,15,50-54 years,493,Ischemic heart disease,380,Particulate matter pollution,3,Rate,2013,62.46496525,93.91159876,35.11829831
1,All Population,3,YLDs (Years Lived with Disability),4844,Bihar,2,Female,15,50-54 years,493,Ischemic heart disease,380,Particulate matter pollution,3,Rate,2013,43.54014201,66.66492118,25.21289278
1,All Population,3,YLDs (Years Lived with Disability),4844,Bihar,1,Male,15,50-54 years,494,Stroke,91,Lead exposure,3,Rate,2013,15.05639595,37.58847475,-2.637261793
1,All Population,3,YLDs (Years Lived with Disability),4844,Bihar,2,Female,15,50-54 years,494,Stroke,91,Lead exposure,3,Rate,2013,13.00031266,33.78921637,-2.151659571
1,All Population,3,YLDs (Years Lived with Disability),4849,Delhi,1,Male,15,50-54 years,494,Stroke,380,Particulate matter pollution,3,Rate,2013,76.83023998,119.2276673,42.73991375
1,All Population,3,YLDs (Years Lived with Disability),4849,Delhi,2,Female,15,50-54 years,494,Stroke,380,Particulate matter pollution,3,Rate,2013,85.5192402,132.947438,46.84564747
1,All Population,3,YLDs (Years Lived with Disability),4849,Delhi,1,Male,15,50-54 years,498,Hypertensive heart disease,91,Lead exposure,3,Rate,2013,0.582181201,1.458410313,0
1,All Population,3,YLDs (Years Lived with Disability),4849,Delhi,2,Female,15,50-54 years,498,Hypertensive heart disease,91,Lead exposure,3,Rate,2013,0.774301062,2.166522312,0
1,All Population,3,YLDs (Years Lived with Disability),4844,Bihar,1,Male,15,50-54 years,498,Hypertensive heart disease,91,Lead exposure,3,Rate,2013,1.162011643,2.785181461,0
1,All Population,3,YLDs (Years Lived with Disability),4844,Bihar,2,Female,15,50-54 years,498,Hypertensive heart disease,91,Lead exposure,3,Rate,2013,1.522592408,3.432199185,0
1,All Population,3,YLDs (Years Lived with Disability),4850,Goa,1,Male,15,50-54 years,493,Ischemic heart disease,380,Particulate matter pollution,3,Rate,2013,51.5514507,78.15867939,28.37658373
1,All Population,3,YLDs (Years Lived with Disability),4850,Goa,2,Female,15,50-54 years,493,Ischemic heart disease,380,Particulate matter pollution,3,Rate,2013,33.98354242,51.29861228,19.44466817
1,All Population,3,YLDs (Years Lived with Disability),4873,Uttar Pradesh,1,Male,15,50-54 years,500,Atrial fibrillation and flutter,91,Lead exposure,3,Rate,2013,1.205630934,3.882342512,-0.144546919
1,All Population,3,YLDs (Years Lived with Disability),4873,Uttar Pradesh,2,Female,15,50-54 years,500,Atrial fibrillation and flutter,91,Lead exposure,3,Rate,2013,0.929845119,2.907608902,-0.108910128
1,All Population,3,YLDs (Years Lived with Disability),4873,Uttar Pradesh,1,Male,15,50-54 years,502,Lower extremity peripheral arterial disease,91,Lead exposure,3,Rate,2013,0.013340379,0.042070208,-0.001294667
1,All Population,3,YLDs (Years Lived with Disability),4873,Uttar Pradesh,2,Female,15,50-54 years,502,Lower extremity peripheral arterial disease,91,Lead exposure,3,Rate,2013,0.015839378,0.052007256,-0.001696563
1,All Population,3,YLDs (Years Lived with Disability),4868,Rajasthan,1,Male,15,50-54 years,500,Atrial fibrillation and flutter,91,Lead exposure,3,Rate,2013,0.659612696,1.955666879,-0.093046572
1,All Population,3,YLDs (Years Lived with Disability),4868,Rajasthan,2,Female,15,50-54 years,500,Atrial fibrillation and flutter,91,Lead exposure,3,Rate,2013,0.427387357,1.34873885,-0.049810261
1,All Population,3,YLDs (Years Lived with Disability),44538,Other Union Territories,1,Male,15,50-54 years,493,Ischemic heart disease,380,Particulate matter pollution,3,Rate,2013,54.02140101,81.45557274,31.03678023
1,All Population,3,YLDs (Years Lived with Disability),44538,Other Union Territories,2,Female,15,50-54 years,493,Ischemic heart disease,380,Particulate matter pollution,3,Rate,2013,34.06391658,51.6681384,19.87542905
1,All Population,3,YLDs (Years Lived with Disability),4860,Maharashtra,1,Male,15,50-54 years,493,Ischemic heart disease,91,Lead exposure,3,Rate,2013,53.91743916,80.28222271,31.5205316
1,All Population,3,YLDs (Years Lived with Disability),4860,Maharashtra,2,Female,15,50-54 years,493,Ischemic heart disease,91,Lead exposure,3,Rate,2013,30.40315898,43.10189581,17.61300917
1,All Population,3,YLDs (Years Lived with Disability),4841,Andhra Pradesh,1,Male,15,50-54 years,494,Stroke,380,Particulate matter pollution,3,Rate,2013,65.43059666,100.8384049,37.21100358
1,All Population,3,YLDs (Years Lived with Disability),4841,Andhra Pradesh,2,Female,15,50-54 years,494,Stroke,380,Particulate matter pollution,3,Rate,2013,59.18459538,88.36225107,34.4784002
1,All Population,3,YLDs (Years Lived with Disability),4875,West Bengal,1,Male,15,50-54 years,500,Atrial fibrillation and flutter,91,Lead exposure,3,Rate,2013,1.07783877,3.353803377,-0.171850779
1,All Population,3,YLDs (Years Lived with Disability),4875,West Bengal,2,Female,15,50-54 years,500,Atrial fibrillation and flutter,91,Lead exposure,3,Rate,2013,0.856646143,2.881950509,-0.136362213
1,All Population,3,YLDs (Years Lived with Disability),4859,Madhya Pradesh,1,Male,15,50-54 years,502,Lower extremity peripheral arterial disease,91,Lead exposure,3,Rate,2013,0.010569299,0.037082714,-0.001117613
1,All Population,3,YLDs (Years Lived with Disability),4859,Madhya Pradesh,2,Female,15,50-54 years,502,Lower extremity peripheral arterial disease,91,Lead exposure,3,Rate,2013,0.012827685,0.044966133,-0.001477281
1,All Population,3,YLDs (Years Lived with Disability),4865,Odisha,1,Male,15,50-54 years,493,Ischemic heart disease,380,Particulate matter pollution,3,Rate,2013,49.27627978,72.78962996,29.05129007
1,All Population,3,YLDs (Years Lived with Disability),4865,Odisha,2,Female,15,50-54 years,493,Ischemic heart disease,380,Particulate matter pollution,3,Rate,2013,32.92365901,47.68776629,18.4962768
1,All Population,3,YLDs (Years Lived with Disability),4873,Uttar Pradesh,1,Male,15,50-54 years,494,Stroke,91,Lead exposure,3,Rate,2013,18.01122338,44.64172894,-2.142117649
1,All Population,3,YLDs (Years Lived with Disability),4873,Uttar Pradesh,2,Female,15,50-54 years,494,Stroke,91,Lead exposure,3,Rate,2013,18.2862175,44.92682334,-2.418676031
1,All Population,3,YLDs (Years Lived with Disability),4863,Mizoram,1,Male,15,50-54 years,493,Ischemic heart disease,380,Particulate matter pollution,3,Rate,2013,33.4662996,51.09953106,19.53106812
1,All Population,3,YLDs (Years Lived with Disability),4863,Mizoram,2,Female,15,50-54 years,493,Ischemic heart disease,380,Particulate matter pollution,3,Rate,2013,21.03246525,32.06307132,12.05518128
1,All Population,3,YLDs (Years Lived with Disability),4863,Mizoram,1,Male,15,50-54 years,494,Stroke,91,Lead exposure,3,Rate,2013,13.69099672,36.54605856,-2.329631846
1,All Population,3,YLDs (Years Lived with Disability),4863,Mizoram,2,Female,15,50-54 years,494,Stroke,91,Lead exposure,3,Rate,2013,9.073580139,24.00122018,-1.370410242
1,All Population,3,YLDs (Years Lived with Disability),4857,Kerala,1,Male,15,50-54 years,494,Stroke,91,Lead exposure,3,Rate,2013,20.89639839,50.90644368,-3.070440212
1,All Population,3,YLDs (Years Lived with Disability),4857,Kerala,2,Female,15,50-54 years,494,Stroke,91,Lead exposure,3,Rate,2013,14.3558668,34.40999253,-1.999132992
1,All Population,3,YLDs (Years Lived with Disability),4846,Chhattisgarh,1,Male,15,50-54 years,493,Ischemic heart disease,380,Particulate matter pollution,3,Rate,2013,66.33729084,100.8846178,38.85616515
1,All Population,3,YLDs (Years Lived with Disability),4846,Chhattisgarh,2,Female,15,50-54 years,493,Ischemic heart disease,380,Particulate matter pollution,3,Rate,2013,44.28453129,65.36074995,25.31278732
1,All Population,3,YLDs (Years Lived with Disability),4846,Chhattisgarh,1,Male,15,50-54 years,494,Stroke,91,Lead exposure,3,Rate,2013,20.18513554,55.34016059,-3.006308278
1,All Population,3,YLDs (Years Lived with Disability),4846,Chhattisgarh,2,Female,15,50-54 years,494,Stroke,91,Lead exposure,3,Rate,2013,13.22560511,35.77041486,-2.077484835
1,All Population,3,YLDs (Years Lived with Disability),4863,Mizoram,1,Male,15,50-54 years,494,Stroke,380,Particulate matter pollution,3,Rate,2013,57.27686447,93.73340296,30.87888869
1,All Population,3,YLDs (Years Lived with Disability),4863,Mizoram,2,Female,15,50-54 years,494,Stroke,380,Particulate matter pollution,3,Rate,2013,49.13333379,75.40310483,28.24226752
1,All Population,3,YLDs (Years Lived with Disability),4863,Mizoram,1,Male,15,50-54 years,498,Hypertensive heart disease,91,Lead exposure,3,Rate,2013,1.310837592,3.034791366,0
1,All Population,3,YLDs (Years Lived with Disability),4863,Mizoram,2,Female,15,50-54 years,498,Hypertensive heart disease,91,Lead exposure,3,Rate,2013,2.195154118,4.824110726,0
1,All Population,3,YLDs (Years Lived with Disability),4871,Telangana,1,Male,15,50-54 years,493,Ischemic heart disease,380,Particulate matter pollution,3,Rate,2013,67.12503805,100.7448924,37.92638136
1,All Population,3,YLDs (Years Lived with Disability),4871,Telangana,2,Female,15,50-54 years,493,Ischemic heart disease,380,Particulate matter pollution,3,Rate,2013,43.13170994,63.42812291,25.24596732
1,All Population,3,YLDs (Years Lived with Disability),4871,Telangana,1,Male,15,50-54 years,494,Stroke,91,Lead exposure,3,Rate,2013,14.80065721,34.25825671,-1.944535199
1,All Population,3,YLDs (Years Lived with Disability),4871,Telangana,2,Female,15,50-54 years,494,Stroke,91,Lead exposure,3,Rate,2013,9.760408144,24.33659773,-1.237808407
1,All Population,3,YLDs (Years Lived with Disability),4846,Chhattisgarh,1,Male,15,50-54 years,498,Hypertensive heart disease,91,Lead exposure,3,Rate,2013,0.962966082,2.433036172,0
1,All Population,3,YLDs (Years Lived with Disability),4846,Chhattisgarh,2,Female,15,50-54 years,498,Hypertensive heart disease,91,Lead exposure,3,Rate,2013,1.275664564,3.431533967,0
1,All Population,3,YLDs (Years Lived with Disability),4842,Arunachal Pradesh,1,Male,15,50-54 years,493,Ischemic heart disease,380,Particulate matter pollution,3,Rate,2013,43.19306275,65.25723401,24.39791298
1,All Population,3,YLDs (Years Lived with Disability),4842,Arunachal Pradesh,2,Female,15,50-54 years,493,Ischemic heart disease,380,Particulate matter pollution,3,Rate,2013,28.5660903,44.18576061,16.07966989
1,All Population,3,YLDs (Years Lived with Disability),4842,Arunachal Pradesh,1,Male,15,50-54 years,494,Stroke,91,Lead exposure,3,Rate,2013,16.38095594,43.21943068,-2.29329619
1,All Population,3,YLDs (Years Lived with Disability),4842,Arunachal Pradesh,2,Female,15,50-54 years,494,Stroke,91,Lead exposure,3,Rate,2013,11.52680847,30.79183789,-1.331430278
1,All Population,3,YLDs (Years Lived with Disability),4874,Uttarakhand,1,Male,15,50-54 years,494,Stroke,380,Particulate matter pollution,3,Rate,2013,96.5501795,148.4396132,55.69016214
1,All Population,3,YLDs (Years Lived with Disability),4874,Uttarakhand,2,Female,15,50-54 years,494,Stroke,380,Particulate matter pollution,3,Rate,2013,73.88060785,111.1307135,43.01804203
1,All Population,3,YLDs (Years Lived with Disability),4871,Telangana,1,Male,15,50-54 years,498,Hypertensive heart disease,91,Lead exposure,3,Rate,2013,0.661384843,1.799951074,0
1,All Population,3,YLDs (Years Lived with Disability),4871,Telangana,2,Female,15,50-54 years,498,Hypertensive heart disease,91,Lead exposure,3,Rate,2013,1.125067648,2.756127644,0
1,All Population,3,YLDs (Years Lived with Disability),4874,Uttarakhand,1,Male,15,50-54 years,500,Atrial fibrillation and flutter,91,Lead exposure,3,Rate,2013,1.161815821,3.552934387,-0.157822207
1,All Population,3,YLDs (Years Lived with Disability),4874,Uttarakhand,2,Female,15,50-54 years,500,Atrial fibrillation and flutter,91,Lead exposure,3,Rate,2013,0.858752764,2.627648499,-0.13556226
1,All Population,3,YLDs (Years Lived with Disability),4844,Bihar,1,Male,15,50-54 years,493,Ischemic heart disease,91,Lead exposure,3,Rate,2013,52.80246736,77.08338727,30.7584343
1,All Population,3,YLDs (Years Lived with Disability),4844,Bihar,2,Female,15,50-54 years,493,Ischemic heart disease,91,Lead exposure,3,Rate,2013,33.77767165,52.46363781,19.51143014
1,All Population,3,YLDs (Years Lived with Disability),4863,Mizoram,1,Male,15,50-54 years,493,Ischemic heart disease,91,Lead exposure,3,Rate,2013,34.57639449,50.71464953,21.09110932
1,All Population,3,YLDs (Years Lived with Disability),4863,Mizoram,2,Female,15,50-54 years,493,Ischemic heart disease,91,Lead exposure,3,Rate,2013,20.19377237,29.96634386,11.8708663
1,All Population,3,YLDs (Years Lived with Disability),4875,West Bengal,1,Male,15,50-54 years,493,Ischemic heart disease,380,Particulate matter pollution,3,Rate,2013,69.43595291,103.61352,40.82900644
1,All Population,3,YLDs (Years Lived with Disability),4875,West Bengal,2,Female,15,50-54 years,493,Ischemic heart disease,380,Particulate matter pollution,3,Rate,2013,48.36927287,70.55240774,27.57738825
1,All Population,3,YLDs (Years Lived with Disability),4875,West Bengal,1,Male,15,50-54 years,494,Stroke,91,Lead exposure,3,Rate,2013,22.98321511,57.30236201,-2.968615562
1,All Population,3,YLDs (Years Lived with Disability),4875,West Bengal,2,Female,15,50-54 years,494,Stroke,91,Lead exposure,3,Rate,2013,19.15062088,44.65495522,-2.607550133
1,All Population,3,YLDs (Years Lived with Disability),4842,Arunachal Pradesh,1,Male,15,50-54 years,498,Hypertensive heart disease,91,Lead exposure,3,Rate,2013,0.961022716,2.672837196,0
1,All Population,3,YLDs (Years Lived with Disability),4842,Arunachal Pradesh,2,Female,15,50-54 years,498,Hypertensive heart disease,91,Lead exposure,3,Rate,2013,1.56250476,3.992023392,0
1,All Population,3,YLDs (Years Lived with Disability),4844,Bihar,1,Male,15,50-54 years,502,Lower extremity peripheral arterial disease,91,Lead exposure,3,Rate,2013,0.011827242,0.036930236,-0.001303392
1,All Population,3,YLDs (Years Lived with Disability),4844,Bihar,2,Female,15,50-54 years,502,Lower extremity peripheral arterial disease,91,Lead exposure,3,Rate,2013,0.014240877,0.05356156,-0.001746001
1,All Population,3,YLDs (Years Lived with Disability),4862,Meghalaya,1,Male,15,50-54 years,493,Ischemic heart disease,91,Lead exposure,3,Rate,2013,42.25968243,62.26567413,26.36157175
1,All Population,3,YLDs (Years Lived with Disability),4862,Meghalaya,2,Female,15,50-54 years,493,Ischemic heart disease,91,Lead exposure,3,Rate,2013,26.63030023,38.38753119,16.27758083
1,All Population,3,YLDs (Years Lived with Disability),4875,West Bengal,1,Male,15,50-54 years,498,Hypertensive heart disease,91,Lead exposure,3,Rate,2013,0.668877087,1.699322401,0
1,All Population,3,YLDs (Years Lived with Disability),4875,West Bengal,2,Female,15,50-54 years,498,Hypertensive heart disease,91,Lead exposure,3,Rate,2013,1.073570143,2.486252959,0
1,All Population,3,YLDs (Years Lived with Disability),4867,Punjab,1,Male,15,50-54 years,502,Lower extremity peripheral arterial disease,91,Lead exposure,3,Rate,2013,0.005858627,0.020172606,-0.000721372
1,All Population,3,YLDs (Years Lived with Disability),4867,Punjab,2,Female,15,50-54 years,502,Lower extremity peripheral arterial disease,91,Lead exposure,3,Rate,2013,0.007899145,0.024226434,-0.000838856
1,All Population,3,YLDs (Years Lived with Disability),4862,Meghalaya,1,Male,15,50-54 years,502,Lower extremity peripheral arterial disease,91,Lead exposure,3,Rate,2013,0.011791601,0.037945582,-0.001545035
1,All Population,3,YLDs (Years Lived with Disability),4862,Meghalaya,2,Female,15,50-54 years,502,Lower extremity peripheral arterial disease,91,Lead exposure,3,Rate,2013,0.013622765,0.041383585,-0.001637454
1,All Population,3,YLDs (Years Lived with Disability),4843,Assam,1,Male,15,50-54 years,493,Ischemic heart disease,380,Particulate matter pollution,3,Rate,2013,52.5780611,79.8285141,31.19680382
1,All Population,3,YLDs (Years Lived with Disability),4843,Assam,2,Female,15,50-54 years,493,Ischemic heart disease,380,Particulate matter pollution,3,Rate,2013,37.13216588,56.00134508,21.57981209
1,All Population,3,YLDs (Years Lived with Disability),4843,Assam,1,Male,15,50-54 years,494,Stroke,91,Lead exposure,3,Rate,2013,24.00660027,66.39064835,-3.799587625
1,All Population,3,YLDs (Years Lived with Disability),4843,Assam,2,Female,15,50-54 years,494,Stroke,91,Lead exposure,3,Rate,2013,14.59039345,40.58395583,-1.956713257
1,All Population,3,YLDs (Years Lived with Disability),4849,Delhi,1,Male,15,50-54 years,493,Ischemic heart disease,91,Lead exposure,3,Rate,2013,49.97957317,74.29356735,28.42534227
1,All Population,3,YLDs (Years Lived with Disability),4849,Delhi,2,Female,15,50-54 years,493,Ischemic heart disease,91,Lead exposure,3,Rate,2013,29.06039019,44.12029767,17.39111131
1,All Population,3,YLDs (Years Lived with Disability),4851,Gujarat,1,Male,15,50-54 years,502,Lower extremity peripheral arterial disease,91,Lead exposure,3,Rate,2013,0.011677672,0.038792769,-0.001098334
1,All Population,3,YLDs (Years Lived with Disability),4851,Gujarat,2,Female,15,50-54 years,502,Lower extremity peripheral arterial disease,91,Lead exposure,3,Rate,2013,0.014802381,0.051291134,-0.002163012
1,All Population,3,YLDs (Years Lived with Disability),44538,Other Union Territories,1,Male,15,50-54 years,493,Ischemic heart disease,91,Lead exposure,3,Rate,2013,59.5147336,87.86219504,35.95285769
1,All Population,3,YLDs (Years Lived with Disability),44538,Other Union Territories,2,Female,15,50-54 years,493,Ischemic heart disease,91,Lead exposure,3,Rate,2013,34.52952831,51.87983052,20.81165238
1,All Population,3,YLDs (Years Lived with Disability),44538,Other Union Territories,1,Male,15,50-54 years,494,Stroke,91,Lead exposure,3,Rate,2013,13.08307174,32.95709009,-2.552442
1,All Population,3,YLDs (Years Lived with Disability),44538,Other Union Territories,2,Female,15,50-54 years,494,Stroke,91,Lead exposure,3,Rate,2013,10.66814717,26.18242699,-2.091065797
1,All Population,3,YLDs (Years Lived with Disability),4842,Arunachal Pradesh,1,Male,15,50-54 years,500,Atrial fibrillation and flutter,91,Lead exposure,3,Rate,2013,1.249411399,4.330176425,-0.179010932
1,All Population,3,YLDs (Years Lived with Disability),4842,Arunachal Pradesh,2,Female,15,50-54 years,500,Atrial fibrillation and flutter,91,Lead exposure,3,Rate,2013,0.894878044,3.170995155,-0.136427492
1,All Population,3,YLDs (Years Lived with Disability),4843,Assam,1,Male,15,50-54 years,500,Atrial fibrillation and flutter,91,Lead exposure,3,Rate,2013,1.159717402,3.906550853,-0.163309339
1,All Population,3,YLDs (Years Lived with Disability),4843,Assam,2,Female,15,50-54 years,500,Atrial fibrillation and flutter,91,Lead exposure,3,Rate,2013,0.841963299,2.766607257,-0.121878819
1,All Population,3,YLDs (Years Lived with Disability),4843,Assam,1,Male,15,50-54 years,502,Lower extremity peripheral arterial disease,91,Lead exposure,3,Rate,2013,0.00994902,0.03233635,-0.00127146
1,All Population,3,YLDs (Years Lived with Disability),4843,Assam,2,Female,15,50-54 years,502,Lower extremity peripheral arterial disease,91,Lead exposure,3,Rate,2013,0.012201832,0.0414866,-0.0015775
1,All Population,3,YLDs (Years Lived with Disability),4861,Manipur,1,Male,15,50-54 years,502,Lower extremity peripheral arterial disease,91,Lead exposure,3,Rate,2013,0.012314937,0.036529616,-0.001305817
1,All Population,3,YLDs (Years Lived with Disability),4861,Manipur,2,Female,15,50-54 years,502,Lower extremity peripheral arterial disease,91,Lead exposure,3,Rate,2013,0.015871286,0.049222031,-0.002249577
1,All Population,3,YLDs (Years Lived with Disability),4853,Himachal Pradesh,1,Male,15,50-54 years,500,Atrial fibrillation and flutter,91,Lead exposure,3,Rate,2013,1.159807351,4.130802462,-0.161891984
1,All Population,3,YLDs (Years Lived with Disability),4853,Himachal Pradesh,2,Female,15,50-54 years,500,Atrial fibrillation and flutter,91,Lead exposure,3,Rate,2013,0.847307949,2.951705864,-0.105280071
1,All Population,3,YLDs (Years Lived with Disability),44538,Other Union Territories,1,Male,15,50-54 years,494,Stroke,380,Particulate matter pollution,3,Rate,2013,52.02207737,80.32943021,27.80297199
1,All Population,3,YLDs (Years Lived with Disability),44538,Other Union Territories,2,Female,15,50-54 years,494,Stroke,380,Particulate matter pollution,3,Rate,2013,51.34582043,82.27059229,27.69061495
1,All Population,3,YLDs (Years Lived with Disability),4863,Mizoram,1,Male,15,50-54 years,502,Lower extremity peripheral arterial disease,91,Lead exposure,3,Rate,2013,0.011695687,0.039205065,-0.00109476
1,All Population,3,YLDs (Years Lived with Disability),4863,Mizoram,2,Female,15,50-54 years,502,Lower extremity peripheral arterial disease,91,Lead exposure,3,Rate,2013,0.014104645,0.048957609,-0.001658188
1,All Population,3,YLDs (Years Lived with Disability),4868,Rajasthan,1,Male,15,50-54 years,493,Ischemic heart disease,91,Lead exposure,3,Rate,2013,45.8955893,67.97674923,26.82754154
1,All Population,3,YLDs (Years Lived with Disability),4868,Rajasthan,2,Female,15,50-54 years,493,Ischemic heart disease,91,Lead exposure,3,Rate,2013,20.63416072,29.83899578,11.98866454
1,All Population,3,YLDs (Years Lived with Disability),4860,Maharashtra,1,Male,15,50-54 years,494,Stroke,380,Particulate matter pollution,3,Rate,2013,81.82928254,130.7165031,43.71447383
1,All Population,3,YLDs (Years Lived with Disability),4860,Maharashtra,2,Female,15,50-54 years,494,Stroke,380,Particulate matter pollution,3,Rate,2013,65.4896094,103.1037518,36.68857898
1,All Population,3,YLDs (Years Lived with Disability),4865,Odisha,1,Male,15,50-54 years,502,Lower extremity peripheral arterial disease,91,Lead exposure,3,Rate,2013,0.010574552,0.037300173,-0.001264351
1,All Population,3,YLDs (Years Lived with Disability),4865,Odisha,2,Female,15,50-54 years,502,Lower extremity peripheral arterial disease,91,Lead exposure,3,Rate,2013,0.012377318,0.044573834,-0.001647456
1,All Population,3,YLDs (Years Lived with Disability),4872,Tripura,1,Male,15,50-54 years,493,Ischemic heart disease,91,Lead exposure,3,Rate,2013,54.20473772,79.05363415,33.03147392
1,All Population,3,YLDs (Years Lived with Disability),4872,Tripura,2,Female,15,50-54 years,493,Ischemic heart disease,91,Lead exposure,3,Rate,2013,32.58616966,47.88883076,19.04010787
1,All Population,3,YLDs (Years Lived with Disability),4852,Haryana,1,Male,15,50-54 years,493,Ischemic heart disease,91,Lead exposure,3,Rate,2013,65.45989589,97.21347386,40.20247076
1,All Population,3,YLDs (Years Lived with Disability),4852,Haryana,2,Female,15,50-54 years,493,Ischemic heart disease,91,Lead exposure,3,Rate,2013,32.70922431,48.63819594,18.39688802
1,All Population,3,YLDs (Years Lived with Disability),4855,Jharkhand,1,Male,15,50-54 years,494,Stroke,380,Particulate matter pollution,3,Rate,2013,87.41049968,136.7642491,47.15430681
1,All Population,3,YLDs (Years Lived with Disability),4855,Jharkhand,2,Female,15,50-54 years,494,Stroke,380,Particulate matter pollution,3,Rate,2013,99.48204573,142.305296,58.72219453
1,All Population,3,YLDs (Years Lived with Disability),4841,Andhra Pradesh,1,Male,15,50-54 years,493,Ischemic heart disease,91,Lead exposure,3,Rate,2015,61.1625137,88.04446934,36.25650241
1,All Population,3,YLDs (Years Lived with Disability),4841,Andhra Pradesh,2,Female,15,50-54 years,493,Ischemic heart disease,91,Lead exposure,3,Rate,2015,33.870894,49.97637122,19.96291882
1,All Population,3,YLDs (Years Lived with Disability),4856,Karnataka,1,Male,15,50-54 years,500,Atrial fibrillation and flutter,91,Lead exposure,3,Rate,2013,1.444385288,4.468731284,-0.172283922
1,All Population,3,YLDs (Years Lived with Disability),4856,Karnataka,2,Female,15,50-54 years,500,Atrial fibrillation and flutter,91,Lead exposure,3,Rate,2013,1.139994053,3.468896495,-0.127743735
1,All Population,3,YLDs (Years Lived with Disability),4871,Telangana,1,Male,15,50-54 years,494,Stroke,380,Particulate matter pollution,3,Rate,2013,67.10567068,104.3857922,37.03889168
1,All Population,3,YLDs (Years Lived with Disability),4871,Telangana,2,Female,15,50-54 years,494,Stroke,380,Particulate matter pollution,3,Rate,2013,55.5525028,86.06177178,30.26427591
1,All Population,3,YLDs (Years Lived with Disability),4870,Tamil Nadu,1,Male,15,50-54 years,493,Ischemic heart disease,91,Lead exposure,3,Rate,2013,79.47051365,117.2698896,46.56908612
1,All Population,3,YLDs (Years Lived with Disability),4870,Tamil Nadu,2,Female,15,50-54 years,493,Ischemic heart disease,91,Lead exposure,3,Rate,2013,41.32320778,60.53138457,24.09678059
1,All Population,3,YLDs (Years Lived with Disability),4860,Maharashtra,1,Male,15,50-54 years,493,Ischemic heart disease,380,Particulate matter pollution,3,Rate,2013,57.4693176,88.0344122,33.00666254
1,All Population,3,YLDs (Years Lived with Disability),4860,Maharashtra,2,Female,15,50-54 years,493,Ischemic heart disease,380,Particulate matter pollution,3,Rate,2013,35.40785398,54.09172323,20.55544535
1,All Population,3,YLDs (Years Lived with Disability),4860,Maharashtra,1,Male,15,50-54 years,494,Stroke,91,Lead exposure,3,Rate,2013,16.54691675,47.07301118,-2.599012654
1,All Population,3,YLDs (Years Lived with Disability),4860,Maharashtra,2,Female,15,50-54 years,494,Stroke,91,Lead exposure,3,Rate,2013,11.36762176,31.87383861,-1.827333373
1,All Population,3,YLDs (Years Lived with Disability),4860,Maharashtra,1,Male,15,50-54 years,498,Hypertensive heart disease,91,Lead exposure,3,Rate,2013,0.669790213,1.727128712,0
1,All Population,3,YLDs (Years Lived with Disability),4860,Maharashtra,2,Female,15,50-54 years,498,Hypertensive heart disease,91,Lead exposure,3,Rate,2013,1.307669199,3.351228132,0
1,All Population,3,YLDs (Years Lived with Disability),4843,Assam,1,Male,15,50-54 years,494,Stroke,380,Particulate matter pollution,3,Rate,2013,127.6092352,193.1833074,75.80686749
1,All Population,3,YLDs (Years Lived with Disability),4843,Assam,2,Female,15,50-54 years,494,Stroke,380,Particulate matter pollution,3,Rate,2013,92.13056552,142.3875842,53.94625318
1,All Population,3,YLDs (Years Lived with Disability),4850,Goa,1,Male,15,50-54 years,494,Stroke,380,Particulate matter pollution,3,Rate,2015,56.98954753,89.85497823,28.39592917
1,All Population,3,YLDs (Years Lived with Disability),4850,Goa,2,Female,15,50-54 years,494,Stroke,380,Particulate matter pollution,3,Rate,2015,55.47206512,87.06393173,32.35305205
1,All Population,3,YLDs (Years Lived with Disability),4843,Assam,1,Male,15,50-54 years,498,Hypertensive heart disease,91,Lead exposure,3,Rate,2013,1.167334556,2.949879231,0
1,All Population,3,YLDs (Years Lived with Disability),4843,Assam,2,Female,15,50-54 years,498,Hypertensive heart disease,91,Lead exposure,3,Rate,2013,1.332959752,3.1653985,0
1,All Population,3,YLDs (Years Lived with Disability),4861,Manipur,1,Male,15,50-54 years,493,Ischemic heart disease,380,Particulate matter pollution,3,Rate,2013,47.91642342,71.83832396,27.18443864
1,All Population,3,YLDs (Years Lived with Disability),4861,Manipur,2,Female,15,50-54 years,493,Ischemic heart disease,380,Particulate matter pollution,3,Rate,2013,36.06312944,54.89479239,20.38605158
1,All Population,3,YLDs (Years Lived with Disability),4861,Manipur,1,Male,15,50-54 years,494,Stroke,91,Lead exposure,3,Rate,2013,21.3270185,56.88563633,-3.7329959
1,All Population,3,YLDs (Years Lived with Disability),4861,Manipur,2,Female,15,50-54 years,494,Stroke,91,Lead exposure,3,Rate,2013,13.16405225,34.42307875,-1.976651304
1,All Population,3,YLDs (Years Lived with Disability),4864,Nagaland,1,Male,15,50-54 years,500,Atrial fibrillation and flutter,91,Lead exposure,3,Rate,2013,1.269824958,4.263565447,-0.202027128
1,All Population,3,YLDs (Years Lived with Disability),4864,Nagaland,2,Female,15,50-54 years,500,Atrial fibrillation and flutter,91,Lead exposure,3,Rate,2013,0.912875488,3.434789613,-0.129952987
1,All Population,3,YLDs (Years Lived with Disability),4864,Nagaland,1,Male,15,50-54 years,502,Lower extremity peripheral arterial disease,91,Lead exposure,3,Rate,2013,0.008545192,0.030260191,-0.001064318
1,All Population,3,YLDs (Years Lived with Disability),4864,Nagaland,2,Female,15,50-54 years,502,Lower extremity peripheral arterial disease,91,Lead exposure,3,Rate,2013,0.009816019,0.032080099,-0.001266519
1,All Population,3,YLDs (Years Lived with Disability),4846,Chhattisgarh,1,Male,15,50-54 years,493,Ischemic heart disease,91,Lead exposure,3,Rate,2013,52.83846822,78.08054359,30.88019479
1,All Population,3,YLDs (Years Lived with Disability),4846,Chhattisgarh,2,Female,15,50-54 years,493,Ischemic heart disease,91,Lead exposure,3,Rate,2013,31.91090314,47.17380148,18.81690818
1,All Population,3,YLDs (Years Lived with Disability),4874,Uttarakhand,1,Male,15,50-54 years,502,Lower extremity peripheral arterial disease,91,Lead exposure,3,Rate,2013,0.010773291,0.032633865,-0.001104468
1,All Population,3,YLDs (Years Lived with Disability),4874,Uttarakhand,2,Female,15,50-54 years,502,Lower extremity peripheral arterial disease,91,Lead exposure,3,Rate,2013,0.013750994,0.043031615,-0.001267022
1,All Population,3,YLDs (Years Lived with Disability),4873,Uttar Pradesh,1,Male,15,50-54 years,498,Hypertensive heart disease,91,Lead exposure,3,Rate,2013,1.200567749,3.062186016,0
1,All Population,3,YLDs (Years Lived with Disability),4873,Uttar Pradesh,2,Female,15,50-54 years,498,Hypertensive heart disease,91,Lead exposure,3,Rate,2013,1.6464142,4.135834773,0
1,All Population,3,YLDs (Years Lived with Disability),4874,Uttarakhand,1,Male,15,50-54 years,498,Hypertensive heart disease,91,Lead exposure,3,Rate,2015,0.637487311,1.665463399,0
1,All Population,3,YLDs (Years Lived with Disability),4874,Uttarakhand,2,Female,15,50-54 years,498,Hypertensive heart disease,91,Lead exposure,3,Rate,2015,1.088495894,2.619783634,0
1,All Population,3,YLDs (Years Lived with Disability),4857,Kerala,1,Male,15,50-54 years,498,Hypertensive heart disease,91,Lead exposure,3,Rate,2013,0.576667157,1.364520615,0
1,All Population,3,YLDs (Years Lived with Disability),4857,Kerala,2,Female,15,50-54 years,498,Hypertensive heart disease,91,Lead exposure,3,Rate,2013,1.275147836,2.984042605,0
1,All Population,3,YLDs (Years Lived with Disability),4854,Jammu & Kashmir and Ladakh,1,Male,15,50-54 years,493,Ischemic heart disease,91,Lead exposure,3,Rate,2013,52.45283579,78.02191278,31.00895727
1,All Population,3,YLDs (Years Lived with Disability),4854,Jammu & Kashmir and Ladakh,2,Female,15,50-54 years,493,Ischemic heart disease,91,Lead exposure,3,Rate,2013,35.26673798,50.29057427,20.72987922
1,All Population,3,YLDs (Years Lived with Disability),4869,Sikkim,1,Male,15,50-54 years,494,Stroke,380,Particulate matter pollution,3,Rate,2013,75.14369724,115.7319673,41.96523975
1,All Population,3,YLDs (Years Lived with Disability),4869,Sikkim,2,Female,15,50-54 years,494,Stroke,380,Particulate matter pollution,3,Rate,2013,64.38829553,99.10002971,35.92499559
1,All Population,3,YLDs (Years Lived with Disability),4841,Andhra Pradesh,1,Male,15,50-54 years,494,Stroke,380,Particulate matter pollution,3,Rate,2015,63.42587692,95.34667586,34.95371963
1,All Population,3,YLDs (Years Lived with Disability),4841,Andhra Pradesh,2,Female,15,50-54 years,494,Stroke,380,Particulate matter pollution,3,Rate,2015,57.87041779,88.80522909,32.02667031
1,All Population,3,YLDs (Years Lived with Disability),4856,Karnataka,1,Male,15,50-54 years,494,Stroke,91,Lead exposure,3,Rate,2013,19.22266019,50.58187947,-3.116101158
1,All Population,3,YLDs (Years Lived with Disability),4856,Karnataka,2,Female,15,50-54 years,494,Stroke,91,Lead exposure,3,Rate,2013,14.41955311,40.59037939,-2.252513211
1,All Population,3,YLDs (Years Lived with Disability),4849,Delhi,1,Male,15,50-54 years,500,Atrial fibrillation and flutter,91,Lead exposure,3,Rate,2013,0.852654443,2.71847074,-0.108085754
1,All Population,3,YLDs (Years Lived with Disability),4849,Delhi,2,Female,15,50-54 years,500,Atrial fibrillation and flutter,91,Lead exposure,3,Rate,2013,0.595152715,1.85499823,-0.08023944
1,All Population,3,YLDs (Years Lived with Disability),4849,Delhi,1,Male,15,50-54 years,502,Lower extremity peripheral arterial disease,91,Lead exposure,3,Rate,2013,0.008031187,0.025100218,-0.000982025
1,All Population,3,YLDs (Years Lived with Disability),4849,Delhi,2,Female,15,50-54 years,502,Lower extremity peripheral arterial disease,91,Lead exposure,3,Rate,2013,0.009065029,0.028627055,-0.001133715
1,All Population,3,YLDs (Years Lived with Disability),4873,Uttar Pradesh,1,Male,15,50-54 years,493,Ischemic heart disease,91,Lead exposure,3,Rate,2015,60.5711263,90.0208092,37.58326669
1,All Population,3,YLDs (Years Lived with Disability),4873,Uttar Pradesh,2,Female,15,50-54 years,493,Ischemic heart disease,91,Lead exposure,3,Rate,2015,40.99554414,58.77826888,23.89087381
1,All Population,3,YLDs (Years Lived with Disability),4850,Goa,1,Male,15,50-54 years,498,Hypertensive heart disease,91,Lead exposure,3,Rate,2013,0.717425572,1.934473666,0
1,All Population,3,YLDs (Years Lived with Disability),4850,Goa,2,Female,15,50-54 years,498,Hypertensive heart disease,91,Lead exposure,3,Rate,2013,1.023407508,2.478484487,0
1,All Population,3,YLDs (Years Lived with Disability),4871,Telangana,1,Male,15,50-54 years,493,Ischemic heart disease,91,Lead exposure,3,Rate,2015,63.68732084,98.67478512,38.38067216
1,All Population,3,YLDs (Years Lived with Disability),4871,Telangana,2,Female,15,50-54 years,493,Ischemic heart disease,91,Lead exposure,3,Rate,2015,35.52657926,52.49294693,21.95201525
1,All Population,3,YLDs (Years Lived with Disability),4846,Chhattisgarh,1,Male,15,50-54 years,493,Ischemic heart disease,91,Lead exposure,3,Rate,2015,49.62656011,72.43633681,29.59627768
1,All Population,3,YLDs (Years Lived with Disability),4846,Chhattisgarh,2,Female,15,50-54 years,493,Ischemic heart disease,91,Lead exposure,3,Rate,2015,29.81417825,43.86484868,17.5826379
1,All Population,3,YLDs (Years Lived with Disability),4868,Rajasthan,1,Male,15,50-54 years,502,Lower extremity peripheral arterial disease,91,Lead exposure,3,Rate,2015,0.006154863,0.019575218,-0.000674232
1,All Population,3,YLDs (Years Lived with Disability),4868,Rajasthan,2,Female,15,50-54 years,502,Lower extremity peripheral arterial disease,91,Lead exposure,3,Rate,2015,0.006469955,0.019810538,-0.000883247
1,All Population,3,YLDs (Years Lived with Disability),4843,Assam,1,Male,15,50-54 years,493,Ischemic heart disease,91,Lead exposure,3,Rate,2015,42.11466511,64.77298714,24.52020186
1,All Population,3,YLDs (Years Lived with Disability),4843,Assam,2,Female,15,50-54 years,493,Ischemic heart disease,91,Lead exposure,3,Rate,2015,26.47188712,39.20095478,15.42660171
1,All Population,3,YLDs (Years Lived with Disability),4872,Tripura,1,Male,15,50-54 years,500,Atrial fibrillation and flutter,91,Lead exposure,3,Rate,2013,1.256257234,3.865187128,-0.144414662
1,All Population,3,YLDs (Years Lived with Disability),4872,Tripura,2,Female,15,50-54 years,500,Atrial fibrillation and flutter,91,Lead exposure,3,Rate,2013,0.915307597,2.826107105,-0.125527162
1,All Population,3,YLDs (Years Lived with Disability),4872,Tripura,1,Male,15,50-54 years,502,Lower extremity peripheral arterial disease,91,Lead exposure,3,Rate,2013,0.010975455,0.034847793,-0.001102995
1,All Population,3,YLDs (Years Lived with Disability),4872,Tripura,2,Female,15,50-54 years,502,Lower extremity peripheral arterial disease,91,Lead exposure,3,Rate,2013,0.012464051,0.042829904,-0.001341649
1,All Population,3,YLDs (Years Lived with Disability),4857,Kerala,1,Male,15,50-54 years,500,Atrial fibrillation and flutter,91,Lead exposure,3,Rate,2013,1.180540793,3.878851648,-0.204426148
1,All Population,3,YLDs (Years Lived with Disability),4857,Kerala,2,Female,15,50-54 years,500,Atrial fibrillation and flutter,91,Lead exposure,3,Rate,2013,0.879561866,2.890753739,-0.13959206
1,All Population,3,YLDs (Years Lived with Disability),4865,Odisha,1,Male,15,50-54 years,494,Stroke,380,Particulate matter pollution,3,Rate,2015,102.3898189,158.1950426,59.78175675
1,All Population,3,YLDs (Years Lived with Disability),4865,Odisha,2,Female,15,50-54 years,494,Stroke,380,Particulate matter pollution,3,Rate,2015,89.32250223,135.1410106,51.40074027
1,All Population,3,YLDs (Years Lived with Disability),4842,Arunachal Pradesh,1,Male,15,50-54 years,493,Ischemic heart disease,91,Lead exposure,3,Rate,2015,40.90953619,60.91530098,23.75407838
1,All Population,3,YLDs (Years Lived with Disability),4842,Arunachal Pradesh,2,Female,15,50-54 years,493,Ischemic heart disease,91,Lead exposure,3,Rate,2015,22.91855004,34.07716214,13.86733671
1,All Population,3,YLDs (Years Lived with Disability),4861,Manipur,1,Male,15,50-54 years,493,Ischemic heart disease,91,Lead exposure,3,Rate,2015,42.25365305,63.42007163,24.56995651
1,All Population,3,YLDs (Years Lived with Disability),4861,Manipur,2,Female,15,50-54 years,493,Ischemic heart disease,91,Lead exposure,3,Rate,2015,29.03836049,42.7384775,17.41290575
1,All Population,3,YLDs (Years Lived with Disability),4862,Meghalaya,1,Male,15,50-54 years,494,Stroke,380,Particulate matter pollution,3,Rate,2015,82.60869872,130.1271403,47.41723845
1,All Population,3,YLDs (Years Lived with Disability),4862,Meghalaya,2,Female,15,50-54 years,494,Stroke,380,Particulate matter pollution,3,Rate,2015,68.06983698,106.6639024,36.2704523
1,All Population,3,YLDs (Years Lived with Disability),4867,Punjab,1,Male,15,50-54 years,494,Stroke,380,Particulate matter pollution,3,Rate,2013,79.72603695,121.1629239,44.02300526
1,All Population,3,YLDs (Years Lived with Disability),4867,Punjab,2,Female,15,50-54 years,494,Stroke,380,Particulate matter pollution,3,Rate,2013,69.38649863,104.0172348,42.1232188
1,All Population,3,YLDs (Years Lived with Disability),4852,Haryana,1,Male,15,50-54 years,494,Stroke,91,Lead exposure,3,Rate,2013,16.58553402,43.85140613,-2.174677282
1,All Population,3,YLDs (Years Lived with Disability),4852,Haryana,2,Female,15,50-54 years,494,Stroke,91,Lead exposure,3,Rate,2013,12.90894754,32.17847226,-1.759929409
1,All Population,3,YLDs (Years Lived with Disability),4860,Maharashtra,1,Male,15,50-54 years,500,Atrial fibrillation and flutter,91,Lead exposure,3,Rate,2013,1.065896125,2.927746088,-0.146381037
1,All Population,3,YLDs (Years Lived with Disability),4860,Maharashtra,2,Female,15,50-54 years,500,Atrial fibrillation and flutter,91,Lead exposure,3,Rate,2013,0.799822895,2.369541469,-0.12293446
1,All Population,3,YLDs (Years Lived with Disability),4869,Sikkim,1,Male,15,50-54 years,500,Atrial fibrillation and flutter,91,Lead exposure,3,Rate,2013,1.258168092,4.428146411,-0.13656388
1,All Population,3,YLDs (Years Lived with Disability),4869,Sikkim,2,Female,15,50-54 years,500,Atrial fibrillation and flutter,91,Lead exposure,3,Rate,2013,0.857077737,2.839188674,-0.082251949
1,All Population,3,YLDs (Years Lived with Disability),4869,Sikkim,1,Male,15,50-54 years,502,Lower extremity peripheral arterial disease,91,Lead exposure,3,Rate,2013,0.008591241,0.034019677,-0.000895001
1,All Population,3,YLDs (Years Lived with Disability),4869,Sikkim,2,Female,15,50-54 years,502,Lower extremity peripheral arterial disease,91,Lead exposure,3,Rate,2013,0.007698344,0.027292367,-0.000834464
1,All Population,3,YLDs (Years Lived with Disability),4861,Manipur,1,Male,15,50-54 years,494,Stroke,380,Particulate matter pollution,3,Rate,2013,95.85528083,146.3959488,54.94131483
1,All Population,3,YLDs (Years Lived with Disability),4861,Manipur,2,Female,15,50-54 years,494,Stroke,380,Particulate matter pollution,3,Rate,2013,71.81754696,110.3541221,40.66050123
1,All Population,3,YLDs (Years Lived with Disability),4861,Manipur,1,Male,15,50-54 years,498,Hypertensive heart disease,91,Lead exposure,3,Rate,2013,1.138552267,2.684053688,0
1,All Population,3,YLDs (Years Lived with Disability),4861,Manipur,2,Female,15,50-54 years,498,Hypertensive heart disease,91,Lead exposure,3,Rate,2013,1.593392443,3.829366034,0
1,All Population,3,YLDs (Years Lived with Disability),4841,Andhra Pradesh,1,Male,15,50-54 years,502,Lower extremity peripheral arterial disease,91,Lead exposure,3,Rate,2015,0.009556021,0.031036759,-0.000854497
1,All Population,3,YLDs (Years Lived with Disability),4841,Andhra Pradesh,2,Female,15,50-54 years,502,Lower extremity peripheral arterial disease,91,Lead exposure,3,Rate,2015,0.011120385,0.036221802,-0.001150637
1,All Population,3,YLDs (Years Lived with Disability),4857,Kerala,1,Male,15,50-54 years,493,Ischemic heart disease,91,Lead exposure,3,Rate,2015,75.77115291,109.8456857,43.62762647
1,All Population,3,YLDs (Years Lived with Disability),4857,Kerala,2,Female,15,50-54 years,493,Ischemic heart disease,91,Lead exposure,3,Rate,2015,31.94240316,47.39128851,19.15709475
1,All Population,3,YLDs (Years Lived with Disability),4856,Karnataka,1,Male,15,50-54 years,493,Ischemic heart disease,380,Particulate matter pollution,3,Rate,2015,63.44019102,95.85656905,35.83465536
1,All Population,3,YLDs (Years Lived with Disability),4856,Karnataka,2,Female,15,50-54 years,493,Ischemic heart disease,380,Particulate matter pollution,3,Rate,2015,42.00420419,62.66996674,24.35346535
1,All Population,3,YLDs (Years Lived with Disability),4869,Sikkim,1,Male,15,50-54 years,498,Hypertensive heart disease,91,Lead exposure,3,Rate,2013,0.790958746,2.143065552,0
1,All Population,3,YLDs (Years Lived with Disability),4869,Sikkim,2,Female,15,50-54 years,498,Hypertensive heart disease,91,Lead exposure,3,Rate,2013,0.932017338,2.156204434,0
1,All Population,3,YLDs (Years Lived with Disability),4856,Karnataka,1,Male,15,50-54 years,502,Lower extremity peripheral arterial disease,91,Lead exposure,3,Rate,2013,0.012803038,0.041493216,-0.001593641
1,All Population,3,YLDs (Years Lived with Disability),4856,Karnataka,2,Female,15,50-54 years,502,Lower extremity peripheral arterial disease,91,Lead exposure,3,Rate,2013,0.016159153,0.049837396,-0.001767298
1,All Population,3,YLDs (Years Lived with Disability),4856,Karnataka,1,Male,15,50-54 years,500,Atrial fibrillation and flutter,91,Lead exposure,3,Rate,2015,1.417744396,4.549208096,-0.169965048
1,All Population,3,YLDs (Years Lived with Disability),4856,Karnataka,2,Female,15,50-54 years,500,Atrial fibrillation and flutter,91,Lead exposure,3,Rate,2015,1.154461405,3.54693733,-0.139205924
1,All Population,3,YLDs (Years Lived with Disability),4871,Telangana,1,Male,15,50-54 years,493,Ischemic heart disease,91,Lead exposure,3,Rate,2013,67.89103892,99.95778463,40.61847279
1,All Population,3,YLDs (Years Lived with Disability),4871,Telangana,2,Female,15,50-54 years,493,Ischemic heart disease,91,Lead exposure,3,Rate,2013,37.94724596,55.31994211,21.9432872
1,All Population,3,YLDs (Years Lived with Disability),4850,Goa,1,Male,15,50-54 years,493,Ischemic heart disease,380,Particulate matter pollution,3,Rate,2015,48.69077523,77.59629975,26.04130774
1,All Population,3,YLDs (Years Lived with Disability),4850,Goa,2,Female,15,50-54 years,493,Ischemic heart disease,380,Particulate matter pollution,3,Rate,2015,31.63612236,48.86333446,17.40771269
1,All Population,3,YLDs (Years Lived with Disability),4870,Tamil Nadu,1,Male,15,50-54 years,502,Lower extremity peripheral arterial disease,91,Lead exposure,3,Rate,2013,0.012632874,0.040202087,-0.001481738
1,All Population,3,YLDs (Years Lived with Disability),4870,Tamil Nadu,2,Female,15,50-54 years,502,Lower extremity peripheral arterial disease,91,Lead exposure,3,Rate,2013,0.015545808,0.047260953,-0.001697246
1,All Population,3,YLDs (Years Lived with Disability),4850,Goa,1,Male,15,50-54 years,493,Ischemic heart disease,91,Lead exposure,3,Rate,2013,57.33479687,82.63050918,34.03389485
1,All Population,3,YLDs (Years Lived with Disability),4850,Goa,2,Female,15,50-54 years,493,Ischemic heart disease,91,Lead exposure,3,Rate,2013,34.0311508,49.94730737,21.04491109
1,All Population,3,YLDs (Years Lived with Disability),4841,Andhra Pradesh,1,Male,15,50-54 years,493,Ischemic heart disease,380,Particulate matter pollution,3,Rate,2013,66.9660528,101.9319926,38.70380261
1,All Population,3,YLDs (Years Lived with Disability),4841,Andhra Pradesh,2,Female,15,50-54 years,493,Ischemic heart disease,380,Particulate matter pollution,3,Rate,2013,41.86813164,63.8186316,22.72318199
1,All Population,3,YLDs (Years Lived with Disability),4841,Andhra Pradesh,1,Male,15,50-54 years,494,Stroke,91,Lead exposure,3,Rate,2013,13.82009336,38.1509339,-1.947905857
1,All Population,3,YLDs (Years Lived with Disability),4841,Andhra Pradesh,2,Female,15,50-54 years,494,Stroke,91,Lead exposure,3,Rate,2013,10.66184688,29.0861233,-1.242849338
1,All Population,3,YLDs (Years Lived with Disability),4871,Telangana,1,Male,15,50-54 years,500,Atrial fibrillation and flutter,91,Lead exposure,3,Rate,2013,1.12068754,3.512495097,-0.164696706
1,All Population,3,YLDs (Years Lived with Disability),4871,Telangana,2,Female,15,50-54 years,500,Atrial fibrillation and flutter,91,Lead exposure,3,Rate,2013,0.780465683,2.521946417,-0.114214786
1,All Population,3,YLDs (Years Lived with Disability),4844,Bihar,1,Male,15,50-54 years,494,Stroke,380,Particulate matter pollution,3,Rate,2013,79.71007033,124.7668916,44.05951305
1,All Population,3,YLDs (Years Lived with Disability),4844,Bihar,2,Female,15,50-54 years,494,Stroke,380,Particulate matter pollution,3,Rate,2013,79.86955526,124.1165731,41.08001509
1,All Population,3,YLDs (Years Lived with Disability),4857,Kerala,1,Male,15,50-54 years,493,Ischemic heart disease,91,Lead exposure,3,Rate,2013,82.95266522,120.868922,49.29361946
1,All Population,3,YLDs (Years Lived with Disability),4857,Kerala,2,Female,15,50-54 years,493,Ischemic heart disease,91,Lead exposure,3,Rate,2013,33.80227526,50.3347595,20.31492026
1,All Population,3,YLDs (Years Lived with Disability),4842,Arunachal Pradesh,1,Male,15,50-54 years,502,Lower extremity peripheral arterial disease,91,Lead exposure,3,Rate,2015,0.009939137,0.037536201,-0.001289778
1,All Population,3,YLDs (Years Lived with Disability),4842,Arunachal Pradesh,2,Female,15,50-54 years,502,Lower extremity peripheral arterial disease,91,Lead exposure,3,Rate,2015,0.012301535,0.04777605,-0.001788834
1,All Population,3,YLDs (Years Lived with Disability),4867,Punjab,1,Male,15,50-54 years,500,Atrial fibrillation and flutter,91,Lead exposure,3,Rate,2013,0.931209317,2.838327602,-0.124313589
1,All Population,3,YLDs (Years Lived with Disability),4867,Punjab,2,Female,15,50-54 years,500,Atrial fibrillation and flutter,91,Lead exposure,3,Rate,2013,0.735928382,2.351030105,-0.0833923
1,All Population,3,YLDs (Years Lived with Disability),4872,Tripura,1,Male,15,50-54 years,494,Stroke,380,Particulate matter pollution,3,Rate,2013,137.8150077,214.2989669,81.07371301
1,All Population,3,YLDs (Years Lived with Disability),4872,Tripura,2,Female,15,50-54 years,494,Stroke,380,Particulate matter pollution,3,Rate,2013,100.0493555,152.3141688,58.03612342
1,All Population,3,YLDs (Years Lived with Disability),4872,Tripura,1,Male,15,50-54 years,498,Hypertensive heart disease,91,Lead exposure,3,Rate,2013,0.830498705,2.111168125,0
1,All Population,3,YLDs (Years Lived with Disability),4872,Tripura,2,Female,15,50-54 years,498,Hypertensive heart disease,91,Lead exposure,3,Rate,2013,1.258363735,3.248881477,0
1,All Population,3,YLDs (Years Lived with Disability),4854,Jammu & Kashmir and Ladakh,1,Male,15,50-54 years,502,Lower extremity peripheral arterial disease,91,Lead exposure,3,Rate,2013,0.008258315,0.0287234,-0.001145344
1,All Population,3,YLDs (Years Lived with Disability),4854,Jammu & Kashmir and Ladakh,2,Female,15,50-54 years,502,Lower extremity peripheral arterial disease,91,Lead exposure,3,Rate,2013,0.010326182,0.035857723,-0.001239464
1,All Population,3,YLDs (Years Lived with Disability),4854,Jammu & Kashmir and Ladakh,1,Male,15,50-54 years,493,Ischemic heart disease,91,Lead exposure,3,Rate,2015,49.87274673,73.02043515,27.99254676
1,All Population,3,YLDs (Years Lived with Disability),4854,Jammu & Kashmir and Ladakh,2,Female,15,50-54 years,493,Ischemic heart disease,91,Lead exposure,3,Rate,2015,33.0709206,48.07891635,18.83407169
1,All Population,3,YLDs (Years Lived with Disability),4857,Kerala,1,Male,15,50-54 years,502,Lower extremity peripheral arterial disease,91,Lead exposure,3,Rate,2013,0.009049662,0.031444419,-0.001235424
1,All Population,3,YLDs (Years Lived with Disability),4857,Kerala,2,Female,15,50-54 years,502,Lower extremity peripheral arterial disease,91,Lead exposure,3,Rate,2013,0.010881297,0.037623872,-0.001344224
1,All Population,3,YLDs (Years Lived with Disability),44538,Other Union Territories,1,Male,15,50-54 years,493,Ischemic heart disease,380,Particulate matter pollution,3,Rate,2015,49.06906525,74.55857438,28.03384033
1,All Population,3,YLDs (Years Lived with Disability),44538,Other Union Territories,2,Female,15,50-54 years,493,Ischemic heart disease,380,Particulate matter pollution,3,Rate,2015,30.88562664,48.65832043,17.8952632
1,All Population,3,YLDs (Years Lived with Disability),4859,Madhya Pradesh,1,Male,15,50-54 years,494,Stroke,380,Particulate matter pollution,3,Rate,2015,85.10910344,132.2649886,48.03704314
1,All Population,3,YLDs (Years Lived with Disability),4859,Madhya Pradesh,2,Female,15,50-54 years,494,Stroke,380,Particulate matter pollution,3,Rate,2015,76.73451922,114.7617651,43.7969568
1,All Population,3,YLDs (Years Lived with Disability),4846,Chhattisgarh,1,Male,15,50-54 years,502,Lower extremity peripheral arterial disease,91,Lead exposure,3,Rate,2015,0.009922721,0.032673734,-0.001114595
1,All Population,3,YLDs (Years Lived with Disability),4846,Chhattisgarh,2,Female,15,50-54 years,502,Lower extremity peripheral arterial disease,91,Lead exposure,3,Rate,2015,0.012161182,0.043606259,-0.001261992
1,All Population,3,YLDs (Years Lived with Disability),4859,Madhya Pradesh,1,Male,15,50-54 years,493,Ischemic heart disease,91,Lead exposure,3,Rate,2015,55.76892684,83.42080572,33.39151724
1,All Population,3,YLDs (Years Lived with Disability),4859,Madhya Pradesh,2,Female,15,50-54 years,493,Ischemic heart disease,91,Lead exposure,3,Rate,2015,29.32983416,43.30675864,16.3138486
1,All Population,3,YLDs (Years Lived with Disability),4844,Bihar,1,Male,15,50-54 years,493,Ischemic heart disease,91,Lead exposure,3,Rate,2015,48.80900094,73.66609332,29.18927249
1,All Population,3,YLDs (Years Lived with Disability),4844,Bihar,2,Female,15,50-54 years,493,Ischemic heart disease,91,Lead exposure,3,Rate,2015,31.32989416,47.31556407,18.87224996
1,All Population,3,YLDs (Years Lived with Disability),4869,Sikkim,1,Male,15,50-54 years,493,Ischemic heart disease,91,Lead exposure,3,Rate,2015,49.29593471,74.01761427,29.37674911
1,All Population,3,YLDs (Years Lived with Disability),4869,Sikkim,2,Female,15,50-54 years,493,Ischemic heart disease,91,Lead exposure,3,Rate,2015,28.25937209,41.89122759,16.57302831
1,All Population,3,YLDs (Years Lived with Disability),4865,Odisha,1,Male,15,50-54 years,493,Ischemic heart disease,91,Lead exposure,3,Rate,2013,40.44469564,58.1905608,24.65454871
1,All Population,3,YLDs (Years Lived with Disability),4865,Odisha,2,Female,15,50-54 years,493,Ischemic heart disease,91,Lead exposure,3,Rate,2013,24.29160985,35.27326172,13.58215853
1,All Population,3,YLDs (Years Lived with Disability),4863,Mizoram,1,Male,15,50-54 years,493,Ischemic heart disease,91,Lead exposure,3,Rate,2015,32.87934905,48.90565474,19.71263717
1,All Population,3,YLDs (Years Lived with Disability),4863,Mizoram,2,Female,15,50-54 years,493,Ischemic heart disease,91,Lead exposure,3,Rate,2015,18.88659733,27.85285158,11.2107099
1,All Population,3,YLDs (Years Lived with Disability),4852,Haryana,1,Male,15,50-54 years,502,Lower extremity peripheral arterial disease,91,Lead exposure,3,Rate,2013,0.009600725,0.028944657,-0.000996902
1,All Population,3,YLDs (Years Lived with Disability),4852,Haryana,2,Female,15,50-54 years,502,Lower extremity peripheral arterial disease,91,Lead exposure,3,Rate,2013,0.011981943,0.03731995,-0.001347221
1,All Population,3,YLDs (Years Lived with Disability),4865,Odisha,1,Male,15,50-54 years,498,Hypertensive heart disease,91,Lead exposure,3,Rate,2013,1.392691587,3.618738071,0
1,All Population,3,YLDs (Years Lived with Disability),4865,Odisha,2,Female,15,50-54 years,498,Hypertensive heart disease,91,Lead exposure,3,Rate,2013,1.542808198,3.827347983,0
1,All Population,3,YLDs (Years Lived with Disability),4844,Bihar,1,Male,15,50-54 years,494,Stroke,380,Particulate matter pollution,3,Rate,2015,80.27790778,124.68852,44.56507501
1,All Population,3,YLDs (Years Lived with Disability),4844,Bihar,2,Female,15,50-54 years,494,Stroke,380,Particulate matter pollution,3,Rate,2015,80.19711631,121.8079568,46.07644011
1,All Population,3,YLDs (Years Lived with Disability),4849,Delhi,1,Male,15,50-54 years,500,Atrial fibrillation and flutter,91,Lead exposure,3,Rate,2015,0.811285035,2.443060483,-0.107500894
1,All Population,3,YLDs (Years Lived with Disability),4849,Delhi,2,Female,15,50-54 years,500,Atrial fibrillation and flutter,91,Lead exposure,3,Rate,2015,0.582536585,1.724671408,-0.074220198
1,All Population,3,YLDs (Years Lived with Disability),4849,Delhi,1,Male,15,50-54 years,502,Lower extremity peripheral arterial disease,91,Lead exposure,3,Rate,2015,0.007012622,0.02031308,-0.000800596
1,All Population,3,YLDs (Years Lived with Disability),4849,Delhi,2,Female,15,50-54 years,502,Lower extremity peripheral arterial disease,91,Lead exposure,3,Rate,2015,0.008723159,0.030880014,-0.00091687
1,All Population,3,YLDs (Years Lived with Disability),4865,Odisha,1,Male,15,50-54 years,493,Ischemic heart disease,91,Lead exposure,3,Rate,2015,38.08875709,56.45785645,23.36214386
1,All Population,3,YLDs (Years Lived with Disability),4865,Odisha,2,Female,15,50-54 years,493,Ischemic heart disease,91,Lead exposure,3,Rate,2015,22.69814654,34.88050236,12.9585704
1,All Population,3,YLDs (Years Lived with Disability),4841,Andhra Pradesh,1,Male,15,50-54 years,500,Atrial fibrillation and flutter,91,Lead exposure,3,Rate,2013,1.149114582,3.232504823,-0.125910087
1,All Population,3,YLDs (Years Lived with Disability),4841,Andhra Pradesh,2,Female,15,50-54 years,500,Atrial fibrillation and flutter,91,Lead exposure,3,Rate,2013,0.834941973,2.528044482,-0.093239316
1,All Population,3,YLDs (Years Lived with Disability),4854,Jammu & Kashmir and Ladakh,1,Male,15,50-54 years,498,Hypertensive heart disease,91,Lead exposure,3,Rate,2013,0.64247126,1.632676183,0
1,All Population,3,YLDs (Years Lived with Disability),4854,Jammu & Kashmir and Ladakh,2,Female,15,50-54 years,498,Hypertensive heart disease,91,Lead exposure,3,Rate,2013,0.881803546,2.228970921,0
1,All Population,3,YLDs (Years Lived with Disability),4863,Mizoram,1,Male,15,50-54 years,502,Lower extremity peripheral arterial disease,91,Lead exposure,3,Rate,2015,0.011529308,0.039142053,-0.001140378
1,All Population,3,YLDs (Years Lived with Disability),4863,Mizoram,2,Female,15,50-54 years,502,Lower extremity peripheral arterial disease,91,Lead exposure,3,Rate,2015,0.01363953,0.044349634,-0.001360774
1,All Population,3,YLDs (Years Lived with Disability),4875,West Bengal,1,Male,15,50-54 years,502,Lower extremity peripheral arterial disease,91,Lead exposure,3,Rate,2015,0.009194103,0.028472962,-0.000906623
1,All Population,3,YLDs (Years Lived with Disability),4875,West Bengal,2,Female,15,50-54 years,502,Lower extremity peripheral arterial disease,91,Lead exposure,3,Rate,2015,0.011669202,0.037462207,-0.001376249
1,All Population,3,YLDs (Years Lived with Disability),4850,Goa,1,Male,15,50-54 years,500,Atrial fibrillation and flutter,91,Lead exposure,3,Rate,2015,1.12475847,4.273048226,-0.164608586
1,All Population,3,YLDs (Years Lived with Disability),4850,Goa,2,Female,15,50-54 years,500,Atrial fibrillation and flutter,91,Lead exposure,3,Rate,2015,0.799774454,2.789186474,-0.104454525
1,All Population,3,YLDs (Years Lived with Disability),4852,Haryana,1,Male,15,50-54 years,498,Hypertensive heart disease,91,Lead exposure,3,Rate,2013,0.587355879,1.419122225,0
1,All Population,3,YLDs (Years Lived with Disability),4852,Haryana,2,Female,15,50-54 years,498,Hypertensive heart disease,91,Lead exposure,3,Rate,2013,1.072221071,2.509782539,0
1,All Population,3,YLDs (Years Lived with Disability),4857,Kerala,1,Male,15,50-54 years,493,Ischemic heart disease,380,Particulate matter pollution,3,Rate,2013,82.15697965,125.8919975,47.07193823
1,All Population,3,YLDs (Years Lived with Disability),4857,Kerala,2,Female,15,50-54 years,493,Ischemic heart disease,380,Particulate matter pollution,3,Rate,2013,36.87257968,54.76482173,21.3880887
1,All Population,3,YLDs (Years Lived with Disability),4844,Bihar,1,Male,15,50-54 years,502,Lower extremity peripheral arterial disease,91,Lead exposure,3,Rate,2015,0.011679699,0.041123446,-0.001414813
1,All Population,3,YLDs (Years Lived with Disability),4844,Bihar,2,Female,15,50-54 years,502,Lower extremity peripheral arterial disease,91,Lead exposure,3,Rate,2015,0.013795008,0.048688906,-0.001577043
1,All Population,3,YLDs (Years Lived with Disability),44538,Other Union Territories,1,Male,15,50-54 years,500,Atrial fibrillation and flutter,91,Lead exposure,3,Rate,2013,1.148181489,3.774432685,-0.182926436
1,All Population,3,YLDs (Years Lived with Disability),44538,Other Union Territories,2,Female,15,50-54 years,500,Atrial fibrillation and flutter,91,Lead exposure,3,Rate,2013,0.797191236,2.526125039,-0.119917896
1,All Population,3,YLDs (Years Lived with Disability),4853,Himachal Pradesh,1,Male,15,50-54 years,493,Ischemic heart disease,380,Particulate matter pollution,3,Rate,2013,71.53557016,109.2703965,40.07948941
1,All Population,3,YLDs (Years Lived with Disability),4853,Himachal Pradesh,2,Female,15,50-54 years,493,Ischemic heart disease,380,Particulate matter pollution,3,Rate,2013,40.61390497,60.65206312,23.93576758
1,All Population,3,YLDs (Years Lived with Disability),4853,Himachal Pradesh,1,Male,15,50-54 years,494,Stroke,91,Lead exposure,3,Rate,2013,13.33802884,39.56860795,-2.614998436
1,All Population,3,YLDs (Years Lived with Disability),4853,Himachal Pradesh,2,Female,15,50-54 years,494,Stroke,91,Lead exposure,3,Rate,2013,9.839066177,26.66880918,-1.525949192
1,All Population,3,YLDs (Years Lived with Disability),4852,Haryana,1,Male,15,50-54 years,494,Stroke,380,Particulate matter pollution,3,Rate,2015,103.2180606,157.8479248,57.68729778
1,All Population,3,YLDs (Years Lived with Disability),4852,Haryana,2,Female,15,50-54 years,494,Stroke,380,Particulate matter pollution,3,Rate,2015,97.56900701,145.5130408,57.76163477
1,All Population,3,YLDs (Years Lived with Disability),4859,Madhya Pradesh,1,Male,15,50-54 years,494,Stroke,380,Particulate matter pollution,3,Rate,2013,85.75164029,126.6818621,48.34627037
1,All Population,3,YLDs (Years Lived with Disability),4859,Madhya Pradesh,2,Female,15,50-54 years,494,Stroke,380,Particulate matter pollution,3,Rate,2013,76.95354667,117.6022367,42.04033659
1,All Population,3,YLDs (Years Lived with Disability),4841,Andhra Pradesh,1,Male,15,50-54 years,500,Atrial fibrillation and flutter,91,Lead exposure,3,Rate,2015,1.110755671,3.432007185,-0.147661277
1,All Population,3,YLDs (Years Lived with Disability),4841,Andhra Pradesh,2,Female,15,50-54 years,500,Atrial fibrillation and flutter,91,Lead exposure,3,Rate,2015,0.829218966,2.537443428,-0.09159065
1,All Population,3,YLDs (Years Lived with Disability),4843,Assam,1,Male,15,50-54 years,494,Stroke,380,Particulate matter pollution,3,Rate,2015,125.3419871,197.8745634,72.6694959
1,All Population,3,YLDs (Years Lived with Disability),4843,Assam,2,Female,15,50-54 years,494,Stroke,380,Particulate matter pollution,3,Rate,2015,91.39156199,138.9194228,52.25343257
1,All Population,3,YLDs (Years Lived with Disability),4843,Assam,1,Male,15,50-54 years,493,Ischemic heart disease,380,Particulate matter pollution,3,Rate,2015,48.93401733,74.21749696,27.85590613
1,All Population,3,YLDs (Years Lived with Disability),4843,Assam,2,Female,15,50-54 years,493,Ischemic heart disease,380,Particulate matter pollution,3,Rate,2015,34.19300617,52.87148406,19.52280052
1,All Population,3,YLDs (Years Lived with Disability),4843,Assam,1,Male,15,50-54 years,494,Stroke,91,Lead exposure,3,Rate,2015,23.53607873,65.97909074,-3.511059762
1,All Population,3,YLDs (Years Lived with Disability),4843,Assam,2,Female,15,50-54 years,494,Stroke,91,Lead exposure,3,Rate,2015,14.37122686,39.47580276,-1.947231168
1,All Population,3,YLDs (Years Lived with Disability),4854,Jammu & Kashmir and Ladakh,1,Male,15,50-54 years,494,Stroke,380,Particulate matter pollution,3,Rate,2015,58.9549183,93.19721646,34.36998828
1,All Population,3,YLDs (Years Lived with Disability),4854,Jammu & Kashmir and Ladakh,2,Female,15,50-54 years,494,Stroke,380,Particulate matter pollution,3,Rate,2015,53.27259044,86.02186737,28.85516483
1,All Population,3,YLDs (Years Lived with Disability),4849,Delhi,1,Male,15,50-54 years,493,Ischemic heart disease,91,Lead exposure,3,Rate,2015,45.42520856,68.38593453,26.00029036
1,All Population,3,YLDs (Years Lived with Disability),4849,Delhi,2,Female,15,50-54 years,493,Ischemic heart disease,91,Lead exposure,3,Rate,2015,26.04690131,37.7529413,14.38933506
1,All Population,3,YLDs (Years Lived with Disability),4870,Tamil Nadu,1,Male,15,50-54 years,500,Atrial fibrillation and flutter,91,Lead exposure,3,Rate,2015,1.340915343,4.769308853,-0.196224224
1,All Population,3,YLDs (Years Lived with Disability),4870,Tamil Nadu,2,Female,15,50-54 years,500,Atrial fibrillation and flutter,91,Lead exposure,3,Rate,2015,0.988032921,3.232265985,-0.144930933
1,All Population,3,YLDs (Years Lived with Disability),4863,Mizoram,1,Male,15,50-54 years,500,Atrial fibrillation and flutter,91,Lead exposure,3,Rate,2013,1.214449013,4.106645637,-0.17919714
1,All Population,3,YLDs (Years Lived with Disability),4863,Mizoram,2,Female,15,50-54 years,500,Atrial fibrillation and flutter,91,Lead exposure,3,Rate,2013,0.845855098,2.654814151,-0.158383646
1,All Population,3,YLDs (Years Lived with Disability),44538,Other Union Territories,1,Male,15,50-54 years,498,Hypertensive heart disease,91,Lead exposure,3,Rate,2013,0.708045131,1.83119383,0
1,All Population,3,YLDs (Years Lived with Disability),44538,Other Union Territories,2,Female,15,50-54 years,498,Hypertensive heart disease,91,Lead exposure,3,Rate,2013,1.284965501,2.861083296,0
1,All Population,3,YLDs (Years Lived with Disability),44538,Other Union Territories,1,Male,15,50-54 years,493,Ischemic heart disease,91,Lead exposure,3,Rate,2015,55.36049537,84.30259503,33.88596786
1,All Population,3,YLDs (Years Lived with Disability),44538,Other Union Territories,2,Female,15,50-54 years,493,Ischemic heart disease,91,Lead exposure,3,Rate,2015,32.0031649,47.83592085,18.54624836
1,All Population,3,YLDs (Years Lived with Disability),4872,Tripura,1,Male,15,50-54 years,498,Hypertensive heart disease,91,Lead exposure,3,Rate,2015,0.819511339,2.084915614,0
1,All Population,3,YLDs (Years Lived with Disability),4872,Tripura,2,Female,15,50-54 years,498,Hypertensive heart disease,91,Lead exposure,3,Rate,2015,1.29139642,3.357034404,0
1,All Population,3,YLDs (Years Lived with Disability),4851,Gujarat,1,Male,15,50-54 years,493,Ischemic heart disease,380,Particulate matter pollution,3,Rate,2015,69.74490282,104.4408522,39.85303566
1,All Population,3,YLDs (Years Lived with Disability),4851,Gujarat,2,Female,15,50-54 years,493,Ischemic heart disease,380,Particulate matter pollution,3,Rate,2015,39.69584036,58.88335228,22.72170212
1,All Population,3,YLDs (Years Lived with Disability),4851,Gujarat,1,Male,15,50-54 years,494,Stroke,91,Lead exposure,3,Rate,2015,20.69342281,55.83544322,-3.559418987
1,All Population,3,YLDs (Years Lived with Disability),4851,Gujarat,2,Female,15,50-54 years,494,Stroke,91,Lead exposure,3,Rate,2015,17.15153715,44.83894253,-2.880819072
1,All Population,3,YLDs (Years Lived with Disability),4855,Jharkhand,1,Male,15,50-54 years,493,Ischemic heart disease,91,Lead exposure,3,Rate,2015,37.46270706,53.86841086,22.39573871
1,All Population,3,YLDs (Years Lived with Disability),4855,Jharkhand,2,Female,15,50-54 years,493,Ischemic heart disease,91,Lead exposure,3,Rate,2015,27.40819563,39.25666597,16.16150637
1,All Population,3,YLDs (Years Lived with Disability),4853,Himachal Pradesh,1,Male,15,50-54 years,493,Ischemic heart disease,380,Particulate matter pollution,3,Rate,2015,67.385166,102.7054672,37.95134837
1,All Population,3,YLDs (Years Lived with Disability),4853,Himachal Pradesh,2,Female,15,50-54 years,493,Ischemic heart disease,380,Particulate matter pollution,3,Rate,2015,36.7321458,54.95919782,21.78534696
1,All Population,3,YLDs (Years Lived with Disability),4856,Karnataka,1,Male,15,50-54 years,494,Stroke,380,Particulate matter pollution,3,Rate,2015,73.13607267,114.3380252,42.06621697
1,All Population,3,YLDs (Years Lived with Disability),4856,Karnataka,2,Female,15,50-54 years,494,Stroke,380,Particulate matter pollution,3,Rate,2015,60.97658752,92.93003263,32.53098603
1,All Population,3,YLDs (Years Lived with Disability),4856,Karnataka,1,Male,15,50-54 years,498,Hypertensive heart disease,91,Lead exposure,3,Rate,2015,0.725091354,1.749844721,0
1,All Population,3,YLDs (Years Lived with Disability),4856,Karnataka,2,Female,15,50-54 years,498,Hypertensive heart disease,91,Lead exposure,3,Rate,2015,1.254037406,2.946939836,0
1,All Population,3,YLDs (Years Lived with Disability),4862,Meghalaya,1,Male,15,50-54 years,493,Ischemic heart disease,91,Lead exposure,3,Rate,2015,39.76989079,60.05012316,23.78142018
1,All Population,3,YLDs (Years Lived with Disability),4862,Meghalaya,2,Female,15,50-54 years,493,Ischemic heart disease,91,Lead exposure,3,Rate,2015,24.78221233,36.80589039,14.12974308
1,All Population,3,YLDs (Years Lived with Disability),4856,Karnataka,1,Male,15,50-54 years,494,Stroke,91,Lead exposure,3,Rate,2015,18.78410714,51.40128507,-3.087278181
1,All Population,3,YLDs (Years Lived with Disability),4856,Karnataka,2,Female,15,50-54 years,494,Stroke,91,Lead exposure,3,Rate,2015,14.4386046,35.61356535,-2.231242111
1,All Population,3,YLDs (Years Lived with Disability),4850,Goa,1,Male,15,50-54 years,502,Lower extremity peripheral arterial disease,91,Lead exposure,3,Rate,2015,0.008720953,0.029309582,-0.001000312
1,All Population,3,YLDs (Years Lived with Disability),4850,Goa,2,Female,15,50-54 years,502,Lower extremity peripheral arterial disease,91,Lead exposure,3,Rate,2015,0.010374392,0.036865453,-0.001325647
1,All Population,3,YLDs (Years Lived with Disability),4865,Odisha,1,Male,15,50-54 years,500,Atrial fibrillation and flutter,91,Lead exposure,3,Rate,2015,1.097904334,3.695445136,-0.161310839
1,All Population,3,YLDs (Years Lived with Disability),4865,Odisha,2,Female,15,50-54 years,500,Atrial fibrillation and flutter,91,Lead exposure,3,Rate,2015,0.795895114,2.562945928,-0.105992194
1,All Population,3,YLDs (Years Lived with Disability),4871,Telangana,1,Male,15,50-54 years,502,Lower extremity peripheral arterial disease,91,Lead exposure,3,Rate,2015,0.010416158,0.035426048,-0.001226181
1,All Population,3,YLDs (Years Lived with Disability),4871,Telangana,2,Female,15,50-54 years,502,Lower extremity peripheral arterial disease,91,Lead exposure,3,Rate,2015,0.011861952,0.043557978,-0.001384466
1,All Population,3,YLDs (Years Lived with Disability),4875,West Bengal,1,Male,15,50-54 years,494,Stroke,380,Particulate matter pollution,3,Rate,2015,134.065096,203.0056443,78.4140502
1,All Population,3,YLDs (Years Lived with Disability),4875,West Bengal,2,Female,15,50-54 years,494,Stroke,380,Particulate matter pollution,3,Rate,2015,127.3687152,194.6971562,75.24492064
1,All Population,3,YLDs (Years Lived with Disability),4873,Uttar Pradesh,1,Male,15,50-54 years,494,Stroke,380,Particulate matter pollution,3,Rate,2015,101.5930195,156.024491,58.27848395
1,All Population,3,YLDs (Years Lived with Disability),4873,Uttar Pradesh,2,Female,15,50-54 years,494,Stroke,380,Particulate matter pollution,3,Rate,2015,117.0241847,178.0575387,67.37524091
1,All Population,3,YLDs (Years Lived with Disability),4863,Mizoram,1,Male,15,50-54 years,498,Hypertensive heart disease,91,Lead exposure,3,Rate,2015,1.312818222,3.247401607,0
1,All Population,3,YLDs (Years Lived with Disability),4863,Mizoram,2,Female,15,50-54 years,498,Hypertensive heart disease,91,Lead exposure,3,Rate,2015,2.28578025,5.564674953,0
1,All Population,3,YLDs (Years Lived with Disability),4852,Haryana,1,Male,15,50-54 years,493,Ischemic heart disease,91,Lead exposure,3,Rate,2015,59.41708485,87.1620631,35.73569625
1,All Population,3,YLDs (Years Lived with Disability),4852,Haryana,2,Female,15,50-54 years,493,Ischemic heart disease,91,Lead exposure,3,Rate,2015,30.54532271,45.19469232,18.3136966
1,All Population,3,YLDs (Years Lived with Disability),4853,Himachal Pradesh,1,Male,15,50-54 years,502,Lower extremity peripheral arterial disease,91,Lead exposure,3,Rate,2013,0.009719359,0.032336764,-0.001329107
1,All Population,3,YLDs (Years Lived with Disability),4853,Himachal Pradesh,2,Female,15,50-54 years,502,Lower extremity peripheral arterial disease,91,Lead exposure,3,Rate,2013,0.011354725,0.036288374,-0.00162074
1,All Population,3,YLDs (Years Lived with Disability),4873,Uttar Pradesh,1,Male,15,50-54 years,493,Ischemic heart disease,91,Lead exposure,3,Rate,2013,63.51010092,91.95529167,38.85599488
1,All Population,3,YLDs (Years Lived with Disability),4873,Uttar Pradesh,2,Female,15,50-54 years,493,Ischemic heart disease,91,Lead exposure,3,Rate,2013,42.42396286,61.29214016,24.65926946
1,All Population,3,YLDs (Years Lived with Disability),4862,Meghalaya,1,Male,15,50-54 years,494,Stroke,380,Particulate matter pollution,3,Rate,2013,83.20344059,132.8122133,45.09351712
1,All Population,3,YLDs (Years Lived with Disability),4862,Meghalaya,2,Female,15,50-54 years,494,Stroke,380,Particulate matter pollution,3,Rate,2013,68.12070908,99.41134642,39.31356657
1,All Population,3,YLDs (Years Lived with Disability),4860,Maharashtra,1,Male,15,50-54 years,502,Lower extremity peripheral arterial disease,91,Lead exposure,3,Rate,2013,0.009521596,0.031379948,-0.001149997
1,All Population,3,YLDs (Years Lived with Disability),4860,Maharashtra,2,Female,15,50-54 years,502,Lower extremity peripheral arterial disease,91,Lead exposure,3,Rate,2013,0.011597156,0.040003824,-0.001259467
1,All Population,3,YLDs (Years Lived with Disability),4850,Goa,1,Male,15,50-54 years,493,Ischemic heart disease,91,Lead exposure,3,Rate,2015,53.52866844,78.49112814,31.87148486
1,All Population,3,YLDs (Years Lived with Disability),4850,Goa,2,Female,15,50-54 years,493,Ischemic heart disease,91,Lead exposure,3,Rate,2015,31.335898,45.22144993,18.8240284
1,All Population,3,YLDs (Years Lived with Disability),4868,Rajasthan,1,Male,15,50-54 years,494,Stroke,380,Particulate matter pollution,3,Rate,2015,79.59455855,119.5006499,45.70183554
1,All Population,3,YLDs (Years Lived with Disability),4868,Rajasthan,2,Female,15,50-54 years,494,Stroke,380,Particulate matter pollution,3,Rate,2015,74.15060601,113.5933496,43.45100121
1,All Population,3,YLDs (Years Lived with Disability),4867,Punjab,1,Male,15,50-54 years,493,Ischemic heart disease,380,Particulate matter pollution,3,Rate,2015,81.54570764,118.8541562,47.35648275
1,All Population,3,YLDs (Years Lived with Disability),4867,Punjab,2,Female,15,50-54 years,493,Ischemic heart disease,380,Particulate matter pollution,3,Rate,2015,53.60209088,79.51403547,32.26383245
1,All Population,3,YLDs (Years Lived with Disability),4867,Punjab,1,Male,15,50-54 years,494,Stroke,91,Lead exposure,3,Rate,2015,11.27396272,27.21466976,-1.729155588
1,All Population,3,YLDs (Years Lived with Disability),4867,Punjab,2,Female,15,50-54 years,494,Stroke,91,Lead exposure,3,Rate,2015,8.752657736,21.90618989,-1.309226572
1,All Population,3,YLDs (Years Lived with Disability),4868,Rajasthan,1,Male,15,50-54 years,502,Lower extremity peripheral arterial disease,91,Lead exposure,3,Rate,2013,0.006318382,0.019750325,-0.000737274
1,All Population,3,YLDs (Years Lived with Disability),4868,Rajasthan,2,Female,15,50-54 years,502,Lower extremity peripheral arterial disease,91,Lead exposure,3,Rate,2013,0.006639061,0.019632606,-0.00086152
1,All Population,3,YLDs (Years Lived with Disability),4841,Andhra Pradesh,1,Male,15,50-54 years,493,Ischemic heart disease,380,Particulate matter pollution,3,Rate,2015,61.45248964,93.51957536,35.64275267
1,All Population,3,YLDs (Years Lived with Disability),4841,Andhra Pradesh,2,Female,15,50-54 years,493,Ischemic heart disease,380,Particulate matter pollution,3,Rate,2015,37.93695515,57.31444164,22.05629684
1,All Population,3,YLDs (Years Lived with Disability),4841,Andhra Pradesh,1,Male,15,50-54 years,494,Stroke,91,Lead exposure,3,Rate,2015,13.7656064,38.28438007,-1.953720338
1,All Population,3,YLDs (Years Lived with Disability),4841,Andhra Pradesh,2,Female,15,50-54 years,494,Stroke,91,Lead exposure,3,Rate,2015,10.66153406,30.46526172,-1.4399007
1,All Population,3,YLDs (Years Lived with Disability),4874,Uttarakhand,1,Male,15,50-54 years,493,Ischemic heart disease,380,Particulate matter pollution,3,Rate,2013,85.59814454,130.1964952,49.09565021
1,All Population,3,YLDs (Years Lived with Disability),4874,Uttarakhand,2,Female,15,50-54 years,493,Ischemic heart disease,380,Particulate matter pollution,3,Rate,2013,49.48157492,74.14581405,28.05728067
1,All Population,3,YLDs (Years Lived with Disability),4874,Uttarakhand,1,Male,15,50-54 years,494,Stroke,91,Lead exposure,3,Rate,2013,18.3469991,45.52327095,-3.113445998
1,All Population,3,YLDs (Years Lived with Disability),4874,Uttarakhand,2,Female,15,50-54 years,494,Stroke,91,Lead exposure,3,Rate,2013,11.67499505,29.77933166,-1.797788901
1,All Population,3,YLDs (Years Lived with Disability),4855,Jharkhand,1,Male,15,50-54 years,500,Atrial fibrillation and flutter,91,Lead exposure,3,Rate,2013,1.177091318,3.719447517,-0.157491149
1,All Population,3,YLDs (Years Lived with Disability),4855,Jharkhand,2,Female,15,50-54 years,500,Atrial fibrillation and flutter,91,Lead exposure,3,Rate,2013,0.859216183,2.54193389,-0.103689343
1,All Population,3,YLDs (Years Lived with Disability),4854,Jammu & Kashmir and Ladakh,1,Male,15,50-54 years,493,Ischemic heart disease,380,Particulate matter pollution,3,Rate,2015,56.50572624,85.00386873,31.32314607
1,All Population,3,YLDs (Years Lived with Disability),4854,Jammu & Kashmir and Ladakh,2,Female,15,50-54 years,493,Ischemic heart disease,380,Particulate matter pollution,3,Rate,2015,40.50708982,60.71360801,23.67069843
1,All Population,3,YLDs (Years Lived with Disability),4854,Jammu & Kashmir and Ladakh,1,Male,15,50-54 years,494,Stroke,91,Lead exposure,3,Rate,2015,10.59181357,26.47732368,-1.773389267
1,All Population,3,YLDs (Years Lived with Disability),4854,Jammu & Kashmir and Ladakh,2,Female,15,50-54 years,494,Stroke,91,Lead exposure,3,Rate,2015,8.462793703,20.71606723,-1.285832061
1,All Population,3,YLDs (Years Lived with Disability),4855,Jharkhand,1,Male,15,50-54 years,493,Ischemic heart disease,380,Particulate matter pollution,3,Rate,2013,55.08841684,83.23804233,31.99916844
1,All Population,3,YLDs (Years Lived with Disability),4855,Jharkhand,2,Female,15,50-54 years,493,Ischemic heart disease,380,Particulate matter pollution,3,Rate,2013,42.84570737,62.12814325,25.21167083
1,All Population,3,YLDs (Years Lived with Disability),4854,Jammu & Kashmir and Ladakh,1,Male,15,50-54 years,502,Lower extremity peripheral arterial disease,91,Lead exposure,3,Rate,2015,0.007948646,0.026909239,-0.001154409
1,All Population,3,YLDs (Years Lived with Disability),4854,Jammu & Kashmir and Ladakh,2,Female,15,50-54 years,502,Lower extremity peripheral arterial disease,91,Lead exposure,3,Rate,2015,0.010428308,0.036543612,-0.001443809
1,All Population,3,YLDs (Years Lived with Disability),4851,Gujarat,1,Male,15,50-54 years,493,Ischemic heart disease,91,Lead exposure,3,Rate,2015,68.42430497,100.8980181,42.02375336
1,All Population,3,YLDs (Years Lived with Disability),4851,Gujarat,2,Female,15,50-54 years,493,Ischemic heart disease,91,Lead exposure,3,Rate,2015,37.37416556,54.32718323,22.38392784
1,All Population,3,YLDs (Years Lived with Disability),4867,Punjab,1,Male,15,50-54 years,493,Ischemic heart disease,91,Lead exposure,3,Rate,2015,59.30789414,87.39122614,34.95906703
1,All Population,3,YLDs (Years Lived with Disability),4867,Punjab,2,Female,15,50-54 years,493,Ischemic heart disease,91,Lead exposure,3,Rate,2015,35.96373981,50.26211446,21.4968845
1,All Population,3,YLDs (Years Lived with Disability),4859,Madhya Pradesh,1,Male,15,50-54 years,493,Ischemic heart disease,380,Particulate matter pollution,3,Rate,2013,70.88645864,105.5323492,42.11917442
1,All Population,3,YLDs (Years Lived with Disability),4859,Madhya Pradesh,2,Female,15,50-54 years,493,Ischemic heart disease,380,Particulate matter pollution,3,Rate,2013,41.78609291,62.8050008,24.78880784
1,All Population,3,YLDs (Years Lived with Disability),4859,Madhya Pradesh,1,Male,15,50-54 years,494,Stroke,91,Lead exposure,3,Rate,2013,14.77915678,36.71898044,-2.673439405
1,All Population,3,YLDs (Years Lived with Disability),4859,Madhya Pradesh,2,Female,15,50-54 years,494,Stroke,91,Lead exposure,3,Rate,2013,11.43386099,27.94907031,-2.033608905
1,All Population,3,YLDs (Years Lived with Disability),4861,Manipur,1,Male,15,50-54 years,493,Ischemic heart disease,380,Particulate matter pollution,3,Rate,2015,43.97370905,65.97731249,24.75983316
1,All Population,3,YLDs (Years Lived with Disability),4861,Manipur,2,Female,15,50-54 years,493,Ischemic heart disease,380,Particulate matter pollution,3,Rate,2015,33.14345546,50.79644492,18.7240466
1,All Population,3,YLDs (Years Lived with Disability),4861,Manipur,1,Male,15,50-54 years,494,Stroke,91,Lead exposure,3,Rate,2015,20.82560255,55.2914482,-3.157197525
1,All Population,3,YLDs (Years Lived with Disability),4861,Manipur,2,Female,15,50-54 years,494,Stroke,91,Lead exposure,3,Rate,2015,13.0327355,33.10668259,-2.274602945
1,All Population,3,YLDs (Years Lived with Disability),4851,Gujarat,1,Male,15,50-54 years,494,Stroke,380,Particulate matter pollution,3,Rate,2015,93.08925091,139.7614613,54.4073224
1,All Population,3,YLDs (Years Lived with Disability),4851,Gujarat,2,Female,15,50-54 years,494,Stroke,380,Particulate matter pollution,3,Rate,2015,82.59473385,124.7226472,48.00547701
1,All Population,3,YLDs (Years Lived with Disability),4860,Maharashtra,1,Male,15,50-54 years,493,Ischemic heart disease,91,Lead exposure,3,Rate,2015,48.84454214,70.62545487,29.67330346
1,All Population,3,YLDs (Years Lived with Disability),4860,Maharashtra,2,Female,15,50-54 years,493,Ischemic heart disease,91,Lead exposure,3,Rate,2015,28.45377761,40.02466899,16.63228229
1,All Population,3,YLDs (Years Lived with Disability),4852,Haryana,1,Male,15,50-54 years,502,Lower extremity peripheral arterial disease,91,Lead exposure,3,Rate,2015,0.009268573,0.029662575,-0.001009312
1,All Population,3,YLDs (Years Lived with Disability),4852,Haryana,2,Female,15,50-54 years,502,Lower extremity peripheral arterial disease,91,Lead exposure,3,Rate,2015,0.011894726,0.038892225,-0.001402083
1,All Population,3,YLDs (Years Lived with Disability),4851,Gujarat,1,Male,15,50-54 years,493,Ischemic heart disease,380,Particulate matter pollution,3,Rate,2013,75.54098592,115.5402919,43.31313767
1,All Population,3,YLDs (Years Lived with Disability),4851,Gujarat,2,Female,15,50-54 years,493,Ischemic heart disease,380,Particulate matter pollution,3,Rate,2013,43.39338377,64.87382892,24.56066162
1,All Population,3,YLDs (Years Lived with Disability),4851,Gujarat,1,Male,15,50-54 years,494,Stroke,91,Lead exposure,3,Rate,2013,20.64359442,52.32170334,-3.438382452
1,All Population,3,YLDs (Years Lived with Disability),4851,Gujarat,2,Female,15,50-54 years,494,Stroke,91,Lead exposure,3,Rate,2013,16.61235103,41.54160654,-2.374363168
1,All Population,3,YLDs (Years Lived with Disability),4868,Rajasthan,1,Male,15,50-54 years,493,Ischemic heart disease,380,Particulate matter pollution,3,Rate,2013,82.78980527,124.8444988,47.40237819
1,All Population,3,YLDs (Years Lived with Disability),4868,Rajasthan,2,Female,15,50-54 years,493,Ischemic heart disease,380,Particulate matter pollution,3,Rate,2013,46.40798382,70.51085798,27.42204862
1,All Population,3,YLDs (Years Lived with Disability),4868,Rajasthan,1,Male,15,50-54 years,494,Stroke,91,Lead exposure,3,Rate,2013,8.033737501,19.55576526,-1.270447951
1,All Population,3,YLDs (Years Lived with Disability),4868,Rajasthan,2,Female,15,50-54 years,494,Stroke,91,Lead exposure,3,Rate,2013,5.543053182,14.85171572,-0.744344446
1,All Population,3,YLDs (Years Lived with Disability),4856,Karnataka,1,Male,15,50-54 years,502,Lower extremity peripheral arterial disease,91,Lead exposure,3,Rate,2015,0.012389142,0.040956696,-0.001404996
1,All Population,3,YLDs (Years Lived with Disability),4856,Karnataka,2,Female,15,50-54 years,502,Lower extremity peripheral arterial disease,91,Lead exposure,3,Rate,2015,0.016127222,0.046852727,-0.001794715
1,All Population,3,YLDs (Years Lived with Disability),4870,Tamil Nadu,1,Male,15,50-54 years,493,Ischemic heart disease,91,Lead exposure,3,Rate,2015,73.8628411,111.5380017,43.5601959
1,All Population,3,YLDs (Years Lived with Disability),4870,Tamil Nadu,2,Female,15,50-54 years,493,Ischemic heart disease,91,Lead exposure,3,Rate,2015,37.93640502,55.57519265,22.97326868
1,All Population,3,YLDs (Years Lived with Disability),4861,Manipur,1,Male,15,50-54 years,494,Stroke,380,Particulate matter pollution,3,Rate,2015,93.52897034,139.8751862,51.58938642
1,All Population,3,YLDs (Years Lived with Disability),4861,Manipur,2,Female,15,50-54 years,494,Stroke,380,Particulate matter pollution,3,Rate,2015,71.67055894,112.4183389,41.24843917
1,All Population,3,YLDs (Years Lived with Disability),4861,Manipur,1,Male,15,50-54 years,498,Hypertensive heart disease,91,Lead exposure,3,Rate,2015,1.16177861,2.967907592,0
1,All Population,3,YLDs (Years Lived with Disability),4861,Manipur,2,Female,15,50-54 years,498,Hypertensive heart disease,91,Lead exposure,3,Rate,2015,1.619000038,3.95413387,0
1,All Population,3,YLDs (Years Lived with Disability),4859,Madhya Pradesh,1,Male,15,50-54 years,500,Atrial fibrillation and flutter,91,Lead exposure,3,Rate,2013,1.070178367,3.156824356,-0.162081913
1,All Population,3,YLDs (Years Lived with Disability),4859,Madhya Pradesh,2,Female,15,50-54 years,500,Atrial fibrillation and flutter,91,Lead exposure,3,Rate,2013,0.78538736,2.351831852,-0.136651509
1,All Population,3,YLDs (Years Lived with Disability),4852,Haryana,1,Male,15,50-54 years,500,Atrial fibrillation and flutter,91,Lead exposure,3,Rate,2015,1.052835409,3.343828855,-0.151079265
1,All Population,3,YLDs (Years Lived with Disability),4852,Haryana,2,Female,15,50-54 years,500,Atrial fibrillation and flutter,91,Lead exposure,3,Rate,2015,0.775536335,2.392691515,-0.106206356
1,All Population,3,YLDs (Years Lived with Disability),4864,Nagaland,1,Male,15,50-54 years,500,Atrial fibrillation and flutter,91,Lead exposure,3,Rate,2015,1.237609981,3.862988422,-0.167149935
1,All Population,3,YLDs (Years Lived with Disability),4864,Nagaland,2,Female,15,50-54 years,500,Atrial fibrillation and flutter,91,Lead exposure,3,Rate,2015,0.903345868,3.152715678,-0.114408507
1,All Population,3,YLDs (Years Lived with Disability),4859,Madhya Pradesh,1,Male,15,50-54 years,493,Ischemic heart disease,380,Particulate matter pollution,3,Rate,2015,67.14547504,102.5814832,38.05753854
1,All Population,3,YLDs (Years Lived with Disability),4859,Madhya Pradesh,2,Female,15,50-54 years,493,Ischemic heart disease,380,Particulate matter pollution,3,Rate,2015,38.79550821,58.44784267,21.6568592
1,All Population,3,YLDs (Years Lived with Disability),4859,Madhya Pradesh,1,Male,15,50-54 years,494,Stroke,91,Lead exposure,3,Rate,2015,14.65502711,34.26501724,-2.638892129
1,All Population,3,YLDs (Years Lived with Disability),4859,Madhya Pradesh,2,Female,15,50-54 years,494,Stroke,91,Lead exposure,3,Rate,2015,11.29184726,27.67275747,-1.74182259
1,All Population,3,YLDs (Years Lived with Disability),4875,West Bengal,1,Male,15,50-54 years,502,Lower extremity peripheral arterial disease,91,Lead exposure,3,Rate,2013,0.009307066,0.03222585,-0.000949121
1,All Population,3,YLDs (Years Lived with Disability),4875,West Bengal,2,Female,15,50-54 years,502,Lower extremity peripheral arterial disease,91,Lead exposure,3,Rate,2013,0.011466812,0.036859173,-0.001623043
1,All Population,3,YLDs (Years Lived with Disability),4872,Tripura,1,Male,15,50-54 years,493,Ischemic heart disease,91,Lead exposure,3,Rate,2015,50.19137106,73.70238111,30.79487117
1,All Population,3,YLDs (Years Lived with Disability),4872,Tripura,2,Female,15,50-54 years,493,Ischemic heart disease,91,Lead exposure,3,Rate,2015,30.01317954,43.54078456,17.61736862
1,All Population,3,YLDs (Years Lived with Disability),4846,Chhattisgarh,1,Male,15,50-54 years,493,Ischemic heart disease,380,Particulate matter pollution,3,Rate,2015,62.6664467,93.87658634,35.4791773
1,All Population,3,YLDs (Years Lived with Disability),4846,Chhattisgarh,2,Female,15,50-54 years,493,Ischemic heart disease,380,Particulate matter pollution,3,Rate,2015,41.64578062,63.85273164,23.97847148
1,All Population,3,YLDs (Years Lived with Disability),4846,Chhattisgarh,1,Male,15,50-54 years,494,Stroke,91,Lead exposure,3,Rate,2015,19.86194747,53.09573742,-2.971107385
1,All Population,3,YLDs (Years Lived with Disability),4846,Chhattisgarh,2,Female,15,50-54 years,494,Stroke,91,Lead exposure,3,Rate,2015,13.1970979,36.63762675,-1.900897051
1,All Population,3,YLDs (Years Lived with Disability),4860,Maharashtra,1,Male,15,50-54 years,502,Lower extremity peripheral arterial disease,91,Lead exposure,3,Rate,2015,0.00909003,0.031030418,-0.001354418
1,All Population,3,YLDs (Years Lived with Disability),4860,Maharashtra,2,Female,15,50-54 years,502,Lower extremity peripheral arterial disease,91,Lead exposure,3,Rate,2015,0.011158291,0.040924207,-0.001171172
1,All Population,3,YLDs (Years Lived with Disability),4859,Madhya Pradesh,1,Male,15,50-54 years,500,Atrial fibrillation and flutter,91,Lead exposure,3,Rate,2015,1.040335035,3.185407323,-0.18412919
1,All Population,3,YLDs (Years Lived with Disability),4859,Madhya Pradesh,2,Female,15,50-54 years,500,Atrial fibrillation and flutter,91,Lead exposure,3,Rate,2015,0.772908173,2.421186278,-0.118286433
1,All Population,3,YLDs (Years Lived with Disability),4855,Jharkhand,1,Male,15,50-54 years,494,Stroke,91,Lead exposure,3,Rate,2013,15.58391197,39.23273642,-2.398567769
1,All Population,3,YLDs (Years Lived with Disability),4855,Jharkhand,2,Female,15,50-54 years,494,Stroke,91,Lead exposure,3,Rate,2013,15.14460068,36.52023335,-1.767857923
1,All Population,3,YLDs (Years Lived with Disability),4842,Arunachal Pradesh,1,Male,15,50-54 years,494,Stroke,380,Particulate matter pollution,3,Rate,2015,68.71756058,107.9962422,36.61405892
1,All Population,3,YLDs (Years Lived with Disability),4842,Arunachal Pradesh,2,Female,15,50-54 years,494,Stroke,380,Particulate matter pollution,3,Rate,2015,61.19057856,96.28089887,35.08398742
1,All Population,3,YLDs (Years Lived with Disability),4870,Tamil Nadu,1,Male,15,50-54 years,494,Stroke,380,Particulate matter pollution,3,Rate,2013,66.15851252,99.45572273,33.50815937
1,All Population,3,YLDs (Years Lived with Disability),4870,Tamil Nadu,2,Female,15,50-54 years,494,Stroke,380,Particulate matter pollution,3,Rate,2013,59.08489916,92.87058649,33.93457208
1,All Population,3,YLDs (Years Lived with Disability),4859,Madhya Pradesh,1,Male,15,50-54 years,498,Hypertensive heart disease,91,Lead exposure,3,Rate,2013,0.686798868,1.806982432,0
1,All Population,3,YLDs (Years Lived with Disability),4859,Madhya Pradesh,2,Female,15,50-54 years,498,Hypertensive heart disease,91,Lead exposure,3,Rate,2013,1.353151652,2.993425924,0
1,All Population,3,YLDs (Years Lived with Disability),4841,Andhra Pradesh,1,Male,15,50-54 years,498,Hypertensive heart disease,91,Lead exposure,3,Rate,2013,0.588977398,1.601992961,0
1,All Population,3,YLDs (Years Lived with Disability),4841,Andhra Pradesh,2,Female,15,50-54 years,498,Hypertensive heart disease,91,Lead exposure,3,Rate,2013,0.989501235,2.38926017,0
1,All Population,3,YLDs (Years Lived with Disability),4843,Assam,1,Male,15,50-54 years,498,Hypertensive heart disease,91,Lead exposure,3,Rate,2015,1.199126677,3.014772942,0
1,All Population,3,YLDs (Years Lived with Disability),4843,Assam,2,Female,15,50-54 years,498,Hypertensive heart disease,91,Lead exposure,3,Rate,2015,1.372871052,3.448095724,0
1,All Population,3,YLDs (Years Lived with Disability),4851,Gujarat,1,Male,15,50-54 years,500,Atrial fibrillation and flutter,91,Lead exposure,3,Rate,2015,1.269482265,3.824591813,-0.173841281
1,All Population,3,YLDs (Years Lived with Disability),4851,Gujarat,2,Female,15,50-54 years,500,Atrial fibrillation and flutter,91,Lead exposure,3,Rate,2015,1.012856884,3.192695785,-0.117521591
1,All Population,3,YLDs (Years Lived with Disability),44538,Other Union Territories,1,Male,15,50-54 years,502,Lower extremity peripheral arterial disease,91,Lead exposure,3,Rate,2013,0.010730875,0.038936655,-0.001511723
1,All Population,3,YLDs (Years Lived with Disability),44538,Other Union Territories,2,Female,15,50-54 years,502,Lower extremity peripheral arterial disease,91,Lead exposure,3,Rate,2013,0.013185375,0.043497804,-0.001949344
1,All Population,3,YLDs (Years Lived with Disability),4874,Uttarakhand,1,Male,15,50-54 years,502,Lower extremity peripheral arterial disease,91,Lead exposure,3,Rate,2015,0.010334364,0.032718438,-0.001024133
1,All Population,3,YLDs (Years Lived with Disability),4874,Uttarakhand,2,Female,15,50-54 years,502,Lower extremity peripheral arterial disease,91,Lead exposure,3,Rate,2015,0.013426529,0.042061371,-0.001253316
1,All Population,3,YLDs (Years Lived with Disability),44538,Other Union Territories,1,Male,15,50-54 years,494,Stroke,91,Lead exposure,3,Rate,2015,12.84480619,33.74663401,-2.747843664
1,All Population,3,YLDs (Years Lived with Disability),44538,Other Union Territories,2,Female,15,50-54 years,494,Stroke,91,Lead exposure,3,Rate,2015,10.6984416,26.85053156,-1.834732616
1,All Population,3,YLDs (Years Lived with Disability),4865,Odisha,1,Male,15,50-54 years,502,Lower extremity peripheral arterial disease,91,Lead exposure,3,Rate,2015,0.010256624,0.035577883,-0.001083847
1,All Population,3,YLDs (Years Lived with Disability),4865,Odisha,2,Female,15,50-54 years,502,Lower extremity peripheral arterial disease,91,Lead exposure,3,Rate,2015,0.012268189,0.044752957,-0.00161295
1,All Population,3,YLDs (Years Lived with Disability),4875,West Bengal,1,Male,15,50-54 years,500,Atrial fibrillation and flutter,91,Lead exposure,3,Rate,2015,1.080883811,3.687774965,-0.155426308
1,All Population,3,YLDs (Years Lived with Disability),4875,West Bengal,2,Female,15,50-54 years,500,Atrial fibrillation and flutter,91,Lead exposure,3,Rate,2015,0.838001436,2.763187065,-0.134654442
1,All Population,3,YLDs (Years Lived with Disability),4853,Himachal Pradesh,1,Male,15,50-54 years,493,Ischemic heart disease,91,Lead exposure,3,Rate,2015,59.72160142,90.54501592,34.42779877
1,All Population,3,YLDs (Years Lived with Disability),4853,Himachal Pradesh,2,Female,15,50-54 years,493,Ischemic heart disease,91,Lead exposure,3,Rate,2015,29.01840901,42.86540737,17.03005292
1,All Population,3,YLDs (Years Lived with Disability),4874,Uttarakhand,1,Male,15,50-54 years,498,Hypertensive heart disease,91,Lead exposure,3,Rate,2013,0.695963115,1.684473735,0
1,All Population,3,YLDs (Years Lived with Disability),4874,Uttarakhand,2,Female,15,50-54 years,498,Hypertensive heart disease,91,Lead exposure,3,Rate,2013,1.078299769,2.690422919,0
1,All Population,3,YLDs (Years Lived with Disability),4862,Meghalaya,1,Male,15,50-54 years,500,Atrial fibrillation and flutter,91,Lead exposure,3,Rate,2015,1.261786601,3.969287939,-0.165073788
1,All Population,3,YLDs (Years Lived with Disability),4862,Meghalaya,2,Female,15,50-54 years,500,Atrial fibrillation and flutter,91,Lead exposure,3,Rate,2015,0.921310561,3.017066664,-0.100373337
1,All Population,3,YLDs (Years Lived with Disability),4874,Uttarakhand,1,Male,15,50-54 years,493,Ischemic heart disease,91,Lead exposure,3,Rate,2015,68.95090644,103.8725972,40.09126679
1,All Population,3,YLDs (Years Lived with Disability),4874,Uttarakhand,2,Female,15,50-54 years,493,Ischemic heart disease,91,Lead exposure,3,Rate,2015,36.23400727,54.65692384,21.06345269
1,All Population,3,YLDs (Years Lived with Disability),4862,Meghalaya,1,Male,15,50-54 years,502,Lower extremity peripheral arterial disease,91,Lead exposure,3,Rate,2015,0.01115423,0.033544426,-0.001177465
1,All Population,3,YLDs (Years Lived with Disability),4862,Meghalaya,2,Female,15,50-54 years,502,Lower extremity peripheral arterial disease,91,Lead exposure,3,Rate,2015,0.013059572,0.04290828,-0.001381559
1,All Population,3,YLDs (Years Lived with Disability),4851,Gujarat,1,Male,15,50-54 years,498,Hypertensive heart disease,91,Lead exposure,3,Rate,2013,0.741671461,1.938006063,0
1,All Population,3,YLDs (Years Lived with Disability),4851,Gujarat,2,Female,15,50-54 years,498,Hypertensive heart disease,91,Lead exposure,3,Rate,2013,1.404059058,3.151916092,0
1,All Population,3,YLDs (Years Lived with Disability),4864,Nagaland,1,Male,15,50-54 years,493,Ischemic heart disease,91,Lead exposure,3,Rate,2015,41.35760239,61.26135314,25.08886428
1,All Population,3,YLDs (Years Lived with Disability),4864,Nagaland,2,Female,15,50-54 years,493,Ischemic heart disease,91,Lead exposure,3,Rate,2015,29.31703213,43.6046843,17.56939793
1,All Population,3,YLDs (Years Lived with Disability),4854,Jammu & Kashmir and Ladakh,1,Male,15,50-54 years,500,Atrial fibrillation and flutter,91,Lead exposure,3,Rate,2015,0.882451724,2.697874595,-0.128781461
1,All Population,3,YLDs (Years Lived with Disability),4854,Jammu & Kashmir and Ladakh,2,Female,15,50-54 years,500,Atrial fibrillation and flutter,91,Lead exposure,3,Rate,2015,0.659029862,2.058014144,-0.087721141
1,All Population,3,YLDs (Years Lived with Disability),4859,Madhya Pradesh,1,Male,15,50-54 years,502,Lower extremity peripheral arterial disease,91,Lead exposure,3,Rate,2015,0.010239042,0.033263825,-0.001196211
1,All Population,3,YLDs (Years Lived with Disability),4859,Madhya Pradesh,2,Female,15,50-54 years,502,Lower extremity peripheral arterial disease,91,Lead exposure,3,Rate,2015,0.012510564,0.043358829,-0.001331232
1,All Population,3,YLDs (Years Lived with Disability),4844,Bihar,1,Male,15,50-54 years,500,Atrial fibrillation and flutter,91,Lead exposure,3,Rate,2015,1.257578224,4.317858692,-0.136843802
1,All Population,3,YLDs (Years Lived with Disability),4844,Bihar,2,Female,15,50-54 years,500,Atrial fibrillation and flutter,91,Lead exposure,3,Rate,2015,0.92202749,3.197735687,-0.125202748
1,All Population,3,YLDs (Years Lived with Disability),4867,Punjab,1,Male,15,50-54 years,502,Lower extremity peripheral arterial disease,91,Lead exposure,3,Rate,2015,0.005633369,0.018074845,-0.000706451
1,All Population,3,YLDs (Years Lived with Disability),4867,Punjab,2,Female,15,50-54 years,502,Lower extremity peripheral arterial disease,91,Lead exposure,3,Rate,2015,0.008041466,0.025360474,-0.000901053
1,All Population,3,YLDs (Years Lived with Disability),4857,Kerala,1,Male,15,50-54 years,494,Stroke,91,Lead exposure,3,Rate,2015,20.65198786,49.65317761,-2.966114328
1,All Population,3,YLDs (Years Lived with Disability),4857,Kerala,2,Female,15,50-54 years,494,Stroke,91,Lead exposure,3,Rate,2015,14.4653509,35.86545652,-1.978018202
1,All Population,3,YLDs (Years Lived with Disability),4849,Delhi,1,Male,15,50-54 years,494,Stroke,380,Particulate matter pollution,3,Rate,2015,74.90566009,114.5205083,38.98066223
1,All Population,3,YLDs (Years Lived with Disability),4849,Delhi,2,Female,15,50-54 years,494,Stroke,380,Particulate matter pollution,3,Rate,2015,84.36561775,131.0393213,48.0927402
1,All Population,3,YLDs (Years Lived with Disability),4849,Delhi,1,Male,15,50-54 years,498,Hypertensive heart disease,91,Lead exposure,3,Rate,2015,0.558838675,1.746414771,0
1,All Population,3,YLDs (Years Lived with Disability),4849,Delhi,2,Female,15,50-54 years,498,Hypertensive heart disease,91,Lead exposure,3,Rate,2015,0.770742458,2.211153867,0
1,All Population,3,YLDs (Years Lived with Disability),4854,Jammu & Kashmir and Ladakh,1,Male,15,50-54 years,498,Hypertensive heart disease,91,Lead exposure,3,Rate,2015,0.594055366,1.449340839,0
1,All Population,3,YLDs (Years Lived with Disability),4854,Jammu & Kashmir and Ladakh,2,Female,15,50-54 years,498,Hypertensive heart disease,91,Lead exposure,3,Rate,2015,0.898784155,2.411574256,0
1,All Population,3,YLDs (Years Lived with Disability),4855,Jharkhand,1,Male,15,50-54 years,498,Hypertensive heart disease,91,Lead exposure,3,Rate,2013,0.889607097,2.39108049,0
1,All Population,3,YLDs (Years Lived with Disability),4855,Jharkhand,2,Female,15,50-54 years,498,Hypertensive heart disease,91,Lead exposure,3,Rate,2013,1.205401259,3.089364323,0
1,All Population,3,YLDs (Years Lived with Disability),4857,Kerala,1,Male,15,50-54 years,493,Ischemic heart disease,380,Particulate matter pollution,3,Rate,2015,72.46174623,110.6409023,41.2833064
1,All Population,3,YLDs (Years Lived with Disability),4857,Kerala,2,Female,15,50-54 years,493,Ischemic heart disease,380,Particulate matter pollution,3,Rate,2015,33.72151454,49.16873558,18.81820292
1,All Population,3,YLDs (Years Lived with Disability),4869,Sikkim,1,Male,15,50-54 years,493,Ischemic heart disease,380,Particulate matter pollution,3,Rate,2015,54.8143447,81.46625197,31.40646638
1,All Population,3,YLDs (Years Lived with Disability),4869,Sikkim,2,Female,15,50-54 years,493,Ischemic heart disease,380,Particulate matter pollution,3,Rate,2015,34.96319727,53.64647028,19.52052724
1,All Population,3,YLDs (Years Lived with Disability),4869,Sikkim,1,Male,15,50-54 years,494,Stroke,91,Lead exposure,3,Rate,2015,15.38067311,40.26343981,-2.098800665
1,All Population,3,YLDs (Years Lived with Disability),4869,Sikkim,2,Female,15,50-54 years,494,Stroke,91,Lead exposure,3,Rate,2015,11.37661171,29.75953984,-1.447403972
1,All Population,3,YLDs (Years Lived with Disability),4868,Rajasthan,1,Male,15,50-54 years,493,Ischemic heart disease,91,Lead exposure,3,Rate,2015,45.17137026,68.53771088,25.53303959
1,All Population,3,YLDs (Years Lived with Disability),4868,Rajasthan,2,Female,15,50-54 years,493,Ischemic heart disease,91,Lead exposure,3,Rate,2015,20.14155331,29.99251445,11.44982321
1,All Population,3,YLDs (Years Lived with Disability),44538,Other Union Territories,1,Male,15,50-54 years,494,Stroke,380,Particulate matter pollution,3,Rate,2015,49.71257304,79.42094171,26.94672427
1,All Population,3,YLDs (Years Lived with Disability),44538,Other Union Territories,2,Female,15,50-54 years,494,Stroke,380,Particulate matter pollution,3,Rate,2015,50.01123842,80.64394624,28.11500803
1,All Population,3,YLDs (Years Lived with Disability),4855,Jharkhand,1,Male,15,50-54 years,502,Lower extremity peripheral arterial disease,91,Lead exposure,3,Rate,2015,0.010092529,0.035869992,-0.001182664
1,All Population,3,YLDs (Years Lived with Disability),4855,Jharkhand,2,Female,15,50-54 years,502,Lower extremity peripheral arterial disease,91,Lead exposure,3,Rate,2015,0.012088875,0.039880788,-0.001150066
1,All Population,3,YLDs (Years Lived with Disability),4871,Telangana,1,Male,15,50-54 years,494,Stroke,380,Particulate matter pollution,3,Rate,2015,64.38823466,100.6687565,36.48400636
1,All Population,3,YLDs (Years Lived with Disability),4871,Telangana,2,Female,15,50-54 years,494,Stroke,380,Particulate matter pollution,3,Rate,2015,53.89032222,84.68226305,30.80525368
1,All Population,3,YLDs (Years Lived with Disability),4868,Rajasthan,1,Male,15,50-54 years,500,Atrial fibrillation and flutter,91,Lead exposure,3,Rate,2015,0.636793902,2.03690614,-0.098043779
1,All Population,3,YLDs (Years Lived with Disability),4868,Rajasthan,2,Female,15,50-54 years,500,Atrial fibrillation and flutter,91,Lead exposure,3,Rate,2015,0.414081986,1.293483475,-0.056619691
1,All Population,3,YLDs (Years Lived with Disability),4851,Gujarat,1,Male,15,50-54 years,502,Lower extremity peripheral arterial disease,91,Lead exposure,3,Rate,2015,0.011376915,0.035883869,-0.001545625
1,All Population,3,YLDs (Years Lived with Disability),4851,Gujarat,2,Female,15,50-54 years,502,Lower extremity peripheral arterial disease,91,Lead exposure,3,Rate,2015,0.014909048,0.050490114,-0.001919748
1,All Population,3,YLDs (Years Lived with Disability),4862,Meghalaya,1,Male,15,50-54 years,493,Ischemic heart disease,91,Lead exposure,3,Rate,2016,38.19202926,58.12089016,22.3355892
1,All Population,3,YLDs (Years Lived with Disability),4862,Meghalaya,2,Female,15,50-54 years,493,Ischemic heart disease,91,Lead exposure,3,Rate,2016,23.96423499,35.61031716,14.71623911
1,All Population,3,YLDs (Years Lived with Disability),4873,Uttar Pradesh,1,Male,15,50-54 years,494,Stroke,91,Lead exposure,3,Rate,2015,18.47236538,44.65336549,-2.0651105
1,All Population,3,YLDs (Years Lived with Disability),4873,Uttar Pradesh,2,Female,15,50-54 years,494,Stroke,91,Lead exposure,3,Rate,2015,18.96848971,45.67270089,-2.417206469
1,All Population,3,YLDs (Years Lived with Disability),4873,Uttar Pradesh,1,Male,15,50-54 years,500,Atrial fibrillation and flutter,91,Lead exposure,3,Rate,2015,1.17241108,3.462815021,-0.140195188
1,All Population,3,YLDs (Years Lived with Disability),4873,Uttar Pradesh,2,Female,15,50-54 years,500,Atrial fibrillation and flutter,91,Lead exposure,3,Rate,2015,0.912277337,2.827816539,-0.109982501
1,All Population,3,YLDs (Years Lived with Disability),4856,Karnataka,1,Male,15,50-54 years,500,Atrial fibrillation and flutter,91,Lead exposure,3,Rate,2016,1.417190902,4.456636482,-0.168191482
1,All Population,3,YLDs (Years Lived with Disability),4856,Karnataka,2,Female,15,50-54 years,500,Atrial fibrillation and flutter,91,Lead exposure,3,Rate,2016,1.141916999,3.517778351,-0.158349822
1,All Population,3,YLDs (Years Lived with Disability),4841,Andhra Pradesh,1,Male,15,50-54 years,498,Hypertensive heart disease,91,Lead exposure,3,Rate,2015,0.57034883,1.357885829,0
1,All Population,3,YLDs (Years Lived with Disability),4841,Andhra Pradesh,2,Female,15,50-54 years,498,Hypertensive heart disease,91,Lead exposure,3,Rate,2015,1.005886219,2.433396617,0
1,All Population,3,YLDs (Years Lived with Disability),4859,Madhya Pradesh,1,Male,15,50-54 years,494,Stroke,380,Particulate matter pollution,3,Rate,2016,84.40199919,125.7519299,48.42664174
1,All Population,3,YLDs (Years Lived with Disability),4859,Madhya Pradesh,2,Female,15,50-54 years,494,Stroke,380,Particulate matter pollution,3,Rate,2016,76.69727922,119.3901392,44.77590686
1,All Population,3,YLDs (Years Lived with Disability),4859,Madhya Pradesh,1,Male,15,50-54 years,500,Atrial fibrillation and flutter,91,Lead exposure,3,Rate,2016,1.03800426,3.289082397,-0.146444933
1,All Population,3,YLDs (Years Lived with Disability),4859,Madhya Pradesh,2,Female,15,50-54 years,500,Atrial fibrillation and flutter,91,Lead exposure,3,Rate,2016,0.76261466,2.377970665,-0.115415239
1,All Population,3,YLDs (Years Lived with Disability),4860,Maharashtra,1,Male,15,50-54 years,494,Stroke,380,Particulate matter pollution,3,Rate,2016,83.5317432,134.1248209,46.76192036
1,All Population,3,YLDs (Years Lived with Disability),4860,Maharashtra,2,Female,15,50-54 years,494,Stroke,380,Particulate matter pollution,3,Rate,2016,68.81248628,107.2300492,38.02204166
1,All Population,3,YLDs (Years Lived with Disability),4860,Maharashtra,1,Male,15,50-54 years,500,Atrial fibrillation and flutter,91,Lead exposure,3,Rate,2016,1.032309123,2.842514775,-0.152090865
1,All Population,3,YLDs (Years Lived with Disability),4860,Maharashtra,2,Female,15,50-54 years,500,Atrial fibrillation and flutter,91,Lead exposure,3,Rate,2016,0.778756669,2.200908789,-0.108719409
1,All Population,3,YLDs (Years Lived with Disability),4869,Sikkim,1,Male,15,50-54 years,500,Atrial fibrillation and flutter,91,Lead exposure,3,Rate,2015,1.225705678,3.865378524,-0.137100909
1,All Population,3,YLDs (Years Lived with Disability),4869,Sikkim,2,Female,15,50-54 years,500,Atrial fibrillation and flutter,91,Lead exposure,3,Rate,2015,0.852081275,2.809875362,-0.082356989
1,All Population,3,YLDs (Years Lived with Disability),4869,Sikkim,1,Male,15,50-54 years,502,Lower extremity peripheral arterial disease,91,Lead exposure,3,Rate,2015,0.008333907,0.033723705,-0.000917914
1,All Population,3,YLDs (Years Lived with Disability),4869,Sikkim,2,Female,15,50-54 years,502,Lower extremity peripheral arterial disease,91,Lead exposure,3,Rate,2015,0.007765492,0.030776592,-0.000983797
1,All Population,3,YLDs (Years Lived with Disability),4854,Jammu & Kashmir and Ladakh,1,Male,15,50-54 years,494,Stroke,380,Particulate matter pollution,3,Rate,2013,59.96175285,95.45327987,34.18633136
1,All Population,3,YLDs (Years Lived with Disability),4854,Jammu & Kashmir and Ladakh,2,Female,15,50-54 years,494,Stroke,380,Particulate matter pollution,3,Rate,2013,54.66585098,84.94330806,30.57020042
1,All Population,3,YLDs (Years Lived with Disability),4870,Tamil Nadu,1,Male,15,50-54 years,493,Ischemic heart disease,380,Particulate matter pollution,3,Rate,2015,58.12353763,87.85497233,33.46555369
1,All Population,3,YLDs (Years Lived with Disability),4870,Tamil Nadu,2,Female,15,50-54 years,493,Ischemic heart disease,380,Particulate matter pollution,3,Rate,2015,32.9419854,50.20113814,19.38052142
1,All Population,3,YLDs (Years Lived with Disability),4870,Tamil Nadu,1,Male,15,50-54 years,494,Stroke,91,Lead exposure,3,Rate,2015,18.48799467,48.33875955,-2.760585028
1,All Population,3,YLDs (Years Lived with Disability),4870,Tamil Nadu,2,Female,15,50-54 years,494,Stroke,91,Lead exposure,3,Rate,2015,14.05915678,37.62537276,-2.200155662
1,All Population,3,YLDs (Years Lived with Disability),4869,Sikkim,1,Male,15,50-54 years,498,Hypertensive heart disease,91,Lead exposure,3,Rate,2016,0.78531391,1.983645235,0
1,All Population,3,YLDs (Years Lived with Disability),4869,Sikkim,2,Female,15,50-54 years,498,Hypertensive heart disease,91,Lead exposure,3,Rate,2016,0.923565517,2.346802884,0
1,All Population,3,YLDs (Years Lived with Disability),4875,West Bengal,1,Male,15,50-54 years,493,Ischemic heart disease,380,Particulate matter pollution,3,Rate,2015,64.53275193,95.78885978,37.89441735
1,All Population,3,YLDs (Years Lived with Disability),4875,West Bengal,2,Female,15,50-54 years,493,Ischemic heart disease,380,Particulate matter pollution,3,Rate,2015,45.84233535,67.43857789,26.97209055
1,All Population,3,YLDs (Years Lived with Disability),4875,West Bengal,1,Male,15,50-54 years,494,Stroke,91,Lead exposure,3,Rate,2015,22.17434263,53.83777739,-2.737527569
1,All Population,3,YLDs (Years Lived with Disability),4875,West Bengal,2,Female,15,50-54 years,494,Stroke,91,Lead exposure,3,Rate,2015,19.25716271,45.84949161,-2.584539768
1,All Population,3,YLDs (Years Lived with Disability),4842,Arunachal Pradesh,1,Male,15,50-54 years,493,Ischemic heart disease,91,Lead exposure,3,Rate,2016,39.34875052,56.73390225,22.98644508
1,All Population,3,YLDs (Years Lived with Disability),4842,Arunachal Pradesh,2,Female,15,50-54 years,493,Ischemic heart disease,91,Lead exposure,3,Rate,2016,21.84658178,31.61759431,12.43655839
1,All Population,3,YLDs (Years Lived with Disability),4864,Nagaland,1,Male,15,50-54 years,494,Stroke,380,Particulate matter pollution,3,Rate,2015,110.3288785,181.0279573,62.74754178
1,All Population,3,YLDs (Years Lived with Disability),4864,Nagaland,2,Female,15,50-54 years,494,Stroke,380,Particulate matter pollution,3,Rate,2015,78.13419113,119.0568271,44.25727478
1,All Population,3,YLDs (Years Lived with Disability),4864,Nagaland,1,Male,15,50-54 years,498,Hypertensive heart disease,91,Lead exposure,3,Rate,2015,0.94661509,2.488631806,0
1,All Population,3,YLDs (Years Lived with Disability),4864,Nagaland,2,Female,15,50-54 years,498,Hypertensive heart disease,91,Lead exposure,3,Rate,2015,1.199360413,2.888089025,0
1,All Population,3,YLDs (Years Lived with Disability),4856,Karnataka,1,Male,15,50-54 years,493,Ischemic heart disease,91,Lead exposure,3,Rate,2015,67.5085608,99.95985245,42.30590419
1,All Population,3,YLDs (Years Lived with Disability),4856,Karnataka,2,Female,15,50-54 years,493,Ischemic heart disease,91,Lead exposure,3,Rate,2015,42.90008384,63.44338414,25.52891756
1,All Population,3,YLDs (Years Lived with Disability),4851,Gujarat,1,Male,15,50-54 years,498,Hypertensive heart disease,91,Lead exposure,3,Rate,2015,0.727169782,1.728576749,0
1,All Population,3,YLDs (Years Lived with Disability),4851,Gujarat,2,Female,15,50-54 years,498,Hypertensive heart disease,91,Lead exposure,3,Rate,2015,1.402715327,3.546095165,0
1,All Population,3,YLDs (Years Lived with Disability),4870,Tamil Nadu,1,Male,15,50-54 years,502,Lower extremity peripheral arterial disease,91,Lead exposure,3,Rate,2015,0.012617948,0.040400677,-0.001450692
1,All Population,3,YLDs (Years Lived with Disability),4870,Tamil Nadu,2,Female,15,50-54 years,502,Lower extremity peripheral arterial disease,91,Lead exposure,3,Rate,2015,0.015352807,0.053218158,-0.001731357
1,All Population,3,YLDs (Years Lived with Disability),4853,Himachal Pradesh,1,Male,15,50-54 years,500,Atrial fibrillation and flutter,91,Lead exposure,3,Rate,2015,1.139583337,3.561381008,-0.139512504
1,All Population,3,YLDs (Years Lived with Disability),4853,Himachal Pradesh,2,Female,15,50-54 years,500,Atrial fibrillation and flutter,91,Lead exposure,3,Rate,2015,0.837119091,2.633132081,-0.107152406
1,All Population,3,YLDs (Years Lived with Disability),4844,Bihar,1,Male,15,50-54 years,493,Ischemic heart disease,91,Lead exposure,3,Rate,2016,47.29398586,71.06471604,28.7593504
1,All Population,3,YLDs (Years Lived with Disability),4844,Bihar,2,Female,15,50-54 years,493,Ischemic heart disease,91,Lead exposure,3,Rate,2016,30.57992671,45.03906837,17.22202688
1,All Population,3,YLDs (Years Lived with Disability),4841,Andhra Pradesh,1,Male,15,50-54 years,493,Ischemic heart disease,91,Lead exposure,3,Rate,2016,59.75936362,86.90448854,36.27124305
1,All Population,3,YLDs (Years Lived with Disability),4841,Andhra Pradesh,2,Female,15,50-54 years,493,Ischemic heart disease,91,Lead exposure,3,Rate,2016,33.21806151,48.64723078,19.00427445
1,All Population,3,YLDs (Years Lived with Disability),4852,Haryana,1,Male,15,50-54 years,502,Lower extremity peripheral arterial disease,91,Lead exposure,3,Rate,2016,0.009014114,0.030091283,-0.001090428
1,All Population,3,YLDs (Years Lived with Disability),4852,Haryana,2,Female,15,50-54 years,502,Lower extremity peripheral arterial disease,91,Lead exposure,3,Rate,2016,0.01162454,0.039518409,-0.00133836
1,All Population,3,YLDs (Years Lived with Disability),4870,Tamil Nadu,1,Male,15,50-54 years,500,Atrial fibrillation and flutter,91,Lead exposure,3,Rate,2013,1.364556415,4.514043582,-0.177361974
1,All Population,3,YLDs (Years Lived with Disability),4870,Tamil Nadu,2,Female,15,50-54 years,500,Atrial fibrillation and flutter,91,Lead exposure,3,Rate,2013,0.983171702,2.89306327,-0.133389838
1,All Population,3,YLDs (Years Lived with Disability),4875,West Bengal,1,Male,15,50-54 years,493,Ischemic heart disease,91,Lead exposure,3,Rate,2015,51.59352437,75.38430342,29.96853316
1,All Population,3,YLDs (Years Lived with Disability),4875,West Bengal,2,Female,15,50-54 years,493,Ischemic heart disease,91,Lead exposure,3,Rate,2015,34.55530861,51.22445528,21.14189897
1,All Population,3,YLDs (Years Lived with Disability),4867,Punjab,1,Male,15,50-54 years,500,Atrial fibrillation and flutter,91,Lead exposure,3,Rate,2016,0.918733166,2.888244213,-0.119994767
1,All Population,3,YLDs (Years Lived with Disability),4867,Punjab,2,Female,15,50-54 years,500,Atrial fibrillation and flutter,91,Lead exposure,3,Rate,2016,0.708599604,2.133421547,-0.081767373
1,All Population,3,YLDs (Years Lived with Disability),4867,Punjab,1,Male,15,50-54 years,493,Ischemic heart disease,380,Particulate matter pollution,3,Rate,2013,87.76225713,133.6263322,51.20947216
1,All Population,3,YLDs (Years Lived with Disability),4867,Punjab,2,Female,15,50-54 years,493,Ischemic heart disease,380,Particulate matter pollution,3,Rate,2013,56.67121465,85.77243587,32.32012101
1,All Population,3,YLDs (Years Lived with Disability),4867,Punjab,1,Male,15,50-54 years,494,Stroke,91,Lead exposure,3,Rate,2013,11.54595787,29.51801121,-1.90358987
1,All Population,3,YLDs (Years Lived with Disability),4867,Punjab,2,Female,15,50-54 years,494,Stroke,91,Lead exposure,3,Rate,2013,8.879727808,21.60046695,-1.345089196
1,All Population,3,YLDs (Years Lived with Disability),4874,Uttarakhand,1,Male,15,50-54 years,493,Ischemic heart disease,91,Lead exposure,3,Rate,2016,68.30327446,100.0861543,40.48092785
1,All Population,3,YLDs (Years Lived with Disability),4874,Uttarakhand,2,Female,15,50-54 years,493,Ischemic heart disease,91,Lead exposure,3,Rate,2016,35.06895934,51.94822992,20.52521164
1,All Population,3,YLDs (Years Lived with Disability),4862,Meghalaya,1,Male,15,50-54 years,500,Atrial fibrillation and flutter,91,Lead exposure,3,Rate,2013,1.271746311,4.059390927,-0.161695437
1,All Population,3,YLDs (Years Lived with Disability),4862,Meghalaya,2,Female,15,50-54 years,500,Atrial fibrillation and flutter,91,Lead exposure,3,Rate,2013,0.9193294,3.131568151,-0.139765155
1,All Population,3,YLDs (Years Lived with Disability),4874,Uttarakhand,1,Male,15,50-54 years,494,Stroke,380,Particulate matter pollution,3,Rate,2016,94.25747746,149.9753447,54.76837782
1,All Population,3,YLDs (Years Lived with Disability),4874,Uttarakhand,2,Female,15,50-54 years,494,Stroke,380,Particulate matter pollution,3,Rate,2016,73.50009408,111.7928982,44.28860208
1,All Population,3,YLDs (Years Lived with Disability),4865,Odisha,1,Male,15,50-54 years,493,Ischemic heart disease,380,Particulate matter pollution,3,Rate,2016,45.20351352,67.50671535,26.27596045
1,All Population,3,YLDs (Years Lived with Disability),4865,Odisha,2,Female,15,50-54 years,493,Ischemic heart disease,380,Particulate matter pollution,3,Rate,2016,30.20037806,45.73248178,16.12504416
1,All Population,3,YLDs (Years Lived with Disability),4857,Kerala,1,Male,15,50-54 years,494,Stroke,380,Particulate matter pollution,3,Rate,2015,90.53029966,140.8068475,48.10633622
1,All Population,3,YLDs (Years Lived with Disability),4857,Kerala,2,Female,15,50-54 years,494,Stroke,380,Particulate matter pollution,3,Rate,2015,74.75269361,115.7934512,41.91199738
1,All Population,3,YLDs (Years Lived with Disability),4870,Tamil Nadu,1,Male,15,50-54 years,493,Ischemic heart disease,91,Lead exposure,3,Rate,2016,72.03979619,106.5686094,43.9868782
1,All Population,3,YLDs (Years Lived with Disability),4870,Tamil Nadu,2,Female,15,50-54 years,493,Ischemic heart disease,91,Lead exposure,3,Rate,2016,36.43922503,54.1980847,21.67327102
1,All Population,3,YLDs (Years Lived with Disability),4868,Rajasthan,1,Male,15,50-54 years,493,Ischemic heart disease,91,Lead exposure,3,Rate,2016,44.68299568,67.50445602,25.16751476
1,All Population,3,YLDs (Years Lived with Disability),4868,Rajasthan,2,Female,15,50-54 years,493,Ischemic heart disease,91,Lead exposure,3,Rate,2016,19.96195146,28.56694511,11.75209748
1,All Population,3,YLDs (Years Lived with Disability),4846,Chhattisgarh,1,Male,15,50-54 years,498,Hypertensive heart disease,91,Lead exposure,3,Rate,2015,0.975369985,2.406958003,0
1,All Population,3,YLDs (Years Lived with Disability),4846,Chhattisgarh,2,Female,15,50-54 years,498,Hypertensive heart disease,91,Lead exposure,3,Rate,2015,1.235051797,3.157398798,0
1,All Population,3,YLDs (Years Lived with Disability),4872,Tripura,1,Male,15,50-54 years,500,Atrial fibrillation and flutter,91,Lead exposure,3,Rate,2016,1.203269635,3.512360761,-0.135905391
1,All Population,3,YLDs (Years Lived with Disability),4872,Tripura,2,Female,15,50-54 years,500,Atrial fibrillation and flutter,91,Lead exposure,3,Rate,2016,0.882661115,2.735475903,-0.12095317
1,All Population,3,YLDs (Years Lived with Disability),4872,Tripura,1,Male,15,50-54 years,502,Lower extremity peripheral arterial disease,91,Lead exposure,3,Rate,2016,0.010677943,0.038046578,-0.001010198
1,All Population,3,YLDs (Years Lived with Disability),4872,Tripura,2,Female,15,50-54 years,502,Lower extremity peripheral arterial disease,91,Lead exposure,3,Rate,2016,0.012353072,0.042188222,-0.001179337
1,All Population,3,YLDs (Years Lived with Disability),4853,Himachal Pradesh,1,Male,15,50-54 years,494,Stroke,91,Lead exposure,3,Rate,2015,12.93362176,32.90241807,-2.300735664
1,All Population,3,YLDs (Years Lived with Disability),4853,Himachal Pradesh,2,Female,15,50-54 years,494,Stroke,91,Lead exposure,3,Rate,2015,9.593711908,26.29934695,-1.59539722
1,All Population,3,YLDs (Years Lived with Disability),4873,Uttar Pradesh,1,Male,15,50-54 years,494,Stroke,380,Particulate matter pollution,3,Rate,2016,102.7180572,159.162423,57.28713043
1,All Population,3,YLDs (Years Lived with Disability),4873,Uttar Pradesh,2,Female,15,50-54 years,494,Stroke,380,Particulate matter pollution,3,Rate,2016,118.608009,178.9617345,68.50048211
1,All Population,3,YLDs (Years Lived with Disability),4873,Uttar Pradesh,1,Male,15,50-54 years,500,Atrial fibrillation and flutter,91,Lead exposure,3,Rate,2016,1.167358172,3.683522662,-0.137751802
1,All Population,3,YLDs (Years Lived with Disability),4873,Uttar Pradesh,2,Female,15,50-54 years,500,Atrial fibrillation and flutter,91,Lead exposure,3,Rate,2016,0.902039963,3.078308878,-0.098530338
1,All Population,3,YLDs (Years Lived with Disability),4873,Uttar Pradesh,1,Male,15,50-54 years,502,Lower extremity peripheral arterial disease,91,Lead exposure,3,Rate,2016,0.012808269,0.044214012,-0.001284015
1,All Population,3,YLDs (Years Lived with Disability),4873,Uttar Pradesh,2,Female,15,50-54 years,502,Lower extremity peripheral arterial disease,91,Lead exposure,3,Rate,2016,0.015367682,0.048811481,-0.001970755
1,All Population,3,YLDs (Years Lived with Disability),4863,Mizoram,1,Male,15,50-54 years,493,Ischemic heart disease,91,Lead exposure,3,Rate,2016,31.49467904,45.61231283,19.27081239
1,All Population,3,YLDs (Years Lived with Disability),4863,Mizoram,2,Female,15,50-54 years,493,Ischemic heart disease,91,Lead exposure,3,Rate,2016,17.9633326,26.12100667,10.59464689
1,All Population,3,YLDs (Years Lived with Disability),4868,Rajasthan,1,Male,15,50-54 years,498,Hypertensive heart disease,91,Lead exposure,3,Rate,2013,0.477395606,1.193950697,0
1,All Population,3,YLDs (Years Lived with Disability),4868,Rajasthan,2,Female,15,50-54 years,498,Hypertensive heart disease,91,Lead exposure,3,Rate,2013,0.776493499,2.027041077,0
1,All Population,3,YLDs (Years Lived with Disability),4867,Punjab,1,Male,15,50-54 years,498,Hypertensive heart disease,91,Lead exposure,3,Rate,2015,0.420062426,1.063529191,0
1,All Population,3,YLDs (Years Lived with Disability),4867,Punjab,2,Female,15,50-54 years,498,Hypertensive heart disease,91,Lead exposure,3,Rate,2015,0.598980027,1.551380722,0
1,All Population,3,YLDs (Years Lived with Disability),4842,Arunachal Pradesh,1,Male,15,50-54 years,500,Atrial fibrillation and flutter,91,Lead exposure,3,Rate,2015,1.217822439,4.363623871,-0.174084307
1,All Population,3,YLDs (Years Lived with Disability),4842,Arunachal Pradesh,2,Female,15,50-54 years,500,Atrial fibrillation and flutter,91,Lead exposure,3,Rate,2015,0.89437519,3.163929465,-0.135294041
1,All Population,3,YLDs (Years Lived with Disability),4856,Karnataka,1,Male,15,50-54 years,502,Lower extremity peripheral arterial disease,91,Lead exposure,3,Rate,2016,0.011995656,0.038907676,-0.001609691
1,All Population,3,YLDs (Years Lived with Disability),4856,Karnataka,2,Female,15,50-54 years,502,Lower extremity peripheral arterial disease,91,Lead exposure,3,Rate,2016,0.016233161,0.051818869,-0.002245058
1,All Population,3,YLDs (Years Lived with Disability),4873,Uttar Pradesh,1,Male,15,50-54 years,502,Lower extremity peripheral arterial disease,91,Lead exposure,3,Rate,2015,0.012859427,0.0423913,-0.001557809
1,All Population,3,YLDs (Years Lived with Disability),4873,Uttar Pradesh,2,Female,15,50-54 years,502,Lower extremity peripheral arterial disease,91,Lead exposure,3,Rate,2015,0.015450877,0.048416503,-0.001761684
1,All Population,3,YLDs (Years Lived with Disability),4871,Telangana,1,Male,15,50-54 years,498,Hypertensive heart disease,91,Lead exposure,3,Rate,2016,0.632948364,1.55422015,0
1,All Population,3,YLDs (Years Lived with Disability),4871,Telangana,2,Female,15,50-54 years,498,Hypertensive heart disease,91,Lead exposure,3,Rate,2016,1.134238557,2.55906822,0
1,All Population,3,YLDs (Years Lived with Disability),4855,Jharkhand,1,Male,15,50-54 years,493,Ischemic heart disease,380,Particulate matter pollution,3,Rate,2016,42.82806332,64.02797712,25.24366285
1,All Population,3,YLDs (Years Lived with Disability),4855,Jharkhand,2,Female,15,50-54 years,493,Ischemic heart disease,380,Particulate matter pollution,3,Rate,2016,36.01300476,53.25289396,19.89361269
1,All Population,3,YLDs (Years Lived with Disability),4864,Nagaland,1,Male,15,50-54 years,502,Lower extremity peripheral arterial disease,91,Lead exposure,3,Rate,2015,0.008197148,0.027314658,-0.001265261
1,All Population,3,YLDs (Years Lived with Disability),4864,Nagaland,2,Female,15,50-54 years,502,Lower extremity peripheral arterial disease,91,Lead exposure,3,Rate,2015,0.009390008,0.031245532,-0.001167006
1,All Population,3,YLDs (Years Lived with Disability),4864,Nagaland,1,Male,15,50-54 years,500,Atrial fibrillation and flutter,91,Lead exposure,3,Rate,2016,1.230581775,4.207931016,-0.169173801
1,All Population,3,YLDs (Years Lived with Disability),4864,Nagaland,2,Female,15,50-54 years,500,Atrial fibrillation and flutter,91,Lead exposure,3,Rate,2016,0.88876598,2.886554039,-0.120209187
1,All Population,3,YLDs (Years Lived with Disability),4854,Jammu & Kashmir and Ladakh,1,Male,15,50-54 years,494,Stroke,380,Particulate matter pollution,3,Rate,2016,58.18411505,93.04821575,34.22364305
1,All Population,3,YLDs (Years Lived with Disability),4854,Jammu & Kashmir and Ladakh,2,Female,15,50-54 years,494,Stroke,380,Particulate matter pollution,3,Rate,2016,53.08825526,85.03809056,28.86554997
1,All Population,3,YLDs (Years Lived with Disability),44538,Other Union Territories,1,Male,15,50-54 years,493,Ischemic heart disease,91,Lead exposure,3,Rate,2016,53.5591423,79.38749681,31.7797246
1,All Population,3,YLDs (Years Lived with Disability),44538,Other Union Territories,2,Female,15,50-54 years,493,Ischemic heart disease,91,Lead exposure,3,Rate,2016,30.60032516,45.2101373,18.05679212
1,All Population,3,YLDs (Years Lived with Disability),4859,Madhya Pradesh,1,Male,15,50-54 years,498,Hypertensive heart disease,91,Lead exposure,3,Rate,2015,0.673779737,1.761218484,0
1,All Population,3,YLDs (Years Lived with Disability),4859,Madhya Pradesh,2,Female,15,50-54 years,498,Hypertensive heart disease,91,Lead exposure,3,Rate,2015,1.375108221,3.486616786,0
1,All Population,3,YLDs (Years Lived with Disability),4856,Karnataka,1,Male,15,50-54 years,494,Stroke,380,Particulate matter pollution,3,Rate,2016,71.29937564,106.3476892,38.73198389
1,All Population,3,YLDs (Years Lived with Disability),4856,Karnataka,2,Female,15,50-54 years,494,Stroke,380,Particulate matter pollution,3,Rate,2016,59.5042804,92.57628664,33.65130897
1,All Population,3,YLDs (Years Lived with Disability),4856,Karnataka,1,Male,15,50-54 years,498,Hypertensive heart disease,91,Lead exposure,3,Rate,2016,0.721280216,1.877792299,0
1,All Population,3,YLDs (Years Lived with Disability),4856,Karnataka,2,Female,15,50-54 years,498,Hypertensive heart disease,91,Lead exposure,3,Rate,2016,1.286960105,3.054304569,0
1,All Population,3,YLDs (Years Lived with Disability),4857,Kerala,1,Male,15,50-54 years,494,Stroke,91,Lead exposure,3,Rate,2016,20.73660315,55.66747208,-2.713823094
1,All Population,3,YLDs (Years Lived with Disability),4857,Kerala,2,Female,15,50-54 years,494,Stroke,91,Lead exposure,3,Rate,2016,14.42389653,35.15618852,-1.930928978
1,All Population,3,YLDs (Years Lived with Disability),4864,Nagaland,1,Male,15,50-54 years,493,Ischemic heart disease,380,Particulate matter pollution,3,Rate,2015,46.20092371,70.15931267,26.81509452
1,All Population,3,YLDs (Years Lived with Disability),4864,Nagaland,2,Female,15,50-54 years,493,Ischemic heart disease,380,Particulate matter pollution,3,Rate,2015,36.1658796,55.35133457,20.2261444
1,All Population,3,YLDs (Years Lived with Disability),4864,Nagaland,1,Male,15,50-54 years,494,Stroke,91,Lead exposure,3,Rate,2015,21.90866144,56.24642772,-3.26374614
1,All Population,3,YLDs (Years Lived with Disability),4864,Nagaland,2,Female,15,50-54 years,494,Stroke,91,Lead exposure,3,Rate,2015,12.85713412,35.30186651,-1.796096485
1,All Population,3,YLDs (Years Lived with Disability),4863,Mizoram,1,Male,15,50-54 years,493,Ischemic heart disease,380,Particulate matter pollution,3,Rate,2016,29.82362907,45.10328351,17.2343178
1,All Population,3,YLDs (Years Lived with Disability),4863,Mizoram,2,Female,15,50-54 years,493,Ischemic heart disease,380,Particulate matter pollution,3,Rate,2016,18.38746615,28.31140667,10.38187566
1,All Population,3,YLDs (Years Lived with Disability),4863,Mizoram,1,Male,15,50-54 years,494,Stroke,91,Lead exposure,3,Rate,2016,13.34817059,34.66546341,-2.38499924
1,All Population,3,YLDs (Years Lived with Disability),4863,Mizoram,2,Female,15,50-54 years,494,Stroke,91,Lead exposure,3,Rate,2016,8.709631834,24.1248208,-1.366935269
1,All Population,3,YLDs (Years Lived with Disability),4857,Kerala,1,Male,15,50-54 years,498,Hypertensive heart disease,91,Lead exposure,3,Rate,2016,0.579261943,1.620313065,0
1,All Population,3,YLDs (Years Lived with Disability),4857,Kerala,2,Female,15,50-54 years,498,Hypertensive heart disease,91,Lead exposure,3,Rate,2016,1.259300064,3.170933522,0
1,All Population,3,YLDs (Years Lived with Disability),4867,Punjab,1,Male,15,50-54 years,494,Stroke,380,Particulate matter pollution,3,Rate,2015,78.70323574,117.1242947,43.36204713
1,All Population,3,YLDs (Years Lived with Disability),4867,Punjab,2,Female,15,50-54 years,494,Stroke,380,Particulate matter pollution,3,Rate,2015,68.63970221,102.7915734,37.77643877
1,All Population,3,YLDs (Years Lived with Disability),4861,Manipur,1,Male,15,50-54 years,500,Atrial fibrillation and flutter,91,Lead exposure,3,Rate,2015,1.257716828,3.904509363,-0.226310947
1,All Population,3,YLDs (Years Lived with Disability),4861,Manipur,2,Female,15,50-54 years,500,Atrial fibrillation and flutter,91,Lead exposure,3,Rate,2015,0.916338825,2.881467042,-0.135479648
1,All Population,3,YLDs (Years Lived with Disability),4857,Kerala,1,Male,15,50-54 years,493,Ischemic heart disease,91,Lead exposure,3,Rate,2016,72.40639845,108.6204725,42.3611365
1,All Population,3,YLDs (Years Lived with Disability),4857,Kerala,2,Female,15,50-54 years,493,Ischemic heart disease,91,Lead exposure,3,Rate,2016,31.13646759,46.31008603,18.04437789
1,All Population,3,YLDs (Years Lived with Disability),4861,Manipur,1,Male,15,50-54 years,494,Stroke,380,Particulate matter pollution,3,Rate,2016,91.75386534,140.4664819,50.56597701
1,All Population,3,YLDs (Years Lived with Disability),4861,Manipur,2,Female,15,50-54 years,494,Stroke,380,Particulate matter pollution,3,Rate,2016,71.03865814,110.3997245,40.86821952
1,All Population,3,YLDs (Years Lived with Disability),4861,Manipur,1,Male,15,50-54 years,498,Hypertensive heart disease,91,Lead exposure,3,Rate,2016,1.13663473,2.579423063,0
1,All Population,3,YLDs (Years Lived with Disability),4861,Manipur,2,Female,15,50-54 years,498,Hypertensive heart disease,91,Lead exposure,3,Rate,2016,1.634598394,4.051680778,0
1,All Population,3,YLDs (Years Lived with Disability),4860,Maharashtra,1,Male,15,50-54 years,494,Stroke,380,Particulate matter pollution,3,Rate,2015,83.64424993,132.7413153,47.18029187
1,All Population,3,YLDs (Years Lived with Disability),4860,Maharashtra,2,Female,15,50-54 years,494,Stroke,380,Particulate matter pollution,3,Rate,2015,68.54081353,109.7833104,39.71813895
1,All Population,3,YLDs (Years Lived with Disability),4843,Assam,1,Male,15,50-54 years,493,Ischemic heart disease,91,Lead exposure,3,Rate,2016,40.56933556,61.46093701,23.49207498
1,All Population,3,YLDs (Years Lived with Disability),4843,Assam,2,Female,15,50-54 years,493,Ischemic heart disease,91,Lead exposure,3,Rate,2016,25.52901353,37.35298044,14.85076714
1,All Population,3,YLDs (Years Lived with Disability),4860,Maharashtra,1,Male,15,50-54 years,502,Lower extremity peripheral arterial disease,91,Lead exposure,3,Rate,2016,0.008910139,0.030986658,-0.001255963
1,All Population,3,YLDs (Years Lived with Disability),4860,Maharashtra,2,Female,15,50-54 years,502,Lower extremity peripheral arterial disease,91,Lead exposure,3,Rate,2016,0.011082869,0.035441765,-0.001484395
1,All Population,3,YLDs (Years Lived with Disability),4844,Bihar,1,Male,15,50-54 years,494,Stroke,380,Particulate matter pollution,3,Rate,2016,80.18085269,119.3155259,42.72612623
1,All Population,3,YLDs (Years Lived with Disability),4844,Bihar,2,Female,15,50-54 years,494,Stroke,380,Particulate matter pollution,3,Rate,2016,79.54011564,116.5081368,45.21693293
1,All Population,3,YLDs (Years Lived with Disability),4855,Jharkhand,1,Male,15,50-54 years,494,Stroke,380,Particulate matter pollution,3,Rate,2015,86.51544002,128.6770057,47.40199953
1,All Population,3,YLDs (Years Lived with Disability),4855,Jharkhand,2,Female,15,50-54 years,494,Stroke,380,Particulate matter pollution,3,Rate,2015,101.514824,147.3445445,57.67718288
1,All Population,3,YLDs (Years Lived with Disability),4853,Himachal Pradesh,1,Male,15,50-54 years,500,Atrial fibrillation and flutter,91,Lead exposure,3,Rate,2016,1.149692271,4.226298496,-0.150673991
1,All Population,3,YLDs (Years Lived with Disability),4853,Himachal Pradesh,2,Female,15,50-54 years,500,Atrial fibrillation and flutter,91,Lead exposure,3,Rate,2016,0.84121622,2.802453787,-0.104962065
1,All Population,3,YLDs (Years Lived with Disability),4863,Mizoram,1,Male,15,50-54 years,494,Stroke,380,Particulate matter pollution,3,Rate,2015,56.02143434,89.78996751,31.17597046
1,All Population,3,YLDs (Years Lived with Disability),4863,Mizoram,2,Female,15,50-54 years,494,Stroke,380,Particulate matter pollution,3,Rate,2015,48.78201191,73.46206367,26.07586299
1,All Population,3,YLDs (Years Lived with Disability),4853,Himachal Pradesh,1,Male,15,50-54 years,493,Ischemic heart disease,380,Particulate matter pollution,3,Rate,2016,65.11952874,98.29856422,37.88400658
1,All Population,3,YLDs (Years Lived with Disability),4853,Himachal Pradesh,2,Female,15,50-54 years,493,Ischemic heart disease,380,Particulate matter pollution,3,Rate,2016,34.98529593,53.45482909,19.63095962
1,All Population,3,YLDs (Years Lived with Disability),4841,Andhra Pradesh,1,Male,15,50-54 years,502,Lower extremity peripheral arterial disease,91,Lead exposure,3,Rate,2016,0.009310495,0.031578656,-0.001098022
1,All Population,3,YLDs (Years Lived with Disability),4841,Andhra Pradesh,2,Female,15,50-54 years,502,Lower extremity peripheral arterial disease,91,Lead exposure,3,Rate,2016,0.011347441,0.041763882,-0.001257383
1,All Population,3,YLDs (Years Lived with Disability),4843,Assam,1,Male,15,50-54 years,500,Atrial fibrillation and flutter,91,Lead exposure,3,Rate,2015,1.138571278,3.756629334,-0.188759141
1,All Population,3,YLDs (Years Lived with Disability),4843,Assam,2,Female,15,50-54 years,500,Atrial fibrillation and flutter,91,Lead exposure,3,Rate,2015,0.819830327,2.642996823,-0.12861469
1,All Population,3,YLDs (Years Lived with Disability),4843,Assam,1,Male,15,50-54 years,502,Lower extremity peripheral arterial disease,91,Lead exposure,3,Rate,2015,0.010171057,0.033788697,-0.001114067
1,All Population,3,YLDs (Years Lived with Disability),4843,Assam,2,Female,15,50-54 years,502,Lower extremity peripheral arterial disease,91,Lead exposure,3,Rate,2015,0.012356027,0.039585487,-0.001607564
1,All Population,3,YLDs (Years Lived with Disability),4875,West Bengal,1,Male,15,50-54 years,493,Ischemic heart disease,91,Lead exposure,3,Rate,2016,49.99292136,74.12512722,29.3571893
1,All Population,3,YLDs (Years Lived with Disability),4875,West Bengal,2,Female,15,50-54 years,493,Ischemic heart disease,91,Lead exposure,3,Rate,2016,33.7200501,49.75718441,20.5699295
1,All Population,3,YLDs (Years Lived with Disability),44538,Other Union Territories,1,Male,15,50-54 years,500,Atrial fibrillation and flutter,91,Lead exposure,3,Rate,2015,1.081243287,3.43305738,-0.169667841
1,All Population,3,YLDs (Years Lived with Disability),44538,Other Union Territories,2,Female,15,50-54 years,500,Atrial fibrillation and flutter,91,Lead exposure,3,Rate,2015,0.797719206,2.66721278,-0.129365767
1,All Population,3,YLDs (Years Lived with Disability),4844,Bihar,1,Male,15,50-54 years,502,Lower extremity peripheral arterial disease,91,Lead exposure,3,Rate,2016,0.011462435,0.040494071,-0.001319796
1,All Population,3,YLDs (Years Lived with Disability),4844,Bihar,2,Female,15,50-54 years,502,Lower extremity peripheral arterial disease,91,Lead exposure,3,Rate,2016,0.014162529,0.050606536,-0.001638611
1,All Population,3,YLDs (Years Lived with Disability),4857,Kerala,1,Male,15,50-54 years,493,Ischemic heart disease,380,Particulate matter pollution,3,Rate,2016,67.78072812,102.8981685,38.27819809
1,All Population,3,YLDs (Years Lived with Disability),4857,Kerala,2,Female,15,50-54 years,493,Ischemic heart disease,380,Particulate matter pollution,3,Rate,2016,32.2330276,49.0341339,18.27473651
1,All Population,3,YLDs (Years Lived with Disability),4872,Tripura,1,Male,15,50-54 years,493,Ischemic heart disease,380,Particulate matter pollution,3,Rate,2015,60.8405522,91.16976237,35.4115126
1,All Population,3,YLDs (Years Lived with Disability),4872,Tripura,2,Female,15,50-54 years,493,Ischemic heart disease,380,Particulate matter pollution,3,Rate,2015,39.86869172,59.48375667,23.28299565
1,All Population,3,YLDs (Years Lived with Disability),4872,Tripura,1,Male,15,50-54 years,494,Stroke,91,Lead exposure,3,Rate,2015,24.47916424,64.77468174,-4.005825575
1,All Population,3,YLDs (Years Lived with Disability),4872,Tripura,2,Female,15,50-54 years,494,Stroke,91,Lead exposure,3,Rate,2015,15.62320322,41.15085968,-2.110444818
1,All Population,3,YLDs (Years Lived with Disability),4851,Gujarat,1,Male,15,50-54 years,494,Stroke,380,Particulate matter pollution,3,Rate,2016,92.96378232,137.7953596,54.35243422
1,All Population,3,YLDs (Years Lived with Disability),4851,Gujarat,2,Female,15,50-54 years,494,Stroke,380,Particulate matter pollution,3,Rate,2016,82.07838202,121.8811223,46.5974671
1,All Population,3,YLDs (Years Lived with Disability),4870,Tamil Nadu,1,Male,15,50-54 years,502,Lower extremity peripheral arterial disease,91,Lead exposure,3,Rate,2016,0.012217434,0.040811422,-0.001295907
1,All Population,3,YLDs (Years Lived with Disability),4870,Tamil Nadu,2,Female,15,50-54 years,502,Lower extremity peripheral arterial disease,91,Lead exposure,3,Rate,2016,0.01499248,0.0544289,-0.001471098
1,All Population,3,YLDs (Years Lived with Disability),4869,Sikkim,1,Male,15,50-54 years,493,Ischemic heart disease,91,Lead exposure,3,Rate,2016,46.59548702,67.6757979,28.31981074
1,All Population,3,YLDs (Years Lived with Disability),4869,Sikkim,2,Female,15,50-54 years,493,Ischemic heart disease,91,Lead exposure,3,Rate,2016,26.9665796,40.29598019,15.81448411
1,All Population,3,YLDs (Years Lived with Disability),4874,Uttarakhand,1,Male,15,50-54 years,500,Atrial fibrillation and flutter,91,Lead exposure,3,Rate,2016,1.125953048,3.529660436,-0.134965541
1,All Population,3,YLDs (Years Lived with Disability),4874,Uttarakhand,2,Female,15,50-54 years,500,Atrial fibrillation and flutter,91,Lead exposure,3,Rate,2016,0.83538878,2.405333868,-0.104828708
1,All Population,3,YLDs (Years Lived with Disability),4855,Jharkhand,1,Male,15,50-54 years,493,Ischemic heart disease,380,Particulate matter pollution,3,Rate,2015,46.51067621,70.77119736,26.59123744
1,All Population,3,YLDs (Years Lived with Disability),4855,Jharkhand,2,Female,15,50-54 years,493,Ischemic heart disease,380,Particulate matter pollution,3,Rate,2015,37.36609606,55.01337251,22.13564848
1,All Population,3,YLDs (Years Lived with Disability),4852,Haryana,1,Male,15,50-54 years,493,Ischemic heart disease,91,Lead exposure,3,Rate,2016,56.76677622,82.544786,33.79826912
1,All Population,3,YLDs (Years Lived with Disability),4852,Haryana,2,Female,15,50-54 years,493,Ischemic heart disease,91,Lead exposure,3,Rate,2016,29.37030018,43.34779971,17.1416976
1,All Population,3,YLDs (Years Lived with Disability),4872,Tripura,1,Male,15,50-54 years,500,Atrial fibrillation and flutter,91,Lead exposure,3,Rate,2015,1.216351158,3.757905572,-0.161988064
1,All Population,3,YLDs (Years Lived with Disability),4872,Tripura,2,Female,15,50-54 years,500,Atrial fibrillation and flutter,91,Lead exposure,3,Rate,2015,0.891689234,2.764315523,-0.134257667
1,All Population,3,YLDs (Years Lived with Disability),4872,Tripura,1,Male,15,50-54 years,502,Lower extremity peripheral arterial disease,91,Lead exposure,3,Rate,2015,0.011027156,0.036543858,-0.001245815
1,All Population,3,YLDs (Years Lived with Disability),4872,Tripura,2,Female,15,50-54 years,502,Lower extremity peripheral arterial disease,91,Lead exposure,3,Rate,2015,0.012577836,0.041868959,-0.001295678
1,All Population,3,YLDs (Years Lived with Disability),4867,Punjab,1,Male,15,50-54 years,493,Ischemic heart disease,91,Lead exposure,3,Rate,2016,57.78199178,85.58893838,34.12620785
1,All Population,3,YLDs (Years Lived with Disability),4867,Punjab,2,Female,15,50-54 years,493,Ischemic heart disease,91,Lead exposure,3,Rate,2016,35.10476374,50.67146904,20.51625814
1,All Population,3,YLDs (Years Lived with Disability),4861,Manipur,1,Male,15,50-54 years,493,Ischemic heart disease,91,Lead exposure,3,Rate,2016,40.90470883,60.53736159,24.82865998
1,All Population,3,YLDs (Years Lived with Disability),4861,Manipur,2,Female,15,50-54 years,493,Ischemic heart disease,91,Lead exposure,3,Rate,2016,27.87907313,40.01329416,16.32736054
1,All Population,3,YLDs (Years Lived with Disability),4869,Sikkim,1,Male,15,50-54 years,494,Stroke,380,Particulate matter pollution,3,Rate,2015,75.75975649,122.872493,41.11492541
1,All Population,3,YLDs (Years Lived with Disability),4869,Sikkim,2,Female,15,50-54 years,494,Stroke,380,Particulate matter pollution,3,Rate,2015,66.69581311,103.254521,38.30999091
1,All Population,3,YLDs (Years Lived with Disability),44538,Other Union Territories,1,Male,15,50-54 years,498,Hypertensive heart disease,91,Lead exposure,3,Rate,2015,0.710280877,1.855674895,0
1,All Population,3,YLDs (Years Lived with Disability),44538,Other Union Territories,2,Female,15,50-54 years,498,Hypertensive heart disease,91,Lead exposure,3,Rate,2015,1.225649711,3.115860484,0
1,All Population,3,YLDs (Years Lived with Disability),4842,Arunachal Pradesh,1,Male,15,50-54 years,493,Ischemic heart disease,380,Particulate matter pollution,3,Rate,2015,39.3053832,59.04528624,21.40581926
1,All Population,3,YLDs (Years Lived with Disability),4842,Arunachal Pradesh,2,Female,15,50-54 years,493,Ischemic heart disease,380,Particulate matter pollution,3,Rate,2015,25.54186096,38.83569078,14.68956728
1,All Population,3,YLDs (Years Lived with Disability),4842,Arunachal Pradesh,1,Male,15,50-54 years,494,Stroke,91,Lead exposure,3,Rate,2015,16.11484084,43.38503787,-2.207031712
1,All Population,3,YLDs (Years Lived with Disability),4842,Arunachal Pradesh,2,Female,15,50-54 years,494,Stroke,91,Lead exposure,3,Rate,2015,11.34155662,30.37152619,-1.721413297
1,All Population,3,YLDs (Years Lived with Disability),4856,Karnataka,1,Male,15,50-54 years,494,Stroke,380,Particulate matter pollution,3,Rate,2013,77.64953125,120.9094686,42.41232005
1,All Population,3,YLDs (Years Lived with Disability),4856,Karnataka,2,Female,15,50-54 years,494,Stroke,380,Particulate matter pollution,3,Rate,2013,62.37640933,95.23007274,35.10842556
1,All Population,3,YLDs (Years Lived with Disability),4856,Karnataka,1,Male,15,50-54 years,498,Hypertensive heart disease,91,Lead exposure,3,Rate,2013,0.757055148,2.101330522,0
1,All Population,3,YLDs (Years Lived with Disability),4856,Karnataka,2,Female,15,50-54 years,498,Hypertensive heart disease,91,Lead exposure,3,Rate,2013,1.261535397,2.905767953,0
1,All Population,3,YLDs (Years Lived with Disability),4846,Chhattisgarh,1,Male,15,50-54 years,493,Ischemic heart disease,91,Lead exposure,3,Rate,2016,48.31877583,72.29833103,28.34891114
1,All Population,3,YLDs (Years Lived with Disability),4846,Chhattisgarh,2,Female,15,50-54 years,493,Ischemic heart disease,91,Lead exposure,3,Rate,2016,28.55491785,42.96266278,17.27333719
1,All Population,3,YLDs (Years Lived with Disability),4854,Jammu & Kashmir and Ladakh,1,Male,15,50-54 years,493,Ischemic heart disease,91,Lead exposure,3,Rate,2016,48.46951706,71.48642569,28.81072991
1,All Population,3,YLDs (Years Lived with Disability),4854,Jammu & Kashmir and Ladakh,2,Female,15,50-54 years,493,Ischemic heart disease,91,Lead exposure,3,Rate,2016,32.3328898,46.77502071,18.92089724
1,All Population,3,YLDs (Years Lived with Disability),4874,Uttarakhand,1,Male,15,50-54 years,494,Stroke,380,Particulate matter pollution,3,Rate,2015,95.619409,147.0192088,56.36753298
1,All Population,3,YLDs (Years Lived with Disability),4874,Uttarakhand,2,Female,15,50-54 years,494,Stroke,380,Particulate matter pollution,3,Rate,2015,73.95309552,112.1281887,39.87822825
1,All Population,3,YLDs (Years Lived with Disability),4857,Kerala,1,Male,15,50-54 years,494,Stroke,380,Particulate matter pollution,3,Rate,2016,88.81103226,141.6882492,48.36432754
1,All Population,3,YLDs (Years Lived with Disability),4857,Kerala,2,Female,15,50-54 years,494,Stroke,380,Particulate matter pollution,3,Rate,2016,73.42200232,114.3778302,39.39891996
1,All Population,3,YLDs (Years Lived with Disability),4846,Chhattisgarh,1,Male,15,50-54 years,494,Stroke,380,Particulate matter pollution,3,Rate,2015,121.7187685,189.7792839,69.31670473
1,All Population,3,YLDs (Years Lived with Disability),4846,Chhattisgarh,2,Female,15,50-54 years,494,Stroke,380,Particulate matter pollution,3,Rate,2015,96.29823129,148.9983833,57.13220335
1,All Population,3,YLDs (Years Lived with Disability),4862,Meghalaya,1,Male,15,50-54 years,494,Stroke,380,Particulate matter pollution,3,Rate,2016,83.03282296,128.2474389,46.68571749
1,All Population,3,YLDs (Years Lived with Disability),4862,Meghalaya,2,Female,15,50-54 years,494,Stroke,380,Particulate matter pollution,3,Rate,2016,67.37645484,97.38662327,38.02703875
1,All Population,3,YLDs (Years Lived with Disability),4870,Tamil Nadu,1,Male,15,50-54 years,498,Hypertensive heart disease,91,Lead exposure,3,Rate,2015,0.616900915,1.44254056,0
1,All Population,3,YLDs (Years Lived with Disability),4870,Tamil Nadu,2,Female,15,50-54 years,498,Hypertensive heart disease,91,Lead exposure,3,Rate,2015,1.078577845,2.565871863,0
1,All Population,3,YLDs (Years Lived with Disability),4864,Nagaland,1,Male,15,50-54 years,493,Ischemic heart disease,91,Lead exposure,3,Rate,2016,39.43314846,57.09601867,23.97125542
1,All Population,3,YLDs (Years Lived with Disability),4864,Nagaland,2,Female,15,50-54 years,493,Ischemic heart disease,91,Lead exposure,3,Rate,2016,27.95219314,41.00105274,15.88049306
1,All Population,3,YLDs (Years Lived with Disability),4859,Madhya Pradesh,1,Male,15,50-54 years,493,Ischemic heart disease,380,Particulate matter pollution,3,Rate,2016,66.13457762,100.1943778,39.65907183
1,All Population,3,YLDs (Years Lived with Disability),4859,Madhya Pradesh,2,Female,15,50-54 years,493,Ischemic heart disease,380,Particulate matter pollution,3,Rate,2016,37.58116386,55.89071919,21.40173292
1,All Population,3,YLDs (Years Lived with Disability),4859,Madhya Pradesh,1,Male,15,50-54 years,494,Stroke,91,Lead exposure,3,Rate,2016,14.38311731,35.78632737,-2.628078159
1,All Population,3,YLDs (Years Lived with Disability),4859,Madhya Pradesh,2,Female,15,50-54 years,494,Stroke,91,Lead exposure,3,Rate,2016,11.18487624,27.42277651,-1.731954957
1,All Population,3,YLDs (Years Lived with Disability),4871,Telangana,1,Male,15,50-54 years,500,Atrial fibrillation and flutter,91,Lead exposure,3,Rate,2015,1.100927689,3.505307058,-0.166379173
1,All Population,3,YLDs (Years Lived with Disability),4871,Telangana,2,Female,15,50-54 years,500,Atrial fibrillation and flutter,91,Lead exposure,3,Rate,2015,0.763956247,2.533043636,-0.112876256
1,All Population,3,YLDs (Years Lived with Disability),4850,Goa,1,Male,15,50-54 years,493,Ischemic heart disease,91,Lead exposure,3,Rate,2016,51.74432916,75.60427459,31.21930001
1,All Population,3,YLDs (Years Lived with Disability),4850,Goa,2,Female,15,50-54 years,493,Ischemic heart disease,91,Lead exposure,3,Rate,2016,30.451478,45.24674875,17.44683126
1,All Population,3,YLDs (Years Lived with Disability),4853,Himachal Pradesh,1,Male,15,50-54 years,494,Stroke,380,Particulate matter pollution,3,Rate,2015,68.09237373,106.5737628,38.13634025
1,All Population,3,YLDs (Years Lived with Disability),4853,Himachal Pradesh,2,Female,15,50-54 years,494,Stroke,380,Particulate matter pollution,3,Rate,2015,60.20982312,95.42258629,32.61188423
1,All Population,3,YLDs (Years Lived with Disability),4853,Himachal Pradesh,1,Male,15,50-54 years,498,Hypertensive heart disease,91,Lead exposure,3,Rate,2015,0.670366364,1.895554991,0
1,All Population,3,YLDs (Years Lived with Disability),4853,Himachal Pradesh,2,Female,15,50-54 years,498,Hypertensive heart disease,91,Lead exposure,3,Rate,2015,1.086734003,2.746665369,0
1,All Population,3,YLDs (Years Lived with Disability),4872,Tripura,1,Male,15,50-54 years,493,Ischemic heart disease,380,Particulate matter pollution,3,Rate,2016,59.41495691,87.16300477,33.80384252
1,All Population,3,YLDs (Years Lived with Disability),4872,Tripura,2,Female,15,50-54 years,493,Ischemic heart disease,380,Particulate matter pollution,3,Rate,2016,38.52042481,56.20868974,22.93385465
1,All Population,3,YLDs (Years Lived with Disability),4872,Tripura,1,Male,15,50-54 years,494,Stroke,91,Lead exposure,3,Rate,2016,24.09621797,59.47086145,-3.810422069
1,All Population,3,YLDs (Years Lived with Disability),4872,Tripura,2,Female,15,50-54 years,494,Stroke,91,Lead exposure,3,Rate,2016,15.38884225,37.31959341,-1.941827451
1,All Population,3,YLDs (Years Lived with Disability),4854,Jammu & Kashmir and Ladakh,1,Male,15,50-54 years,500,Atrial fibrillation and flutter,91,Lead exposure,3,Rate,2016,0.870808492,2.568146229,-0.127415547
1,All Population,3,YLDs (Years Lived with Disability),4854,Jammu & Kashmir and Ladakh,2,Female,15,50-54 years,500,Atrial fibrillation and flutter,91,Lead exposure,3,Rate,2016,0.667532082,2.205919334,-0.108371649
1,All Population,3,YLDs (Years Lived with Disability),4857,Kerala,1,Male,15,50-54 years,498,Hypertensive heart disease,91,Lead exposure,3,Rate,2015,0.547519454,1.325613244,0
1,All Population,3,YLDs (Years Lived with Disability),4857,Kerala,2,Female,15,50-54 years,498,Hypertensive heart disease,91,Lead exposure,3,Rate,2015,1.28569779,2.96446252,0
1,All Population,3,YLDs (Years Lived with Disability),4850,Goa,1,Male,15,50-54 years,494,Stroke,91,Lead exposure,3,Rate,2015,13.99286123,35.91049832,-2.582376614
1,All Population,3,YLDs (Years Lived with Disability),4850,Goa,2,Female,15,50-54 years,494,Stroke,91,Lead exposure,3,Rate,2015,11.47608616,30.03579724,-1.954522791
1,All Population,3,YLDs (Years Lived with Disability),4860,Maharashtra,1,Male,15,50-54 years,500,Atrial fibrillation and flutter,91,Lead exposure,3,Rate,2015,1.055493345,2.903942844,-0.18468796
1,All Population,3,YLDs (Years Lived with Disability),4860,Maharashtra,2,Female,15,50-54 years,500,Atrial fibrillation and flutter,91,Lead exposure,3,Rate,2015,0.791114597,2.431196134,-0.122781048
1,All Population,3,YLDs (Years Lived with Disability),4862,Meghalaya,1,Male,15,50-54 years,502,Lower extremity peripheral arterial disease,91,Lead exposure,3,Rate,2016,0.01093322,0.037518078,-0.00128355
1,All Population,3,YLDs (Years Lived with Disability),4862,Meghalaya,2,Female,15,50-54 years,502,Lower extremity peripheral arterial disease,91,Lead exposure,3,Rate,2016,0.012708588,0.040923126,-0.00127691
1,All Population,3,YLDs (Years Lived with Disability),4862,Meghalaya,1,Male,15,50-54 years,493,Ischemic heart disease,380,Particulate matter pollution,3,Rate,2015,44.13771981,69.00437239,24.82611684
1,All Population,3,YLDs (Years Lived with Disability),4862,Meghalaya,2,Female,15,50-54 years,493,Ischemic heart disease,380,Particulate matter pollution,3,Rate,2015,29.68987826,45.60294825,16.60441496
1,All Population,3,YLDs (Years Lived with Disability),4862,Meghalaya,1,Male,15,50-54 years,494,Stroke,91,Lead exposure,3,Rate,2015,16.55184411,44.96723504,-2.910981597
1,All Population,3,YLDs (Years Lived with Disability),4862,Meghalaya,2,Female,15,50-54 years,494,Stroke,91,Lead exposure,3,Rate,2015,11.82779717,32.25753873,-1.869844248
1,All Population,3,YLDs (Years Lived with Disability),4842,Arunachal Pradesh,1,Male,15,50-54 years,502,Lower extremity peripheral arterial disease,91,Lead exposure,3,Rate,2016,0.009590507,0.035331995,-0.001221126
1,All Population,3,YLDs (Years Lived with Disability),4842,Arunachal Pradesh,2,Female,15,50-54 years,502,Lower extremity peripheral arterial disease,91,Lead exposure,3,Rate,2016,0.012329136,0.048932819,-0.001454866
1,All Population,3,YLDs (Years Lived with Disability),4863,Mizoram,1,Male,15,50-54 years,498,Hypertensive heart disease,91,Lead exposure,3,Rate,2016,1.262358607,2.905597388,0
1,All Population,3,YLDs (Years Lived with Disability),4863,Mizoram,2,Female,15,50-54 years,498,Hypertensive heart disease,91,Lead exposure,3,Rate,2016,2.302663858,5.375753712,0
1,All Population,3,YLDs (Years Lived with Disability),4844,Bihar,1,Male,15,50-54 years,493,Ischemic heart disease,380,Particulate matter pollution,3,Rate,2015,57.76382853,88.52649987,33.0987288
1,All Population,3,YLDs (Years Lived with Disability),4844,Bihar,2,Female,15,50-54 years,493,Ischemic heart disease,380,Particulate matter pollution,3,Rate,2015,40.4791439,60.96228118,22.81892808
1,All Population,3,YLDs (Years Lived with Disability),4844,Bihar,1,Male,15,50-54 years,494,Stroke,91,Lead exposure,3,Rate,2015,14.80407272,40.04549064,-2.813569039
1,All Population,3,YLDs (Years Lived with Disability),4844,Bihar,2,Female,15,50-54 years,494,Stroke,91,Lead exposure,3,Rate,2015,12.83923576,35.22555014,-2.395341393
1,All Population,3,YLDs (Years Lived with Disability),4844,Bihar,1,Male,15,50-54 years,500,Atrial fibrillation and flutter,91,Lead exposure,3,Rate,2016,1.241687704,4.232214976,-0.128747485
1,All Population,3,YLDs (Years Lived with Disability),4844,Bihar,2,Female,15,50-54 years,500,Atrial fibrillation and flutter,91,Lead exposure,3,Rate,2016,0.914747425,2.814784353,-0.138956745
1,All Population,3,YLDs (Years Lived with Disability),4873,Uttar Pradesh,1,Male,15,50-54 years,498,Hypertensive heart disease,91,Lead exposure,3,Rate,2015,1.233834577,3.082173274,0
1,All Population,3,YLDs (Years Lived with Disability),4873,Uttar Pradesh,2,Female,15,50-54 years,498,Hypertensive heart disease,91,Lead exposure,3,Rate,2015,1.628913619,3.7832989,0
1,All Population,3,YLDs (Years Lived with Disability),4861,Manipur,1,Male,15,50-54 years,493,Ischemic heart disease,380,Particulate matter pollution,3,Rate,2016,42.36589024,63.06522395,23.10488671
1,All Population,3,YLDs (Years Lived with Disability),4861,Manipur,2,Female,15,50-54 years,493,Ischemic heart disease,380,Particulate matter pollution,3,Rate,2016,31.65995035,47.46165368,18.4880936
1,All Population,3,YLDs (Years Lived with Disability),4861,Manipur,1,Male,15,50-54 years,494,Stroke,91,Lead exposure,3,Rate,2016,20.32004053,52.26544592,-3.401390133
1,All Population,3,YLDs (Years Lived with Disability),4861,Manipur,2,Female,15,50-54 years,494,Stroke,91,Lead exposure,3,Rate,2016,12.88137368,33.91535988,-2.029036568
1,All Population,3,YLDs (Years Lived with Disability),4849,Delhi,1,Male,15,50-54 years,493,Ischemic heart disease,380,Particulate matter pollution,3,Rate,2015,68.1624241,107.4059234,38.81420292
1,All Population,3,YLDs (Years Lived with Disability),4849,Delhi,2,Female,15,50-54 years,493,Ischemic heart disease,380,Particulate matter pollution,3,Rate,2015,44.78764044,67.4734734,25.43453483
1,All Population,3,YLDs (Years Lived with Disability),4849,Delhi,1,Male,15,50-54 years,494,Stroke,91,Lead exposure,3,Rate,2015,9.91377071,26.79808028,-1.162332864
1,All Population,3,YLDs (Years Lived with Disability),4849,Delhi,2,Female,15,50-54 years,494,Stroke,91,Lead exposure,3,Rate,2015,9.104349342,24.44247875,-1.014703502
1,All Population,3,YLDs (Years Lived with Disability),4855,Jharkhand,1,Male,15,50-54 years,493,Ischemic heart disease,91,Lead exposure,3,Rate,2016,34.41068727,50.16368206,21.41580199
1,All Population,3,YLDs (Years Lived with Disability),4855,Jharkhand,2,Female,15,50-54 years,493,Ischemic heart disease,91,Lead exposure,3,Rate,2016,26.31613035,39.15230741,14.66800566
1,All Population,3,YLDs (Years Lived with Disability),4870,Tamil Nadu,1,Male,15,50-54 years,494,Stroke,380,Particulate matter pollution,3,Rate,2016,62.53287116,96.10878216,32.26291156
1,All Population,3,YLDs (Years Lived with Disability),4870,Tamil Nadu,2,Female,15,50-54 years,494,Stroke,380,Particulate matter pollution,3,Rate,2016,56.59657806,86.82388707,29.69221342
1,All Population,3,YLDs (Years Lived with Disability),4865,Odisha,1,Male,15,50-54 years,493,Ischemic heart disease,91,Lead exposure,3,Rate,2016,36.91890864,53.59381592,22.26457035
1,All Population,3,YLDs (Years Lived with Disability),4865,Odisha,2,Female,15,50-54 years,493,Ischemic heart disease,91,Lead exposure,3,Rate,2016,22.17368432,32.49548896,12.10242139
1,All Population,3,YLDs (Years Lived with Disability),4868,Rajasthan,1,Male,15,50-54 years,502,Lower extremity peripheral arterial disease,91,Lead exposure,3,Rate,2016,0.006005001,0.01978258,-0.000665224
1,All Population,3,YLDs (Years Lived with Disability),4868,Rajasthan,2,Female,15,50-54 years,502,Lower extremity peripheral arterial disease,91,Lead exposure,3,Rate,2016,0.006432439,0.020030942,-0.000894952
1,All Population,3,YLDs (Years Lived with Disability),4870,Tamil Nadu,1,Male,15,50-54 years,494,Stroke,380,Particulate matter pollution,3,Rate,2015,63.12704633,97.06718482,33.88871242
1,All Population,3,YLDs (Years Lived with Disability),4870,Tamil Nadu,2,Female,15,50-54 years,494,Stroke,380,Particulate matter pollution,3,Rate,2015,57.1528682,88.2600632,31.19212087
1,All Population,3,YLDs (Years Lived with Disability),4855,Jharkhand,1,Male,15,50-54 years,500,Atrial fibrillation and flutter,91,Lead exposure,3,Rate,2015,1.152635334,3.711911357,-0.157423396
1,All Population,3,YLDs (Years Lived with Disability),4855,Jharkhand,2,Female,15,50-54 years,500,Atrial fibrillation and flutter,91,Lead exposure,3,Rate,2015,0.826042437,2.678369678,-0.123153796
1,All Population,3,YLDs (Years Lived with Disability),4869,Sikkim,1,Male,15,50-54 years,498,Hypertensive heart disease,91,Lead exposure,3,Rate,2015,0.787108964,1.975285403,0
1,All Population,3,YLDs (Years Lived with Disability),4869,Sikkim,2,Female,15,50-54 years,498,Hypertensive heart disease,91,Lead exposure,3,Rate,2015,0.93250895,2.394646763,0
1,All Population,3,YLDs (Years Lived with Disability),4871,Telangana,1,Male,15,50-54 years,502,Lower extremity peripheral arterial disease,91,Lead exposure,3,Rate,2016,0.010222008,0.034701482,-0.00106075
1,All Population,3,YLDs (Years Lived with Disability),4871,Telangana,2,Female,15,50-54 years,502,Lower extremity peripheral arterial disease,91,Lead exposure,3,Rate,2016,0.011689877,0.041350755,-0.001392468
1,All Population,3,YLDs (Years Lived with Disability),4874,Uttarakhand,1,Male,15,50-54 years,500,Atrial fibrillation and flutter,91,Lead exposure,3,Rate,2015,1.154621029,3.56570102,-0.115246252
1,All Population,3,YLDs (Years Lived with Disability),4874,Uttarakhand,2,Female,15,50-54 years,500,Atrial fibrillation and flutter,91,Lead exposure,3,Rate,2015,0.836048117,2.620995777,-0.098352243
1,All Population,3,YLDs (Years Lived with Disability),4841,Andhra Pradesh,1,Male,15,50-54 years,494,Stroke,380,Particulate matter pollution,3,Rate,2016,62.91146756,99.02082138,34.33103718
1,All Population,3,YLDs (Years Lived with Disability),4841,Andhra Pradesh,2,Female,15,50-54 years,494,Stroke,380,Particulate matter pollution,3,Rate,2016,57.25332677,87.25894866,32.05426435
1,All Population,3,YLDs (Years Lived with Disability),4852,Haryana,1,Male,15,50-54 years,493,Ischemic heart disease,380,Particulate matter pollution,3,Rate,2015,75.89463242,113.9542428,44.14544223
1,All Population,3,YLDs (Years Lived with Disability),4852,Haryana,2,Female,15,50-54 years,493,Ischemic heart disease,380,Particulate matter pollution,3,Rate,2015,42.73886155,65.37969449,24.06944385
1,All Population,3,YLDs (Years Lived with Disability),4855,Jharkhand,1,Male,15,50-54 years,494,Stroke,91,Lead exposure,3,Rate,2016,15.07575794,36.87026788,-2.185112706
1,All Population,3,YLDs (Years Lived with Disability),4855,Jharkhand,2,Female,15,50-54 years,494,Stroke,91,Lead exposure,3,Rate,2016,14.96103973,38.13241989,-2.023641383
1,All Population,3,YLDs (Years Lived with Disability),4869,Sikkim,1,Male,15,50-54 years,494,Stroke,380,Particulate matter pollution,3,Rate,2017,74.98348971,118.3789149,43.50669014
1,All Population,3,YLDs (Years Lived with Disability),4869,Sikkim,2,Female,15,50-54 years,494,Stroke,380,Particulate matter pollution,3,Rate,2017,66.57446777,103.1256089,36.76589414
1,All Population,3,YLDs (Years Lived with Disability),4875,West Bengal,1,Male,15,50-54 years,494,Stroke,380,Particulate matter pollution,3,Rate,2016,134.3703296,198.2765868,78.38333154
1,All Population,3,YLDs (Years Lived with Disability),4875,West Bengal,2,Female,15,50-54 years,494,Stroke,380,Particulate matter pollution,3,Rate,2016,126.9502556,193.2622517,74.11175693
1,All Population,3,YLDs (Years Lived with Disability),4849,Delhi,1,Male,15,50-54 years,494,Stroke,380,Particulate matter pollution,3,Rate,2016,74.61911637,120.1075839,41.7124791
1,All Population,3,YLDs (Years Lived with Disability),4849,Delhi,2,Female,15,50-54 years,494,Stroke,380,Particulate matter pollution,3,Rate,2016,83.52980351,125.8784564,43.3147977
1,All Population,3,YLDs (Years Lived with Disability),4849,Delhi,1,Male,15,50-54 years,498,Hypertensive heart disease,91,Lead exposure,3,Rate,2016,0.542220269,1.45714658,0
1,All Population,3,YLDs (Years Lived with Disability),4849,Delhi,2,Female,15,50-54 years,498,Hypertensive heart disease,91,Lead exposure,3,Rate,2016,0.743530847,2.289795263,0
1,All Population,3,YLDs (Years Lived with Disability),4851,Gujarat,1,Male,15,50-54 years,493,Ischemic heart disease,380,Particulate matter pollution,3,Rate,2016,67.10367225,99.78351661,38.67555603
1,All Population,3,YLDs (Years Lived with Disability),4851,Gujarat,2,Female,15,50-54 years,493,Ischemic heart disease,380,Particulate matter pollution,3,Rate,2016,38.62164234,58.15108032,22.48934139
1,All Population,3,YLDs (Years Lived with Disability),4851,Gujarat,1,Male,15,50-54 years,494,Stroke,91,Lead exposure,3,Rate,2016,20.62907472,55.20521095,-3.539710671
1,All Population,3,YLDs (Years Lived with Disability),4851,Gujarat,2,Female,15,50-54 years,494,Stroke,91,Lead exposure,3,Rate,2016,16.9572283,42.52168599,-2.602622886
1,All Population,3,YLDs (Years Lived with Disability),4864,Nagaland,1,Male,15,50-54 years,494,Stroke,380,Particulate matter pollution,3,Rate,2013,113.5303665,182.6241251,63.98252114
1,All Population,3,YLDs (Years Lived with Disability),4864,Nagaland,2,Female,15,50-54 years,494,Stroke,380,Particulate matter pollution,3,Rate,2013,79.8150908,120.3615479,48.60087497
1,All Population,3,YLDs (Years Lived with Disability),4864,Nagaland,1,Male,15,50-54 years,498,Hypertensive heart disease,91,Lead exposure,3,Rate,2013,0.991649074,2.684386893,0
1,All Population,3,YLDs (Years Lived with Disability),4864,Nagaland,2,Female,15,50-54 years,498,Hypertensive heart disease,91,Lead exposure,3,Rate,2013,1.252932463,3.326995489,0
1,All Population,3,YLDs (Years Lived with Disability),4872,Tripura,1,Male,15,50-54 years,494,Stroke,380,Particulate matter pollution,3,Rate,2016,135.5931362,205.9283785,79.41548727
1,All Population,3,YLDs (Years Lived with Disability),4872,Tripura,2,Female,15,50-54 years,494,Stroke,380,Particulate matter pollution,3,Rate,2016,100.2327888,145.8631598,58.7138219
1,All Population,3,YLDs (Years Lived with Disability),4854,Jammu & Kashmir and Ladakh,1,Male,15,50-54 years,500,Atrial fibrillation and flutter,91,Lead exposure,3,Rate,2013,0.890611818,2.73020615,-0.131390066
1,All Population,3,YLDs (Years Lived with Disability),4854,Jammu & Kashmir and Ladakh,2,Female,15,50-54 years,500,Atrial fibrillation and flutter,91,Lead exposure,3,Rate,2013,0.677961737,1.933980958,-0.091797337
1,All Population,3,YLDs (Years Lived with Disability),4853,Himachal Pradesh,1,Male,15,50-54 years,502,Lower extremity peripheral arterial disease,91,Lead exposure,3,Rate,2016,0.009079384,0.028078557,-0.001366053
1,All Population,3,YLDs (Years Lived with Disability),4853,Himachal Pradesh,2,Female,15,50-54 years,502,Lower extremity peripheral arterial disease,91,Lead exposure,3,Rate,2016,0.011139209,0.035852205,-0.001671132
1,All Population,3,YLDs (Years Lived with Disability),4857,Kerala,1,Male,15,50-54 years,500,Atrial fibrillation and flutter,91,Lead exposure,3,Rate,2016,1.139257434,3.537844279,-0.166476282
1,All Population,3,YLDs (Years Lived with Disability),4857,Kerala,2,Female,15,50-54 years,500,Atrial fibrillation and flutter,91,Lead exposure,3,Rate,2016,0.84899798,2.739428059,-0.120410609
1,All Population,3,YLDs (Years Lived with Disability),4850,Goa,1,Male,15,50-54 years,493,Ischemic heart disease,380,Particulate matter pollution,3,Rate,2016,47.38893161,74.68686719,25.42149178
1,All Population,3,YLDs (Years Lived with Disability),4850,Goa,2,Female,15,50-54 years,493,Ischemic heart disease,380,Particulate matter pollution,3,Rate,2016,30.99399224,48.35937174,17.50979985
1,All Population,3,YLDs (Years Lived with Disability),4857,Kerala,1,Male,15,50-54 years,500,Atrial fibrillation and flutter,91,Lead exposure,3,Rate,2015,1.160644638,3.869914603,-0.15899826
1,All Population,3,YLDs (Years Lived with Disability),4857,Kerala,2,Female,15,50-54 years,500,Atrial fibrillation and flutter,91,Lead exposure,3,Rate,2015,0.859259924,2.548676805,-0.126030442
1,All Population,3,YLDs (Years Lived with Disability),4862,Meghalaya,1,Male,15,50-54 years,498,Hypertensive heart disease,91,Lead exposure,3,Rate,2015,1.245661721,2.999184362,0
1,All Population,3,YLDs (Years Lived with Disability),4862,Meghalaya,2,Female,15,50-54 years,498,Hypertensive heart disease,91,Lead exposure,3,Rate,2015,1.647416392,3.968920591,0
1,All Population,3,YLDs (Years Lived with Disability),4844,Bihar,1,Male,15,50-54 years,498,Hypertensive heart disease,91,Lead exposure,3,Rate,2015,1.161710806,2.960514509,0
1,All Population,3,YLDs (Years Lived with Disability),4844,Bihar,2,Female,15,50-54 years,498,Hypertensive heart disease,91,Lead exposure,3,Rate,2015,1.582488331,3.759052756,0
1,All Population,3,YLDs (Years Lived with Disability),4843,Assam,1,Male,15,50-54 years,494,Stroke,380,Particulate matter pollution,3,Rate,2016,124.1882416,187.3963487,68.97543854
1,All Population,3,YLDs (Years Lived with Disability),4843,Assam,2,Female,15,50-54 years,494,Stroke,380,Particulate matter pollution,3,Rate,2016,90.28346082,137.3395728,53.23641985
1,All Population,3,YLDs (Years Lived with Disability),4842,Arunachal Pradesh,1,Male,15,50-54 years,498,Hypertensive heart disease,91,Lead exposure,3,Rate,2015,1.019127115,2.557523746,0
1,All Population,3,YLDs (Years Lived with Disability),4842,Arunachal Pradesh,2,Female,15,50-54 years,498,Hypertensive heart disease,91,Lead exposure,3,Rate,2015,1.573124482,3.871722409,0
1,All Population,3,YLDs (Years Lived with Disability),4875,West Bengal,1,Male,15,50-54 years,498,Hypertensive heart disease,91,Lead exposure,3,Rate,2015,0.70258544,1.745926143,0
1,All Population,3,YLDs (Years Lived with Disability),4875,West Bengal,2,Female,15,50-54 years,498,Hypertensive heart disease,91,Lead exposure,3,Rate,2015,1.070096179,2.64886368,0
1,All Population,3,YLDs (Years Lived with Disability),4865,Odisha,1,Male,15,50-54 years,493,Ischemic heart disease,91,Lead exposure,3,Rate,2017,35.60982904,51.80236832,21.31848517
1,All Population,3,YLDs (Years Lived with Disability),4865,Odisha,2,Female,15,50-54 years,493,Ischemic heart disease,91,Lead exposure,3,Rate,2017,21.30760768,31.45123508,12.62475649
1,All Population,3,YLDs (Years Lived with Disability),4853,Himachal Pradesh,1,Male,15,50-54 years,502,Lower extremity peripheral arterial disease,91,Lead exposure,3,Rate,2015,0.009294431,0.030915347,-0.00130844
1,All Population,3,YLDs (Years Lived with Disability),4853,Himachal Pradesh,2,Female,15,50-54 years,502,Lower extremity peripheral arterial disease,91,Lead exposure,3,Rate,2015,0.011075256,0.032894855,-0.001621998
1,All Population,3,YLDs (Years Lived with Disability),4865,Odisha,1,Male,15,50-54 years,494,Stroke,91,Lead exposure,3,Rate,2015,17.80798058,46.75125746,-2.894648577
1,All Population,3,YLDs (Years Lived with Disability),4865,Odisha,2,Female,15,50-54 years,494,Stroke,91,Lead exposure,3,Rate,2015,13.23581546,37.53358234,-1.883190381
1,All Population,3,YLDs (Years Lived with Disability),4846,Chhattisgarh,1,Male,15,50-54 years,502,Lower extremity peripheral arterial disease,91,Lead exposure,3,Rate,2016,0.009966283,0.037142424,-0.001021959
1,All Population,3,YLDs (Years Lived with Disability),4846,Chhattisgarh,2,Female,15,50-54 years,502,Lower extremity peripheral arterial disease,91,Lead exposure,3,Rate,2016,0.011671487,0.039920136,-0.001336508
1,All Population,3,YLDs (Years Lived with Disability),4871,Telangana,1,Male,15,50-54 years,493,Ischemic heart disease,91,Lead exposure,3,Rate,2016,62.45180108,93.2298131,37.18122907
1,All Population,3,YLDs (Years Lived with Disability),4871,Telangana,2,Female,15,50-54 years,493,Ischemic heart disease,91,Lead exposure,3,Rate,2016,34.82940319,50.56963816,20.39008508
1,All Population,3,YLDs (Years Lived with Disability),4873,Uttar Pradesh,1,Male,15,50-54 years,493,Ischemic heart disease,91,Lead exposure,3,Rate,2016,58.51080439,86.24459192,35.36626403
1,All Population,3,YLDs (Years Lived with Disability),4873,Uttar Pradesh,2,Female,15,50-54 years,493,Ischemic heart disease,91,Lead exposure,3,Rate,2016,40.13883106,58.22827706,23.77671407
1,All Population,3,YLDs (Years Lived with Disability),4875,West Bengal,1,Male,15,50-54 years,493,Ischemic heart disease,91,Lead exposure,3,Rate,2017,47.88517897,69.55214807,29.19247374
1,All Population,3,YLDs (Years Lived with Disability),4875,West Bengal,2,Female,15,50-54 years,493,Ischemic heart disease,91,Lead exposure,3,Rate,2017,32.83645816,48.12140426,20.4637599
1,All Population,3,YLDs (Years Lived with Disability),44538,Other Union Territories,1,Male,15,50-54 years,494,Stroke,380,Particulate matter pollution,3,Rate,2016,48.54174781,75.71101431,26.86499914
1,All Population,3,YLDs (Years Lived with Disability),44538,Other Union Territories,2,Female,15,50-54 years,494,Stroke,380,Particulate matter pollution,3,Rate,2016,49.02237253,79.11197612,27.29771641
1,All Population,3,YLDs (Years Lived with Disability),4873,Uttar Pradesh,1,Male,15,50-54 years,493,Ischemic heart disease,380,Particulate matter pollution,3,Rate,2016,69.68812637,104.3895581,40.35918346
1,All Population,3,YLDs (Years Lived with Disability),4873,Uttar Pradesh,2,Female,15,50-54 years,493,Ischemic heart disease,380,Particulate matter pollution,3,Rate,2016,50.73612147,76.52439191,29.91459243
1,All Population,3,YLDs (Years Lived with Disability),44538,Other Union Territories,1,Male,15,50-54 years,502,Lower extremity peripheral arterial disease,91,Lead exposure,3,Rate,2015,0.010053608,0.033084515,-0.001346596
1,All Population,3,YLDs (Years Lived with Disability),44538,Other Union Territories,2,Female,15,50-54 years,502,Lower extremity peripheral arterial disease,91,Lead exposure,3,Rate,2015,0.01285054,0.039056506,-0.001742667
1,All Population,3,YLDs (Years Lived with Disability),4862,Meghalaya,1,Male,15,50-54 years,493,Ischemic heart disease,380,Particulate matter pollution,3,Rate,2016,42.36160808,66.08377867,23.91061917
1,All Population,3,YLDs (Years Lived with Disability),4862,Meghalaya,2,Female,15,50-54 years,493,Ischemic heart disease,380,Particulate matter pollution,3,Rate,2016,28.7312743,43.58706603,17.60908029
1,All Population,3,YLDs (Years Lived with Disability),4862,Meghalaya,1,Male,15,50-54 years,494,Stroke,91,Lead exposure,3,Rate,2016,16.60874261,43.73586335,-2.745209503
1,All Population,3,YLDs (Years Lived with Disability),4862,Meghalaya,2,Female,15,50-54 years,494,Stroke,91,Lead exposure,3,Rate,2016,11.74493977,31.78439067,-1.504258977
1,All Population,3,YLDs (Years Lived with Disability),4867,Punjab,1,Male,15,50-54 years,498,Hypertensive heart disease,91,Lead exposure,3,Rate,2013,0.427524492,1.084313373,0
1,All Population,3,YLDs (Years Lived with Disability),4867,Punjab,2,Female,15,50-54 years,498,Hypertensive heart disease,91,Lead exposure,3,Rate,2013,0.610008554,1.567363022,0
1,All Population,3,YLDs (Years Lived with Disability),4855,Jharkhand,1,Male,15,50-54 years,494,Stroke,380,Particulate matter pollution,3,Rate,2016,86.73903169,132.7058362,49.27038074
1,All Population,3,YLDs (Years Lived with Disability),4855,Jharkhand,2,Female,15,50-54 years,494,Stroke,380,Particulate matter pollution,3,Rate,2016,102.0237787,159.5105219,56.11769594
1,All Population,3,YLDs (Years Lived with Disability),4855,Jharkhand,1,Male,15,50-54 years,494,Stroke,380,Particulate matter pollution,3,Rate,2017,85.60846197,133.5939842,46.29408154
1,All Population,3,YLDs (Years Lived with Disability),4855,Jharkhand,2,Female,15,50-54 years,494,Stroke,380,Particulate matter pollution,3,Rate,2017,101.6667694,156.2531682,57.01902537
1,All Population,3,YLDs (Years Lived with Disability),4863,Mizoram,1,Male,15,50-54 years,493,Ischemic heart disease,91,Lead exposure,3,Rate,2017,30.170721,44.77947138,18.00135767
1,All Population,3,YLDs (Years Lived with Disability),4863,Mizoram,2,Female,15,50-54 years,493,Ischemic heart disease,91,Lead exposure,3,Rate,2017,16.98930407,24.39368213,9.627799536
1,All Population,3,YLDs (Years Lived with Disability),4868,Rajasthan,1,Male,15,50-54 years,502,Lower extremity peripheral arterial disease,91,Lead exposure,3,Rate,2017,0.005959883,0.021509293,-0.000664514
1,All Population,3,YLDs (Years Lived with Disability),4868,Rajasthan,2,Female,15,50-54 years,502,Lower extremity peripheral arterial disease,91,Lead exposure,3,Rate,2017,0.006378247,0.021492847,-0.000810478
1,All Population,3,YLDs (Years Lived with Disability),4870,Tamil Nadu,1,Male,15,50-54 years,494,Stroke,380,Particulate matter pollution,3,Rate,2017,61.82982498,98.85533367,33.010785
1,All Population,3,YLDs (Years Lived with Disability),4870,Tamil Nadu,2,Female,15,50-54 years,494,Stroke,380,Particulate matter pollution,3,Rate,2017,55.5180489,84.15433018,30.25934726
1,All Population,3,YLDs (Years Lived with Disability),4859,Madhya Pradesh,1,Male,15,50-54 years,498,Hypertensive heart disease,91,Lead exposure,3,Rate,2016,0.661026982,1.604379781,0
1,All Population,3,YLDs (Years Lived with Disability),4859,Madhya Pradesh,2,Female,15,50-54 years,498,Hypertensive heart disease,91,Lead exposure,3,Rate,2016,1.390770902,3.272346176,0
1,All Population,3,YLDs (Years Lived with Disability),4860,Maharashtra,1,Male,15,50-54 years,493,Ischemic heart disease,380,Particulate matter pollution,3,Rate,2015,52.33767871,79.00817235,30.30459608
1,All Population,3,YLDs (Years Lived with Disability),4860,Maharashtra,2,Female,15,50-54 years,493,Ischemic heart disease,380,Particulate matter pollution,3,Rate,2015,33.2986182,50.02387118,19.5361366
1,All Population,3,YLDs (Years Lived with Disability),4860,Maharashtra,1,Male,15,50-54 years,494,Stroke,91,Lead exposure,3,Rate,2015,16.71621435,44.01361187,-2.498288564
1,All Population,3,YLDs (Years Lived with Disability),4860,Maharashtra,2,Female,15,50-54 years,494,Stroke,91,Lead exposure,3,Rate,2015,11.76986226,32.3851644,-1.891176032
1,All Population,3,YLDs (Years Lived with Disability),4855,Jharkhand,1,Male,15,50-54 years,494,Stroke,91,Lead exposure,3,Rate,2015,15.104878,38.52621485,-2.565829451
1,All Population,3,YLDs (Years Lived with Disability),4855,Jharkhand,2,Female,15,50-54 years,494,Stroke,91,Lead exposure,3,Rate,2015,15.05006086,38.26420812,-2.066823128
1,All Population,3,YLDs (Years Lived with Disability),4868,Rajasthan,1,Male,15,50-54 years,494,Stroke,380,Particulate matter pollution,3,Rate,2016,79.62008861,118.7548916,47.31837691
1,All Population,3,YLDs (Years Lived with Disability),4868,Rajasthan,2,Female,15,50-54 years,494,Stroke,380,Particulate matter pollution,3,Rate,2016,73.66791964,109.6644798,43.95296912
1,All Population,3,YLDs (Years Lived with Disability),4860,Maharashtra,1,Male,15,50-54 years,493,Ischemic heart disease,380,Particulate matter pollution,3,Rate,2016,50.03300561,75.56308022,28.83741307
1,All Population,3,YLDs (Years Lived with Disability),4860,Maharashtra,2,Female,15,50-54 years,493,Ischemic heart disease,380,Particulate matter pollution,3,Rate,2016,31.91911979,47.22270582,17.77385341
1,All Population,3,YLDs (Years Lived with Disability),4860,Maharashtra,1,Male,15,50-54 years,494,Stroke,91,Lead exposure,3,Rate,2016,16.57434301,45.57506526,-2.763685642
1,All Population,3,YLDs (Years Lived with Disability),4860,Maharashtra,2,Female,15,50-54 years,494,Stroke,91,Lead exposure,3,Rate,2016,11.78418846,30.74911166,-1.94381651
1,All Population,3,YLDs (Years Lived with Disability),4860,Maharashtra,1,Male,15,50-54 years,498,Hypertensive heart disease,91,Lead exposure,3,Rate,2016,0.633903963,1.65334877,0
1,All Population,3,YLDs (Years Lived with Disability),4860,Maharashtra,2,Female,15,50-54 years,498,Hypertensive heart disease,91,Lead exposure,3,Rate,2016,1.286531881,3.083311732,0
1,All Population,3,YLDs (Years Lived with Disability),4873,Uttar Pradesh,1,Male,15,50-54 years,493,Ischemic heart disease,380,Particulate matter pollution,3,Rate,2015,72.02369562,106.2107805,42.44593087
1,All Population,3,YLDs (Years Lived with Disability),4873,Uttar Pradesh,2,Female,15,50-54 years,493,Ischemic heart disease,380,Particulate matter pollution,3,Rate,2015,51.72218262,77.15123782,29.06199194
1,All Population,3,YLDs (Years Lived with Disability),44538,Other Union Territories,1,Male,15,50-54 years,494,Stroke,380,Particulate matter pollution,3,Rate,2017,48.18396603,76.25804045,26.1949222
1,All Population,3,YLDs (Years Lived with Disability),44538,Other Union Territories,2,Female,15,50-54 years,494,Stroke,380,Particulate matter pollution,3,Rate,2017,47.95968625,76.90413652,26.33046837
1,All Population,3,YLDs (Years Lived with Disability),4867,Punjab,1,Male,15,50-54 years,500,Atrial fibrillation and flutter,91,Lead exposure,3,Rate,2015,0.923900953,3.089497413,-0.121856315
1,All Population,3,YLDs (Years Lived with Disability),4867,Punjab,2,Female,15,50-54 years,500,Atrial fibrillation and flutter,91,Lead exposure,3,Rate,2015,0.715674065,2.173872053,-0.088499133
1,All Population,3,YLDs (Years Lived with Disability),4852,Haryana,1,Male,15,50-54 years,493,Ischemic heart disease,91,Lead exposure,3,Rate,2017,54.575693,82.06960849,33.05354922
1,All Population,3,YLDs (Years Lived with Disability),4852,Haryana,2,Female,15,50-54 years,493,Ischemic heart disease,91,Lead exposure,3,Rate,2017,28.56086165,42.30157158,16.73498554
1,All Population,3,YLDs (Years Lived with Disability),4865,Odisha,1,Male,15,50-54 years,493,Ischemic heart disease,380,Particulate matter pollution,3,Rate,2015,46.56116052,67.58115902,27.88135686
1,All Population,3,YLDs (Years Lived with Disability),4865,Odisha,2,Female,15,50-54 years,493,Ischemic heart disease,380,Particulate matter pollution,3,Rate,2015,30.86861391,47.04632347,17.03367262
1,All Population,3,YLDs (Years Lived with Disability),4868,Rajasthan,1,Male,15,50-54 years,493,Ischemic heart disease,91,Lead exposure,3,Rate,2017,44.06580717,66.30913833,25.49599337
1,All Population,3,YLDs (Years Lived with Disability),4868,Rajasthan,2,Female,15,50-54 years,493,Ischemic heart disease,91,Lead exposure,3,Rate,2017,19.57079578,28.45639968,11.64486863
1,All Population,3,YLDs (Years Lived with Disability),44538,Other Union Territories,1,Male,15,50-54 years,493,Ischemic heart disease,380,Particulate matter pollution,3,Rate,2016,47.22629167,72.66169022,27.23073213
1,All Population,3,YLDs (Years Lived with Disability),44538,Other Union Territories,2,Female,15,50-54 years,493,Ischemic heart disease,380,Particulate matter pollution,3,Rate,2016,29.37904704,44.45341141,16.73759127
1,All Population,3,YLDs (Years Lived with Disability),4854,Jammu & Kashmir and Ladakh,1,Male,15,50-54 years,493,Ischemic heart disease,91,Lead exposure,3,Rate,2017,47.25813802,70.06993906,28.75026054
1,All Population,3,YLDs (Years Lived with Disability),4854,Jammu & Kashmir and Ladakh,2,Female,15,50-54 years,493,Ischemic heart disease,91,Lead exposure,3,Rate,2017,31.32576921,45.91069302,18.8361592
1,All Population,3,YLDs (Years Lived with Disability),4851,Gujarat,1,Male,15,50-54 years,500,Atrial fibrillation and flutter,91,Lead exposure,3,Rate,2016,1.275652496,3.967575074,-0.13304771
1,All Population,3,YLDs (Years Lived with Disability),4851,Gujarat,2,Female,15,50-54 years,500,Atrial fibrillation and flutter,91,Lead exposure,3,Rate,2016,1.005548904,3.11503553,-0.124066496
1,All Population,3,YLDs (Years Lived with Disability),4855,Jharkhand,1,Male,15,50-54 years,493,Ischemic heart disease,380,Particulate matter pollution,3,Rate,2017,39.24143698,59.13191779,23.11779003
1,All Population,3,YLDs (Years Lived with Disability),4855,Jharkhand,2,Female,15,50-54 years,493,Ischemic heart disease,380,Particulate matter pollution,3,Rate,2017,34.06381406,50.21230627,19.0826423
1,All Population,3,YLDs (Years Lived with Disability),4864,Nagaland,1,Male,15,50-54 years,502,Lower extremity peripheral arterial disease,91,Lead exposure,3,Rate,2016,0.007859556,0.027750553,-0.000981077
1,All Population,3,YLDs (Years Lived with Disability),4864,Nagaland,2,Female,15,50-54 years,502,Lower extremity peripheral arterial disease,91,Lead exposure,3,Rate,2016,0.009171309,0.031191149,-0.001155388
1,All Population,3,YLDs (Years Lived with Disability),4875,West Bengal,1,Male,15,50-54 years,502,Lower extremity peripheral arterial disease,91,Lead exposure,3,Rate,2016,0.009263673,0.029755916,-0.000964157
1,All Population,3,YLDs (Years Lived with Disability),4875,West Bengal,2,Female,15,50-54 years,502,Lower extremity peripheral arterial disease,91,Lead exposure,3,Rate,2016,0.011583856,0.03757101,-0.001330905
1,All Population,3,YLDs (Years Lived with Disability),4851,Gujarat,1,Male,15,50-54 years,498,Hypertensive heart disease,91,Lead exposure,3,Rate,2016,0.741749879,1.903553714,0
1,All Population,3,YLDs (Years Lived with Disability),4851,Gujarat,2,Female,15,50-54 years,498,Hypertensive heart disease,91,Lead exposure,3,Rate,2016,1.417348817,3.276678952,0
1,All Population,3,YLDs (Years Lived with Disability),4849,Delhi,1,Male,15,50-54 years,500,Atrial fibrillation and flutter,91,Lead exposure,3,Rate,2016,0.805417332,2.40051856,-0.106400044
1,All Population,3,YLDs (Years Lived with Disability),4849,Delhi,2,Female,15,50-54 years,500,Atrial fibrillation and flutter,91,Lead exposure,3,Rate,2016,0.589735114,1.826839952,-0.07758834
1,All Population,3,YLDs (Years Lived with Disability),4849,Delhi,1,Male,15,50-54 years,502,Lower extremity peripheral arterial disease,91,Lead exposure,3,Rate,2016,0.006960288,0.022346703,-0.000806175
1,All Population,3,YLDs (Years Lived with Disability),4849,Delhi,2,Female,15,50-54 years,502,Lower extremity peripheral arterial disease,91,Lead exposure,3,Rate,2016,0.008199451,0.024779497,-0.000769361
1,All Population,3,YLDs (Years Lived with Disability),4846,Chhattisgarh,1,Male,15,50-54 years,494,Stroke,380,Particulate matter pollution,3,Rate,2016,122.9902336,186.0452631,71.50619154
1,All Population,3,YLDs (Years Lived with Disability),4846,Chhattisgarh,2,Female,15,50-54 years,494,Stroke,380,Particulate matter pollution,3,Rate,2016,95.99482794,144.5403832,55.06804663
1,All Population,3,YLDs (Years Lived with Disability),4853,Himachal Pradesh,1,Male,15,50-54 years,494,Stroke,91,Lead exposure,3,Rate,2016,12.96101177,35.20672379,-2.488968581
1,All Population,3,YLDs (Years Lived with Disability),4853,Himachal Pradesh,2,Female,15,50-54 years,494,Stroke,91,Lead exposure,3,Rate,2016,9.682097424,27.57384273,-1.65845384
1,All Population,3,YLDs (Years Lived with Disability),4870,Tamil Nadu,1,Male,15,50-54 years,493,Ischemic heart disease,91,Lead exposure,3,Rate,2017,69.36667249,102.9427605,42.3090434
1,All Population,3,YLDs (Years Lived with Disability),4870,Tamil Nadu,2,Female,15,50-54 years,493,Ischemic heart disease,91,Lead exposure,3,Rate,2017,35.07864242,51.83879635,21.13402137
1,All Population,3,YLDs (Years Lived with Disability),4857,Kerala,1,Male,15,50-54 years,502,Lower extremity peripheral arterial disease,91,Lead exposure,3,Rate,2015,0.008946893,0.032785858,-0.000893427
1,All Population,3,YLDs (Years Lived with Disability),4857,Kerala,2,Female,15,50-54 years,502,Lower extremity peripheral arterial disease,91,Lead exposure,3,Rate,2015,0.010832565,0.034633703,-0.001408493
1,All Population,3,YLDs (Years Lived with Disability),4875,West Bengal,1,Male,15,50-54 years,500,Atrial fibrillation and flutter,91,Lead exposure,3,Rate,2016,1.066523494,3.237654551,-0.149808555
1,All Population,3,YLDs (Years Lived with Disability),4875,West Bengal,2,Female,15,50-54 years,500,Atrial fibrillation and flutter,91,Lead exposure,3,Rate,2016,0.830205676,2.738639125,-0.134415391
1,All Population,3,YLDs (Years Lived with Disability),4857,Kerala,1,Male,15,50-54 years,498,Hypertensive heart disease,91,Lead exposure,3,Rate,2017,0.554039625,1.482274932,0
1,All Population,3,YLDs (Years Lived with Disability),4857,Kerala,2,Female,15,50-54 years,498,Hypertensive heart disease,91,Lead exposure,3,Rate,2017,1.263248417,3.161515803,0
1,All Population,3,YLDs (Years Lived with Disability),4849,Delhi,1,Male,15,50-54 years,493,Ischemic heart disease,91,Lead exposure,3,Rate,2017,42.67428404,64.35725808,24.83992532
1,All Population,3,YLDs (Years Lived with Disability),4849,Delhi,2,Female,15,50-54 years,493,Ischemic heart disease,91,Lead exposure,3,Rate,2017,24.42048397,35.82164446,14.4065843
1,All Population,3,YLDs (Years Lived with Disability),4859,Madhya Pradesh,1,Male,15,50-54 years,493,Ischemic heart disease,91,Lead exposure,3,Rate,2016,54.88150963,82.08614608,32.4479705
1,All Population,3,YLDs (Years Lived with Disability),4859,Madhya Pradesh,2,Female,15,50-54 years,493,Ischemic heart disease,91,Lead exposure,3,Rate,2016,28.36056673,41.27621556,16.22333533
1,All Population,3,YLDs (Years Lived with Disability),4853,Himachal Pradesh,1,Male,15,50-54 years,494,Stroke,380,Particulate matter pollution,3,Rate,2016,67.31468966,105.8917491,38.0946813
1,All Population,3,YLDs (Years Lived with Disability),4853,Himachal Pradesh,2,Female,15,50-54 years,494,Stroke,380,Particulate matter pollution,3,Rate,2016,60.14898463,94.80798024,33.52457787
1,All Population,3,YLDs (Years Lived with Disability),4853,Himachal Pradesh,1,Male,15,50-54 years,498,Hypertensive heart disease,91,Lead exposure,3,Rate,2016,0.684501799,1.775279831,0
1,All Population,3,YLDs (Years Lived with Disability),4853,Himachal Pradesh,2,Female,15,50-54 years,498,Hypertensive heart disease,91,Lead exposure,3,Rate,2016,1.119082954,2.825533648,0
1,All Population,3,YLDs (Years Lived with Disability),4859,Madhya Pradesh,1,Male,15,50-54 years,502,Lower extremity peripheral arterial disease,91,Lead exposure,3,Rate,2016,0.010393806,0.033818358,-0.001316175
1,All Population,3,YLDs (Years Lived with Disability),4859,Madhya Pradesh,2,Female,15,50-54 years,502,Lower extremity peripheral arterial disease,91,Lead exposure,3,Rate,2016,0.012314781,0.040717031,-0.00136694
1,All Population,3,YLDs (Years Lived with Disability),4857,Kerala,1,Male,15,50-54 years,502,Lower extremity peripheral arterial disease,91,Lead exposure,3,Rate,2016,0.008745997,0.026069931,-0.000884662
1,All Population,3,YLDs (Years Lived with Disability),4857,Kerala,2,Female,15,50-54 years,502,Lower extremity peripheral arterial disease,91,Lead exposure,3,Rate,2016,0.010750755,0.034496881,-0.001589835
1,All Population,3,YLDs (Years Lived with Disability),4855,Jharkhand,1,Male,15,50-54 years,502,Lower extremity peripheral arterial disease,91,Lead exposure,3,Rate,2017,0.009252438,0.031174659,-0.001164542
1,All Population,3,YLDs (Years Lived with Disability),4855,Jharkhand,2,Female,15,50-54 years,502,Lower extremity peripheral arterial disease,91,Lead exposure,3,Rate,2017,0.011259671,0.038024403,-0.001489264
1,All Population,3,YLDs (Years Lived with Disability),4846,Chhattisgarh,1,Male,15,50-54 years,493,Ischemic heart disease,380,Particulate matter pollution,3,Rate,2016,61.21544429,90.33405378,35.20379248
1,All Population,3,YLDs (Years Lived with Disability),4846,Chhattisgarh,2,Female,15,50-54 years,493,Ischemic heart disease,380,Particulate matter pollution,3,Rate,2016,40.05225614,60.93863761,24.31376091
1,All Population,3,YLDs (Years Lived with Disability),4846,Chhattisgarh,1,Male,15,50-54 years,494,Stroke,91,Lead exposure,3,Rate,2016,19.97262975,51.26830156,-3.238010002
1,All Population,3,YLDs (Years Lived with Disability),4846,Chhattisgarh,2,Female,15,50-54 years,494,Stroke,91,Lead exposure,3,Rate,2016,13.02014802,36.48729217,-1.962232598
1,All Population,3,YLDs (Years Lived with Disability),4850,Goa,1,Male,15,50-54 years,494,Stroke,91,Lead exposure,3,Rate,2016,14.01498933,36.63000577,-2.448742094
1,All Population,3,YLDs (Years Lived with Disability),4850,Goa,2,Female,15,50-54 years,494,Stroke,91,Lead exposure,3,Rate,2016,11.23018174,30.08839813,-1.563521561
1,All Population,3,YLDs (Years Lived with Disability),4861,Manipur,1,Male,15,50-54 years,500,Atrial fibrillation and flutter,91,Lead exposure,3,Rate,2017,1.230905219,3.692550967,-0.232453024
1,All Population,3,YLDs (Years Lived with Disability),4861,Manipur,2,Female,15,50-54 years,500,Atrial fibrillation and flutter,91,Lead exposure,3,Rate,2017,0.88324136,2.658001869,-0.128353355
1,All Population,3,YLDs (Years Lived with Disability),4861,Manipur,1,Male,15,50-54 years,502,Lower extremity peripheral arterial disease,91,Lead exposure,3,Rate,2015,0.012131411,0.039254702,-0.001969082
1,All Population,3,YLDs (Years Lived with Disability),4861,Manipur,2,Female,15,50-54 years,502,Lower extremity peripheral arterial disease,91,Lead exposure,3,Rate,2015,0.015028416,0.048148443,-0.002271212
1,All Population,3,YLDs (Years Lived with Disability),4862,Meghalaya,1,Male,15,50-54 years,498,Hypertensive heart disease,91,Lead exposure,3,Rate,2016,1.203933352,2.901336319,0
1,All Population,3,YLDs (Years Lived with Disability),4862,Meghalaya,2,Female,15,50-54 years,498,Hypertensive heart disease,91,Lead exposure,3,Rate,2016,1.667162219,4.122459574,0
1,All Population,3,YLDs (Years Lived with Disability),4863,Mizoram,1,Male,15,50-54 years,500,Atrial fibrillation and flutter,91,Lead exposure,3,Rate,2015,1.190509893,4.049949023,-0.19744233
1,All Population,3,YLDs (Years Lived with Disability),4863,Mizoram,2,Female,15,50-54 years,500,Atrial fibrillation and flutter,91,Lead exposure,3,Rate,2015,0.812741701,2.933681583,-0.152681714
1,All Population,3,YLDs (Years Lived with Disability),4864,Nagaland,1,Male,15,50-54 years,493,Ischemic heart disease,380,Particulate matter pollution,3,Rate,2016,43.84581666,66.22281709,25.85390656
1,All Population,3,YLDs (Years Lived with Disability),4864,Nagaland,2,Female,15,50-54 years,493,Ischemic heart disease,380,Particulate matter pollution,3,Rate,2016,34.3528667,50.96950839,19.21546499
1,All Population,3,YLDs (Years Lived with Disability),4864,Nagaland,1,Male,15,50-54 years,494,Stroke,91,Lead exposure,3,Rate,2016,21.91076844,57.88848051,-3.305554254
1,All Population,3,YLDs (Years Lived with Disability),4864,Nagaland,2,Female,15,50-54 years,494,Stroke,91,Lead exposure,3,Rate,2016,12.87631407,33.48846467,-1.780846723
1,All Population,3,YLDs (Years Lived with Disability),4850,Goa,1,Male,15,50-54 years,493,Ischemic heart disease,380,Particulate matter pollution,3,Rate,2017,46.24257994,70.9849995,24.8514609
1,All Population,3,YLDs (Years Lived with Disability),4850,Goa,2,Female,15,50-54 years,493,Ischemic heart disease,380,Particulate matter pollution,3,Rate,2017,30.24932754,46.05177761,16.58481016
1,All Population,3,YLDs (Years Lived with Disability),4855,Jharkhand,1,Male,15,50-54 years,500,Atrial fibrillation and flutter,91,Lead exposure,3,Rate,2016,1.129814109,3.608178709,-0.161665489
1,All Population,3,YLDs (Years Lived with Disability),4855,Jharkhand,2,Female,15,50-54 years,500,Atrial fibrillation and flutter,91,Lead exposure,3,Rate,2016,0.823751592,2.557896859,-0.11783435
1,All Population,3,YLDs (Years Lived with Disability),4841,Andhra Pradesh,1,Male,15,50-54 years,493,Ischemic heart disease,380,Particulate matter pollution,3,Rate,2016,59.69089298,89.4295807,34.10536001
1,All Population,3,YLDs (Years Lived with Disability),4841,Andhra Pradesh,2,Female,15,50-54 years,493,Ischemic heart disease,380,Particulate matter pollution,3,Rate,2016,36.93685675,57.69107092,20.79132915
1,All Population,3,YLDs (Years Lived with Disability),4841,Andhra Pradesh,1,Male,15,50-54 years,494,Stroke,91,Lead exposure,3,Rate,2016,13.72061407,36.31429019,-1.807179233
1,All Population,3,YLDs (Years Lived with Disability),4841,Andhra Pradesh,2,Female,15,50-54 years,494,Stroke,91,Lead exposure,3,Rate,2016,10.66508582,30.68417523,-1.331938731
1,All Population,3,YLDs (Years Lived with Disability),4867,Punjab,1,Male,15,50-54 years,502,Lower extremity peripheral arterial disease,91,Lead exposure,3,Rate,2017,0.005248899,0.016170042,-0.000526052
1,All Population,3,YLDs (Years Lived with Disability),4867,Punjab,2,Female,15,50-54 years,502,Lower extremity peripheral arterial disease,91,Lead exposure,3,Rate,2017,0.00799559,0.025092391,-0.000908749
1,All Population,3,YLDs (Years Lived with Disability),4853,Himachal Pradesh,1,Male,15,50-54 years,500,Atrial fibrillation and flutter,91,Lead exposure,3,Rate,2017,1.142867273,3.766574156,-0.132561508
1,All Population,3,YLDs (Years Lived with Disability),4853,Himachal Pradesh,2,Female,15,50-54 years,500,Atrial fibrillation and flutter,91,Lead exposure,3,Rate,2017,0.837590143,2.701481732,-0.091934657
1,All Population,3,YLDs (Years Lived with Disability),4860,Maharashtra,1,Male,15,50-54 years,498,Hypertensive heart disease,91,Lead exposure,3,Rate,2015,0.64499972,1.652703738,0
1,All Population,3,YLDs (Years Lived with Disability),4860,Maharashtra,2,Female,15,50-54 years,498,Hypertensive heart disease,91,Lead exposure,3,Rate,2015,1.288809212,3.201761593,0
1,All Population,3,YLDs (Years Lived with Disability),4874,Uttarakhand,1,Male,15,50-54 years,493,Ischemic heart disease,380,Particulate matter pollution,3,Rate,2015,80.63081576,123.7075478,45.08361314
1,All Population,3,YLDs (Years Lived with Disability),4874,Uttarakhand,2,Female,15,50-54 years,493,Ischemic heart disease,380,Particulate matter pollution,3,Rate,2015,46.58370011,71.7499657,27.15568135
1,All Population,3,YLDs (Years Lived with Disability),4874,Uttarakhand,1,Male,15,50-54 years,494,Stroke,91,Lead exposure,3,Rate,2015,17.93824364,45.6685094,-2.894239781
1,All Population,3,YLDs (Years Lived with Disability),4874,Uttarakhand,2,Female,15,50-54 years,494,Stroke,91,Lead exposure,3,Rate,2015,11.4956846,29.09639532,-1.730530525
1,All Population,3,YLDs (Years Lived with Disability),4843,Assam,1,Male,15,50-54 years,500,Atrial fibrillation and flutter,91,Lead exposure,3,Rate,2016,1.127496092,3.674224859,-0.158531003
1,All Population,3,YLDs (Years Lived with Disability),4843,Assam,2,Female,15,50-54 years,500,Atrial fibrillation and flutter,91,Lead exposure,3,Rate,2016,0.842325283,2.870416456,-0.120648514
1,All Population,3,YLDs (Years Lived with Disability),4843,Assam,1,Male,15,50-54 years,502,Lower extremity peripheral arterial disease,91,Lead exposure,3,Rate,2016,0.00995434,0.032418206,-0.001270886
1,All Population,3,YLDs (Years Lived with Disability),4843,Assam,2,Female,15,50-54 years,502,Lower extremity peripheral arterial disease,91,Lead exposure,3,Rate,2016,0.01205354,0.038925164,-0.001201788
1,All Population,3,YLDs (Years Lived with Disability),44538,Other Union Territories,1,Male,15,50-54 years,494,Stroke,91,Lead exposure,3,Rate,2016,12.52881528,32.05074533,-2.968620736
1,All Population,3,YLDs (Years Lived with Disability),44538,Other Union Territories,2,Female,15,50-54 years,494,Stroke,91,Lead exposure,3,Rate,2016,10.54172393,26.65278086,-1.880561307
1,All Population,3,YLDs (Years Lived with Disability),4861,Manipur,1,Male,15,50-54 years,500,Atrial fibrillation and flutter,91,Lead exposure,3,Rate,2016,1.257668832,3.559487537,-0.214955825
1,All Population,3,YLDs (Years Lived with Disability),4861,Manipur,2,Female,15,50-54 years,500,Atrial fibrillation and flutter,91,Lead exposure,3,Rate,2016,0.882601272,2.809939183,-0.135238253
1,All Population,3,YLDs (Years Lived with Disability),4872,Tripura,1,Male,15,50-54 years,494,Stroke,380,Particulate matter pollution,3,Rate,2015,136.8840178,210.1237824,80.07418634
1,All Population,3,YLDs (Years Lived with Disability),4872,Tripura,2,Female,15,50-54 years,494,Stroke,380,Particulate matter pollution,3,Rate,2015,100.4588429,152.0650163,58.21061983
1,All Population,3,YLDs (Years Lived with Disability),4857,Kerala,1,Male,15,50-54 years,502,Lower extremity peripheral arterial disease,91,Lead exposure,3,Rate,2017,0.008746583,0.026510766,-0.001170708
1,All Population,3,YLDs (Years Lived with Disability),4857,Kerala,2,Female,15,50-54 years,502,Lower extremity peripheral arterial disease,91,Lead exposure,3,Rate,2017,0.010365762,0.035226284,-0.001347085
1,All Population,3,YLDs (Years Lived with Disability),4873,Uttar Pradesh,1,Male,15,50-54 years,493,Ischemic heart disease,380,Particulate matter pollution,3,Rate,2017,68.00545289,102.2157608,37.42633158
1,All Population,3,YLDs (Years Lived with Disability),4873,Uttar Pradesh,2,Female,15,50-54 years,493,Ischemic heart disease,380,Particulate matter pollution,3,Rate,2017,49.52643141,74.8866803,28.70089005
1,All Population,3,YLDs (Years Lived with Disability),4864,Nagaland,1,Male,15,50-54 years,500,Atrial fibrillation and flutter,91,Lead exposure,3,Rate,2017,1.237844767,4.480056995,-0.184504647
1,All Population,3,YLDs (Years Lived with Disability),4864,Nagaland,2,Female,15,50-54 years,500,Atrial fibrillation and flutter,91,Lead exposure,3,Rate,2017,0.878630804,2.938999293,-0.145228111
1,All Population,3,YLDs (Years Lived with Disability),44538,Other Union Territories,1,Male,15,50-54 years,493,Ischemic heart disease,380,Particulate matter pollution,3,Rate,2017,45.5752425,70.59667075,24.7740681
1,All Population,3,YLDs (Years Lived with Disability),44538,Other Union Territories,2,Female,15,50-54 years,493,Ischemic heart disease,380,Particulate matter pollution,3,Rate,2017,28.3340704,43.58041913,16.42735571
1,All Population,3,YLDs (Years Lived with Disability),4863,Mizoram,1,Male,15,50-54 years,493,Ischemic heart disease,380,Particulate matter pollution,3,Rate,2015,31.2176095,48.69438086,18.27929627
1,All Population,3,YLDs (Years Lived with Disability),4863,Mizoram,2,Female,15,50-54 years,493,Ischemic heart disease,380,Particulate matter pollution,3,Rate,2015,19.33925642,29.1289018,10.98155468
1,All Population,3,YLDs (Years Lived with Disability),4863,Mizoram,1,Male,15,50-54 years,494,Stroke,91,Lead exposure,3,Rate,2015,13.441734,36.03295304,-2.365526526
1,All Population,3,YLDs (Years Lived with Disability),4863,Mizoram,2,Female,15,50-54 years,494,Stroke,91,Lead exposure,3,Rate,2015,8.890183534,22.65424253,-1.318677725
1,All Population,3,YLDs (Years Lived with Disability),4842,Arunachal Pradesh,1,Male,15,50-54 years,494,Stroke,380,Particulate matter pollution,3,Rate,2017,65.44477332,105.2571875,36.24302615
1,All Population,3,YLDs (Years Lived with Disability),4842,Arunachal Pradesh,2,Female,15,50-54 years,494,Stroke,380,Particulate matter pollution,3,Rate,2017,57.7269852,86.62003063,29.42257428
1,All Population,3,YLDs (Years Lived with Disability),44538,Other Union Territories,1,Male,15,50-54 years,493,Ischemic heart disease,91,Lead exposure,3,Rate,2017,51.8648687,75.90706247,31.5083295
1,All Population,3,YLDs (Years Lived with Disability),44538,Other Union Territories,2,Female,15,50-54 years,493,Ischemic heart disease,91,Lead exposure,3,Rate,2017,29.60245679,43.73362044,18.15512521
1,All Population,3,YLDs (Years Lived with Disability),4843,Assam,1,Male,15,50-54 years,493,Ischemic heart disease,380,Particulate matter pollution,3,Rate,2016,47.06132127,73.00261674,26.7889998
1,All Population,3,YLDs (Years Lived with Disability),4843,Assam,2,Female,15,50-54 years,493,Ischemic heart disease,380,Particulate matter pollution,3,Rate,2016,32.94186733,50.51841035,18.8484735
1,All Population,3,YLDs (Years Lived with Disability),4843,Assam,1,Male,15,50-54 years,494,Stroke,91,Lead exposure,3,Rate,2016,23.2576,63.09220767,-3.662436197
1,All Population,3,YLDs (Years Lived with Disability),4843,Assam,2,Female,15,50-54 years,494,Stroke,91,Lead exposure,3,Rate,2016,14.14880221,38.37580485,-1.915989438
1,All Population,3,YLDs (Years Lived with Disability),4864,Nagaland,1,Male,15,50-54 years,493,Ischemic heart disease,91,Lead exposure,3,Rate,2017,37.70776449,54.84367328,22.49508554
1,All Population,3,YLDs (Years Lived with Disability),4864,Nagaland,2,Female,15,50-54 years,493,Ischemic heart disease,91,Lead exposure,3,Rate,2017,26.59507962,39.01665131,15.78987338
1,All Population,3,YLDs (Years Lived with Disability),4860,Maharashtra,1,Male,15,50-54 years,498,Hypertensive heart disease,91,Lead exposure,3,Rate,2017,0.648216156,1.661821427,0
1,All Population,3,YLDs (Years Lived with Disability),4860,Maharashtra,2,Female,15,50-54 years,498,Hypertensive heart disease,91,Lead exposure,3,Rate,2017,1.288076314,3.042565363,0
1,All Population,3,YLDs (Years Lived with Disability),4859,Madhya Pradesh,1,Male,15,50-54 years,502,Lower extremity peripheral arterial disease,91,Lead exposure,3,Rate,2017,0.009701796,0.032228476,-0.001139467
1,All Population,3,YLDs (Years Lived with Disability),4859,Madhya Pradesh,2,Female,15,50-54 years,502,Lower extremity peripheral arterial disease,91,Lead exposure,3,Rate,2017,0.011926365,0.039600757,-0.001282985
1,All Population,3,YLDs (Years Lived with Disability),4865,Odisha,1,Male,15,50-54 years,494,Stroke,91,Lead exposure,3,Rate,2017,17.54320093,45.47431232,-2.897998029
1,All Population,3,YLDs (Years Lived with Disability),4865,Odisha,2,Female,15,50-54 years,494,Stroke,91,Lead exposure,3,Rate,2017,12.75137907,33.74380464,-2.06087796
1,All Population,3,YLDs (Years Lived with Disability),4857,Kerala,1,Male,15,50-54 years,493,Ischemic heart disease,380,Particulate matter pollution,3,Rate,2017,61.99699729,92.83099315,35.36162896
1,All Population,3,YLDs (Years Lived with Disability),4857,Kerala,2,Female,15,50-54 years,493,Ischemic heart disease,380,Particulate matter pollution,3,Rate,2017,30.46955434,44.95031885,17.48102074
1,All Population,3,YLDs (Years Lived with Disability),4874,Uttarakhand,1,Male,15,50-54 years,494,Stroke,380,Particulate matter pollution,3,Rate,2017,93.68918458,143.0783025,54.81338704
1,All Population,3,YLDs (Years Lived with Disability),4874,Uttarakhand,2,Female,15,50-54 years,494,Stroke,380,Particulate matter pollution,3,Rate,2017,72.06241522,108.8284804,39.83347225
1,All Population,3,YLDs (Years Lived with Disability),4874,Uttarakhand,1,Male,15,50-54 years,493,Ischemic heart disease,380,Particulate matter pollution,3,Rate,2016,79.80614726,122.0480193,46.59902883
1,All Population,3,YLDs (Years Lived with Disability),4874,Uttarakhand,2,Female,15,50-54 years,493,Ischemic heart disease,380,Particulate matter pollution,3,Rate,2016,45.05323874,65.99040117,25.87010536
1,All Population,3,YLDs (Years Lived with Disability),4874,Uttarakhand,1,Male,15,50-54 years,494,Stroke,91,Lead exposure,3,Rate,2016,17.65379445,42.38452227,-2.9271213
1,All Population,3,YLDs (Years Lived with Disability),4874,Uttarakhand,2,Female,15,50-54 years,494,Stroke,91,Lead exposure,3,Rate,2016,11.36161292,30.98138901,-1.732240257
1,All Population,3,YLDs (Years Lived with Disability),4870,Tamil Nadu,1,Male,15,50-54 years,493,Ischemic heart disease,380,Particulate matter pollution,3,Rate,2016,56.19865582,83.75571072,34.75321645
1,All Population,3,YLDs (Years Lived with Disability),4870,Tamil Nadu,2,Female,15,50-54 years,493,Ischemic heart disease,380,Particulate matter pollution,3,Rate,2016,31.28611402,47.34816978,18.26538073
1,All Population,3,YLDs (Years Lived with Disability),4870,Tamil Nadu,1,Male,15,50-54 years,494,Stroke,91,Lead exposure,3,Rate,2016,18.53621143,48.81139939,-3.140095885
1,All Population,3,YLDs (Years Lived with Disability),4870,Tamil Nadu,2,Female,15,50-54 years,494,Stroke,91,Lead exposure,3,Rate,2016,14.02891004,38.66870444,-2.053668278
1,All Population,3,YLDs (Years Lived with Disability),4869,Sikkim,1,Male,15,50-54 years,493,Ischemic heart disease,380,Particulate matter pollution,3,Rate,2013,58.66834669,87.04323746,33.44664684
1,All Population,3,YLDs (Years Lived with Disability),4869,Sikkim,2,Female,15,50-54 years,493,Ischemic heart disease,380,Particulate matter pollution,3,Rate,2013,37.39141529,56.01029461,21.24288819
1,All Population,3,YLDs (Years Lived with Disability),4869,Sikkim,1,Male,15,50-54 years,494,Stroke,91,Lead exposure,3,Rate,2013,15.48960605,41.12248783,-2.102222902
1,All Population,3,YLDs (Years Lived with Disability),4869,Sikkim,2,Female,15,50-54 years,494,Stroke,91,Lead exposure,3,Rate,2013,11.16085923,29.26231875,-1.686495154
1,All Population,3,YLDs (Years Lived with Disability),4850,Goa,1,Male,15,50-54 years,498,Hypertensive heart disease,91,Lead exposure,3,Rate,2015,0.706223826,1.805900116,0
1,All Population,3,YLDs (Years Lived with Disability),4850,Goa,2,Female,15,50-54 years,498,Hypertensive heart disease,91,Lead exposure,3,Rate,2015,1.047493703,2.77628067,0
1,All Population,3,YLDs (Years Lived with Disability),4854,Jammu & Kashmir and Ladakh,1,Male,15,50-54 years,502,Lower extremity peripheral arterial disease,91,Lead exposure,3,Rate,2016,0.007740921,0.02728674,-0.00116794
1,All Population,3,YLDs (Years Lived with Disability),4854,Jammu & Kashmir and Ladakh,2,Female,15,50-54 years,502,Lower extremity peripheral arterial disease,91,Lead exposure,3,Rate,2016,0.010024296,0.034496026,-0.001375993
1,All Population,3,YLDs (Years Lived with Disability),4867,Punjab,1,Male,15,50-54 years,494,Stroke,380,Particulate matter pollution,3,Rate,2017,77.3766434,117.4493281,44.25148643
1,All Population,3,YLDs (Years Lived with Disability),4867,Punjab,2,Female,15,50-54 years,494,Stroke,380,Particulate matter pollution,3,Rate,2017,67.74236386,108.2722671,39.77862829
1,All Population,3,YLDs (Years Lived with Disability),4849,Delhi,1,Male,15,50-54 years,493,Ischemic heart disease,91,Lead exposure,3,Rate,2018,41.13066679,60.9153501,23.97889518
1,All Population,3,YLDs (Years Lived with Disability),4849,Delhi,2,Female,15,50-54 years,493,Ischemic heart disease,91,Lead exposure,3,Rate,2018,23.64982436,34.58520259,14.23507105
1,All Population,3,YLDs (Years Lived with Disability),4856,Karnataka,1,Male,15,50-54 years,493,Ischemic heart disease,91,Lead exposure,3,Rate,2017,63.97373013,96.04923711,39.23017955
1,All Population,3,YLDs (Years Lived with Disability),4856,Karnataka,2,Female,15,50-54 years,493,Ischemic heart disease,91,Lead exposure,3,Rate,2017,41.66772774,60.85165119,25.31652328
1,All Population,3,YLDs (Years Lived with Disability),4867,Punjab,1,Male,15,50-54 years,493,Ischemic heart disease,380,Particulate matter pollution,3,Rate,2016,79.53850053,120.1883517,46.97690459
1,All Population,3,YLDs (Years Lived with Disability),4867,Punjab,2,Female,15,50-54 years,493,Ischemic heart disease,380,Particulate matter pollution,3,Rate,2016,52.39099376,76.98521561,31.44844272
1,All Population,3,YLDs (Years Lived with Disability),4867,Punjab,1,Male,15,50-54 years,494,Stroke,91,Lead exposure,3,Rate,2016,11.09860855,27.37254056,-1.852716016
1,All Population,3,YLDs (Years Lived with Disability),4867,Punjab,2,Female,15,50-54 years,494,Stroke,91,Lead exposure,3,Rate,2016,8.620713497,21.44522239,-1.280167017
1,All Population,3,YLDs (Years Lived with Disability),4846,Chhattisgarh,1,Male,15,50-54 years,500,Atrial fibrillation and flutter,91,Lead exposure,3,Rate,2015,1.016651744,3.012491962,-0.132066226
1,All Population,3,YLDs (Years Lived with Disability),4846,Chhattisgarh,2,Female,15,50-54 years,500,Atrial fibrillation and flutter,91,Lead exposure,3,Rate,2015,0.736465438,2.262152325,-0.085979726
1,All Population,3,YLDs (Years Lived with Disability),4851,Gujarat,1,Male,15,50-54 years,494,Stroke,380,Particulate matter pollution,3,Rate,2017,92.9942664,141.9845716,55.49364637
1,All Population,3,YLDs (Years Lived with Disability),4851,Gujarat,2,Female,15,50-54 years,494,Stroke,380,Particulate matter pollution,3,Rate,2017,82.7625119,127.0958192,44.58120645
1,All Population,3,YLDs (Years Lived with Disability),4844,Bihar,1,Male,15,50-54 years,493,Ischemic heart disease,91,Lead exposure,3,Rate,2017,45.70143497,65.9359508,26.95671438
1,All Population,3,YLDs (Years Lived with Disability),4844,Bihar,2,Female,15,50-54 years,493,Ischemic heart disease,91,Lead exposure,3,Rate,2017,29.57177526,42.81650272,16.03716725
1,All Population,3,YLDs (Years Lived with Disability),4855,Jharkhand,1,Male,15,50-54 years,498,Hypertensive heart disease,91,Lead exposure,3,Rate,2016,0.88771245,2.429871363,0
1,All Population,3,YLDs (Years Lived with Disability),4855,Jharkhand,2,Female,15,50-54 years,498,Hypertensive heart disease,91,Lead exposure,3,Rate,2016,1.223470705,2.974273918,0
1,All Population,3,YLDs (Years Lived with Disability),4846,Chhattisgarh,1,Male,15,50-54 years,500,Atrial fibrillation and flutter,91,Lead exposure,3,Rate,2016,1.008785966,3.280919054,-0.131936602
1,All Population,3,YLDs (Years Lived with Disability),4846,Chhattisgarh,2,Female,15,50-54 years,500,Atrial fibrillation and flutter,91,Lead exposure,3,Rate,2016,0.757791081,2.15278101,-0.086955213
1,All Population,3,YLDs (Years Lived with Disability),4863,Mizoram,1,Male,15,50-54 years,494,Stroke,380,Particulate matter pollution,3,Rate,2017,55.57406993,87.95232319,29.7766615
1,All Population,3,YLDs (Years Lived with Disability),4863,Mizoram,2,Female,15,50-54 years,494,Stroke,380,Particulate matter pollution,3,Rate,2017,48.25931129,73.55096282,26.76278314
1,All Population,3,YLDs (Years Lived with Disability),4871,Telangana,1,Male,15,50-54 years,493,Ischemic heart disease,380,Particulate matter pollution,3,Rate,2015,61.6004806,94.24065847,35.29725274
1,All Population,3,YLDs (Years Lived with Disability),4871,Telangana,2,Female,15,50-54 years,493,Ischemic heart disease,380,Particulate matter pollution,3,Rate,2015,39.43769363,61.35808079,22.86076839
1,All Population,3,YLDs (Years Lived with Disability),4871,Telangana,1,Male,15,50-54 years,494,Stroke,91,Lead exposure,3,Rate,2015,14.39435611,33.70821513,-2.16117772
1,All Population,3,YLDs (Years Lived with Disability),4871,Telangana,2,Female,15,50-54 years,494,Stroke,91,Lead exposure,3,Rate,2015,9.5975326,23.92312104,-1.260580724
1,All Population,3,YLDs (Years Lived with Disability),4841,Andhra Pradesh,1,Male,15,50-54 years,494,Stroke,380,Particulate matter pollution,3,Rate,2017,62.15294967,95.29138416,33.90003924
1,All Population,3,YLDs (Years Lived with Disability),4841,Andhra Pradesh,2,Female,15,50-54 years,494,Stroke,380,Particulate matter pollution,3,Rate,2017,56.42289951,89.72147929,30.56188364
1,All Population,3,YLDs (Years Lived with Disability),4855,Jharkhand,1,Male,15,50-54 years,493,Ischemic heart disease,91,Lead exposure,3,Rate,2017,31.46280635,45.9817291,18.74006156
1,All Population,3,YLDs (Years Lived with Disability),4855,Jharkhand,2,Female,15,50-54 years,493,Ischemic heart disease,91,Lead exposure,3,Rate,2017,24.8175612,36.05122485,13.94196743
1,All Population,3,YLDs (Years Lived with Disability),4852,Haryana,1,Male,15,50-54 years,493,Ischemic heart disease,380,Particulate matter pollution,3,Rate,2016,72.80261609,109.8845691,42.50092989
1,All Population,3,YLDs (Years Lived with Disability),4852,Haryana,2,Female,15,50-54 years,493,Ischemic heart disease,380,Particulate matter pollution,3,Rate,2016,41.29241663,62.39394244,23.74292529
1,All Population,3,YLDs (Years Lived with Disability),4869,Sikkim,1,Male,15,50-54 years,498,Hypertensive heart disease,91,Lead exposure,3,Rate,2017,0.774925703,1.952970208,0
1,All Population,3,YLDs (Years Lived with Disability),4869,Sikkim,2,Female,15,50-54 years,498,Hypertensive heart disease,91,Lead exposure,3,Rate,2017,0.936387911,2.396062809,0
1,All Population,3,YLDs (Years Lived with Disability),4853,Himachal Pradesh,1,Male,15,50-54 years,493,Ischemic heart disease,91,Lead exposure,3,Rate,2016,57.95850598,85.93283405,35.2192231
1,All Population,3,YLDs (Years Lived with Disability),4853,Himachal Pradesh,2,Female,15,50-54 years,493,Ischemic heart disease,91,Lead exposure,3,Rate,2016,27.73322395,40.78913432,16.3339255
1,All Population,3,YLDs (Years Lived with Disability),4851,Gujarat,1,Male,15,50-54 years,502,Lower extremity peripheral arterial disease,91,Lead exposure,3,Rate,2016,0.011120107,0.037251769,-0.001166712
1,All Population,3,YLDs (Years Lived with Disability),4851,Gujarat,2,Female,15,50-54 years,502,Lower extremity peripheral arterial disease,91,Lead exposure,3,Rate,2016,0.014431281,0.05051321,-0.001618927
1,All Population,3,YLDs (Years Lived with Disability),4871,Telangana,1,Male,15,50-54 years,493,Ischemic heart disease,380,Particulate matter pollution,3,Rate,2017,58.77966443,90.23426224,33.11455658
1,All Population,3,YLDs (Years Lived with Disability),4871,Telangana,2,Female,15,50-54 years,493,Ischemic heart disease,380,Particulate matter pollution,3,Rate,2017,37.17985728,55.54570385,22.01747136
1,All Population,3,YLDs (Years Lived with Disability),4871,Telangana,1,Male,15,50-54 years,494,Stroke,91,Lead exposure,3,Rate,2017,14.10102867,33.7401424,-1.912556472
1,All Population,3,YLDs (Years Lived with Disability),4871,Telangana,2,Female,15,50-54 years,494,Stroke,91,Lead exposure,3,Rate,2017,9.183131637,22.46836703,-1.244628118
1,All Population,3,YLDs (Years Lived with Disability),4849,Delhi,1,Male,15,50-54 years,493,Ischemic heart disease,91,Lead exposure,3,Rate,2016,44.1221852,67.20237984,25.94383218
1,All Population,3,YLDs (Years Lived with Disability),4849,Delhi,2,Female,15,50-54 years,493,Ischemic heart disease,91,Lead exposure,3,Rate,2016,25.40828653,38.39480968,14.58454126
1,All Population,3,YLDs (Years Lived with Disability),4872,Tripura,1,Male,15,50-54 years,494,Stroke,380,Particulate matter pollution,3,Rate,2017,135.9871777,206.8538201,79.09777276
1,All Population,3,YLDs (Years Lived with Disability),4872,Tripura,2,Female,15,50-54 years,494,Stroke,380,Particulate matter pollution,3,Rate,2017,100.5320263,147.8186942,59.48277427
1,All Population,3,YLDs (Years Lived with Disability),4850,Goa,1,Male,15,50-54 years,498,Hypertensive heart disease,91,Lead exposure,3,Rate,2016,0.690715057,1.654162801,0
1,All Population,3,YLDs (Years Lived with Disability),4850,Goa,2,Female,15,50-54 years,498,Hypertensive heart disease,91,Lead exposure,3,Rate,2016,1.056720547,2.67178069,0
1,All Population,3,YLDs (Years Lived with Disability),4861,Manipur,1,Male,15,50-54 years,502,Lower extremity peripheral arterial disease,91,Lead exposure,3,Rate,2017,0.011788859,0.038836101,-0.001404383
1,All Population,3,YLDs (Years Lived with Disability),4861,Manipur,2,Female,15,50-54 years,502,Lower extremity peripheral arterial disease,91,Lead exposure,3,Rate,2017,0.014942793,0.050633552,-0.002243133
1,All Population,3,YLDs (Years Lived with Disability),4872,Tripura,1,Male,15,50-54 years,493,Ischemic heart disease,91,Lead exposure,3,Rate,2017,47.22201029,67.69754331,28.10643099
1,All Population,3,YLDs (Years Lived with Disability),4872,Tripura,2,Female,15,50-54 years,493,Ischemic heart disease,91,Lead exposure,3,Rate,2017,27.78961805,40.89436996,17.15689233
1,All Population,3,YLDs (Years Lived with Disability),4873,Uttar Pradesh,1,Male,15,50-54 years,494,Stroke,380,Particulate matter pollution,3,Rate,2018,104.6122511,157.4587492,63.2006823
1,All Population,3,YLDs (Years Lived with Disability),4873,Uttar Pradesh,2,Female,15,50-54 years,494,Stroke,380,Particulate matter pollution,3,Rate,2018,120.0210563,180.6044003,68.89661475
1,All Population,3,YLDs (Years Lived with Disability),4853,Himachal Pradesh,1,Male,15,50-54 years,493,Ischemic heart disease,91,Lead exposure,3,Rate,2017,56.51694361,86.63088979,32.71592181
1,All Population,3,YLDs (Years Lived with Disability),4853,Himachal Pradesh,2,Female,15,50-54 years,493,Ischemic heart disease,91,Lead exposure,3,Rate,2017,26.29939284,38.34540545,15.6345015
1,All Population,3,YLDs (Years Lived with Disability),4863,Mizoram,1,Male,15,50-54 years,502,Lower extremity peripheral arterial disease,91,Lead exposure,3,Rate,2016,0.010977764,0.039919334,-0.001343937
1,All Population,3,YLDs (Years Lived with Disability),4863,Mizoram,2,Female,15,50-54 years,502,Lower extremity peripheral arterial disease,91,Lead exposure,3,Rate,2016,0.013408532,0.047784954,-0.001562849
1,All Population,3,YLDs (Years Lived with Disability),4862,Meghalaya,1,Male,15,50-54 years,493,Ischemic heart disease,91,Lead exposure,3,Rate,2017,36.56209524,55.76282712,21.48795671
1,All Population,3,YLDs (Years Lived with Disability),4862,Meghalaya,2,Female,15,50-54 years,493,Ischemic heart disease,91,Lead exposure,3,Rate,2017,22.7059381,34.02577773,13.30238562
1,All Population,3,YLDs (Years Lived with Disability),4860,Maharashtra,1,Male,15,50-54 years,493,Ischemic heart disease,91,Lead exposure,3,Rate,2017,44.66455931,65.38125043,27.17710075
1,All Population,3,YLDs (Years Lived with Disability),4860,Maharashtra,2,Female,15,50-54 years,493,Ischemic heart disease,91,Lead exposure,3,Rate,2017,26.42335708,37.78093277,15.70696767
1,All Population,3,YLDs (Years Lived with Disability),4862,Meghalaya,1,Male,15,50-54 years,500,Atrial fibrillation and flutter,91,Lead exposure,3,Rate,2016,1.247845658,4.453902686,-0.151871095
1,All Population,3,YLDs (Years Lived with Disability),4862,Meghalaya,2,Female,15,50-54 years,500,Atrial fibrillation and flutter,91,Lead exposure,3,Rate,2016,0.908277579,3.119062912,-0.119425719
1,All Population,3,YLDs (Years Lived with Disability),4854,Jammu & Kashmir and Ladakh,1,Male,15,50-54 years,502,Lower extremity peripheral arterial disease,91,Lead exposure,3,Rate,2017,0.00764954,0.027981386,-0.000979776
1,All Population,3,YLDs (Years Lived with Disability),4854,Jammu & Kashmir and Ladakh,2,Female,15,50-54 years,502,Lower extremity peripheral arterial disease,91,Lead exposure,3,Rate,2017,0.010162263,0.036047087,-0.001364878
1,All Population,3,YLDs (Years Lived with Disability),4871,Telangana,1,Male,15,50-54 years,502,Lower extremity peripheral arterial disease,91,Lead exposure,3,Rate,2018,0.009676828,0.033124113,-0.001116109
1,All Population,3,YLDs (Years Lived with Disability),4871,Telangana,2,Female,15,50-54 years,502,Lower extremity peripheral arterial disease,91,Lead exposure,3,Rate,2018,0.011157006,0.039606372,-0.001173618
1,All Population,3,YLDs (Years Lived with Disability),4851,Gujarat,1,Male,15,50-54 years,493,Ischemic heart disease,91,Lead exposure,3,Rate,2016,65.93071414,97.84346788,39.71902701
1,All Population,3,YLDs (Years Lived with Disability),4851,Gujarat,2,Female,15,50-54 years,493,Ischemic heart disease,91,Lead exposure,3,Rate,2016,36.44173254,52.5466885,22.19881488
1,All Population,3,YLDs (Years Lived with Disability),4855,Jharkhand,1,Male,15,50-54 years,494,Stroke,380,Particulate matter pollution,3,Rate,2018,86.55506957,136.0289291,48.21250907
1,All Population,3,YLDs (Years Lived with Disability),4855,Jharkhand,2,Female,15,50-54 years,494,Stroke,380,Particulate matter pollution,3,Rate,2018,100.9756351,151.4039374,58.95115543
1,All Population,3,YLDs (Years Lived with Disability),4867,Punjab,1,Male,15,50-54 years,502,Lower extremity peripheral arterial disease,91,Lead exposure,3,Rate,2016,0.00556179,0.019010474,-0.00053878
1,All Population,3,YLDs (Years Lived with Disability),4867,Punjab,2,Female,15,50-54 years,502,Lower extremity peripheral arterial disease,91,Lead exposure,3,Rate,2016,0.008129291,0.025029415,-0.000871146
1,All Population,3,YLDs (Years Lived with Disability),4870,Tamil Nadu,1,Male,15,50-54 years,500,Atrial fibrillation and flutter,91,Lead exposure,3,Rate,2017,1.316578623,4.268532958,-0.174513964
1,All Population,3,YLDs (Years Lived with Disability),4870,Tamil Nadu,2,Female,15,50-54 years,500,Atrial fibrillation and flutter,91,Lead exposure,3,Rate,2017,0.959250701,3.424951273,-0.145165496
1,All Population,3,YLDs (Years Lived with Disability),4873,Uttar Pradesh,1,Male,15,50-54 years,494,Stroke,91,Lead exposure,3,Rate,2018,19.04213984,47.61972191,-2.44480244
1,All Population,3,YLDs (Years Lived with Disability),4873,Uttar Pradesh,2,Female,15,50-54 years,494,Stroke,91,Lead exposure,3,Rate,2018,18.78090729,45.92281747,-2.172323272
1,All Population,3,YLDs (Years Lived with Disability),4872,Tripura,1,Male,15,50-54 years,498,Hypertensive heart disease,91,Lead exposure,3,Rate,2016,0.819426299,2.171488143,0
1,All Population,3,YLDs (Years Lived with Disability),4872,Tripura,2,Female,15,50-54 years,498,Hypertensive heart disease,91,Lead exposure,3,Rate,2016,1.298855821,3.256665524,0
1,All Population,3,YLDs (Years Lived with Disability),4865,Odisha,1,Male,15,50-54 years,498,Hypertensive heart disease,91,Lead exposure,3,Rate,2015,1.375384841,3.537810579,0
1,All Population,3,YLDs (Years Lived with Disability),4865,Odisha,2,Female,15,50-54 years,498,Hypertensive heart disease,91,Lead exposure,3,Rate,2015,1.570892637,3.93471741,0
1,All Population,3,YLDs (Years Lived with Disability),4868,Rajasthan,1,Male,15,50-54 years,493,Ischemic heart disease,380,Particulate matter pollution,3,Rate,2015,81.33363485,123.3241872,46.48869659
1,All Population,3,YLDs (Years Lived with Disability),4868,Rajasthan,2,Female,15,50-54 years,493,Ischemic heart disease,380,Particulate matter pollution,3,Rate,2015,45.18384293,68.96814873,27.27480308
1,All Population,3,YLDs (Years Lived with Disability),4868,Rajasthan,1,Male,15,50-54 years,494,Stroke,91,Lead exposure,3,Rate,2015,8.090500709,19.89997937,-1.138037631
1,All Population,3,YLDs (Years Lived with Disability),4868,Rajasthan,2,Female,15,50-54 years,494,Stroke,91,Lead exposure,3,Rate,2015,5.591588758,15.31788695,-0.74779443
1,All Population,3,YLDs (Years Lived with Disability),4856,Karnataka,1,Male,15,50-54 years,493,Ischemic heart disease,91,Lead exposure,3,Rate,2016,65.63134395,100.4665364,40.31011219
1,All Population,3,YLDs (Years Lived with Disability),4856,Karnataka,2,Female,15,50-54 years,493,Ischemic heart disease,91,Lead exposure,3,Rate,2016,42.17492928,59.11203825,25.69495272
1,All Population,3,YLDs (Years Lived with Disability),4860,Maharashtra,1,Male,15,50-54 years,502,Lower extremity peripheral arterial disease,91,Lead exposure,3,Rate,2017,0.008555668,0.030194515,-0.001120478
1,All Population,3,YLDs (Years Lived with Disability),4860,Maharashtra,2,Female,15,50-54 years,502,Lower extremity peripheral arterial disease,91,Lead exposure,3,Rate,2017,0.010479125,0.033079943,-0.001251861
1,All Population,3,YLDs (Years Lived with Disability),4852,Haryana,1,Male,15,50-54 years,494,Stroke,91,Lead exposure,3,Rate,2015,16.96676438,43.41088828,-2.4799991
1,All Population,3,YLDs (Years Lived with Disability),4852,Haryana,2,Female,15,50-54 years,494,Stroke,91,Lead exposure,3,Rate,2015,13.2886481,33.41432077,-1.74226246
1,All Population,3,YLDs (Years Lived with Disability),4867,Punjab,1,Male,15,50-54 years,494,Stroke,380,Particulate matter pollution,3,Rate,2018,76.25737156,117.5090483,45.13041785
1,All Population,3,YLDs (Years Lived with Disability),4867,Punjab,2,Female,15,50-54 years,494,Stroke,380,Particulate matter pollution,3,Rate,2018,67.1674007,105.9122714,38.49365352
1,All Population,3,YLDs (Years Lived with Disability),4855,Jharkhand,1,Male,15,50-54 years,493,Ischemic heart disease,380,Particulate matter pollution,3,Rate,2018,36.18373564,55.02525996,20.8619403
1,All Population,3,YLDs (Years Lived with Disability),4855,Jharkhand,2,Female,15,50-54 years,493,Ischemic heart disease,380,Particulate matter pollution,3,Rate,2018,31.81474283,47.70274518,18.62574292
1,All Population,3,YLDs (Years Lived with Disability),4855,Jharkhand,1,Male,15,50-54 years,498,Hypertensive heart disease,91,Lead exposure,3,Rate,2015,0.878169223,2.418073973,0
1,All Population,3,YLDs (Years Lived with Disability),4855,Jharkhand,2,Female,15,50-54 years,498,Hypertensive heart disease,91,Lead exposure,3,Rate,2015,1.260977603,3.011527078,0
1,All Population,3,YLDs (Years Lived with Disability),4869,Sikkim,1,Male,15,50-54 years,494,Stroke,380,Particulate matter pollution,3,Rate,2018,74.08188088,116.5209155,42.78320994
1,All Population,3,YLDs (Years Lived with Disability),4869,Sikkim,2,Female,15,50-54 years,494,Stroke,380,Particulate matter pollution,3,Rate,2018,66.65881865,102.7477673,36.1133697
1,All Population,3,YLDs (Years Lived with Disability),4857,Kerala,1,Male,15,50-54 years,493,Ischemic heart disease,380,Particulate matter pollution,3,Rate,2018,56.8164906,87.80699171,31.58991753
1,All Population,3,YLDs (Years Lived with Disability),4857,Kerala,2,Female,15,50-54 years,493,Ischemic heart disease,380,Particulate matter pollution,3,Rate,2018,28.71631084,42.44176645,17.08144477
1,All Population,3,YLDs (Years Lived with Disability),4851,Gujarat,1,Male,15,50-54 years,494,Stroke,380,Particulate matter pollution,3,Rate,2018,92.65314783,138.2483202,52.04131215
1,All Population,3,YLDs (Years Lived with Disability),4851,Gujarat,2,Female,15,50-54 years,494,Stroke,380,Particulate matter pollution,3,Rate,2018,82.66653301,120.4986103,46.43291666
1,All Population,3,YLDs (Years Lived with Disability),4860,Maharashtra,1,Male,15,50-54 years,493,Ischemic heart disease,91,Lead exposure,3,Rate,2018,42.42346958,62.24315663,24.72295465
1,All Population,3,YLDs (Years Lived with Disability),4860,Maharashtra,2,Female,15,50-54 years,493,Ischemic heart disease,91,Lead exposure,3,Rate,2018,25.39528341,36.87342206,15.73911353
1,All Population,3,YLDs (Years Lived with Disability),4864,Nagaland,1,Male,15,50-54 years,500,Atrial fibrillation and flutter,91,Lead exposure,3,Rate,2018,1.190977617,3.830388567,-0.194947534
1,All Population,3,YLDs (Years Lived with Disability),4864,Nagaland,2,Female,15,50-54 years,500,Atrial fibrillation and flutter,91,Lead exposure,3,Rate,2018,0.879017172,2.973462198,-0.112163998
1,All Population,3,YLDs (Years Lived with Disability),4869,Sikkim,1,Male,15,50-54 years,493,Ischemic heart disease,91,Lead exposure,3,Rate,2018,38.93090938,57.77903565,22.92060912
1,All Population,3,YLDs (Years Lived with Disability),4869,Sikkim,2,Female,15,50-54 years,493,Ischemic heart disease,91,Lead exposure,3,Rate,2018,24.16462013,36.28715521,15.27860397
1,All Population,3,YLDs (Years Lived with Disability),4841,Andhra Pradesh,1,Male,15,50-54 years,500,Atrial fibrillation and flutter,91,Lead exposure,3,Rate,2016,1.115978484,3.14585422,-0.128242461
1,All Population,3,YLDs (Years Lived with Disability),4841,Andhra Pradesh,2,Female,15,50-54 years,500,Atrial fibrillation and flutter,91,Lead exposure,3,Rate,2016,0.827496889,2.555272805,-0.093873422
1,All Population,3,YLDs (Years Lived with Disability),4843,Assam,1,Male,15,50-54 years,498,Hypertensive heart disease,91,Lead exposure,3,Rate,2016,1.212091967,3.088824358,0
1,All Population,3,YLDs (Years Lived with Disability),4843,Assam,2,Female,15,50-54 years,498,Hypertensive heart disease,91,Lead exposure,3,Rate,2016,1.366294215,3.428546692,0
1,All Population,3,YLDs (Years Lived with Disability),4869,Sikkim,1,Male,15,50-54 years,493,Ischemic heart disease,91,Lead exposure,3,Rate,2017,43.04290087,63.58429748,24.6457065
1,All Population,3,YLDs (Years Lived with Disability),4869,Sikkim,2,Female,15,50-54 years,493,Ischemic heart disease,91,Lead exposure,3,Rate,2017,25.65203624,37.97205715,15.77308656
1,All Population,3,YLDs (Years Lived with Disability),4842,Arunachal Pradesh,1,Male,15,50-54 years,494,Stroke,380,Particulate matter pollution,3,Rate,2018,63.99226963,102.4103511,32.88558653
1,All Population,3,YLDs (Years Lived with Disability),4842,Arunachal Pradesh,2,Female,15,50-54 years,494,Stroke,380,Particulate matter pollution,3,Rate,2018,56.82697771,85.6870164,31.65367259
1,All Population,3,YLDs (Years Lived with Disability),4875,West Bengal,1,Male,15,50-54 years,494,Stroke,380,Particulate matter pollution,3,Rate,2018,133.3088973,199.407787,77.42556745
1,All Population,3,YLDs (Years Lived with Disability),4875,West Bengal,2,Female,15,50-54 years,494,Stroke,380,Particulate matter pollution,3,Rate,2018,124.583954,188.1807436,76.33778606
1,All Population,3,YLDs (Years Lived with Disability),4862,Meghalaya,1,Male,15,50-54 years,493,Ischemic heart disease,91,Lead exposure,3,Rate,2018,34.96372988,52.47738641,20.61604807
1,All Population,3,YLDs (Years Lived with Disability),4862,Meghalaya,2,Female,15,50-54 years,493,Ischemic heart disease,91,Lead exposure,3,Rate,2018,21.96835908,32.46106252,13.94945215
1,All Population,3,YLDs (Years Lived with Disability),4870,Tamil Nadu,1,Male,15,50-54 years,502,Lower extremity peripheral arterial disease,91,Lead exposure,3,Rate,2017,0.011751256,0.03845276,-0.001143113
1,All Population,3,YLDs (Years Lived with Disability),4870,Tamil Nadu,2,Female,15,50-54 years,502,Lower extremity peripheral arterial disease,91,Lead exposure,3,Rate,2017,0.01469789,0.049269329,-0.001456523
1,All Population,3,YLDs (Years Lived with Disability),4851,Gujarat,1,Male,15,50-54 years,502,Lower extremity peripheral arterial disease,91,Lead exposure,3,Rate,2018,0.010913309,0.041741671,-0.001398023
1,All Population,3,YLDs (Years Lived with Disability),4851,Gujarat,2,Female,15,50-54 years,502,Lower extremity peripheral arterial disease,91,Lead exposure,3,Rate,2018,0.01412804,0.050704946,-0.001468407
1,All Population,3,YLDs (Years Lived with Disability),4870,Tamil Nadu,1,Male,15,50-54 years,500,Atrial fibrillation and flutter,91,Lead exposure,3,Rate,2016,1.320626512,3.912906334,-0.18767949
1,All Population,3,YLDs (Years Lived with Disability),4870,Tamil Nadu,2,Female,15,50-54 years,500,Atrial fibrillation and flutter,91,Lead exposure,3,Rate,2016,0.970567034,3.471819919,-0.138983094
1,All Population,3,YLDs (Years Lived with Disability),4855,Jharkhand,1,Male,15,50-54 years,500,Atrial fibrillation and flutter,91,Lead exposure,3,Rate,2017,1.118231492,3.592317143,-0.15441104
1,All Population,3,YLDs (Years Lived with Disability),4855,Jharkhand,2,Female,15,50-54 years,500,Atrial fibrillation and flutter,91,Lead exposure,3,Rate,2017,0.814598976,2.465650216,-0.113397474
1,All Population,3,YLDs (Years Lived with Disability),4852,Haryana,1,Male,15,50-54 years,494,Stroke,91,Lead exposure,3,Rate,2016,16.91216771,41.56319422,-2.186278538
1,All Population,3,YLDs (Years Lived with Disability),4852,Haryana,2,Female,15,50-54 years,494,Stroke,91,Lead exposure,3,Rate,2016,13.3065341,33.74103139,-1.738266949
1,All Population,3,YLDs (Years Lived with Disability),4871,Telangana,1,Male,15,50-54 years,494,Stroke,380,Particulate matter pollution,3,Rate,2018,62.04517576,98.02827728,33.52154396
1,All Population,3,YLDs (Years Lived with Disability),4871,Telangana,2,Female,15,50-54 years,494,Stroke,380,Particulate matter pollution,3,Rate,2018,52.12499519,79.15636637,29.48712652
1,All Population,3,YLDs (Years Lived with Disability),44538,Other Union Territories,1,Male,15,50-54 years,494,Stroke,91,Lead exposure,3,Rate,2017,12.4801368,31.57638009,-2.454847688
1,All Population,3,YLDs (Years Lived with Disability),44538,Other Union Territories,2,Female,15,50-54 years,494,Stroke,91,Lead exposure,3,Rate,2017,10.26549671,25.15724387,-1.772043488
1,All Population,3,YLDs (Years Lived with Disability),4873,Uttar Pradesh,1,Male,15,50-54 years,493,Ischemic heart disease,380,Particulate matter pollution,3,Rate,2018,65.73563357,100.6045298,38.01412258
1,All Population,3,YLDs (Years Lived with Disability),4873,Uttar Pradesh,2,Female,15,50-54 years,493,Ischemic heart disease,380,Particulate matter pollution,3,Rate,2018,47.76408144,72.58986522,27.93823508
1,All Population,3,YLDs (Years Lived with Disability),4841,Andhra Pradesh,1,Male,15,50-54 years,493,Ischemic heart disease,91,Lead exposure,3,Rate,2017,58.11395663,84.02092085,34.67366169
1,All Population,3,YLDs (Years Lived with Disability),4841,Andhra Pradesh,2,Female,15,50-54 years,493,Ischemic heart disease,91,Lead exposure,3,Rate,2017,32.10204842,47.2918677,18.68515196
1,All Population,3,YLDs (Years Lived with Disability),4868,Rajasthan,1,Male,15,50-54 years,500,Atrial fibrillation and flutter,91,Lead exposure,3,Rate,2016,0.633832246,1.995336562,-0.095550338
1,All Population,3,YLDs (Years Lived with Disability),4868,Rajasthan,2,Female,15,50-54 years,500,Atrial fibrillation and flutter,91,Lead exposure,3,Rate,2016,0.419031041,1.355635154,-0.058429832
1,All Population,3,YLDs (Years Lived with Disability),4867,Punjab,1,Male,15,50-54 years,502,Lower extremity peripheral arterial disease,91,Lead exposure,3,Rate,2018,0.004982818,0.015668324,-0.000503165
1,All Population,3,YLDs (Years Lived with Disability),4867,Punjab,2,Female,15,50-54 years,502,Lower extremity peripheral arterial disease,91,Lead exposure,3,Rate,2018,0.007927112,0.024521998,-0.000960208
1,All Population,3,YLDs (Years Lived with Disability),4846,Chhattisgarh,1,Male,15,50-54 years,493,Ischemic heart disease,91,Lead exposure,3,Rate,2018,46.35859799,68.80214014,27.7412701
1,All Population,3,YLDs (Years Lived with Disability),4846,Chhattisgarh,2,Female,15,50-54 years,493,Ischemic heart disease,91,Lead exposure,3,Rate,2018,26.4861359,38.29621427,15.47055661
1,All Population,3,YLDs (Years Lived with Disability),4874,Uttarakhand,1,Male,15,50-54 years,502,Lower extremity peripheral arterial disease,91,Lead exposure,3,Rate,2017,0.009627331,0.029908401,-0.000964503
1,All Population,3,YLDs (Years Lived with Disability),4874,Uttarakhand,2,Female,15,50-54 years,502,Lower extremity peripheral arterial disease,91,Lead exposure,3,Rate,2017,0.012843203,0.040055224,-0.001330909
1,All Population,3,YLDs (Years Lived with Disability),4872,Tripura,1,Male,15,50-54 years,500,Atrial fibrillation and flutter,91,Lead exposure,3,Rate,2017,1.186253357,3.815283908,-0.144323243
1,All Population,3,YLDs (Years Lived with Disability),4872,Tripura,2,Female,15,50-54 years,500,Atrial fibrillation and flutter,91,Lead exposure,3,Rate,2017,0.857263778,2.591702684,-0.138689702
1,All Population,3,YLDs (Years Lived with Disability),4872,Tripura,1,Male,15,50-54 years,502,Lower extremity peripheral arterial disease,91,Lead exposure,3,Rate,2017,0.010734279,0.034811225,-0.001071501
1,All Population,3,YLDs (Years Lived with Disability),4872,Tripura,2,Female,15,50-54 years,502,Lower extremity peripheral arterial disease,91,Lead exposure,3,Rate,2017,0.012314456,0.04063972,-0.001218967
1,All Population,3,YLDs (Years Lived with Disability),4856,Karnataka,1,Male,15,50-54 years,500,Atrial fibrillation and flutter,91,Lead exposure,3,Rate,2017,1.398362847,4.125779517,-0.183476878
1,All Population,3,YLDs (Years Lived with Disability),4856,Karnataka,2,Female,15,50-54 years,500,Atrial fibrillation and flutter,91,Lead exposure,3,Rate,2017,1.125036477,3.453692464,-0.144028252
1,All Population,3,YLDs (Years Lived with Disability),4851,Gujarat,1,Male,15,50-54 years,493,Ischemic heart disease,91,Lead exposure,3,Rate,2017,63.12728489,92.43144296,38.43654834
1,All Population,3,YLDs (Years Lived with Disability),4851,Gujarat,2,Female,15,50-54 years,493,Ischemic heart disease,91,Lead exposure,3,Rate,2017,34.81981881,49.98653765,21.26100225
1,All Population,3,YLDs (Years Lived with Disability),4842,Arunachal Pradesh,1,Male,15,50-54 years,493,Ischemic heart disease,91,Lead exposure,3,Rate,2017,37.82989934,54.67840842,22.25555169
1,All Population,3,YLDs (Years Lived with Disability),4842,Arunachal Pradesh,2,Female,15,50-54 years,493,Ischemic heart disease,91,Lead exposure,3,Rate,2017,20.70667153,29.82238349,12.36328497
1,All Population,3,YLDs (Years Lived with Disability),4869,Sikkim,1,Male,15,50-54 years,493,Ischemic heart disease,380,Particulate matter pollution,3,Rate,2016,52.04193357,77.76308168,30.39022381
1,All Population,3,YLDs (Years Lived with Disability),4869,Sikkim,2,Female,15,50-54 years,493,Ischemic heart disease,380,Particulate matter pollution,3,Rate,2016,33.50763942,51.67580407,19.61623618
1,All Population,3,YLDs (Years Lived with Disability),4869,Sikkim,1,Male,15,50-54 years,494,Stroke,91,Lead exposure,3,Rate,2016,15.12977387,38.96226793,-2.459205401
1,All Population,3,YLDs (Years Lived with Disability),4869,Sikkim,2,Female,15,50-54 years,494,Stroke,91,Lead exposure,3,Rate,2016,11.29573884,28.891694,-1.462140341
1,All Population,3,YLDs (Years Lived with Disability),4860,Maharashtra,1,Male,15,50-54 years,494,Stroke,380,Particulate matter pollution,3,Rate,2018,82.6423901,132.7769343,45.34531715
1,All Population,3,YLDs (Years Lived with Disability),4860,Maharashtra,2,Female,15,50-54 years,494,Stroke,380,Particulate matter pollution,3,Rate,2018,69.6393236,107.7901536,42.0317668
1,All Population,3,YLDs (Years Lived with Disability),4853,Himachal Pradesh,1,Male,15,50-54 years,500,Atrial fibrillation and flutter,91,Lead exposure,3,Rate,2018,1.123898831,3.757974489,-0.161033478
1,All Population,3,YLDs (Years Lived with Disability),4853,Himachal Pradesh,2,Female,15,50-54 years,500,Atrial fibrillation and flutter,91,Lead exposure,3,Rate,2018,0.810908263,2.645977386,-0.095224947
1,All Population,3,YLDs (Years Lived with Disability),4851,Gujarat,1,Male,15,50-54 years,502,Lower extremity peripheral arterial disease,91,Lead exposure,3,Rate,2017,0.01094327,0.035691917,-0.001423614
1,All Population,3,YLDs (Years Lived with Disability),4851,Gujarat,2,Female,15,50-54 years,502,Lower extremity peripheral arterial disease,91,Lead exposure,3,Rate,2017,0.014416639,0.05258893,-0.001859531
1,All Population,3,YLDs (Years Lived with Disability),4850,Goa,1,Male,15,50-54 years,494,Stroke,380,Particulate matter pollution,3,Rate,2016,57.41308548,92.87855535,31.01229186
1,All Population,3,YLDs (Years Lived with Disability),4850,Goa,2,Female,15,50-54 years,494,Stroke,380,Particulate matter pollution,3,Rate,2016,54.77278162,85.43462452,30.72407403
1,All Population,3,YLDs (Years Lived with Disability),44538,Other Union Territories,1,Male,15,50-54 years,500,Atrial fibrillation and flutter,91,Lead exposure,3,Rate,2017,1.082913703,3.558098533,-0.169393487
1,All Population,3,YLDs (Years Lived with Disability),44538,Other Union Territories,2,Female,15,50-54 years,500,Atrial fibrillation and flutter,91,Lead exposure,3,Rate,2017,0.789893101,2.462174559,-0.119183278
1,All Population,3,YLDs (Years Lived with Disability),4875,West Bengal,1,Male,15,50-54 years,493,Ischemic heart disease,91,Lead exposure,3,Rate,2018,46.66158977,68.42322389,28.23495552
1,All Population,3,YLDs (Years Lived with Disability),4875,West Bengal,2,Female,15,50-54 years,493,Ischemic heart disease,91,Lead exposure,3,Rate,2018,32.07659954,46.26374586,19.333801
1,All Population,3,YLDs (Years Lived with Disability),4844,Bihar,1,Male,15,50-54 years,498,Hypertensive heart disease,91,Lead exposure,3,Rate,2017,1.214539007,3.442537384,0
1,All Population,3,YLDs (Years Lived with Disability),4844,Bihar,2,Female,15,50-54 years,498,Hypertensive heart disease,91,Lead exposure,3,Rate,2017,1.549951541,4.127613586,0
1,All Population,3,YLDs (Years Lived with Disability),4860,Maharashtra,1,Male,15,50-54 years,493,Ischemic heart disease,91,Lead exposure,3,Rate,2016,46.71159246,68.82445317,29.25935745
1,All Population,3,YLDs (Years Lived with Disability),4860,Maharashtra,2,Female,15,50-54 years,493,Ischemic heart disease,91,Lead exposure,3,Rate,2016,27.29741584,39.20655751,16.28560392
1,All Population,3,YLDs (Years Lived with Disability),4857,Kerala,1,Male,15,50-54 years,494,Stroke,380,Particulate matter pollution,3,Rate,2018,82.61006167,130.6643653,41.42297428
1,All Population,3,YLDs (Years Lived with Disability),4857,Kerala,2,Female,15,50-54 years,494,Stroke,380,Particulate matter pollution,3,Rate,2018,68.73961104,107.6209823,35.31755734
1,All Population,3,YLDs (Years Lived with Disability),4867,Punjab,1,Male,15,50-54 years,493,Ischemic heart disease,91,Lead exposure,3,Rate,2018,54.94076427,81.45163832,32.78862476
1,All Population,3,YLDs (Years Lived with Disability),4867,Punjab,2,Female,15,50-54 years,493,Ischemic heart disease,91,Lead exposure,3,Rate,2018,33.79453786,48.5571121,20.63183307
1,All Population,3,YLDs (Years Lived with Disability),4871,Telangana,1,Male,15,50-54 years,498,Hypertensive heart disease,91,Lead exposure,3,Rate,2015,0.639806032,1.472431413,0
1,All Population,3,YLDs (Years Lived with Disability),4871,Telangana,2,Female,15,50-54 years,498,Hypertensive heart disease,91,Lead exposure,3,Rate,2015,1.126000852,2.642479647,0
1,All Population,3,YLDs (Years Lived with Disability),44538,Other Union Territories,1,Male,15,50-54 years,500,Atrial fibrillation and flutter,91,Lead exposure,3,Rate,2016,1.102104674,3.489870874,-0.20221176
1,All Population,3,YLDs (Years Lived with Disability),44538,Other Union Territories,2,Female,15,50-54 years,500,Atrial fibrillation and flutter,91,Lead exposure,3,Rate,2016,0.782141782,2.440268294,-0.1023483
1,All Population,3,YLDs (Years Lived with Disability),4862,Meghalaya,1,Male,15,50-54 years,494,Stroke,380,Particulate matter pollution,3,Rate,2017,82.61677718,127.9638738,46.78275956
1,All Population,3,YLDs (Years Lived with Disability),4862,Meghalaya,2,Female,15,50-54 years,494,Stroke,380,Particulate matter pollution,3,Rate,2017,67.52291786,102.9180105,38.67396119
1,All Population,3,YLDs (Years Lived with Disability),4852,Haryana,1,Male,15,50-54 years,494,Stroke,380,Particulate matter pollution,3,Rate,2016,103.5259729,165.8977126,61.52268855
1,All Population,3,YLDs (Years Lived with Disability),4852,Haryana,2,Female,15,50-54 years,494,Stroke,380,Particulate matter pollution,3,Rate,2016,98.59726449,147.905651,59.68735326
1,All Population,3,YLDs (Years Lived with Disability),4865,Odisha,1,Male,15,50-54 years,494,Stroke,380,Particulate matter pollution,3,Rate,2016,102.7851793,158.2787685,57.54450443
1,All Population,3,YLDs (Years Lived with Disability),4865,Odisha,2,Female,15,50-54 years,494,Stroke,380,Particulate matter pollution,3,Rate,2016,88.94338037,131.5521193,50.82658077
1,All Population,3,YLDs (Years Lived with Disability),4852,Haryana,1,Male,15,50-54 years,498,Hypertensive heart disease,91,Lead exposure,3,Rate,2015,0.566436569,1.368514912,0
1,All Population,3,YLDs (Years Lived with Disability),4852,Haryana,2,Female,15,50-54 years,498,Hypertensive heart disease,91,Lead exposure,3,Rate,2015,1.073054914,2.694802704,0
1,All Population,3,YLDs (Years Lived with Disability),4864,Nagaland,1,Male,15,50-54 years,494,Stroke,380,Particulate matter pollution,3,Rate,2016,109.8710071,170.1204354,57.52839582
1,All Population,3,YLDs (Years Lived with Disability),4864,Nagaland,2,Female,15,50-54 years,494,Stroke,380,Particulate matter pollution,3,Rate,2016,77.82505623,120.130549,43.66687481
1,All Population,3,YLDs (Years Lived with Disability),4864,Nagaland,1,Male,15,50-54 years,498,Hypertensive heart disease,91,Lead exposure,3,Rate,2016,0.960130897,2.519964106,0
1,All Population,3,YLDs (Years Lived with Disability),4864,Nagaland,2,Female,15,50-54 years,498,Hypertensive heart disease,91,Lead exposure,3,Rate,2016,1.165643371,2.695093498,0
1,All Population,3,YLDs (Years Lived with Disability),4853,Himachal Pradesh,1,Male,15,50-54 years,502,Lower extremity peripheral arterial disease,91,Lead exposure,3,Rate,2017,0.008926997,0.030045107,-0.001017998
1,All Population,3,YLDs (Years Lived with Disability),4853,Himachal Pradesh,2,Female,15,50-54 years,502,Lower extremity peripheral arterial disease,91,Lead exposure,3,Rate,2017,0.010888604,0.034646182,-0.001643456
1,All Population,3,YLDs (Years Lived with Disability),4855,Jharkhand,1,Male,15,50-54 years,494,Stroke,91,Lead exposure,3,Rate,2017,14.81769469,37.17066727,-2.683430953
1,All Population,3,YLDs (Years Lived with Disability),4855,Jharkhand,2,Female,15,50-54 years,494,Stroke,91,Lead exposure,3,Rate,2017,14.70069707,36.89594605,-2.021525802
1,All Population,3,YLDs (Years Lived with Disability),4861,Manipur,1,Male,15,50-54 years,502,Lower extremity peripheral arterial disease,91,Lead exposure,3,Rate,2016,0.01178478,0.033988054,-0.00133124
1,All Population,3,YLDs (Years Lived with Disability),4861,Manipur,2,Female,15,50-54 years,502,Lower extremity peripheral arterial disease,91,Lead exposure,3,Rate,2016,0.01502693,0.048823818,-0.002187477
1,All Population,3,YLDs (Years Lived with Disability),4865,Odisha,1,Male,15,50-54 years,498,Hypertensive heart disease,91,Lead exposure,3,Rate,2017,1.351788488,3.479905825,0
1,All Population,3,YLDs (Years Lived with Disability),4865,Odisha,2,Female,15,50-54 years,498,Hypertensive heart disease,91,Lead exposure,3,Rate,2017,1.585228582,4.00078935,0
1,All Population,3,YLDs (Years Lived with Disability),4841,Andhra Pradesh,1,Male,15,50-54 years,494,Stroke,380,Particulate matter pollution,3,Rate,2018,61.76560195,97.30465713,31.59128577
1,All Population,3,YLDs (Years Lived with Disability),4841,Andhra Pradesh,2,Female,15,50-54 years,494,Stroke,380,Particulate matter pollution,3,Rate,2018,55.93971791,89.04985425,30.34626853
1,All Population,3,YLDs (Years Lived with Disability),4864,Nagaland,1,Male,15,50-54 years,493,Ischemic heart disease,380,Particulate matter pollution,3,Rate,2018,39.78858444,60.18788739,21.86874692
1,All Population,3,YLDs (Years Lived with Disability),4864,Nagaland,2,Female,15,50-54 years,493,Ischemic heart disease,380,Particulate matter pollution,3,Rate,2018,30.90900992,46.02072166,18.29707275
1,All Population,3,YLDs (Years Lived with Disability),4864,Nagaland,1,Male,15,50-54 years,494,Stroke,91,Lead exposure,3,Rate,2018,21.4145642,53.90070564,-3.147023461
1,All Population,3,YLDs (Years Lived with Disability),4864,Nagaland,2,Female,15,50-54 years,494,Stroke,91,Lead exposure,3,Rate,2018,12.22298753,32.01763757,-1.735839559
1,All Population,3,YLDs (Years Lived with Disability),44538,Other Union Territories,1,Male,15,50-54 years,498,Hypertensive heart disease,91,Lead exposure,3,Rate,2017,0.678330669,1.838664778,0
1,All Population,3,YLDs (Years Lived with Disability),44538,Other Union Territories,2,Female,15,50-54 years,498,Hypertensive heart disease,91,Lead exposure,3,Rate,2017,1.224389562,3.060343543,0
1,All Population,3,YLDs (Years Lived with Disability),44538,Other Union Territories,1,Male,15,50-54 years,493,Ischemic heart disease,380,Particulate matter pollution,3,Rate,2018,44.25049061,67.45418685,24.28937013
1,All Population,3,YLDs (Years Lived with Disability),44538,Other Union Territories,2,Female,15,50-54 years,493,Ischemic heart disease,380,Particulate matter pollution,3,Rate,2018,27.32471975,41.95817649,15.96629664
1,All Population,3,YLDs (Years Lived with Disability),4864,Nagaland,1,Male,15,50-54 years,493,Ischemic heart disease,91,Lead exposure,3,Rate,2018,36.06659059,51.98722443,21.56870608
1,All Population,3,YLDs (Years Lived with Disability),4864,Nagaland,2,Female,15,50-54 years,493,Ischemic heart disease,91,Lead exposure,3,Rate,2018,25.30820309,37.45121154,14.87612271
1,All Population,3,YLDs (Years Lived with Disability),4857,Kerala,1,Male,15,50-54 years,494,Stroke,91,Lead exposure,3,Rate,2018,20.14320113,47.87478834,-2.967685203
1,All Population,3,YLDs (Years Lived with Disability),4857,Kerala,2,Female,15,50-54 years,494,Stroke,91,Lead exposure,3,Rate,2018,14.05944505,34.89165139,-2.116791321
1,All Population,3,YLDs (Years Lived with Disability),4846,Chhattisgarh,1,Male,15,50-54 years,493,Ischemic heart disease,91,Lead exposure,3,Rate,2017,47.27088565,70.83448347,27.37586304
1,All Population,3,YLDs (Years Lived with Disability),4846,Chhattisgarh,2,Female,15,50-54 years,493,Ischemic heart disease,91,Lead exposure,3,Rate,2017,27.64123174,39.94304345,15.88686376
1,All Population,3,YLDs (Years Lived with Disability),44538,Other Union Territories,1,Male,15,50-54 years,494,Stroke,380,Particulate matter pollution,3,Rate,2018,47.70840761,79.2422268,23.59445416
1,All Population,3,YLDs (Years Lived with Disability),44538,Other Union Territories,2,Female,15,50-54 years,494,Stroke,380,Particulate matter pollution,3,Rate,2018,47.30388468,75.61446783,25.19073442
1,All Population,3,YLDs (Years Lived with Disability),4856,Karnataka,1,Male,15,50-54 years,502,Lower extremity peripheral arterial disease,91,Lead exposure,3,Rate,2017,0.011554001,0.037763035,-0.001565972
1,All Population,3,YLDs (Years Lived with Disability),4856,Karnataka,2,Female,15,50-54 years,502,Lower extremity peripheral arterial disease,91,Lead exposure,3,Rate,2017,0.015752834,0.046993671,-0.002017847
1,All Population,3,YLDs (Years Lived with Disability),4846,Chhattisgarh,1,Male,15,50-54 years,498,Hypertensive heart disease,91,Lead exposure,3,Rate,2016,0.941311853,2.664870744,0
1,All Population,3,YLDs (Years Lived with Disability),4846,Chhattisgarh,2,Female,15,50-54 years,498,Hypertensive heart disease,91,Lead exposure,3,Rate,2016,1.255340787,3.2487674,0
1,All Population,3,YLDs (Years Lived with Disability),4863,Mizoram,1,Male,15,50-54 years,500,Atrial fibrillation and flutter,91,Lead exposure,3,Rate,2017,1.141167897,4.097659319,-0.162946855
1,All Population,3,YLDs (Years Lived with Disability),4863,Mizoram,2,Female,15,50-54 years,500,Atrial fibrillation and flutter,91,Lead exposure,3,Rate,2017,0.768615876,2.602807695,-0.126869069
1,All Population,3,YLDs (Years Lived with Disability),4852,Haryana,1,Male,15,50-54 years,498,Hypertensive heart disease,91,Lead exposure,3,Rate,2016,0.577846646,1.494389652,0
1,All Population,3,YLDs (Years Lived with Disability),4852,Haryana,2,Female,15,50-54 years,498,Hypertensive heart disease,91,Lead exposure,3,Rate,2016,1.059342063,2.786812673,0
1,All Population,3,YLDs (Years Lived with Disability),4865,Odisha,1,Male,15,50-54 years,493,Ischemic heart disease,380,Particulate matter pollution,3,Rate,2017,43.66895451,65.27790159,25.44535505
1,All Population,3,YLDs (Years Lived with Disability),4865,Odisha,2,Female,15,50-54 years,493,Ischemic heart disease,380,Particulate matter pollution,3,Rate,2017,29.07385403,44.30632591,16.92021791
1,All Population,3,YLDs (Years Lived with Disability),4868,Rajasthan,1,Male,15,50-54 years,493,Ischemic heart disease,91,Lead exposure,3,Rate,2018,43.67272918,64.58064127,26.79139509
1,All Population,3,YLDs (Years Lived with Disability),4868,Rajasthan,2,Female,15,50-54 years,493,Ischemic heart disease,91,Lead exposure,3,Rate,2018,19.23561575,28.75408112,11.59638308
1,All Population,3,YLDs (Years Lived with Disability),4862,Meghalaya,1,Male,15,50-54 years,493,Ischemic heart disease,380,Particulate matter pollution,3,Rate,2018,38.77190922,59.64241484,21.6548309
1,All Population,3,YLDs (Years Lived with Disability),4862,Meghalaya,2,Female,15,50-54 years,493,Ischemic heart disease,380,Particulate matter pollution,3,Rate,2018,26.32630111,40.32062399,15.47482647
1,All Population,3,YLDs (Years Lived with Disability),4862,Meghalaya,1,Male,15,50-54 years,494,Stroke,91,Lead exposure,3,Rate,2018,16.03189256,41.79104949,-2.677741362
1,All Population,3,YLDs (Years Lived with Disability),4862,Meghalaya,2,Female,15,50-54 years,494,Stroke,91,Lead exposure,3,Rate,2018,11.44016506,30.31484582,-1.981283967
1,All Population,3,YLDs (Years Lived with Disability),4859,Madhya Pradesh,1,Male,15,50-54 years,494,Stroke,380,Particulate matter pollution,3,Rate,2017,85.48007496,126.054042,46.74889089
1,All Population,3,YLDs (Years Lived with Disability),4859,Madhya Pradesh,2,Female,15,50-54 years,494,Stroke,380,Particulate matter pollution,3,Rate,2017,75.78936926,115.0838318,43.20044487
1,All Population,3,YLDs (Years Lived with Disability),4842,Arunachal Pradesh,1,Male,15,50-54 years,493,Ischemic heart disease,380,Particulate matter pollution,3,Rate,2017,35.64450743,53.66180794,19.88262418
1,All Population,3,YLDs (Years Lived with Disability),4842,Arunachal Pradesh,2,Female,15,50-54 years,493,Ischemic heart disease,380,Particulate matter pollution,3,Rate,2017,22.73425263,34.59326288,13.1512011
1,All Population,3,YLDs (Years Lived with Disability),4842,Arunachal Pradesh,1,Male,15,50-54 years,494,Stroke,91,Lead exposure,3,Rate,2017,15.50625362,40.95907273,-2.139397716
1,All Population,3,YLDs (Years Lived with Disability),4842,Arunachal Pradesh,2,Female,15,50-54 years,494,Stroke,91,Lead exposure,3,Rate,2017,10.83793926,29.29213581,-1.430016056
1,All Population,3,YLDs (Years Lived with Disability),4841,Andhra Pradesh,1,Male,15,50-54 years,493,Ischemic heart disease,380,Particulate matter pollution,3,Rate,2017,57.82818706,88.16640641,33.98719168
1,All Population,3,YLDs (Years Lived with Disability),4841,Andhra Pradesh,2,Female,15,50-54 years,493,Ischemic heart disease,380,Particulate matter pollution,3,Rate,2017,35.55043866,53.17539038,20.75197304
1,All Population,3,YLDs (Years Lived with Disability),4841,Andhra Pradesh,1,Male,15,50-54 years,494,Stroke,91,Lead exposure,3,Rate,2017,13.58325238,37.44425919,-1.699910413
1,All Population,3,YLDs (Years Lived with Disability),4841,Andhra Pradesh,2,Female,15,50-54 years,494,Stroke,91,Lead exposure,3,Rate,2017,10.34385126,27.15094301,-1.411456303
1,All Population,3,YLDs (Years Lived with Disability),4871,Telangana,1,Male,15,50-54 years,500,Atrial fibrillation and flutter,91,Lead exposure,3,Rate,2018,1.096480771,3.584607466,-0.180450521
1,All Population,3,YLDs (Years Lived with Disability),4871,Telangana,2,Female,15,50-54 years,500,Atrial fibrillation and flutter,91,Lead exposure,3,Rate,2018,0.740835811,2.395882924,-0.105702048
1,All Population,3,YLDs (Years Lived with Disability),4874,Uttarakhand,1,Male,15,50-54 years,493,Ischemic heart disease,380,Particulate matter pollution,3,Rate,2017,78.01140653,119.7311626,44.26008473
1,All Population,3,YLDs (Years Lived with Disability),4874,Uttarakhand,2,Female,15,50-54 years,493,Ischemic heart disease,380,Particulate matter pollution,3,Rate,2017,43.77835347,63.54558353,26.08845173
1,All Population,3,YLDs (Years Lived with Disability),4874,Uttarakhand,1,Male,15,50-54 years,494,Stroke,91,Lead exposure,3,Rate,2017,17.55611237,42.69872441,-2.868068832
1,All Population,3,YLDs (Years Lived with Disability),4874,Uttarakhand,2,Female,15,50-54 years,494,Stroke,91,Lead exposure,3,Rate,2017,11.12013265,27.69272812,-1.735936542
1,All Population,3,YLDs (Years Lived with Disability),4869,Sikkim,1,Male,15,50-54 years,500,Atrial fibrillation and flutter,91,Lead exposure,3,Rate,2018,1.186646853,4.116629281,-0.129477524
1,All Population,3,YLDs (Years Lived with Disability),4869,Sikkim,2,Female,15,50-54 years,500,Atrial fibrillation and flutter,91,Lead exposure,3,Rate,2018,0.83353487,2.576150763,-0.106036283
1,All Population,3,YLDs (Years Lived with Disability),4869,Sikkim,1,Male,15,50-54 years,502,Lower extremity peripheral arterial disease,91,Lead exposure,3,Rate,2018,0.00772086,0.026455773,-0.000778902
1,All Population,3,YLDs (Years Lived with Disability),4869,Sikkim,2,Female,15,50-54 years,502,Lower extremity peripheral arterial disease,91,Lead exposure,3,Rate,2018,0.007573216,0.027842655,-0.00098294
1,All Population,3,YLDs (Years Lived with Disability),4863,Mizoram,1,Male,15,50-54 years,493,Ischemic heart disease,91,Lead exposure,3,Rate,2018,28.56825084,41.727366,16.94634918
1,All Population,3,YLDs (Years Lived with Disability),4863,Mizoram,2,Female,15,50-54 years,493,Ischemic heart disease,91,Lead exposure,3,Rate,2018,15.82426601,22.30161154,9.81028938
1,All Population,3,YLDs (Years Lived with Disability),4842,Arunachal Pradesh,1,Male,15,50-54 years,493,Ischemic heart disease,380,Particulate matter pollution,3,Rate,2018,33.75354982,51.21972821,19.54324255
1,All Population,3,YLDs (Years Lived with Disability),4842,Arunachal Pradesh,2,Female,15,50-54 years,493,Ischemic heart disease,380,Particulate matter pollution,3,Rate,2018,21.10445346,32.51336201,11.9757497
1,All Population,3,YLDs (Years Lived with Disability),4842,Arunachal Pradesh,1,Male,15,50-54 years,494,Stroke,91,Lead exposure,3,Rate,2018,15.35852452,40.95050794,-2.175652277
1,All Population,3,YLDs (Years Lived with Disability),4842,Arunachal Pradesh,2,Female,15,50-54 years,494,Stroke,91,Lead exposure,3,Rate,2018,10.56948424,29.57568072,-1.505998365
1,All Population,3,YLDs (Years Lived with Disability),4841,Andhra Pradesh,1,Male,15,50-54 years,498,Hypertensive heart disease,91,Lead exposure,3,Rate,2016,0.569842361,1.400292676,0
1,All Population,3,YLDs (Years Lived with Disability),4841,Andhra Pradesh,2,Female,15,50-54 years,498,Hypertensive heart disease,91,Lead exposure,3,Rate,2016,1.049272135,2.609223159,0
1,All Population,3,YLDs (Years Lived with Disability),4862,Meghalaya,1,Male,15,50-54 years,500,Atrial fibrillation and flutter,91,Lead exposure,3,Rate,2017,1.233968036,4.127153486,-0.149357229
1,All Population,3,YLDs (Years Lived with Disability),4862,Meghalaya,2,Female,15,50-54 years,500,Atrial fibrillation and flutter,91,Lead exposure,3,Rate,2017,0.892384461,2.742384455,-0.126118198
1,All Population,3,YLDs (Years Lived with Disability),44538,Other Union Territories,1,Male,15,50-54 years,493,Ischemic heart disease,91,Lead exposure,3,Rate,2018,50.45924137,75.39544614,31.41241808
1,All Population,3,YLDs (Years Lived with Disability),44538,Other Union Territories,2,Female,15,50-54 years,493,Ischemic heart disease,91,Lead exposure,3,Rate,2018,28.59597108,42.36510132,17.37039032
1,All Population,3,YLDs (Years Lived with Disability),4872,Tripura,1,Male,15,50-54 years,493,Ischemic heart disease,91,Lead exposure,3,Rate,2016,48.80829441,69.63441498,30.08141714
1,All Population,3,YLDs (Years Lived with Disability),4872,Tripura,2,Female,15,50-54 years,493,Ischemic heart disease,91,Lead exposure,3,Rate,2016,28.88794868,42.5059242,17.83779661
1,All Population,3,YLDs (Years Lived with Disability),4857,Kerala,1,Male,15,50-54 years,493,Ischemic heart disease,91,Lead exposure,3,Rate,2017,67.976732,99.42624784,40.41726038
1,All Population,3,YLDs (Years Lived with Disability),4857,Kerala,2,Female,15,50-54 years,493,Ischemic heart disease,91,Lead exposure,3,Rate,2017,30.1192634,43.01924942,18.06682359
1,All Population,3,YLDs (Years Lived with Disability),4850,Goa,1,Male,15,50-54 years,494,Stroke,91,Lead exposure,3,Rate,2017,13.64844478,35.93947971,-2.472419227
1,All Population,3,YLDs (Years Lived with Disability),4850,Goa,2,Female,15,50-54 years,494,Stroke,91,Lead exposure,3,Rate,2017,10.92225737,29.43230126,-1.665693313
1,All Population,3,YLDs (Years Lived with Disability),4855,Jharkhand,1,Male,15,50-54 years,502,Lower extremity peripheral arterial disease,91,Lead exposure,3,Rate,2018,0.009155542,0.032487683,-0.000898602
1,All Population,3,YLDs (Years Lived with Disability),4855,Jharkhand,2,Female,15,50-54 years,502,Lower extremity peripheral arterial disease,91,Lead exposure,3,Rate,2018,0.011084697,0.040548475,-0.00139895
1,All Population,3,YLDs (Years Lived with Disability),4865,Odisha,1,Male,15,50-54 years,494,Stroke,91,Lead exposure,3,Rate,2018,17.57426155,45.60442009,-2.704779454
1,All Population,3,YLDs (Years Lived with Disability),4865,Odisha,2,Female,15,50-54 years,494,Stroke,91,Lead exposure,3,Rate,2018,12.77216492,35.95065564,-1.693701947
1,All Population,3,YLDs (Years Lived with Disability),4870,Tamil Nadu,1,Male,15,50-54 years,498,Hypertensive heart disease,91,Lead exposure,3,Rate,2016,0.621036959,1.502703439,0
1,All Population,3,YLDs (Years Lived with Disability),4870,Tamil Nadu,2,Female,15,50-54 years,498,Hypertensive heart disease,91,Lead exposure,3,Rate,2016,1.065809688,2.431219125,0
1,All Population,3,YLDs (Years Lived with Disability),4844,Bihar,1,Male,15,50-54 years,502,Lower extremity peripheral arterial disease,91,Lead exposure,3,Rate,2017,0.011612568,0.038838713,-0.001392346
1,All Population,3,YLDs (Years Lived with Disability),4844,Bihar,2,Female,15,50-54 years,502,Lower extremity peripheral arterial disease,91,Lead exposure,3,Rate,2017,0.013564768,0.046749148,-0.001623922
1,All Population,3,YLDs (Years Lived with Disability),4844,Bihar,1,Male,15,50-54 years,493,Ischemic heart disease,380,Particulate matter pollution,3,Rate,2018,52.51693775,78.62616347,30.59313442
1,All Population,3,YLDs (Years Lived with Disability),4844,Bihar,2,Female,15,50-54 years,493,Ischemic heart disease,380,Particulate matter pollution,3,Rate,2018,36.97995675,56.59544058,20.81661162
1,All Population,3,YLDs (Years Lived with Disability),4844,Bihar,1,Male,15,50-54 years,494,Stroke,91,Lead exposure,3,Rate,2018,14.18100812,36.07968941,-2.450539808
1,All Population,3,YLDs (Years Lived with Disability),4844,Bihar,2,Female,15,50-54 years,494,Stroke,91,Lead exposure,3,Rate,2018,12.22408471,32.69721195,-2.123245375
1,All Population,3,YLDs (Years Lived with Disability),4874,Uttarakhand,1,Male,15,50-54 years,493,Ischemic heart disease,91,Lead exposure,3,Rate,2017,67.08111325,101.4577713,38.29709568
1,All Population,3,YLDs (Years Lived with Disability),4874,Uttarakhand,2,Female,15,50-54 years,493,Ischemic heart disease,91,Lead exposure,3,Rate,2017,34.17588665,48.92632307,20.78287038
1,All Population,3,YLDs (Years Lived with Disability),4841,Andhra Pradesh,1,Male,15,50-54 years,493,Ischemic heart disease,380,Particulate matter pollution,3,Rate,2018,56.62828864,83.1448213,32.82035382
1,All Population,3,YLDs (Years Lived with Disability),4841,Andhra Pradesh,2,Female,15,50-54 years,493,Ischemic heart disease,380,Particulate matter pollution,3,Rate,2018,34.50462708,51.75381302,20.3579137
1,All Population,3,YLDs (Years Lived with Disability),4841,Andhra Pradesh,1,Male,15,50-54 years,494,Stroke,91,Lead exposure,3,Rate,2018,13.43882103,36.26778934,-1.907739713
1,All Population,3,YLDs (Years Lived with Disability),4841,Andhra Pradesh,2,Female,15,50-54 years,494,Stroke,91,Lead exposure,3,Rate,2018,10.20186201,26.28841676,-1.445330862
1,All Population,3,YLDs (Years Lived with Disability),4874,Uttarakhand,1,Male,15,50-54 years,498,Hypertensive heart disease,91,Lead exposure,3,Rate,2016,0.647711216,1.583429804,0
1,All Population,3,YLDs (Years Lived with Disability),4874,Uttarakhand,2,Female,15,50-54 years,498,Hypertensive heart disease,91,Lead exposure,3,Rate,2016,1.104120037,2.819787234,0
1,All Population,3,YLDs (Years Lived with Disability),4850,Goa,1,Male,15,50-54 years,494,Stroke,91,Lead exposure,3,Rate,2018,13.46277811,35.56145655,-2.368040006
1,All Population,3,YLDs (Years Lived with Disability),4850,Goa,2,Female,15,50-54 years,494,Stroke,91,Lead exposure,3,Rate,2018,10.79553499,30.5246798,-1.907522141
1,All Population,3,YLDs (Years Lived with Disability),4846,Chhattisgarh,1,Male,15,50-54 years,494,Stroke,380,Particulate matter pollution,3,Rate,2018,122.8727682,181.783652,70.18190289
1,All Population,3,YLDs (Years Lived with Disability),4846,Chhattisgarh,2,Female,15,50-54 years,494,Stroke,380,Particulate matter pollution,3,Rate,2018,95.02609307,140.3421179,53.17892611
1,All Population,3,YLDs (Years Lived with Disability),4856,Karnataka,1,Male,15,50-54 years,493,Ischemic heart disease,380,Particulate matter pollution,3,Rate,2016,60.89675568,93.67510062,35.29452215
1,All Population,3,YLDs (Years Lived with Disability),4856,Karnataka,2,Female,15,50-54 years,493,Ischemic heart disease,380,Particulate matter pollution,3,Rate,2016,40.71357062,60.82389269,23.95312089
1,All Population,3,YLDs (Years Lived with Disability),4873,Uttar Pradesh,1,Male,15,50-54 years,498,Hypertensive heart disease,91,Lead exposure,3,Rate,2018,1.126306088,2.780596474,0
1,All Population,3,YLDs (Years Lived with Disability),4873,Uttar Pradesh,2,Female,15,50-54 years,498,Hypertensive heart disease,91,Lead exposure,3,Rate,2018,1.660287092,4.318169324,0
1,All Population,3,YLDs (Years Lived with Disability),4865,Odisha,1,Male,15,50-54 years,493,Ischemic heart disease,380,Particulate matter pollution,3,Rate,2018,42.60686647,64.26084754,25.45890974
1,All Population,3,YLDs (Years Lived with Disability),4865,Odisha,2,Female,15,50-54 years,493,Ischemic heart disease,380,Particulate matter pollution,3,Rate,2018,28.18186245,43.37995686,15.86108256
1,All Population,3,YLDs (Years Lived with Disability),4849,Delhi,1,Male,15,50-54 years,493,Ischemic heart disease,380,Particulate matter pollution,3,Rate,2018,62.06048715,97.16801603,34.504395
1,All Population,3,YLDs (Years Lived with Disability),4849,Delhi,2,Female,15,50-54 years,493,Ischemic heart disease,380,Particulate matter pollution,3,Rate,2018,40.92937882,63.21900686,23.75609866
1,All Population,3,YLDs (Years Lived with Disability),4849,Delhi,1,Male,15,50-54 years,494,Stroke,91,Lead exposure,3,Rate,2018,9.643535276,28.00516545,-1.074997425
1,All Population,3,YLDs (Years Lived with Disability),4849,Delhi,2,Female,15,50-54 years,494,Stroke,91,Lead exposure,3,Rate,2018,8.615553761,24.28301623,-0.814733859
1,All Population,3,YLDs (Years Lived with Disability),44538,Other Union Territories,1,Male,15,50-54 years,498,Hypertensive heart disease,91,Lead exposure,3,Rate,2016,0.701072223,1.753167367,0
1,All Population,3,YLDs (Years Lived with Disability),44538,Other Union Territories,2,Female,15,50-54 years,498,Hypertensive heart disease,91,Lead exposure,3,Rate,2016,1.212758137,3.027855424,0
1,All Population,3,YLDs (Years Lived with Disability),4853,Himachal Pradesh,1,Male,15,50-54 years,494,Stroke,380,Particulate matter pollution,3,Rate,2018,65.50206179,101.9300612,32.91310437
1,All Population,3,YLDs (Years Lived with Disability),4853,Himachal Pradesh,2,Female,15,50-54 years,494,Stroke,380,Particulate matter pollution,3,Rate,2018,57.52809253,85.68228028,31.1582541
1,All Population,3,YLDs (Years Lived with Disability),4853,Himachal Pradesh,1,Male,15,50-54 years,498,Hypertensive heart disease,91,Lead exposure,3,Rate,2018,0.672337236,1.731778379,0
1,All Population,3,YLDs (Years Lived with Disability),4853,Himachal Pradesh,2,Female,15,50-54 years,498,Hypertensive heart disease,91,Lead exposure,3,Rate,2018,1.101656364,2.991671197,0
1,All Population,3,YLDs (Years Lived with Disability),4859,Madhya Pradesh,1,Male,15,50-54 years,502,Lower extremity peripheral arterial disease,91,Lead exposure,3,Rate,2018,0.00972878,0.032799418,-0.001418025
1,All Population,3,YLDs (Years Lived with Disability),4859,Madhya Pradesh,2,Female,15,50-54 years,502,Lower extremity peripheral arterial disease,91,Lead exposure,3,Rate,2018,0.011623108,0.039507714,-0.001272582
1,All Population,3,YLDs (Years Lived with Disability),4867,Punjab,1,Male,15,50-54 years,500,Atrial fibrillation and flutter,91,Lead exposure,3,Rate,2018,0.90950547,3.072952447,-0.121051989
1,All Population,3,YLDs (Years Lived with Disability),4867,Punjab,2,Female,15,50-54 years,500,Atrial fibrillation and flutter,91,Lead exposure,3,Rate,2018,0.701447992,2.232083743,-0.093362399
1,All Population,3,YLDs (Years Lived with Disability),4859,Madhya Pradesh,1,Male,15,50-54 years,493,Ischemic heart disease,91,Lead exposure,3,Rate,2017,54.28611845,80.92561991,31.60677909
1,All Population,3,YLDs (Years Lived with Disability),4859,Madhya Pradesh,2,Female,15,50-54 years,493,Ischemic heart disease,91,Lead exposure,3,Rate,2017,27.58146218,41.38322313,16.87514579
1,All Population,3,YLDs (Years Lived with Disability),4873,Uttar Pradesh,1,Male,15,50-54 years,500,Atrial fibrillation and flutter,91,Lead exposure,3,Rate,2018,1.179266019,3.360678341,-0.114916311
1,All Population,3,YLDs (Years Lived with Disability),4873,Uttar Pradesh,2,Female,15,50-54 years,500,Atrial fibrillation and flutter,91,Lead exposure,3,Rate,2018,0.865490047,2.50553149,-0.10145161
1,All Population,3,YLDs (Years Lived with Disability),4857,Kerala,1,Male,15,50-54 years,494,Stroke,380,Particulate matter pollution,3,Rate,2017,85.75251077,134.0977356,46.73059717
1,All Population,3,YLDs (Years Lived with Disability),4857,Kerala,2,Female,15,50-54 years,494,Stroke,380,Particulate matter pollution,3,Rate,2017,70.61752719,108.9523698,39.77551098
1,All Population,3,YLDs (Years Lived with Disability),4873,Uttar Pradesh,1,Male,15,50-54 years,493,Ischemic heart disease,91,Lead exposure,3,Rate,2017,57.00835546,85.87057285,32.46147067
1,All Population,3,YLDs (Years Lived with Disability),4873,Uttar Pradesh,2,Female,15,50-54 years,493,Ischemic heart disease,91,Lead exposure,3,Rate,2017,39.08759933,57.6987958,24.41664499
1,All Population,3,YLDs (Years Lived with Disability),4849,Delhi,1,Male,15,50-54 years,500,Atrial fibrillation and flutter,91,Lead exposure,3,Rate,2017,0.802845992,2.428932111,-0.096579588
1,All Population,3,YLDs (Years Lived with Disability),4849,Delhi,2,Female,15,50-54 years,500,Atrial fibrillation and flutter,91,Lead exposure,3,Rate,2017,0.559146804,1.772044544,-0.084394157
1,All Population,3,YLDs (Years Lived with Disability),4849,Delhi,1,Male,15,50-54 years,502,Lower extremity peripheral arterial disease,91,Lead exposure,3,Rate,2017,0.006607776,0.021690579,-0.000611469
1,All Population,3,YLDs (Years Lived with Disability),4849,Delhi,2,Female,15,50-54 years,502,Lower extremity peripheral arterial disease,91,Lead exposure,3,Rate,2017,0.008125134,0.028614667,-0.00076424
1,All Population,3,YLDs (Years Lived with Disability),4846,Chhattisgarh,1,Male,15,50-54 years,494,Stroke,380,Particulate matter pollution,3,Rate,2017,122.4157343,185.0251923,70.97385418
1,All Population,3,YLDs (Years Lived with Disability),4846,Chhattisgarh,2,Female,15,50-54 years,494,Stroke,380,Particulate matter pollution,3,Rate,2017,95.828848,138.7811022,56.73021168
1,All Population,3,YLDs (Years Lived with Disability),4869,Sikkim,1,Male,15,50-54 years,498,Hypertensive heart disease,91,Lead exposure,3,Rate,2018,0.76060004,1.96622535,0
1,All Population,3,YLDs (Years Lived with Disability),4869,Sikkim,2,Female,15,50-54 years,498,Hypertensive heart disease,91,Lead exposure,3,Rate,2018,0.948849548,2.270933912,0
1,All Population,3,YLDs (Years Lived with Disability),4850,Goa,1,Male,15,50-54 years,493,Ischemic heart disease,91,Lead exposure,3,Rate,2018,48.46496653,70.64429283,29.189267
1,All Population,3,YLDs (Years Lived with Disability),4850,Goa,2,Female,15,50-54 years,493,Ischemic heart disease,91,Lead exposure,3,Rate,2018,28.27867225,42.10968152,16.67879644
1,All Population,3,YLDs (Years Lived with Disability),4869,Sikkim,1,Male,15,50-54 years,500,Atrial fibrillation and flutter,91,Lead exposure,3,Rate,2017,1.202421742,4.083597103,-0.123575473
1,All Population,3,YLDs (Years Lived with Disability),4869,Sikkim,2,Female,15,50-54 years,500,Atrial fibrillation and flutter,91,Lead exposure,3,Rate,2017,0.856510416,2.921269095,-0.092623907
1,All Population,3,YLDs (Years Lived with Disability),4869,Sikkim,1,Male,15,50-54 years,502,Lower extremity peripheral arterial disease,91,Lead exposure,3,Rate,2017,0.007993406,0.028013835,-0.000966492
1,All Population,3,YLDs (Years Lived with Disability),4869,Sikkim,2,Female,15,50-54 years,502,Lower extremity peripheral arterial disease,91,Lead exposure,3,Rate,2017,0.007617043,0.026894736,-0.000916746
1,All Population,3,YLDs (Years Lived with Disability),4869,Sikkim,1,Male,15,50-54 years,500,Atrial fibrillation and flutter,91,Lead exposure,3,Rate,2016,1.206955495,3.954892941,-0.126862275
1,All Population,3,YLDs (Years Lived with Disability),4869,Sikkim,2,Female,15,50-54 years,500,Atrial fibrillation and flutter,91,Lead exposure,3,Rate,2016,0.853880723,2.767012137,-0.094841025
1,All Population,3,YLDs (Years Lived with Disability),4869,Sikkim,1,Male,15,50-54 years,502,Lower extremity peripheral arterial disease,91,Lead exposure,3,Rate,2016,0.008039,0.030077714,-0.001107873
1,All Population,3,YLDs (Years Lived with Disability),4869,Sikkim,2,Female,15,50-54 years,502,Lower extremity peripheral arterial disease,91,Lead exposure,3,Rate,2016,0.007593236,0.026020027,-0.000973393
1,All Population,3,YLDs (Years Lived with Disability),4860,Maharashtra,1,Male,15,50-54 years,493,Ischemic heart disease,380,Particulate matter pollution,3,Rate,2018,45.18233941,68.46858171,25.2118131
1,All Population,3,YLDs (Years Lived with Disability),4860,Maharashtra,2,Female,15,50-54 years,493,Ischemic heart disease,380,Particulate matter pollution,3,Rate,2018,29.50923262,42.93127941,17.08090394
1,All Population,3,YLDs (Years Lived with Disability),4860,Maharashtra,1,Male,15,50-54 years,494,Stroke,91,Lead exposure,3,Rate,2018,16.40682379,44.00548304,-2.550037883
1,All Population,3,YLDs (Years Lived with Disability),4860,Maharashtra,2,Female,15,50-54 years,494,Stroke,91,Lead exposure,3,Rate,2018,11.88551634,30.46934051,-1.716935878
1,All Population,3,YLDs (Years Lived with Disability),4855,Jharkhand,1,Male,15,50-54 years,500,Atrial fibrillation and flutter,91,Lead exposure,3,Rate,2018,1.084873778,3.20382559,-0.146866285
1,All Population,3,YLDs (Years Lived with Disability),4855,Jharkhand,2,Female,15,50-54 years,500,Atrial fibrillation and flutter,91,Lead exposure,3,Rate,2018,0.810515359,2.550862545,-0.101469538
1,All Population,3,YLDs (Years Lived with Disability),4863,Mizoram,1,Male,15,50-54 years,494,Stroke,380,Particulate matter pollution,3,Rate,2018,55.17777578,86.76684873,31.30134714
1,All Population,3,YLDs (Years Lived with Disability),4863,Mizoram,2,Female,15,50-54 years,494,Stroke,380,Particulate matter pollution,3,Rate,2018,48.21950498,76.29968906,26.8516535
1,All Population,3,YLDs (Years Lived with Disability),4867,Punjab,1,Male,15,50-54 years,498,Hypertensive heart disease,91,Lead exposure,3,Rate,2016,0.418810348,1.140537777,0
1,All Population,3,YLDs (Years Lived with Disability),4867,Punjab,2,Female,15,50-54 years,498,Hypertensive heart disease,91,Lead exposure,3,Rate,2016,0.609799652,1.471351693,0
1,All Population,3,YLDs (Years Lived with Disability),4871,Telangana,1,Male,15,50-54 years,493,Ischemic heart disease,91,Lead exposure,3,Rate,2017,61.07174207,92.60934241,36.37488591
1,All Population,3,YLDs (Years Lived with Disability),4871,Telangana,2,Female,15,50-54 years,493,Ischemic heart disease,91,Lead exposure,3,Rate,2017,33.73091682,49.50473424,20.55313664
1,All Population,3,YLDs (Years Lived with Disability),4852,Haryana,1,Male,15,50-54 years,493,Ischemic heart disease,380,Particulate matter pollution,3,Rate,2017,70.3400638,106.4541687,39.32606717
1,All Population,3,YLDs (Years Lived with Disability),4852,Haryana,2,Female,15,50-54 years,493,Ischemic heart disease,380,Particulate matter pollution,3,Rate,2017,40.36919296,59.28248889,24.49504205
1,All Population,3,YLDs (Years Lived with Disability),4856,Karnataka,1,Male,15,50-54 years,493,Ischemic heart disease,91,Lead exposure,3,Rate,2018,62.26274601,91.98515251,39.18034583
1,All Population,3,YLDs (Years Lived with Disability),4856,Karnataka,2,Female,15,50-54 years,493,Ischemic heart disease,91,Lead exposure,3,Rate,2018,40.98142457,59.31646711,25.55425631
1,All Population,3,YLDs (Years Lived with Disability),4841,Andhra Pradesh,1,Male,15,50-54 years,502,Lower extremity peripheral arterial disease,91,Lead exposure,3,Rate,2017,0.008815517,0.027864138,-0.000874351
1,All Population,3,YLDs (Years Lived with Disability),4841,Andhra Pradesh,2,Female,15,50-54 years,502,Lower extremity peripheral arterial disease,91,Lead exposure,3,Rate,2017,0.011038575,0.037018696,-0.001223854
1,All Population,3,YLDs (Years Lived with Disability),4868,Rajasthan,1,Male,15,50-54 years,498,Hypertensive heart disease,91,Lead exposure,3,Rate,2015,0.47646059,1.196022109,0
1,All Population,3,YLDs (Years Lived with Disability),4868,Rajasthan,2,Female,15,50-54 years,498,Hypertensive heart disease,91,Lead exposure,3,Rate,2015,0.779319759,1.92347189,0
1,All Population,3,YLDs (Years Lived with Disability),4872,Tripura,1,Male,15,50-54 years,493,Ischemic heart disease,91,Lead exposure,3,Rate,2018,45.65982936,65.99962774,27.86008042
1,All Population,3,YLDs (Years Lived with Disability),4872,Tripura,2,Female,15,50-54 years,493,Ischemic heart disease,91,Lead exposure,3,Rate,2018,26.89143128,39.70392626,16.48770712
1,All Population,3,YLDs (Years Lived with Disability),4855,Jharkhand,1,Male,15,50-54 years,502,Lower extremity peripheral arterial disease,91,Lead exposure,3,Rate,2016,0.009808009,0.034405047,-0.0009951
1,All Population,3,YLDs (Years Lived with Disability),4855,Jharkhand,2,Female,15,50-54 years,502,Lower extremity peripheral arterial disease,91,Lead exposure,3,Rate,2016,0.011485507,0.037862725,-0.001501693
1,All Population,3,YLDs (Years Lived with Disability),4874,Uttarakhand,1,Male,15,50-54 years,502,Lower extremity peripheral arterial disease,91,Lead exposure,3,Rate,2016,0.010043331,0.032262886,-0.001145542
1,All Population,3,YLDs (Years Lived with Disability),4874,Uttarakhand,2,Female,15,50-54 years,502,Lower extremity peripheral arterial disease,91,Lead exposure,3,Rate,2016,0.013098419,0.040565483,-0.001245914
1,All Population,3,YLDs (Years Lived with Disability),4873,Uttar Pradesh,1,Male,15,50-54 years,494,Stroke,91,Lead exposure,3,Rate,2016,18.63980509,48.14415737,-2.510968566
1,All Population,3,YLDs (Years Lived with Disability),4873,Uttar Pradesh,2,Female,15,50-54 years,494,Stroke,91,Lead exposure,3,Rate,2016,18.91854748,45.05235079,-2.401003438
1,All Population,3,YLDs (Years Lived with Disability),4864,Nagaland,1,Male,15,50-54 years,502,Lower extremity peripheral arterial disease,91,Lead exposure,3,Rate,2018,0.007612956,0.028079752,-0.00088027
1,All Population,3,YLDs (Years Lived with Disability),4864,Nagaland,2,Female,15,50-54 years,502,Lower extremity peripheral arterial disease,91,Lead exposure,3,Rate,2018,0.008868095,0.031036535,-0.00113569
1,All Population,3,YLDs (Years Lived with Disability),4871,Telangana,1,Male,15,50-54 years,494,Stroke,380,Particulate matter pollution,3,Rate,2017,63.07537252,98.00160205,34.88700456
1,All Population,3,YLDs (Years Lived with Disability),4871,Telangana,2,Female,15,50-54 years,494,Stroke,380,Particulate matter pollution,3,Rate,2017,51.9396262,79.46061982,29.09288555
1,All Population,3,YLDs (Years Lived with Disability),4872,Tripura,1,Male,15,50-54 years,494,Stroke,380,Particulate matter pollution,3,Rate,2018,135.6726027,206.8349917,76.02734683
1,All Population,3,YLDs (Years Lived with Disability),4872,Tripura,2,Female,15,50-54 years,494,Stroke,380,Particulate matter pollution,3,Rate,2018,99.97751603,151.2292982,55.18887593
1,All Population,3,YLDs (Years Lived with Disability),4870,Tamil Nadu,1,Male,15,50-54 years,494,Stroke,380,Particulate matter pollution,3,Rate,2018,60.87485001,96.13952438,32.40432203
1,All Population,3,YLDs (Years Lived with Disability),4870,Tamil Nadu,2,Female,15,50-54 years,494,Stroke,380,Particulate matter pollution,3,Rate,2018,55.38748324,89.30398891,29.34572006
1,All Population,3,YLDs (Years Lived with Disability),4864,Nagaland,1,Male,15,50-54 years,502,Lower extremity peripheral arterial disease,91,Lead exposure,3,Rate,2017,0.007880391,0.028750265,-0.00088407
1,All Population,3,YLDs (Years Lived with Disability),4864,Nagaland,2,Female,15,50-54 years,502,Lower extremity peripheral arterial disease,91,Lead exposure,3,Rate,2017,0.009149454,0.030911894,-0.001029239
1,All Population,3,YLDs (Years Lived with Disability),4861,Manipur,1,Male,15,50-54 years,493,Ischemic heart disease,91,Lead exposure,3,Rate,2018,37.29890397,55.5234379,21.76288711
1,All Population,3,YLDs (Years Lived with Disability),4861,Manipur,2,Female,15,50-54 years,493,Ischemic heart disease,91,Lead exposure,3,Rate,2018,25.48736912,35.89190905,14.61514945
1,All Population,3,YLDs (Years Lived with Disability),4871,Telangana,1,Male,15,50-54 years,498,Hypertensive heart disease,91,Lead exposure,3,Rate,2017,0.64633146,1.544557472,0
1,All Population,3,YLDs (Years Lived with Disability),4871,Telangana,2,Female,15,50-54 years,498,Hypertensive heart disease,91,Lead exposure,3,Rate,2017,1.148287126,2.753219023,0
1,All Population,3,YLDs (Years Lived with Disability),4855,Jharkhand,1,Male,15,50-54 years,494,Stroke,91,Lead exposure,3,Rate,2018,14.89967322,38.21162745,-2.234315485
1,All Population,3,YLDs (Years Lived with Disability),4855,Jharkhand,2,Female,15,50-54 years,494,Stroke,91,Lead exposure,3,Rate,2018,14.4714619,36.07768151,-2.078994795
1,All Population,3,YLDs (Years Lived with Disability),4867,Punjab,1,Male,15,50-54 years,500,Atrial fibrillation and flutter,91,Lead exposure,3,Rate,2017,0.910864273,2.846211502,-0.125530393
1,All Population,3,YLDs (Years Lived with Disability),4867,Punjab,2,Female,15,50-54 years,500,Atrial fibrillation and flutter,91,Lead exposure,3,Rate,2017,0.716964793,2.221859868,-0.111061871
1,All Population,3,YLDs (Years Lived with Disability),4846,Chhattisgarh,1,Male,15,50-54 years,493,Ischemic heart disease,91,Lead exposure,3,Rate,2019,45.01665772,66.38289815,26.85081593
1,All Population,3,YLDs (Years Lived with Disability),4846,Chhattisgarh,2,Female,15,50-54 years,493,Ischemic heart disease,91,Lead exposure,3,Rate,2019,25.29142306,36.32233824,15.09010406
1,All Population,3,YLDs (Years Lived with Disability),4871,Telangana,1,Male,15,50-54 years,493,Ischemic heart disease,380,Particulate matter pollution,3,Rate,2018,57.6234502,88.63853224,32.04078491
1,All Population,3,YLDs (Years Lived with Disability),4871,Telangana,2,Female,15,50-54 years,493,Ischemic heart disease,380,Particulate matter pollution,3,Rate,2018,36.44601595,54.93071916,21.58283088
1,All Population,3,YLDs (Years Lived with Disability),4871,Telangana,1,Male,15,50-54 years,494,Stroke,91,Lead exposure,3,Rate,2018,13.93390582,32.84601992,-1.953509738
1,All Population,3,YLDs (Years Lived with Disability),4871,Telangana,2,Female,15,50-54 years,494,Stroke,91,Lead exposure,3,Rate,2018,9.189880585,22.45031502,-1.247124036
1,All Population,3,YLDs (Years Lived with Disability),4869,Sikkim,1,Male,15,50-54 years,494,Stroke,380,Particulate matter pollution,3,Rate,2016,74.95994961,112.3204434,41.56788386
1,All Population,3,YLDs (Years Lived with Disability),4869,Sikkim,2,Female,15,50-54 years,494,Stroke,380,Particulate matter pollution,3,Rate,2016,66.6691435,101.8289799,38.17808152
1,All Population,3,YLDs (Years Lived with Disability),4870,Tamil Nadu,1,Male,15,50-54 years,493,Ischemic heart disease,91,Lead exposure,3,Rate,2018,67.38495473,103.0705843,41.15497418
1,All Population,3,YLDs (Years Lived with Disability),4870,Tamil Nadu,2,Female,15,50-54 years,493,Ischemic heart disease,91,Lead exposure,3,Rate,2018,33.72168306,49.31060033,20.32650154
1,All Population,3,YLDs (Years Lived with Disability),4842,Arunachal Pradesh,1,Male,15,50-54 years,494,Stroke,380,Particulate matter pollution,3,Rate,2016,67.39692524,106.1668294,36.67112482
1,All Population,3,YLDs (Years Lived with Disability),4842,Arunachal Pradesh,2,Female,15,50-54 years,494,Stroke,380,Particulate matter pollution,3,Rate,2016,59.08784871,90.33707221,32.17182748
1,All Population,3,YLDs (Years Lived with Disability),4871,Telangana,1,Male,15,50-54 years,502,Lower extremity peripheral arterial disease,91,Lead exposure,3,Rate,2017,0.010003937,0.033004946,-0.001165216
1,All Population,3,YLDs (Years Lived with Disability),4871,Telangana,2,Female,15,50-54 years,502,Lower extremity peripheral arterial disease,91,Lead exposure,3,Rate,2017,0.011523575,0.044615073,-0.001124929
1,All Population,3,YLDs (Years Lived with Disability),4874,Uttarakhand,1,Male,15,50-54 years,500,Atrial fibrillation and flutter,91,Lead exposure,3,Rate,2017,1.131947866,3.431520664,-0.145589786
1,All Population,3,YLDs (Years Lived with Disability),4874,Uttarakhand,2,Female,15,50-54 years,500,Atrial fibrillation and flutter,91,Lead exposure,3,Rate,2017,0.829328081,2.577793387,-0.101540998
1,All Population,3,YLDs (Years Lived with Disability),4861,Manipur,1,Male,15,50-54 years,500,Atrial fibrillation and flutter,91,Lead exposure,3,Rate,2018,1.22202622,3.729037156,-0.187009603
1,All Population,3,YLDs (Years Lived with Disability),4861,Manipur,2,Female,15,50-54 years,500,Atrial fibrillation and flutter,91,Lead exposure,3,Rate,2018,0.874984218,2.745939408,-0.149664285
1,All Population,3,YLDs (Years Lived with Disability),4873,Uttar Pradesh,1,Male,15,50-54 years,494,Stroke,380,Particulate matter pollution,3,Rate,2019,105.391237,152.6591393,58.08715488
1,All Population,3,YLDs (Years Lived with Disability),4873,Uttar Pradesh,2,Female,15,50-54 years,494,Stroke,380,Particulate matter pollution,3,Rate,2019,121.2165278,181.5667049,71.81955509
1,All Population,3,YLDs (Years Lived with Disability),4871,Telangana,1,Male,15,50-54 years,502,Lower extremity peripheral arterial disease,91,Lead exposure,3,Rate,2019,0.009313575,0.03174621,-0.000914608
1,All Population,3,YLDs (Years Lived with Disability),4871,Telangana,2,Female,15,50-54 years,502,Lower extremity peripheral arterial disease,91,Lead exposure,3,Rate,2019,0.010654637,0.038795956,-0.001362367
1,All Population,3,YLDs (Years Lived with Disability),4844,Bihar,1,Male,15,50-54 years,493,Ischemic heart disease,91,Lead exposure,3,Rate,2018,44.41084585,64.90055673,27.11826859
1,All Population,3,YLDs (Years Lived with Disability),4844,Bihar,2,Female,15,50-54 years,493,Ischemic heart disease,91,Lead exposure,3,Rate,2018,28.64645894,42.08958328,17.03960983
1,All Population,3,YLDs (Years Lived with Disability),4862,Meghalaya,1,Male,15,50-54 years,502,Lower extremity peripheral arterial disease,91,Lead exposure,3,Rate,2018,0.010406439,0.032013537,-0.001295377
1,All Population,3,YLDs (Years Lived with Disability),4862,Meghalaya,2,Female,15,50-54 years,502,Lower extremity peripheral arterial disease,91,Lead exposure,3,Rate,2018,0.012309836,0.037315715,-0.001372489
1,All Population,3,YLDs (Years Lived with Disability),4868,Rajasthan,1,Male,15,50-54 years,502,Lower extremity peripheral arterial disease,91,Lead exposure,3,Rate,2018,0.005793831,0.019928029,-0.000779382
1,All Population,3,YLDs (Years Lived with Disability),4868,Rajasthan,2,Female,15,50-54 years,502,Lower extremity peripheral arterial disease,91,Lead exposure,3,Rate,2018,0.006163977,0.020733828,-0.000871325
1,All Population,3,YLDs (Years Lived with Disability),4875,West Bengal,1,Male,15,50-54 years,502,Lower extremity peripheral arterial disease,91,Lead exposure,3,Rate,2017,0.008669812,0.028121699,-0.001072383
1,All Population,3,YLDs (Years Lived with Disability),4875,West Bengal,2,Female,15,50-54 years,502,Lower extremity peripheral arterial disease,91,Lead exposure,3,Rate,2017,0.011505357,0.035502984,-0.001261478
1,All Population,3,YLDs (Years Lived with Disability),4874,Uttarakhand,1,Male,15,50-54 years,502,Lower extremity peripheral arterial disease,91,Lead exposure,3,Rate,2018,0.009448473,0.029995158,-0.000984063
1,All Population,3,YLDs (Years Lived with Disability),4874,Uttarakhand,2,Female,15,50-54 years,502,Lower extremity peripheral arterial disease,91,Lead exposure,3,Rate,2018,0.012380857,0.042872347,-0.001203006
1,All Population,3,YLDs (Years Lived with Disability),4875,West Bengal,1,Male,15,50-54 years,500,Atrial fibrillation and flutter,91,Lead exposure,3,Rate,2018,1.050290599,3.392446824,-0.170319552
1,All Population,3,YLDs (Years Lived with Disability),4875,West Bengal,2,Female,15,50-54 years,500,Atrial fibrillation and flutter,91,Lead exposure,3,Rate,2018,0.813262454,2.618515596,-0.118773246
1,All Population,3,YLDs (Years Lived with Disability),4841,Andhra Pradesh,1,Male,15,50-54 years,494,Stroke,380,Particulate matter pollution,3,Rate,2019,60.01224314,97.07594345,32.24192571
1,All Population,3,YLDs (Years Lived with Disability),4841,Andhra Pradesh,2,Female,15,50-54 years,494,Stroke,380,Particulate matter pollution,3,Rate,2019,54.75349367,85.25830252,31.17116087
1,All Population,3,YLDs (Years Lived with Disability),4851,Gujarat,1,Male,15,50-54 years,502,Lower extremity peripheral arterial disease,91,Lead exposure,3,Rate,2019,0.010321142,0.036460226,-0.000975439
1,All Population,3,YLDs (Years Lived with Disability),4851,Gujarat,2,Female,15,50-54 years,502,Lower extremity peripheral arterial disease,91,Lead exposure,3,Rate,2019,0.01409989,0.044919266,-0.001714286
1,All Population,3,YLDs (Years Lived with Disability),4849,Delhi,1,Male,15,50-54 years,493,Ischemic heart disease,91,Lead exposure,3,Rate,2019,40.01933,59.63805113,23.46849792
1,All Population,3,YLDs (Years Lived with Disability),4849,Delhi,2,Female,15,50-54 years,493,Ischemic heart disease,91,Lead exposure,3,Rate,2019,23.07899153,34.16441788,14.10016233
1,All Population,3,YLDs (Years Lived with Disability),4852,Haryana,1,Male,15,50-54 years,502,Lower extremity peripheral arterial disease,91,Lead exposure,3,Rate,2019,0.007993644,0.027231359,-0.000822969
1,All Population,3,YLDs (Years Lived with Disability),4852,Haryana,2,Female,15,50-54 years,502,Lower extremity peripheral arterial disease,91,Lead exposure,3,Rate,2019,0.010647662,0.035482292,-0.001221786
1,All Population,3,YLDs (Years Lived with Disability),4855,Jharkhand,1,Male,15,50-54 years,494,Stroke,380,Particulate matter pollution,3,Rate,2019,85.74497597,133.2729489,50.73203377
1,All Population,3,YLDs (Years Lived with Disability),4855,Jharkhand,2,Female,15,50-54 years,494,Stroke,380,Particulate matter pollution,3,Rate,2019,101.4873736,151.1426529,59.4646876
1,All Population,3,YLDs (Years Lived with Disability),4841,Andhra Pradesh,1,Male,15,50-54 years,498,Hypertensive heart disease,91,Lead exposure,3,Rate,2019,0.560144882,1.414891706,0
1,All Population,3,YLDs (Years Lived with Disability),4841,Andhra Pradesh,2,Female,15,50-54 years,498,Hypertensive heart disease,91,Lead exposure,3,Rate,2019,1.020252578,2.559513042,0
1,All Population,3,YLDs (Years Lived with Disability),4863,Mizoram,1,Male,15,50-54 years,494,Stroke,380,Particulate matter pollution,3,Rate,2016,55.60551479,87.94584229,31.39903805
1,All Population,3,YLDs (Years Lived with Disability),4863,Mizoram,2,Female,15,50-54 years,494,Stroke,380,Particulate matter pollution,3,Rate,2016,48.56719093,74.81090602,27.30795369
1,All Population,3,YLDs (Years Lived with Disability),4865,Odisha,1,Male,15,50-54 years,494,Stroke,91,Lead exposure,3,Rate,2016,17.87370137,49.54404164,-3.004168965
1,All Population,3,YLDs (Years Lived with Disability),4865,Odisha,2,Female,15,50-54 years,494,Stroke,91,Lead exposure,3,Rate,2016,13.01065663,35.57396017,-2.291200336
1,All Population,3,YLDs (Years Lived with Disability),4871,Telangana,1,Male,15,50-54 years,493,Ischemic heart disease,91,Lead exposure,3,Rate,2018,59.89187259,88.81224533,36.67223795
1,All Population,3,YLDs (Years Lived with Disability),4871,Telangana,2,Female,15,50-54 years,493,Ischemic heart disease,91,Lead exposure,3,Rate,2018,33.110651,47.81038963,20.30213343
1,All Population,3,YLDs (Years Lived with Disability),4853,Himachal Pradesh,1,Male,15,50-54 years,494,Stroke,380,Particulate matter pollution,3,Rate,2017,66.87511226,102.4950835,37.03350223
1,All Population,3,YLDs (Years Lived with Disability),4853,Himachal Pradesh,2,Female,15,50-54 years,494,Stroke,380,Particulate matter pollution,3,Rate,2017,59.06765098,92.6016667,32.64486783
1,All Population,3,YLDs (Years Lived with Disability),4853,Himachal Pradesh,1,Male,15,50-54 years,498,Hypertensive heart disease,91,Lead exposure,3,Rate,2017,0.66282068,1.791434191,0
1,All Population,3,YLDs (Years Lived with Disability),4853,Himachal Pradesh,2,Female,15,50-54 years,498,Hypertensive heart disease,91,Lead exposure,3,Rate,2017,1.11053663,2.774148098,0
1,All Population,3,YLDs (Years Lived with Disability),4859,Madhya Pradesh,1,Male,15,50-54 years,493,Ischemic heart disease,91,Lead exposure,3,Rate,2018,53.43845195,77.68178675,32.67411255
1,All Population,3,YLDs (Years Lived with Disability),4859,Madhya Pradesh,2,Female,15,50-54 years,493,Ischemic heart disease,91,Lead exposure,3,Rate,2018,26.68229126,39.79617921,15.82584511
1,All Population,3,YLDs (Years Lived with Disability),4874,Uttarakhand,1,Male,15,50-54 years,493,Ischemic heart disease,91,Lead exposure,3,Rate,2018,65.7365506,97.52099563,39.28277387
1,All Population,3,YLDs (Years Lived with Disability),4874,Uttarakhand,2,Female,15,50-54 years,493,Ischemic heart disease,91,Lead exposure,3,Rate,2018,33.33962132,48.34419346,20.21518678
1,All Population,3,YLDs (Years Lived with Disability),4860,Maharashtra,1,Male,15,50-54 years,500,Atrial fibrillation and flutter,91,Lead exposure,3,Rate,2018,1.028615978,2.799334673,-0.1625515
1,All Population,3,YLDs (Years Lived with Disability),4860,Maharashtra,2,Female,15,50-54 years,500,Atrial fibrillation and flutter,91,Lead exposure,3,Rate,2018,0.770855051,2.276695418,-0.079074019
1,All Population,3,YLDs (Years Lived with Disability),4857,Kerala,1,Male,15,50-54 years,494,Stroke,380,Particulate matter pollution,3,Rate,2019,79.82866717,129.5822027,43.20936351
1,All Population,3,YLDs (Years Lived with Disability),4857,Kerala,2,Female,15,50-54 years,494,Stroke,380,Particulate matter pollution,3,Rate,2019,66.97981561,106.4031457,36.94360848
1,All Population,3,YLDs (Years Lived with Disability),4853,Himachal Pradesh,1,Male,15,50-54 years,493,Ischemic heart disease,91,Lead exposure,3,Rate,2019,53.47404566,78.14151431,32.19229902
1,All Population,3,YLDs (Years Lived with Disability),4853,Himachal Pradesh,2,Female,15,50-54 years,493,Ischemic heart disease,91,Lead exposure,3,Rate,2019,23.80724188,34.80122822,14.20027695
1,All Population,3,YLDs (Years Lived with Disability),4871,Telangana,1,Male,15,50-54 years,494,Stroke,380,Particulate matter pollution,3,Rate,2016,63.46029562,102.2761933,35.65166725
1,All Population,3,YLDs (Years Lived with Disability),4871,Telangana,2,Female,15,50-54 years,494,Stroke,380,Particulate matter pollution,3,Rate,2016,52.59419332,79.38823982,30.61313674
1,All Population,3,YLDs (Years Lived with Disability),4854,Jammu & Kashmir and Ladakh,1,Male,15,50-54 years,493,Ischemic heart disease,380,Particulate matter pollution,3,Rate,2016,54.68869338,82.83094713,31.56521422
1,All Population,3,YLDs (Years Lived with Disability),4854,Jammu & Kashmir and Ladakh,2,Female,15,50-54 years,493,Ischemic heart disease,380,Particulate matter pollution,3,Rate,2016,39.33246118,58.67940594,22.885249
1,All Population,3,YLDs (Years Lived with Disability),4854,Jammu & Kashmir and Ladakh,1,Male,15,50-54 years,494,Stroke,91,Lead exposure,3,Rate,2016,10.52644755,26.40757331,-1.754880583
1,All Population,3,YLDs (Years Lived with Disability),4854,Jammu & Kashmir and Ladakh,2,Female,15,50-54 years,494,Stroke,91,Lead exposure,3,Rate,2016,8.490157555,20.33362833,-1.343782845
1,All Population,3,YLDs (Years Lived with Disability),4850,Goa,1,Male,15,50-54 years,500,Atrial fibrillation and flutter,91,Lead exposure,3,Rate,2016,1.09567927,3.816669856,-0.148949963
1,All Population,3,YLDs (Years Lived with Disability),4850,Goa,2,Female,15,50-54 years,500,Atrial fibrillation and flutter,91,Lead exposure,3,Rate,2016,0.795712178,2.707356077,-0.116995973
1,All Population,3,YLDs (Years Lived with Disability),4841,Andhra Pradesh,1,Male,15,50-54 years,500,Atrial fibrillation and flutter,91,Lead exposure,3,Rate,2019,1.068874295,3.348385166,-0.117953472
1,All Population,3,YLDs (Years Lived with Disability),4841,Andhra Pradesh,2,Female,15,50-54 years,500,Atrial fibrillation and flutter,91,Lead exposure,3,Rate,2019,0.779763811,2.259250789,-0.102231378
1,All Population,3,YLDs (Years Lived with Disability),4863,Mizoram,1,Male,15,50-54 years,493,Ischemic heart disease,380,Particulate matter pollution,3,Rate,2017,28.51093187,42.93378941,17.11218902
1,All Population,3,YLDs (Years Lived with Disability),4863,Mizoram,2,Female,15,50-54 years,493,Ischemic heart disease,380,Particulate matter pollution,3,Rate,2017,17.36885553,25.76379179,9.507115756
1,All Population,3,YLDs (Years Lived with Disability),4863,Mizoram,1,Male,15,50-54 years,494,Stroke,91,Lead exposure,3,Rate,2017,13.30485659,35.28486027,-2.246457359
1,All Population,3,YLDs (Years Lived with Disability),4863,Mizoram,2,Female,15,50-54 years,494,Stroke,91,Lead exposure,3,Rate,2017,8.429495472,22.2946578,-1.453417582
1,All Population,3,YLDs (Years Lived with Disability),4842,Arunachal Pradesh,1,Male,15,50-54 years,500,Atrial fibrillation and flutter,91,Lead exposure,3,Rate,2017,1.166251853,3.739700902,-0.164829331
1,All Population,3,YLDs (Years Lived with Disability),4842,Arunachal Pradesh,2,Female,15,50-54 years,500,Atrial fibrillation and flutter,91,Lead exposure,3,Rate,2017,0.871501309,3.177554802,-0.126962627
1,All Population,3,YLDs (Years Lived with Disability),4868,Rajasthan,1,Male,15,50-54 years,493,Ischemic heart disease,380,Particulate matter pollution,3,Rate,2018,78.62611858,118.3323155,46.6357645
1,All Population,3,YLDs (Years Lived with Disability),4868,Rajasthan,2,Female,15,50-54 years,493,Ischemic heart disease,380,Particulate matter pollution,3,Rate,2018,43.03903211,65.0988495,25.68921711
1,All Population,3,YLDs (Years Lived with Disability),4868,Rajasthan,1,Male,15,50-54 years,494,Stroke,91,Lead exposure,3,Rate,2018,8.276078257,20.82305616,-1.144720443
1,All Population,3,YLDs (Years Lived with Disability),4868,Rajasthan,2,Female,15,50-54 years,494,Stroke,91,Lead exposure,3,Rate,2018,5.477443577,15.33332698,-0.814889224
1,All Population,3,YLDs (Years Lived with Disability),4862,Meghalaya,1,Male,15,50-54 years,502,Lower extremity peripheral arterial disease,91,Lead exposure,3,Rate,2017,0.010707986,0.032525317,-0.001205978
1,All Population,3,YLDs (Years Lived with Disability),4862,Meghalaya,2,Female,15,50-54 years,502,Lower extremity peripheral arterial disease,91,Lead exposure,3,Rate,2017,0.012423595,0.03880254,-0.001448658
1,All Population,3,YLDs (Years Lived with Disability),4852,Haryana,1,Male,15,50-54 years,500,Atrial fibrillation and flutter,91,Lead exposure,3,Rate,2016,1.049584358,3.16225377,-0.151502968
1,All Population,3,YLDs (Years Lived with Disability),4852,Haryana,2,Female,15,50-54 years,500,Atrial fibrillation and flutter,91,Lead exposure,3,Rate,2016,0.757621038,2.38472981,-0.101823662
1,All Population,3,YLDs (Years Lived with Disability),4860,Maharashtra,1,Male,15,50-54 years,494,Stroke,380,Particulate matter pollution,3,Rate,2019,82.93865636,128.3599371,46.43992818
1,All Population,3,YLDs (Years Lived with Disability),4860,Maharashtra,2,Female,15,50-54 years,494,Stroke,380,Particulate matter pollution,3,Rate,2019,69.40934861,102.3080827,38.3206752
1,All Population,3,YLDs (Years Lived with Disability),4869,Sikkim,1,Male,15,50-54 years,493,Ischemic heart disease,91,Lead exposure,3,Rate,2019,35.54364015,51.18335507,21.60043079
1,All Population,3,YLDs (Years Lived with Disability),4869,Sikkim,2,Female,15,50-54 years,493,Ischemic heart disease,91,Lead exposure,3,Rate,2019,22.85841968,33.7625108,14.69698927
1,All Population,3,YLDs (Years Lived with Disability),4857,Kerala,1,Male,15,50-54 years,500,Atrial fibrillation and flutter,91,Lead exposure,3,Rate,2017,1.125800627,3.820772907,-0.185193303
1,All Population,3,YLDs (Years Lived with Disability),4857,Kerala,2,Female,15,50-54 years,500,Atrial fibrillation and flutter,91,Lead exposure,3,Rate,2017,0.854506834,2.775933127,-0.122202561
1,All Population,3,YLDs (Years Lived with Disability),4875,West Bengal,1,Male,15,50-54 years,493,Ischemic heart disease,380,Particulate matter pollution,3,Rate,2018,58.92851927,88.60974683,33.78123469
1,All Population,3,YLDs (Years Lived with Disability),4875,West Bengal,2,Female,15,50-54 years,493,Ischemic heart disease,380,Particulate matter pollution,3,Rate,2018,42.85616511,63.28711748,25.19876716
1,All Population,3,YLDs (Years Lived with Disability),4875,West Bengal,1,Male,15,50-54 years,494,Stroke,91,Lead exposure,3,Rate,2018,21.33695929,50.00400573,-3.093592067
1,All Population,3,YLDs (Years Lived with Disability),4875,West Bengal,2,Female,15,50-54 years,494,Stroke,91,Lead exposure,3,Rate,2018,18.24494919,43.95767295,-2.40503957
1,All Population,3,YLDs (Years Lived with Disability),4853,Himachal Pradesh,1,Male,15,50-54 years,502,Lower extremity peripheral arterial disease,91,Lead exposure,3,Rate,2018,0.008717692,0.026640373,-0.001080172
1,All Population,3,YLDs (Years Lived with Disability),4853,Himachal Pradesh,2,Female,15,50-54 years,502,Lower extremity peripheral arterial disease,91,Lead exposure,3,Rate,2018,0.010555258,0.033481068,-0.001421939
1,All Population,3,YLDs (Years Lived with Disability),4860,Maharashtra,1,Male,15,50-54 years,498,Hypertensive heart disease,91,Lead exposure,3,Rate,2018,0.651263379,1.623193448,0
1,All Population,3,YLDs (Years Lived with Disability),4860,Maharashtra,2,Female,15,50-54 years,498,Hypertensive heart disease,91,Lead exposure,3,Rate,2018,1.311862011,3.338844285,0
1,All Population,3,YLDs (Years Lived with Disability),4857,Kerala,1,Male,15,50-54 years,498,Hypertensive heart disease,91,Lead exposure,3,Rate,2018,0.570409818,1.475701744,0
1,All Population,3,YLDs (Years Lived with Disability),4857,Kerala,2,Female,15,50-54 years,498,Hypertensive heart disease,91,Lead exposure,3,Rate,2018,1.244389129,3.111413741,0
1,All Population,3,YLDs (Years Lived with Disability),4865,Odisha,1,Male,15,50-54 years,500,Atrial fibrillation and flutter,91,Lead exposure,3,Rate,2016,1.078784096,3.447023338,-0.150084245
1,All Population,3,YLDs (Years Lived with Disability),4865,Odisha,2,Female,15,50-54 years,500,Atrial fibrillation and flutter,91,Lead exposure,3,Rate,2016,0.809599103,2.734383781,-0.1073545
1,All Population,3,YLDs (Years Lived with Disability),44538,Other Union Territories,1,Male,15,50-54 years,502,Lower extremity peripheral arterial disease,91,Lead exposure,3,Rate,2017,0.009621841,0.02949583,-0.001257043
1,All Population,3,YLDs (Years Lived with Disability),44538,Other Union Territories,2,Female,15,50-54 years,502,Lower extremity peripheral arterial disease,91,Lead exposure,3,Rate,2017,0.012370626,0.039192215,-0.001805412
1,All Population,3,YLDs (Years Lived with Disability),4842,Arunachal Pradesh,1,Male,15,50-54 years,493,Ischemic heart disease,91,Lead exposure,3,Rate,2018,36.15537365,51.5813955,22.28779222
1,All Population,3,YLDs (Years Lived with Disability),4842,Arunachal Pradesh,2,Female,15,50-54 years,493,Ischemic heart disease,91,Lead exposure,3,Rate,2018,19.3648814,28.50415324,11.51461404
1,All Population,3,YLDs (Years Lived with Disability),44538,Other Union Territories,1,Male,15,50-54 years,494,Stroke,91,Lead exposure,3,Rate,2018,12.27187907,30.61144195,-2.633197083
1,All Population,3,YLDs (Years Lived with Disability),44538,Other Union Territories,2,Female,15,50-54 years,494,Stroke,91,Lead exposure,3,Rate,2018,10.10360952,24.23605358,-1.757855385
1,All Population,3,YLDs (Years Lived with Disability),4852,Haryana,1,Male,15,50-54 years,502,Lower extremity peripheral arterial disease,91,Lead exposure,3,Rate,2018,0.008091173,0.025020959,-0.001032231
1,All Population,3,YLDs (Years Lived with Disability),4852,Haryana,2,Female,15,50-54 years,502,Lower extremity peripheral arterial disease,91,Lead exposure,3,Rate,2018,0.010997367,0.034403741,-0.00105961
1,All Population,3,YLDs (Years Lived with Disability),4854,Jammu & Kashmir and Ladakh,1,Male,15,50-54 years,494,Stroke,380,Particulate matter pollution,3,Rate,2017,57.15488539,88.10586616,32.17593875
1,All Population,3,YLDs (Years Lived with Disability),4854,Jammu & Kashmir and Ladakh,2,Female,15,50-54 years,494,Stroke,380,Particulate matter pollution,3,Rate,2017,52.23084107,84.57911849,28.42020889
1,All Population,3,YLDs (Years Lived with Disability),4857,Kerala,1,Male,15,50-54 years,494,Stroke,91,Lead exposure,3,Rate,2019,19.88874344,47.3416961,-2.941509394
1,All Population,3,YLDs (Years Lived with Disability),4857,Kerala,2,Female,15,50-54 years,494,Stroke,91,Lead exposure,3,Rate,2019,13.9115247,35.02377387,-2.107505266
1,All Population,3,YLDs (Years Lived with Disability),4872,Tripura,1,Male,15,50-54 years,498,Hypertensive heart disease,91,Lead exposure,3,Rate,2017,0.849677425,2.273513245,0
1,All Population,3,YLDs (Years Lived with Disability),4872,Tripura,2,Female,15,50-54 years,498,Hypertensive heart disease,91,Lead exposure,3,Rate,2017,1.296058524,3.16363323,0
1,All Population,3,YLDs (Years Lived with Disability),4865,Odisha,1,Male,15,50-54 years,493,Ischemic heart disease,91,Lead exposure,3,Rate,2018,34.70339856,51.43669214,20.79624691
1,All Population,3,YLDs (Years Lived with Disability),4865,Odisha,2,Female,15,50-54 years,493,Ischemic heart disease,91,Lead exposure,3,Rate,2018,20.61788616,30.68157885,11.99382014
1,All Population,3,YLDs (Years Lived with Disability),4864,Nagaland,1,Male,15,50-54 years,493,Ischemic heart disease,91,Lead exposure,3,Rate,2019,34.62741285,50.17922881,20.77937945
1,All Population,3,YLDs (Years Lived with Disability),4864,Nagaland,2,Female,15,50-54 years,493,Ischemic heart disease,91,Lead exposure,3,Rate,2019,24.49275463,36.33514828,13.9117159
1,All Population,3,YLDs (Years Lived with Disability),4863,Mizoram,1,Male,15,50-54 years,493,Ischemic heart disease,91,Lead exposure,3,Rate,2019,27.61660374,40.47271291,16.62635102
1,All Population,3,YLDs (Years Lived with Disability),4863,Mizoram,2,Female,15,50-54 years,493,Ischemic heart disease,91,Lead exposure,3,Rate,2019,15.02418418,22.01888485,9.15553115
1,All Population,3,YLDs (Years Lived with Disability),4851,Gujarat,1,Male,15,50-54 years,493,Ischemic heart disease,91,Lead exposure,3,Rate,2019,58.08033629,83.86815758,35.12015097
1,All Population,3,YLDs (Years Lived with Disability),4851,Gujarat,2,Female,15,50-54 years,493,Ischemic heart disease,91,Lead exposure,3,Rate,2019,32.3516266,47.33073501,20.6669388
1,All Population,3,YLDs (Years Lived with Disability),4855,Jharkhand,1,Male,15,50-54 years,502,Lower extremity peripheral arterial disease,91,Lead exposure,3,Rate,2019,0.008362253,0.032296678,-0.000972848
1,All Population,3,YLDs (Years Lived with Disability),4855,Jharkhand,2,Female,15,50-54 years,502,Lower extremity peripheral arterial disease,91,Lead exposure,3,Rate,2019,0.01070778,0.038522738,-0.001075631
1,All Population,3,YLDs (Years Lived with Disability),4873,Uttar Pradesh,1,Male,15,50-54 years,494,Stroke,380,Particulate matter pollution,3,Rate,2017,103.0108147,152.9234313,60.1839737
1,All Population,3,YLDs (Years Lived with Disability),4873,Uttar Pradesh,2,Female,15,50-54 years,494,Stroke,380,Particulate matter pollution,3,Rate,2017,118.2242431,177.4429178,67.98449789
1,All Population,3,YLDs (Years Lived with Disability),4851,Gujarat,1,Male,15,50-54 years,500,Atrial fibrillation and flutter,91,Lead exposure,3,Rate,2017,1.275021591,3.86089996,-0.17474284
1,All Population,3,YLDs (Years Lived with Disability),4851,Gujarat,2,Female,15,50-54 years,500,Atrial fibrillation and flutter,91,Lead exposure,3,Rate,2017,1.015017542,3.180880736,-0.135580461
1,All Population,3,YLDs (Years Lived with Disability),4867,Punjab,1,Male,15,50-54 years,493,Ischemic heart disease,91,Lead exposure,3,Rate,2019,53.38347637,77.8098292,32.72197013
1,All Population,3,YLDs (Years Lived with Disability),4867,Punjab,2,Female,15,50-54 years,493,Ischemic heart disease,91,Lead exposure,3,Rate,2019,33.04815642,46.9922012,19.80937885
1,All Population,3,YLDs (Years Lived with Disability),4841,Andhra Pradesh,1,Male,15,50-54 years,500,Atrial fibrillation and flutter,91,Lead exposure,3,Rate,2017,1.101159213,3.275837036,-0.120016598
1,All Population,3,YLDs (Years Lived with Disability),4841,Andhra Pradesh,2,Female,15,50-54 years,500,Atrial fibrillation and flutter,91,Lead exposure,3,Rate,2017,0.820145269,2.411812633,-0.106227882
1,All Population,3,YLDs (Years Lived with Disability),4875,West Bengal,1,Male,15,50-54 years,494,Stroke,380,Particulate matter pollution,3,Rate,2019,132.2540753,202.3820677,73.53920961
1,All Population,3,YLDs (Years Lived with Disability),4875,West Bengal,2,Female,15,50-54 years,494,Stroke,380,Particulate matter pollution,3,Rate,2019,123.5578953,177.9287145,71.48697931
1,All Population,3,YLDs (Years Lived with Disability),4846,Chhattisgarh,1,Male,15,50-54 years,500,Atrial fibrillation and flutter,91,Lead exposure,3,Rate,2018,0.998362624,3.073876551,-0.113115011
1,All Population,3,YLDs (Years Lived with Disability),4846,Chhattisgarh,2,Female,15,50-54 years,500,Atrial fibrillation and flutter,91,Lead exposure,3,Rate,2018,0.722992214,2.251598796,-0.087322656
1,All Population,3,YLDs (Years Lived with Disability),4850,Goa,1,Male,15,50-54 years,498,Hypertensive heart disease,91,Lead exposure,3,Rate,2018,0.695770938,1.690766945,0
1,All Population,3,YLDs (Years Lived with Disability),4850,Goa,2,Female,15,50-54 years,498,Hypertensive heart disease,91,Lead exposure,3,Rate,2018,1.018482939,2.363956285,0
1,All Population,3,YLDs (Years Lived with Disability),4861,Manipur,1,Male,15,50-54 years,494,Stroke,380,Particulate matter pollution,3,Rate,2017,90.55301363,139.0581549,49.89050811
1,All Population,3,YLDs (Years Lived with Disability),4861,Manipur,2,Female,15,50-54 years,494,Stroke,380,Particulate matter pollution,3,Rate,2017,69.00666759,109.2747114,38.81367442
1,All Population,3,YLDs (Years Lived with Disability),4861,Manipur,1,Male,15,50-54 years,498,Hypertensive heart disease,91,Lead exposure,3,Rate,2017,1.120195932,2.602120005,0
1,All Population,3,YLDs (Years Lived with Disability),4861,Manipur,2,Female,15,50-54 years,498,Hypertensive heart disease,91,Lead exposure,3,Rate,2017,1.632720265,3.90416327,0
1,All Population,3,YLDs (Years Lived with Disability),4865,Odisha,1,Male,15,50-54 years,494,Stroke,380,Particulate matter pollution,3,Rate,2019,101.9123431,154.6521535,56.05753758
1,All Population,3,YLDs (Years Lived with Disability),4865,Odisha,2,Female,15,50-54 years,494,Stroke,380,Particulate matter pollution,3,Rate,2019,87.8514741,129.5199097,53.89215596
1,All Population,3,YLDs (Years Lived with Disability),4861,Manipur,1,Male,15,50-54 years,493,Ischemic heart disease,91,Lead exposure,3,Rate,2019,35.84683413,53.11966344,22.18551418
1,All Population,3,YLDs (Years Lived with Disability),4861,Manipur,2,Female,15,50-54 years,493,Ischemic heart disease,91,Lead exposure,3,Rate,2019,24.66632111,36.15721909,15.15916961
1,All Population,3,YLDs (Years Lived with Disability),4841,Andhra Pradesh,1,Male,15,50-54 years,493,Ischemic heart disease,91,Lead exposure,3,Rate,2019,55.5600526,81.61535884,33.29720723
1,All Population,3,YLDs (Years Lived with Disability),4841,Andhra Pradesh,2,Female,15,50-54 years,493,Ischemic heart disease,91,Lead exposure,3,Rate,2019,30.21177002,44.50199546,18.76099838
1,All Population,3,YLDs (Years Lived with Disability),4863,Mizoram,1,Male,15,50-54 years,502,Lower extremity peripheral arterial disease,91,Lead exposure,3,Rate,2019,0.010178237,0.034427139,-0.00098757
1,All Population,3,YLDs (Years Lived with Disability),4863,Mizoram,2,Female,15,50-54 years,502,Lower extremity peripheral arterial disease,91,Lead exposure,3,Rate,2019,0.011843067,0.040120373,-0.001429648
1,All Population,3,YLDs (Years Lived with Disability),4856,Karnataka,1,Male,15,50-54 years,493,Ischemic heart disease,380,Particulate matter pollution,3,Rate,2019,54.21273515,82.40537509,29.61472263
1,All Population,3,YLDs (Years Lived with Disability),4856,Karnataka,2,Female,15,50-54 years,493,Ischemic heart disease,380,Particulate matter pollution,3,Rate,2019,37.14023735,54.54279177,20.78644393
1,All Population,3,YLDs (Years Lived with Disability),4857,Kerala,1,Male,15,50-54 years,500,Atrial fibrillation and flutter,91,Lead exposure,3,Rate,2018,1.104743502,3.630078028,-0.174186992
1,All Population,3,YLDs (Years Lived with Disability),4857,Kerala,2,Female,15,50-54 years,500,Atrial fibrillation and flutter,91,Lead exposure,3,Rate,2018,0.84744406,2.720266483,-0.119903726
1,All Population,3,YLDs (Years Lived with Disability),4872,Tripura,1,Male,15,50-54 years,498,Hypertensive heart disease,91,Lead exposure,3,Rate,2018,0.833939363,2.201140581,0
1,All Population,3,YLDs (Years Lived with Disability),4872,Tripura,2,Female,15,50-54 years,498,Hypertensive heart disease,91,Lead exposure,3,Rate,2018,1.29607322,3.176960693,0
1,All Population,3,YLDs (Years Lived with Disability),4843,Assam,1,Male,15,50-54 years,493,Ischemic heart disease,91,Lead exposure,3,Rate,2019,36.09496684,53.07001219,21.60804441
1,All Population,3,YLDs (Years Lived with Disability),4843,Assam,2,Female,15,50-54 years,493,Ischemic heart disease,91,Lead exposure,3,Rate,2019,22.20447372,32.91293829,13.59468852
1,All Population,3,YLDs (Years Lived with Disability),4867,Punjab,1,Male,15,50-54 years,502,Lower extremity peripheral arterial disease,91,Lead exposure,3,Rate,2019,0.004883618,0.015787811,-0.000520738
1,All Population,3,YLDs (Years Lived with Disability),4867,Punjab,2,Female,15,50-54 years,502,Lower extremity peripheral arterial disease,91,Lead exposure,3,Rate,2019,0.007597448,0.024080372,-0.000759681
1,All Population,3,YLDs (Years Lived with Disability),4870,Tamil Nadu,1,Male,15,50-54 years,500,Atrial fibrillation and flutter,91,Lead exposure,3,Rate,2018,1.265924584,3.871396431,-0.159156061
1,All Population,3,YLDs (Years Lived with Disability),4870,Tamil Nadu,2,Female,15,50-54 years,500,Atrial fibrillation and flutter,91,Lead exposure,3,Rate,2018,0.965138208,3.053704545,-0.146036616
1,All Population,3,YLDs (Years Lived with Disability),4855,Jharkhand,1,Male,15,50-54 years,500,Atrial fibrillation and flutter,91,Lead exposure,3,Rate,2019,1.0873151,3.142253135,-0.137430834
1,All Population,3,YLDs (Years Lived with Disability),4855,Jharkhand,2,Female,15,50-54 years,500,Atrial fibrillation and flutter,91,Lead exposure,3,Rate,2019,0.801312415,2.705758062,-0.117405022
1,All Population,3,YLDs (Years Lived with Disability),4853,Himachal Pradesh,1,Male,15,50-54 years,500,Atrial fibrillation and flutter,91,Lead exposure,3,Rate,2019,1.068468958,3.742058471,-0.129365729
1,All Population,3,YLDs (Years Lived with Disability),4853,Himachal Pradesh,2,Female,15,50-54 years,500,Atrial fibrillation and flutter,91,Lead exposure,3,Rate,2019,0.8106628,2.788033618,-0.095767269
1,All Population,3,YLDs (Years Lived with Disability),4842,Arunachal Pradesh,1,Male,15,50-54 years,498,Hypertensive heart disease,91,Lead exposure,3,Rate,2018,0.979797008,2.515518296,0
1,All Population,3,YLDs (Years Lived with Disability),4842,Arunachal Pradesh,2,Female,15,50-54 years,498,Hypertensive heart disease,91,Lead exposure,3,Rate,2018,1.585379506,4.086347368,0
1,All Population,3,YLDs (Years Lived with Disability),4865,Odisha,1,Male,15,50-54 years,498,Hypertensive heart disease,91,Lead exposure,3,Rate,2018,1.298213782,3.34736586,0
1,All Population,3,YLDs (Years Lived with Disability),4865,Odisha,2,Female,15,50-54 years,498,Hypertensive heart disease,91,Lead exposure,3,Rate,2018,1.656107787,4.576813856,0
1,All Population,3,YLDs (Years Lived with Disability),4862,Meghalaya,1,Male,15,50-54 years,493,Ischemic heart disease,380,Particulate matter pollution,3,Rate,2019,37.36174799,56.94934072,21.76051777
1,All Population,3,YLDs (Years Lived with Disability),4862,Meghalaya,2,Female,15,50-54 years,493,Ischemic heart disease,380,Particulate matter pollution,3,Rate,2019,25.01286048,36.92553188,14.44443893
1,All Population,3,YLDs (Years Lived with Disability),4862,Meghalaya,1,Male,15,50-54 years,494,Stroke,91,Lead exposure,3,Rate,2019,15.95886562,43.70006351,-2.506302989
1,All Population,3,YLDs (Years Lived with Disability),4862,Meghalaya,2,Female,15,50-54 years,494,Stroke,91,Lead exposure,3,Rate,2019,11.1816996,30.74452898,-1.840498462
1,All Population,3,YLDs (Years Lived with Disability),4850,Goa,1,Male,15,50-54 years,493,Ischemic heart disease,91,Lead exposure,3,Rate,2017,50.00387339,73.42379515,30.03754316
1,All Population,3,YLDs (Years Lived with Disability),4850,Goa,2,Female,15,50-54 years,493,Ischemic heart disease,91,Lead exposure,3,Rate,2017,29.4149118,43.18001886,17.09415405
1,All Population,3,YLDs (Years Lived with Disability),4841,Andhra Pradesh,1,Male,15,50-54 years,498,Hypertensive heart disease,91,Lead exposure,3,Rate,2018,0.5744787,1.480245357,0
1,All Population,3,YLDs (Years Lived with Disability),4841,Andhra Pradesh,2,Female,15,50-54 years,498,Hypertensive heart disease,91,Lead exposure,3,Rate,2018,1.023584399,2.328071976,0
1,All Population,3,YLDs (Years Lived with Disability),4841,Andhra Pradesh,1,Male,15,50-54 years,493,Ischemic heart disease,91,Lead exposure,3,Rate,2018,57.0525123,82.91231574,33.55144695
1,All Population,3,YLDs (Years Lived with Disability),4841,Andhra Pradesh,2,Female,15,50-54 years,493,Ischemic heart disease,91,Lead exposure,3,Rate,2018,31.26171662,46.44377812,19.16971996
1,All Population,3,YLDs (Years Lived with Disability),4849,Delhi,1,Male,15,50-54 years,500,Atrial fibrillation and flutter,91,Lead exposure,3,Rate,2018,0.779349912,2.587754084,-0.109094316
1,All Population,3,YLDs (Years Lived with Disability),4849,Delhi,2,Female,15,50-54 years,500,Atrial fibrillation and flutter,91,Lead exposure,3,Rate,2018,0.5651523,1.763019753,-0.075387337
1,All Population,3,YLDs (Years Lived with Disability),4849,Delhi,1,Male,15,50-54 years,502,Lower extremity peripheral arterial disease,91,Lead exposure,3,Rate,2018,0.005981359,0.018004495,-0.000631355
1,All Population,3,YLDs (Years Lived with Disability),4849,Delhi,2,Female,15,50-54 years,502,Lower extremity peripheral arterial disease,91,Lead exposure,3,Rate,2018,0.007652992,0.025592637,-0.000713937
1,All Population,3,YLDs (Years Lived with Disability),4868,Rajasthan,1,Male,15,50-54 years,493,Ischemic heart disease,380,Particulate matter pollution,3,Rate,2017,79.35224268,120.7874588,47.39663395
1,All Population,3,YLDs (Years Lived with Disability),4868,Rajasthan,2,Female,15,50-54 years,493,Ischemic heart disease,380,Particulate matter pollution,3,Rate,2017,43.81551965,65.2606615,26.03936972
1,All Population,3,YLDs (Years Lived with Disability),4868,Rajasthan,1,Male,15,50-54 years,494,Stroke,91,Lead exposure,3,Rate,2017,8.109406733,21.86419406,-1.232655183
1,All Population,3,YLDs (Years Lived with Disability),4868,Rajasthan,2,Female,15,50-54 years,494,Stroke,91,Lead exposure,3,Rate,2017,5.47531304,14.52984081,-0.79749587
1,All Population,3,YLDs (Years Lived with Disability),4860,Maharashtra,1,Male,15,50-54 years,502,Lower extremity peripheral arterial disease,91,Lead exposure,3,Rate,2018,0.008065717,0.027420247,-0.001184553
1,All Population,3,YLDs (Years Lived with Disability),4860,Maharashtra,2,Female,15,50-54 years,502,Lower extremity peripheral arterial disease,91,Lead exposure,3,Rate,2018,0.010406601,0.034794463,-0.001146124
1,All Population,3,YLDs (Years Lived with Disability),4861,Manipur,1,Male,15,50-54 years,493,Ischemic heart disease,91,Lead exposure,3,Rate,2017,38.92459264,57.38971223,22.89509453
1,All Population,3,YLDs (Years Lived with Disability),4861,Manipur,2,Female,15,50-54 years,493,Ischemic heart disease,91,Lead exposure,3,Rate,2017,26.69003346,38.49597564,15.24782821
1,All Population,3,YLDs (Years Lived with Disability),4852,Haryana,1,Male,15,50-54 years,494,Stroke,380,Particulate matter pollution,3,Rate,2019,105.9243762,158.4826255,59.60270626
1,All Population,3,YLDs (Years Lived with Disability),4852,Haryana,2,Female,15,50-54 years,494,Stroke,380,Particulate matter pollution,3,Rate,2019,100.5478279,153.807872,58.19329705
1,All Population,3,YLDs (Years Lived with Disability),4859,Madhya Pradesh,1,Male,15,50-54 years,493,Ischemic heart disease,91,Lead exposure,3,Rate,2019,52.54985358,77.19813607,32.22701863
1,All Population,3,YLDs (Years Lived with Disability),4859,Madhya Pradesh,2,Female,15,50-54 years,493,Ischemic heart disease,91,Lead exposure,3,Rate,2019,25.8338195,37.91730962,15.3964907
1,All Population,3,YLDs (Years Lived with Disability),44538,Other Union Territories,1,Male,15,50-54 years,500,Atrial fibrillation and flutter,91,Lead exposure,3,Rate,2018,1.06986714,3.190966292,-0.171473378
1,All Population,3,YLDs (Years Lived with Disability),44538,Other Union Territories,2,Female,15,50-54 years,500,Atrial fibrillation and flutter,91,Lead exposure,3,Rate,2018,0.772973352,2.668792761,-0.145552475
1,All Population,3,YLDs (Years Lived with Disability),4867,Punjab,1,Male,15,50-54 years,493,Ischemic heart disease,380,Particulate matter pollution,3,Rate,2017,77.8853287,117.4984424,44.86106147
1,All Population,3,YLDs (Years Lived with Disability),4867,Punjab,2,Female,15,50-54 years,493,Ischemic heart disease,380,Particulate matter pollution,3,Rate,2017,51.57708449,75.92456488,30.3829839
1,All Population,3,YLDs (Years Lived with Disability),4867,Punjab,1,Male,15,50-54 years,494,Stroke,91,Lead exposure,3,Rate,2017,11.03106881,28.81148093,-1.71579546
1,All Population,3,YLDs (Years Lived with Disability),4867,Punjab,2,Female,15,50-54 years,494,Stroke,91,Lead exposure,3,Rate,2017,8.550334446,20.56660098,-1.206646304
1,All Population,3,YLDs (Years Lived with Disability),4862,Meghalaya,1,Male,15,50-54 years,498,Hypertensive heart disease,91,Lead exposure,3,Rate,2018,1.220133947,2.973946255,0
1,All Population,3,YLDs (Years Lived with Disability),4862,Meghalaya,2,Female,15,50-54 years,498,Hypertensive heart disease,91,Lead exposure,3,Rate,2018,1.618452538,4.150591649,0
1,All Population,3,YLDs (Years Lived with Disability),4857,Kerala,1,Male,15,50-54 years,500,Atrial fibrillation and flutter,91,Lead exposure,3,Rate,2019,1.093637392,3.831482741,-0.165500398
1,All Population,3,YLDs (Years Lived with Disability),4857,Kerala,2,Female,15,50-54 years,500,Atrial fibrillation and flutter,91,Lead exposure,3,Rate,2019,0.830758844,2.686689697,-0.116216147
1,All Population,3,YLDs (Years Lived with Disability),4863,Mizoram,1,Male,15,50-54 years,500,Atrial fibrillation and flutter,91,Lead exposure,3,Rate,2018,1.120447605,3.684433098,-0.197506997
1,All Population,3,YLDs (Years Lived with Disability),4863,Mizoram,2,Female,15,50-54 years,500,Atrial fibrillation and flutter,91,Lead exposure,3,Rate,2018,0.738726532,2.556144861,-0.131797458
1,All Population,3,YLDs (Years Lived with Disability),4843,Assam,1,Male,15,50-54 years,500,Atrial fibrillation and flutter,91,Lead exposure,3,Rate,2017,1.11372602,3.668303536,-0.155966869
1,All Population,3,YLDs (Years Lived with Disability),4843,Assam,2,Female,15,50-54 years,500,Atrial fibrillation and flutter,91,Lead exposure,3,Rate,2017,0.825038253,2.538317073,-0.132356471
1,All Population,3,YLDs (Years Lived with Disability),4843,Assam,1,Male,15,50-54 years,502,Lower extremity peripheral arterial disease,91,Lead exposure,3,Rate,2017,0.009702402,0.031718743,-0.001133968
1,All Population,3,YLDs (Years Lived with Disability),4843,Assam,2,Female,15,50-54 years,502,Lower extremity peripheral arterial disease,91,Lead exposure,3,Rate,2017,0.012212878,0.043434649,-0.001597462
1,All Population,3,YLDs (Years Lived with Disability),4857,Kerala,1,Male,15,50-54 years,493,Ischemic heart disease,91,Lead exposure,3,Rate,2018,63.8958543,94.70596717,38.27714236
1,All Population,3,YLDs (Years Lived with Disability),4857,Kerala,2,Female,15,50-54 years,493,Ischemic heart disease,91,Lead exposure,3,Rate,2018,29.0461734,42.34352466,17.10756506
1,All Population,3,YLDs (Years Lived with Disability),44538,Other Union Territories,1,Male,15,50-54 years,502,Lower extremity peripheral arterial disease,91,Lead exposure,3,Rate,2016,0.009962377,0.031884315,-0.001359945
1,All Population,3,YLDs (Years Lived with Disability),44538,Other Union Territories,2,Female,15,50-54 years,502,Lower extremity peripheral arterial disease,91,Lead exposure,3,Rate,2016,0.012443917,0.040929397,-0.001965902
1,All Population,3,YLDs (Years Lived with Disability),4851,Gujarat,1,Male,15,50-54 years,500,Atrial fibrillation and flutter,91,Lead exposure,3,Rate,2018,1.243241371,4.080522553,-0.159827557
1,All Population,3,YLDs (Years Lived with Disability),4851,Gujarat,2,Female,15,50-54 years,500,Atrial fibrillation and flutter,91,Lead exposure,3,Rate,2018,0.986302204,3.021758821,-0.127680266
1,All Population,3,YLDs (Years Lived with Disability),4870,Tamil Nadu,1,Male,15,50-54 years,493,Ischemic heart disease,380,Particulate matter pollution,3,Rate,2017,53.62332167,80.87779423,31.9677996
1,All Population,3,YLDs (Years Lived with Disability),4870,Tamil Nadu,2,Female,15,50-54 years,493,Ischemic heart disease,380,Particulate matter pollution,3,Rate,2017,29.8139467,45.13215281,17.50552803
1,All Population,3,YLDs (Years Lived with Disability),4870,Tamil Nadu,1,Male,15,50-54 years,494,Stroke,91,Lead exposure,3,Rate,2017,18.50865422,47.94197003,-3.055309098
1,All Population,3,YLDs (Years Lived with Disability),4870,Tamil Nadu,2,Female,15,50-54 years,494,Stroke,91,Lead exposure,3,Rate,2017,13.87470444,36.3807435,-2.065592475
1,All Population,3,YLDs (Years Lived with Disability),4853,Himachal Pradesh,1,Male,15,50-54 years,493,Ischemic heart disease,91,Lead exposure,3,Rate,2018,55.02663246,82.66390225,33.08961825
1,All Population,3,YLDs (Years Lived with Disability),4853,Himachal Pradesh,2,Female,15,50-54 years,493,Ischemic heart disease,91,Lead exposure,3,Rate,2018,24.91239638,36.42314463,14.97323793
1,All Population,3,YLDs (Years Lived with Disability),4851,Gujarat,1,Male,15,50-54 years,493,Ischemic heart disease,91,Lead exposure,3,Rate,2018,60.62154212,91.24106289,37.08614691
1,All Population,3,YLDs (Years Lived with Disability),4851,Gujarat,2,Female,15,50-54 years,493,Ischemic heart disease,91,Lead exposure,3,Rate,2018,33.64615995,47.571298,20.60288589
1,All Population,3,YLDs (Years Lived with Disability),4850,Goa,1,Male,15,50-54 years,494,Stroke,380,Particulate matter pollution,3,Rate,2019,56.88201189,85.6096461,30.0864373
1,All Population,3,YLDs (Years Lived with Disability),4850,Goa,2,Female,15,50-54 years,494,Stroke,380,Particulate matter pollution,3,Rate,2019,54.86976577,85.74467133,29.57061765
1,All Population,3,YLDs (Years Lived with Disability),4855,Jharkhand,1,Male,15,50-54 years,498,Hypertensive heart disease,91,Lead exposure,3,Rate,2017,0.855735375,2.213559047,0
1,All Population,3,YLDs (Years Lived with Disability),4855,Jharkhand,2,Female,15,50-54 years,498,Hypertensive heart disease,91,Lead exposure,3,Rate,2017,1.230937743,2.999793997,0
1,All Population,3,YLDs (Years Lived with Disability),4854,Jammu & Kashmir and Ladakh,1,Male,15,50-54 years,493,Ischemic heart disease,91,Lead exposure,3,Rate,2019,44.84983132,65.17931253,26.07834132
1,All Population,3,YLDs (Years Lived with Disability),4854,Jammu & Kashmir and Ladakh,2,Female,15,50-54 years,493,Ischemic heart disease,91,Lead exposure,3,Rate,2019,29.38177322,43.61949116,17.88395663
1,All Population,3,YLDs (Years Lived with Disability),4864,Nagaland,1,Male,15,50-54 years,493,Ischemic heart disease,380,Particulate matter pollution,3,Rate,2019,37.99948646,57.77477712,21.85270552
1,All Population,3,YLDs (Years Lived with Disability),4864,Nagaland,2,Female,15,50-54 years,493,Ischemic heart disease,380,Particulate matter pollution,3,Rate,2019,29.78148929,45.26750217,17.27804648
1,All Population,3,YLDs (Years Lived with Disability),4864,Nagaland,1,Male,15,50-54 years,494,Stroke,91,Lead exposure,3,Rate,2019,21.31740775,50.67288397,-3.023757296
1,All Population,3,YLDs (Years Lived with Disability),4864,Nagaland,2,Female,15,50-54 years,494,Stroke,91,Lead exposure,3,Rate,2019,11.95556498,30.73451864,-1.710074231
1,All Population,3,YLDs (Years Lived with Disability),4844,Bihar,1,Male,15,50-54 years,493,Ischemic heart disease,380,Particulate matter pollution,3,Rate,2019,50.56680119,80.37903567,29.80661187
1,All Population,3,YLDs (Years Lived with Disability),4844,Bihar,2,Female,15,50-54 years,493,Ischemic heart disease,380,Particulate matter pollution,3,Rate,2019,35.56973311,54.23954211,20.17457251
1,All Population,3,YLDs (Years Lived with Disability),4844,Bihar,1,Male,15,50-54 years,494,Stroke,91,Lead exposure,3,Rate,2019,14.07015517,36.56062853,-2.347677763
1,All Population,3,YLDs (Years Lived with Disability),4844,Bihar,2,Female,15,50-54 years,494,Stroke,91,Lead exposure,3,Rate,2019,12.23698994,34.65653022,-1.830938549
1,All Population,3,YLDs (Years Lived with Disability),4857,Kerala,1,Male,15,50-54 years,498,Hypertensive heart disease,91,Lead exposure,3,Rate,2019,0.568994404,1.475284021,0
1,All Population,3,YLDs (Years Lived with Disability),4857,Kerala,2,Female,15,50-54 years,498,Hypertensive heart disease,91,Lead exposure,3,Rate,2019,1.222656077,2.958230804,0
1,All Population,3,YLDs (Years Lived with Disability),4842,Arunachal Pradesh,1,Male,15,50-54 years,498,Hypertensive heart disease,91,Lead exposure,3,Rate,2017,0.991694832,2.699529515,0
1,All Population,3,YLDs (Years Lived with Disability),4842,Arunachal Pradesh,2,Female,15,50-54 years,498,Hypertensive heart disease,91,Lead exposure,3,Rate,2017,1.580211851,4.106491713,0
1,All Population,3,YLDs (Years Lived with Disability),4854,Jammu & Kashmir and Ladakh,1,Male,15,50-54 years,494,Stroke,380,Particulate matter pollution,3,Rate,2018,56.6836434,90.75886916,32.17334671
1,All Population,3,YLDs (Years Lived with Disability),4854,Jammu & Kashmir and Ladakh,2,Female,15,50-54 years,494,Stroke,380,Particulate matter pollution,3,Rate,2018,51.55016891,83.71481072,27.34077315
1,All Population,3,YLDs (Years Lived with Disability),44538,Other Union Territories,1,Male,15,50-54 years,493,Ischemic heart disease,91,Lead exposure,3,Rate,2019,49.18932864,71.12578739,29.66033914
1,All Population,3,YLDs (Years Lived with Disability),44538,Other Union Territories,2,Female,15,50-54 years,493,Ischemic heart disease,91,Lead exposure,3,Rate,2019,27.81737288,38.96456536,17.11834446
1,All Population,3,YLDs (Years Lived with Disability),4874,Uttarakhand,1,Male,15,50-54 years,493,Ischemic heart disease,91,Lead exposure,3,Rate,2019,64.74165064,97.57061081,38.7074729
1,All Population,3,YLDs (Years Lived with Disability),4874,Uttarakhand,2,Female,15,50-54 years,493,Ischemic heart disease,91,Lead exposure,3,Rate,2019,32.38468085,46.60320804,19.49964098
1,All Population,3,YLDs (Years Lived with Disability),4860,Maharashtra,1,Male,15,50-54 years,500,Atrial fibrillation and flutter,91,Lead exposure,3,Rate,2019,1.015684348,2.971673305,-0.143482542
1,All Population,3,YLDs (Years Lived with Disability),4860,Maharashtra,2,Female,15,50-54 years,500,Atrial fibrillation and flutter,91,Lead exposure,3,Rate,2019,0.775279428,2.278839953,-0.112240085
1,All Population,3,YLDs (Years Lived with Disability),4844,Bihar,1,Male,15,50-54 years,498,Hypertensive heart disease,91,Lead exposure,3,Rate,2018,1.152039395,3.060922941,0
1,All Population,3,YLDs (Years Lived with Disability),4844,Bihar,2,Female,15,50-54 years,498,Hypertensive heart disease,91,Lead exposure,3,Rate,2018,1.63500902,4.277735977,0
1,All Population,3,YLDs (Years Lived with Disability),4842,Arunachal Pradesh,1,Male,15,50-54 years,500,Atrial fibrillation and flutter,91,Lead exposure,3,Rate,2018,1.182597153,3.573749638,-0.146748918
1,All Population,3,YLDs (Years Lived with Disability),4842,Arunachal Pradesh,2,Female,15,50-54 years,500,Atrial fibrillation and flutter,91,Lead exposure,3,Rate,2018,0.844673221,2.663996106,-0.132867644
1,All Population,3,YLDs (Years Lived with Disability),4842,Arunachal Pradesh,1,Male,15,50-54 years,494,Stroke,380,Particulate matter pollution,3,Rate,2019,62.56047784,98.97488774,32.63253565
1,All Population,3,YLDs (Years Lived with Disability),4842,Arunachal Pradesh,2,Female,15,50-54 years,494,Stroke,380,Particulate matter pollution,3,Rate,2019,55.7571285,91.18460773,31.30171266
1,All Population,3,YLDs (Years Lived with Disability),4856,Karnataka,1,Male,15,50-54 years,494,Stroke,91,Lead exposure,3,Rate,2016,18.36597116,49.53473167,-3.001593912
1,All Population,3,YLDs (Years Lived with Disability),4856,Karnataka,2,Female,15,50-54 years,494,Stroke,91,Lead exposure,3,Rate,2016,14.18836402,37.53079504,-2.491759752
1,All Population,3,YLDs (Years Lived with Disability),4850,Goa,1,Male,15,50-54 years,494,Stroke,380,Particulate matter pollution,3,Rate,2017,57.020942,90.70280399,30.57464473
1,All Population,3,YLDs (Years Lived with Disability),4850,Goa,2,Female,15,50-54 years,494,Stroke,380,Particulate matter pollution,3,Rate,2017,54.53078557,87.47556455,30.05540068
1,All Population,3,YLDs (Years Lived with Disability),44538,Other Union Territories,1,Male,15,50-54 years,494,Stroke,380,Particulate matter pollution,3,Rate,2019,47.29281752,77.48733324,23.2245904
1,All Population,3,YLDs (Years Lived with Disability),44538,Other Union Territories,2,Female,15,50-54 years,494,Stroke,380,Particulate matter pollution,3,Rate,2019,46.94357229,77.56323345,23.77356624
1,All Population,3,YLDs (Years Lived with Disability),4844,Bihar,1,Male,15,50-54 years,494,Stroke,380,Particulate matter pollution,3,Rate,2019,78.26943982,123.4378007,44.20785401
1,All Population,3,YLDs (Years Lived with Disability),4844,Bihar,2,Female,15,50-54 years,494,Stroke,380,Particulate matter pollution,3,Rate,2019,78.87102332,121.7604229,46.43088127
1,All Population,3,YLDs (Years Lived with Disability),4842,Arunachal Pradesh,1,Male,15,50-54 years,502,Lower extremity peripheral arterial disease,91,Lead exposure,3,Rate,2019,0.008322948,0.028236289,-0.000978722
1,All Population,3,YLDs (Years Lived with Disability),4842,Arunachal Pradesh,2,Female,15,50-54 years,502,Lower extremity peripheral arterial disease,91,Lead exposure,3,Rate,2019,0.010989601,0.035678944,-0.001519669
1,All Population,3,YLDs (Years Lived with Disability),4873,Uttar Pradesh,1,Male,15,50-54 years,493,Ischemic heart disease,91,Lead exposure,3,Rate,2019,53.72059974,80.37314503,32.64903556
1,All Population,3,YLDs (Years Lived with Disability),4873,Uttar Pradesh,2,Female,15,50-54 years,493,Ischemic heart disease,91,Lead exposure,3,Rate,2019,36.36908141,52.8100504,22.41664263
1,All Population,3,YLDs (Years Lived with Disability),4856,Karnataka,1,Male,15,50-54 years,494,Stroke,380,Particulate matter pollution,3,Rate,2017,69.97127009,105.8821266,36.86702628
1,All Population,3,YLDs (Years Lived with Disability),4856,Karnataka,2,Female,15,50-54 years,494,Stroke,380,Particulate matter pollution,3,Rate,2017,58.84983538,89.27855925,33.3325852
1,All Population,3,YLDs (Years Lived with Disability),4856,Karnataka,1,Male,15,50-54 years,498,Hypertensive heart disease,91,Lead exposure,3,Rate,2017,0.724882422,1.798068267,0
1,All Population,3,YLDs (Years Lived with Disability),4856,Karnataka,2,Female,15,50-54 years,498,Hypertensive heart disease,91,Lead exposure,3,Rate,2017,1.255882014,2.886570447,0
1,All Population,3,YLDs (Years Lived with Disability),4873,Uttar Pradesh,1,Male,15,50-54 years,498,Hypertensive heart disease,91,Lead exposure,3,Rate,2016,1.148753828,2.869236118,0
1,All Population,3,YLDs (Years Lived with Disability),4873,Uttar Pradesh,2,Female,15,50-54 years,498,Hypertensive heart disease,91,Lead exposure,3,Rate,2016,1.646977748,4.065645857,0
1,All Population,3,YLDs (Years Lived with Disability),4853,Himachal Pradesh,1,Male,15,50-54 years,502,Lower extremity peripheral arterial disease,91,Lead exposure,3,Rate,2019,0.008485698,0.028712208,-0.001237148
1,All Population,3,YLDs (Years Lived with Disability),4853,Himachal Pradesh,2,Female,15,50-54 years,502,Lower extremity peripheral arterial disease,91,Lead exposure,3,Rate,2019,0.010231842,0.031014439,-0.001389727
1,All Population,3,YLDs (Years Lived with Disability),4861,Manipur,1,Male,15,50-54 years,493,Ischemic heart disease,380,Particulate matter pollution,3,Rate,2017,40.04191304,60.21951768,22.9167239
1,All Population,3,YLDs (Years Lived with Disability),4861,Manipur,2,Female,15,50-54 years,493,Ischemic heart disease,380,Particulate matter pollution,3,Rate,2017,30.13723913,45.1611901,17.39208413
1,All Population,3,YLDs (Years Lived with Disability),4861,Manipur,1,Male,15,50-54 years,494,Stroke,91,Lead exposure,3,Rate,2017,20.10107516,50.23178601,-3.392002262
1,All Population,3,YLDs (Years Lived with Disability),4861,Manipur,2,Female,15,50-54 years,494,Stroke,91,Lead exposure,3,Rate,2017,12.49982345,32.39893552,-1.897321885
1,All Population,3,YLDs (Years Lived with Disability),4865,Odisha,1,Male,15,50-54 years,494,Stroke,380,Particulate matter pollution,3,Rate,2018,102.1078867,155.7128979,59.4404927
1,All Population,3,YLDs (Years Lived with Disability),4865,Odisha,2,Female,15,50-54 years,494,Stroke,380,Particulate matter pollution,3,Rate,2018,88.6421091,134.3697768,52.50250722
1,All Population,3,YLDs (Years Lived with Disability),4868,Rajasthan,1,Male,15,50-54 years,494,Stroke,380,Particulate matter pollution,3,Rate,2019,80.40593664,123.3032084,45.68133992
1,All Population,3,YLDs (Years Lived with Disability),4868,Rajasthan,2,Female,15,50-54 years,494,Stroke,380,Particulate matter pollution,3,Rate,2019,73.16622771,107.6809963,44.928382
1,All Population,3,YLDs (Years Lived with Disability),4846,Chhattisgarh,1,Male,15,50-54 years,502,Lower extremity peripheral arterial disease,91,Lead exposure,3,Rate,2019,0.008164163,0.026955663,-0.000641255
1,All Population,3,YLDs (Years Lived with Disability),4846,Chhattisgarh,2,Female,15,50-54 years,502,Lower extremity peripheral arterial disease,91,Lead exposure,3,Rate,2019,0.011002324,0.040743951,-0.00113877
1,All Population,3,YLDs (Years Lived with Disability),4873,Uttar Pradesh,1,Male,15,50-54 years,502,Lower extremity peripheral arterial disease,91,Lead exposure,3,Rate,2018,0.011986813,0.038957813,-0.00125335
1,All Population,3,YLDs (Years Lived with Disability),4873,Uttar Pradesh,2,Female,15,50-54 years,502,Lower extremity peripheral arterial disease,91,Lead exposure,3,Rate,2018,0.014665618,0.051015281,-0.001779832
1,All Population,3,YLDs (Years Lived with Disability),4844,Bihar,1,Male,15,50-54 years,493,Ischemic heart disease,380,Particulate matter pollution,3,Rate,2016,55.9842828,85.8070901,32.5631387
1,All Population,3,YLDs (Years Lived with Disability),4844,Bihar,2,Female,15,50-54 years,493,Ischemic heart disease,380,Particulate matter pollution,3,Rate,2016,39.49689344,59.43188865,21.57885334
1,All Population,3,YLDs (Years Lived with Disability),4844,Bihar,1,Male,15,50-54 years,494,Stroke,91,Lead exposure,3,Rate,2016,14.71956156,38.31158977,-2.639563493
1,All Population,3,YLDs (Years Lived with Disability),4844,Bihar,2,Female,15,50-54 years,494,Stroke,91,Lead exposure,3,Rate,2016,12.61208289,33.62737258,-1.8638911
1,All Population,3,YLDs (Years Lived with Disability),4852,Haryana,1,Male,15,50-54 years,493,Ischemic heart disease,91,Lead exposure,3,Rate,2019,49.29233545,72.19093679,30.24801391
1,All Population,3,YLDs (Years Lived with Disability),4852,Haryana,2,Female,15,50-54 years,493,Ischemic heart disease,91,Lead exposure,3,Rate,2019,26.01803817,38.40646282,16.2079187
1,All Population,3,YLDs (Years Lived with Disability),4856,Karnataka,1,Male,15,50-54 years,500,Atrial fibrillation and flutter,91,Lead exposure,3,Rate,2019,1.364655091,4.152575889,-0.179531605
1,All Population,3,YLDs (Years Lived with Disability),4856,Karnataka,2,Female,15,50-54 years,500,Atrial fibrillation and flutter,91,Lead exposure,3,Rate,2019,1.122065892,3.38943571,-0.1463627
1,All Population,3,YLDs (Years Lived with Disability),4873,Uttar Pradesh,1,Male,15,50-54 years,493,Ischemic heart disease,91,Lead exposure,3,Rate,2018,55.00346004,81.88173682,34.34987018
1,All Population,3,YLDs (Years Lived with Disability),4873,Uttar Pradesh,2,Female,15,50-54 years,493,Ischemic heart disease,91,Lead exposure,3,Rate,2018,37.60084943,55.38344414,23.43737285
1,All Population,3,YLDs (Years Lived with Disability),4871,Telangana,1,Male,15,50-54 years,493,Ischemic heart disease,91,Lead exposure,3,Rate,2019,58.84489866,87.50644279,36.07752658
1,All Population,3,YLDs (Years Lived with Disability),4871,Telangana,2,Female,15,50-54 years,493,Ischemic heart disease,91,Lead exposure,3,Rate,2019,32.17085862,46.33693504,20.98658839
1,All Population,3,YLDs (Years Lived with Disability),4852,Haryana,1,Male,15,50-54 years,494,Stroke,91,Lead exposure,3,Rate,2017,17.0286284,43.68696318,-2.254802443
1,All Population,3,YLDs (Years Lived with Disability),4852,Haryana,2,Female,15,50-54 years,494,Stroke,91,Lead exposure,3,Rate,2017,13.15074186,34.65731333,-1.824180389
1,All Population,3,YLDs (Years Lived with Disability),4872,Tripura,1,Male,15,50-54 years,500,Atrial fibrillation and flutter,91,Lead exposure,3,Rate,2018,1.166062613,3.676294659,-0.152272322
1,All Population,3,YLDs (Years Lived with Disability),4872,Tripura,2,Female,15,50-54 years,500,Atrial fibrillation and flutter,91,Lead exposure,3,Rate,2018,0.845790694,2.591067417,-0.114811817
1,All Population,3,YLDs (Years Lived with Disability),4872,Tripura,1,Male,15,50-54 years,502,Lower extremity peripheral arterial disease,91,Lead exposure,3,Rate,2018,0.010244201,0.032022586,-0.001191078
1,All Population,3,YLDs (Years Lived with Disability),4872,Tripura,2,Female,15,50-54 years,502,Lower extremity peripheral arterial disease,91,Lead exposure,3,Rate,2018,0.01248611,0.040667728,-0.001340761
1,All Population,3,YLDs (Years Lived with Disability),4871,Telangana,1,Male,15,50-54 years,500,Atrial fibrillation and flutter,91,Lead exposure,3,Rate,2017,1.111344738,3.679388229,-0.170798753
1,All Population,3,YLDs (Years Lived with Disability),4871,Telangana,2,Female,15,50-54 years,500,Atrial fibrillation and flutter,91,Lead exposure,3,Rate,2017,0.762953305,2.331866709,-0.11930972
1,All Population,3,YLDs (Years Lived with Disability),4841,Andhra Pradesh,1,Male,15,50-54 years,493,Ischemic heart disease,380,Particulate matter pollution,3,Rate,2019,54.98419619,81.74856526,31.18604601
1,All Population,3,YLDs (Years Lived with Disability),4841,Andhra Pradesh,2,Female,15,50-54 years,493,Ischemic heart disease,380,Particulate matter pollution,3,Rate,2019,33.22358525,49.75399293,19.42404811
1,All Population,3,YLDs (Years Lived with Disability),4841,Andhra Pradesh,1,Male,15,50-54 years,494,Stroke,91,Lead exposure,3,Rate,2019,13.07790463,37.135101,-1.755538172
1,All Population,3,YLDs (Years Lived with Disability),4841,Andhra Pradesh,2,Female,15,50-54 years,494,Stroke,91,Lead exposure,3,Rate,2019,9.927393005,25.50969073,-1.383041129
1,All Population,3,YLDs (Years Lived with Disability),4860,Maharashtra,1,Male,15,50-54 years,493,Ischemic heart disease,380,Particulate matter pollution,3,Rate,2019,42.90403983,64.59263147,24.19175869
1,All Population,3,YLDs (Years Lived with Disability),4860,Maharashtra,2,Female,15,50-54 years,493,Ischemic heart disease,380,Particulate matter pollution,3,Rate,2019,28.40366122,41.42079135,16.37693147
1,All Population,3,YLDs (Years Lived with Disability),4860,Maharashtra,1,Male,15,50-54 years,494,Stroke,91,Lead exposure,3,Rate,2019,16.47253295,45.05574469,-2.44197618
1,All Population,3,YLDs (Years Lived with Disability),4860,Maharashtra,2,Female,15,50-54 years,494,Stroke,91,Lead exposure,3,Rate,2019,11.82210988,31.65461831,-1.677970826
1,All Population,3,YLDs (Years Lived with Disability),4843,Assam,1,Male,15,50-54 years,493,Ischemic heart disease,91,Lead exposure,3,Rate,2017,38.77967611,57.50819298,22.52112371
1,All Population,3,YLDs (Years Lived with Disability),4843,Assam,2,Female,15,50-54 years,493,Ischemic heart disease,91,Lead exposure,3,Rate,2017,24.21216261,35.4783034,14.54018385
1,All Population,3,YLDs (Years Lived with Disability),4855,Jharkhand,1,Male,15,50-54 years,498,Hypertensive heart disease,91,Lead exposure,3,Rate,2018,0.844659272,2.08104223,0
1,All Population,3,YLDs (Years Lived with Disability),4855,Jharkhand,2,Female,15,50-54 years,498,Hypertensive heart disease,91,Lead exposure,3,Rate,2018,1.205378279,3.123451979,0
1,All Population,3,YLDs (Years Lived with Disability),4862,Meghalaya,1,Male,15,50-54 years,494,Stroke,380,Particulate matter pollution,3,Rate,2019,80.66505869,124.8970838,43.67763392
1,All Population,3,YLDs (Years Lived with Disability),4862,Meghalaya,2,Female,15,50-54 years,494,Stroke,380,Particulate matter pollution,3,Rate,2019,65.5201171,98.81590684,35.42329858
1,All Population,3,YLDs (Years Lived with Disability),4860,Maharashtra,1,Male,15,50-54 years,502,Lower extremity peripheral arterial disease,91,Lead exposure,3,Rate,2019,0.008202278,0.027300716,-0.00096604
1,All Population,3,YLDs (Years Lived with Disability),4860,Maharashtra,2,Female,15,50-54 years,502,Lower extremity peripheral arterial disease,91,Lead exposure,3,Rate,2019,0.010023071,0.030430545,-0.001272917
1,All Population,3,YLDs (Years Lived with Disability),4875,West Bengal,1,Male,15,50-54 years,502,Lower extremity peripheral arterial disease,91,Lead exposure,3,Rate,2018,0.008394474,0.029232619,-0.000865568
1,All Population,3,YLDs (Years Lived with Disability),4875,West Bengal,2,Female,15,50-54 years,502,Lower extremity peripheral arterial disease,91,Lead exposure,3,Rate,2018,0.01096227,0.035463639,-0.001218722
1,All Population,3,YLDs (Years Lived with Disability),4846,Chhattisgarh,1,Male,15,50-54 years,502,Lower extremity peripheral arterial disease,91,Lead exposure,3,Rate,2017,0.009482368,0.032731362,-0.000896853
1,All Population,3,YLDs (Years Lived with Disability),4846,Chhattisgarh,2,Female,15,50-54 years,502,Lower extremity peripheral arterial disease,91,Lead exposure,3,Rate,2017,0.011804574,0.039167615,-0.001332843
1,All Population,3,YLDs (Years Lived with Disability),4871,Telangana,1,Male,15,50-54 years,498,Hypertensive heart disease,91,Lead exposure,3,Rate,2018,0.618482931,1.476254087,0
1,All Population,3,YLDs (Years Lived with Disability),4871,Telangana,2,Female,15,50-54 years,498,Hypertensive heart disease,91,Lead exposure,3,Rate,2018,1.126486802,2.691754763,0
1,All Population,3,YLDs (Years Lived with Disability),4850,Goa,1,Male,15,50-54 years,493,Ischemic heart disease,380,Particulate matter pollution,3,Rate,2018,45.34101261,70.45596849,25.61276939
1,All Population,3,YLDs (Years Lived with Disability),4850,Goa,2,Female,15,50-54 years,493,Ischemic heart disease,380,Particulate matter pollution,3,Rate,2018,29.41407741,46.38600098,16.13238163
1,All Population,3,YLDs (Years Lived with Disability),4844,Bihar,1,Male,15,50-54 years,502,Lower extremity peripheral arterial disease,91,Lead exposure,3,Rate,2018,0.01133948,0.037313133,-0.00144254
1,All Population,3,YLDs (Years Lived with Disability),4844,Bihar,2,Female,15,50-54 years,502,Lower extremity peripheral arterial disease,91,Lead exposure,3,Rate,2018,0.013668559,0.043969185,-0.001646435
1,All Population,3,YLDs (Years Lived with Disability),4868,Rajasthan,1,Male,15,50-54 years,494,Stroke,380,Particulate matter pollution,3,Rate,2018,80.37555697,120.4557205,46.28238527
1,All Population,3,YLDs (Years Lived with Disability),4868,Rajasthan,2,Female,15,50-54 years,494,Stroke,380,Particulate matter pollution,3,Rate,2018,73.7772979,117.8420882,42.27011363
1,All Population,3,YLDs (Years Lived with Disability),4857,Kerala,1,Male,15,50-54 years,502,Lower extremity peripheral arterial disease,91,Lead exposure,3,Rate,2019,0.007865718,0.024732094,-0.000982963
1,All Population,3,YLDs (Years Lived with Disability),4857,Kerala,2,Female,15,50-54 years,502,Lower extremity peripheral arterial disease,91,Lead exposure,3,Rate,2019,0.009859658,0.033024259,-0.000988661
1,All Population,3,YLDs (Years Lived with Disability),4849,Delhi,1,Male,15,50-54 years,493,Ischemic heart disease,380,Particulate matter pollution,3,Rate,2019,60.51992491,93.71108369,32.97207984
1,All Population,3,YLDs (Years Lived with Disability),4849,Delhi,2,Female,15,50-54 years,493,Ischemic heart disease,380,Particulate matter pollution,3,Rate,2019,40.02754188,62.67231302,23.50337005
1,All Population,3,YLDs (Years Lived with Disability),4849,Delhi,1,Male,15,50-54 years,494,Stroke,91,Lead exposure,3,Rate,2019,9.520954291,27.51373856,-1.054624025
1,All Population,3,YLDs (Years Lived with Disability),4849,Delhi,2,Female,15,50-54 years,494,Stroke,91,Lead exposure,3,Rate,2019,8.569041962,24.35756451,-0.938684991
1,All Population,3,YLDs (Years Lived with Disability),4859,Madhya Pradesh,1,Male,15,50-54 years,500,Atrial fibrillation and flutter,91,Lead exposure,3,Rate,2017,1.021528312,3.086038125,-0.184564431
1,All Population,3,YLDs (Years Lived with Disability),4859,Madhya Pradesh,2,Female,15,50-54 years,500,Atrial fibrillation and flutter,91,Lead exposure,3,Rate,2017,0.759012306,2.226445417,-0.114049281
1,All Population,3,YLDs (Years Lived with Disability),4862,Meghalaya,1,Male,15,50-54 years,498,Hypertensive heart disease,91,Lead exposure,3,Rate,2019,1.155911156,2.698723114,0
1,All Population,3,YLDs (Years Lived with Disability),4862,Meghalaya,2,Female,15,50-54 years,498,Hypertensive heart disease,91,Lead exposure,3,Rate,2019,1.621189576,4.170224083,0
1,All Population,3,YLDs (Years Lived with Disability),4871,Telangana,1,Male,15,50-54 years,500,Atrial fibrillation and flutter,91,Lead exposure,3,Rate,2016,1.085647153,3.133443691,-0.162560305
1,All Population,3,YLDs (Years Lived with Disability),4871,Telangana,2,Female,15,50-54 years,500,Atrial fibrillation and flutter,91,Lead exposure,3,Rate,2016,0.774163055,2.538840729,-0.105876507
1,All Population,3,YLDs (Years Lived with Disability),4852,Haryana,1,Male,15,50-54 years,502,Lower extremity peripheral arterial disease,91,Lead exposure,3,Rate,2017,0.008831368,0.029064688,-0.000935005
1,All Population,3,YLDs (Years Lived with Disability),4852,Haryana,2,Female,15,50-54 years,502,Lower extremity peripheral arterial disease,91,Lead exposure,3,Rate,2017,0.01153885,0.041591428,-0.001122443
1,All Population,3,YLDs (Years Lived with Disability),4863,Mizoram,1,Male,15,50-54 years,500,Atrial fibrillation and flutter,91,Lead exposure,3,Rate,2016,1.168863997,4.02428872,-0.204992799
1,All Population,3,YLDs (Years Lived with Disability),4863,Mizoram,2,Female,15,50-54 years,500,Atrial fibrillation and flutter,91,Lead exposure,3,Rate,2016,0.790710131,2.881269052,-0.164702532
1,All Population,3,YLDs (Years Lived with Disability),4865,Odisha,1,Male,15,50-54 years,498,Hypertensive heart disease,91,Lead exposure,3,Rate,2016,1.390900564,3.620253313,0
1,All Population,3,YLDs (Years Lived with Disability),4865,Odisha,2,Female,15,50-54 years,498,Hypertensive heart disease,91,Lead exposure,3,Rate,2016,1.563359664,3.985012745,0
1,All Population,3,YLDs (Years Lived with Disability),4875,West Bengal,1,Male,15,50-54 years,502,Lower extremity peripheral arterial disease,91,Lead exposure,3,Rate,2019,0.008207552,0.024971603,-0.000908327
1,All Population,3,YLDs (Years Lived with Disability),4875,West Bengal,2,Female,15,50-54 years,502,Lower extremity peripheral arterial disease,91,Lead exposure,3,Rate,2019,0.010733467,0.034872194,-0.001245837
1,All Population,3,YLDs (Years Lived with Disability),4857,Kerala,1,Male,15,50-54 years,493,Ischemic heart disease,91,Lead exposure,3,Rate,2019,60.56922445,87.03828966,37.35522552
1,All Population,3,YLDs (Years Lived with Disability),4857,Kerala,2,Female,15,50-54 years,493,Ischemic heart disease,91,Lead exposure,3,Rate,2019,27.90214213,39.86844217,17.21199464
1,All Population,3,YLDs (Years Lived with Disability),4850,Goa,1,Male,15,50-54 years,493,Ischemic heart disease,91,Lead exposure,3,Rate,2019,47.11374647,71.14329578,28.73944776
1,All Population,3,YLDs (Years Lived with Disability),4850,Goa,2,Female,15,50-54 years,493,Ischemic heart disease,91,Lead exposure,3,Rate,2019,27.3829588,41.42894222,16.52840033
1,All Population,3,YLDs (Years Lived with Disability),4861,Manipur,1,Male,15,50-54 years,493,Ischemic heart disease,380,Particulate matter pollution,3,Rate,2018,38.03246471,58.47026563,21.89426384
1,All Population,3,YLDs (Years Lived with Disability),4861,Manipur,2,Female,15,50-54 years,493,Ischemic heart disease,380,Particulate matter pollution,3,Rate,2018,28.55488216,43.2435095,15.99219155
1,All Population,3,YLDs (Years Lived with Disability),4861,Manipur,1,Male,15,50-54 years,494,Stroke,91,Lead exposure,3,Rate,2018,19.8633968,52.31497036,-3.477020805
1,All Population,3,YLDs (Years Lived with Disability),4861,Manipur,2,Female,15,50-54 years,494,Stroke,91,Lead exposure,3,Rate,2018,12.29178568,33.46850171,-1.941892128
1,All Population,3,YLDs (Years Lived with Disability),4863,Mizoram,1,Male,15,50-54 years,502,Lower extremity peripheral arterial disease,91,Lead exposure,3,Rate,2018,0.010351599,0.034216689,-0.001192553
1,All Population,3,YLDs (Years Lived with Disability),4863,Mizoram,2,Female,15,50-54 years,502,Lower extremity peripheral arterial disease,91,Lead exposure,3,Rate,2018,0.012441634,0.042484186,-0.001274164
1,All Population,3,YLDs (Years Lived with Disability),4855,Jharkhand,1,Male,15,50-54 years,493,Ischemic heart disease,91,Lead exposure,3,Rate,2019,26.85687962,39.22864383,16.31204533
1,All Population,3,YLDs (Years Lived with Disability),4855,Jharkhand,2,Female,15,50-54 years,493,Ischemic heart disease,91,Lead exposure,3,Rate,2019,21.81988244,31.3154015,13.70085085
1,All Population,3,YLDs (Years Lived with Disability),4861,Manipur,1,Male,15,50-54 years,502,Lower extremity peripheral arterial disease,91,Lead exposure,3,Rate,2018,0.011174232,0.03195919,-0.001268529
1,All Population,3,YLDs (Years Lived with Disability),4861,Manipur,2,Female,15,50-54 years,502,Lower extremity peripheral arterial disease,91,Lead exposure,3,Rate,2018,0.014543488,0.042223809,-0.002145809
1,All Population,3,YLDs (Years Lived with Disability),4841,Andhra Pradesh,1,Male,15,50-54 years,502,Lower extremity peripheral arterial disease,91,Lead exposure,3,Rate,2019,0.008321542,0.025601885,-0.000867859
1,All Population,3,YLDs (Years Lived with Disability),4841,Andhra Pradesh,2,Female,15,50-54 years,502,Lower extremity peripheral arterial disease,91,Lead exposure,3,Rate,2019,0.010298105,0.033711699,-0.001183724
1,All Population,3,YLDs (Years Lived with Disability),4850,Goa,1,Male,15,50-54 years,498,Hypertensive heart disease,91,Lead exposure,3,Rate,2017,0.703744529,1.896124007,0
1,All Population,3,YLDs (Years Lived with Disability),4850,Goa,2,Female,15,50-54 years,498,Hypertensive heart disease,91,Lead exposure,3,Rate,2017,1.030936978,2.489256737,0
1,All Population,3,YLDs (Years Lived with Disability),4841,Andhra Pradesh,1,Male,15,50-54 years,498,Hypertensive heart disease,91,Lead exposure,3,Rate,2017,0.565696758,1.473372372,0
1,All Population,3,YLDs (Years Lived with Disability),4841,Andhra Pradesh,2,Female,15,50-54 years,498,Hypertensive heart disease,91,Lead exposure,3,Rate,2017,1.021630613,2.45455928,0
1,All Population,3,YLDs (Years Lived with Disability),4854,Jammu & Kashmir and Ladakh,1,Male,15,50-54 years,500,Atrial fibrillation and flutter,91,Lead exposure,3,Rate,2018,0.849792083,2.472514707,-0.134267621
1,All Population,3,YLDs (Years Lived with Disability),4854,Jammu & Kashmir and Ladakh,2,Female,15,50-54 years,500,Atrial fibrillation and flutter,91,Lead exposure,3,Rate,2018,0.649211276,1.9237125,-0.090459295
1,All Population,3,YLDs (Years Lived with Disability),4856,Karnataka,1,Male,15,50-54 years,500,Atrial fibrillation and flutter,91,Lead exposure,3,Rate,2018,1.42236274,4.225600095,-0.206992617
1,All Population,3,YLDs (Years Lived with Disability),4856,Karnataka,2,Female,15,50-54 years,500,Atrial fibrillation and flutter,91,Lead exposure,3,Rate,2018,1.107627741,3.340500927,-0.13681639
1,All Population,3,YLDs (Years Lived with Disability),4867,Punjab,1,Male,15,50-54 years,493,Ischemic heart disease,91,Lead exposure,3,Rate,2017,56.53644711,85.91512376,33.80910732
1,All Population,3,YLDs (Years Lived with Disability),4867,Punjab,2,Female,15,50-54 years,493,Ischemic heart disease,91,Lead exposure,3,Rate,2017,34.54953318,48.99209962,20.29718012
1,All Population,3,YLDs (Years Lived with Disability),4844,Bihar,1,Male,15,50-54 years,498,Hypertensive heart disease,91,Lead exposure,3,Rate,2019,1.154368488,3.122715784,0
1,All Population,3,YLDs (Years Lived with Disability),4844,Bihar,2,Female,15,50-54 years,498,Hypertensive heart disease,91,Lead exposure,3,Rate,2019,1.633915873,4.133955968,0
1,All Population,3,YLDs (Years Lived with Disability),4854,Jammu & Kashmir and Ladakh,1,Male,15,50-54 years,502,Lower extremity peripheral arterial disease,91,Lead exposure,3,Rate,2019,0.007220992,0.021991244,-0.000887866
1,All Population,3,YLDs (Years Lived with Disability),4854,Jammu & Kashmir and Ladakh,2,Female,15,50-54 years,502,Lower extremity peripheral arterial disease,91,Lead exposure,3,Rate,2019,0.009557886,0.03337906,-0.001174819
1,All Population,3,YLDs (Years Lived with Disability),4873,Uttar Pradesh,1,Male,15,50-54 years,500,Atrial fibrillation and flutter,91,Lead exposure,3,Rate,2019,1.170356137,3.398323312,-0.113272561
1,All Population,3,YLDs (Years Lived with Disability),4873,Uttar Pradesh,2,Female,15,50-54 years,500,Atrial fibrillation and flutter,91,Lead exposure,3,Rate,2019,0.86868376,2.466210081,-0.103227767
1,All Population,3,YLDs (Years Lived with Disability),4846,Chhattisgarh,1,Male,15,50-54 years,493,Ischemic heart disease,380,Particulate matter pollution,3,Rate,2017,60.17471242,89.57896315,35.17772024
1,All Population,3,YLDs (Years Lived with Disability),4846,Chhattisgarh,2,Female,15,50-54 years,493,Ischemic heart disease,380,Particulate matter pollution,3,Rate,2017,38.91532352,57.59596652,22.54326312
1,All Population,3,YLDs (Years Lived with Disability),4846,Chhattisgarh,1,Male,15,50-54 years,494,Stroke,91,Lead exposure,3,Rate,2017,19.77957658,52.37744522,-3.004566043
1,All Population,3,YLDs (Years Lived with Disability),4846,Chhattisgarh,2,Female,15,50-54 years,494,Stroke,91,Lead exposure,3,Rate,2017,12.97606913,35.14027283,-2.072237881
1,All Population,3,YLDs (Years Lived with Disability),4865,Odisha,1,Male,15,50-54 years,493,Ischemic heart disease,380,Particulate matter pollution,3,Rate,2019,41.36940417,62.5000428,23.98379009
1,All Population,3,YLDs (Years Lived with Disability),4865,Odisha,2,Female,15,50-54 years,493,Ischemic heart disease,380,Particulate matter pollution,3,Rate,2019,27.32884056,41.18070609,15.95868282
1,All Population,3,YLDs (Years Lived with Disability),4842,Arunachal Pradesh,1,Male,15,50-54 years,500,Atrial fibrillation and flutter,91,Lead exposure,3,Rate,2016,1.197101224,4.183781245,-0.172863118
1,All Population,3,YLDs (Years Lived with Disability),4842,Arunachal Pradesh,2,Female,15,50-54 years,500,Atrial fibrillation and flutter,91,Lead exposure,3,Rate,2016,0.861671046,3.019867212,-0.110848876
1,All Population,3,YLDs (Years Lived with Disability),4874,Uttarakhand,1,Male,15,50-54 years,498,Hypertensive heart disease,91,Lead exposure,3,Rate,2017,0.652913157,1.816925459,0
1,All Population,3,YLDs (Years Lived with Disability),4874,Uttarakhand,2,Female,15,50-54 years,498,Hypertensive heart disease,91,Lead exposure,3,Rate,2017,1.076872275,2.755879514,0
1,All Population,3,YLDs (Years Lived with Disability),4864,Nagaland,1,Male,15,50-54 years,494,Stroke,380,Particulate matter pollution,3,Rate,2017,109.0604332,167.9794908,62.41704729
1,All Population,3,YLDs (Years Lived with Disability),4864,Nagaland,2,Female,15,50-54 years,494,Stroke,380,Particulate matter pollution,3,Rate,2017,75.34285738,117.0885557,42.20798412
1,All Population,3,YLDs (Years Lived with Disability),4864,Nagaland,1,Male,15,50-54 years,498,Hypertensive heart disease,91,Lead exposure,3,Rate,2017,0.944871997,2.37152343,0
1,All Population,3,YLDs (Years Lived with Disability),4864,Nagaland,2,Female,15,50-54 years,498,Hypertensive heart disease,91,Lead exposure,3,Rate,2017,1.206380224,3.077982532,0
1,All Population,3,YLDs (Years Lived with Disability),4867,Punjab,1,Male,15,50-54 years,493,Ischemic heart disease,380,Particulate matter pollution,3,Rate,2019,73.72628921,111.6629466,43.58427736
1,All Population,3,YLDs (Years Lived with Disability),4867,Punjab,2,Female,15,50-54 years,493,Ischemic heart disease,380,Particulate matter pollution,3,Rate,2019,49.46351337,72.87925008,28.73329105
1,All Population,3,YLDs (Years Lived with Disability),4867,Punjab,1,Male,15,50-54 years,494,Stroke,91,Lead exposure,3,Rate,2019,10.73434706,26.5896466,-1.795330618
1,All Population,3,YLDs (Years Lived with Disability),4867,Punjab,2,Female,15,50-54 years,494,Stroke,91,Lead exposure,3,Rate,2019,8.233857449,20.65152049,-1.360513996
1,All Population,3,YLDs (Years Lived with Disability),4853,Himachal Pradesh,1,Male,15,50-54 years,493,Ischemic heart disease,380,Particulate matter pollution,3,Rate,2019,58.84276192,90.93659196,34.32203229
1,All Population,3,YLDs (Years Lived with Disability),4853,Himachal Pradesh,2,Female,15,50-54 years,493,Ischemic heart disease,380,Particulate matter pollution,3,Rate,2019,29.52727825,43.21508623,17.68209862
1,All Population,3,YLDs (Years Lived with Disability),4854,Jammu & Kashmir and Ladakh,1,Male,15,50-54 years,498,Hypertensive heart disease,91,Lead exposure,3,Rate,2016,0.598072689,1.487646497,0
1,All Population,3,YLDs (Years Lived with Disability),4854,Jammu & Kashmir and Ladakh,2,Female,15,50-54 years,498,Hypertensive heart disease,91,Lead exposure,3,Rate,2016,0.862221129,2.193470271,0
1,All Population,3,YLDs (Years Lived with Disability),4842,Arunachal Pradesh,1,Male,15,50-54 years,500,Atrial fibrillation and flutter,91,Lead exposure,3,Rate,2019,1.149789041,3.714555583,-0.170428107
1,All Population,3,YLDs (Years Lived with Disability),4842,Arunachal Pradesh,2,Female,15,50-54 years,500,Atrial fibrillation and flutter,91,Lead exposure,3,Rate,2019,0.832866066,2.669815778,-0.095320743
1,All Population,3,YLDs (Years Lived with Disability),4865,Odisha,1,Male,15,50-54 years,494,Stroke,380,Particulate matter pollution,3,Rate,2017,101.6851027,158.5158667,58.87939687
1,All Population,3,YLDs (Years Lived with Disability),4865,Odisha,2,Female,15,50-54 years,494,Stroke,380,Particulate matter pollution,3,Rate,2017,88.72782276,138.0259637,52.3365783
1,All Population,3,YLDs (Years Lived with Disability),4850,Goa,1,Male,15,50-54 years,502,Lower extremity peripheral arterial disease,91,Lead exposure,3,Rate,2016,0.008402584,0.031553647,-0.000898083
1,All Population,3,YLDs (Years Lived with Disability),4850,Goa,2,Female,15,50-54 years,502,Lower extremity peripheral arterial disease,91,Lead exposure,3,Rate,2016,0.010303256,0.03573923,-0.001097974
1,All Population,3,YLDs (Years Lived with Disability),4870,Tamil Nadu,1,Male,15,50-54 years,502,Lower extremity peripheral arterial disease,91,Lead exposure,3,Rate,2018,0.011575618,0.038534622,-0.000968833
1,All Population,3,YLDs (Years Lived with Disability),4870,Tamil Nadu,2,Female,15,50-54 years,502,Lower extremity peripheral arterial disease,91,Lead exposure,3,Rate,2018,0.014280203,0.047909096,-0.001619447
1,All Population,3,YLDs (Years Lived with Disability),4841,Andhra Pradesh,1,Male,15,50-54 years,500,Atrial fibrillation and flutter,91,Lead exposure,3,Rate,2018,1.077624419,3.385312538,-0.128906967
1,All Population,3,YLDs (Years Lived with Disability),4841,Andhra Pradesh,2,Female,15,50-54 years,500,Atrial fibrillation and flutter,91,Lead exposure,3,Rate,2018,0.797358084,2.412602119,-0.101099654
1,All Population,3,YLDs (Years Lived with Disability),4854,Jammu & Kashmir and Ladakh,1,Male,15,50-54 years,494,Stroke,380,Particulate matter pollution,3,Rate,2019,55.65974869,87.77660906,31.44128221
1,All Population,3,YLDs (Years Lived with Disability),4854,Jammu & Kashmir and Ladakh,2,Female,15,50-54 years,494,Stroke,380,Particulate matter pollution,3,Rate,2019,50.72921641,82.31229018,27.21433006
1,All Population,3,YLDs (Years Lived with Disability),4856,Karnataka,1,Male,15,50-54 years,494,Stroke,380,Particulate matter pollution,3,Rate,2019,67.66280733,103.9482068,36.41498459
1,All Population,3,YLDs (Years Lived with Disability),4856,Karnataka,2,Female,15,50-54 years,494,Stroke,380,Particulate matter pollution,3,Rate,2019,57.03528594,88.08406745,32.19645188
1,All Population,3,YLDs (Years Lived with Disability),4856,Karnataka,1,Male,15,50-54 years,498,Hypertensive heart disease,91,Lead exposure,3,Rate,2019,0.66605628,1.79642121,0
1,All Population,3,YLDs (Years Lived with Disability),4856,Karnataka,2,Female,15,50-54 years,498,Hypertensive heart disease,91,Lead exposure,3,Rate,2019,1.291015413,3.096336207,0
1,All Population,3,YLDs (Years Lived with Disability),4875,West Bengal,1,Male,15,50-54 years,498,Hypertensive heart disease,91,Lead exposure,3,Rate,2018,0.687452486,1.696694421,0
1,All Population,3,YLDs (Years Lived with Disability),4875,West Bengal,2,Female,15,50-54 years,498,Hypertensive heart disease,91,Lead exposure,3,Rate,2018,1.103790151,2.424908369,0
1,All Population,3,YLDs (Years Lived with Disability),4860,Maharashtra,1,Male,15,50-54 years,498,Hypertensive heart disease,91,Lead exposure,3,Rate,2019,0.647201433,1.651482315,0
1,All Population,3,YLDs (Years Lived with Disability),4860,Maharashtra,2,Female,15,50-54 years,498,Hypertensive heart disease,91,Lead exposure,3,Rate,2019,1.304185916,3.151839249,0
1,All Population,3,YLDs (Years Lived with Disability),4868,Rajasthan,1,Male,15,50-54 years,498,Hypertensive heart disease,91,Lead exposure,3,Rate,2018,0.450708671,1.134374117,0
1,All Population,3,YLDs (Years Lived with Disability),4868,Rajasthan,2,Female,15,50-54 years,498,Hypertensive heart disease,91,Lead exposure,3,Rate,2018,0.804404974,1.922734923,0
1,All Population,3,YLDs (Years Lived with Disability),4856,Karnataka,1,Male,15,50-54 years,502,Lower extremity peripheral arterial disease,91,Lead exposure,3,Rate,2019,0.010659158,0.035236969,-0.001095277
1,All Population,3,YLDs (Years Lived with Disability),4856,Karnataka,2,Female,15,50-54 years,502,Lower extremity peripheral arterial disease,91,Lead exposure,3,Rate,2019,0.015552947,0.048550436,-0.001653791
1,All Population,3,YLDs (Years Lived with Disability),4846,Chhattisgarh,1,Male,15,50-54 years,500,Atrial fibrillation and flutter,91,Lead exposure,3,Rate,2017,1.027408783,3.175179956,-0.111677498
1,All Population,3,YLDs (Years Lived with Disability),4846,Chhattisgarh,2,Female,15,50-54 years,500,Atrial fibrillation and flutter,91,Lead exposure,3,Rate,2017,0.723630089,2.034289902,-0.098104447
1,All Population,3,YLDs (Years Lived with Disability),4865,Odisha,1,Male,15,50-54 years,493,Ischemic heart disease,91,Lead exposure,3,Rate,2019,33.69376108,49.4567783,20.0023354
1,All Population,3,YLDs (Years Lived with Disability),4865,Odisha,2,Female,15,50-54 years,493,Ischemic heart disease,91,Lead exposure,3,Rate,2019,19.99510823,29.00065946,11.85369961
1,All Population,3,YLDs (Years Lived with Disability),4842,Arunachal Pradesh,1,Male,15,50-54 years,502,Lower extremity peripheral arterial disease,91,Lead exposure,3,Rate,2017,0.009129693,0.034073846,-0.001114674
1,All Population,3,YLDs (Years Lived with Disability),4842,Arunachal Pradesh,2,Female,15,50-54 years,502,Lower extremity peripheral arterial disease,91,Lead exposure,3,Rate,2017,0.012230556,0.039641283,-0.00138457
1,All Population,3,YLDs (Years Lived with Disability),4844,Bihar,1,Male,15,50-54 years,493,Ischemic heart disease,91,Lead exposure,3,Rate,2019,42.79411045,65.13840676,25.96785654
1,All Population,3,YLDs (Years Lived with Disability),4844,Bihar,2,Female,15,50-54 years,493,Ischemic heart disease,91,Lead exposure,3,Rate,2019,27.5451851,39.56736253,16.78641773
1,All Population,3,YLDs (Years Lived with Disability),4850,Goa,1,Male,15,50-54 years,493,Ischemic heart disease,380,Particulate matter pollution,3,Rate,2019,44.53575562,68.49998639,25.78046944
1,All Population,3,YLDs (Years Lived with Disability),4850,Goa,2,Female,15,50-54 years,493,Ischemic heart disease,380,Particulate matter pollution,3,Rate,2019,28.84077843,43.39324837,16.73687635
1,All Population,3,YLDs (Years Lived with Disability),4859,Madhya Pradesh,1,Male,15,50-54 years,494,Stroke,380,Particulate matter pollution,3,Rate,2019,85.09723769,125.7140314,47.65459668
1,All Population,3,YLDs (Years Lived with Disability),4859,Madhya Pradesh,2,Female,15,50-54 years,494,Stroke,380,Particulate matter pollution,3,Rate,2019,75.51082021,112.5176049,44.73604804
1,All Population,3,YLDs (Years Lived with Disability),4854,Jammu & Kashmir and Ladakh,1,Male,15,50-54 years,500,Atrial fibrillation and flutter,91,Lead exposure,3,Rate,2017,0.866920503,2.70475773,-0.130879389
1,All Population,3,YLDs (Years Lived with Disability),4854,Jammu & Kashmir and Ladakh,2,Female,15,50-54 years,500,Atrial fibrillation and flutter,91,Lead exposure,3,Rate,2017,0.656982324,1.937709086,-0.093491556
1,All Population,3,YLDs (Years Lived with Disability),4843,Assam,1,Male,15,50-54 years,494,Stroke,380,Particulate matter pollution,3,Rate,2017,124.2515474,184.2345497,66.57753752
1,All Population,3,YLDs (Years Lived with Disability),4843,Assam,2,Female,15,50-54 years,494,Stroke,380,Particulate matter pollution,3,Rate,2017,88.99432977,132.8352747,50.28972412
1,All Population,3,YLDs (Years Lived with Disability),4842,Arunachal Pradesh,1,Male,15,50-54 years,493,Ischemic heart disease,91,Lead exposure,3,Rate,2019,34.98233185,51.55886012,21.22723286
1,All Population,3,YLDs (Years Lived with Disability),4842,Arunachal Pradesh,2,Female,15,50-54 years,493,Ischemic heart disease,91,Lead exposure,3,Rate,2019,18.32395526,26.59214305,10.84916684
1,All Population,3,YLDs (Years Lived with Disability),4852,Haryana,1,Male,15,50-54 years,494,Stroke,380,Particulate matter pollution,3,Rate,2017,104.8671818,155.6276556,58.99761567
1,All Population,3,YLDs (Years Lived with Disability),4852,Haryana,2,Female,15,50-54 years,494,Stroke,380,Particulate matter pollution,3,Rate,2017,99.201803,154.5097193,59.40470101
1,All Population,3,YLDs (Years Lived with Disability),4865,Odisha,1,Male,15,50-54 years,502,Lower extremity peripheral arterial disease,91,Lead exposure,3,Rate,2016,0.010248831,0.041640717,-0.00138261
1,All Population,3,YLDs (Years Lived with Disability),4865,Odisha,2,Female,15,50-54 years,502,Lower extremity peripheral arterial disease,91,Lead exposure,3,Rate,2016,0.011966982,0.045368698,-0.001462231
1,All Population,3,YLDs (Years Lived with Disability),4875,West Bengal,1,Male,15,50-54 years,500,Atrial fibrillation and flutter,91,Lead exposure,3,Rate,2019,1.030967951,3.600121723,-0.139324933
1,All Population,3,YLDs (Years Lived with Disability),4875,West Bengal,2,Female,15,50-54 years,500,Atrial fibrillation and flutter,91,Lead exposure,3,Rate,2019,0.825209726,2.557335168,-0.124802692
1,All Population,3,YLDs (Years Lived with Disability),4854,Jammu & Kashmir and Ladakh,1,Male,15,50-54 years,493,Ischemic heart disease,380,Particulate matter pollution,3,Rate,2019,49.91630309,76.05241409,28.31733338
1,All Population,3,YLDs (Years Lived with Disability),4854,Jammu & Kashmir and Ladakh,2,Female,15,50-54 years,493,Ischemic heart disease,380,Particulate matter pollution,3,Rate,2019,35.1166868,52.66367714,20.84919639
1,All Population,3,YLDs (Years Lived with Disability),4854,Jammu & Kashmir and Ladakh,1,Male,15,50-54 years,494,Stroke,91,Lead exposure,3,Rate,2019,10.28187696,25.6756968,-1.868110038
1,All Population,3,YLDs (Years Lived with Disability),4854,Jammu & Kashmir and Ladakh,2,Female,15,50-54 years,494,Stroke,91,Lead exposure,3,Rate,2019,8.334380605,20.57508363,-1.391702886
1,All Population,3,YLDs (Years Lived with Disability),44538,Other Union Territories,1,Male,15,50-54 years,498,Hypertensive heart disease,91,Lead exposure,3,Rate,2018,0.676000383,1.704278966,0
1,All Population,3,YLDs (Years Lived with Disability),44538,Other Union Territories,2,Female,15,50-54 years,498,Hypertensive heart disease,91,Lead exposure,3,Rate,2018,1.210479437,2.905703875,0
1,All Population,3,YLDs (Years Lived with Disability),4867,Punjab,1,Male,15,50-54 years,498,Hypertensive heart disease,91,Lead exposure,3,Rate,2017,0.417490337,1.125194581,0
1,All Population,3,YLDs (Years Lived with Disability),4867,Punjab,2,Female,15,50-54 years,498,Hypertensive heart disease,91,Lead exposure,3,Rate,2017,0.599046077,1.438575011,0
1,All Population,3,YLDs (Years Lived with Disability),4856,Karnataka,1,Male,15,50-54 years,494,Stroke,91,Lead exposure,3,Rate,2019,18.1734781,47.69539947,-3.306612282
1,All Population,3,YLDs (Years Lived with Disability),4856,Karnataka,2,Female,15,50-54 years,494,Stroke,91,Lead exposure,3,Rate,2019,13.97968803,35.45469064,-2.185993415
1,All Population,3,YLDs (Years Lived with Disability),4865,Odisha,1,Male,15,50-54 years,500,Atrial fibrillation and flutter,91,Lead exposure,3,Rate,2019,1.029363941,3.499324176,-0.129126564
1,All Population,3,YLDs (Years Lived with Disability),4865,Odisha,2,Female,15,50-54 years,500,Atrial fibrillation and flutter,91,Lead exposure,3,Rate,2019,0.748848884,2.665037831,-0.107633076
1,All Population,3,YLDs (Years Lived with Disability),4868,Rajasthan,1,Male,15,50-54 years,502,Lower extremity peripheral arterial disease,91,Lead exposure,3,Rate,2019,0.005432082,0.017346533,-0.000657205
1,All Population,3,YLDs (Years Lived with Disability),4868,Rajasthan,2,Female,15,50-54 years,502,Lower extremity peripheral arterial disease,91,Lead exposure,3,Rate,2019,0.006057634,0.018419909,-0.000688486
1,All Population,3,YLDs (Years Lived with Disability),4873,Uttar Pradesh,1,Male,15,50-54 years,494,Stroke,91,Lead exposure,3,Rate,2017,18.68442718,48.76167051,-2.36976688
1,All Population,3,YLDs (Years Lived with Disability),4873,Uttar Pradesh,2,Female,15,50-54 years,494,Stroke,91,Lead exposure,3,Rate,2017,18.5220033,47.02898359,-2.16015387
1,All Population,3,YLDs (Years Lived with Disability),4859,Madhya Pradesh,1,Male,15,50-54 years,493,Ischemic heart disease,380,Particulate matter pollution,3,Rate,2019,63.73916412,95.09318283,37.04763318
1,All Population,3,YLDs (Years Lived with Disability),4859,Madhya Pradesh,2,Female,15,50-54 years,493,Ischemic heart disease,380,Particulate matter pollution,3,Rate,2019,34.48457963,51.01013882,20.50252462
1,All Population,3,YLDs (Years Lived with Disability),4859,Madhya Pradesh,1,Male,15,50-54 years,494,Stroke,91,Lead exposure,3,Rate,2019,14.39057302,35.54862145,-2.706835368
1,All Population,3,YLDs (Years Lived with Disability),4859,Madhya Pradesh,2,Female,15,50-54 years,494,Stroke,91,Lead exposure,3,Rate,2019,10.69300618,26.33150472,-1.968187168
1,All Population,3,YLDs (Years Lived with Disability),4849,Delhi,1,Male,15,50-54 years,493,Ischemic heart disease,380,Particulate matter pollution,3,Rate,2016,66.58757631,104.2481772,39.65279826
1,All Population,3,YLDs (Years Lived with Disability),4849,Delhi,2,Female,15,50-54 years,493,Ischemic heart disease,380,Particulate matter pollution,3,Rate,2016,43.97746383,69.57632557,24.8534781
1,All Population,3,YLDs (Years Lived with Disability),4849,Delhi,1,Male,15,50-54 years,494,Stroke,91,Lead exposure,3,Rate,2016,9.846392655,26.43482573,-1.066853891
1,All Population,3,YLDs (Years Lived with Disability),4849,Delhi,2,Female,15,50-54 years,494,Stroke,91,Lead exposure,3,Rate,2016,9.015558524,24.42340184,-0.830021784
1,All Population,3,YLDs (Years Lived with Disability),4875,West Bengal,1,Male,15,50-54 years,493,Ischemic heart disease,380,Particulate matter pollution,3,Rate,2016,62.74780984,97.13797958,35.39004491
1,All Population,3,YLDs (Years Lived with Disability),4875,West Bengal,2,Female,15,50-54 years,493,Ischemic heart disease,380,Particulate matter pollution,3,Rate,2016,44.84679818,66.68630145,26.79973806
1,All Population,3,YLDs (Years Lived with Disability),4875,West Bengal,1,Male,15,50-54 years,494,Stroke,91,Lead exposure,3,Rate,2016,21.99403223,54.08895938,-2.922129815
1,All Population,3,YLDs (Years Lived with Disability),4875,West Bengal,2,Female,15,50-54 years,494,Stroke,91,Lead exposure,3,Rate,2016,18.99494199,45.09099746,-2.559286089
1,All Population,3,YLDs (Years Lived with Disability),4861,Manipur,1,Male,15,50-54 years,494,Stroke,380,Particulate matter pollution,3,Rate,2019,88.24394438,136.9998063,49.93274015
1,All Population,3,YLDs (Years Lived with Disability),4861,Manipur,2,Female,15,50-54 years,494,Stroke,380,Particulate matter pollution,3,Rate,2019,66.84121034,103.0596669,36.53383487
1,All Population,3,YLDs (Years Lived with Disability),4861,Manipur,1,Male,15,50-54 years,498,Hypertensive heart disease,91,Lead exposure,3,Rate,2019,1.110510574,2.598357988,0
1,All Population,3,YLDs (Years Lived with Disability),4861,Manipur,2,Female,15,50-54 years,498,Hypertensive heart disease,91,Lead exposure,3,Rate,2019,1.645949546,3.820322907,0
1,All Population,3,YLDs (Years Lived with Disability),4875,West Bengal,1,Male,15,50-54 years,494,Stroke,380,Particulate matter pollution,3,Rate,2017,133.5177597,200.1556169,78.00888949
1,All Population,3,YLDs (Years Lived with Disability),4875,West Bengal,2,Female,15,50-54 years,494,Stroke,380,Particulate matter pollution,3,Rate,2017,125.2434948,185.1722319,70.68162579
1,All Population,3,YLDs (Years Lived with Disability),4864,Nagaland,1,Male,15,50-54 years,494,Stroke,380,Particulate matter pollution,3,Rate,2019,106.197592,162.7599843,59.47103964
1,All Population,3,YLDs (Years Lived with Disability),4864,Nagaland,2,Female,15,50-54 years,494,Stroke,380,Particulate matter pollution,3,Rate,2019,73.20524255,116.8688217,40.25364895
1,All Population,3,YLDs (Years Lived with Disability),4864,Nagaland,1,Male,15,50-54 years,498,Hypertensive heart disease,91,Lead exposure,3,Rate,2019,0.926008779,2.570033127,0
1,All Population,3,YLDs (Years Lived with Disability),4864,Nagaland,2,Female,15,50-54 years,498,Hypertensive heart disease,91,Lead exposure,3,Rate,2019,1.202782015,2.768290083,0
1,All Population,3,YLDs (Years Lived with Disability),4868,Rajasthan,1,Male,15,50-54 years,498,Hypertensive heart disease,91,Lead exposure,3,Rate,2017,0.46366672,1.171309312,0
1,All Population,3,YLDs (Years Lived with Disability),4868,Rajasthan,2,Female,15,50-54 years,498,Hypertensive heart disease,91,Lead exposure,3,Rate,2017,0.789004497,1.921183451,0
1,All Population,3,YLDs (Years Lived with Disability),4851,Gujarat,1,Male,15,50-54 years,493,Ischemic heart disease,380,Particulate matter pollution,3,Rate,2019,58.76571968,87.23070559,33.33692125
1,All Population,3,YLDs (Years Lived with Disability),4851,Gujarat,2,Female,15,50-54 years,493,Ischemic heart disease,380,Particulate matter pollution,3,Rate,2019,33.99219107,51.82427176,20.44311832
1,All Population,3,YLDs (Years Lived with Disability),4851,Gujarat,1,Male,15,50-54 years,494,Stroke,91,Lead exposure,3,Rate,2019,20.1612261,51.66809808,-3.352484618
1,All Population,3,YLDs (Years Lived with Disability),4851,Gujarat,2,Female,15,50-54 years,494,Stroke,91,Lead exposure,3,Rate,2019,16.6692037,42.89346868,-2.795236604
1,All Population,3,YLDs (Years Lived with Disability),4842,Arunachal Pradesh,1,Male,15,50-54 years,493,Ischemic heart disease,380,Particulate matter pollution,3,Rate,2016,37.4389216,56.66881371,20.42153815
1,All Population,3,YLDs (Years Lived with Disability),4842,Arunachal Pradesh,2,Female,15,50-54 years,493,Ischemic heart disease,380,Particulate matter pollution,3,Rate,2016,24.16714127,37.10331783,13.07980858
1,All Population,3,YLDs (Years Lived with Disability),4842,Arunachal Pradesh,1,Male,15,50-54 years,494,Stroke,91,Lead exposure,3,Rate,2016,15.89122457,42.91358995,-2.069308093
1,All Population,3,YLDs (Years Lived with Disability),4842,Arunachal Pradesh,2,Female,15,50-54 years,494,Stroke,91,Lead exposure,3,Rate,2016,10.95304446,27.94933956,-1.409138157
1,All Population,3,YLDs (Years Lived with Disability),4856,Karnataka,1,Male,15,50-54 years,494,Stroke,380,Particulate matter pollution,3,Rate,2018,68.41703557,108.6271256,38.8628485
1,All Population,3,YLDs (Years Lived with Disability),4856,Karnataka,2,Female,15,50-54 years,494,Stroke,380,Particulate matter pollution,3,Rate,2018,57.370249,86.04397619,32.72079374
1,All Population,3,YLDs (Years Lived with Disability),4856,Karnataka,1,Male,15,50-54 years,498,Hypertensive heart disease,91,Lead exposure,3,Rate,2018,0.691891763,1.910834221,0
1,All Population,3,YLDs (Years Lived with Disability),4856,Karnataka,2,Female,15,50-54 years,498,Hypertensive heart disease,91,Lead exposure,3,Rate,2018,1.298658303,3.055129661,0
1,All Population,3,YLDs (Years Lived with Disability),4854,Jammu & Kashmir and Ladakh,1,Male,15,50-54 years,500,Atrial fibrillation and flutter,91,Lead exposure,3,Rate,2019,0.839927245,2.52082642,-0.131624407
1,All Population,3,YLDs (Years Lived with Disability),4854,Jammu & Kashmir and Ladakh,2,Female,15,50-54 years,500,Atrial fibrillation and flutter,91,Lead exposure,3,Rate,2019,0.651037857,1.937446999,-0.103397251
1,All Population,3,YLDs (Years Lived with Disability),4852,Haryana,1,Male,15,50-54 years,500,Atrial fibrillation and flutter,91,Lead exposure,3,Rate,2019,1.023803179,3.914650865,-0.152498641
1,All Population,3,YLDs (Years Lived with Disability),4852,Haryana,2,Female,15,50-54 years,500,Atrial fibrillation and flutter,91,Lead exposure,3,Rate,2019,0.727879817,2.259622945,-0.103743845
1,All Population,3,YLDs (Years Lived with Disability),4871,Telangana,1,Male,15,50-54 years,493,Ischemic heart disease,380,Particulate matter pollution,3,Rate,2016,60.1978076,92.48895531,33.57727808
1,All Population,3,YLDs (Years Lived with Disability),4871,Telangana,2,Female,15,50-54 years,493,Ischemic heart disease,380,Particulate matter pollution,3,Rate,2016,38.46312654,58.80325915,22.35177925
1,All Population,3,YLDs (Years Lived with Disability),4871,Telangana,1,Male,15,50-54 years,494,Stroke,91,Lead exposure,3,Rate,2016,14.28704832,34.08815907,-2.105713724
1,All Population,3,YLDs (Years Lived with Disability),4871,Telangana,2,Female,15,50-54 years,494,Stroke,91,Lead exposure,3,Rate,2016,9.346192378,23.46142061,-1.197336561
1,All Population,3,YLDs (Years Lived with Disability),44538,Other Union Territories,1,Male,15,50-54 years,494,Stroke,91,Lead exposure,3,Rate,2019,12.18532457,28.10243797,-2.335161332
1,All Population,3,YLDs (Years Lived with Disability),44538,Other Union Territories,2,Female,15,50-54 years,494,Stroke,91,Lead exposure,3,Rate,2019,9.973535682,24.10759737,-1.956239172
1,All Population,3,YLDs (Years Lived with Disability),4869,Sikkim,1,Male,15,50-54 years,493,Ischemic heart disease,380,Particulate matter pollution,3,Rate,2019,40.28287787,59.56278608,23.66493509
1,All Population,3,YLDs (Years Lived with Disability),4869,Sikkim,2,Female,15,50-54 years,493,Ischemic heart disease,380,Particulate matter pollution,3,Rate,2019,28.643664,41.79544745,16.564321
1,All Population,3,YLDs (Years Lived with Disability),4869,Sikkim,1,Male,15,50-54 years,494,Stroke,91,Lead exposure,3,Rate,2019,14.46869389,38.17845804,-2.251062714
1,All Population,3,YLDs (Years Lived with Disability),4869,Sikkim,2,Female,15,50-54 years,494,Stroke,91,Lead exposure,3,Rate,2019,10.98309992,28.10278439,-1.519902405
1,All Population,3,YLDs (Years Lived with Disability),4874,Uttarakhand,1,Male,15,50-54 years,493,Ischemic heart disease,380,Particulate matter pollution,3,Rate,2018,76.007173,114.9076555,43.53967393
1,All Population,3,YLDs (Years Lived with Disability),4874,Uttarakhand,2,Female,15,50-54 years,493,Ischemic heart disease,380,Particulate matter pollution,3,Rate,2018,42.5543254,65.34713664,24.97552614
1,All Population,3,YLDs (Years Lived with Disability),4874,Uttarakhand,1,Male,15,50-54 years,494,Stroke,91,Lead exposure,3,Rate,2018,17.4552467,41.38395066,-2.83946221
1,All Population,3,YLDs (Years Lived with Disability),4874,Uttarakhand,2,Female,15,50-54 years,494,Stroke,91,Lead exposure,3,Rate,2018,10.8247489,25.61863585,-1.655026799
1,All Population,3,YLDs (Years Lived with Disability),4869,Sikkim,1,Male,15,50-54 years,500,Atrial fibrillation and flutter,91,Lead exposure,3,Rate,2019,1.157219961,3.838065852,-0.128837989
1,All Population,3,YLDs (Years Lived with Disability),4869,Sikkim,2,Female,15,50-54 years,500,Atrial fibrillation and flutter,91,Lead exposure,3,Rate,2019,0.827911014,2.795929593,-0.092088361
1,All Population,3,YLDs (Years Lived with Disability),4869,Sikkim,1,Male,15,50-54 years,502,Lower extremity peripheral arterial disease,91,Lead exposure,3,Rate,2019,0.007485583,0.026261996,-0.000926777
1,All Population,3,YLDs (Years Lived with Disability),4869,Sikkim,2,Female,15,50-54 years,502,Lower extremity peripheral arterial disease,91,Lead exposure,3,Rate,2019,0.007598699,0.025184183,-0.00089393
1,All Population,3,YLDs (Years Lived with Disability),4870,Tamil Nadu,1,Male,15,50-54 years,493,Ischemic heart disease,380,Particulate matter pollution,3,Rate,2019,50.1403943,77.19259103,28.46312859
1,All Population,3,YLDs (Years Lived with Disability),4870,Tamil Nadu,2,Female,15,50-54 years,493,Ischemic heart disease,380,Particulate matter pollution,3,Rate,2019,27.25353908,41.32731133,16.27511093
1,All Population,3,YLDs (Years Lived with Disability),4870,Tamil Nadu,1,Male,15,50-54 years,494,Stroke,91,Lead exposure,3,Rate,2019,18.27393989,49.01958322,-2.909786767
1,All Population,3,YLDs (Years Lived with Disability),4870,Tamil Nadu,2,Female,15,50-54 years,494,Stroke,91,Lead exposure,3,Rate,2019,13.85673785,36.44153802,-2.404338743
1,All Population,3,YLDs (Years Lived with Disability),4870,Tamil Nadu,1,Male,15,50-54 years,498,Hypertensive heart disease,91,Lead exposure,3,Rate,2017,0.626411117,1.554577386,0
1,All Population,3,YLDs (Years Lived with Disability),4870,Tamil Nadu,2,Female,15,50-54 years,498,Hypertensive heart disease,91,Lead exposure,3,Rate,2017,1.096167062,2.678413386,0
1,All Population,3,YLDs (Years Lived with Disability),4850,Goa,1,Male,15,50-54 years,500,Atrial fibrillation and flutter,91,Lead exposure,3,Rate,2019,1.034104784,3.749237802,-0.135096021
1,All Population,3,YLDs (Years Lived with Disability),4850,Goa,2,Female,15,50-54 years,500,Atrial fibrillation and flutter,91,Lead exposure,3,Rate,2019,0.766271668,2.674583487,-0.118155072
1,All Population,3,YLDs (Years Lived with Disability),44538,Other Union Territories,1,Male,15,50-54 years,502,Lower extremity peripheral arterial disease,91,Lead exposure,3,Rate,2018,0.009350037,0.033050745,-0.001402963
1,All Population,3,YLDs (Years Lived with Disability),44538,Other Union Territories,2,Female,15,50-54 years,502,Lower extremity peripheral arterial disease,91,Lead exposure,3,Rate,2018,0.012124141,0.037527194,-0.001704156
1,All Population,3,YLDs (Years Lived with Disability),4850,Goa,1,Male,15,50-54 years,500,Atrial fibrillation and flutter,91,Lead exposure,3,Rate,2017,1.044206371,3.466881711,-0.152454402
1,All Population,3,YLDs (Years Lived with Disability),4850,Goa,2,Female,15,50-54 years,500,Atrial fibrillation and flutter,91,Lead exposure,3,Rate,2017,0.778141424,2.682601036,-0.108137299
1,All Population,3,YLDs (Years Lived with Disability),4841,Andhra Pradesh,1,Male,15,50-54 years,502,Lower extremity peripheral arterial disease,91,Lead exposure,3,Rate,2018,0.008823885,0.031372651,-0.000976171
1,All Population,3,YLDs (Years Lived with Disability),4841,Andhra Pradesh,2,Female,15,50-54 years,502,Lower extremity peripheral arterial disease,91,Lead exposure,3,Rate,2018,0.01084003,0.036453495,-0.001105014
1,All Population,3,YLDs (Years Lived with Disability),4868,Rajasthan,1,Male,15,50-54 years,493,Ischemic heart disease,380,Particulate matter pollution,3,Rate,2016,80.4184173,119.4513132,46.24809397
1,All Population,3,YLDs (Years Lived with Disability),4868,Rajasthan,2,Female,15,50-54 years,493,Ischemic heart disease,380,Particulate matter pollution,3,Rate,2016,44.68665534,65.42652022,25.85274658
1,All Population,3,YLDs (Years Lived with Disability),4868,Rajasthan,1,Male,15,50-54 years,494,Stroke,91,Lead exposure,3,Rate,2016,8.109945868,20.41274908,-1.126116749
1,All Population,3,YLDs (Years Lived with Disability),4868,Rajasthan,2,Female,15,50-54 years,494,Stroke,91,Lead exposure,3,Rate,2016,5.497254899,13.99904722,-0.769328708
1,All Population,3,YLDs (Years Lived with Disability),4863,Mizoram,1,Male,15,50-54 years,498,Hypertensive heart disease,91,Lead exposure,3,Rate,2017,1.295670656,3.05347217,0
1,All Population,3,YLDs (Years Lived with Disability),4863,Mizoram,2,Female,15,50-54 years,498,Hypertensive heart disease,91,Lead exposure,3,Rate,2017,2.335580653,5.611590503,0
1,All Population,3,YLDs (Years Lived with Disability),4841,Andhra Pradesh,1,Male,15,50-54 years,494,Stroke,380,Particulate matter pollution,3,Rate,2020,59.42846495,92.15001487,31.67585064
1,All Population,3,YLDs (Years Lived with Disability),4841,Andhra Pradesh,2,Female,15,50-54 years,494,Stroke,380,Particulate matter pollution,3,Rate,2020,54.58096002,85.01552795,27.79830164
1,All Population,3,YLDs (Years Lived with Disability),4843,Assam,1,Male,15,50-54 years,494,Stroke,380,Particulate matter pollution,3,Rate,2019,123.6916473,188.4565697,72.29412446
1,All Population,3,YLDs (Years Lived with Disability),4843,Assam,2,Female,15,50-54 years,494,Stroke,380,Particulate matter pollution,3,Rate,2019,86.82784158,132.4610048,51.62570501
1,All Population,3,YLDs (Years Lived with Disability),4843,Assam,1,Male,15,50-54 years,494,Stroke,380,Particulate matter pollution,3,Rate,2018,122.4867293,184.6810247,68.106102
1,All Population,3,YLDs (Years Lived with Disability),4843,Assam,2,Female,15,50-54 years,494,Stroke,380,Particulate matter pollution,3,Rate,2018,87.15929102,128.1619771,48.18882328
1,All Population,3,YLDs (Years Lived with Disability),4873,Uttar Pradesh,1,Male,15,50-54 years,500,Atrial fibrillation and flutter,91,Lead exposure,3,Rate,2017,1.13209652,3.228574892,-0.12760995
1,All Population,3,YLDs (Years Lived with Disability),4873,Uttar Pradesh,2,Female,15,50-54 years,500,Atrial fibrillation and flutter,91,Lead exposure,3,Rate,2017,0.889711312,2.519707341,-0.103669734
1,All Population,3,YLDs (Years Lived with Disability),4859,Madhya Pradesh,1,Male,15,50-54 years,498,Hypertensive heart disease,91,Lead exposure,3,Rate,2019,0.65789255,1.806658157,0
1,All Population,3,YLDs (Years Lived with Disability),4859,Madhya Pradesh,2,Female,15,50-54 years,498,Hypertensive heart disease,91,Lead exposure,3,Rate,2019,1.404510714,3.65736276,0
1,All Population,3,YLDs (Years Lived with Disability),4864,Nagaland,1,Male,15,50-54 years,500,Atrial fibrillation and flutter,91,Lead exposure,3,Rate,2019,1.176509823,4.233226341,-0.155417185
1,All Population,3,YLDs (Years Lived with Disability),4864,Nagaland,2,Female,15,50-54 years,500,Atrial fibrillation and flutter,91,Lead exposure,3,Rate,2019,0.873946389,2.880280915,-0.122152413
1,All Population,3,YLDs (Years Lived with Disability),4868,Rajasthan,1,Male,15,50-54 years,494,Stroke,380,Particulate matter pollution,3,Rate,2017,79.50265931,122.7696145,44.14130576
1,All Population,3,YLDs (Years Lived with Disability),4868,Rajasthan,2,Female,15,50-54 years,494,Stroke,380,Particulate matter pollution,3,Rate,2017,73.38968816,108.136517,41.97202176
1,All Population,3,YLDs (Years Lived with Disability),4854,Jammu & Kashmir and Ladakh,1,Male,15,50-54 years,493,Ischemic heart disease,380,Particulate matter pollution,3,Rate,2018,51.48660582,78.51901168,29.26103718
1,All Population,3,YLDs (Years Lived with Disability),4854,Jammu & Kashmir and Ladakh,2,Female,15,50-54 years,493,Ischemic heart disease,380,Particulate matter pollution,3,Rate,2018,36.43134591,54.68856859,21.98579857
1,All Population,3,YLDs (Years Lived with Disability),4854,Jammu & Kashmir and Ladakh,1,Male,15,50-54 years,494,Stroke,91,Lead exposure,3,Rate,2018,10.39728729,25.34240896,-1.946557211
1,All Population,3,YLDs (Years Lived with Disability),4854,Jammu & Kashmir and Ladakh,2,Female,15,50-54 years,494,Stroke,91,Lead exposure,3,Rate,2018,8.454028965,21.13737882,-1.398568415
1,All Population,3,YLDs (Years Lived with Disability),4842,Arunachal Pradesh,1,Male,15,50-54 years,493,Ischemic heart disease,380,Particulate matter pollution,3,Rate,2019,32.24372112,50.84949054,18.17099919
1,All Population,3,YLDs (Years Lived with Disability),4842,Arunachal Pradesh,2,Female,15,50-54 years,493,Ischemic heart disease,380,Particulate matter pollution,3,Rate,2019,19.73051301,29.67743434,11.60180934
1,All Population,3,YLDs (Years Lived with Disability),4842,Arunachal Pradesh,1,Male,15,50-54 years,494,Stroke,91,Lead exposure,3,Rate,2019,15.15565598,40.48609702,-2.127244201
1,All Population,3,YLDs (Years Lived with Disability),4842,Arunachal Pradesh,2,Female,15,50-54 years,494,Stroke,91,Lead exposure,3,Rate,2019,10.40539868,28.29389144,-1.61347088
1,All Population,3,YLDs (Years Lived with Disability),4857,Kerala,1,Male,15,50-54 years,494,Stroke,91,Lead exposure,3,Rate,2017,20.4183345,49.8287102,-2.937549382
1,All Population,3,YLDs (Years Lived with Disability),4857,Kerala,2,Female,15,50-54 years,494,Stroke,91,Lead exposure,3,Rate,2017,14.15933246,35.25050057,-2.07066761
1,All Population,3,YLDs (Years Lived with Disability),4859,Madhya Pradesh,1,Male,15,50-54 years,493,Ischemic heart disease,380,Particulate matter pollution,3,Rate,2017,65.58834051,97.63970028,37.45024554
1,All Population,3,YLDs (Years Lived with Disability),4859,Madhya Pradesh,2,Female,15,50-54 years,493,Ischemic heart disease,380,Particulate matter pollution,3,Rate,2017,36.63270134,55.02445822,21.84778975
1,All Population,3,YLDs (Years Lived with Disability),4859,Madhya Pradesh,1,Male,15,50-54 years,494,Stroke,91,Lead exposure,3,Rate,2017,14.42096495,36.28054083,-2.775965447
1,All Population,3,YLDs (Years Lived with Disability),4859,Madhya Pradesh,2,Female,15,50-54 years,494,Stroke,91,Lead exposure,3,Rate,2017,10.86184881,25.38388553,-1.816923151
1,All Population,3,YLDs (Years Lived with Disability),4852,Haryana,1,Male,15,50-54 years,502,Lower extremity peripheral arterial disease,91,Lead exposure,3,Rate,2020,0.007579726,0.024885694,-0.000773105
1,All Population,3,YLDs (Years Lived with Disability),4852,Haryana,2,Female,15,50-54 years,502,Lower extremity peripheral arterial disease,91,Lead exposure,3,Rate,2020,0.010647921,0.036421467,-0.000991568
1,All Population,3,YLDs (Years Lived with Disability),4867,Punjab,1,Male,15,50-54 years,493,Ischemic heart disease,380,Particulate matter pollution,3,Rate,2018,75.71107087,112.0494172,44.18134806
1,All Population,3,YLDs (Years Lived with Disability),4867,Punjab,2,Female,15,50-54 years,493,Ischemic heart disease,380,Particulate matter pollution,3,Rate,2018,50.48663244,73.44188146,29.45089001
1,All Population,3,YLDs (Years Lived with Disability),4867,Punjab,1,Male,15,50-54 years,494,Stroke,91,Lead exposure,3,Rate,2018,10.75692606,26.29453453,-1.760175994
1,All Population,3,YLDs (Years Lived with Disability),4867,Punjab,2,Female,15,50-54 years,494,Stroke,91,Lead exposure,3,Rate,2018,8.453142184,21.51272396,-1.407592768
1,All Population,3,YLDs (Years Lived with Disability),4844,Bihar,1,Male,15,50-54 years,500,Atrial fibrillation and flutter,91,Lead exposure,3,Rate,2019,1.17251844,4.118268732,-0.186075235
1,All Population,3,YLDs (Years Lived with Disability),4844,Bihar,2,Female,15,50-54 years,500,Atrial fibrillation and flutter,91,Lead exposure,3,Rate,2019,0.905455346,2.9124918,-0.134034292
1,All Population,3,YLDs (Years Lived with Disability),4859,Madhya Pradesh,1,Male,15,50-54 years,502,Lower extremity peripheral arterial disease,91,Lead exposure,3,Rate,2019,0.00919974,0.033521495,-0.000865424
1,All Population,3,YLDs (Years Lived with Disability),4859,Madhya Pradesh,2,Female,15,50-54 years,502,Lower extremity peripheral arterial disease,91,Lead exposure,3,Rate,2019,0.01134309,0.036848246,-0.0012574
1,All Population,3,YLDs (Years Lived with Disability),4861,Manipur,1,Male,15,50-54 years,500,Atrial fibrillation and flutter,91,Lead exposure,3,Rate,2019,1.194831837,3.863417563,-0.217952355
1,All Population,3,YLDs (Years Lived with Disability),4861,Manipur,2,Female,15,50-54 years,500,Atrial fibrillation and flutter,91,Lead exposure,3,Rate,2019,0.871548254,2.787283536,-0.137309614
1,All Population,3,YLDs (Years Lived with Disability),4852,Haryana,1,Male,15,50-54 years,493,Ischemic heart disease,380,Particulate matter pollution,3,Rate,2018,66.80129667,98.99555118,37.1547104
1,All Population,3,YLDs (Years Lived with Disability),4852,Haryana,2,Female,15,50-54 years,493,Ischemic heart disease,380,Particulate matter pollution,3,Rate,2018,38.32628551,56.66958069,22.0798943
1,All Population,3,YLDs (Years Lived with Disability),4852,Haryana,1,Male,15,50-54 years,498,Hypertensive heart disease,91,Lead exposure,3,Rate,2017,0.575761545,1.469190527,0
1,All Population,3,YLDs (Years Lived with Disability),4852,Haryana,2,Female,15,50-54 years,498,Hypertensive heart disease,91,Lead exposure,3,Rate,2017,1.042050478,2.657638737,0
1,All Population,3,YLDs (Years Lived with Disability),4862,Meghalaya,1,Male,15,50-54 years,500,Atrial fibrillation and flutter,91,Lead exposure,3,Rate,2019,1.205742769,3.964479527,-0.163721628
1,All Population,3,YLDs (Years Lived with Disability),4862,Meghalaya,2,Female,15,50-54 years,500,Atrial fibrillation and flutter,91,Lead exposure,3,Rate,2019,0.899405284,2.927405346,-0.13439541
1,All Population,3,YLDs (Years Lived with Disability),4844,Bihar,1,Male,15,50-54 years,494,Stroke,380,Particulate matter pollution,3,Rate,2017,77.89634155,117.2983142,44.03717601
1,All Population,3,YLDs (Years Lived with Disability),4844,Bihar,2,Female,15,50-54 years,494,Stroke,380,Particulate matter pollution,3,Rate,2017,79.22894063,116.6795546,45.35279174
1,All Population,3,YLDs (Years Lived with Disability),44538,Other Union Territories,1,Male,15,50-54 years,500,Atrial fibrillation and flutter,91,Lead exposure,3,Rate,2019,1.062460384,3.33071343,-0.158467291
1,All Population,3,YLDs (Years Lived with Disability),44538,Other Union Territories,2,Female,15,50-54 years,500,Atrial fibrillation and flutter,91,Lead exposure,3,Rate,2019,0.775895546,2.405010783,-0.122304004
1,All Population,3,YLDs (Years Lived with Disability),4857,Kerala,1,Male,15,50-54 years,502,Lower extremity peripheral arterial disease,91,Lead exposure,3,Rate,2018,0.008238081,0.027558062,-0.000976408
1,All Population,3,YLDs (Years Lived with Disability),4857,Kerala,2,Female,15,50-54 years,502,Lower extremity peripheral arterial disease,91,Lead exposure,3,Rate,2018,0.010226291,0.035096314,-0.001308647
1,All Population,3,YLDs (Years Lived with Disability),4861,Manipur,1,Male,15,50-54 years,493,Ischemic heart disease,91,Lead exposure,3,Rate,2020,35.2942311,52.57620304,21.72488878
1,All Population,3,YLDs (Years Lived with Disability),4861,Manipur,2,Female,15,50-54 years,493,Ischemic heart disease,91,Lead exposure,3,Rate,2020,23.63102463,35.68562165,13.95794472
1,All Population,3,YLDs (Years Lived with Disability),4872,Tripura,1,Male,15,50-54 years,493,Ischemic heart disease,380,Particulate matter pollution,3,Rate,2019,54.94523083,82.09083272,32.67717864
1,All Population,3,YLDs (Years Lived with Disability),4872,Tripura,2,Female,15,50-54 years,493,Ischemic heart disease,380,Particulate matter pollution,3,Rate,2019,35.25345772,51.94401181,21.43157853
1,All Population,3,YLDs (Years Lived with Disability),4872,Tripura,1,Male,15,50-54 years,494,Stroke,91,Lead exposure,3,Rate,2019,23.08731007,59.06538221,-3.594219215
1,All Population,3,YLDs (Years Lived with Disability),4872,Tripura,2,Female,15,50-54 years,494,Stroke,91,Lead exposure,3,Rate,2019,14.53746401,36.17789886,-2.346572259
1,All Population,3,YLDs (Years Lived with Disability),4844,Bihar,1,Male,15,50-54 years,498,Hypertensive heart disease,91,Lead exposure,3,Rate,2016,1.17943254,2.990114326,0
1,All Population,3,YLDs (Years Lived with Disability),4844,Bihar,2,Female,15,50-54 years,498,Hypertensive heart disease,91,Lead exposure,3,Rate,2016,1.630323183,4.100592874,0
1,All Population,3,YLDs (Years Lived with Disability),4850,Goa,1,Male,15,50-54 years,494,Stroke,380,Particulate matter pollution,3,Rate,2020,56.57391794,90.88573636,31.43781417
1,All Population,3,YLDs (Years Lived with Disability),4850,Goa,2,Female,15,50-54 years,494,Stroke,380,Particulate matter pollution,3,Rate,2020,54.07004577,85.68510151,28.80700608
1,All Population,3,YLDs (Years Lived with Disability),4865,Odisha,1,Male,15,50-54 years,500,Atrial fibrillation and flutter,91,Lead exposure,3,Rate,2018,1.041755119,3.483317894,-0.163229651
1,All Population,3,YLDs (Years Lived with Disability),4865,Odisha,2,Female,15,50-54 years,500,Atrial fibrillation and flutter,91,Lead exposure,3,Rate,2018,0.779195787,2.571333731,-0.11017709
1,All Population,3,YLDs (Years Lived with Disability),4863,Mizoram,1,Male,15,50-54 years,502,Lower extremity peripheral arterial disease,91,Lead exposure,3,Rate,2017,0.010694718,0.039705968,-0.001081276
1,All Population,3,YLDs (Years Lived with Disability),4863,Mizoram,2,Female,15,50-54 years,502,Lower extremity peripheral arterial disease,91,Lead exposure,3,Rate,2017,0.012726221,0.045996121,-0.001468603
1,All Population,3,YLDs (Years Lived with Disability),4870,Tamil Nadu,1,Male,15,50-54 years,493,Ischemic heart disease,380,Particulate matter pollution,3,Rate,2018,51.7706205,78.40296574,31.10520387
1,All Population,3,YLDs (Years Lived with Disability),4870,Tamil Nadu,2,Female,15,50-54 years,493,Ischemic heart disease,380,Particulate matter pollution,3,Rate,2018,28.43951318,42.74298161,16.58605745
1,All Population,3,YLDs (Years Lived with Disability),4870,Tamil Nadu,1,Male,15,50-54 years,494,Stroke,91,Lead exposure,3,Rate,2018,18.38912259,47.59227568,-3.129050144
1,All Population,3,YLDs (Years Lived with Disability),4870,Tamil Nadu,2,Female,15,50-54 years,494,Stroke,91,Lead exposure,3,Rate,2018,13.95148248,35.98516125,-2.038043067
1,All Population,3,YLDs (Years Lived with Disability),4863,Mizoram,1,Male,15,50-54 years,493,Ischemic heart disease,380,Particulate matter pollution,3,Rate,2019,26.06886659,39.92010039,14.82104726
1,All Population,3,YLDs (Years Lived with Disability),4863,Mizoram,2,Female,15,50-54 years,493,Ischemic heart disease,380,Particulate matter pollution,3,Rate,2019,15.39812325,22.96037839,8.332173438
1,All Population,3,YLDs (Years Lived with Disability),4863,Mizoram,1,Male,15,50-54 years,494,Stroke,91,Lead exposure,3,Rate,2019,12.79804033,33.83072105,-2.25603871
1,All Population,3,YLDs (Years Lived with Disability),4863,Mizoram,2,Female,15,50-54 years,494,Stroke,91,Lead exposure,3,Rate,2019,8.124334963,21.44046937,-1.312198013
1,All Population,3,YLDs (Years Lived with Disability),4859,Madhya Pradesh,1,Male,15,50-54 years,500,Atrial fibrillation and flutter,91,Lead exposure,3,Rate,2019,1.007068127,3.05030936,-0.165092735
1,All Population,3,YLDs (Years Lived with Disability),4859,Madhya Pradesh,2,Female,15,50-54 years,500,Atrial fibrillation and flutter,91,Lead exposure,3,Rate,2019,0.741407366,2.209239318,-0.114217838
1,All Population,3,YLDs (Years Lived with Disability),4870,Tamil Nadu,1,Male,15,50-54 years,493,Ischemic heart disease,91,Lead exposure,3,Rate,2019,65.52594413,96.49985875,39.56397734
1,All Population,3,YLDs (Years Lived with Disability),4870,Tamil Nadu,2,Female,15,50-54 years,493,Ischemic heart disease,91,Lead exposure,3,Rate,2019,32.49248091,48.02706311,20.43790137
1,All Population,3,YLDs (Years Lived with Disability),4868,Rajasthan,1,Male,15,50-54 years,493,Ischemic heart disease,91,Lead exposure,3,Rate,2019,43.20347776,64.14702703,26.05433256
1,All Population,3,YLDs (Years Lived with Disability),4868,Rajasthan,2,Female,15,50-54 years,493,Ischemic heart disease,91,Lead exposure,3,Rate,2019,18.92878994,27.81457254,11.6561335
1,All Population,3,YLDs (Years Lived with Disability),4843,Assam,1,Male,15,50-54 years,493,Ischemic heart disease,91,Lead exposure,3,Rate,2020,35.56041192,53.14822959,21.65530851
1,All Population,3,YLDs (Years Lived with Disability),4843,Assam,2,Female,15,50-54 years,493,Ischemic heart disease,91,Lead exposure,3,Rate,2020,21.50199902,31.37176505,13.13833023
1,All Population,3,YLDs (Years Lived with Disability),4854,Jammu & Kashmir and Ladakh,1,Male,15,50-54 years,493,Ischemic heart disease,91,Lead exposure,3,Rate,2020,43.81400521,64.48728306,26.66433137
1,All Population,3,YLDs (Years Lived with Disability),4854,Jammu & Kashmir and Ladakh,2,Female,15,50-54 years,493,Ischemic heart disease,91,Lead exposure,3,Rate,2020,28.53338178,41.01411396,17.07387421
1,All Population,3,YLDs (Years Lived with Disability),4854,Jammu & Kashmir and Ladakh,1,Male,15,50-54 years,494,Stroke,380,Particulate matter pollution,3,Rate,2020,54.12308381,82.19774044,29.39453252
1,All Population,3,YLDs (Years Lived with Disability),4854,Jammu & Kashmir and Ladakh,2,Female,15,50-54 years,494,Stroke,380,Particulate matter pollution,3,Rate,2020,49.359439,74.62207583,27.14229161
1,All Population,3,YLDs (Years Lived with Disability),4850,Goa,1,Male,15,50-54 years,493,Ischemic heart disease,91,Lead exposure,3,Rate,2020,46.1390807,66.05958271,28.77124183
1,All Population,3,YLDs (Years Lived with Disability),4850,Goa,2,Female,15,50-54 years,493,Ischemic heart disease,91,Lead exposure,3,Rate,2020,26.24891754,38.34338536,15.77489841
1,All Population,3,YLDs (Years Lived with Disability),4870,Tamil Nadu,1,Male,15,50-54 years,494,Stroke,380,Particulate matter pollution,3,Rate,2020,59.28775245,91.60416936,30.82499124
1,All Population,3,YLDs (Years Lived with Disability),4870,Tamil Nadu,2,Female,15,50-54 years,494,Stroke,380,Particulate matter pollution,3,Rate,2020,54.58897645,85.79322612,29.28173488
1,All Population,3,YLDs (Years Lived with Disability),4872,Tripura,1,Male,15,50-54 years,494,Stroke,380,Particulate matter pollution,3,Rate,2020,134.8429496,203.3393692,77.25866678
1,All Population,3,YLDs (Years Lived with Disability),4872,Tripura,2,Female,15,50-54 years,494,Stroke,380,Particulate matter pollution,3,Rate,2020,99.03849152,148.5323378,55.2607614
1,All Population,3,YLDs (Years Lived with Disability),4859,Madhya Pradesh,1,Male,15,50-54 years,493,Ischemic heart disease,380,Particulate matter pollution,3,Rate,2018,64.65909154,95.78143971,38.27074316
1,All Population,3,YLDs (Years Lived with Disability),4859,Madhya Pradesh,2,Female,15,50-54 years,493,Ischemic heart disease,380,Particulate matter pollution,3,Rate,2018,35.52105955,55.19756231,20.87800523
1,All Population,3,YLDs (Years Lived with Disability),4859,Madhya Pradesh,1,Male,15,50-54 years,494,Stroke,91,Lead exposure,3,Rate,2018,14.30971983,36.40911469,-2.634082938
1,All Population,3,YLDs (Years Lived with Disability),4859,Madhya Pradesh,2,Female,15,50-54 years,494,Stroke,91,Lead exposure,3,Rate,2018,10.90188093,26.73475736,-1.815941268
1,All Population,3,YLDs (Years Lived with Disability),4868,Rajasthan,1,Male,15,50-54 years,500,Atrial fibrillation and flutter,91,Lead exposure,3,Rate,2019,0.649392965,1.923054088,-0.087604323
1,All Population,3,YLDs (Years Lived with Disability),4868,Rajasthan,2,Female,15,50-54 years,500,Atrial fibrillation and flutter,91,Lead exposure,3,Rate,2019,0.411932515,1.323737505,-0.053964677
1,All Population,3,YLDs (Years Lived with Disability),4872,Tripura,1,Male,15,50-54 years,493,Ischemic heart disease,380,Particulate matter pollution,3,Rate,2017,57.74326011,86.61499421,33.65387136
1,All Population,3,YLDs (Years Lived with Disability),4872,Tripura,2,Female,15,50-54 years,493,Ischemic heart disease,380,Particulate matter pollution,3,Rate,2017,37.23362743,57.09497556,21.59553687
1,All Population,3,YLDs (Years Lived with Disability),4872,Tripura,1,Male,15,50-54 years,494,Stroke,91,Lead exposure,3,Rate,2017,23.78555255,59.91074574,-3.483479358
1,All Population,3,YLDs (Years Lived with Disability),4872,Tripura,2,Female,15,50-54 years,494,Stroke,91,Lead exposure,3,Rate,2017,15.13206054,41.14209333,-2.204961386
1,All Population,3,YLDs (Years Lived with Disability),4862,Meghalaya,1,Male,15,50-54 years,494,Stroke,380,Particulate matter pollution,3,Rate,2018,81.14140688,124.3203158,44.99283156
1,All Population,3,YLDs (Years Lived with Disability),4862,Meghalaya,2,Female,15,50-54 years,494,Stroke,380,Particulate matter pollution,3,Rate,2018,66.8939176,104.9613367,37.14796709
1,All Population,3,YLDs (Years Lived with Disability),4868,Rajasthan,1,Male,15,50-54 years,502,Lower extremity peripheral arterial disease,91,Lead exposure,3,Rate,2020,0.00531881,0.018798903,-0.000515293
1,All Population,3,YLDs (Years Lived with Disability),4868,Rajasthan,2,Female,15,50-54 years,502,Lower extremity peripheral arterial disease,91,Lead exposure,3,Rate,2020,0.005943371,0.019237504,-0.000686975
1,All Population,3,YLDs (Years Lived with Disability),4846,Chhattisgarh,1,Male,15,50-54 years,493,Ischemic heart disease,91,Lead exposure,3,Rate,2020,44.44342675,65.86147626,26.89700025
1,All Population,3,YLDs (Years Lived with Disability),4846,Chhattisgarh,2,Female,15,50-54 years,493,Ischemic heart disease,91,Lead exposure,3,Rate,2020,24.74893893,35.59064071,14.86151424
1,All Population,3,YLDs (Years Lived with Disability),4861,Manipur,1,Male,15,50-54 years,493,Ischemic heart disease,380,Particulate matter pollution,3,Rate,2019,36.17338979,56.35099561,20.74237293
1,All Population,3,YLDs (Years Lived with Disability),4861,Manipur,2,Female,15,50-54 years,493,Ischemic heart disease,380,Particulate matter pollution,3,Rate,2019,27.36370232,41.2018761,16.34775665
1,All Population,3,YLDs (Years Lived with Disability),4861,Manipur,1,Male,15,50-54 years,494,Stroke,91,Lead exposure,3,Rate,2019,19.76355202,51.56644276,-3.403706243
1,All Population,3,YLDs (Years Lived with Disability),4861,Manipur,2,Female,15,50-54 years,494,Stroke,91,Lead exposure,3,Rate,2019,12.22038634,31.98967859,-1.785685254
1,All Population,3,YLDs (Years Lived with Disability),4850,Goa,1,Male,15,50-54 years,494,Stroke,380,Particulate matter pollution,3,Rate,2018,57.20348085,91.83577904,31.57654431
1,All Population,3,YLDs (Years Lived with Disability),4850,Goa,2,Female,15,50-54 years,494,Stroke,380,Particulate matter pollution,3,Rate,2018,54.96326572,86.75430224,31.66698916
1,All Population,3,YLDs (Years Lived with Disability),4843,Assam,1,Male,15,50-54 years,493,Ischemic heart disease,91,Lead exposure,3,Rate,2018,37.50447319,56.85435803,22.77187748
1,All Population,3,YLDs (Years Lived with Disability),4843,Assam,2,Female,15,50-54 years,493,Ischemic heart disease,91,Lead exposure,3,Rate,2018,23.10775378,33.64476335,14.02894984
1,All Population,3,YLDs (Years Lived with Disability),4852,Haryana,1,Male,15,50-54 years,494,Stroke,380,Particulate matter pollution,3,Rate,2020,105.8895721,159.7170375,59.37314299
1,All Population,3,YLDs (Years Lived with Disability),4852,Haryana,2,Female,15,50-54 years,494,Stroke,380,Particulate matter pollution,3,Rate,2020,100.2650389,151.8754755,57.63041162
1,All Population,3,YLDs (Years Lived with Disability),4874,Uttarakhand,1,Male,15,50-54 years,494,Stroke,380,Particulate matter pollution,3,Rate,2018,93.04193449,141.0696857,53.26638124
1,All Population,3,YLDs (Years Lived with Disability),4874,Uttarakhand,2,Female,15,50-54 years,494,Stroke,380,Particulate matter pollution,3,Rate,2018,70.74515459,108.3054303,39.2970168
1,All Population,3,YLDs (Years Lived with Disability),4846,Chhattisgarh,1,Male,15,50-54 years,493,Ischemic heart disease,380,Particulate matter pollution,3,Rate,2019,57.80940453,87.26715537,33.26139648
1,All Population,3,YLDs (Years Lived with Disability),4846,Chhattisgarh,2,Female,15,50-54 years,493,Ischemic heart disease,380,Particulate matter pollution,3,Rate,2019,35.9691527,53.40707112,21.29818259
1,All Population,3,YLDs (Years Lived with Disability),4846,Chhattisgarh,1,Male,15,50-54 years,494,Stroke,91,Lead exposure,3,Rate,2019,19.86464826,51.64202703,-3.15007176
1,All Population,3,YLDs (Years Lived with Disability),4846,Chhattisgarh,2,Female,15,50-54 years,494,Stroke,91,Lead exposure,3,Rate,2019,12.54516237,32.86355907,-1.946350064
1,All Population,3,YLDs (Years Lived with Disability),4872,Tripura,1,Male,15,50-54 years,500,Atrial fibrillation and flutter,91,Lead exposure,3,Rate,2019,1.141265879,3.702002776,-0.153446225
1,All Population,3,YLDs (Years Lived with Disability),4872,Tripura,2,Female,15,50-54 years,500,Atrial fibrillation and flutter,91,Lead exposure,3,Rate,2019,0.842622976,2.693553533,-0.116361665
1,All Population,3,YLDs (Years Lived with Disability),4872,Tripura,1,Male,15,50-54 years,502,Lower extremity peripheral arterial disease,91,Lead exposure,3,Rate,2019,0.009844827,0.029786184,-0.001026007
1,All Population,3,YLDs (Years Lived with Disability),4872,Tripura,2,Female,15,50-54 years,502,Lower extremity peripheral arterial disease,91,Lead exposure,3,Rate,2019,0.011990418,0.04065573,-0.001328152
1,All Population,3,YLDs (Years Lived with Disability),4852,Haryana,1,Male,15,50-54 years,493,Ischemic heart disease,91,Lead exposure,3,Rate,2020,47.04889687,69.31013807,28.44431521
1,All Population,3,YLDs (Years Lived with Disability),4852,Haryana,2,Female,15,50-54 years,493,Ischemic heart disease,91,Lead exposure,3,Rate,2020,24.96863371,36.5227028,14.94031323
1,All Population,3,YLDs (Years Lived with Disability),4856,Karnataka,1,Male,15,50-54 years,500,Atrial fibrillation and flutter,91,Lead exposure,3,Rate,2020,1.35724748,3.958284469,-0.173354394
1,All Population,3,YLDs (Years Lived with Disability),4856,Karnataka,2,Female,15,50-54 years,500,Atrial fibrillation and flutter,91,Lead exposure,3,Rate,2020,1.085221478,3.210821193,-0.145515835
1,All Population,3,YLDs (Years Lived with Disability),4873,Uttar Pradesh,1,Male,15,50-54 years,502,Lower extremity peripheral arterial disease,91,Lead exposure,3,Rate,2019,0.011248123,0.036412321,-0.001329105
1,All Population,3,YLDs (Years Lived with Disability),4873,Uttar Pradesh,2,Female,15,50-54 years,502,Lower extremity peripheral arterial disease,91,Lead exposure,3,Rate,2019,0.01402951,0.045684112,-0.001977397
1,All Population,3,YLDs (Years Lived with Disability),4850,Goa,1,Male,15,50-54 years,493,Ischemic heart disease,380,Particulate matter pollution,3,Rate,2020,44.08216576,66.33661688,24.84815834
1,All Population,3,YLDs (Years Lived with Disability),4850,Goa,2,Female,15,50-54 years,493,Ischemic heart disease,380,Particulate matter pollution,3,Rate,2020,27.92092909,42.67770095,16.00916774
1,All Population,3,YLDs (Years Lived with Disability),4843,Assam,1,Male,15,50-54 years,494,Stroke,380,Particulate matter pollution,3,Rate,2020,120.1075582,180.7886265,66.43789595
1,All Population,3,YLDs (Years Lived with Disability),4843,Assam,2,Female,15,50-54 years,494,Stroke,380,Particulate matter pollution,3,Rate,2020,85.74411206,128.2595089,49.33876558
1,All Population,3,YLDs (Years Lived with Disability),4867,Punjab,1,Male,15,50-54 years,498,Hypertensive heart disease,91,Lead exposure,3,Rate,2019,0.386945686,1.002160187,0
1,All Population,3,YLDs (Years Lived with Disability),4867,Punjab,2,Female,15,50-54 years,498,Hypertensive heart disease,91,Lead exposure,3,Rate,2019,0.590398651,1.515090061,0
1,All Population,3,YLDs (Years Lived with Disability),4849,Delhi,1,Male,15,50-54 years,494,Stroke,380,Particulate matter pollution,3,Rate,2019,71.92754036,118.0452367,37.22248152
1,All Population,3,YLDs (Years Lived with Disability),4849,Delhi,2,Female,15,50-54 years,494,Stroke,380,Particulate matter pollution,3,Rate,2019,80.7626226,127.3201619,42.79626098
1,All Population,3,YLDs (Years Lived with Disability),4849,Delhi,1,Male,15,50-54 years,498,Hypertensive heart disease,91,Lead exposure,3,Rate,2019,0.503102394,1.432125004,0
1,All Population,3,YLDs (Years Lived with Disability),4849,Delhi,2,Female,15,50-54 years,498,Hypertensive heart disease,91,Lead exposure,3,Rate,2019,0.747207322,1.96771881,0
1,All Population,3,YLDs (Years Lived with Disability),4863,Mizoram,1,Male,15,50-54 years,493,Ischemic heart disease,91,Lead exposure,3,Rate,2020,27.04837463,40.49050581,16.72918025
1,All Population,3,YLDs (Years Lived with Disability),4863,Mizoram,2,Female,15,50-54 years,493,Ischemic heart disease,91,Lead exposure,3,Rate,2020,14.69878539,20.99928235,8.938579222
1,All Population,3,YLDs (Years Lived with Disability),44538,Other Union Territories,1,Male,15,50-54 years,493,Ischemic heart disease,91,Lead exposure,3,Rate,2020,47.86803457,70.53612529,28.06382311
1,All Population,3,YLDs (Years Lived with Disability),44538,Other Union Territories,2,Female,15,50-54 years,493,Ischemic heart disease,91,Lead exposure,3,Rate,2020,26.97665404,39.44977568,16.16777326
1,All Population,3,YLDs (Years Lived with Disability),4863,Mizoram,1,Male,15,50-54 years,502,Lower extremity peripheral arterial disease,91,Lead exposure,3,Rate,2020,0.009719797,0.032306331,-0.001166968
1,All Population,3,YLDs (Years Lived with Disability),4863,Mizoram,2,Female,15,50-54 years,502,Lower extremity peripheral arterial disease,91,Lead exposure,3,Rate,2020,0.011554028,0.04018621,-0.001438131
1,All Population,3,YLDs (Years Lived with Disability),4843,Assam,1,Male,15,50-54 years,493,Ischemic heart disease,380,Particulate matter pollution,3,Rate,2018,43.46679495,66.43973245,24.56910701
1,All Population,3,YLDs (Years Lived with Disability),4843,Assam,2,Female,15,50-54 years,493,Ischemic heart disease,380,Particulate matter pollution,3,Rate,2018,29.77533339,43.91378072,17.58307644
1,All Population,3,YLDs (Years Lived with Disability),4843,Assam,1,Male,15,50-54 years,494,Stroke,91,Lead exposure,3,Rate,2018,22.73811086,63.37375173,-3.59706471
1,All Population,3,YLDs (Years Lived with Disability),4843,Assam,2,Female,15,50-54 years,494,Stroke,91,Lead exposure,3,Rate,2018,13.49478742,35.64946383,-2.048544981
1,All Population,3,YLDs (Years Lived with Disability),4873,Uttar Pradesh,1,Male,15,50-54 years,498,Hypertensive heart disease,91,Lead exposure,3,Rate,2017,1.091856713,2.739786124,0
1,All Population,3,YLDs (Years Lived with Disability),4873,Uttar Pradesh,2,Female,15,50-54 years,498,Hypertensive heart disease,91,Lead exposure,3,Rate,2017,1.61383338,3.993493496,0
1,All Population,3,YLDs (Years Lived with Disability),4859,Madhya Pradesh,1,Male,15,50-54 years,494,Stroke,380,Particulate matter pollution,3,Rate,2020,84.50660656,130.3332846,48.83726834
1,All Population,3,YLDs (Years Lived with Disability),4859,Madhya Pradesh,2,Female,15,50-54 years,494,Stroke,380,Particulate matter pollution,3,Rate,2020,75.40624092,114.7407672,43.19428295
1,All Population,3,YLDs (Years Lived with Disability),4865,Odisha,1,Male,15,50-54 years,493,Ischemic heart disease,380,Particulate matter pollution,3,Rate,2020,40.4911206,61.99309551,23.64864319
1,All Population,3,YLDs (Years Lived with Disability),4865,Odisha,2,Female,15,50-54 years,493,Ischemic heart disease,380,Particulate matter pollution,3,Rate,2020,26.74546944,40.33357498,16.12781711
1,All Population,3,YLDs (Years Lived with Disability),4854,Jammu & Kashmir and Ladakh,1,Male,15,50-54 years,493,Ischemic heart disease,91,Lead exposure,3,Rate,2018,46.02869706,67.43818716,26.6304256
1,All Population,3,YLDs (Years Lived with Disability),4854,Jammu & Kashmir and Ladakh,2,Female,15,50-54 years,493,Ischemic heart disease,91,Lead exposure,3,Rate,2018,30.2773608,44.76244781,18.16882293
1,All Population,3,YLDs (Years Lived with Disability),4846,Chhattisgarh,1,Male,15,50-54 years,498,Hypertensive heart disease,91,Lead exposure,3,Rate,2017,0.94045778,2.410013258,0
1,All Population,3,YLDs (Years Lived with Disability),4846,Chhattisgarh,2,Female,15,50-54 years,498,Hypertensive heart disease,91,Lead exposure,3,Rate,2017,1.277695197,3.453669654,0
1,All Population,3,YLDs (Years Lived with Disability),4868,Rajasthan,1,Male,15,50-54 years,493,Ischemic heart disease,91,Lead exposure,3,Rate,2020,42.85418137,62.62693681,25.56625139
1,All Population,3,YLDs (Years Lived with Disability),4868,Rajasthan,2,Female,15,50-54 years,493,Ischemic heart disease,91,Lead exposure,3,Rate,2020,18.77037284,28.19610609,11.53152803
1,All Population,3,YLDs (Years Lived with Disability),4843,Assam,1,Male,15,50-54 years,498,Hypertensive heart disease,91,Lead exposure,3,Rate,2019,1.152590067,2.837307935,0
1,All Population,3,YLDs (Years Lived with Disability),4843,Assam,2,Female,15,50-54 years,498,Hypertensive heart disease,91,Lead exposure,3,Rate,2019,1.361162201,3.327397596,0
1,All Population,3,YLDs (Years Lived with Disability),4852,Haryana,1,Male,15,50-54 years,493,Ischemic heart disease,91,Lead exposure,3,Rate,2018,51.59582944,75.6804088,31.5298109
1,All Population,3,YLDs (Years Lived with Disability),4852,Haryana,2,Female,15,50-54 years,493,Ischemic heart disease,91,Lead exposure,3,Rate,2018,26.95820699,37.90572899,15.75963047
1,All Population,3,YLDs (Years Lived with Disability),4861,Manipur,1,Male,15,50-54 years,494,Stroke,380,Particulate matter pollution,3,Rate,2018,89.20660251,140.9592386,49.15137607
1,All Population,3,YLDs (Years Lived with Disability),4861,Manipur,2,Female,15,50-54 years,494,Stroke,380,Particulate matter pollution,3,Rate,2018,68.20517642,107.9149945,39.64732846
1,All Population,3,YLDs (Years Lived with Disability),4861,Manipur,1,Male,15,50-54 years,498,Hypertensive heart disease,91,Lead exposure,3,Rate,2018,1.128818516,2.731745485,0
1,All Population,3,YLDs (Years Lived with Disability),4861,Manipur,2,Female,15,50-54 years,498,Hypertensive heart disease,91,Lead exposure,3,Rate,2018,1.655239489,4.049154778,0
1,All Population,3,YLDs (Years Lived with Disability),4868,Rajasthan,1,Male,15,50-54 years,500,Atrial fibrillation and flutter,91,Lead exposure,3,Rate,2018,0.647610987,1.961622066,-0.09370071
1,All Population,3,YLDs (Years Lived with Disability),4868,Rajasthan,2,Female,15,50-54 years,500,Atrial fibrillation and flutter,91,Lead exposure,3,Rate,2018,0.419182452,1.318676118,-0.055265939
1,All Population,3,YLDs (Years Lived with Disability),4860,Maharashtra,1,Male,15,50-54 years,493,Ischemic heart disease,91,Lead exposure,3,Rate,2019,40.41621286,58.76331949,23.98762659
1,All Population,3,YLDs (Years Lived with Disability),4860,Maharashtra,2,Female,15,50-54 years,493,Ischemic heart disease,91,Lead exposure,3,Rate,2019,24.52102756,36.41497467,14.91725571
1,All Population,3,YLDs (Years Lived with Disability),4854,Jammu & Kashmir and Ladakh,1,Male,15,50-54 years,493,Ischemic heart disease,380,Particulate matter pollution,3,Rate,2017,53.07823153,78.51827468,29.77024052
1,All Population,3,YLDs (Years Lived with Disability),4854,Jammu & Kashmir and Ladakh,2,Female,15,50-54 years,493,Ischemic heart disease,380,Particulate matter pollution,3,Rate,2017,37.9101436,56.62905305,22.8457243
1,All Population,3,YLDs (Years Lived with Disability),4854,Jammu & Kashmir and Ladakh,1,Male,15,50-54 years,494,Stroke,91,Lead exposure,3,Rate,2017,10.48873783,25.24194664,-1.957411354
1,All Population,3,YLDs (Years Lived with Disability),4854,Jammu & Kashmir and Ladakh,2,Female,15,50-54 years,494,Stroke,91,Lead exposure,3,Rate,2017,8.471164508,21.16584718,-1.464478571
1,All Population,3,YLDs (Years Lived with Disability),4856,Karnataka,1,Male,15,50-54 years,493,Ischemic heart disease,380,Particulate matter pollution,3,Rate,2017,58.60209617,89.64172121,32.97473366
1,All Population,3,YLDs (Years Lived with Disability),4856,Karnataka,2,Female,15,50-54 years,493,Ischemic heart disease,380,Particulate matter pollution,3,Rate,2017,39.67395575,60.0204923,23.09095467
1,All Population,3,YLDs (Years Lived with Disability),4862,Meghalaya,1,Male,15,50-54 years,493,Ischemic heart disease,91,Lead exposure,3,Rate,2019,33.79121934,51.15797734,21.08021179
1,All Population,3,YLDs (Years Lived with Disability),4862,Meghalaya,2,Female,15,50-54 years,493,Ischemic heart disease,91,Lead exposure,3,Rate,2019,20.95146154,29.7867582,12.84958561
1,All Population,3,YLDs (Years Lived with Disability),4856,Karnataka,1,Male,15,50-54 years,493,Ischemic heart disease,380,Particulate matter pollution,3,Rate,2018,56.18783435,83.69295895,31.01538282
1,All Population,3,YLDs (Years Lived with Disability),4856,Karnataka,2,Female,15,50-54 years,493,Ischemic heart disease,380,Particulate matter pollution,3,Rate,2018,38.52548433,58.16737563,22.39014398
1,All Population,3,YLDs (Years Lived with Disability),4841,Andhra Pradesh,1,Male,15,50-54 years,493,Ischemic heart disease,91,Lead exposure,3,Rate,2020,54.32768931,79.12183365,32.69414492
1,All Population,3,YLDs (Years Lived with Disability),4841,Andhra Pradesh,2,Female,15,50-54 years,493,Ischemic heart disease,91,Lead exposure,3,Rate,2020,29.30396875,42.92664734,17.92071724
1,All Population,3,YLDs (Years Lived with Disability),4859,Madhya Pradesh,1,Male,15,50-54 years,493,Ischemic heart disease,91,Lead exposure,3,Rate,2020,51.93893542,74.79804353,30.89674801
1,All Population,3,YLDs (Years Lived with Disability),4859,Madhya Pradesh,2,Female,15,50-54 years,493,Ischemic heart disease,91,Lead exposure,3,Rate,2020,25.40742069,37.08944651,14.71778691
1,All Population,3,YLDs (Years Lived with Disability),4865,Odisha,1,Male,15,50-54 years,493,Ischemic heart disease,91,Lead exposure,3,Rate,2020,33.05620048,48.22336367,19.83499692
1,All Population,3,YLDs (Years Lived with Disability),4865,Odisha,2,Female,15,50-54 years,493,Ischemic heart disease,91,Lead exposure,3,Rate,2020,19.59990441,29.35601515,11.71859113
1,All Population,3,YLDs (Years Lived with Disability),4853,Himachal Pradesh,1,Male,15,50-54 years,494,Stroke,91,Lead exposure,3,Rate,2019,12.48961613,34.76701358,-2.171393422
1,All Population,3,YLDs (Years Lived with Disability),4853,Himachal Pradesh,2,Female,15,50-54 years,494,Stroke,91,Lead exposure,3,Rate,2019,8.91974653,25.78607219,-1.551700774
1,All Population,3,YLDs (Years Lived with Disability),4863,Mizoram,1,Male,15,50-54 years,498,Hypertensive heart disease,91,Lead exposure,3,Rate,2019,1.321154799,3.228252175,0
1,All Population,3,YLDs (Years Lived with Disability),4863,Mizoram,2,Female,15,50-54 years,498,Hypertensive heart disease,91,Lead exposure,3,Rate,2019,2.304761049,5.408645034,0
1,All Population,3,YLDs (Years Lived with Disability),4842,Arunachal Pradesh,1,Male,15,50-54 years,502,Lower extremity peripheral arterial disease,91,Lead exposure,3,Rate,2020,0.007996801,0.026465081,-0.00111323
1,All Population,3,YLDs (Years Lived with Disability),4842,Arunachal Pradesh,2,Female,15,50-54 years,502,Lower extremity peripheral arterial disease,91,Lead exposure,3,Rate,2020,0.011035261,0.037686012,-0.001336363
1,All Population,3,YLDs (Years Lived with Disability),4849,Delhi,1,Male,15,50-54 years,494,Stroke,380,Particulate matter pollution,3,Rate,2018,72.59811436,118.5532617,37.84749788
1,All Population,3,YLDs (Years Lived with Disability),4849,Delhi,2,Female,15,50-54 years,494,Stroke,380,Particulate matter pollution,3,Rate,2018,81.21612546,125.4065736,42.36996183
1,All Population,3,YLDs (Years Lived with Disability),4849,Delhi,1,Male,15,50-54 years,498,Hypertensive heart disease,91,Lead exposure,3,Rate,2018,0.525550981,1.605031126,0
1,All Population,3,YLDs (Years Lived with Disability),4849,Delhi,2,Female,15,50-54 years,498,Hypertensive heart disease,91,Lead exposure,3,Rate,2018,0.72330825,2.331659932,0
1,All Population,3,YLDs (Years Lived with Disability),4851,Gujarat,1,Male,15,50-54 years,493,Ischemic heart disease,380,Particulate matter pollution,3,Rate,2018,61.40028458,91.30016517,35.85253227
1,All Population,3,YLDs (Years Lived with Disability),4851,Gujarat,2,Female,15,50-54 years,493,Ischemic heart disease,380,Particulate matter pollution,3,Rate,2018,35.4206624,52.55247393,21.06008576
1,All Population,3,YLDs (Years Lived with Disability),4851,Gujarat,1,Male,15,50-54 years,494,Stroke,91,Lead exposure,3,Rate,2018,20.48654903,54.7958131,-3.500938144
1,All Population,3,YLDs (Years Lived with Disability),4851,Gujarat,2,Female,15,50-54 years,494,Stroke,91,Lead exposure,3,Rate,2018,16.93005964,44.61984349,-2.571614451
1,All Population,3,YLDs (Years Lived with Disability),4841,Andhra Pradesh,1,Male,15,50-54 years,493,Ischemic heart disease,380,Particulate matter pollution,3,Rate,2020,53.54188143,79.70009659,30.97737629
1,All Population,3,YLDs (Years Lived with Disability),4841,Andhra Pradesh,2,Female,15,50-54 years,493,Ischemic heart disease,380,Particulate matter pollution,3,Rate,2020,32.06284187,46.94493523,18.57732706
1,All Population,3,YLDs (Years Lived with Disability),4841,Andhra Pradesh,1,Male,15,50-54 years,494,Stroke,91,Lead exposure,3,Rate,2020,12.97937262,34.65267537,-1.76940473
1,All Population,3,YLDs (Years Lived with Disability),4841,Andhra Pradesh,2,Female,15,50-54 years,494,Stroke,91,Lead exposure,3,Rate,2020,9.934454736,26.88511707,-1.297048769
1,All Population,3,YLDs (Years Lived with Disability),4874,Uttarakhand,1,Male,15,50-54 years,498,Hypertensive heart disease,91,Lead exposure,3,Rate,2018,0.61890677,1.504470462,0
1,All Population,3,YLDs (Years Lived with Disability),4874,Uttarakhand,2,Female,15,50-54 years,498,Hypertensive heart disease,91,Lead exposure,3,Rate,2018,1.079606263,2.764424526,0
1,All Population,3,YLDs (Years Lived with Disability),4862,Meghalaya,1,Male,15,50-54 years,494,Stroke,380,Particulate matter pollution,3,Rate,2020,79.45485033,130.4111367,43.12383538
1,All Population,3,YLDs (Years Lived with Disability),4862,Meghalaya,2,Female,15,50-54 years,494,Stroke,380,Particulate matter pollution,3,Rate,2020,64.71074855,98.02433493,36.90607689
1,All Population,3,YLDs (Years Lived with Disability),4874,Uttarakhand,1,Male,15,50-54 years,494,Stroke,380,Particulate matter pollution,3,Rate,2020,90.86106845,143.1530819,49.68133074
1,All Population,3,YLDs (Years Lived with Disability),4874,Uttarakhand,2,Female,15,50-54 years,494,Stroke,380,Particulate matter pollution,3,Rate,2020,69.31486739,102.1435168,38.80540733
1,All Population,3,YLDs (Years Lived with Disability),4863,Mizoram,1,Male,15,50-54 years,493,Ischemic heart disease,380,Particulate matter pollution,3,Rate,2018,27.00153572,41.01404501,15.45833755
1,All Population,3,YLDs (Years Lived with Disability),4863,Mizoram,2,Female,15,50-54 years,493,Ischemic heart disease,380,Particulate matter pollution,3,Rate,2018,16.2067921,25.13265993,9.266227467
1,All Population,3,YLDs (Years Lived with Disability),4863,Mizoram,1,Male,15,50-54 years,494,Stroke,91,Lead exposure,3,Rate,2018,12.9259277,33.93374791,-2.348301669
1,All Population,3,YLDs (Years Lived with Disability),4863,Mizoram,2,Female,15,50-54 years,494,Stroke,91,Lead exposure,3,Rate,2018,8.333116583,23.2736427,-1.487607807
1,All Population,3,YLDs (Years Lived with Disability),4870,Tamil Nadu,1,Male,15,50-54 years,493,Ischemic heart disease,91,Lead exposure,3,Rate,2020,63.76550077,95.10495762,38.62383907
1,All Population,3,YLDs (Years Lived with Disability),4870,Tamil Nadu,2,Female,15,50-54 years,493,Ischemic heart disease,91,Lead exposure,3,Rate,2020,31.63607874,46.77179793,18.5433553
1,All Population,3,YLDs (Years Lived with Disability),4844,Bihar,1,Male,15,50-54 years,494,Stroke,380,Particulate matter pollution,3,Rate,2020,78.2130761,116.7642103,43.0749584
1,All Population,3,YLDs (Years Lived with Disability),4844,Bihar,2,Female,15,50-54 years,494,Stroke,380,Particulate matter pollution,3,Rate,2020,78.90843684,116.5393868,44.96867218
1,All Population,3,YLDs (Years Lived with Disability),4843,Assam,1,Male,15,50-54 years,498,Hypertensive heart disease,91,Lead exposure,3,Rate,2017,1.181190725,3.134468785,0
1,All Population,3,YLDs (Years Lived with Disability),4843,Assam,2,Female,15,50-54 years,498,Hypertensive heart disease,91,Lead exposure,3,Rate,2017,1.398972828,3.554350693,0
1,All Population,3,YLDs (Years Lived with Disability),4846,Chhattisgarh,1,Male,15,50-54 years,498,Hypertensive heart disease,91,Lead exposure,3,Rate,2019,0.898812728,2.625445372,0
1,All Population,3,YLDs (Years Lived with Disability),4846,Chhattisgarh,2,Female,15,50-54 years,498,Hypertensive heart disease,91,Lead exposure,3,Rate,2019,1.249307186,2.995637106,0
1,All Population,3,YLDs (Years Lived with Disability),4875,West Bengal,1,Male,15,50-54 years,498,Hypertensive heart disease,91,Lead exposure,3,Rate,2016,0.68437123,1.778316726,0
1,All Population,3,YLDs (Years Lived with Disability),4875,West Bengal,2,Female,15,50-54 years,498,Hypertensive heart disease,91,Lead exposure,3,Rate,2016,1.08151567,2.635016425,0
1,All Population,3,YLDs (Years Lived with Disability),4856,Karnataka,1,Male,15,50-54 years,502,Lower extremity peripheral arterial disease,91,Lead exposure,3,Rate,2018,0.011391829,0.037013942,-0.000977848
1,All Population,3,YLDs (Years Lived with Disability),4856,Karnataka,2,Female,15,50-54 years,502,Lower extremity peripheral arterial disease,91,Lead exposure,3,Rate,2018,0.015659814,0.049251386,-0.001836442
1,All Population,3,YLDs (Years Lived with Disability),4852,Haryana,1,Male,15,50-54 years,494,Stroke,380,Particulate matter pollution,3,Rate,2018,103.9080777,163.2080885,60.102033
1,All Population,3,YLDs (Years Lived with Disability),4852,Haryana,2,Female,15,50-54 years,494,Stroke,380,Particulate matter pollution,3,Rate,2018,99.64660829,151.4698972,54.96928068
1,All Population,3,YLDs (Years Lived with Disability),4875,West Bengal,1,Male,15,50-54 years,493,Ischemic heart disease,91,Lead exposure,3,Rate,2019,45.10135023,67.05160843,27.2366791
1,All Population,3,YLDs (Years Lived with Disability),4875,West Bengal,2,Female,15,50-54 years,493,Ischemic heart disease,91,Lead exposure,3,Rate,2019,31.1440217,43.89560546,19.57980442
1,All Population,3,YLDs (Years Lived with Disability),4857,Kerala,1,Male,15,50-54 years,493,Ischemic heart disease,380,Particulate matter pollution,3,Rate,2019,52.6900324,80.64074365,29.75544004
1,All Population,3,YLDs (Years Lived with Disability),4857,Kerala,2,Female,15,50-54 years,493,Ischemic heart disease,380,Particulate matter pollution,3,Rate,2019,27.04291011,39.99975245,16.05128059
1,All Population,3,YLDs (Years Lived with Disability),4844,Bihar,1,Male,15,50-54 years,502,Lower extremity peripheral arterial disease,91,Lead exposure,3,Rate,2019,0.010687582,0.036539649,-0.001058184
1,All Population,3,YLDs (Years Lived with Disability),4844,Bihar,2,Female,15,50-54 years,502,Lower extremity peripheral arterial disease,91,Lead exposure,3,Rate,2019,0.013487635,0.046639162,-0.001603084
1,All Population,3,YLDs (Years Lived with Disability),4865,Odisha,1,Male,15,50-54 years,500,Atrial fibrillation and flutter,91,Lead exposure,3,Rate,2017,1.072752479,4.010813186,-0.141023256
1,All Population,3,YLDs (Years Lived with Disability),4865,Odisha,2,Female,15,50-54 years,500,Atrial fibrillation and flutter,91,Lead exposure,3,Rate,2017,0.762313483,2.51149477,-0.121352502
1,All Population,3,YLDs (Years Lived with Disability),4842,Arunachal Pradesh,1,Male,15,50-54 years,498,Hypertensive heart disease,91,Lead exposure,3,Rate,2016,1.004059164,2.781468916,0
1,All Population,3,YLDs (Years Lived with Disability),4842,Arunachal Pradesh,2,Female,15,50-54 years,498,Hypertensive heart disease,91,Lead exposure,3,Rate,2016,1.562681395,3.970269019,0
1,All Population,3,YLDs (Years Lived with Disability),4865,Odisha,1,Male,15,50-54 years,493,Ischemic heart disease,91,Lead exposure,3,Rate,2021,32.91577751,47.48540639,19.63709498
1,All Population,3,YLDs (Years Lived with Disability),4865,Odisha,2,Female,15,50-54 years,493,Ischemic heart disease,91,Lead exposure,3,Rate,2021,19.47224694,28.95456492,11.5068159
1,All Population,3,YLDs (Years Lived with Disability),4864,Nagaland,1,Male,15,50-54 years,494,Stroke,380,Particulate matter pollution,3,Rate,2018,107.1371395,161.0643531,60.16283738
1,All Population,3,YLDs (Years Lived with Disability),4864,Nagaland,2,Female,15,50-54 years,494,Stroke,380,Particulate matter pollution,3,Rate,2018,74.57244127,118.5296912,41.81975988
1,All Population,3,YLDs (Years Lived with Disability),4864,Nagaland,1,Male,15,50-54 years,498,Hypertensive heart disease,91,Lead exposure,3,Rate,2018,0.909750828,2.442491063,0
1,All Population,3,YLDs (Years Lived with Disability),4864,Nagaland,2,Female,15,50-54 years,498,Hypertensive heart disease,91,Lead exposure,3,Rate,2018,1.193114215,3.310623516,0
1,All Population,3,YLDs (Years Lived with Disability),4865,Odisha,1,Male,15,50-54 years,494,Stroke,91,Lead exposure,3,Rate,2019,17.53406933,48.41164814,-2.708984081
1,All Population,3,YLDs (Years Lived with Disability),4865,Odisha,2,Female,15,50-54 years,494,Stroke,91,Lead exposure,3,Rate,2019,12.41509392,30.92532238,-1.887116887
1,All Population,3,YLDs (Years Lived with Disability),4841,Andhra Pradesh,1,Male,15,50-54 years,502,Lower extremity peripheral arterial disease,91,Lead exposure,3,Rate,2020,0.008416211,0.030526411,-0.000797725
1,All Population,3,YLDs (Years Lived with Disability),4841,Andhra Pradesh,2,Female,15,50-54 years,502,Lower extremity peripheral arterial disease,91,Lead exposure,3,Rate,2020,0.010320351,0.032304656,-0.00089181
1,All Population,3,YLDs (Years Lived with Disability),4860,Maharashtra,1,Male,15,50-54 years,502,Lower extremity peripheral arterial disease,91,Lead exposure,3,Rate,2020,0.007857599,0.027823776,-0.000898396
1,All Population,3,YLDs (Years Lived with Disability),4860,Maharashtra,2,Female,15,50-54 years,502,Lower extremity peripheral arterial disease,91,Lead exposure,3,Rate,2020,0.010260303,0.039250025,-0.001044304
1,All Population,3,YLDs (Years Lived with Disability),4855,Jharkhand,1,Male,15,50-54 years,493,Ischemic heart disease,91,Lead exposure,3,Rate,2018,28.9456009,42.83614458,16.94833457
1,All Population,3,YLDs (Years Lived with Disability),4855,Jharkhand,2,Female,15,50-54 years,493,Ischemic heart disease,91,Lead exposure,3,Rate,2018,23.11836986,33.57521917,14.15722787
1,All Population,3,YLDs (Years Lived with Disability),4869,Sikkim,1,Male,15,50-54 years,493,Ischemic heart disease,91,Lead exposure,3,Rate,2020,32.95984354,47.37000992,19.72922846
1,All Population,3,YLDs (Years Lived with Disability),4869,Sikkim,2,Female,15,50-54 years,493,Ischemic heart disease,91,Lead exposure,3,Rate,2020,22.14727912,32.68136285,13.57123745
1,All Population,3,YLDs (Years Lived with Disability),4865,Odisha,1,Male,15,50-54 years,502,Lower extremity peripheral arterial disease,91,Lead exposure,3,Rate,2019,0.009232756,0.031968218,-0.001071095
1,All Population,3,YLDs (Years Lived with Disability),4865,Odisha,2,Female,15,50-54 years,502,Lower extremity peripheral arterial disease,91,Lead exposure,3,Rate,2019,0.011101258,0.040475901,-0.001580439
1,All Population,3,YLDs (Years Lived with Disability),4867,Punjab,1,Male,15,50-54 years,494,Stroke,380,Particulate matter pollution,3,Rate,2016,78.15932331,120.5361275,43.57449256
1,All Population,3,YLDs (Years Lived with Disability),4867,Punjab,2,Female,15,50-54 years,494,Stroke,380,Particulate matter pollution,3,Rate,2016,67.9995394,102.9572136,37.0414576
1,All Population,3,YLDs (Years Lived with Disability),4846,Chhattisgarh,1,Male,15,50-54 years,502,Lower extremity peripheral arterial disease,91,Lead exposure,3,Rate,2020,0.008193243,0.025531978,-0.000761517
1,All Population,3,YLDs (Years Lived with Disability),4846,Chhattisgarh,2,Female,15,50-54 years,502,Lower extremity peripheral arterial disease,91,Lead exposure,3,Rate,2020,0.010903075,0.038595765,-0.000969356
1,All Population,3,YLDs (Years Lived with Disability),4861,Manipur,1,Male,15,50-54 years,493,Ischemic heart disease,380,Particulate matter pollution,3,Rate,2020,35.16483544,54.59472583,19.9964045
1,All Population,3,YLDs (Years Lived with Disability),4861,Manipur,2,Female,15,50-54 years,493,Ischemic heart disease,380,Particulate matter pollution,3,Rate,2020,25.91198235,39.71168812,15.86770344
1,All Population,3,YLDs (Years Lived with Disability),4861,Manipur,1,Male,15,50-54 years,494,Stroke,91,Lead exposure,3,Rate,2020,19.42517171,53.24536663,-3.213082959
1,All Population,3,YLDs (Years Lived with Disability),4861,Manipur,2,Female,15,50-54 years,494,Stroke,91,Lead exposure,3,Rate,2020,12.08775913,32.43016178,-2.017087337
1,All Population,3,YLDs (Years Lived with Disability),4870,Tamil Nadu,1,Male,15,50-54 years,494,Stroke,380,Particulate matter pollution,3,Rate,2019,59.99683844,97.70072502,31.12159204
1,All Population,3,YLDs (Years Lived with Disability),4870,Tamil Nadu,2,Female,15,50-54 years,494,Stroke,380,Particulate matter pollution,3,Rate,2019,54.82514196,88.97069214,29.43939796
1,All Population,3,YLDs (Years Lived with Disability),4854,Jammu & Kashmir and Ladakh,1,Male,15,50-54 years,498,Hypertensive heart disease,91,Lead exposure,3,Rate,2019,0.575605531,1.4571869,0
1,All Population,3,YLDs (Years Lived with Disability),4854,Jammu & Kashmir and Ladakh,2,Female,15,50-54 years,498,Hypertensive heart disease,91,Lead exposure,3,Rate,2019,0.891818837,2.119659783,0
1,All Population,3,YLDs (Years Lived with Disability),4852,Haryana,1,Male,15,50-54 years,500,Atrial fibrillation and flutter,91,Lead exposure,3,Rate,2017,1.055470492,3.910109646,-0.145369284
1,All Population,3,YLDs (Years Lived with Disability),4852,Haryana,2,Female,15,50-54 years,500,Atrial fibrillation and flutter,91,Lead exposure,3,Rate,2017,0.738661645,2.457913624,-0.099416815
1,All Population,3,YLDs (Years Lived with Disability),4875,West Bengal,1,Male,15,50-54 years,500,Atrial fibrillation and flutter,91,Lead exposure,3,Rate,2017,1.048908712,3.423186776,-0.172594527
1,All Population,3,YLDs (Years Lived with Disability),4875,West Bengal,2,Female,15,50-54 years,500,Atrial fibrillation and flutter,91,Lead exposure,3,Rate,2017,0.82874476,2.535921637,-0.13132337
1,All Population,3,YLDs (Years Lived with Disability),4842,Arunachal Pradesh,1,Male,15,50-54 years,498,Hypertensive heart disease,91,Lead exposure,3,Rate,2019,0.962989338,2.555683182,0
1,All Population,3,YLDs (Years Lived with Disability),4842,Arunachal Pradesh,2,Female,15,50-54 years,498,Hypertensive heart disease,91,Lead exposure,3,Rate,2019,1.582903543,4.227981019,0
1,All Population,3,YLDs (Years Lived with Disability),4846,Chhattisgarh,1,Male,15,50-54 years,493,Ischemic heart disease,91,Lead exposure,3,Rate,2021,43.60328478,65.45362907,25.95980348
1,All Population,3,YLDs (Years Lived with Disability),4846,Chhattisgarh,2,Female,15,50-54 years,493,Ischemic heart disease,91,Lead exposure,3,Rate,2021,24.01724021,34.70406958,14.5125079
1,All Population,3,YLDs (Years Lived with Disability),4857,Kerala,1,Male,15,50-54 years,493,Ischemic heart disease,91,Lead exposure,3,Rate,2020,58.55597031,85.35244197,35.76764738
1,All Population,3,YLDs (Years Lived with Disability),4857,Kerala,2,Female,15,50-54 years,493,Ischemic heart disease,91,Lead exposure,3,Rate,2020,27.18260332,38.55885624,15.97718984
1,All Population,3,YLDs (Years Lived with Disability),4855,Jharkhand,1,Male,15,50-54 years,493,Ischemic heart disease,91,Lead exposure,3,Rate,2020,25.10662624,35.74537359,15.04755911
1,All Population,3,YLDs (Years Lived with Disability),4855,Jharkhand,2,Female,15,50-54 years,493,Ischemic heart disease,91,Lead exposure,3,Rate,2020,20.9520633,30.08222687,12.56492161
1,All Population,3,YLDs (Years Lived with Disability),44538,Other Union Territories,1,Male,15,50-54 years,498,Hypertensive heart disease,91,Lead exposure,3,Rate,2019,0.664372334,1.561434635,0
1,All Population,3,YLDs (Years Lived with Disability),44538,Other Union Territories,2,Female,15,50-54 years,498,Hypertensive heart disease,91,Lead exposure,3,Rate,2019,1.185824563,3.014449089,0
1,All Population,3,YLDs (Years Lived with Disability),4851,Gujarat,1,Male,15,50-54 years,498,Hypertensive heart disease,91,Lead exposure,3,Rate,2019,0.735332967,1.744184301,0
1,All Population,3,YLDs (Years Lived with Disability),4851,Gujarat,2,Female,15,50-54 years,498,Hypertensive heart disease,91,Lead exposure,3,Rate,2019,1.443771635,3.380504276,0
1,All Population,3,YLDs (Years Lived with Disability),4871,Telangana,1,Male,15,50-54 years,493,Ischemic heart disease,91,Lead exposure,3,Rate,2020,57.48105518,84.54516648,34.24128811
1,All Population,3,YLDs (Years Lived with Disability),4871,Telangana,2,Female,15,50-54 years,493,Ischemic heart disease,91,Lead exposure,3,Rate,2020,31.6203533,45.78457035,19.14699314
1,All Population,3,YLDs (Years Lived with Disability),4856,Karnataka,1,Male,15,50-54 years,493,Ischemic heart disease,91,Lead exposure,3,Rate,2019,60.71358149,90.86027583,37.4429416
1,All Population,3,YLDs (Years Lived with Disability),4856,Karnataka,2,Female,15,50-54 years,493,Ischemic heart disease,91,Lead exposure,3,Rate,2019,39.96929337,57.75144679,24.6813137
1,All Population,3,YLDs (Years Lived with Disability),4864,Nagaland,1,Male,15,50-54 years,502,Lower extremity peripheral arterial disease,91,Lead exposure,3,Rate,2019,0.007363269,0.028012722,-0.001150939
1,All Population,3,YLDs (Years Lived with Disability),4864,Nagaland,2,Female,15,50-54 years,502,Lower extremity peripheral arterial disease,91,Lead exposure,3,Rate,2019,0.008385248,0.028483653,-0.001006706
1,All Population,3,YLDs (Years Lived with Disability),4868,Rajasthan,1,Male,15,50-54 years,494,Stroke,380,Particulate matter pollution,3,Rate,2020,80.24012808,122.3522322,44.46006623
1,All Population,3,YLDs (Years Lived with Disability),4868,Rajasthan,2,Female,15,50-54 years,494,Stroke,380,Particulate matter pollution,3,Rate,2020,72.43175857,108.6165781,41.89387828
1,All Population,3,YLDs (Years Lived with Disability),4854,Jammu & Kashmir and Ladakh,1,Male,15,50-54 years,493,Ischemic heart disease,380,Particulate matter pollution,3,Rate,2020,48.45479407,72.52874159,27.6195204
1,All Population,3,YLDs (Years Lived with Disability),4854,Jammu & Kashmir and Ladakh,2,Female,15,50-54 years,493,Ischemic heart disease,380,Particulate matter pollution,3,Rate,2020,33.75875582,50.11507601,19.73940015
1,All Population,3,YLDs (Years Lived with Disability),4854,Jammu & Kashmir and Ladakh,1,Male,15,50-54 years,494,Stroke,91,Lead exposure,3,Rate,2020,10.07628008,23.51255546,-1.894681597
1,All Population,3,YLDs (Years Lived with Disability),4854,Jammu & Kashmir and Ladakh,2,Female,15,50-54 years,494,Stroke,91,Lead exposure,3,Rate,2020,8.136720404,20.23643267,-1.213642816
1,All Population,3,YLDs (Years Lived with Disability),4856,Karnataka,1,Male,15,50-54 years,493,Ischemic heart disease,380,Particulate matter pollution,3,Rate,2020,52.42274659,82.16712477,29.10550491
1,All Population,3,YLDs (Years Lived with Disability),4856,Karnataka,2,Female,15,50-54 years,493,Ischemic heart disease,380,Particulate matter pollution,3,Rate,2020,36.32988495,54.15495978,19.70343203
1,All Population,3,YLDs (Years Lived with Disability),4853,Himachal Pradesh,1,Male,15,50-54 years,500,Atrial fibrillation and flutter,91,Lead exposure,3,Rate,2020,1.089254394,3.307641872,-0.126597429
1,All Population,3,YLDs (Years Lived with Disability),4853,Himachal Pradesh,2,Female,15,50-54 years,500,Atrial fibrillation and flutter,91,Lead exposure,3,Rate,2020,0.793789931,2.759849896,-0.089820576
1,All Population,3,YLDs (Years Lived with Disability),4863,Mizoram,1,Male,15,50-54 years,493,Ischemic heart disease,91,Lead exposure,3,Rate,2021,27.26862673,40.64998475,15.52678735
1,All Population,3,YLDs (Years Lived with Disability),4863,Mizoram,2,Female,15,50-54 years,493,Ischemic heart disease,91,Lead exposure,3,Rate,2021,14.73923931,21.04602846,9.11627096
1,All Population,3,YLDs (Years Lived with Disability),4872,Tripura,1,Male,15,50-54 years,494,Stroke,380,Particulate matter pollution,3,Rate,2021,131.7878763,194.7342898,73.47249727
1,All Population,3,YLDs (Years Lived with Disability),4872,Tripura,2,Female,15,50-54 years,494,Stroke,380,Particulate matter pollution,3,Rate,2021,98.1971373,149.1070243,55.58276772
1,All Population,3,YLDs (Years Lived with Disability),4875,West Bengal,1,Male,15,50-54 years,502,Lower extremity peripheral arterial disease,91,Lead exposure,3,Rate,2020,0.007842147,0.025860276,-0.000858767
1,All Population,3,YLDs (Years Lived with Disability),4875,West Bengal,2,Female,15,50-54 years,502,Lower extremity peripheral arterial disease,91,Lead exposure,3,Rate,2020,0.010843469,0.036607857,-0.001346448
1,All Population,3,YLDs (Years Lived with Disability),4867,Punjab,1,Male,15,50-54 years,498,Hypertensive heart disease,91,Lead exposure,3,Rate,2018,0.384806817,0.965018149,0
1,All Population,3,YLDs (Years Lived with Disability),4867,Punjab,2,Female,15,50-54 years,498,Hypertensive heart disease,91,Lead exposure,3,Rate,2018,0.590850794,1.44715996,0
1,All Population,3,YLDs (Years Lived with Disability),4868,Rajasthan,1,Male,15,50-54 years,498,Hypertensive heart disease,91,Lead exposure,3,Rate,2016,0.468371826,1.163830538,0
1,All Population,3,YLDs (Years Lived with Disability),4868,Rajasthan,2,Female,15,50-54 years,498,Hypertensive heart disease,91,Lead exposure,3,Rate,2016,0.768001844,1.966375626,0
1,All Population,3,YLDs (Years Lived with Disability),4872,Tripura,1,Male,15,50-54 years,493,Ischemic heart disease,91,Lead exposure,3,Rate,2019,44.4663099,64.19231197,27.06432393
1,All Population,3,YLDs (Years Lived with Disability),4872,Tripura,2,Female,15,50-54 years,493,Ischemic heart disease,91,Lead exposure,3,Rate,2019,26.03176511,38.20915499,15.975756
1,All Population,3,YLDs (Years Lived with Disability),4843,Assam,1,Male,15,50-54 years,500,Atrial fibrillation and flutter,91,Lead exposure,3,Rate,2019,1.065751789,3.348759271,-0.161474732
1,All Population,3,YLDs (Years Lived with Disability),4843,Assam,2,Female,15,50-54 years,500,Atrial fibrillation and flutter,91,Lead exposure,3,Rate,2019,0.806904829,2.782491625,-0.118203848
1,All Population,3,YLDs (Years Lived with Disability),4843,Assam,1,Male,15,50-54 years,502,Lower extremity peripheral arterial disease,91,Lead exposure,3,Rate,2019,0.009292109,0.033758942,-0.001094999
1,All Population,3,YLDs (Years Lived with Disability),4843,Assam,2,Female,15,50-54 years,502,Lower extremity peripheral arterial disease,91,Lead exposure,3,Rate,2019,0.011608026,0.039328919,-0.001228211
1,All Population,3,YLDs (Years Lived with Disability),4863,Mizoram,1,Male,15,50-54 years,498,Hypertensive heart disease,91,Lead exposure,3,Rate,2018,1.333786338,3.076189978,0
1,All Population,3,YLDs (Years Lived with Disability),4863,Mizoram,2,Female,15,50-54 years,498,Hypertensive heart disease,91,Lead exposure,3,Rate,2018,2.353048535,5.28953455,0
1,All Population,3,YLDs (Years Lived with Disability),4846,Chhattisgarh,1,Male,15,50-54 years,493,Ischemic heart disease,380,Particulate matter pollution,3,Rate,2020,57.34885948,85.21558284,34.48252024
1,All Population,3,YLDs (Years Lived with Disability),4846,Chhattisgarh,2,Female,15,50-54 years,493,Ischemic heart disease,380,Particulate matter pollution,3,Rate,2020,35.3824082,52.81418525,20.58074874
1,All Population,3,YLDs (Years Lived with Disability),4846,Chhattisgarh,1,Male,15,50-54 years,494,Stroke,91,Lead exposure,3,Rate,2020,19.50794715,51.28237578,-2.99388339
1,All Population,3,YLDs (Years Lived with Disability),4846,Chhattisgarh,2,Female,15,50-54 years,494,Stroke,91,Lead exposure,3,Rate,2020,12.39156105,32.73202301,-1.976650751
1,All Population,3,YLDs (Years Lived with Disability),4850,Goa,1,Male,15,50-54 years,502,Lower extremity peripheral arterial disease,91,Lead exposure,3,Rate,2019,0.007712549,0.028551578,-0.000882534
1,All Population,3,YLDs (Years Lived with Disability),4850,Goa,2,Female,15,50-54 years,502,Lower extremity peripheral arterial disease,91,Lead exposure,3,Rate,2019,0.009487207,0.03664123,-0.001124093
1,All Population,3,YLDs (Years Lived with Disability),4874,Uttarakhand,1,Male,15,50-54 years,493,Ischemic heart disease,91,Lead exposure,3,Rate,2020,63.88836634,95.62137474,39.67148482
1,All Population,3,YLDs (Years Lived with Disability),4874,Uttarakhand,2,Female,15,50-54 years,493,Ischemic heart disease,91,Lead exposure,3,Rate,2020,31.34322735,46.24614921,19.46521841
1,All Population,3,YLDs (Years Lived with Disability),4850,Goa,1,Male,15,50-54 years,502,Lower extremity peripheral arterial disease,91,Lead exposure,3,Rate,2017,0.008267296,0.028485119,-0.000763585
1,All Population,3,YLDs (Years Lived with Disability),4850,Goa,2,Female,15,50-54 years,502,Lower extremity peripheral arterial disease,91,Lead exposure,3,Rate,2017,0.010041349,0.036644539,-0.001252735
1,All Population,3,YLDs (Years Lived with Disability),4859,Madhya Pradesh,1,Male,15,50-54 years,498,Hypertensive heart disease,91,Lead exposure,3,Rate,2018,0.647043632,1.876242164,0
1,All Population,3,YLDs (Years Lived with Disability),4859,Madhya Pradesh,2,Female,15,50-54 years,498,Hypertensive heart disease,91,Lead exposure,3,Rate,2018,1.416282281,3.674184179,0
1,All Population,3,YLDs (Years Lived with Disability),4843,Assam,1,Male,15,50-54 years,493,Ischemic heart disease,380,Particulate matter pollution,3,Rate,2020,40.8444457,63.76128418,22.77556768
1,All Population,3,YLDs (Years Lived with Disability),4843,Assam,2,Female,15,50-54 years,493,Ischemic heart disease,380,Particulate matter pollution,3,Rate,2020,27.52015916,40.66658856,16.90197866
1,All Population,3,YLDs (Years Lived with Disability),4843,Assam,1,Male,15,50-54 years,494,Stroke,91,Lead exposure,3,Rate,2020,22.2576995,63.12326819,-3.260109337
1,All Population,3,YLDs (Years Lived with Disability),4843,Assam,2,Female,15,50-54 years,494,Stroke,91,Lead exposure,3,Rate,2020,13.21305601,35.35011514,-2.110544224
1,All Population,3,YLDs (Years Lived with Disability),4843,Assam,1,Male,15,50-54 years,493,Ischemic heart disease,380,Particulate matter pollution,3,Rate,2017,44.97309807,67.22331554,25.09097599
1,All Population,3,YLDs (Years Lived with Disability),4843,Assam,2,Female,15,50-54 years,493,Ischemic heart disease,380,Particulate matter pollution,3,Rate,2017,31.24642244,46.85164815,18.15590479
1,All Population,3,YLDs (Years Lived with Disability),4843,Assam,1,Male,15,50-54 years,494,Stroke,91,Lead exposure,3,Rate,2017,23.08786337,60.97202114,-3.47991321
1,All Population,3,YLDs (Years Lived with Disability),4843,Assam,2,Female,15,50-54 years,494,Stroke,91,Lead exposure,3,Rate,2017,13.90035931,36.49191105,-1.990552782
1,All Population,3,YLDs (Years Lived with Disability),4846,Chhattisgarh,1,Male,15,50-54 years,494,Stroke,380,Particulate matter pollution,3,Rate,2019,124.3851047,187.5321704,73.25065228
1,All Population,3,YLDs (Years Lived with Disability),4846,Chhattisgarh,2,Female,15,50-54 years,494,Stroke,380,Particulate matter pollution,3,Rate,2019,95.44810349,144.4192943,55.38162011
1,All Population,3,YLDs (Years Lived with Disability),4873,Uttar Pradesh,1,Male,15,50-54 years,493,Ischemic heart disease,91,Lead exposure,3,Rate,2020,52.69898253,76.85209425,32.15482204
1,All Population,3,YLDs (Years Lived with Disability),4873,Uttar Pradesh,2,Female,15,50-54 years,493,Ischemic heart disease,91,Lead exposure,3,Rate,2020,36.02033521,51.7285241,21.67655372
1,All Population,3,YLDs (Years Lived with Disability),4870,Tamil Nadu,1,Male,15,50-54 years,502,Lower extremity peripheral arterial disease,91,Lead exposure,3,Rate,2020,0.010965296,0.037268729,-0.001485232
1,All Population,3,YLDs (Years Lived with Disability),4870,Tamil Nadu,2,Female,15,50-54 years,502,Lower extremity peripheral arterial disease,91,Lead exposure,3,Rate,2020,0.013452459,0.043467436,-0.001360749
1,All Population,3,YLDs (Years Lived with Disability),4860,Maharashtra,1,Male,15,50-54 years,494,Stroke,380,Particulate matter pollution,3,Rate,2017,82.60485676,126.4487791,48.35948444
1,All Population,3,YLDs (Years Lived with Disability),4860,Maharashtra,2,Female,15,50-54 years,494,Stroke,380,Particulate matter pollution,3,Rate,2017,69.62823936,107.1367707,40.98575765
1,All Population,3,YLDs (Years Lived with Disability),4841,Andhra Pradesh,1,Male,15,50-54 years,500,Atrial fibrillation and flutter,91,Lead exposure,3,Rate,2020,1.056748338,3.086862921,-0.117062515
1,All Population,3,YLDs (Years Lived with Disability),4841,Andhra Pradesh,2,Female,15,50-54 years,500,Atrial fibrillation and flutter,91,Lead exposure,3,Rate,2020,0.762815137,2.363314803,-0.101204557
1,All Population,3,YLDs (Years Lived with Disability),4846,Chhattisgarh,1,Male,15,50-54 years,493,Ischemic heart disease,380,Particulate matter pollution,3,Rate,2018,59.2752041,86.63938028,34.41484187
1,All Population,3,YLDs (Years Lived with Disability),4846,Chhattisgarh,2,Female,15,50-54 years,493,Ischemic heart disease,380,Particulate matter pollution,3,Rate,2018,37.4771256,55.43833544,21.27378527
1,All Population,3,YLDs (Years Lived with Disability),4846,Chhattisgarh,1,Male,15,50-54 years,494,Stroke,91,Lead exposure,3,Rate,2018,19.69838327,51.27693633,-3.128647223
1,All Population,3,YLDs (Years Lived with Disability),4846,Chhattisgarh,2,Female,15,50-54 years,494,Stroke,91,Lead exposure,3,Rate,2018,12.64720356,36.01587571,-1.923076083
1,All Population,3,YLDs (Years Lived with Disability),4873,Uttar Pradesh,1,Male,15,50-54 years,502,Lower extremity peripheral arterial disease,91,Lead exposure,3,Rate,2017,0.012292351,0.039059312,-0.001447482
1,All Population,3,YLDs (Years Lived with Disability),4873,Uttar Pradesh,2,Female,15,50-54 years,502,Lower extremity peripheral arterial disease,91,Lead exposure,3,Rate,2017,0.01538032,0.050057684,-0.001980231
1,All Population,3,YLDs (Years Lived with Disability),4856,Karnataka,1,Male,15,50-54 years,494,Stroke,380,Particulate matter pollution,3,Rate,2020,66.17179362,101.665312,36.33979788
1,All Population,3,YLDs (Years Lived with Disability),4856,Karnataka,2,Female,15,50-54 years,494,Stroke,380,Particulate matter pollution,3,Rate,2020,56.3338175,87.75479318,29.12007186
1,All Population,3,YLDs (Years Lived with Disability),4856,Karnataka,1,Male,15,50-54 years,498,Hypertensive heart disease,91,Lead exposure,3,Rate,2020,0.716582467,1.96274188,0
1,All Population,3,YLDs (Years Lived with Disability),4856,Karnataka,2,Female,15,50-54 years,498,Hypertensive heart disease,91,Lead exposure,3,Rate,2020,1.320654457,3.309733219,0
1,All Population,3,YLDs (Years Lived with Disability),4843,Assam,1,Male,15,50-54 years,498,Hypertensive heart disease,91,Lead exposure,3,Rate,2018,1.21094222,3.264872705,0
1,All Population,3,YLDs (Years Lived with Disability),4843,Assam,2,Female,15,50-54 years,498,Hypertensive heart disease,91,Lead exposure,3,Rate,2018,1.360280693,3.287417998,0
1,All Population,3,YLDs (Years Lived with Disability),4870,Tamil Nadu,1,Male,15,50-54 years,498,Hypertensive heart disease,91,Lead exposure,3,Rate,2019,0.59910294,1.501524014,0
1,All Population,3,YLDs (Years Lived with Disability),4870,Tamil Nadu,2,Female,15,50-54 years,498,Hypertensive heart disease,91,Lead exposure,3,Rate,2019,1.077844665,2.463706254,0
1,All Population,3,YLDs (Years Lived with Disability),4872,Tripura,1,Male,15,50-54 years,498,Hypertensive heart disease,91,Lead exposure,3,Rate,2020,0.80615353,2.09795935,0
1,All Population,3,YLDs (Years Lived with Disability),4872,Tripura,2,Female,15,50-54 years,498,Hypertensive heart disease,91,Lead exposure,3,Rate,2020,1.294975957,3.001139928,0
1,All Population,3,YLDs (Years Lived with Disability),4854,Jammu & Kashmir and Ladakh,1,Male,15,50-54 years,500,Atrial fibrillation and flutter,91,Lead exposure,3,Rate,2020,0.828458188,2.637357209,-0.122368833
1,All Population,3,YLDs (Years Lived with Disability),4854,Jammu & Kashmir and Ladakh,2,Female,15,50-54 years,500,Atrial fibrillation and flutter,91,Lead exposure,3,Rate,2020,0.653092549,1.945023308,-0.104613347
1,All Population,3,YLDs (Years Lived with Disability),4849,Delhi,1,Male,15,50-54 years,493,Ischemic heart disease,91,Lead exposure,3,Rate,2020,39.5447312,57.17153219,24.14784223
1,All Population,3,YLDs (Years Lived with Disability),4849,Delhi,2,Female,15,50-54 years,493,Ischemic heart disease,91,Lead exposure,3,Rate,2020,22.04754421,32.36838974,12.93478274
1,All Population,3,YLDs (Years Lived with Disability),4854,Jammu & Kashmir and Ladakh,1,Male,15,50-54 years,494,Stroke,380,Particulate matter pollution,3,Rate,2021,53.30511661,81.25146787,28.8020228
1,All Population,3,YLDs (Years Lived with Disability),4854,Jammu & Kashmir and Ladakh,2,Female,15,50-54 years,494,Stroke,380,Particulate matter pollution,3,Rate,2021,48.43324499,77.41504393,24.01593536
1,All Population,3,YLDs (Years Lived with Disability),44538,Other Union Territories,1,Male,15,50-54 years,502,Lower extremity peripheral arterial disease,91,Lead exposure,3,Rate,2019,0.008927453,0.029049239,-0.001214133
1,All Population,3,YLDs (Years Lived with Disability),44538,Other Union Territories,2,Female,15,50-54 years,502,Lower extremity peripheral arterial disease,91,Lead exposure,3,Rate,2019,0.011631996,0.038935405,-0.001660636
1,All Population,3,YLDs (Years Lived with Disability),4874,Uttarakhand,1,Male,15,50-54 years,502,Lower extremity peripheral arterial disease,91,Lead exposure,3,Rate,2019,0.009170163,0.02981359,-0.000944058
1,All Population,3,YLDs (Years Lived with Disability),4874,Uttarakhand,2,Female,15,50-54 years,502,Lower extremity peripheral arterial disease,91,Lead exposure,3,Rate,2019,0.012373351,0.041063884,-0.001265935
1,All Population,3,YLDs (Years Lived with Disability),4870,Tamil Nadu,1,Male,15,50-54 years,502,Lower extremity peripheral arterial disease,91,Lead exposure,3,Rate,2019,0.011190687,0.034128081,-0.001252159
1,All Population,3,YLDs (Years Lived with Disability),4870,Tamil Nadu,2,Female,15,50-54 years,502,Lower extremity peripheral arterial disease,91,Lead exposure,3,Rate,2019,0.013750095,0.043731034,-0.001735289
1,All Population,3,YLDs (Years Lived with Disability),4865,Odisha,1,Male,15,50-54 years,502,Lower extremity peripheral arterial disease,91,Lead exposure,3,Rate,2018,0.009194291,0.033425351,-0.00108889
1,All Population,3,YLDs (Years Lived with Disability),4865,Odisha,2,Female,15,50-54 years,502,Lower extremity peripheral arterial disease,91,Lead exposure,3,Rate,2018,0.011291442,0.040266292,-0.001447645
1,All Population,3,YLDs (Years Lived with Disability),4859,Madhya Pradesh,1,Male,15,50-54 years,493,Ischemic heart disease,380,Particulate matter pollution,3,Rate,2021,61.94944875,93.70080503,36.30624404
1,All Population,3,YLDs (Years Lived with Disability),4859,Madhya Pradesh,2,Female,15,50-54 years,493,Ischemic heart disease,380,Particulate matter pollution,3,Rate,2021,33.12286003,49.52868181,18.89172035
1,All Population,3,YLDs (Years Lived with Disability),4859,Madhya Pradesh,1,Male,15,50-54 years,494,Stroke,91,Lead exposure,3,Rate,2021,14.0424862,34.92352431,-2.615773177
1,All Population,3,YLDs (Years Lived with Disability),4859,Madhya Pradesh,2,Female,15,50-54 years,494,Stroke,91,Lead exposure,3,Rate,2021,10.40279532,24.95170298,-1.853239044
1,All Population,3,YLDs (Years Lived with Disability),4859,Madhya Pradesh,1,Male,15,50-54 years,498,Hypertensive heart disease,91,Lead exposure,3,Rate,2017,0.669412322,1.623787821,0
1,All Population,3,YLDs (Years Lived with Disability),4859,Madhya Pradesh,2,Female,15,50-54 years,498,Hypertensive heart disease,91,Lead exposure,3,Rate,2017,1.374911446,3.333913849,0
1,All Population,3,YLDs (Years Lived with Disability),4874,Uttarakhand,1,Male,15,50-54 years,493,Ischemic heart disease,380,Particulate matter pollution,3,Rate,2020,73.59772963,116.2155742,42.15751044
1,All Population,3,YLDs (Years Lived with Disability),4874,Uttarakhand,2,Female,15,50-54 years,493,Ischemic heart disease,380,Particulate matter pollution,3,Rate,2020,39.93632992,60.23288039,22.35300576
1,All Population,3,YLDs (Years Lived with Disability),4874,Uttarakhand,1,Male,15,50-54 years,494,Stroke,91,Lead exposure,3,Rate,2020,16.89436703,40.27617193,-2.695447148
1,All Population,3,YLDs (Years Lived with Disability),4874,Uttarakhand,2,Female,15,50-54 years,494,Stroke,91,Lead exposure,3,Rate,2020,10.48742083,26.70536738,-1.650914491
1,All Population,3,YLDs (Years Lived with Disability),4850,Goa,1,Male,15,50-54 years,493,Ischemic heart disease,91,Lead exposure,3,Rate,2021,45.34325961,65.34906013,27.03122702
1,All Population,3,YLDs (Years Lived with Disability),4850,Goa,2,Female,15,50-54 years,493,Ischemic heart disease,91,Lead exposure,3,Rate,2021,25.47482017,37.34783085,15.20378586
1,All Population,3,YLDs (Years Lived with Disability),4861,Manipur,1,Male,15,50-54 years,502,Lower extremity peripheral arterial disease,91,Lead exposure,3,Rate,2019,0.011032388,0.034306913,-0.001470611
1,All Population,3,YLDs (Years Lived with Disability),4861,Manipur,2,Female,15,50-54 years,502,Lower extremity peripheral arterial disease,91,Lead exposure,3,Rate,2019,0.013868288,0.042046425,-0.002060563
1,All Population,3,YLDs (Years Lived with Disability),4869,Sikkim,1,Male,15,50-54 years,493,Ischemic heart disease,380,Particulate matter pollution,3,Rate,2018,43.93427441,65.86091545,25.60421763
1,All Population,3,YLDs (Years Lived with Disability),4869,Sikkim,2,Female,15,50-54 years,493,Ischemic heart disease,380,Particulate matter pollution,3,Rate,2018,30.225031,46.71331507,17.99561782
1,All Population,3,YLDs (Years Lived with Disability),4869,Sikkim,1,Male,15,50-54 years,494,Stroke,91,Lead exposure,3,Rate,2018,14.66193255,36.95253738,-2.235353819
1,All Population,3,YLDs (Years Lived with Disability),4869,Sikkim,2,Female,15,50-54 years,494,Stroke,91,Lead exposure,3,Rate,2018,11.12016948,28.28433004,-1.504142064
1,All Population,3,YLDs (Years Lived with Disability),4854,Jammu & Kashmir and Ladakh,1,Male,15,50-54 years,498,Hypertensive heart disease,91,Lead exposure,3,Rate,2018,0.587743296,1.500167891,0
1,All Population,3,YLDs (Years Lived with Disability),4854,Jammu & Kashmir and Ladakh,2,Female,15,50-54 years,498,Hypertensive heart disease,91,Lead exposure,3,Rate,2018,0.907501958,2.211226907,0
1,All Population,3,YLDs (Years Lived with Disability),4870,Tamil Nadu,1,Male,15,50-54 years,498,Hypertensive heart disease,91,Lead exposure,3,Rate,2018,0.603068194,1.640763545,0
1,All Population,3,YLDs (Years Lived with Disability),4870,Tamil Nadu,2,Female,15,50-54 years,498,Hypertensive heart disease,91,Lead exposure,3,Rate,2018,1.089003586,2.648212386,0
1,All Population,3,YLDs (Years Lived with Disability),4854,Jammu & Kashmir and Ladakh,1,Male,15,50-54 years,502,Lower extremity peripheral arterial disease,91,Lead exposure,3,Rate,2020,0.006571636,0.023995578,-0.000971675
1,All Population,3,YLDs (Years Lived with Disability),4854,Jammu & Kashmir and Ladakh,2,Female,15,50-54 years,502,Lower extremity peripheral arterial disease,91,Lead exposure,3,Rate,2020,0.009348568,0.035722648,-0.001234651
1,All Population,3,YLDs (Years Lived with Disability),4851,Gujarat,1,Male,15,50-54 years,502,Lower extremity peripheral arterial disease,91,Lead exposure,3,Rate,2020,0.010328598,0.036108927,-0.001321667
1,All Population,3,YLDs (Years Lived with Disability),4851,Gujarat,2,Female,15,50-54 years,502,Lower extremity peripheral arterial disease,91,Lead exposure,3,Rate,2020,0.013662211,0.044128824,-0.001593784
1,All Population,3,YLDs (Years Lived with Disability),4844,Bihar,1,Male,15,50-54 years,493,Ischemic heart disease,91,Lead exposure,3,Rate,2020,42.24069371,62.50088955,26.08582613
1,All Population,3,YLDs (Years Lived with Disability),4844,Bihar,2,Female,15,50-54 years,493,Ischemic heart disease,91,Lead exposure,3,Rate,2020,26.933019,39.17447095,15.24211266
1,All Population,3,YLDs (Years Lived with Disability),4850,Goa,1,Male,15,50-54 years,500,Atrial fibrillation and flutter,91,Lead exposure,3,Rate,2020,1.025900448,3.192744821,-0.132564498
1,All Population,3,YLDs (Years Lived with Disability),4850,Goa,2,Female,15,50-54 years,500,Atrial fibrillation and flutter,91,Lead exposure,3,Rate,2020,0.731455296,2.653436566,-0.113096925
1,All Population,3,YLDs (Years Lived with Disability),4862,Meghalaya,1,Male,15,50-54 years,493,Ischemic heart disease,91,Lead exposure,3,Rate,2020,33.2784503,48.89480244,20.80733931
1,All Population,3,YLDs (Years Lived with Disability),4862,Meghalaya,2,Female,15,50-54 years,493,Ischemic heart disease,91,Lead exposure,3,Rate,2020,20.42367589,29.27803807,12.00155969
1,All Population,3,YLDs (Years Lived with Disability),4875,West Bengal,1,Male,15,50-54 years,493,Ischemic heart disease,380,Particulate matter pollution,3,Rate,2017,60.27879751,91.53674089,34.11558449
1,All Population,3,YLDs (Years Lived with Disability),4875,West Bengal,2,Female,15,50-54 years,493,Ischemic heart disease,380,Particulate matter pollution,3,Rate,2017,43.76915761,65.66331149,25.15635666
1,All Population,3,YLDs (Years Lived with Disability),4875,West Bengal,1,Male,15,50-54 years,494,Stroke,91,Lead exposure,3,Rate,2017,21.71207808,52.99912884,-2.816793909
1,All Population,3,YLDs (Years Lived with Disability),4875,West Bengal,2,Female,15,50-54 years,494,Stroke,91,Lead exposure,3,Rate,2017,18.60093746,45.38015303,-2.349337909
1,All Population,3,YLDs (Years Lived with Disability),4850,Goa,1,Male,15,50-54 years,500,Atrial fibrillation and flutter,91,Lead exposure,3,Rate,2018,1.060732751,3.596970137,-0.1356654
1,All Population,3,YLDs (Years Lived with Disability),4850,Goa,2,Female,15,50-54 years,500,Atrial fibrillation and flutter,91,Lead exposure,3,Rate,2018,0.767245245,2.621858554,-0.10670167
1,All Population,3,YLDs (Years Lived with Disability),4865,Odisha,1,Male,15,50-54 years,494,Stroke,380,Particulate matter pollution,3,Rate,2020,99.75473266,149.1503073,55.85697207
1,All Population,3,YLDs (Years Lived with Disability),4865,Odisha,2,Female,15,50-54 years,494,Stroke,380,Particulate matter pollution,3,Rate,2020,87.67239709,139.502381,48.06179647
1,All Population,3,YLDs (Years Lived with Disability),4843,Assam,1,Male,15,50-54 years,500,Atrial fibrillation and flutter,91,Lead exposure,3,Rate,2018,1.089096876,3.207660327,-0.169730492
1,All Population,3,YLDs (Years Lived with Disability),4843,Assam,2,Female,15,50-54 years,500,Atrial fibrillation and flutter,91,Lead exposure,3,Rate,2018,0.814579509,2.588917669,-0.1001406
1,All Population,3,YLDs (Years Lived with Disability),4843,Assam,1,Male,15,50-54 years,502,Lower extremity peripheral arterial disease,91,Lead exposure,3,Rate,2018,0.009208899,0.030830212,-0.001077931
1,All Population,3,YLDs (Years Lived with Disability),4843,Assam,2,Female,15,50-54 years,502,Lower extremity peripheral arterial disease,91,Lead exposure,3,Rate,2018,0.011702195,0.034506373,-0.001460573
1,All Population,3,YLDs (Years Lived with Disability),4844,Bihar,1,Male,15,50-54 years,500,Atrial fibrillation and flutter,91,Lead exposure,3,Rate,2017,1.221898776,4.208292315,-0.182481374
1,All Population,3,YLDs (Years Lived with Disability),4844,Bihar,2,Female,15,50-54 years,500,Atrial fibrillation and flutter,91,Lead exposure,3,Rate,2017,0.902193134,3.009219496,-0.157407397
1,All Population,3,YLDs (Years Lived with Disability),4869,Sikkim,1,Male,15,50-54 years,494,Stroke,380,Particulate matter pollution,3,Rate,2019,73.26975522,115.2632225,42.96969427
1,All Population,3,YLDs (Years Lived with Disability),4869,Sikkim,2,Female,15,50-54 years,494,Stroke,380,Particulate matter pollution,3,Rate,2019,66.38608343,103.4377652,37.95653775
1,All Population,3,YLDs (Years Lived with Disability),4843,Assam,1,Male,15,50-54 years,494,Stroke,380,Particulate matter pollution,3,Rate,2021,115.3631863,177.007878,62.11218305
1,All Population,3,YLDs (Years Lived with Disability),4843,Assam,2,Female,15,50-54 years,494,Stroke,380,Particulate matter pollution,3,Rate,2021,83.1710869,127.4886584,46.16172845
1,All Population,3,YLDs (Years Lived with Disability),4850,Goa,1,Male,15,50-54 years,493,Ischemic heart disease,380,Particulate matter pollution,3,Rate,2021,43.46335182,63.334804,24.83615087
1,All Population,3,YLDs (Years Lived with Disability),4850,Goa,2,Female,15,50-54 years,493,Ischemic heart disease,380,Particulate matter pollution,3,Rate,2021,27.25561745,41.34223061,15.54662643
1,All Population,3,YLDs (Years Lived with Disability),4863,Mizoram,1,Male,15,50-54 years,494,Stroke,380,Particulate matter pollution,3,Rate,2019,55.05108158,86.79767396,30.58470262
1,All Population,3,YLDs (Years Lived with Disability),4863,Mizoram,2,Female,15,50-54 years,494,Stroke,380,Particulate matter pollution,3,Rate,2019,47.91625652,74.35156247,27.3672467
1,All Population,3,YLDs (Years Lived with Disability),4852,Haryana,1,Male,15,50-54 years,494,Stroke,91,Lead exposure,3,Rate,2018,16.78027052,44.09757924,-2.349571689
1,All Population,3,YLDs (Years Lived with Disability),4852,Haryana,2,Female,15,50-54 years,494,Stroke,91,Lead exposure,3,Rate,2018,13.06500418,33.8789068,-1.78233971
1,All Population,3,YLDs (Years Lived with Disability),4862,Meghalaya,1,Male,15,50-54 years,493,Ischemic heart disease,380,Particulate matter pollution,3,Rate,2017,40.55236466,62.51271177,22.96061002
1,All Population,3,YLDs (Years Lived with Disability),4862,Meghalaya,2,Female,15,50-54 years,493,Ischemic heart disease,380,Particulate matter pollution,3,Rate,2017,27.19016107,41.45212674,15.61954871
1,All Population,3,YLDs (Years Lived with Disability),4862,Meghalaya,1,Male,15,50-54 years,494,Stroke,91,Lead exposure,3,Rate,2017,16.47161595,43.12552085,-2.721362241
1,All Population,3,YLDs (Years Lived with Disability),4862,Meghalaya,2,Female,15,50-54 years,494,Stroke,91,Lead exposure,3,Rate,2017,11.63612467,31.34127888,-1.846486456
1,All Population,3,YLDs (Years Lived with Disability),4853,Himachal Pradesh,1,Male,15,50-54 years,493,Ischemic heart disease,380,Particulate matter pollution,3,Rate,2020,57.11930138,88.79694126,30.81185161
1,All Population,3,YLDs (Years Lived with Disability),4853,Himachal Pradesh,2,Female,15,50-54 years,493,Ischemic heart disease,380,Particulate matter pollution,3,Rate,2020,28.47501471,44.09805956,16.86688316
1,All Population,3,YLDs (Years Lived with Disability),4856,Karnataka,1,Male,15,50-54 years,502,Lower extremity peripheral arterial disease,91,Lead exposure,3,Rate,2020,0.010261317,0.03089605,-0.001195698
1,All Population,3,YLDs (Years Lived with Disability),4856,Karnataka,2,Female,15,50-54 years,502,Lower extremity peripheral arterial disease,91,Lead exposure,3,Rate,2020,0.015133976,0.050282728,-0.001749302
1,All Population,3,YLDs (Years Lived with Disability),4874,Uttarakhand,1,Male,15,50-54 years,500,Atrial fibrillation and flutter,91,Lead exposure,3,Rate,2018,1.100063074,3.275351904,-0.127766334
1,All Population,3,YLDs (Years Lived with Disability),4874,Uttarakhand,2,Female,15,50-54 years,500,Atrial fibrillation and flutter,91,Lead exposure,3,Rate,2018,0.821399988,2.664700906,-0.094794691
1,All Population,3,YLDs (Years Lived with Disability),4872,Tripura,1,Male,15,50-54 years,493,Ischemic heart disease,91,Lead exposure,3,Rate,2020,43.56865632,63.77629906,26.41819097
1,All Population,3,YLDs (Years Lived with Disability),4872,Tripura,2,Female,15,50-54 years,493,Ischemic heart disease,91,Lead exposure,3,Rate,2020,25.50472637,36.76936768,15.63088153
1,All Population,3,YLDs (Years Lived with Disability),4841,Andhra Pradesh,1,Male,15,50-54 years,494,Stroke,380,Particulate matter pollution,3,Rate,2021,57.58471483,88.68135732,30.96688395
1,All Population,3,YLDs (Years Lived with Disability),4841,Andhra Pradesh,2,Female,15,50-54 years,494,Stroke,380,Particulate matter pollution,3,Rate,2021,54.0482782,84.08016865,29.49737715
1,All Population,3,YLDs (Years Lived with Disability),4861,Manipur,1,Male,15,50-54 years,493,Ischemic heart disease,380,Particulate matter pollution,3,Rate,2021,33.89395972,52.85631056,19.24325189
1,All Population,3,YLDs (Years Lived with Disability),4861,Manipur,2,Female,15,50-54 years,493,Ischemic heart disease,380,Particulate matter pollution,3,Rate,2021,25.07161368,36.22939575,14.22439583
1,All Population,3,YLDs (Years Lived with Disability),4861,Manipur,1,Male,15,50-54 years,494,Stroke,91,Lead exposure,3,Rate,2021,18.85588426,50.66022762,-3.38168617
1,All Population,3,YLDs (Years Lived with Disability),4861,Manipur,2,Female,15,50-54 years,494,Stroke,91,Lead exposure,3,Rate,2021,11.95066175,31.03605643,-2.023422885
1,All Population,3,YLDs (Years Lived with Disability),4853,Himachal Pradesh,1,Male,15,50-54 years,493,Ischemic heart disease,91,Lead exposure,3,Rate,2020,52.17870959,76.80411546,30.03364973
1,All Population,3,YLDs (Years Lived with Disability),4853,Himachal Pradesh,2,Female,15,50-54 years,493,Ischemic heart disease,91,Lead exposure,3,Rate,2020,23.05283073,33.75007888,13.43108736
1,All Population,3,YLDs (Years Lived with Disability),4856,Karnataka,1,Male,15,50-54 years,494,Stroke,380,Particulate matter pollution,3,Rate,2021,65.30538361,99.26464843,33.86760007
1,All Population,3,YLDs (Years Lived with Disability),4856,Karnataka,2,Female,15,50-54 years,494,Stroke,380,Particulate matter pollution,3,Rate,2021,55.98078364,86.54020994,29.87445984
1,All Population,3,YLDs (Years Lived with Disability),4856,Karnataka,1,Male,15,50-54 years,498,Hypertensive heart disease,91,Lead exposure,3,Rate,2021,0.700205733,1.741633374,0
1,All Population,3,YLDs (Years Lived with Disability),4856,Karnataka,2,Female,15,50-54 years,498,Hypertensive heart disease,91,Lead exposure,3,Rate,2021,1.257612902,2.949500412,0
1,All Population,3,YLDs (Years Lived with Disability),4846,Chhattisgarh,1,Male,15,50-54 years,502,Lower extremity peripheral arterial disease,91,Lead exposure,3,Rate,2018,0.009050158,0.034419964,-0.000738768
1,All Population,3,YLDs (Years Lived with Disability),4846,Chhattisgarh,2,Female,15,50-54 years,502,Lower extremity peripheral arterial disease,91,Lead exposure,3,Rate,2018,0.011563087,0.039054162,-0.001263557
1,All Population,3,YLDs (Years Lived with Disability),4849,Delhi,1,Male,15,50-54 years,500,Atrial fibrillation and flutter,91,Lead exposure,3,Rate,2019,0.776897036,2.523862591,-0.09544965
1,All Population,3,YLDs (Years Lived with Disability),4849,Delhi,2,Female,15,50-54 years,500,Atrial fibrillation and flutter,91,Lead exposure,3,Rate,2019,0.545272476,1.745580026,-0.064253033
1,All Population,3,YLDs (Years Lived with Disability),4849,Delhi,1,Male,15,50-54 years,502,Lower extremity peripheral arterial disease,91,Lead exposure,3,Rate,2019,0.005869337,0.021245936,-0.000460938
1,All Population,3,YLDs (Years Lived with Disability),4849,Delhi,2,Female,15,50-54 years,502,Lower extremity peripheral arterial disease,91,Lead exposure,3,Rate,2019,0.007478642,0.026055076,-0.000752278
1,All Population,3,YLDs (Years Lived with Disability),4852,Haryana,1,Male,15,50-54 years,500,Atrial fibrillation and flutter,91,Lead exposure,3,Rate,2020,1.008597812,3.265880509,-0.135100779
1,All Population,3,YLDs (Years Lived with Disability),4852,Haryana,2,Female,15,50-54 years,500,Atrial fibrillation and flutter,91,Lead exposure,3,Rate,2020,0.721369453,2.519604042,-0.102340412
1,All Population,3,YLDs (Years Lived with Disability),4868,Rajasthan,1,Male,15,50-54 years,500,Atrial fibrillation and flutter,91,Lead exposure,3,Rate,2017,0.640226979,1.888119525,-0.095331831
1,All Population,3,YLDs (Years Lived with Disability),4868,Rajasthan,2,Female,15,50-54 years,500,Atrial fibrillation and flutter,91,Lead exposure,3,Rate,2017,0.40989575,1.313742516,-0.054755745
1,All Population,3,YLDs (Years Lived with Disability),4872,Tripura,1,Male,15,50-54 years,493,Ischemic heart disease,380,Particulate matter pollution,3,Rate,2018,56.12906788,84.45277161,32.54757116
1,All Population,3,YLDs (Years Lived with Disability),4872,Tripura,2,Female,15,50-54 years,493,Ischemic heart disease,380,Particulate matter pollution,3,Rate,2018,36.21951717,55.04868274,21.60018095
1,All Population,3,YLDs (Years Lived with Disability),4872,Tripura,1,Male,15,50-54 years,494,Stroke,91,Lead exposure,3,Rate,2018,23.34386065,56.25481415,-3.726581227
1,All Population,3,YLDs (Years Lived with Disability),4872,Tripura,2,Female,15,50-54 years,494,Stroke,91,Lead exposure,3,Rate,2018,14.78445069,37.3190171,-2.227816083
1,All Population,3,YLDs (Years Lived with Disability),44538,Other Union Territories,1,Male,15,50-54 years,493,Ischemic heart disease,380,Particulate matter pollution,3,Rate,2020,42.09135057,65.6345287,23.81878085
1,All Population,3,YLDs (Years Lived with Disability),44538,Other Union Territories,2,Female,15,50-54 years,493,Ischemic heart disease,380,Particulate matter pollution,3,Rate,2020,25.84579278,38.73858018,14.34018132
1,All Population,3,YLDs (Years Lived with Disability),4843,Assam,1,Male,15,50-54 years,498,Hypertensive heart disease,91,Lead exposure,3,Rate,2020,1.204378094,2.845102223,0
1,All Population,3,YLDs (Years Lived with Disability),4843,Assam,2,Female,15,50-54 years,498,Hypertensive heart disease,91,Lead exposure,3,Rate,2020,1.34860471,3.486303864,0
1,All Population,3,YLDs (Years Lived with Disability),4867,Punjab,1,Male,15,50-54 years,493,Ischemic heart disease,380,Particulate matter pollution,3,Rate,2020,72.81483805,108.4216076,40.26870724
1,All Population,3,YLDs (Years Lived with Disability),4867,Punjab,2,Female,15,50-54 years,493,Ischemic heart disease,380,Particulate matter pollution,3,Rate,2020,48.17214876,70.57741306,28.66597772
1,All Population,3,YLDs (Years Lived with Disability),4867,Punjab,1,Male,15,50-54 years,494,Stroke,91,Lead exposure,3,Rate,2020,10.58043126,27.12553617,-1.68739585
1,All Population,3,YLDs (Years Lived with Disability),4867,Punjab,2,Female,15,50-54 years,494,Stroke,91,Lead exposure,3,Rate,2020,8.080289168,19.90731789,-1.325580759
1,All Population,3,YLDs (Years Lived with Disability),4862,Meghalaya,1,Male,15,50-54 years,500,Atrial fibrillation and flutter,91,Lead exposure,3,Rate,2018,1.217548566,3.708765984,-0.167807259
1,All Population,3,YLDs (Years Lived with Disability),4862,Meghalaya,2,Female,15,50-54 years,500,Atrial fibrillation and flutter,91,Lead exposure,3,Rate,2018,0.889915475,2.903114057,-0.112209741
1,All Population,3,YLDs (Years Lived with Disability),4863,Mizoram,1,Male,15,50-54 years,493,Ischemic heart disease,380,Particulate matter pollution,3,Rate,2020,25.47576336,41.11263857,14.31730923
1,All Population,3,YLDs (Years Lived with Disability),4863,Mizoram,2,Female,15,50-54 years,493,Ischemic heart disease,380,Particulate matter pollution,3,Rate,2020,15.02602592,22.27362828,8.204497148
1,All Population,3,YLDs (Years Lived with Disability),4863,Mizoram,1,Male,15,50-54 years,494,Stroke,91,Lead exposure,3,Rate,2020,12.74184987,33.40857342,-2.24626009
1,All Population,3,YLDs (Years Lived with Disability),4863,Mizoram,2,Female,15,50-54 years,494,Stroke,91,Lead exposure,3,Rate,2020,8.123948858,21.75888588,-1.072772573
1,All Population,3,YLDs (Years Lived with Disability),4851,Gujarat,1,Male,15,50-54 years,493,Ischemic heart disease,91,Lead exposure,3,Rate,2020,56.17343736,84.29716067,34.57488726
1,All Population,3,YLDs (Years Lived with Disability),4851,Gujarat,2,Female,15,50-54 years,493,Ischemic heart disease,91,Lead exposure,3,Rate,2020,31.31545285,46.74690332,19.61344773
1,All Population,3,YLDs (Years Lived with Disability),4852,Haryana,1,Male,15,50-54 years,502,Lower extremity peripheral arterial disease,91,Lead exposure,3,Rate,2021,0.007428145,0.024617026,-0.000744815
1,All Population,3,YLDs (Years Lived with Disability),4852,Haryana,2,Female,15,50-54 years,502,Lower extremity peripheral arterial disease,91,Lead exposure,3,Rate,2021,0.01024761,0.037892076,-0.001047463
1,All Population,3,YLDs (Years Lived with Disability),4859,Madhya Pradesh,1,Male,15,50-54 years,493,Ischemic heart disease,380,Particulate matter pollution,3,Rate,2020,63.14037466,94.42467215,37.71341528
1,All Population,3,YLDs (Years Lived with Disability),4859,Madhya Pradesh,2,Female,15,50-54 years,493,Ischemic heart disease,380,Particulate matter pollution,3,Rate,2020,33.97664703,51.16412653,18.91323417
1,All Population,3,YLDs (Years Lived with Disability),4859,Madhya Pradesh,1,Male,15,50-54 years,494,Stroke,91,Lead exposure,3,Rate,2020,14.25859964,35.75287026,-2.521444326
1,All Population,3,YLDs (Years Lived with Disability),4859,Madhya Pradesh,2,Female,15,50-54 years,494,Stroke,91,Lead exposure,3,Rate,2020,10.61163087,27.30279618,-1.891212343
1,All Population,3,YLDs (Years Lived with Disability),4870,Tamil Nadu,1,Male,15,50-54 years,494,Stroke,380,Particulate matter pollution,3,Rate,2021,59.69349326,96.85986115,31.56769247
1,All Population,3,YLDs (Years Lived with Disability),4870,Tamil Nadu,2,Female,15,50-54 years,494,Stroke,380,Particulate matter pollution,3,Rate,2021,55.41753376,87.55155217,30.46445307
1,All Population,3,YLDs (Years Lived with Disability),4874,Uttarakhand,1,Male,15,50-54 years,494,Stroke,380,Particulate matter pollution,3,Rate,2019,91.97239841,140.594769,53.2371436
1,All Population,3,YLDs (Years Lived with Disability),4874,Uttarakhand,2,Female,15,50-54 years,494,Stroke,380,Particulate matter pollution,3,Rate,2019,70.12570084,105.2471719,40.13663914
1,All Population,3,YLDs (Years Lived with Disability),4868,Rajasthan,1,Male,15,50-54 years,493,Ischemic heart disease,91,Lead exposure,3,Rate,2021,42.71518673,61.44532983,25.47191699
1,All Population,3,YLDs (Years Lived with Disability),4868,Rajasthan,2,Female,15,50-54 years,493,Ischemic heart disease,91,Lead exposure,3,Rate,2021,18.57533397,27.58843762,10.634809
1,All Population,3,YLDs (Years Lived with Disability),4865,Odisha,1,Male,15,50-54 years,493,Ischemic heart disease,380,Particulate matter pollution,3,Rate,2021,39.8036919,60.98743824,23.21524816
1,All Population,3,YLDs (Years Lived with Disability),4865,Odisha,2,Female,15,50-54 years,493,Ischemic heart disease,380,Particulate matter pollution,3,Rate,2021,26.32750253,39.27585934,15.33225489
1,All Population,3,YLDs (Years Lived with Disability),4873,Uttar Pradesh,1,Male,15,50-54 years,494,Stroke,91,Lead exposure,3,Rate,2019,19.17729777,47.6339026,-2.36629508
1,All Population,3,YLDs (Years Lived with Disability),4873,Uttar Pradesh,2,Female,15,50-54 years,494,Stroke,91,Lead exposure,3,Rate,2019,18.610429,46.61657681,-2.39354828
1,All Population,3,YLDs (Years Lived with Disability),4856,Karnataka,1,Male,15,50-54 years,500,Atrial fibrillation and flutter,91,Lead exposure,3,Rate,2021,1.351848848,3.994769249,-0.174171839
1,All Population,3,YLDs (Years Lived with Disability),4856,Karnataka,2,Female,15,50-54 years,500,Atrial fibrillation and flutter,91,Lead exposure,3,Rate,2021,1.095895102,3.403362712,-0.149805012
1,All Population,3,YLDs (Years Lived with Disability),4870,Tamil Nadu,1,Male,15,50-54 years,493,Ischemic heart disease,91,Lead exposure,3,Rate,2021,62.22492777,92.12116496,37.05085567
1,All Population,3,YLDs (Years Lived with Disability),4870,Tamil Nadu,2,Female,15,50-54 years,493,Ischemic heart disease,91,Lead exposure,3,Rate,2021,30.84699702,45.43347751,18.65269477
1,All Population,3,YLDs (Years Lived with Disability),4871,Telangana,1,Male,15,50-54 years,502,Lower extremity peripheral arterial disease,91,Lead exposure,3,Rate,2020,0.008937088,0.029274862,-0.000998163
1,All Population,3,YLDs (Years Lived with Disability),4871,Telangana,2,Female,15,50-54 years,502,Lower extremity peripheral arterial disease,91,Lead exposure,3,Rate,2020,0.010439533,0.032529353,-0.001069198
1,All Population,3,YLDs (Years Lived with Disability),4870,Tamil Nadu,1,Male,15,50-54 years,500,Atrial fibrillation and flutter,91,Lead exposure,3,Rate,2020,1.266414005,4.070775994,-0.188795427
1,All Population,3,YLDs (Years Lived with Disability),4870,Tamil Nadu,2,Female,15,50-54 years,500,Atrial fibrillation and flutter,91,Lead exposure,3,Rate,2020,0.928584996,2.899583397,-0.133707857
1,All Population,3,YLDs (Years Lived with Disability),4868,Rajasthan,1,Male,15,50-54 years,502,Lower extremity peripheral arterial disease,91,Lead exposure,3,Rate,2021,0.005360842,0.01797339,-0.000711859
1,All Population,3,YLDs (Years Lived with Disability),4868,Rajasthan,2,Female,15,50-54 years,502,Lower extremity peripheral arterial disease,91,Lead exposure,3,Rate,2021,0.005857266,0.019147273,-0.000701575
1,All Population,3,YLDs (Years Lived with Disability),4864,Nagaland,1,Male,15,50-54 years,500,Atrial fibrillation and flutter,91,Lead exposure,3,Rate,2020,1.172187488,4.102310954,-0.157767547
1,All Population,3,YLDs (Years Lived with Disability),4864,Nagaland,2,Female,15,50-54 years,500,Atrial fibrillation and flutter,91,Lead exposure,3,Rate,2020,0.866023342,2.831630999,-0.126327483
1,All Population,3,YLDs (Years Lived with Disability),4867,Punjab,1,Male,15,50-54 years,493,Ischemic heart disease,91,Lead exposure,3,Rate,2020,52.50820126,77.13053651,31.03776573
1,All Population,3,YLDs (Years Lived with Disability),4867,Punjab,2,Female,15,50-54 years,493,Ischemic heart disease,91,Lead exposure,3,Rate,2020,32.05903335,45.48023798,19.21477265
1,All Population,3,YLDs (Years Lived with Disability),4872,Tripura,1,Male,15,50-54 years,500,Atrial fibrillation and flutter,91,Lead exposure,3,Rate,2020,1.124329371,3.544725007,-0.158709828
1,All Population,3,YLDs (Years Lived with Disability),4872,Tripura,2,Female,15,50-54 years,500,Atrial fibrillation and flutter,91,Lead exposure,3,Rate,2020,0.829606942,2.595414131,-0.11243192
1,All Population,3,YLDs (Years Lived with Disability),4872,Tripura,1,Male,15,50-54 years,502,Lower extremity peripheral arterial disease,91,Lead exposure,3,Rate,2020,0.009761585,0.030449271,-0.001002928
1,All Population,3,YLDs (Years Lived with Disability),4872,Tripura,2,Female,15,50-54 years,502,Lower extremity peripheral arterial disease,91,Lead exposure,3,Rate,2020,0.01162131,0.036441634,-0.001105101
1,All Population,3,YLDs (Years Lived with Disability),4842,Arunachal Pradesh,1,Male,15,50-54 years,493,Ischemic heart disease,91,Lead exposure,3,Rate,2020,34.10538656,50.70886056,20.30182875
1,All Population,3,YLDs (Years Lived with Disability),4842,Arunachal Pradesh,2,Female,15,50-54 years,493,Ischemic heart disease,91,Lead exposure,3,Rate,2020,17.85107824,26.62351745,10.37898179
1,All Population,3,YLDs (Years Lived with Disability),4869,Sikkim,1,Male,15,50-54 years,493,Ischemic heart disease,380,Particulate matter pollution,3,Rate,2020,37.47252185,55.81801025,20.97744912
1,All Population,3,YLDs (Years Lived with Disability),4869,Sikkim,2,Female,15,50-54 years,493,Ischemic heart disease,380,Particulate matter pollution,3,Rate,2020,27.83849048,41.68887138,16.40885834
1,All Population,3,YLDs (Years Lived with Disability),4869,Sikkim,1,Male,15,50-54 years,494,Stroke,91,Lead exposure,3,Rate,2020,14.07691168,36.02101658,-2.008216826
1,All Population,3,YLDs (Years Lived with Disability),4869,Sikkim,2,Female,15,50-54 years,494,Stroke,91,Lead exposure,3,Rate,2020,10.86778099,28.15389975,-1.534996539
1,All Population,3,YLDs (Years Lived with Disability),4856,Karnataka,1,Male,15,50-54 years,494,Stroke,91,Lead exposure,3,Rate,2018,18.1412889,45.35790083,-3.210444234
1,All Population,3,YLDs (Years Lived with Disability),4856,Karnataka,2,Female,15,50-54 years,494,Stroke,91,Lead exposure,3,Rate,2018,13.97802884,37.57001947,-2.2322838
1,All Population,3,YLDs (Years Lived with Disability),4854,Jammu & Kashmir and Ladakh,1,Male,15,50-54 years,493,Ischemic heart disease,91,Lead exposure,3,Rate,2021,43.05302107,61.22190135,26.67462925
1,All Population,3,YLDs (Years Lived with Disability),4854,Jammu & Kashmir and Ladakh,2,Female,15,50-54 years,493,Ischemic heart disease,91,Lead exposure,3,Rate,2021,27.67718145,41.26117298,16.36927132
1,All Population,3,YLDs (Years Lived with Disability),4859,Madhya Pradesh,1,Male,15,50-54 years,500,Atrial fibrillation and flutter,91,Lead exposure,3,Rate,2020,1.004833666,3.156936754,-0.14247415
1,All Population,3,YLDs (Years Lived with Disability),4859,Madhya Pradesh,2,Female,15,50-54 years,500,Atrial fibrillation and flutter,91,Lead exposure,3,Rate,2020,0.740245896,2.282818951,-0.111722356
1,All Population,3,YLDs (Years Lived with Disability),4859,Madhya Pradesh,1,Male,15,50-54 years,494,Stroke,380,Particulate matter pollution,3,Rate,2018,84.07785898,127.0131839,47.82884592
1,All Population,3,YLDs (Years Lived with Disability),4859,Madhya Pradesh,2,Female,15,50-54 years,494,Stroke,380,Particulate matter pollution,3,Rate,2018,76.47976001,119.1574661,44.89114903
1,All Population,3,YLDs (Years Lived with Disability),4859,Madhya Pradesh,1,Male,15,50-54 years,494,Stroke,380,Particulate matter pollution,3,Rate,2021,83.59215225,131.8295646,48.22610034
1,All Population,3,YLDs (Years Lived with Disability),4859,Madhya Pradesh,2,Female,15,50-54 years,494,Stroke,380,Particulate matter pollution,3,Rate,2021,74.55868322,111.998534,43.21038902
1,All Population,3,YLDs (Years Lived with Disability),4871,Telangana,1,Male,15,50-54 years,494,Stroke,380,Particulate matter pollution,3,Rate,2019,61.22829782,94.04118539,35.44211597
1,All Population,3,YLDs (Years Lived with Disability),4871,Telangana,2,Female,15,50-54 years,494,Stroke,380,Particulate matter pollution,3,Rate,2019,51.42723858,81.06396909,28.51503562
1,All Population,3,YLDs (Years Lived with Disability),4859,Madhya Pradesh,1,Male,15,50-54 years,498,Hypertensive heart disease,91,Lead exposure,3,Rate,2021,0.633315182,1.486181848,0
1,All Population,3,YLDs (Years Lived with Disability),4859,Madhya Pradesh,2,Female,15,50-54 years,498,Hypertensive heart disease,91,Lead exposure,3,Rate,2021,1.379819194,3.437355727,0
1,All Population,3,YLDs (Years Lived with Disability),4854,Jammu & Kashmir and Ladakh,1,Male,15,50-54 years,498,Hypertensive heart disease,91,Lead exposure,3,Rate,2017,0.600801392,1.562861,0
1,All Population,3,YLDs (Years Lived with Disability),4854,Jammu & Kashmir and Ladakh,2,Female,15,50-54 years,498,Hypertensive heart disease,91,Lead exposure,3,Rate,2017,0.900453165,2.238811333,0
1,All Population,3,YLDs (Years Lived with Disability),4865,Odisha,1,Male,15,50-54 years,502,Lower extremity peripheral arterial disease,91,Lead exposure,3,Rate,2017,0.00973927,0.03522041,-0.001081872
1,All Population,3,YLDs (Years Lived with Disability),4865,Odisha,2,Female,15,50-54 years,502,Lower extremity peripheral arterial disease,91,Lead exposure,3,Rate,2017,0.011980439,0.042394289,-0.001407258
1,All Population,3,YLDs (Years Lived with Disability),4856,Karnataka,1,Male,15,50-54 years,494,Stroke,91,Lead exposure,3,Rate,2017,18.20496309,46.56043398,-2.928163799
1,All Population,3,YLDs (Years Lived with Disability),4856,Karnataka,2,Female,15,50-54 years,494,Stroke,91,Lead exposure,3,Rate,2017,14.16635024,37.8146106,-2.481343172
1,All Population,3,YLDs (Years Lived with Disability),4842,Arunachal Pradesh,1,Male,15,50-54 years,502,Lower extremity peripheral arterial disease,91,Lead exposure,3,Rate,2018,0.008761234,0.02724191,-0.001111394
1,All Population,3,YLDs (Years Lived with Disability),4842,Arunachal Pradesh,2,Female,15,50-54 years,502,Lower extremity peripheral arterial disease,91,Lead exposure,3,Rate,2018,0.011855207,0.039879199,-0.001435832
1,All Population,3,YLDs (Years Lived with Disability),4850,Goa,1,Male,15,50-54 years,494,Stroke,91,Lead exposure,3,Rate,2019,13.18027272,35.5037414,-2.137268874
1,All Population,3,YLDs (Years Lived with Disability),4850,Goa,2,Female,15,50-54 years,494,Stroke,91,Lead exposure,3,Rate,2019,10.54058372,29.11285857,-1.779455701
1,All Population,3,YLDs (Years Lived with Disability),4867,Punjab,1,Male,15,50-54 years,494,Stroke,380,Particulate matter pollution,3,Rate,2019,76.14541352,116.6468103,46.131911
1,All Population,3,YLDs (Years Lived with Disability),4867,Punjab,2,Female,15,50-54 years,494,Stroke,380,Particulate matter pollution,3,Rate,2019,66.34993457,101.8806596,36.21429305
1,All Population,3,YLDs (Years Lived with Disability),4862,Meghalaya,1,Male,15,50-54 years,502,Lower extremity peripheral arterial disease,91,Lead exposure,3,Rate,2019,0.010189386,0.035105538,-0.001024566
1,All Population,3,YLDs (Years Lived with Disability),4862,Meghalaya,2,Female,15,50-54 years,502,Lower extremity peripheral arterial disease,91,Lead exposure,3,Rate,2019,0.01169203,0.038484954,-0.001143578
1,All Population,3,YLDs (Years Lived with Disability),4872,Tripura,1,Male,15,50-54 years,493,Ischemic heart disease,380,Particulate matter pollution,3,Rate,2020,54.09253543,82.67579648,31.52750275
1,All Population,3,YLDs (Years Lived with Disability),4872,Tripura,2,Female,15,50-54 years,493,Ischemic heart disease,380,Particulate matter pollution,3,Rate,2020,34.73723545,52.42048294,20.33408079
1,All Population,3,YLDs (Years Lived with Disability),4872,Tripura,1,Male,15,50-54 years,494,Stroke,91,Lead exposure,3,Rate,2020,22.47616335,56.0985285,-3.58479172
1,All Population,3,YLDs (Years Lived with Disability),4872,Tripura,2,Female,15,50-54 years,494,Stroke,91,Lead exposure,3,Rate,2020,14.19781669,36.48877515,-2.35154242
1,All Population,3,YLDs (Years Lived with Disability),4852,Haryana,1,Male,15,50-54 years,500,Atrial fibrillation and flutter,91,Lead exposure,3,Rate,2018,1.022780274,3.04029857,-0.144362563
1,All Population,3,YLDs (Years Lived with Disability),4852,Haryana,2,Female,15,50-54 years,500,Atrial fibrillation and flutter,91,Lead exposure,3,Rate,2018,0.742975121,2.345135295,-0.1019762
1,All Population,3,YLDs (Years Lived with Disability),44538,Other Union Territories,1,Male,15,50-54 years,494,Stroke,91,Lead exposure,3,Rate,2020,12.02143683,28.45997913,-2.691082435
1,All Population,3,YLDs (Years Lived with Disability),44538,Other Union Territories,2,Female,15,50-54 years,494,Stroke,91,Lead exposure,3,Rate,2020,9.969076748,24.61191033,-1.683201938
1,All Population,3,YLDs (Years Lived with Disability),44538,Other Union Territories,1,Male,15,50-54 years,494,Stroke,380,Particulate matter pollution,3,Rate,2020,46.88969553,73.72114383,24.1551624
1,All Population,3,YLDs (Years Lived with Disability),44538,Other Union Territories,2,Female,15,50-54 years,494,Stroke,380,Particulate matter pollution,3,Rate,2020,46.87335522,74.79850837,23.97531589
1,All Population,3,YLDs (Years Lived with Disability),4852,Haryana,1,Male,15,50-54 years,493,Ischemic heart disease,91,Lead exposure,3,Rate,2021,45.28384128,64.98622896,27.82862069
1,All Population,3,YLDs (Years Lived with Disability),4852,Haryana,2,Female,15,50-54 years,493,Ischemic heart disease,91,Lead exposure,3,Rate,2021,23.92512819,35.05145017,13.94915288
1,All Population,3,YLDs (Years Lived with Disability),4874,Uttarakhand,1,Male,15,50-54 years,494,Stroke,380,Particulate matter pollution,3,Rate,2021,90.80467795,139.7881222,48.31078246
1,All Population,3,YLDs (Years Lived with Disability),4874,Uttarakhand,2,Female,15,50-54 years,494,Stroke,380,Particulate matter pollution,3,Rate,2021,70.42077796,106.8410193,38.38662993
1,All Population,3,YLDs (Years Lived with Disability),4867,Punjab,1,Male,15,50-54 years,502,Lower extremity peripheral arterial disease,91,Lead exposure,3,Rate,2021,0.004504276,0.015778997,-0.000466404
1,All Population,3,YLDs (Years Lived with Disability),4867,Punjab,2,Female,15,50-54 years,502,Lower extremity peripheral arterial disease,91,Lead exposure,3,Rate,2021,0.007530315,0.024536852,-0.000564404
1,All Population,3,YLDs (Years Lived with Disability),4841,Andhra Pradesh,1,Male,15,50-54 years,493,Ischemic heart disease,380,Particulate matter pollution,3,Rate,2021,51.94865695,79.06158746,29.9111532
1,All Population,3,YLDs (Years Lived with Disability),4841,Andhra Pradesh,2,Female,15,50-54 years,493,Ischemic heart disease,380,Particulate matter pollution,3,Rate,2021,30.90927221,46.16766664,18.28260769
1,All Population,3,YLDs (Years Lived with Disability),4841,Andhra Pradesh,1,Male,15,50-54 years,494,Stroke,91,Lead exposure,3,Rate,2021,12.76995804,34.16741714,-1.743281462
1,All Population,3,YLDs (Years Lived with Disability),4841,Andhra Pradesh,2,Female,15,50-54 years,494,Stroke,91,Lead exposure,3,Rate,2021,9.957526145,26.82661903,-1.212775845
1,All Population,3,YLDs (Years Lived with Disability),4841,Andhra Pradesh,1,Male,15,50-54 years,498,Hypertensive heart disease,91,Lead exposure,3,Rate,2020,0.553858435,1.567013806,0
1,All Population,3,YLDs (Years Lived with Disability),4841,Andhra Pradesh,2,Female,15,50-54 years,498,Hypertensive heart disease,91,Lead exposure,3,Rate,2020,1.011260514,2.419573229,0
1,All Population,3,YLDs (Years Lived with Disability),4874,Uttarakhand,1,Male,15,50-54 years,500,Atrial fibrillation and flutter,91,Lead exposure,3,Rate,2020,1.101121284,3.410995514,-0.11583937
1,All Population,3,YLDs (Years Lived with Disability),4874,Uttarakhand,2,Female,15,50-54 years,500,Atrial fibrillation and flutter,91,Lead exposure,3,Rate,2020,0.792436534,2.233786303,-0.097454929
1,All Population,3,YLDs (Years Lived with Disability),4843,Assam,1,Male,15,50-54 years,493,Ischemic heart disease,380,Particulate matter pollution,3,Rate,2021,39.64613176,61.98903051,22.06290813
1,All Population,3,YLDs (Years Lived with Disability),4843,Assam,2,Female,15,50-54 years,493,Ischemic heart disease,380,Particulate matter pollution,3,Rate,2021,26.29090485,39.28684895,15.21419503
1,All Population,3,YLDs (Years Lived with Disability),4843,Assam,1,Male,15,50-54 years,494,Stroke,91,Lead exposure,3,Rate,2021,21.82364939,60.88463888,-3.234674614
1,All Population,3,YLDs (Years Lived with Disability),4843,Assam,2,Female,15,50-54 years,494,Stroke,91,Lead exposure,3,Rate,2021,13.0700287,33.60054303,-2.07346879
1,All Population,3,YLDs (Years Lived with Disability),44538,Other Union Territories,1,Male,15,50-54 years,493,Ischemic heart disease,91,Lead exposure,3,Rate,2021,47.1025523,69.01606904,28.26386568
1,All Population,3,YLDs (Years Lived with Disability),44538,Other Union Territories,2,Female,15,50-54 years,493,Ischemic heart disease,91,Lead exposure,3,Rate,2021,26.26239841,38.37533759,15.01542451
1,All Population,3,YLDs (Years Lived with Disability),4861,Manipur,1,Male,15,50-54 years,494,Stroke,380,Particulate matter pollution,3,Rate,2020,85.78566862,138.3863037,46.6014038
1,All Population,3,YLDs (Years Lived with Disability),4861,Manipur,2,Female,15,50-54 years,494,Stroke,380,Particulate matter pollution,3,Rate,2020,65.88645882,104.0483776,34.98098762
1,All Population,3,YLDs (Years Lived with Disability),4861,Manipur,1,Male,15,50-54 years,498,Hypertensive heart disease,91,Lead exposure,3,Rate,2020,1.094995924,2.719730817,0
1,All Population,3,YLDs (Years Lived with Disability),4861,Manipur,2,Female,15,50-54 years,498,Hypertensive heart disease,91,Lead exposure,3,Rate,2020,1.587620521,3.881948244,0
1,All Population,3,YLDs (Years Lived with Disability),4853,Himachal Pradesh,1,Male,15,50-54 years,494,Stroke,380,Particulate matter pollution,3,Rate,2019,64.48369584,99.49744598,34.07573324
1,All Population,3,YLDs (Years Lived with Disability),4853,Himachal Pradesh,2,Female,15,50-54 years,494,Stroke,380,Particulate matter pollution,3,Rate,2019,56.23018823,87.70916228,31.77943835
1,All Population,3,YLDs (Years Lived with Disability),4853,Himachal Pradesh,1,Male,15,50-54 years,498,Hypertensive heart disease,91,Lead exposure,3,Rate,2019,0.646592978,1.802000996,0
1,All Population,3,YLDs (Years Lived with Disability),4853,Himachal Pradesh,2,Female,15,50-54 years,498,Hypertensive heart disease,91,Lead exposure,3,Rate,2019,1.080655225,2.749412748,0
1,All Population,3,YLDs (Years Lived with Disability),4857,Kerala,1,Male,15,50-54 years,494,Stroke,91,Lead exposure,3,Rate,2021,19.13150288,47.73910527,-2.966869449
1,All Population,3,YLDs (Years Lived with Disability),4857,Kerala,2,Female,15,50-54 years,494,Stroke,91,Lead exposure,3,Rate,2021,13.91815504,35.097012,-1.956328539
1,All Population,3,YLDs (Years Lived with Disability),4870,Tamil Nadu,1,Male,15,50-54 years,493,Ischemic heart disease,380,Particulate matter pollution,3,Rate,2020,48.75766708,74.82485205,28.96558457
1,All Population,3,YLDs (Years Lived with Disability),4870,Tamil Nadu,2,Female,15,50-54 years,493,Ischemic heart disease,380,Particulate matter pollution,3,Rate,2020,26.49920041,40.00138333,15.13540767
1,All Population,3,YLDs (Years Lived with Disability),4870,Tamil Nadu,1,Male,15,50-54 years,494,Stroke,91,Lead exposure,3,Rate,2020,18.05222994,45.73574195,-2.998640341
1,All Population,3,YLDs (Years Lived with Disability),4870,Tamil Nadu,2,Female,15,50-54 years,494,Stroke,91,Lead exposure,3,Rate,2020,13.83665449,36.71050612,-2.193087272
1,All Population,3,YLDs (Years Lived with Disability),4862,Meghalaya,1,Male,15,50-54 years,500,Atrial fibrillation and flutter,91,Lead exposure,3,Rate,2020,1.177422661,3.300595018,-0.142790467
1,All Population,3,YLDs (Years Lived with Disability),4862,Meghalaya,2,Female,15,50-54 years,500,Atrial fibrillation and flutter,91,Lead exposure,3,Rate,2020,0.884654545,3.031104305,-0.10897791
1,All Population,3,YLDs (Years Lived with Disability),4855,Jharkhand,1,Male,15,50-54 years,493,Ischemic heart disease,380,Particulate matter pollution,3,Rate,2019,33.63458653,50.97913299,19.55869036
1,All Population,3,YLDs (Years Lived with Disability),4855,Jharkhand,2,Female,15,50-54 years,493,Ischemic heart disease,380,Particulate matter pollution,3,Rate,2019,30.10289778,44.33552174,17.76626428
1,All Population,3,YLDs (Years Lived with Disability),4873,Uttar Pradesh,1,Male,15,50-54 years,493,Ischemic heart disease,380,Particulate matter pollution,3,Rate,2019,64.32451172,99.27870742,38.37947018
1,All Population,3,YLDs (Years Lived with Disability),4873,Uttar Pradesh,2,Female,15,50-54 years,493,Ischemic heart disease,380,Particulate matter pollution,3,Rate,2019,46.32177243,69.46741023,26.71455562
1,All Population,3,YLDs (Years Lived with Disability),4854,Jammu & Kashmir and Ladakh,1,Male,15,50-54 years,502,Lower extremity peripheral arterial disease,91,Lead exposure,3,Rate,2018,0.007467207,0.023784112,-0.000958067
1,All Population,3,YLDs (Years Lived with Disability),4854,Jammu & Kashmir and Ladakh,2,Female,15,50-54 years,502,Lower extremity peripheral arterial disease,91,Lead exposure,3,Rate,2018,0.00986183,0.033061886,-0.001290693
1,All Population,3,YLDs (Years Lived with Disability),4849,Delhi,1,Male,15,50-54 years,494,Stroke,380,Particulate matter pollution,3,Rate,2020,71.94360441,114.080812,36.81569738
1,All Population,3,YLDs (Years Lived with Disability),4849,Delhi,2,Female,15,50-54 years,494,Stroke,380,Particulate matter pollution,3,Rate,2020,79.38320715,123.6783509,40.66329165
1,All Population,3,YLDs (Years Lived with Disability),4849,Delhi,1,Male,15,50-54 years,498,Hypertensive heart disease,91,Lead exposure,3,Rate,2020,0.464902476,1.243514462,0
1,All Population,3,YLDs (Years Lived with Disability),4849,Delhi,2,Female,15,50-54 years,498,Hypertensive heart disease,91,Lead exposure,3,Rate,2020,0.694677427,1.83975958,0
1,All Population,3,YLDs (Years Lived with Disability),4851,Gujarat,1,Male,15,50-54 years,498,Hypertensive heart disease,91,Lead exposure,3,Rate,2018,0.735373208,1.779120819,0
1,All Population,3,YLDs (Years Lived with Disability),4851,Gujarat,2,Female,15,50-54 years,498,Hypertensive heart disease,91,Lead exposure,3,Rate,2018,1.4328675,3.494031961,0
1,All Population,3,YLDs (Years Lived with Disability),4861,Manipur,1,Male,15,50-54 years,500,Atrial fibrillation and flutter,91,Lead exposure,3,Rate,2020,1.195437148,3.577527186,-0.226706603
1,All Population,3,YLDs (Years Lived with Disability),4861,Manipur,2,Female,15,50-54 years,500,Atrial fibrillation and flutter,91,Lead exposure,3,Rate,2020,0.861927601,2.682930441,-0.129369571
1,All Population,3,YLDs (Years Lived with Disability),4851,Gujarat,1,Male,15,50-54 years,493,Ischemic heart disease,380,Particulate matter pollution,3,Rate,2017,64.07698718,96.52694288,36.21573005
1,All Population,3,YLDs (Years Lived with Disability),4851,Gujarat,2,Female,15,50-54 years,493,Ischemic heart disease,380,Particulate matter pollution,3,Rate,2017,36.76979059,54.8051742,21.69583996
1,All Population,3,YLDs (Years Lived with Disability),4851,Gujarat,1,Male,15,50-54 years,494,Stroke,91,Lead exposure,3,Rate,2017,20.61401571,52.65582865,-3.420602653
1,All Population,3,YLDs (Years Lived with Disability),4851,Gujarat,2,Female,15,50-54 years,494,Stroke,91,Lead exposure,3,Rate,2017,16.96124847,47.21569566,-2.819311143
1,All Population,3,YLDs (Years Lived with Disability),4865,Odisha,1,Male,15,50-54 years,498,Hypertensive heart disease,91,Lead exposure,3,Rate,2019,1.274603452,2.99561587,0
1,All Population,3,YLDs (Years Lived with Disability),4865,Odisha,2,Female,15,50-54 years,498,Hypertensive heart disease,91,Lead exposure,3,Rate,2019,1.575834629,3.856162911,0
1,All Population,3,YLDs (Years Lived with Disability),4844,Bihar,1,Male,15,50-54 years,500,Atrial fibrillation and flutter,91,Lead exposure,3,Rate,2020,1.175344938,4.02255812,-0.168912606
1,All Population,3,YLDs (Years Lived with Disability),4844,Bihar,2,Female,15,50-54 years,500,Atrial fibrillation and flutter,91,Lead exposure,3,Rate,2020,0.883634625,3.044786978,-0.10717079
1,All Population,3,YLDs (Years Lived with Disability),4872,Tripura,1,Male,15,50-54 years,498,Hypertensive heart disease,91,Lead exposure,3,Rate,2021,0.834227967,2.316481095,0
1,All Population,3,YLDs (Years Lived with Disability),4872,Tripura,2,Female,15,50-54 years,498,Hypertensive heart disease,91,Lead exposure,3,Rate,2021,1.241251494,2.989896535,0
1,All Population,3,YLDs (Years Lived with Disability),4864,Nagaland,1,Male,15,50-54 years,493,Ischemic heart disease,91,Lead exposure,3,Rate,2021,33.50735671,49.77735999,20.47980272
1,All Population,3,YLDs (Years Lived with Disability),4864,Nagaland,2,Female,15,50-54 years,493,Ischemic heart disease,91,Lead exposure,3,Rate,2021,23.06169282,34.2905569,14.17133978
1,All Population,3,YLDs (Years Lived with Disability),4849,Delhi,1,Male,15,50-54 years,493,Ischemic heart disease,91,Lead exposure,3,Rate,2021,38.79635135,55.9961683,23.76412452
1,All Population,3,YLDs (Years Lived with Disability),4849,Delhi,2,Female,15,50-54 years,493,Ischemic heart disease,91,Lead exposure,3,Rate,2021,21.37561497,30.54523029,13.1497909
1,All Population,3,YLDs (Years Lived with Disability),4853,Himachal Pradesh,1,Male,15,50-54 years,502,Lower extremity peripheral arterial disease,91,Lead exposure,3,Rate,2020,0.008104937,0.025164031,-0.001086118
1,All Population,3,YLDs (Years Lived with Disability),4853,Himachal Pradesh,2,Female,15,50-54 years,502,Lower extremity peripheral arterial disease,91,Lead exposure,3,Rate,2020,0.010119472,0.032417346,-0.001368683
1,All Population,3,YLDs (Years Lived with Disability),4851,Gujarat,1,Male,15,50-54 years,494,Stroke,380,Particulate matter pollution,3,Rate,2019,91.72435745,138.9241102,53.49050799
1,All Population,3,YLDs (Years Lived with Disability),4851,Gujarat,2,Female,15,50-54 years,494,Stroke,380,Particulate matter pollution,3,Rate,2019,83.09662031,129.6530829,47.06985946
1,All Population,3,YLDs (Years Lived with Disability),4846,Chhattisgarh,1,Male,15,50-54 years,494,Stroke,380,Particulate matter pollution,3,Rate,2021,121.7127978,183.4899426,69.94544486
1,All Population,3,YLDs (Years Lived with Disability),4846,Chhattisgarh,2,Female,15,50-54 years,494,Stroke,380,Particulate matter pollution,3,Rate,2021,93.31334876,142.6759782,54.49574439
1,All Population,3,YLDs (Years Lived with Disability),4850,Goa,1,Male,15,50-54 years,498,Hypertensive heart disease,91,Lead exposure,3,Rate,2021,0.682482167,1.579221271,0
1,All Population,3,YLDs (Years Lived with Disability),4850,Goa,2,Female,15,50-54 years,498,Hypertensive heart disease,91,Lead exposure,3,Rate,2021,0.987028087,2.505673167,0
1,All Population,3,YLDs (Years Lived with Disability),4854,Jammu & Kashmir and Ladakh,1,Male,15,50-54 years,498,Hypertensive heart disease,91,Lead exposure,3,Rate,2020,0.586572121,1.644721719,0
1,All Population,3,YLDs (Years Lived with Disability),4854,Jammu & Kashmir and Ladakh,2,Female,15,50-54 years,498,Hypertensive heart disease,91,Lead exposure,3,Rate,2020,0.854042202,2.185716341,0
1,All Population,3,YLDs (Years Lived with Disability),4875,West Bengal,1,Male,15,50-54 years,493,Ischemic heart disease,91,Lead exposure,3,Rate,2020,44.347699,64.97412554,26.50994704
1,All Population,3,YLDs (Years Lived with Disability),4875,West Bengal,2,Female,15,50-54 years,493,Ischemic heart disease,91,Lead exposure,3,Rate,2020,30.2997222,44.3862594,18.29669014
1,All Population,3,YLDs (Years Lived with Disability),4869,Sikkim,1,Male,15,50-54 years,493,Ischemic heart disease,380,Particulate matter pollution,3,Rate,2017,48.30980388,71.97627155,27.68375707
1,All Population,3,YLDs (Years Lived with Disability),4869,Sikkim,2,Female,15,50-54 years,493,Ischemic heart disease,380,Particulate matter pollution,3,Rate,2017,31.96628167,49.20923762,18.98031531
1,All Population,3,YLDs (Years Lived with Disability),4869,Sikkim,1,Male,15,50-54 years,494,Stroke,91,Lead exposure,3,Rate,2017,14.94777764,37.45392635,-2.194161252
1,All Population,3,YLDs (Years Lived with Disability),4869,Sikkim,2,Female,15,50-54 years,494,Stroke,91,Lead exposure,3,Rate,2017,11.16882555,28.81332136,-1.540931817
1,All Population,3,YLDs (Years Lived with Disability),4870,Tamil Nadu,1,Male,15,50-54 years,500,Atrial fibrillation and flutter,91,Lead exposure,3,Rate,2019,1.279708502,3.870726035,-0.198879607
1,All Population,3,YLDs (Years Lived with Disability),4870,Tamil Nadu,2,Female,15,50-54 years,500,Atrial fibrillation and flutter,91,Lead exposure,3,Rate,2019,0.958819578,2.964401557,-0.141134573
1,All Population,3,YLDs (Years Lived with Disability),4874,Uttarakhand,1,Male,15,50-54 years,493,Ischemic heart disease,380,Particulate matter pollution,3,Rate,2021,72.68487484,110.9455396,41.71927953
1,All Population,3,YLDs (Years Lived with Disability),4874,Uttarakhand,2,Female,15,50-54 years,493,Ischemic heart disease,380,Particulate matter pollution,3,Rate,2021,38.9095377,57.35483515,23.03364452
1,All Population,3,YLDs (Years Lived with Disability),4874,Uttarakhand,1,Male,15,50-54 years,494,Stroke,91,Lead exposure,3,Rate,2021,16.87699017,41.52547346,-2.84327743
1,All Population,3,YLDs (Years Lived with Disability),4874,Uttarakhand,2,Female,15,50-54 years,494,Stroke,91,Lead exposure,3,Rate,2021,10.5644785,25.51804091,-1.594849813
1,All Population,3,YLDs (Years Lived with Disability),4864,Nagaland,1,Male,15,50-54 years,493,Ischemic heart disease,91,Lead exposure,3,Rate,2020,33.92064229,49.45417548,20.67063483
1,All Population,3,YLDs (Years Lived with Disability),4864,Nagaland,2,Female,15,50-54 years,493,Ischemic heart disease,91,Lead exposure,3,Rate,2020,23.70504252,34.0576164,13.62470248
1,All Population,3,YLDs (Years Lived with Disability),4873,Uttar Pradesh,1,Male,15,50-54 years,494,Stroke,91,Lead exposure,3,Rate,2020,19.24418094,46.68968674,-2.298460465
1,All Population,3,YLDs (Years Lived with Disability),4873,Uttar Pradesh,2,Female,15,50-54 years,494,Stroke,91,Lead exposure,3,Rate,2020,18.36883499,45.63618012,-2.273747247
1,All Population,3,YLDs (Years Lived with Disability),4857,Kerala,1,Male,15,50-54 years,498,Hypertensive heart disease,91,Lead exposure,3,Rate,2021,0.547027882,1.484516572,0
1,All Population,3,YLDs (Years Lived with Disability),4857,Kerala,2,Female,15,50-54 years,498,Hypertensive heart disease,91,Lead exposure,3,Rate,2021,1.203690198,3.145034605,0
1,All Population,3,YLDs (Years Lived with Disability),4851,Gujarat,1,Male,15,50-54 years,502,Lower extremity peripheral arterial disease,91,Lead exposure,3,Rate,2021,0.009909255,0.034476381,-0.001231254
1,All Population,3,YLDs (Years Lived with Disability),4851,Gujarat,2,Female,15,50-54 years,502,Lower extremity peripheral arterial disease,91,Lead exposure,3,Rate,2021,0.013178061,0.043868042,-0.001470944
1,All Population,3,YLDs (Years Lived with Disability),4846,Chhattisgarh,1,Male,15,50-54 years,498,Hypertensive heart disease,91,Lead exposure,3,Rate,2018,0.927008043,2.479577342,0
1,All Population,3,YLDs (Years Lived with Disability),4846,Chhattisgarh,2,Female,15,50-54 years,498,Hypertensive heart disease,91,Lead exposure,3,Rate,2018,1.258954834,3.311617608,0
1,All Population,3,YLDs (Years Lived with Disability),4868,Rajasthan,1,Male,15,50-54 years,500,Atrial fibrillation and flutter,91,Lead exposure,3,Rate,2020,0.646219824,2.064515808,-0.078412371
1,All Population,3,YLDs (Years Lived with Disability),4868,Rajasthan,2,Female,15,50-54 years,500,Atrial fibrillation and flutter,91,Lead exposure,3,Rate,2020,0.410861368,1.397343991,-0.059479165
1,All Population,3,YLDs (Years Lived with Disability),4846,Chhattisgarh,1,Male,15,50-54 years,498,Hypertensive heart disease,91,Lead exposure,3,Rate,2020,0.905786228,2.313654685,0
1,All Population,3,YLDs (Years Lived with Disability),4846,Chhattisgarh,2,Female,15,50-54 years,498,Hypertensive heart disease,91,Lead exposure,3,Rate,2020,1.188077385,2.993714368,0
1,All Population,3,YLDs (Years Lived with Disability),4842,Arunachal Pradesh,1,Male,15,50-54 years,494,Stroke,380,Particulate matter pollution,3,Rate,2020,61.04886938,96.94869132,31.02761138
1,All Population,3,YLDs (Years Lived with Disability),4842,Arunachal Pradesh,2,Female,15,50-54 years,494,Stroke,380,Particulate matter pollution,3,Rate,2020,53.67465671,86.85000836,30.07893332
1,All Population,3,YLDs (Years Lived with Disability),4859,Madhya Pradesh,1,Male,15,50-54 years,502,Lower extremity peripheral arterial disease,91,Lead exposure,3,Rate,2020,0.008941239,0.031714347,-0.000980629
1,All Population,3,YLDs (Years Lived with Disability),4859,Madhya Pradesh,2,Female,15,50-54 years,502,Lower extremity peripheral arterial disease,91,Lead exposure,3,Rate,2020,0.011080154,0.04016792,-0.001245067
1,All Population,3,YLDs (Years Lived with Disability),4852,Haryana,1,Male,15,50-54 years,493,Ischemic heart disease,380,Particulate matter pollution,3,Rate,2019,64.1826223,95.80192256,36.54025989
1,All Population,3,YLDs (Years Lived with Disability),4852,Haryana,2,Female,15,50-54 years,493,Ischemic heart disease,380,Particulate matter pollution,3,Rate,2019,37.21022365,54.60407276,22.45151197
1,All Population,3,YLDs (Years Lived with Disability),4856,Karnataka,1,Male,15,50-54 years,493,Ischemic heart disease,91,Lead exposure,3,Rate,2020,59.25241755,89.71457302,37.62075204
1,All Population,3,YLDs (Years Lived with Disability),4856,Karnataka,2,Female,15,50-54 years,493,Ischemic heart disease,91,Lead exposure,3,Rate,2020,39.47477154,57.49800193,23.93941188
1,All Population,3,YLDs (Years Lived with Disability),4865,Odisha,1,Male,15,50-54 years,500,Atrial fibrillation and flutter,91,Lead exposure,3,Rate,2020,1.021770115,3.152805266,-0.131936036
1,All Population,3,YLDs (Years Lived with Disability),4865,Odisha,2,Female,15,50-54 years,500,Atrial fibrillation and flutter,91,Lead exposure,3,Rate,2020,0.748564062,2.539944692,-0.111489729
1,All Population,3,YLDs (Years Lived with Disability),4860,Maharashtra,1,Male,15,50-54 years,493,Ischemic heart disease,91,Lead exposure,3,Rate,2020,39.56365065,57.83574467,23.39137337
1,All Population,3,YLDs (Years Lived with Disability),4860,Maharashtra,2,Female,15,50-54 years,493,Ischemic heart disease,91,Lead exposure,3,Rate,2020,23.72824966,35.44282408,14.56749195
1,All Population,3,YLDs (Years Lived with Disability),4844,Bihar,1,Male,15,50-54 years,502,Lower extremity peripheral arterial disease,91,Lead exposure,3,Rate,2020,0.010100173,0.0351112,-0.000994488
1,All Population,3,YLDs (Years Lived with Disability),4844,Bihar,2,Female,15,50-54 years,502,Lower extremity peripheral arterial disease,91,Lead exposure,3,Rate,2020,0.012386294,0.041436625,-0.001367329
1,All Population,3,YLDs (Years Lived with Disability),4850,Goa,1,Male,15,50-54 years,502,Lower extremity peripheral arterial disease,91,Lead exposure,3,Rate,2020,0.007573894,0.028099946,-0.000788275
1,All Population,3,YLDs (Years Lived with Disability),4850,Goa,2,Female,15,50-54 years,502,Lower extremity peripheral arterial disease,91,Lead exposure,3,Rate,2020,0.009160555,0.031720061,-0.001049325
1,All Population,3,YLDs (Years Lived with Disability),4843,Assam,1,Male,15,50-54 years,498,Hypertensive heart disease,91,Lead exposure,3,Rate,2021,1.217113318,3.18713652,0
1,All Population,3,YLDs (Years Lived with Disability),4843,Assam,2,Female,15,50-54 years,498,Hypertensive heart disease,91,Lead exposure,3,Rate,2021,1.262841475,3.085553813,0
1,All Population,3,YLDs (Years Lived with Disability),4855,Jharkhand,1,Male,15,50-54 years,502,Lower extremity peripheral arterial disease,91,Lead exposure,3,Rate,2020,0.008044503,0.030020671,-0.000861299
1,All Population,3,YLDs (Years Lived with Disability),4855,Jharkhand,2,Female,15,50-54 years,502,Lower extremity peripheral arterial disease,91,Lead exposure,3,Rate,2020,0.0104371,0.035280371,-0.000956948
1,All Population,3,YLDs (Years Lived with Disability),4856,Karnataka,1,Male,15,50-54 years,494,Stroke,91,Lead exposure,3,Rate,2020,18.04912845,49.99856845,-3.194377283
1,All Population,3,YLDs (Years Lived with Disability),4856,Karnataka,2,Female,15,50-54 years,494,Stroke,91,Lead exposure,3,Rate,2020,13.84317415,37.81024408,-2.212193904
1,All Population,3,YLDs (Years Lived with Disability),4862,Meghalaya,1,Male,15,50-54 years,502,Lower extremity peripheral arterial disease,91,Lead exposure,3,Rate,2020,0.009465162,0.031718552,-0.001064069
1,All Population,3,YLDs (Years Lived with Disability),4862,Meghalaya,2,Female,15,50-54 years,502,Lower extremity peripheral arterial disease,91,Lead exposure,3,Rate,2020,0.01177884,0.037347579,-0.001231257
1,All Population,3,YLDs (Years Lived with Disability),4864,Nagaland,1,Male,15,50-54 years,502,Lower extremity peripheral arterial disease,91,Lead exposure,3,Rate,2020,0.007011605,0.024314069,-0.000891112
1,All Population,3,YLDs (Years Lived with Disability),4864,Nagaland,2,Female,15,50-54 years,502,Lower extremity peripheral arterial disease,91,Lead exposure,3,Rate,2020,0.00812938,0.026184851,-0.000915697
1,All Population,3,YLDs (Years Lived with Disability),4850,Goa,1,Male,15,50-54 years,502,Lower extremity peripheral arterial disease,91,Lead exposure,3,Rate,2018,0.00785877,0.029698548,-0.001232259
1,All Population,3,YLDs (Years Lived with Disability),4850,Goa,2,Female,15,50-54 years,502,Lower extremity peripheral arterial disease,91,Lead exposure,3,Rate,2018,0.0097226,0.034511647,-0.001193867
1,All Population,3,YLDs (Years Lived with Disability),4853,Himachal Pradesh,1,Male,15,50-54 years,493,Ischemic heart disease,380,Particulate matter pollution,3,Rate,2017,63.07551594,94.52014287,35.89698019
1,All Population,3,YLDs (Years Lived with Disability),4853,Himachal Pradesh,2,Female,15,50-54 years,493,Ischemic heart disease,380,Particulate matter pollution,3,Rate,2017,32.9942412,50.24191624,18.39019781
1,All Population,3,YLDs (Years Lived with Disability),4874,Uttarakhand,1,Male,15,50-54 years,498,Hypertensive heart disease,91,Lead exposure,3,Rate,2020,0.623096021,1.817667451,0
1,All Population,3,YLDs (Years Lived with Disability),4874,Uttarakhand,2,Female,15,50-54 years,498,Hypertensive heart disease,91,Lead exposure,3,Rate,2020,1.078820765,2.68421212,0
1,All Population,3,YLDs (Years Lived with Disability),4855,Jharkhand,1,Male,15,50-54 years,494,Stroke,380,Particulate matter pollution,3,Rate,2020,84.96226178,124.7343489,48.42376623
1,All Population,3,YLDs (Years Lived with Disability),4855,Jharkhand,2,Female,15,50-54 years,494,Stroke,380,Particulate matter pollution,3,Rate,2020,100.3626587,156.4638748,58.07063898
1,All Population,3,YLDs (Years Lived with Disability),4860,Maharashtra,1,Male,15,50-54 years,500,Atrial fibrillation and flutter,91,Lead exposure,3,Rate,2017,1.037927727,2.88493419,-0.160706095
1,All Population,3,YLDs (Years Lived with Disability),4860,Maharashtra,2,Female,15,50-54 years,500,Atrial fibrillation and flutter,91,Lead exposure,3,Rate,2017,0.764613261,2.123765716,-0.109000177
1,All Population,3,YLDs (Years Lived with Disability),4857,Kerala,1,Male,15,50-54 years,494,Stroke,91,Lead exposure,3,Rate,2020,19.46711608,47.59553693,-2.912179325
1,All Population,3,YLDs (Years Lived with Disability),4857,Kerala,2,Female,15,50-54 years,494,Stroke,91,Lead exposure,3,Rate,2020,13.79048059,34.99588557,-1.986243954
1,All Population,3,YLDs (Years Lived with Disability),4862,Meghalaya,1,Male,15,50-54 years,498,Hypertensive heart disease,91,Lead exposure,3,Rate,2017,1.196460265,2.851682876,0
1,All Population,3,YLDs (Years Lived with Disability),4862,Meghalaya,2,Female,15,50-54 years,498,Hypertensive heart disease,91,Lead exposure,3,Rate,2017,1.606494559,4.053940722,0
1,All Population,3,YLDs (Years Lived with Disability),4870,Tamil Nadu,1,Male,15,50-54 years,500,Atrial fibrillation and flutter,91,Lead exposure,3,Rate,2021,1.253242763,4.018751254,-0.191793763
1,All Population,3,YLDs (Years Lived with Disability),4870,Tamil Nadu,2,Female,15,50-54 years,500,Atrial fibrillation and flutter,91,Lead exposure,3,Rate,2021,0.927043235,3.116293619,-0.138112916
1,All Population,3,YLDs (Years Lived with Disability),4849,Delhi,1,Male,15,50-54 years,494,Stroke,380,Particulate matter pollution,3,Rate,2017,74.34476417,113.6377317,38.45030936
1,All Population,3,YLDs (Years Lived with Disability),4849,Delhi,2,Female,15,50-54 years,494,Stroke,380,Particulate matter pollution,3,Rate,2017,82.39785483,127.0251742,43.11718588
1,All Population,3,YLDs (Years Lived with Disability),4849,Delhi,1,Male,15,50-54 years,498,Hypertensive heart disease,91,Lead exposure,3,Rate,2017,0.532062311,1.464538476,0
1,All Population,3,YLDs (Years Lived with Disability),4849,Delhi,2,Female,15,50-54 years,498,Hypertensive heart disease,91,Lead exposure,3,Rate,2017,0.744587629,2.312358076,0
1,All Population,3,YLDs (Years Lived with Disability),4869,Sikkim,1,Male,15,50-54 years,498,Hypertensive heart disease,91,Lead exposure,3,Rate,2019,0.768020446,1.932634807,0
1,All Population,3,YLDs (Years Lived with Disability),4869,Sikkim,2,Female,15,50-54 years,498,Hypertensive heart disease,91,Lead exposure,3,Rate,2019,0.950637737,2.284743437,0
1,All Population,3,YLDs (Years Lived with Disability),4846,Chhattisgarh,1,Male,15,50-54 years,493,Ischemic heart disease,380,Particulate matter pollution,3,Rate,2021,56.35903072,84.61928442,32.26194926
1,All Population,3,YLDs (Years Lived with Disability),4846,Chhattisgarh,2,Female,15,50-54 years,493,Ischemic heart disease,380,Particulate matter pollution,3,Rate,2021,34.4336511,51.29420414,20.1139228
1,All Population,3,YLDs (Years Lived with Disability),4846,Chhattisgarh,1,Male,15,50-54 years,494,Stroke,91,Lead exposure,3,Rate,2021,19.30660372,48.68261348,-2.928231405
1,All Population,3,YLDs (Years Lived with Disability),4846,Chhattisgarh,2,Female,15,50-54 years,494,Stroke,91,Lead exposure,3,Rate,2021,12.1708523,32.73673736,-1.895736111
1,All Population,3,YLDs (Years Lived with Disability),4849,Delhi,1,Male,15,50-54 years,493,Ischemic heart disease,380,Particulate matter pollution,3,Rate,2017,64.44874866,100.4925094,37.83045905
1,All Population,3,YLDs (Years Lived with Disability),4849,Delhi,2,Female,15,50-54 years,493,Ischemic heart disease,380,Particulate matter pollution,3,Rate,2017,42.27665967,64.67712668,24.96261883
1,All Population,3,YLDs (Years Lived with Disability),4849,Delhi,1,Male,15,50-54 years,494,Stroke,91,Lead exposure,3,Rate,2017,9.922750203,28.19784953,-1.078635707
1,All Population,3,YLDs (Years Lived with Disability),4849,Delhi,2,Female,15,50-54 years,494,Stroke,91,Lead exposure,3,Rate,2017,8.769857927,24.84791015,-0.836473644
1,All Population,3,YLDs (Years Lived with Disability),4875,West Bengal,1,Male,15,50-54 years,498,Hypertensive heart disease,91,Lead exposure,3,Rate,2017,0.693048445,1.770770131,0
1,All Population,3,YLDs (Years Lived with Disability),4875,West Bengal,2,Female,15,50-54 years,498,Hypertensive heart disease,91,Lead exposure,3,Rate,2017,1.101945113,2.559955504,0
1,All Population,3,YLDs (Years Lived with Disability),4852,Haryana,1,Male,15,50-54 years,494,Stroke,91,Lead exposure,3,Rate,2021,16.54794262,42.27398172,-2.383019911
1,All Population,3,YLDs (Years Lived with Disability),4852,Haryana,2,Female,15,50-54 years,494,Stroke,91,Lead exposure,3,Rate,2021,13.06223458,33.26977363,-1.613027842
1,All Population,3,YLDs (Years Lived with Disability),4846,Chhattisgarh,1,Male,15,50-54 years,500,Atrial fibrillation and flutter,91,Lead exposure,3,Rate,2019,1.000456902,2.90665732,-0.119484928
1,All Population,3,YLDs (Years Lived with Disability),4846,Chhattisgarh,2,Female,15,50-54 years,500,Atrial fibrillation and flutter,91,Lead exposure,3,Rate,2019,0.725028196,2.33500859,-0.078535686
1,All Population,3,YLDs (Years Lived with Disability),4859,Madhya Pradesh,1,Male,15,50-54 years,502,Lower extremity peripheral arterial disease,91,Lead exposure,3,Rate,2021,0.008670124,0.028030094,-0.000817668
1,All Population,3,YLDs (Years Lived with Disability),4859,Madhya Pradesh,2,Female,15,50-54 years,502,Lower extremity peripheral arterial disease,91,Lead exposure,3,Rate,2021,0.010816669,0.038333671,-0.001246448
1,All Population,3,YLDs (Years Lived with Disability),4867,Punjab,1,Male,15,50-54 years,500,Atrial fibrillation and flutter,91,Lead exposure,3,Rate,2019,0.890588226,2.740879926,-0.120657942
1,All Population,3,YLDs (Years Lived with Disability),4867,Punjab,2,Female,15,50-54 years,500,Atrial fibrillation and flutter,91,Lead exposure,3,Rate,2019,0.703507037,2.157136398,-0.095410747
1,All Population,3,YLDs (Years Lived with Disability),4875,West Bengal,1,Male,15,50-54 years,493,Ischemic heart disease,380,Particulate matter pollution,3,Rate,2019,57.11788946,88.53181862,33.46679704
1,All Population,3,YLDs (Years Lived with Disability),4875,West Bengal,2,Female,15,50-54 years,493,Ischemic heart disease,380,Particulate matter pollution,3,Rate,2019,41.64718399,59.93906721,24.27903252
1,All Population,3,YLDs (Years Lived with Disability),4875,West Bengal,1,Male,15,50-54 years,494,Stroke,91,Lead exposure,3,Rate,2019,21.09181164,51.89731531,-2.943160628
1,All Population,3,YLDs (Years Lived with Disability),4875,West Bengal,2,Female,15,50-54 years,494,Stroke,91,Lead exposure,3,Rate,2019,18.05313048,45.26113466,-2.366076686
1,All Population,3,YLDs (Years Lived with Disability),4857,Kerala,1,Male,15,50-54 years,494,Stroke,380,Particulate matter pollution,3,Rate,2020,77.1471016,122.0006595,39.06362305
1,All Population,3,YLDs (Years Lived with Disability),4857,Kerala,2,Female,15,50-54 years,494,Stroke,380,Particulate matter pollution,3,Rate,2020,65.81306602,102.6059043,34.40372819
1,All Population,3,YLDs (Years Lived with Disability),4867,Punjab,1,Male,15,50-54 years,493,Ischemic heart disease,91,Lead exposure,3,Rate,2021,50.81876718,76.08337549,30.1770749
1,All Population,3,YLDs (Years Lived with Disability),4867,Punjab,2,Female,15,50-54 years,493,Ischemic heart disease,91,Lead exposure,3,Rate,2021,30.63255525,44.09284164,18.89774906
1,All Population,3,YLDs (Years Lived with Disability),4863,Mizoram,1,Male,15,50-54 years,498,Hypertensive heart disease,91,Lead exposure,3,Rate,2020,1.277497553,3.176855377,0
1,All Population,3,YLDs (Years Lived with Disability),4863,Mizoram,2,Female,15,50-54 years,498,Hypertensive heart disease,91,Lead exposure,3,Rate,2020,2.264201514,5.263517067,0
1,All Population,3,YLDs (Years Lived with Disability),4861,Manipur,1,Male,15,50-54 years,494,Stroke,380,Particulate matter pollution,3,Rate,2021,82.1794278,130.9238488,45.76343737
1,All Population,3,YLDs (Years Lived with Disability),4861,Manipur,2,Female,15,50-54 years,494,Stroke,380,Particulate matter pollution,3,Rate,2021,64.23043869,102.5760533,34.60152558
1,All Population,3,YLDs (Years Lived with Disability),4861,Manipur,1,Male,15,50-54 years,498,Hypertensive heart disease,91,Lead exposure,3,Rate,2021,1.114481745,2.943970156,0
1,All Population,3,YLDs (Years Lived with Disability),4861,Manipur,2,Female,15,50-54 years,498,Hypertensive heart disease,91,Lead exposure,3,Rate,2021,1.536016652,3.653391484,0
1,All Population,3,YLDs (Years Lived with Disability),44538,Other Union Territories,1,Male,15,50-54 years,493,Ischemic heart disease,380,Particulate matter pollution,3,Rate,2021,41.51402671,62.15098055,23.50741548
1,All Population,3,YLDs (Years Lived with Disability),44538,Other Union Territories,2,Female,15,50-54 years,493,Ischemic heart disease,380,Particulate matter pollution,3,Rate,2021,25.25158205,37.92770239,14.11753315
1,All Population,3,YLDs (Years Lived with Disability),4874,Uttarakhand,1,Male,15,50-54 years,500,Atrial fibrillation and flutter,91,Lead exposure,3,Rate,2019,1.08932086,3.285673978,-0.129516378
1,All Population,3,YLDs (Years Lived with Disability),4874,Uttarakhand,2,Female,15,50-54 years,500,Atrial fibrillation and flutter,91,Lead exposure,3,Rate,2019,0.809622244,2.395609835,-0.089957771
1,All Population,3,YLDs (Years Lived with Disability),4860,Maharashtra,1,Male,15,50-54 years,493,Ischemic heart disease,380,Particulate matter pollution,3,Rate,2021,40.91552654,60.61068317,23.63874238
1,All Population,3,YLDs (Years Lived with Disability),4860,Maharashtra,2,Female,15,50-54 years,493,Ischemic heart disease,380,Particulate matter pollution,3,Rate,2021,26.7430525,39.8769358,15.58263677
1,All Population,3,YLDs (Years Lived with Disability),4860,Maharashtra,1,Male,15,50-54 years,494,Stroke,91,Lead exposure,3,Rate,2021,16.56395183,46.24213089,-2.456400181
1,All Population,3,YLDs (Years Lived with Disability),4860,Maharashtra,2,Female,15,50-54 years,494,Stroke,91,Lead exposure,3,Rate,2021,12.01563419,31.91781873,-1.946226154
1,All Population,3,YLDs (Years Lived with Disability),4871,Telangana,1,Male,15,50-54 years,494,Stroke,380,Particulate matter pollution,3,Rate,2020,61.2717807,96.33130067,33.37263339
1,All Population,3,YLDs (Years Lived with Disability),4871,Telangana,2,Female,15,50-54 years,494,Stroke,380,Particulate matter pollution,3,Rate,2020,50.16314786,73.84798875,27.73821982
1,All Population,3,YLDs (Years Lived with Disability),4849,Delhi,1,Male,15,50-54 years,500,Atrial fibrillation and flutter,91,Lead exposure,3,Rate,2020,0.772501035,2.388448275,-0.120751629
1,All Population,3,YLDs (Years Lived with Disability),4849,Delhi,2,Female,15,50-54 years,500,Atrial fibrillation and flutter,91,Lead exposure,3,Rate,2020,0.549662625,1.620580156,-0.068582885
1,All Population,3,YLDs (Years Lived with Disability),4849,Delhi,1,Male,15,50-54 years,502,Lower extremity peripheral arterial disease,91,Lead exposure,3,Rate,2020,0.005556581,0.021728414,-0.000643185
1,All Population,3,YLDs (Years Lived with Disability),4849,Delhi,2,Female,15,50-54 years,502,Lower extremity peripheral arterial disease,91,Lead exposure,3,Rate,2020,0.007044085,0.025280112,-0.000577125
1,All Population,3,YLDs (Years Lived with Disability),4873,Uttar Pradesh,1,Male,15,50-54 years,493,Ischemic heart disease,380,Particulate matter pollution,3,Rate,2020,63.24802451,93.02288359,37.0812218
1,All Population,3,YLDs (Years Lived with Disability),4873,Uttar Pradesh,2,Female,15,50-54 years,493,Ischemic heart disease,380,Particulate matter pollution,3,Rate,2020,46.01316186,66.46876823,27.15573508
1,All Population,3,YLDs (Years Lived with Disability),4855,Jharkhand,1,Male,15,50-54 years,494,Stroke,91,Lead exposure,3,Rate,2019,14.71507544,36.73332575,-2.395087526
1,All Population,3,YLDs (Years Lived with Disability),4855,Jharkhand,2,Female,15,50-54 years,494,Stroke,91,Lead exposure,3,Rate,2019,14.3220886,34.47173324,-1.86025378
1,All Population,3,YLDs (Years Lived with Disability),4841,Andhra Pradesh,1,Male,15,50-54 years,502,Lower extremity peripheral arterial disease,91,Lead exposure,3,Rate,2021,0.008162871,0.029288243,-0.000769944
1,All Population,3,YLDs (Years Lived with Disability),4841,Andhra Pradesh,2,Female,15,50-54 years,502,Lower extremity peripheral arterial disease,91,Lead exposure,3,Rate,2021,0.010168893,0.032817421,-0.000751706
1,All Population,3,YLDs (Years Lived with Disability),4861,Manipur,1,Male,15,50-54 years,502,Lower extremity peripheral arterial disease,91,Lead exposure,3,Rate,2021,0.010533715,0.033535531,-0.001428617
1,All Population,3,YLDs (Years Lived with Disability),4861,Manipur,2,Female,15,50-54 years,502,Lower extremity peripheral arterial disease,91,Lead exposure,3,Rate,2021,0.013004701,0.041383177,-0.001838973
1,All Population,3,YLDs (Years Lived with Disability),4863,Mizoram,1,Male,15,50-54 years,500,Atrial fibrillation and flutter,91,Lead exposure,3,Rate,2019,1.112170483,3.977704513,-0.148447426
1,All Population,3,YLDs (Years Lived with Disability),4863,Mizoram,2,Female,15,50-54 years,500,Atrial fibrillation and flutter,91,Lead exposure,3,Rate,2019,0.724673332,2.564785798,-0.141496244
1,All Population,3,YLDs (Years Lived with Disability),4855,Jharkhand,1,Male,15,50-54 years,493,Ischemic heart disease,91,Lead exposure,3,Rate,2021,24.149812,34.68597778,15.07217029
1,All Population,3,YLDs (Years Lived with Disability),4855,Jharkhand,2,Female,15,50-54 years,493,Ischemic heart disease,91,Lead exposure,3,Rate,2021,20.25055835,29.81762174,12.13358137
1,All Population,3,YLDs (Years Lived with Disability),4857,Kerala,1,Male,15,50-54 years,493,Ischemic heart disease,91,Lead exposure,3,Rate,2021,57.68935966,83.09320351,35.20594067
1,All Population,3,YLDs (Years Lived with Disability),4857,Kerala,2,Female,15,50-54 years,493,Ischemic heart disease,91,Lead exposure,3,Rate,2021,26.5422166,39.60219645,16.43272123
1,All Population,3,YLDs (Years Lived with Disability),4843,Assam,1,Male,15,50-54 years,493,Ischemic heart disease,380,Particulate matter pollution,3,Rate,2019,41.68853691,63.38976829,24.72155457
1,All Population,3,YLDs (Years Lived with Disability),4843,Assam,2,Female,15,50-54 years,493,Ischemic heart disease,380,Particulate matter pollution,3,Rate,2019,28.54746782,43.69225511,17.07631936
1,All Population,3,YLDs (Years Lived with Disability),4843,Assam,1,Male,15,50-54 years,494,Stroke,91,Lead exposure,3,Rate,2019,22.83297437,60.39863525,-3.405220638
1,All Population,3,YLDs (Years Lived with Disability),4843,Assam,2,Female,15,50-54 years,494,Stroke,91,Lead exposure,3,Rate,2019,13.39346812,37.85638764,-1.810057732
1,All Population,3,YLDs (Years Lived with Disability),4854,Jammu & Kashmir and Ladakh,1,Male,15,50-54 years,500,Atrial fibrillation and flutter,91,Lead exposure,3,Rate,2021,0.802895979,2.581202301,-0.110828826
1,All Population,3,YLDs (Years Lived with Disability),4854,Jammu & Kashmir and Ladakh,2,Female,15,50-54 years,500,Atrial fibrillation and flutter,91,Lead exposure,3,Rate,2021,0.656494372,2.063948367,-0.10871684
1,All Population,3,YLDs (Years Lived with Disability),4853,Himachal Pradesh,1,Male,15,50-54 years,494,Stroke,91,Lead exposure,3,Rate,2020,12.37377035,33.05213645,-1.996281189
1,All Population,3,YLDs (Years Lived with Disability),4853,Himachal Pradesh,2,Female,15,50-54 years,494,Stroke,91,Lead exposure,3,Rate,2020,8.762997987,23.41563291,-1.632755123
1,All Population,3,YLDs (Years Lived with Disability),4869,Sikkim,1,Male,15,50-54 years,493,Ischemic heart disease,91,Lead exposure,3,Rate,2021,31.64098707,45.27049264,18.76496117
1,All Population,3,YLDs (Years Lived with Disability),4869,Sikkim,2,Female,15,50-54 years,493,Ischemic heart disease,91,Lead exposure,3,Rate,2021,21.49880436,31.45523973,12.43086941
1,All Population,3,YLDs (Years Lived with Disability),4872,Tripura,1,Male,15,50-54 years,500,Atrial fibrillation and flutter,91,Lead exposure,3,Rate,2021,1.102568469,3.390862327,-0.130568768
1,All Population,3,YLDs (Years Lived with Disability),4872,Tripura,2,Female,15,50-54 years,500,Atrial fibrillation and flutter,91,Lead exposure,3,Rate,2021,0.817470807,2.512774993,-0.104701425
1,All Population,3,YLDs (Years Lived with Disability),4872,Tripura,1,Male,15,50-54 years,502,Lower extremity peripheral arterial disease,91,Lead exposure,3,Rate,2021,0.009677737,0.035095083,-0.000995688
1,All Population,3,YLDs (Years Lived with Disability),4872,Tripura,2,Female,15,50-54 years,502,Lower extremity peripheral arterial disease,91,Lead exposure,3,Rate,2021,0.01137584,0.037620342,-0.001338549
1,All Population,3,YLDs (Years Lived with Disability),4841,Andhra Pradesh,1,Male,15,50-54 years,500,Atrial fibrillation and flutter,91,Lead exposure,3,Rate,2021,1.01259332,2.892523948,-0.132030762
1,All Population,3,YLDs (Years Lived with Disability),4841,Andhra Pradesh,2,Female,15,50-54 years,500,Atrial fibrillation and flutter,91,Lead exposure,3,Rate,2021,0.75582478,2.248639682,-0.100872475
1,All Population,3,YLDs (Years Lived with Disability),4863,Mizoram,1,Male,15,50-54 years,493,Ischemic heart disease,380,Particulate matter pollution,3,Rate,2021,24.81592437,38.02025489,13.64338399
1,All Population,3,YLDs (Years Lived with Disability),4863,Mizoram,2,Female,15,50-54 years,493,Ischemic heart disease,380,Particulate matter pollution,3,Rate,2021,14.60321406,21.94231059,8.169067977
1,All Population,3,YLDs (Years Lived with Disability),4863,Mizoram,1,Male,15,50-54 years,494,Stroke,91,Lead exposure,3,Rate,2021,12.41963948,33.47851953,-2.26517115
1,All Population,3,YLDs (Years Lived with Disability),4863,Mizoram,2,Female,15,50-54 years,494,Stroke,91,Lead exposure,3,Rate,2021,8.102155374,21.71528054,-1.29043622
1,All Population,3,YLDs (Years Lived with Disability),4851,Gujarat,1,Male,15,50-54 years,493,Ischemic heart disease,91,Lead exposure,3,Rate,2021,54.57403158,82.63255296,33.59593844
1,All Population,3,YLDs (Years Lived with Disability),4851,Gujarat,2,Female,15,50-54 years,493,Ischemic heart disease,91,Lead exposure,3,Rate,2021,30.33334646,43.64381749,17.94292952
1,All Population,3,YLDs (Years Lived with Disability),4870,Tamil Nadu,1,Male,15,50-54 years,498,Hypertensive heart disease,91,Lead exposure,3,Rate,2020,0.58551294,1.512977922,0
1,All Population,3,YLDs (Years Lived with Disability),4870,Tamil Nadu,2,Female,15,50-54 years,498,Hypertensive heart disease,91,Lead exposure,3,Rate,2020,1.076369775,2.360420155,0
1,All Population,3,YLDs (Years Lived with Disability),4871,Telangana,1,Male,15,50-54 years,493,Ischemic heart disease,380,Particulate matter pollution,3,Rate,2019,56.63454173,86.67981829,31.88785251
1,All Population,3,YLDs (Years Lived with Disability),4871,Telangana,2,Female,15,50-54 years,493,Ischemic heart disease,380,Particulate matter pollution,3,Rate,2019,35.33944331,52.16524163,20.72044139
1,All Population,3,YLDs (Years Lived with Disability),4871,Telangana,1,Male,15,50-54 years,494,Stroke,91,Lead exposure,3,Rate,2019,13.72535514,32.75806301,-1.849342672
1,All Population,3,YLDs (Years Lived with Disability),4871,Telangana,2,Female,15,50-54 years,494,Stroke,91,Lead exposure,3,Rate,2019,9.029845892,22.69819686,-1.249921646
1,All Population,3,YLDs (Years Lived with Disability),4851,Gujarat,1,Male,15,50-54 years,500,Atrial fibrillation and flutter,91,Lead exposure,3,Rate,2019,1.236464416,3.625636623,-0.180763357
1,All Population,3,YLDs (Years Lived with Disability),4851,Gujarat,2,Female,15,50-54 years,500,Atrial fibrillation and flutter,91,Lead exposure,3,Rate,2019,0.960919894,3.115209301,-0.124990612
1,All Population,3,YLDs (Years Lived with Disability),4855,Jharkhand,1,Male,15,50-54 years,493,Ischemic heart disease,380,Particulate matter pollution,3,Rate,2020,31.51132898,47.31539957,18.19983893
1,All Population,3,YLDs (Years Lived with Disability),4855,Jharkhand,2,Female,15,50-54 years,493,Ischemic heart disease,380,Particulate matter pollution,3,Rate,2020,28.95949178,41.62826601,16.76590678
1,All Population,3,YLDs (Years Lived with Disability),44538,Other Union Territories,1,Male,15,50-54 years,500,Atrial fibrillation and flutter,91,Lead exposure,3,Rate,2020,1.040919649,3.246930734,-0.177021293
1,All Population,3,YLDs (Years Lived with Disability),44538,Other Union Territories,2,Female,15,50-54 years,500,Atrial fibrillation and flutter,91,Lead exposure,3,Rate,2020,0.762066519,2.66692614,-0.113542411
1,All Population,3,YLDs (Years Lived with Disability),4853,Himachal Pradesh,1,Male,15,50-54 years,500,Atrial fibrillation and flutter,91,Lead exposure,3,Rate,2021,1.052047687,3.436335422,-0.131820901
1,All Population,3,YLDs (Years Lived with Disability),4853,Himachal Pradesh,2,Female,15,50-54 years,500,Atrial fibrillation and flutter,91,Lead exposure,3,Rate,2021,0.775525656,2.683836529,-0.096872069
1,All Population,3,YLDs (Years Lived with Disability),4867,Punjab,1,Male,15,50-54 years,502,Lower extremity peripheral arterial disease,91,Lead exposure,3,Rate,2020,0.004680416,0.014725068,-0.000528498
1,All Population,3,YLDs (Years Lived with Disability),4867,Punjab,2,Female,15,50-54 years,502,Lower extremity peripheral arterial disease,91,Lead exposure,3,Rate,2020,0.007612663,0.025606366,-0.000734495
1,All Population,3,YLDs (Years Lived with Disability),4859,Madhya Pradesh,1,Male,15,50-54 years,498,Hypertensive heart disease,91,Lead exposure,3,Rate,2020,0.653836551,1.96803238,0
1,All Population,3,YLDs (Years Lived with Disability),4859,Madhya Pradesh,2,Female,15,50-54 years,498,Hypertensive heart disease,91,Lead exposure,3,Rate,2020,1.331957832,3.694953337,0
1,All Population,3,YLDs (Years Lived with Disability),4851,Gujarat,1,Male,15,50-54 years,493,Ischemic heart disease,380,Particulate matter pollution,3,Rate,2020,56.87417862,84.77263205,31.60532488
1,All Population,3,YLDs (Years Lived with Disability),4851,Gujarat,2,Female,15,50-54 years,493,Ischemic heart disease,380,Particulate matter pollution,3,Rate,2020,32.92165384,49.13092331,19.64739009
1,All Population,3,YLDs (Years Lived with Disability),4851,Gujarat,1,Male,15,50-54 years,494,Stroke,91,Lead exposure,3,Rate,2020,20.19146311,53.49971287,-3.276062627
1,All Population,3,YLDs (Years Lived with Disability),4851,Gujarat,2,Female,15,50-54 years,494,Stroke,91,Lead exposure,3,Rate,2020,16.6974064,44.6653215,-2.498957613
1,All Population,3,YLDs (Years Lived with Disability),4853,Himachal Pradesh,1,Male,15,50-54 years,494,Stroke,380,Particulate matter pollution,3,Rate,2020,63.63611734,101.1617679,33.64328919
1,All Population,3,YLDs (Years Lived with Disability),4853,Himachal Pradesh,2,Female,15,50-54 years,494,Stroke,380,Particulate matter pollution,3,Rate,2020,55.47307167,89.44293786,32.12432904
1,All Population,3,YLDs (Years Lived with Disability),4853,Himachal Pradesh,1,Male,15,50-54 years,498,Hypertensive heart disease,91,Lead exposure,3,Rate,2020,0.665840998,1.838432563,0
1,All Population,3,YLDs (Years Lived with Disability),4853,Himachal Pradesh,2,Female,15,50-54 years,498,Hypertensive heart disease,91,Lead exposure,3,Rate,2020,1.101912455,2.633233718,0
1,All Population,3,YLDs (Years Lived with Disability),4869,Sikkim,1,Male,15,50-54 years,494,Stroke,380,Particulate matter pollution,3,Rate,2020,72.07224445,108.2186706,39.5757123
1,All Population,3,YLDs (Years Lived with Disability),4869,Sikkim,2,Female,15,50-54 years,494,Stroke,380,Particulate matter pollution,3,Rate,2020,65.91016389,98.10714145,38.43099267
1,All Population,3,YLDs (Years Lived with Disability),4869,Sikkim,1,Male,15,50-54 years,500,Atrial fibrillation and flutter,91,Lead exposure,3,Rate,2020,1.141385947,3.461375844,-0.126090472
1,All Population,3,YLDs (Years Lived with Disability),4869,Sikkim,2,Female,15,50-54 years,500,Atrial fibrillation and flutter,91,Lead exposure,3,Rate,2020,0.827178067,2.793937402,-0.094320264
1,All Population,3,YLDs (Years Lived with Disability),4869,Sikkim,1,Male,15,50-54 years,502,Lower extremity peripheral arterial disease,91,Lead exposure,3,Rate,2020,0.007150436,0.024086552,-0.000785165
1,All Population,3,YLDs (Years Lived with Disability),4869,Sikkim,2,Female,15,50-54 years,502,Lower extremity peripheral arterial disease,91,Lead exposure,3,Rate,2020,0.00747511,0.027299042,-0.000743692
1,All Population,3,YLDs (Years Lived with Disability),4865,Odisha,1,Male,15,50-54 years,502,Lower extremity peripheral arterial disease,91,Lead exposure,3,Rate,2020,0.008945942,0.034296448,-0.000762824
1,All Population,3,YLDs (Years Lived with Disability),4865,Odisha,2,Female,15,50-54 years,502,Lower extremity peripheral arterial disease,91,Lead exposure,3,Rate,2020,0.011035679,0.036793175,-0.00124777
1,All Population,3,YLDs (Years Lived with Disability),4873,Uttar Pradesh,1,Male,15,50-54 years,494,Stroke,91,Lead exposure,3,Rate,2021,19.77508413,52.73573537,-2.777950076
1,All Population,3,YLDs (Years Lived with Disability),4873,Uttar Pradesh,2,Female,15,50-54 years,494,Stroke,91,Lead exposure,3,Rate,2021,18.64211129,46.46352547,-2.577268002
1,All Population,3,YLDs (Years Lived with Disability),4873,Uttar Pradesh,1,Male,15,50-54 years,494,Stroke,380,Particulate matter pollution,3,Rate,2020,105.7105402,160.6979938,58.42781447
1,All Population,3,YLDs (Years Lived with Disability),4873,Uttar Pradesh,2,Female,15,50-54 years,494,Stroke,380,Particulate matter pollution,3,Rate,2020,120.9082759,182.9822457,71.12033733
1,All Population,3,YLDs (Years Lived with Disability),4841,Andhra Pradesh,1,Male,15,50-54 years,498,Hypertensive heart disease,91,Lead exposure,3,Rate,2021,0.560435573,1.377099012,0
1,All Population,3,YLDs (Years Lived with Disability),4841,Andhra Pradesh,2,Female,15,50-54 years,498,Hypertensive heart disease,91,Lead exposure,3,Rate,2021,1.01773916,2.475849743,0
1,All Population,3,YLDs (Years Lived with Disability),4844,Bihar,1,Male,15,50-54 years,493,Ischemic heart disease,380,Particulate matter pollution,3,Rate,2017,54.09332901,80.91644101,31.38878375
1,All Population,3,YLDs (Years Lived with Disability),4844,Bihar,2,Female,15,50-54 years,493,Ischemic heart disease,380,Particulate matter pollution,3,Rate,2017,38.18910846,57.72571897,20.96390116
1,All Population,3,YLDs (Years Lived with Disability),4844,Bihar,1,Male,15,50-54 years,494,Stroke,91,Lead exposure,3,Rate,2017,14.07459306,37.72630808,-2.420163198
1,All Population,3,YLDs (Years Lived with Disability),4844,Bihar,2,Female,15,50-54 years,494,Stroke,91,Lead exposure,3,Rate,2017,12.43790347,33.22242107,-1.863022757
1,All Population,3,YLDs (Years Lived with Disability),4864,Nagaland,1,Male,15,50-54 years,493,Ischemic heart disease,380,Particulate matter pollution,3,Rate,2017,41.80165724,63.25675882,24.87202115
1,All Population,3,YLDs (Years Lived with Disability),4864,Nagaland,2,Female,15,50-54 years,493,Ischemic heart disease,380,Particulate matter pollution,3,Rate,2017,32.6193398,50.61726785,19.07612481
1,All Population,3,YLDs (Years Lived with Disability),4864,Nagaland,1,Male,15,50-54 years,494,Stroke,91,Lead exposure,3,Rate,2017,21.75853099,55.67385001,-3.206368421
1,All Population,3,YLDs (Years Lived with Disability),4864,Nagaland,2,Female,15,50-54 years,494,Stroke,91,Lead exposure,3,Rate,2017,12.35038889,30.61013896,-1.525042453
1,All Population,3,YLDs (Years Lived with Disability),4851,Gujarat,1,Male,15,50-54 years,494,Stroke,380,Particulate matter pollution,3,Rate,2020,92.29288602,139.5165366,50.39516995
1,All Population,3,YLDs (Years Lived with Disability),4851,Gujarat,2,Female,15,50-54 years,494,Stroke,380,Particulate matter pollution,3,Rate,2020,83.29561858,126.1128349,46.83500099
1,All Population,3,YLDs (Years Lived with Disability),4864,Nagaland,1,Male,15,50-54 years,494,Stroke,380,Particulate matter pollution,3,Rate,2020,103.6751126,159.2257281,56.65838983
1,All Population,3,YLDs (Years Lived with Disability),4864,Nagaland,2,Female,15,50-54 years,494,Stroke,380,Particulate matter pollution,3,Rate,2020,71.75048894,108.4535629,39.33778056
1,All Population,3,YLDs (Years Lived with Disability),4864,Nagaland,1,Male,15,50-54 years,498,Hypertensive heart disease,91,Lead exposure,3,Rate,2020,0.944040985,2.509473978,0
1,All Population,3,YLDs (Years Lived with Disability),4864,Nagaland,2,Female,15,50-54 years,498,Hypertensive heart disease,91,Lead exposure,3,Rate,2020,1.192501001,2.872535111,0
1,All Population,3,YLDs (Years Lived with Disability),4868,Rajasthan,1,Male,15,50-54 years,493,Ischemic heart disease,380,Particulate matter pollution,3,Rate,2019,77.84514722,116.6431313,45.53666059
1,All Population,3,YLDs (Years Lived with Disability),4868,Rajasthan,2,Female,15,50-54 years,493,Ischemic heart disease,380,Particulate matter pollution,3,Rate,2019,42.30690962,61.7537605,25.0410275
1,All Population,3,YLDs (Years Lived with Disability),4868,Rajasthan,1,Male,15,50-54 years,494,Stroke,91,Lead exposure,3,Rate,2019,8.261163709,20.8074213,-1.349947871
1,All Population,3,YLDs (Years Lived with Disability),4868,Rajasthan,2,Female,15,50-54 years,494,Stroke,91,Lead exposure,3,Rate,2019,5.465716801,15.44892545,-0.777336795
1,All Population,3,YLDs (Years Lived with Disability),4852,Haryana,1,Male,15,50-54 years,498,Hypertensive heart disease,91,Lead exposure,3,Rate,2018,0.573087354,1.423811677,0
1,All Population,3,YLDs (Years Lived with Disability),4852,Haryana,2,Female,15,50-54 years,498,Hypertensive heart disease,91,Lead exposure,3,Rate,2018,1.061646317,2.516874808,0
1,All Population,3,YLDs (Years Lived with Disability),4867,Punjab,1,Male,15,50-54 years,498,Hypertensive heart disease,91,Lead exposure,3,Rate,2020,0.38806548,0.941593926,0
1,All Population,3,YLDs (Years Lived with Disability),4867,Punjab,2,Female,15,50-54 years,498,Hypertensive heart disease,91,Lead exposure,3,Rate,2020,0.601240768,1.626901906,0
1,All Population,3,YLDs (Years Lived with Disability),4874,Uttarakhand,1,Male,15,50-54 years,502,Lower extremity peripheral arterial disease,91,Lead exposure,3,Rate,2020,0.008888636,0.02928467,-0.000838542
1,All Population,3,YLDs (Years Lived with Disability),4874,Uttarakhand,2,Female,15,50-54 years,502,Lower extremity peripheral arterial disease,91,Lead exposure,3,Rate,2020,0.011780813,0.037738897,-0.00107097
1,All Population,3,YLDs (Years Lived with Disability),4860,Maharashtra,1,Male,15,50-54 years,498,Hypertensive heart disease,91,Lead exposure,3,Rate,2021,0.643689031,1.702769736,0
1,All Population,3,YLDs (Years Lived with Disability),4860,Maharashtra,2,Female,15,50-54 years,498,Hypertensive heart disease,91,Lead exposure,3,Rate,2021,1.26062446,3.108226347,0
1,All Population,3,YLDs (Years Lived with Disability),4870,Tamil Nadu,1,Male,15,50-54 years,502,Lower extremity peripheral arterial disease,91,Lead exposure,3,Rate,2021,0.010301158,0.034751862,-0.001236398
1,All Population,3,YLDs (Years Lived with Disability),4870,Tamil Nadu,2,Female,15,50-54 years,502,Lower extremity peripheral arterial disease,91,Lead exposure,3,Rate,2021,0.01313397,0.038501133,-0.001318939
1,All Population,3,YLDs (Years Lived with Disability),4859,Madhya Pradesh,1,Male,15,50-54 years,500,Atrial fibrillation and flutter,91,Lead exposure,3,Rate,2021,0.991663586,2.969422191,-0.149120772
1,All Population,3,YLDs (Years Lived with Disability),4859,Madhya Pradesh,2,Female,15,50-54 years,500,Atrial fibrillation and flutter,91,Lead exposure,3,Rate,2021,0.731894474,2.07697599,-0.109547051
1,All Population,3,YLDs (Years Lived with Disability),4874,Uttarakhand,1,Male,15,50-54 years,500,Atrial fibrillation and flutter,91,Lead exposure,3,Rate,2021,1.064310616,3.391821882,-0.157475759
1,All Population,3,YLDs (Years Lived with Disability),4874,Uttarakhand,2,Female,15,50-54 years,500,Atrial fibrillation and flutter,91,Lead exposure,3,Rate,2021,0.768090447,2.297414794,-0.096587833
1,All Population,3,YLDs (Years Lived with Disability),44538,Other Union Territories,1,Male,15,50-54 years,493,Ischemic heart disease,380,Particulate matter pollution,3,Rate,2019,43.14103594,66.50946557,24.71385408
1,All Population,3,YLDs (Years Lived with Disability),44538,Other Union Territories,2,Female,15,50-54 years,493,Ischemic heart disease,380,Particulate matter pollution,3,Rate,2019,26.58581732,39.60304979,15.21851021
1,All Population,3,YLDs (Years Lived with Disability),4860,Maharashtra,1,Male,15,50-54 years,494,Stroke,380,Particulate matter pollution,3,Rate,2020,82.80681101,125.93032,45.08504406
1,All Population,3,YLDs (Years Lived with Disability),4860,Maharashtra,2,Female,15,50-54 years,494,Stroke,380,Particulate matter pollution,3,Rate,2020,69.89918588,107.0878287,38.83115222
1,All Population,3,YLDs (Years Lived with Disability),4875,West Bengal,1,Male,15,50-54 years,494,Stroke,380,Particulate matter pollution,3,Rate,2020,130.4009808,199.7819586,75.86707328
1,All Population,3,YLDs (Years Lived with Disability),4875,West Bengal,2,Female,15,50-54 years,494,Stroke,380,Particulate matter pollution,3,Rate,2020,122.5528221,180.8220093,70.49055873
1,All Population,3,YLDs (Years Lived with Disability),4859,Madhya Pradesh,1,Male,15,50-54 years,500,Atrial fibrillation and flutter,91,Lead exposure,3,Rate,2018,1.027408288,3.160569491,-0.156369487
1,All Population,3,YLDs (Years Lived with Disability),4859,Madhya Pradesh,2,Female,15,50-54 years,500,Atrial fibrillation and flutter,91,Lead exposure,3,Rate,2018,0.747121425,2.175904293,-0.111574329
1,All Population,3,YLDs (Years Lived with Disability),4855,Jharkhand,1,Male,15,50-54 years,494,Stroke,91,Lead exposure,3,Rate,2020,14.45094747,36.29317462,-2.355485103
1,All Population,3,YLDs (Years Lived with Disability),4855,Jharkhand,2,Female,15,50-54 years,494,Stroke,91,Lead exposure,3,Rate,2020,14.01054532,34.61278948,-2.061839538
1,All Population,3,YLDs (Years Lived with Disability),4873,Uttar Pradesh,1,Male,15,50-54 years,498,Hypertensive heart disease,91,Lead exposure,3,Rate,2020,1.040429355,2.648954865,0
1,All Population,3,YLDs (Years Lived with Disability),4873,Uttar Pradesh,2,Female,15,50-54 years,498,Hypertensive heart disease,91,Lead exposure,3,Rate,2020,1.64622825,4.194982343,0
1,All Population,3,YLDs (Years Lived with Disability),4873,Uttar Pradesh,1,Male,15,50-54 years,493,Ischemic heart disease,91,Lead exposure,3,Rate,2021,52.6312947,78.01182736,32.20677899
1,All Population,3,YLDs (Years Lived with Disability),4873,Uttar Pradesh,2,Female,15,50-54 years,493,Ischemic heart disease,91,Lead exposure,3,Rate,2021,35.50434581,50.53683282,22.59469644
1,All Population,3,YLDs (Years Lived with Disability),4843,Assam,1,Male,15,50-54 years,500,Atrial fibrillation and flutter,91,Lead exposure,3,Rate,2020,1.063264915,3.120019723,-0.166711448
1,All Population,3,YLDs (Years Lived with Disability),4843,Assam,2,Female,15,50-54 years,500,Atrial fibrillation and flutter,91,Lead exposure,3,Rate,2020,0.771501689,2.586169042,-0.108252174
1,All Population,3,YLDs (Years Lived with Disability),4843,Assam,1,Male,15,50-54 years,502,Lower extremity peripheral arterial disease,91,Lead exposure,3,Rate,2020,0.008979022,0.031356628,-0.001001235
1,All Population,3,YLDs (Years Lived with Disability),4843,Assam,2,Female,15,50-54 years,502,Lower extremity peripheral arterial disease,91,Lead exposure,3,Rate,2020,0.011073804,0.034921343,-0.001217187
1,All Population,3,YLDs (Years Lived with Disability),4875,West Bengal,1,Male,15,50-54 years,502,Lower extremity peripheral arterial disease,91,Lead exposure,3,Rate,2021,0.007960198,0.025384541,-0.00093839
1,All Population,3,YLDs (Years Lived with Disability),4875,West Bengal,2,Female,15,50-54 years,502,Lower extremity peripheral arterial disease,91,Lead exposure,3,Rate,2021,0.010293606,0.035683643,-0.001084347
1,All Population,3,YLDs (Years Lived with Disability),4854,Jammu & Kashmir and Ladakh,1,Male,15,50-54 years,502,Lower extremity peripheral arterial disease,91,Lead exposure,3,Rate,2021,0.006619949,0.022484276,-0.001017939
1,All Population,3,YLDs (Years Lived with Disability),4854,Jammu & Kashmir and Ladakh,2,Female,15,50-54 years,502,Lower extremity peripheral arterial disease,91,Lead exposure,3,Rate,2021,0.00897763,0.030583744,-0.00131249
1,All Population,3,YLDs (Years Lived with Disability),4856,Karnataka,1,Male,15,50-54 years,502,Lower extremity peripheral arterial disease,91,Lead exposure,3,Rate,2021,0.010310494,0.033079687,-0.000901904
1,All Population,3,YLDs (Years Lived with Disability),4856,Karnataka,2,Female,15,50-54 years,502,Lower extremity peripheral arterial disease,91,Lead exposure,3,Rate,2021,0.014950011,0.050838771,-0.001525203
1,All Population,3,YLDs (Years Lived with Disability),4871,Telangana,1,Male,15,50-54 years,493,Ischemic heart disease,91,Lead exposure,3,Rate,2021,56.4058268,82.03573249,33.49676964
1,All Population,3,YLDs (Years Lived with Disability),4871,Telangana,2,Female,15,50-54 years,493,Ischemic heart disease,91,Lead exposure,3,Rate,2021,30.71976979,44.50000117,18.78074113
1,All Population,3,YLDs (Years Lived with Disability),44538,Other Union Territories,1,Male,15,50-54 years,502,Lower extremity peripheral arterial disease,91,Lead exposure,3,Rate,2020,0.008734713,0.028683752,-0.001433972
1,All Population,3,YLDs (Years Lived with Disability),44538,Other Union Territories,2,Female,15,50-54 years,502,Lower extremity peripheral arterial disease,91,Lead exposure,3,Rate,2020,0.011148833,0.034074314,-0.001540343
1,All Population,3,YLDs (Years Lived with Disability),4855,Jharkhand,1,Male,15,50-54 years,498,Hypertensive heart disease,91,Lead exposure,3,Rate,2019,0.834859749,2.329420357,0
1,All Population,3,YLDs (Years Lived with Disability),4855,Jharkhand,2,Female,15,50-54 years,498,Hypertensive heart disease,91,Lead exposure,3,Rate,2019,1.232731887,2.92567697,0
1,All Population,3,YLDs (Years Lived with Disability),4871,Telangana,1,Male,15,50-54 years,494,Stroke,380,Particulate matter pollution,3,Rate,2021,59.38118733,92.33782977,33.15575781
1,All Population,3,YLDs (Years Lived with Disability),4871,Telangana,2,Female,15,50-54 years,494,Stroke,380,Particulate matter pollution,3,Rate,2021,50.68979429,82.70023517,27.49109599
1,All Population,3,YLDs (Years Lived with Disability),4871,Telangana,1,Male,15,50-54 years,500,Atrial fibrillation and flutter,91,Lead exposure,3,Rate,2019,1.103555754,3.533438475,-0.173066345
1,All Population,3,YLDs (Years Lived with Disability),4871,Telangana,2,Female,15,50-54 years,500,Atrial fibrillation and flutter,91,Lead exposure,3,Rate,2019,0.755321833,2.287627363,-0.10362
1,All Population,3,YLDs (Years Lived with Disability),4874,Uttarakhand,1,Male,15,50-54 years,498,Hypertensive heart disease,91,Lead exposure,3,Rate,2021,0.627217479,1.648746903,0
1,All Population,3,YLDs (Years Lived with Disability),4874,Uttarakhand,2,Female,15,50-54 years,498,Hypertensive heart disease,91,Lead exposure,3,Rate,2021,1.055034684,2.604600571,0
1,All Population,3,YLDs (Years Lived with Disability),4860,Maharashtra,1,Male,15,50-54 years,493,Ischemic heart disease,380,Particulate matter pollution,3,Rate,2017,47.73490891,72.8558971,28.46416535
1,All Population,3,YLDs (Years Lived with Disability),4860,Maharashtra,2,Female,15,50-54 years,493,Ischemic heart disease,380,Particulate matter pollution,3,Rate,2017,30.83447758,46.0018256,17.56956367
1,All Population,3,YLDs (Years Lived with Disability),4860,Maharashtra,1,Male,15,50-54 years,494,Stroke,91,Lead exposure,3,Rate,2017,16.52791566,44.51206783,-2.400219769
1,All Population,3,YLDs (Years Lived with Disability),4860,Maharashtra,2,Female,15,50-54 years,494,Stroke,91,Lead exposure,3,Rate,2017,11.90089655,30.57260729,-1.735144177
1,All Population,3,YLDs (Years Lived with Disability),4846,Chhattisgarh,1,Male,15,50-54 years,500,Atrial fibrillation and flutter,91,Lead exposure,3,Rate,2021,0.962491799,2.971961226,-0.104145834
1,All Population,3,YLDs (Years Lived with Disability),4846,Chhattisgarh,2,Female,15,50-54 years,500,Atrial fibrillation and flutter,91,Lead exposure,3,Rate,2021,0.706628366,2.130371858,-0.087629396
1,All Population,3,YLDs (Years Lived with Disability),4850,Goa,1,Male,15,50-54 years,494,Stroke,91,Lead exposure,3,Rate,2020,12.79098332,32.66078329,-2.325732228
1,All Population,3,YLDs (Years Lived with Disability),4850,Goa,2,Female,15,50-54 years,494,Stroke,91,Lead exposure,3,Rate,2020,10.1233101,26.76881147,-1.719489739
1,All Population,3,YLDs (Years Lived with Disability),4844,Bihar,1,Male,15,50-54 years,494,Stroke,380,Particulate matter pollution,3,Rate,2018,78.89039677,120.0802795,46.7864243
1,All Population,3,YLDs (Years Lived with Disability),4844,Bihar,2,Female,15,50-54 years,494,Stroke,380,Particulate matter pollution,3,Rate,2018,79.34422286,122.9301069,42.12398114
1,All Population,3,YLDs (Years Lived with Disability),4850,Goa,1,Male,15,50-54 years,498,Hypertensive heart disease,91,Lead exposure,3,Rate,2019,0.678558785,1.635593179,0
1,All Population,3,YLDs (Years Lived with Disability),4850,Goa,2,Female,15,50-54 years,498,Hypertensive heart disease,91,Lead exposure,3,Rate,2019,1.001169397,2.457537042,0
1,All Population,3,YLDs (Years Lived with Disability),4871,Telangana,1,Male,15,50-54 years,500,Atrial fibrillation and flutter,91,Lead exposure,3,Rate,2020,1.074896717,3.598338322,-0.159708207
1,All Population,3,YLDs (Years Lived with Disability),4871,Telangana,2,Female,15,50-54 years,500,Atrial fibrillation and flutter,91,Lead exposure,3,Rate,2020,0.736701983,2.207197483,-0.114713292
1,All Population,3,YLDs (Years Lived with Disability),4869,Sikkim,1,Male,15,50-54 years,498,Hypertensive heart disease,91,Lead exposure,3,Rate,2020,0.745842109,2.135747292,0
1,All Population,3,YLDs (Years Lived with Disability),4869,Sikkim,2,Female,15,50-54 years,498,Hypertensive heart disease,91,Lead exposure,3,Rate,2020,0.931562706,2.165618559,0
1,All Population,3,YLDs (Years Lived with Disability),4857,Kerala,1,Male,15,50-54 years,498,Hypertensive heart disease,91,Lead exposure,3,Rate,2020,0.566608702,1.43148123,0
1,All Population,3,YLDs (Years Lived with Disability),4857,Kerala,2,Female,15,50-54 years,498,Hypertensive heart disease,91,Lead exposure,3,Rate,2020,1.264712563,2.912702519,0
1,All Population,3,YLDs (Years Lived with Disability),4855,Jharkhand,1,Male,15,50-54 years,500,Atrial fibrillation and flutter,91,Lead exposure,3,Rate,2020,1.078129192,3.55371242,-0.145456545
1,All Population,3,YLDs (Years Lived with Disability),4855,Jharkhand,2,Female,15,50-54 years,500,Atrial fibrillation and flutter,91,Lead exposure,3,Rate,2020,0.772899038,2.433486105,-0.096374957
1,All Population,3,YLDs (Years Lived with Disability),4873,Uttar Pradesh,1,Male,15,50-54 years,498,Hypertensive heart disease,91,Lead exposure,3,Rate,2019,1.118573658,3.108188664,0
1,All Population,3,YLDs (Years Lived with Disability),4873,Uttar Pradesh,2,Female,15,50-54 years,498,Hypertensive heart disease,91,Lead exposure,3,Rate,2019,1.632111037,4.755603376,0
1,All Population,3,YLDs (Years Lived with Disability),4846,Chhattisgarh,1,Male,15,50-54 years,494,Stroke,380,Particulate matter pollution,3,Rate,2020,122.8911331,192.1263913,65.87220039
1,All Population,3,YLDs (Years Lived with Disability),4846,Chhattisgarh,2,Female,15,50-54 years,494,Stroke,380,Particulate matter pollution,3,Rate,2020,94.70539171,140.1203833,54.08509123
1,All Population,3,YLDs (Years Lived with Disability),44538,Other Union Territories,1,Male,15,50-54 years,498,Hypertensive heart disease,91,Lead exposure,3,Rate,2020,0.649187027,1.568232063,0
1,All Population,3,YLDs (Years Lived with Disability),44538,Other Union Territories,2,Female,15,50-54 years,498,Hypertensive heart disease,91,Lead exposure,3,Rate,2020,1.184058824,2.774349044,0
1,All Population,3,YLDs (Years Lived with Disability),4871,Telangana,1,Male,15,50-54 years,498,Hypertensive heart disease,91,Lead exposure,3,Rate,2019,0.637256399,1.558647161,0
1,All Population,3,YLDs (Years Lived with Disability),4871,Telangana,2,Female,15,50-54 years,498,Hypertensive heart disease,91,Lead exposure,3,Rate,2019,1.14526469,2.727005458,0
1,All Population,3,YLDs (Years Lived with Disability),4857,Kerala,1,Male,15,50-54 years,493,Ischemic heart disease,380,Particulate matter pollution,3,Rate,2020,50.30610554,77.74483348,28.71588082
1,All Population,3,YLDs (Years Lived with Disability),4857,Kerala,2,Female,15,50-54 years,493,Ischemic heart disease,380,Particulate matter pollution,3,Rate,2020,26.03141712,38.91022498,15.02247956
1,All Population,3,YLDs (Years Lived with Disability),4851,Gujarat,1,Male,15,50-54 years,500,Atrial fibrillation and flutter,91,Lead exposure,3,Rate,2020,1.229269086,3.928980894,-0.140524737
1,All Population,3,YLDs (Years Lived with Disability),4851,Gujarat,2,Female,15,50-54 years,500,Atrial fibrillation and flutter,91,Lead exposure,3,Rate,2020,0.956602827,3.085591272,-0.131879935
1,All Population,3,YLDs (Years Lived with Disability),4869,Sikkim,1,Male,15,50-54 years,500,Atrial fibrillation and flutter,91,Lead exposure,3,Rate,2021,1.123070331,3.607855386,-0.13091335
1,All Population,3,YLDs (Years Lived with Disability),4869,Sikkim,2,Female,15,50-54 years,500,Atrial fibrillation and flutter,91,Lead exposure,3,Rate,2021,0.808097173,2.58622486,-0.079072331
1,All Population,3,YLDs (Years Lived with Disability),4869,Sikkim,1,Male,15,50-54 years,502,Lower extremity peripheral arterial disease,91,Lead exposure,3,Rate,2021,0.007035415,0.024901169,-0.000706228
1,All Population,3,YLDs (Years Lived with Disability),4869,Sikkim,2,Female,15,50-54 years,502,Lower extremity peripheral arterial disease,91,Lead exposure,3,Rate,2021,0.007347406,0.027239137,-0.000672553
1,All Population,3,YLDs (Years Lived with Disability),4844,Bihar,1,Male,15,50-54 years,493,Ischemic heart disease,380,Particulate matter pollution,3,Rate,2020,49.99689822,74.92268742,29.84268046
1,All Population,3,YLDs (Years Lived with Disability),4844,Bihar,2,Female,15,50-54 years,493,Ischemic heart disease,380,Particulate matter pollution,3,Rate,2020,34.8149219,51.74513828,19.87935056
1,All Population,3,YLDs (Years Lived with Disability),4844,Bihar,1,Male,15,50-54 years,494,Stroke,91,Lead exposure,3,Rate,2020,13.86910986,34.93926484,-2.149672173
1,All Population,3,YLDs (Years Lived with Disability),4844,Bihar,2,Female,15,50-54 years,494,Stroke,91,Lead exposure,3,Rate,2020,12.06089018,33.51987146,-1.897144845
1,All Population,3,YLDs (Years Lived with Disability),4861,Manipur,1,Male,15,50-54 years,502,Lower extremity peripheral arterial disease,91,Lead exposure,3,Rate,2020,0.010781079,0.033626174,-0.001193887
1,All Population,3,YLDs (Years Lived with Disability),4861,Manipur,2,Female,15,50-54 years,502,Lower extremity peripheral arterial disease,91,Lead exposure,3,Rate,2020,0.013479742,0.043363764,-0.001585212
1,All Population,3,YLDs (Years Lived with Disability),4863,Mizoram,1,Male,15,50-54 years,494,Stroke,380,Particulate matter pollution,3,Rate,2020,54.907639,89.01700851,29.40107269
1,All Population,3,YLDs (Years Lived with Disability),4863,Mizoram,2,Female,15,50-54 years,494,Stroke,380,Particulate matter pollution,3,Rate,2020,47.80373865,74.00072318,26.00628391
1,All Population,3,YLDs (Years Lived with Disability),4851,Gujarat,1,Male,15,50-54 years,498,Hypertensive heart disease,91,Lead exposure,3,Rate,2017,0.759784022,1.909238076,0
1,All Population,3,YLDs (Years Lived with Disability),4851,Gujarat,2,Female,15,50-54 years,498,Hypertensive heart disease,91,Lead exposure,3,Rate,2017,1.409530947,3.400717468,0
1,All Population,3,YLDs (Years Lived with Disability),4843,Assam,1,Male,15,50-54 years,500,Atrial fibrillation and flutter,91,Lead exposure,3,Rate,2021,1.053962744,3.364518731,-0.137632475
1,All Population,3,YLDs (Years Lived with Disability),4843,Assam,2,Female,15,50-54 years,500,Atrial fibrillation and flutter,91,Lead exposure,3,Rate,2021,0.772214951,2.558014947,-0.121791121
1,All Population,3,YLDs (Years Lived with Disability),4843,Assam,1,Male,15,50-54 years,502,Lower extremity peripheral arterial disease,91,Lead exposure,3,Rate,2021,0.008555268,0.028314145,-0.000998339
1,All Population,3,YLDs (Years Lived with Disability),4843,Assam,2,Female,15,50-54 years,502,Lower extremity peripheral arterial disease,91,Lead exposure,3,Rate,2021,0.010741139,0.037890354,-0.00111874
1,All Population,3,YLDs (Years Lived with Disability),4852,Haryana,1,Male,15,50-54 years,494,Stroke,91,Lead exposure,3,Rate,2019,16.94962576,43.42785939,-2.302357618
1,All Population,3,YLDs (Years Lived with Disability),4852,Haryana,2,Female,15,50-54 years,494,Stroke,91,Lead exposure,3,Rate,2019,13.00986057,32.74622935,-1.616382063
1,All Population,3,YLDs (Years Lived with Disability),4873,Uttar Pradesh,1,Male,15,50-54 years,498,Hypertensive heart disease,91,Lead exposure,3,Rate,2021,1.089381679,2.821545487,0
1,All Population,3,YLDs (Years Lived with Disability),4873,Uttar Pradesh,2,Female,15,50-54 years,498,Hypertensive heart disease,91,Lead exposure,3,Rate,2021,1.640225649,4.044362746,0
1,All Population,3,YLDs (Years Lived with Disability),4867,Punjab,1,Male,15,50-54 years,494,Stroke,380,Particulate matter pollution,3,Rate,2020,75.81598318,114.752477,43.77878981
1,All Population,3,YLDs (Years Lived with Disability),4867,Punjab,2,Female,15,50-54 years,494,Stroke,380,Particulate matter pollution,3,Rate,2020,65.79043844,102.2176872,37.01445687
1,All Population,3,YLDs (Years Lived with Disability),4846,Chhattisgarh,1,Male,15,50-54 years,498,Hypertensive heart disease,91,Lead exposure,3,Rate,2021,0.880730337,2.232165424,0
1,All Population,3,YLDs (Years Lived with Disability),4846,Chhattisgarh,2,Female,15,50-54 years,498,Hypertensive heart disease,91,Lead exposure,3,Rate,2021,1.189297501,2.923134419,0
1,All Population,3,YLDs (Years Lived with Disability),4842,Arunachal Pradesh,1,Male,15,50-54 years,493,Ischemic heart disease,380,Particulate matter pollution,3,Rate,2020,30.96460464,47.35928677,17.56381966
1,All Population,3,YLDs (Years Lived with Disability),4842,Arunachal Pradesh,2,Female,15,50-54 years,493,Ischemic heart disease,380,Particulate matter pollution,3,Rate,2020,18.99286536,29.06274734,10.50442332
1,All Population,3,YLDs (Years Lived with Disability),4842,Arunachal Pradesh,1,Male,15,50-54 years,494,Stroke,91,Lead exposure,3,Rate,2020,14.90330844,38.82354413,-2.041284552
1,All Population,3,YLDs (Years Lived with Disability),4842,Arunachal Pradesh,2,Female,15,50-54 years,494,Stroke,91,Lead exposure,3,Rate,2020,10.02514704,26.88324471,-1.420287926
1,All Population,3,YLDs (Years Lived with Disability),4853,Himachal Pradesh,1,Male,15,50-54 years,502,Lower extremity peripheral arterial disease,91,Lead exposure,3,Rate,2021,0.007896994,0.027085695,-0.00111377
1,All Population,3,YLDs (Years Lived with Disability),4853,Himachal Pradesh,2,Female,15,50-54 years,502,Lower extremity peripheral arterial disease,91,Lead exposure,3,Rate,2021,0.00978645,0.029289,-0.001191635
1,All Population,3,YLDs (Years Lived with Disability),4871,Telangana,1,Male,15,50-54 years,493,Ischemic heart disease,380,Particulate matter pollution,3,Rate,2020,55.20670942,84.01467499,29.99997106
1,All Population,3,YLDs (Years Lived with Disability),4871,Telangana,2,Female,15,50-54 years,493,Ischemic heart disease,380,Particulate matter pollution,3,Rate,2020,34.7283763,52.48729558,19.65238235
1,All Population,3,YLDs (Years Lived with Disability),4871,Telangana,1,Male,15,50-54 years,494,Stroke,91,Lead exposure,3,Rate,2020,13.7439191,35.06455133,-2.028836523
1,All Population,3,YLDs (Years Lived with Disability),4871,Telangana,2,Female,15,50-54 years,494,Stroke,91,Lead exposure,3,Rate,2020,8.780637199,21.01087365,-1.105737631
1,All Population,3,YLDs (Years Lived with Disability),4855,Jharkhand,1,Male,15,50-54 years,494,Stroke,380,Particulate matter pollution,3,Rate,2021,83.05033643,121.1622974,47.71894424
1,All Population,3,YLDs (Years Lived with Disability),4855,Jharkhand,2,Female,15,50-54 years,494,Stroke,380,Particulate matter pollution,3,Rate,2021,101.1864386,153.0866432,57.29030987
1,All Population,3,YLDs (Years Lived with Disability),4867,Punjab,1,Male,15,50-54 years,493,Ischemic heart disease,380,Particulate matter pollution,3,Rate,2021,70.95540247,104.1692282,40.63096549
1,All Population,3,YLDs (Years Lived with Disability),4867,Punjab,2,Female,15,50-54 years,493,Ischemic heart disease,380,Particulate matter pollution,3,Rate,2021,46.29915248,67.12717561,28.09469838
1,All Population,3,YLDs (Years Lived with Disability),4867,Punjab,1,Male,15,50-54 years,494,Stroke,91,Lead exposure,3,Rate,2021,10.39277634,25.18879143,-1.659537237
1,All Population,3,YLDs (Years Lived with Disability),4867,Punjab,2,Female,15,50-54 years,494,Stroke,91,Lead exposure,3,Rate,2021,8.071949858,19.41259657,-1.241283714
1,All Population,3,YLDs (Years Lived with Disability),4853,Himachal Pradesh,1,Male,15,50-54 years,494,Stroke,91,Lead exposure,3,Rate,2017,12.78693049,34.11685589,-2.084309389
1,All Population,3,YLDs (Years Lived with Disability),4853,Himachal Pradesh,2,Female,15,50-54 years,494,Stroke,91,Lead exposure,3,Rate,2017,9.501694881,27.09488491,-1.603569201
1,All Population,3,YLDs (Years Lived with Disability),4853,Himachal Pradesh,1,Male,15,50-54 years,493,Ischemic heart disease,91,Lead exposure,3,Rate,2021,51.00046598,75.12070575,30.05166161
1,All Population,3,YLDs (Years Lived with Disability),4853,Himachal Pradesh,2,Female,15,50-54 years,493,Ischemic heart disease,91,Lead exposure,3,Rate,2021,22.59217437,33.40696073,13.89036934
1,All Population,3,YLDs (Years Lived with Disability),4842,Arunachal Pradesh,1,Male,15,50-54 years,500,Atrial fibrillation and flutter,91,Lead exposure,3,Rate,2020,1.149557912,3.979173129,-0.177113353
1,All Population,3,YLDs (Years Lived with Disability),4842,Arunachal Pradesh,2,Female,15,50-54 years,500,Atrial fibrillation and flutter,91,Lead exposure,3,Rate,2020,0.826418179,3.059294148,-0.130016675
1,All Population,3,YLDs (Years Lived with Disability),4855,Jharkhand,1,Male,15,50-54 years,498,Hypertensive heart disease,91,Lead exposure,3,Rate,2020,0.809585937,2.149226368,0
1,All Population,3,YLDs (Years Lived with Disability),4855,Jharkhand,2,Female,15,50-54 years,498,Hypertensive heart disease,91,Lead exposure,3,Rate,2020,1.205457639,3.005095724,0
1,All Population,3,YLDs (Years Lived with Disability),4857,Kerala,1,Male,15,50-54 years,500,Atrial fibrillation and flutter,91,Lead exposure,3,Rate,2020,1.085728262,4.019457227,-0.16536612
1,All Population,3,YLDs (Years Lived with Disability),4857,Kerala,2,Female,15,50-54 years,500,Atrial fibrillation and flutter,91,Lead exposure,3,Rate,2020,0.814138021,2.786625086,-0.119380785
1,All Population,3,YLDs (Years Lived with Disability),4842,Arunachal Pradesh,1,Male,15,50-54 years,494,Stroke,380,Particulate matter pollution,3,Rate,2021,58.99056481,90.72990227,30.55058978
1,All Population,3,YLDs (Years Lived with Disability),4842,Arunachal Pradesh,2,Female,15,50-54 years,494,Stroke,380,Particulate matter pollution,3,Rate,2021,53.30785103,83.98231039,29.07584372
1,All Population,3,YLDs (Years Lived with Disability),4841,Andhra Pradesh,1,Male,15,50-54 years,493,Ischemic heart disease,91,Lead exposure,3,Rate,2021,53.39882612,77.88685278,33.43455831
1,All Population,3,YLDs (Years Lived with Disability),4841,Andhra Pradesh,2,Female,15,50-54 years,493,Ischemic heart disease,91,Lead exposure,3,Rate,2021,28.57954554,40.96730326,17.13160875
1,All Population,3,YLDs (Years Lived with Disability),4867,Punjab,1,Male,15,50-54 years,500,Atrial fibrillation and flutter,91,Lead exposure,3,Rate,2020,0.866525484,2.619673225,-0.11459201
1,All Population,3,YLDs (Years Lived with Disability),4867,Punjab,2,Female,15,50-54 years,500,Atrial fibrillation and flutter,91,Lead exposure,3,Rate,2020,0.690672759,2.229715515,-0.103326609
1,All Population,3,YLDs (Years Lived with Disability),4875,West Bengal,1,Male,15,50-54 years,498,Hypertensive heart disease,91,Lead exposure,3,Rate,2019,0.671962337,1.705284726,0
1,All Population,3,YLDs (Years Lived with Disability),4875,West Bengal,2,Female,15,50-54 years,498,Hypertensive heart disease,91,Lead exposure,3,Rate,2019,1.076392328,2.537188237,0
1,All Population,3,YLDs (Years Lived with Disability),4842,Arunachal Pradesh,1,Male,15,50-54 years,493,Ischemic heart disease,91,Lead exposure,3,Rate,2021,33.96284227,49.95119965,20.42801548
1,All Population,3,YLDs (Years Lived with Disability),4842,Arunachal Pradesh,2,Female,15,50-54 years,493,Ischemic heart disease,91,Lead exposure,3,Rate,2021,17.59625789,25.84096353,10.47573718
1,All Population,3,YLDs (Years Lived with Disability),4844,Bihar,1,Male,15,50-54 years,493,Ischemic heart disease,91,Lead exposure,3,Rate,2021,41.5118088,61.57853481,24.94746783
1,All Population,3,YLDs (Years Lived with Disability),4844,Bihar,2,Female,15,50-54 years,493,Ischemic heart disease,91,Lead exposure,3,Rate,2021,25.96798041,39.21219667,15.18379001
1,All Population,3,YLDs (Years Lived with Disability),4875,West Bengal,1,Male,15,50-54 years,493,Ischemic heart disease,380,Particulate matter pollution,3,Rate,2020,56.2964297,86.16165076,31.7179754
1,All Population,3,YLDs (Years Lived with Disability),4875,West Bengal,2,Female,15,50-54 years,493,Ischemic heart disease,380,Particulate matter pollution,3,Rate,2020,40.54918233,60.36329774,23.42807339
1,All Population,3,YLDs (Years Lived with Disability),4875,West Bengal,1,Male,15,50-54 years,494,Stroke,91,Lead exposure,3,Rate,2020,20.65217255,48.39234175,-2.82359601
1,All Population,3,YLDs (Years Lived with Disability),4875,West Bengal,2,Female,15,50-54 years,494,Stroke,91,Lead exposure,3,Rate,2020,17.80688766,44.91966421,-2.271635575
1,All Population,3,YLDs (Years Lived with Disability),4851,Gujarat,1,Male,15,50-54 years,494,Stroke,380,Particulate matter pollution,3,Rate,2021,92.75084544,140.7916876,51.01167942
1,All Population,3,YLDs (Years Lived with Disability),4851,Gujarat,2,Female,15,50-54 years,494,Stroke,380,Particulate matter pollution,3,Rate,2021,84.43387986,126.6430495,46.14948345
1,All Population,3,YLDs (Years Lived with Disability),4851,Gujarat,1,Male,15,50-54 years,498,Hypertensive heart disease,91,Lead exposure,3,Rate,2020,0.747833775,1.767421609,0
1,All Population,3,YLDs (Years Lived with Disability),4851,Gujarat,2,Female,15,50-54 years,498,Hypertensive heart disease,91,Lead exposure,3,Rate,2020,1.411350556,3.447984122,0
1,All Population,3,YLDs (Years Lived with Disability),4862,Meghalaya,1,Male,15,50-54 years,493,Ischemic heart disease,380,Particulate matter pollution,3,Rate,2020,36.59812915,55.55500844,20.63724945
1,All Population,3,YLDs (Years Lived with Disability),4862,Meghalaya,2,Female,15,50-54 years,493,Ischemic heart disease,380,Particulate matter pollution,3,Rate,2020,24.27532194,37.28333174,14.19595527
1,All Population,3,YLDs (Years Lived with Disability),4862,Meghalaya,1,Male,15,50-54 years,494,Stroke,91,Lead exposure,3,Rate,2020,15.67451105,42.62058552,-2.731370842
1,All Population,3,YLDs (Years Lived with Disability),4862,Meghalaya,2,Female,15,50-54 years,494,Stroke,91,Lead exposure,3,Rate,2020,10.94135713,28.27427168,-1.819542565
1,All Population,3,YLDs (Years Lived with Disability),4873,Uttar Pradesh,1,Male,15,50-54 years,500,Atrial fibrillation and flutter,91,Lead exposure,3,Rate,2020,1.127848494,3.315585211,-0.151082326
1,All Population,3,YLDs (Years Lived with Disability),4873,Uttar Pradesh,2,Female,15,50-54 years,500,Atrial fibrillation and flutter,91,Lead exposure,3,Rate,2020,0.857087664,2.675654024,-0.101256819
1,All Population,3,YLDs (Years Lived with Disability),4873,Uttar Pradesh,1,Male,15,50-54 years,494,Stroke,380,Particulate matter pollution,3,Rate,2021,108.5628369,168.162561,62.11128593
1,All Population,3,YLDs (Years Lived with Disability),4873,Uttar Pradesh,2,Female,15,50-54 years,494,Stroke,380,Particulate matter pollution,3,Rate,2021,123.3278325,184.9493267,69.0343264
1,All Population,3,YLDs (Years Lived with Disability),4863,Mizoram,1,Male,15,50-54 years,498,Hypertensive heart disease,91,Lead exposure,3,Rate,2021,1.286958968,3.177006375,0
1,All Population,3,YLDs (Years Lived with Disability),4863,Mizoram,2,Female,15,50-54 years,498,Hypertensive heart disease,91,Lead exposure,3,Rate,2021,2.232976146,5.749134656,0
1,All Population,3,YLDs (Years Lived with Disability),4871,Telangana,1,Male,15,50-54 years,500,Atrial fibrillation and flutter,91,Lead exposure,3,Rate,2021,1.06241439,3.397132907,-0.175598924
1,All Population,3,YLDs (Years Lived with Disability),4871,Telangana,2,Female,15,50-54 years,500,Atrial fibrillation and flutter,91,Lead exposure,3,Rate,2021,0.740422678,2.273094107,-0.108397622
1,All Population,3,YLDs (Years Lived with Disability),4856,Karnataka,1,Male,15,50-54 years,493,Ischemic heart disease,91,Lead exposure,3,Rate,2021,58.45033801,84.48863237,36.48350483
1,All Population,3,YLDs (Years Lived with Disability),4856,Karnataka,2,Female,15,50-54 years,493,Ischemic heart disease,91,Lead exposure,3,Rate,2021,38.44356498,55.2491777,24.08513964
1,All Population,3,YLDs (Years Lived with Disability),4842,Arunachal Pradesh,1,Male,15,50-54 years,498,Hypertensive heart disease,91,Lead exposure,3,Rate,2020,0.911478977,2.434820038,0
1,All Population,3,YLDs (Years Lived with Disability),4842,Arunachal Pradesh,2,Female,15,50-54 years,498,Hypertensive heart disease,91,Lead exposure,3,Rate,2020,1.553563919,3.937392426,0
1,All Population,3,YLDs (Years Lived with Disability),4871,Telangana,1,Male,15,50-54 years,498,Hypertensive heart disease,91,Lead exposure,3,Rate,2020,0.607520513,1.406897044,0
1,All Population,3,YLDs (Years Lived with Disability),4871,Telangana,2,Female,15,50-54 years,498,Hypertensive heart disease,91,Lead exposure,3,Rate,2020,1.110191334,2.771617933,0
1,All Population,3,YLDs (Years Lived with Disability),4862,Meghalaya,1,Male,15,50-54 years,494,Stroke,380,Particulate matter pollution,3,Rate,2021,77.08113396,115.1011017,43.78484777
1,All Population,3,YLDs (Years Lived with Disability),4862,Meghalaya,2,Female,15,50-54 years,494,Stroke,380,Particulate matter pollution,3,Rate,2021,64.49692718,99.93562101,34.19830601
1,All Population,3,YLDs (Years Lived with Disability),4852,Haryana,1,Male,15,50-54 years,498,Hypertensive heart disease,91,Lead exposure,3,Rate,2021,0.547936358,1.367188503,0
1,All Population,3,YLDs (Years Lived with Disability),4852,Haryana,2,Female,15,50-54 years,498,Hypertensive heart disease,91,Lead exposure,3,Rate,2021,1.041728841,2.408449051,0
1,All Population,3,YLDs (Years Lived with Disability),4864,Nagaland,1,Male,15,50-54 years,494,Stroke,380,Particulate matter pollution,3,Rate,2021,99.40542706,150.1784028,53.74276554
1,All Population,3,YLDs (Years Lived with Disability),4864,Nagaland,2,Female,15,50-54 years,494,Stroke,380,Particulate matter pollution,3,Rate,2021,70.28168205,109.8753971,41.04220035
1,All Population,3,YLDs (Years Lived with Disability),4864,Nagaland,1,Male,15,50-54 years,498,Hypertensive heart disease,91,Lead exposure,3,Rate,2021,0.889178257,2.383076468,0
1,All Population,3,YLDs (Years Lived with Disability),4864,Nagaland,2,Female,15,50-54 years,498,Hypertensive heart disease,91,Lead exposure,3,Rate,2021,1.143396839,2.825201235,0
1,All Population,3,YLDs (Years Lived with Disability),4842,Arunachal Pradesh,1,Male,15,50-54 years,502,Lower extremity peripheral arterial disease,91,Lead exposure,3,Rate,2021,0.007853729,0.027545322,-0.001211461
1,All Population,3,YLDs (Years Lived with Disability),4842,Arunachal Pradesh,2,Female,15,50-54 years,502,Lower extremity peripheral arterial disease,91,Lead exposure,3,Rate,2021,0.011014307,0.039004665,-0.001182727
1,All Population,3,YLDs (Years Lived with Disability),4860,Maharashtra,1,Male,15,50-54 years,502,Lower extremity peripheral arterial disease,91,Lead exposure,3,Rate,2021,0.007934178,0.027102083,-0.00077458
1,All Population,3,YLDs (Years Lived with Disability),4860,Maharashtra,2,Female,15,50-54 years,502,Lower extremity peripheral arterial disease,91,Lead exposure,3,Rate,2021,0.009848352,0.038957354,-0.001044766
1,All Population,3,YLDs (Years Lived with Disability),4844,Bihar,1,Male,15,50-54 years,502,Lower extremity peripheral arterial disease,91,Lead exposure,3,Rate,2021,0.009987059,0.033281347,-0.001071805
1,All Population,3,YLDs (Years Lived with Disability),4844,Bihar,2,Female,15,50-54 years,502,Lower extremity peripheral arterial disease,91,Lead exposure,3,Rate,2021,0.012006051,0.038462719,-0.001103538
1,All Population,3,YLDs (Years Lived with Disability),4849,Delhi,1,Male,15,50-54 years,500,Atrial fibrillation and flutter,91,Lead exposure,3,Rate,2021,0.774197682,2.238908362,-0.095750705
1,All Population,3,YLDs (Years Lived with Disability),4849,Delhi,2,Female,15,50-54 years,500,Atrial fibrillation and flutter,91,Lead exposure,3,Rate,2021,0.532041809,1.799444806,-0.072819378
1,All Population,3,YLDs (Years Lived with Disability),4849,Delhi,1,Male,15,50-54 years,502,Lower extremity peripheral arterial disease,91,Lead exposure,3,Rate,2021,0.0054164,0.018783253,-0.000521385
1,All Population,3,YLDs (Years Lived with Disability),4849,Delhi,2,Female,15,50-54 years,502,Lower extremity peripheral arterial disease,91,Lead exposure,3,Rate,2021,0.006946463,0.021307954,-0.000887774
1,All Population,3,YLDs (Years Lived with Disability),4869,Sikkim,1,Male,15,50-54 years,493,Ischemic heart disease,380,Particulate matter pollution,3,Rate,2021,35.61184189,51.94782684,20.42584517
1,All Population,3,YLDs (Years Lived with Disability),4869,Sikkim,2,Female,15,50-54 years,493,Ischemic heart disease,380,Particulate matter pollution,3,Rate,2021,26.72659494,39.83731171,15.84128964
1,All Population,3,YLDs (Years Lived with Disability),4869,Sikkim,1,Male,15,50-54 years,494,Stroke,91,Lead exposure,3,Rate,2021,13.78449737,35.63450266,-2.022798431
1,All Population,3,YLDs (Years Lived with Disability),4869,Sikkim,2,Female,15,50-54 years,494,Stroke,91,Lead exposure,3,Rate,2021,10.87805464,28.01080818,-1.344233636
1,All Population,3,YLDs (Years Lived with Disability),44538,Other Union Territories,1,Male,15,50-54 years,494,Stroke,91,Lead exposure,3,Rate,2021,11.82798848,29.70076984,-2.414627089
1,All Population,3,YLDs (Years Lived with Disability),44538,Other Union Territories,2,Female,15,50-54 years,494,Stroke,91,Lead exposure,3,Rate,2021,9.692564985,23.02930733,-1.688177912
1,All Population,3,YLDs (Years Lived with Disability),4868,Rajasthan,1,Male,15,50-54 years,498,Hypertensive heart disease,91,Lead exposure,3,Rate,2019,0.428360426,1.048346039,0
1,All Population,3,YLDs (Years Lived with Disability),4868,Rajasthan,2,Female,15,50-54 years,498,Hypertensive heart disease,91,Lead exposure,3,Rate,2019,0.780426522,1.98605935,0
1,All Population,3,YLDs (Years Lived with Disability),4844,Bihar,1,Male,15,50-54 years,493,Ischemic heart disease,380,Particulate matter pollution,3,Rate,2021,49.21198812,74.42338408,27.60340192
1,All Population,3,YLDs (Years Lived with Disability),4844,Bihar,2,Female,15,50-54 years,493,Ischemic heart disease,380,Particulate matter pollution,3,Rate,2021,33.66693009,51.35161288,20.1096477
1,All Population,3,YLDs (Years Lived with Disability),4844,Bihar,1,Male,15,50-54 years,494,Stroke,91,Lead exposure,3,Rate,2021,13.67992263,33.13623932,-2.004581405
1,All Population,3,YLDs (Years Lived with Disability),4844,Bihar,2,Female,15,50-54 years,494,Stroke,91,Lead exposure,3,Rate,2021,11.95778066,32.90270163,-2.009111417
1,All Population,3,YLDs (Years Lived with Disability),4875,West Bengal,1,Male,15,50-54 years,494,Stroke,380,Particulate matter pollution,3,Rate,2021,127.2362001,193.2131871,73.47542925
1,All Population,3,YLDs (Years Lived with Disability),4875,West Bengal,2,Female,15,50-54 years,494,Stroke,380,Particulate matter pollution,3,Rate,2021,121.037802,179.8677758,71.55666048
1,All Population,3,YLDs (Years Lived with Disability),4855,Jharkhand,1,Male,15,50-54 years,493,Ischemic heart disease,380,Particulate matter pollution,3,Rate,2021,30.24535481,45.11074402,17.25212459
1,All Population,3,YLDs (Years Lived with Disability),4855,Jharkhand,2,Female,15,50-54 years,493,Ischemic heart disease,380,Particulate matter pollution,3,Rate,2021,27.97610935,41.68615061,15.75950797
1,All Population,3,YLDs (Years Lived with Disability),4865,Odisha,1,Male,15,50-54 years,494,Stroke,91,Lead exposure,3,Rate,2020,17.31698921,41.7949287,-2.784133726
1,All Population,3,YLDs (Years Lived with Disability),4865,Odisha,2,Female,15,50-54 years,494,Stroke,91,Lead exposure,3,Rate,2020,12.31211986,31.30871325,-1.705394837
1,All Population,3,YLDs (Years Lived with Disability),4855,Jharkhand,1,Male,15,50-54 years,500,Atrial fibrillation and flutter,91,Lead exposure,3,Rate,2021,1.064526574,3.381396986,-0.148064078
1,All Population,3,YLDs (Years Lived with Disability),4855,Jharkhand,2,Female,15,50-54 years,500,Atrial fibrillation and flutter,91,Lead exposure,3,Rate,2021,0.788436493,2.789846057,-0.096817627
1,All Population,3,YLDs (Years Lived with Disability),4860,Maharashtra,1,Male,15,50-54 years,500,Atrial fibrillation and flutter,91,Lead exposure,3,Rate,2020,0.9916303,2.78023288,-0.13225161
1,All Population,3,YLDs (Years Lived with Disability),4860,Maharashtra,2,Female,15,50-54 years,500,Atrial fibrillation and flutter,91,Lead exposure,3,Rate,2020,0.75373843,2.302747737,-0.094047843
1,All Population,3,YLDs (Years Lived with Disability),4875,West Bengal,1,Male,15,50-54 years,500,Atrial fibrillation and flutter,91,Lead exposure,3,Rate,2020,0.993642023,3.3135079,-0.171319894
1,All Population,3,YLDs (Years Lived with Disability),4875,West Bengal,2,Female,15,50-54 years,500,Atrial fibrillation and flutter,91,Lead exposure,3,Rate,2020,0.813313293,2.693971924,-0.160031722
1,All Population,3,YLDs (Years Lived with Disability),4871,Telangana,1,Male,15,50-54 years,502,Lower extremity peripheral arterial disease,91,Lead exposure,3,Rate,2021,0.008889003,0.028803242,-0.000956107
1,All Population,3,YLDs (Years Lived with Disability),4871,Telangana,2,Female,15,50-54 years,502,Lower extremity peripheral arterial disease,91,Lead exposure,3,Rate,2021,0.010024799,0.034637582,-0.001100165
1,All Population,3,YLDs (Years Lived with Disability),4851,Gujarat,1,Male,15,50-54 years,500,Atrial fibrillation and flutter,91,Lead exposure,3,Rate,2021,1.181804313,3.711315601,-0.156497642
1,All Population,3,YLDs (Years Lived with Disability),4851,Gujarat,2,Female,15,50-54 years,500,Atrial fibrillation and flutter,91,Lead exposure,3,Rate,2021,0.964797678,2.977835777,-0.122397477
1,All Population,3,YLDs (Years Lived with Disability),4850,Goa,1,Male,15,50-54 years,498,Hypertensive heart disease,91,Lead exposure,3,Rate,2020,0.667197204,1.652237293,0
1,All Population,3,YLDs (Years Lived with Disability),4850,Goa,2,Female,15,50-54 years,498,Hypertensive heart disease,91,Lead exposure,3,Rate,2020,0.999891455,2.520219341,0
1,All Population,3,YLDs (Years Lived with Disability),4853,Himachal Pradesh,1,Male,15,50-54 years,494,Stroke,380,Particulate matter pollution,3,Rate,2021,62.23473552,99.79952737,31.91269787
1,All Population,3,YLDs (Years Lived with Disability),4853,Himachal Pradesh,2,Female,15,50-54 years,494,Stroke,380,Particulate matter pollution,3,Rate,2021,55.47830855,89.21257329,28.81544978
1,All Population,3,YLDs (Years Lived with Disability),4853,Himachal Pradesh,1,Male,15,50-54 years,498,Hypertensive heart disease,91,Lead exposure,3,Rate,2021,0.645284009,1.911941024,0
1,All Population,3,YLDs (Years Lived with Disability),4853,Himachal Pradesh,2,Female,15,50-54 years,498,Hypertensive heart disease,91,Lead exposure,3,Rate,2021,1.059523791,3.049574952,0
1,All Population,3,YLDs (Years Lived with Disability),4843,Assam,1,Male,15,50-54 years,493,Ischemic heart disease,91,Lead exposure,3,Rate,2021,35.44585271,52.4071627,20.18009736
1,All Population,3,YLDs (Years Lived with Disability),4843,Assam,2,Female,15,50-54 years,493,Ischemic heart disease,91,Lead exposure,3,Rate,2021,21.00209212,30.82512468,12.08124171
1,All Population,3,YLDs (Years Lived with Disability),4851,Gujarat,1,Male,15,50-54 years,493,Ischemic heart disease,380,Particulate matter pollution,3,Rate,2021,55.41573741,82.98299148,32.5495771
1,All Population,3,YLDs (Years Lived with Disability),4851,Gujarat,2,Female,15,50-54 years,493,Ischemic heart disease,380,Particulate matter pollution,3,Rate,2021,31.97921155,46.73586827,18.65607197
1,All Population,3,YLDs (Years Lived with Disability),4851,Gujarat,1,Male,15,50-54 years,494,Stroke,91,Lead exposure,3,Rate,2021,20.03636013,50.24584493,-3.295685524
1,All Population,3,YLDs (Years Lived with Disability),4851,Gujarat,2,Female,15,50-54 years,494,Stroke,91,Lead exposure,3,Rate,2021,16.70032369,43.89805551,-2.869641641
1,All Population,3,YLDs (Years Lived with Disability),4844,Bihar,1,Male,15,50-54 years,498,Hypertensive heart disease,91,Lead exposure,3,Rate,2020,1.226883153,3.419694349,0
1,All Population,3,YLDs (Years Lived with Disability),4844,Bihar,2,Female,15,50-54 years,498,Hypertensive heart disease,91,Lead exposure,3,Rate,2020,1.678133827,4.514441853,0
1,All Population,3,YLDs (Years Lived with Disability),4862,Meghalaya,1,Male,15,50-54 years,493,Ischemic heart disease,380,Particulate matter pollution,3,Rate,2021,35.58165811,55.70078886,19.54547158
1,All Population,3,YLDs (Years Lived with Disability),4862,Meghalaya,2,Female,15,50-54 years,493,Ischemic heart disease,380,Particulate matter pollution,3,Rate,2021,23.40372357,35.68956497,13.92163095
1,All Population,3,YLDs (Years Lived with Disability),4862,Meghalaya,1,Male,15,50-54 years,494,Stroke,91,Lead exposure,3,Rate,2021,15.46880668,42.47457572,-2.603469803
1,All Population,3,YLDs (Years Lived with Disability),4862,Meghalaya,2,Female,15,50-54 years,494,Stroke,91,Lead exposure,3,Rate,2021,11.0367174,30.50297573,-1.840643774
1,All Population,3,YLDs (Years Lived with Disability),4864,Nagaland,1,Male,15,50-54 years,493,Ischemic heart disease,380,Particulate matter pollution,3,Rate,2020,36.9096982,57.66033691,21.44974819
1,All Population,3,YLDs (Years Lived with Disability),4864,Nagaland,2,Female,15,50-54 years,493,Ischemic heart disease,380,Particulate matter pollution,3,Rate,2020,28.62109397,42.24492719,16.65667959
1,All Population,3,YLDs (Years Lived with Disability),4864,Nagaland,1,Male,15,50-54 years,494,Stroke,91,Lead exposure,3,Rate,2020,21.02597226,53.68790022,-3.131736109
1,All Population,3,YLDs (Years Lived with Disability),4864,Nagaland,2,Female,15,50-54 years,494,Stroke,91,Lead exposure,3,Rate,2020,11.79881596,30.24620195,-1.672055249
1,All Population,3,YLDs (Years Lived with Disability),4849,Delhi,1,Male,15,50-54 years,493,Ischemic heart disease,380,Particulate matter pollution,3,Rate,2020,60.39147773,94.88380047,32.93591203
1,All Population,3,YLDs (Years Lived with Disability),4849,Delhi,2,Female,15,50-54 years,493,Ischemic heart disease,380,Particulate matter pollution,3,Rate,2020,38.57743453,59.83246329,22.02722138
1,All Population,3,YLDs (Years Lived with Disability),4849,Delhi,1,Male,15,50-54 years,494,Stroke,91,Lead exposure,3,Rate,2020,9.406152936,25.21587768,-0.948457584
1,All Population,3,YLDs (Years Lived with Disability),4849,Delhi,2,Female,15,50-54 years,494,Stroke,91,Lead exposure,3,Rate,2020,8.359405589,21.06016757,-0.937623073
1,All Population,3,YLDs (Years Lived with Disability),4860,Maharashtra,1,Male,15,50-54 years,493,Ischemic heart disease,91,Lead exposure,3,Rate,2021,38.57847826,56.53863785,23.06776865
1,All Population,3,YLDs (Years Lived with Disability),4860,Maharashtra,2,Female,15,50-54 years,493,Ischemic heart disease,91,Lead exposure,3,Rate,2021,23.12921527,34.10783775,13.9578486
1,All Population,3,YLDs (Years Lived with Disability),4851,Gujarat,1,Male,15,50-54 years,502,Lower extremity peripheral arterial disease,91,Lead exposure,3,Rate,2022,0.009960648,0.033509477,-0.001165336
1,All Population,3,YLDs (Years Lived with Disability),4851,Gujarat,2,Female,15,50-54 years,502,Lower extremity peripheral arterial disease,91,Lead exposure,3,Rate,2022,0.0128209,0.041182151,-0.001524709
1,All Population,3,YLDs (Years Lived with Disability),4846,Chhattisgarh,1,Male,15,50-54 years,500,Atrial fibrillation and flutter,91,Lead exposure,3,Rate,2020,0.976453621,2.834728262,-0.12991379
1,All Population,3,YLDs (Years Lived with Disability),4846,Chhattisgarh,2,Female,15,50-54 years,500,Atrial fibrillation and flutter,91,Lead exposure,3,Rate,2020,0.716282447,2.030940528,-0.090281433
1,All Population,3,YLDs (Years Lived with Disability),4850,Goa,1,Male,15,50-54 years,494,Stroke,380,Particulate matter pollution,3,Rate,2021,56.42309734,88.65890202,30.40588233
1,All Population,3,YLDs (Years Lived with Disability),4850,Goa,2,Female,15,50-54 years,494,Stroke,380,Particulate matter pollution,3,Rate,2021,54.4755737,84.87105513,30.43980494
1,All Population,3,YLDs (Years Lived with Disability),4857,Kerala,1,Male,15,50-54 years,493,Ischemic heart disease,380,Particulate matter pollution,3,Rate,2021,49.36932662,75.46848257,27.82873455
1,All Population,3,YLDs (Years Lived with Disability),4857,Kerala,2,Female,15,50-54 years,493,Ischemic heart disease,380,Particulate matter pollution,3,Rate,2021,25.31063775,38.14353676,14.15592904
1,All Population,3,YLDs (Years Lived with Disability),4857,Kerala,1,Male,15,50-54 years,494,Stroke,380,Particulate matter pollution,3,Rate,2021,76.08927823,122.4471539,38.6113749
1,All Population,3,YLDs (Years Lived with Disability),4857,Kerala,2,Female,15,50-54 years,494,Stroke,380,Particulate matter pollution,3,Rate,2021,65.82914813,104.5862116,34.57435444
1,All Population,3,YLDs (Years Lived with Disability),4875,West Bengal,1,Male,15,50-54 years,498,Hypertensive heart disease,91,Lead exposure,3,Rate,2020,0.653960702,1.678057967,0
1,All Population,3,YLDs (Years Lived with Disability),4875,West Bengal,2,Female,15,50-54 years,498,Hypertensive heart disease,91,Lead exposure,3,Rate,2020,1.119051774,2.696642401,0
1,All Population,3,YLDs (Years Lived with Disability),4857,Kerala,1,Male,15,50-54 years,494,Stroke,91,Lead exposure,3,Rate,2022,19.31892959,46.82064514,-2.872135421
1,All Population,3,YLDs (Years Lived with Disability),4857,Kerala,2,Female,15,50-54 years,494,Stroke,91,Lead exposure,3,Rate,2022,13.85782167,34.97222171,-1.915108182
1,All Population,3,YLDs (Years Lived with Disability),4864,Nagaland,1,Male,15,50-54 years,493,Ischemic heart disease,91,Lead exposure,3,Rate,2022,33.10572366,48.35254398,19.65621924
1,All Population,3,YLDs (Years Lived with Disability),4864,Nagaland,2,Female,15,50-54 years,493,Ischemic heart disease,91,Lead exposure,3,Rate,2022,22.5864827,33.54327131,13.14912659
1,All Population,3,YLDs (Years Lived with Disability),4863,Mizoram,1,Male,15,50-54 years,500,Atrial fibrillation and flutter,91,Lead exposure,3,Rate,2020,1.096723114,3.467673157,-0.195159372
1,All Population,3,YLDs (Years Lived with Disability),4863,Mizoram,2,Female,15,50-54 years,500,Atrial fibrillation and flutter,91,Lead exposure,3,Rate,2020,0.725719865,2.511594557,-0.118905046
1,All Population,3,YLDs (Years Lived with Disability),4852,Haryana,1,Male,15,50-54 years,498,Hypertensive heart disease,91,Lead exposure,3,Rate,2019,0.563257176,1.425096692,0
1,All Population,3,YLDs (Years Lived with Disability),4852,Haryana,2,Female,15,50-54 years,498,Hypertensive heart disease,91,Lead exposure,3,Rate,2019,1.036017466,2.470776786,0
1,All Population,3,YLDs (Years Lived with Disability),4864,Nagaland,1,Male,15,50-54 years,500,Atrial fibrillation and flutter,91,Lead exposure,3,Rate,2021,1.13657806,4.004227099,-0.156304199
1,All Population,3,YLDs (Years Lived with Disability),4864,Nagaland,2,Female,15,50-54 years,500,Atrial fibrillation and flutter,91,Lead exposure,3,Rate,2021,0.836334093,2.641438095,-0.127068678
1,All Population,3,YLDs (Years Lived with Disability),4855,Jharkhand,1,Male,15,50-54 years,494,Stroke,91,Lead exposure,3,Rate,2021,14.20844907,36.18962033,-2.202904541
1,All Population,3,YLDs (Years Lived with Disability),4855,Jharkhand,2,Female,15,50-54 years,494,Stroke,91,Lead exposure,3,Rate,2021,14.05588083,35.24468948,-2.126876201
1,All Population,3,YLDs (Years Lived with Disability),4872,Tripura,1,Male,15,50-54 years,493,Ischemic heart disease,91,Lead exposure,3,Rate,2021,43.15959138,64.26980093,25.7419362
1,All Population,3,YLDs (Years Lived with Disability),4872,Tripura,2,Female,15,50-54 years,493,Ischemic heart disease,91,Lead exposure,3,Rate,2021,25.02884704,35.87856776,15.55890433
1,All Population,3,YLDs (Years Lived with Disability),4857,Kerala,1,Male,15,50-54 years,502,Lower extremity peripheral arterial disease,91,Lead exposure,3,Rate,2020,0.008024013,0.02738896,-0.000841065
1,All Population,3,YLDs (Years Lived with Disability),4857,Kerala,2,Female,15,50-54 years,502,Lower extremity peripheral arterial disease,91,Lead exposure,3,Rate,2020,0.009575723,0.032958513,-0.000857173
1,All Population,3,YLDs (Years Lived with Disability),4862,Meghalaya,1,Male,15,50-54 years,493,Ischemic heart disease,91,Lead exposure,3,Rate,2021,32.98576071,48.50717398,19.61062263
1,All Population,3,YLDs (Years Lived with Disability),4862,Meghalaya,2,Female,15,50-54 years,493,Ischemic heart disease,91,Lead exposure,3,Rate,2021,20.12652508,29.29180004,12.2287703
1,All Population,3,YLDs (Years Lived with Disability),4842,Arunachal Pradesh,1,Male,15,50-54 years,500,Atrial fibrillation and flutter,91,Lead exposure,3,Rate,2021,1.101209042,3.47551083,-0.161508995
1,All Population,3,YLDs (Years Lived with Disability),4842,Arunachal Pradesh,2,Female,15,50-54 years,500,Atrial fibrillation and flutter,91,Lead exposure,3,Rate,2021,0.815950079,2.698383798,-0.120534217
1,All Population,3,YLDs (Years Lived with Disability),4842,Arunachal Pradesh,1,Male,15,50-54 years,493,Ischemic heart disease,380,Particulate matter pollution,3,Rate,2021,29.9719523,47.46821299,16.53550599
1,All Population,3,YLDs (Years Lived with Disability),4842,Arunachal Pradesh,2,Female,15,50-54 years,493,Ischemic heart disease,380,Particulate matter pollution,3,Rate,2021,18.26398722,27.2598153,10.63803222
1,All Population,3,YLDs (Years Lived with Disability),4842,Arunachal Pradesh,1,Male,15,50-54 years,494,Stroke,91,Lead exposure,3,Rate,2021,14.68604884,37.42214841,-1.869958903
1,All Population,3,YLDs (Years Lived with Disability),4842,Arunachal Pradesh,2,Female,15,50-54 years,494,Stroke,91,Lead exposure,3,Rate,2021,10.18108727,26.85896563,-1.511921443
1,All Population,3,YLDs (Years Lived with Disability),4875,West Bengal,1,Male,15,50-54 years,493,Ischemic heart disease,380,Particulate matter pollution,3,Rate,2021,55.18402098,84.78170044,32.88129173
1,All Population,3,YLDs (Years Lived with Disability),4875,West Bengal,2,Female,15,50-54 years,493,Ischemic heart disease,380,Particulate matter pollution,3,Rate,2021,39.31127761,59.03864222,23.70105167
1,All Population,3,YLDs (Years Lived with Disability),4875,West Bengal,1,Male,15,50-54 years,494,Stroke,91,Lead exposure,3,Rate,2021,20.17616453,48.25826909,-2.90662169
1,All Population,3,YLDs (Years Lived with Disability),4875,West Bengal,2,Female,15,50-54 years,494,Stroke,91,Lead exposure,3,Rate,2021,17.62659031,41.89621487,-2.304849523
1,All Population,3,YLDs (Years Lived with Disability),4863,Mizoram,1,Male,15,50-54 years,493,Ischemic heart disease,91,Lead exposure,3,Rate,2022,27.36999356,40.06014013,15.91279564
1,All Population,3,YLDs (Years Lived with Disability),4863,Mizoram,2,Female,15,50-54 years,493,Ischemic heart disease,91,Lead exposure,3,Rate,2022,14.66967901,21.1796728,8.214843038
1,All Population,3,YLDs (Years Lived with Disability),4872,Tripura,1,Male,15,50-54 years,494,Stroke,380,Particulate matter pollution,3,Rate,2019,136.0219266,201.8143915,79.99917739
1,All Population,3,YLDs (Years Lived with Disability),4872,Tripura,2,Female,15,50-54 years,494,Stroke,380,Particulate matter pollution,3,Rate,2019,100.2163009,152.8134303,59.44330232
1,All Population,3,YLDs (Years Lived with Disability),4855,Jharkhand,1,Male,15,50-54 years,494,Stroke,380,Particulate matter pollution,3,Rate,2022,81.31625232,127.5447574,44.64043667
1,All Population,3,YLDs (Years Lived with Disability),4855,Jharkhand,2,Female,15,50-54 years,494,Stroke,380,Particulate matter pollution,3,Rate,2022,100.978636,151.7084394,58.7895266
1,All Population,3,YLDs (Years Lived with Disability),4860,Maharashtra,1,Male,15,50-54 years,493,Ischemic heart disease,380,Particulate matter pollution,3,Rate,2020,41.94604247,61.73980422,24.07902241
1,All Population,3,YLDs (Years Lived with Disability),4860,Maharashtra,2,Female,15,50-54 years,493,Ischemic heart disease,380,Particulate matter pollution,3,Rate,2020,27.45816924,41.26531398,15.87051541
1,All Population,3,YLDs (Years Lived with Disability),4860,Maharashtra,1,Male,15,50-54 years,494,Stroke,91,Lead exposure,3,Rate,2020,16.40493662,43.37509974,-2.459378665
1,All Population,3,YLDs (Years Lived with Disability),4860,Maharashtra,2,Female,15,50-54 years,494,Stroke,91,Lead exposure,3,Rate,2020,11.76876812,30.05254429,-1.951293397
1,All Population,3,YLDs (Years Lived with Disability),4873,Uttar Pradesh,1,Male,15,50-54 years,500,Atrial fibrillation and flutter,91,Lead exposure,3,Rate,2021,1.135746932,3.255477172,-0.132972271
1,All Population,3,YLDs (Years Lived with Disability),4873,Uttar Pradesh,2,Female,15,50-54 years,500,Atrial fibrillation and flutter,91,Lead exposure,3,Rate,2021,0.850601349,2.589180322,-0.095313752
1,All Population,3,YLDs (Years Lived with Disability),4844,Bihar,1,Male,15,50-54 years,494,Stroke,380,Particulate matter pollution,3,Rate,2021,77.87133974,119.5178156,43.8995857
1,All Population,3,YLDs (Years Lived with Disability),4844,Bihar,2,Female,15,50-54 years,494,Stroke,380,Particulate matter pollution,3,Rate,2021,79.11910105,121.0615589,47.02562938
1,All Population,3,YLDs (Years Lived with Disability),4853,Himachal Pradesh,1,Male,15,50-54 years,493,Ischemic heart disease,380,Particulate matter pollution,3,Rate,2018,60.9909882,94.61970792,35.16381118
1,All Population,3,YLDs (Years Lived with Disability),4853,Himachal Pradesh,2,Female,15,50-54 years,493,Ischemic heart disease,380,Particulate matter pollution,3,Rate,2018,31.07104291,48.15261567,17.32375254
1,All Population,3,YLDs (Years Lived with Disability),4855,Jharkhand,1,Male,15,50-54 years,502,Lower extremity peripheral arterial disease,91,Lead exposure,3,Rate,2021,0.007866881,0.030312536,-0.000850679
1,All Population,3,YLDs (Years Lived with Disability),4855,Jharkhand,2,Female,15,50-54 years,502,Lower extremity peripheral arterial disease,91,Lead exposure,3,Rate,2021,0.010028692,0.032987688,-0.001106078
1,All Population,3,YLDs (Years Lived with Disability),4862,Meghalaya,1,Male,15,50-54 years,498,Hypertensive heart disease,91,Lead exposure,3,Rate,2020,1.162986053,3.119387091,0
1,All Population,3,YLDs (Years Lived with Disability),4862,Meghalaya,2,Female,15,50-54 years,498,Hypertensive heart disease,91,Lead exposure,3,Rate,2020,1.587693522,4.008008884,0
1,All Population,3,YLDs (Years Lived with Disability),4867,Punjab,1,Male,15,50-54 years,494,Stroke,380,Particulate matter pollution,3,Rate,2021,75.32105698,110.0707283,42.26543842
1,All Population,3,YLDs (Years Lived with Disability),4867,Punjab,2,Female,15,50-54 years,494,Stroke,380,Particulate matter pollution,3,Rate,2021,66.09448406,98.1464502,37.48448843
1,All Population,3,YLDs (Years Lived with Disability),4873,Uttar Pradesh,1,Male,15,50-54 years,502,Lower extremity peripheral arterial disease,91,Lead exposure,3,Rate,2020,0.010855667,0.03555219,-0.001036259
1,All Population,3,YLDs (Years Lived with Disability),4873,Uttar Pradesh,2,Female,15,50-54 years,502,Lower extremity peripheral arterial disease,91,Lead exposure,3,Rate,2020,0.014014967,0.045538633,-0.001729179
1,All Population,3,YLDs (Years Lived with Disability),4846,Chhattisgarh,1,Male,15,50-54 years,502,Lower extremity peripheral arterial disease,91,Lead exposure,3,Rate,2021,0.007903921,0.028031015,-0.000686752
1,All Population,3,YLDs (Years Lived with Disability),4846,Chhattisgarh,2,Female,15,50-54 years,502,Lower extremity peripheral arterial disease,91,Lead exposure,3,Rate,2021,0.010717654,0.039652654,-0.001181415
1,All Population,3,YLDs (Years Lived with Disability),4846,Chhattisgarh,1,Male,15,50-54 years,493,Ischemic heart disease,91,Lead exposure,3,Rate,2022,43.20911457,64.43929757,25.08294699
1,All Population,3,YLDs (Years Lived with Disability),4846,Chhattisgarh,2,Female,15,50-54 years,493,Ischemic heart disease,91,Lead exposure,3,Rate,2022,23.59005644,35.1965322,13.9608098
1,All Population,3,YLDs (Years Lived with Disability),4852,Haryana,1,Male,15,50-54 years,494,Stroke,380,Particulate matter pollution,3,Rate,2021,105.7018171,160.3927387,61.18239318
1,All Population,3,YLDs (Years Lived with Disability),4852,Haryana,2,Female,15,50-54 years,494,Stroke,380,Particulate matter pollution,3,Rate,2021,102.9486896,156.9035717,59.94703471
1,All Population,3,YLDs (Years Lived with Disability),4854,Jammu & Kashmir and Ladakh,1,Male,15,50-54 years,493,Ischemic heart disease,380,Particulate matter pollution,3,Rate,2021,47.02491063,71.64291009,26.61539754
1,All Population,3,YLDs (Years Lived with Disability),4854,Jammu & Kashmir and Ladakh,2,Female,15,50-54 years,493,Ischemic heart disease,380,Particulate matter pollution,3,Rate,2021,32.28004731,49.05077497,19.13564346
1,All Population,3,YLDs (Years Lived with Disability),4854,Jammu & Kashmir and Ladakh,1,Male,15,50-54 years,494,Stroke,91,Lead exposure,3,Rate,2021,10.0503276,24.68092731,-1.768162441
1,All Population,3,YLDs (Years Lived with Disability),4854,Jammu & Kashmir and Ladakh,2,Female,15,50-54 years,494,Stroke,91,Lead exposure,3,Rate,2021,8.055360029,20.43105413,-1.254040744
1,All Population,3,YLDs (Years Lived with Disability),4844,Bihar,1,Male,15,50-54 years,498,Hypertensive heart disease,91,Lead exposure,3,Rate,2021,1.166121021,2.914645362,0
1,All Population,3,YLDs (Years Lived with Disability),4844,Bihar,2,Female,15,50-54 years,498,Hypertensive heart disease,91,Lead exposure,3,Rate,2021,1.653492268,4.009360805,0
1,All Population,3,YLDs (Years Lived with Disability),4852,Haryana,1,Male,15,50-54 years,493,Ischemic heart disease,380,Particulate matter pollution,3,Rate,2020,61.5902982,91.68668625,35.23828415
1,All Population,3,YLDs (Years Lived with Disability),4852,Haryana,2,Female,15,50-54 years,493,Ischemic heart disease,380,Particulate matter pollution,3,Rate,2020,35.9482134,54.01196183,21.02300824
1,All Population,3,YLDs (Years Lived with Disability),4860,Maharashtra,1,Male,15,50-54 years,494,Stroke,380,Particulate matter pollution,3,Rate,2021,83.33151914,128.6019071,46.40310042
1,All Population,3,YLDs (Years Lived with Disability),4860,Maharashtra,2,Female,15,50-54 years,494,Stroke,380,Particulate matter pollution,3,Rate,2021,70.90635075,112.8592176,38.1379393
1,All Population,3,YLDs (Years Lived with Disability),4844,Bihar,1,Male,15,50-54 years,500,Atrial fibrillation and flutter,91,Lead exposure,3,Rate,2018,1.202006936,4.259516324,-0.20836196
1,All Population,3,YLDs (Years Lived with Disability),4844,Bihar,2,Female,15,50-54 years,500,Atrial fibrillation and flutter,91,Lead exposure,3,Rate,2018,0.92276054,3.39166951,-0.128897378
1,All Population,3,YLDs (Years Lived with Disability),4853,Himachal Pradesh,1,Male,15,50-54 years,500,Atrial fibrillation and flutter,91,Lead exposure,3,Rate,2022,1.029360162,3.29576633,-0.136895753
1,All Population,3,YLDs (Years Lived with Disability),4853,Himachal Pradesh,2,Female,15,50-54 years,500,Atrial fibrillation and flutter,91,Lead exposure,3,Rate,2022,0.772677937,2.715722655,-0.126904924
1,All Population,3,YLDs (Years Lived with Disability),4849,Delhi,1,Male,15,50-54 years,493,Ischemic heart disease,380,Particulate matter pollution,3,Rate,2021,60.2955628,92.63317824,33.30906363
1,All Population,3,YLDs (Years Lived with Disability),4849,Delhi,2,Female,15,50-54 years,493,Ischemic heart disease,380,Particulate matter pollution,3,Rate,2021,38.09633876,57.36736951,21.08657561
1,All Population,3,YLDs (Years Lived with Disability),4849,Delhi,1,Male,15,50-54 years,494,Stroke,91,Lead exposure,3,Rate,2021,9.017404753,25.83156569,-0.98137804
1,All Population,3,YLDs (Years Lived with Disability),4849,Delhi,2,Female,15,50-54 years,494,Stroke,91,Lead exposure,3,Rate,2021,8.135459551,21.52195943,-0.850595298
1,All Population,3,YLDs (Years Lived with Disability),4842,Arunachal Pradesh,1,Male,15,50-54 years,493,Ischemic heart disease,380,Particulate matter pollution,3,Rate,2022,28.5834574,43.40293457,15.53631218
1,All Population,3,YLDs (Years Lived with Disability),4842,Arunachal Pradesh,2,Female,15,50-54 years,493,Ischemic heart disease,380,Particulate matter pollution,3,Rate,2022,17.59657294,26.34181715,9.485215414
1,All Population,3,YLDs (Years Lived with Disability),4842,Arunachal Pradesh,1,Male,15,50-54 years,494,Stroke,91,Lead exposure,3,Rate,2022,14.55395709,38.88122914,-2.071821977
1,All Population,3,YLDs (Years Lived with Disability),4842,Arunachal Pradesh,2,Female,15,50-54 years,494,Stroke,91,Lead exposure,3,Rate,2022,10.11145931,26.56547542,-1.568685262
1,All Population,3,YLDs (Years Lived with Disability),4860,Maharashtra,1,Male,15,50-54 years,493,Ischemic heart disease,380,Particulate matter pollution,3,Rate,2022,40.17060439,61.9786656,22.70875942
1,All Population,3,YLDs (Years Lived with Disability),4860,Maharashtra,2,Female,15,50-54 years,493,Ischemic heart disease,380,Particulate matter pollution,3,Rate,2022,26.35874633,39.60144995,15.2023566
1,All Population,3,YLDs (Years Lived with Disability),4860,Maharashtra,1,Male,15,50-54 years,494,Stroke,91,Lead exposure,3,Rate,2022,16.33922289,42.34454567,-2.680780634
1,All Population,3,YLDs (Years Lived with Disability),4860,Maharashtra,2,Female,15,50-54 years,494,Stroke,91,Lead exposure,3,Rate,2022,12.20267672,31.7446921,-1.600366641
1,All Population,3,YLDs (Years Lived with Disability),4852,Haryana,1,Male,15,50-54 years,502,Lower extremity peripheral arterial disease,91,Lead exposure,3,Rate,2022,0.007350685,0.026878328,-0.00094418
1,All Population,3,YLDs (Years Lived with Disability),4852,Haryana,2,Female,15,50-54 years,502,Lower extremity peripheral arterial disease,91,Lead exposure,3,Rate,2022,0.009882473,0.032928929,-0.000805612
1,All Population,3,YLDs (Years Lived with Disability),4849,Delhi,1,Male,15,50-54 years,493,Ischemic heart disease,91,Lead exposure,3,Rate,2022,38.14615848,55.51381487,21.88342183
1,All Population,3,YLDs (Years Lived with Disability),4849,Delhi,2,Female,15,50-54 years,493,Ischemic heart disease,91,Lead exposure,3,Rate,2022,20.73520778,30.30007861,12.63010755
1,All Population,3,YLDs (Years Lived with Disability),4862,Meghalaya,1,Male,15,50-54 years,498,Hypertensive heart disease,91,Lead exposure,3,Rate,2021,1.195409155,3.094760852,0
1,All Population,3,YLDs (Years Lived with Disability),4862,Meghalaya,2,Female,15,50-54 years,498,Hypertensive heart disease,91,Lead exposure,3,Rate,2021,1.517291345,3.562276587,0
1,All Population,3,YLDs (Years Lived with Disability),4875,West Bengal,1,Male,15,50-54 years,500,Atrial fibrillation and flutter,91,Lead exposure,3,Rate,2021,0.993287231,3.412852319,-0.148211918
1,All Population,3,YLDs (Years Lived with Disability),4875,West Bengal,2,Female,15,50-54 years,500,Atrial fibrillation and flutter,91,Lead exposure,3,Rate,2021,0.793280424,2.641393276,-0.109720336
1,All Population,3,YLDs (Years Lived with Disability),4865,Odisha,1,Male,15,50-54 years,494,Stroke,91,Lead exposure,3,Rate,2021,17.19937416,43.63658873,-3.191158251
1,All Population,3,YLDs (Years Lived with Disability),4865,Odisha,2,Female,15,50-54 years,494,Stroke,91,Lead exposure,3,Rate,2021,12.14725893,30.27378759,-1.900230292
1,All Population,3,YLDs (Years Lived with Disability),4868,Rajasthan,1,Male,15,50-54 years,493,Ischemic heart disease,380,Particulate matter pollution,3,Rate,2020,77.32289155,114.07193,44.50595356
1,All Population,3,YLDs (Years Lived with Disability),4868,Rajasthan,2,Female,15,50-54 years,493,Ischemic heart disease,380,Particulate matter pollution,3,Rate,2020,41.98144787,62.83401299,24.37460668
1,All Population,3,YLDs (Years Lived with Disability),4868,Rajasthan,1,Male,15,50-54 years,494,Stroke,91,Lead exposure,3,Rate,2020,8.253109436,20.81513534,-1.353325314
1,All Population,3,YLDs (Years Lived with Disability),4868,Rajasthan,2,Female,15,50-54 years,494,Stroke,91,Lead exposure,3,Rate,2020,5.358227591,14.69706871,-0.705949821
1,All Population,3,YLDs (Years Lived with Disability),4853,Himachal Pradesh,1,Male,15,50-54 years,493,Ischemic heart disease,380,Particulate matter pollution,3,Rate,2021,55.54940131,85.10966721,30.96599395
1,All Population,3,YLDs (Years Lived with Disability),4853,Himachal Pradesh,2,Female,15,50-54 years,493,Ischemic heart disease,380,Particulate matter pollution,3,Rate,2021,27.84201792,41.71825933,16.33552069
1,All Population,3,YLDs (Years Lived with Disability),4862,Meghalaya,1,Male,15,50-54 years,500,Atrial fibrillation and flutter,91,Lead exposure,3,Rate,2021,1.166192722,3.425565219,-0.172894803
1,All Population,3,YLDs (Years Lived with Disability),4862,Meghalaya,2,Female,15,50-54 years,500,Atrial fibrillation and flutter,91,Lead exposure,3,Rate,2021,0.876689161,2.902003863,-0.10569982
1,All Population,3,YLDs (Years Lived with Disability),4869,Sikkim,1,Male,15,50-54 years,494,Stroke,380,Particulate matter pollution,3,Rate,2021,69.96572411,109.1123471,38.30094744
1,All Population,3,YLDs (Years Lived with Disability),4869,Sikkim,2,Female,15,50-54 years,494,Stroke,380,Particulate matter pollution,3,Rate,2021,65.26668576,97.58114073,37.7038983
1,All Population,3,YLDs (Years Lived with Disability),4861,Manipur,1,Male,15,50-54 years,493,Ischemic heart disease,91,Lead exposure,3,Rate,2021,34.72157695,51.39120851,22.31116597
1,All Population,3,YLDs (Years Lived with Disability),4861,Manipur,2,Female,15,50-54 years,493,Ischemic heart disease,91,Lead exposure,3,Rate,2021,23.29647573,33.42208671,13.63998833
1,All Population,3,YLDs (Years Lived with Disability),4850,Goa,1,Male,15,50-54 years,500,Atrial fibrillation and flutter,91,Lead exposure,3,Rate,2021,0.979810672,3.231191017,-0.135771152
1,All Population,3,YLDs (Years Lived with Disability),4850,Goa,2,Female,15,50-54 years,500,Atrial fibrillation and flutter,91,Lead exposure,3,Rate,2021,0.737006295,2.323238211,-0.09768368
1,All Population,3,YLDs (Years Lived with Disability),4859,Madhya Pradesh,1,Male,15,50-54 years,493,Ischemic heart disease,91,Lead exposure,3,Rate,2021,50.93648169,75.45273287,32.00223696
1,All Population,3,YLDs (Years Lived with Disability),4859,Madhya Pradesh,2,Female,15,50-54 years,493,Ischemic heart disease,91,Lead exposure,3,Rate,2021,24.73471454,36.16002829,14.33477226
1,All Population,3,YLDs (Years Lived with Disability),4855,Jharkhand,1,Male,15,50-54 years,498,Hypertensive heart disease,91,Lead exposure,3,Rate,2021,0.806103115,2.230432685,0
1,All Population,3,YLDs (Years Lived with Disability),4855,Jharkhand,2,Female,15,50-54 years,498,Hypertensive heart disease,91,Lead exposure,3,Rate,2021,1.235068467,3.413890613,0
1,All Population,3,YLDs (Years Lived with Disability),4861,Manipur,1,Male,15,50-54 years,500,Atrial fibrillation and flutter,91,Lead exposure,3,Rate,2021,1.153624996,3.477201697,-0.178449848
1,All Population,3,YLDs (Years Lived with Disability),4861,Manipur,2,Female,15,50-54 years,500,Atrial fibrillation and flutter,91,Lead exposure,3,Rate,2021,0.838820002,2.381476091,-0.10420721
1,All Population,3,YLDs (Years Lived with Disability),44538,Other Union Territories,1,Male,15,50-54 years,498,Hypertensive heart disease,91,Lead exposure,3,Rate,2021,0.64611543,1.471202034,0
1,All Population,3,YLDs (Years Lived with Disability),44538,Other Union Territories,2,Female,15,50-54 years,498,Hypertensive heart disease,91,Lead exposure,3,Rate,2021,1.123784886,2.66721799,0
1,All Population,3,YLDs (Years Lived with Disability),4874,Uttarakhand,1,Male,15,50-54 years,502,Lower extremity peripheral arterial disease,91,Lead exposure,3,Rate,2021,0.008690419,0.028323669,-0.000830074
1,All Population,3,YLDs (Years Lived with Disability),4874,Uttarakhand,2,Female,15,50-54 years,502,Lower extremity peripheral arterial disease,91,Lead exposure,3,Rate,2021,0.011416433,0.03711157,-0.001041257
1,All Population,3,YLDs (Years Lived with Disability),4862,Meghalaya,1,Male,15,50-54 years,502,Lower extremity peripheral arterial disease,91,Lead exposure,3,Rate,2021,0.010172236,0.032973238,-0.001027454
1,All Population,3,YLDs (Years Lived with Disability),4862,Meghalaya,2,Female,15,50-54 years,502,Lower extremity peripheral arterial disease,91,Lead exposure,3,Rate,2021,0.011272872,0.035545629,-0.001123916
1,All Population,3,YLDs (Years Lived with Disability),4867,Punjab,1,Male,15,50-54 years,498,Hypertensive heart disease,91,Lead exposure,3,Rate,2021,0.391375153,1.000065525,0
1,All Population,3,YLDs (Years Lived with Disability),4867,Punjab,2,Female,15,50-54 years,498,Hypertensive heart disease,91,Lead exposure,3,Rate,2021,0.614535928,1.605745962,0
1,All Population,3,YLDs (Years Lived with Disability),4854,Jammu & Kashmir and Ladakh,1,Male,15,50-54 years,498,Hypertensive heart disease,91,Lead exposure,3,Rate,2021,0.567676377,1.418781994,0
1,All Population,3,YLDs (Years Lived with Disability),4854,Jammu & Kashmir and Ladakh,2,Female,15,50-54 years,498,Hypertensive heart disease,91,Lead exposure,3,Rate,2021,0.858515388,2.035546503,0
1,All Population,3,YLDs (Years Lived with Disability),4864,Nagaland,1,Male,15,50-54 years,502,Lower extremity peripheral arterial disease,91,Lead exposure,3,Rate,2021,0.007151609,0.022661509,-0.000951311
1,All Population,3,YLDs (Years Lived with Disability),4864,Nagaland,2,Female,15,50-54 years,502,Lower extremity peripheral arterial disease,91,Lead exposure,3,Rate,2021,0.008143367,0.025616662,-0.000905981
1,All Population,3,YLDs (Years Lived with Disability),4841,Andhra Pradesh,1,Male,15,50-54 years,493,Ischemic heart disease,380,Particulate matter pollution,3,Rate,2022,50.40193714,77.36022212,28.05231502
1,All Population,3,YLDs (Years Lived with Disability),4841,Andhra Pradesh,2,Female,15,50-54 years,493,Ischemic heart disease,380,Particulate matter pollution,3,Rate,2022,30.07491142,45.09500504,16.59467321
1,All Population,3,YLDs (Years Lived with Disability),4841,Andhra Pradesh,1,Male,15,50-54 years,494,Stroke,91,Lead exposure,3,Rate,2022,12.41746487,31.17363441,-1.810459111
1,All Population,3,YLDs (Years Lived with Disability),4841,Andhra Pradesh,2,Female,15,50-54 years,494,Stroke,91,Lead exposure,3,Rate,2022,9.898505221,25.00150231,-1.276480854
1,All Population,3,YLDs (Years Lived with Disability),4874,Uttarakhand,1,Male,15,50-54 years,493,Ischemic heart disease,380,Particulate matter pollution,3,Rate,2019,74.55683121,114.4056208,41.73509843
1,All Population,3,YLDs (Years Lived with Disability),4874,Uttarakhand,2,Female,15,50-54 years,493,Ischemic heart disease,380,Particulate matter pollution,3,Rate,2019,41.1853104,60.23534333,24.61605614
1,All Population,3,YLDs (Years Lived with Disability),4874,Uttarakhand,1,Male,15,50-54 years,494,Stroke,91,Lead exposure,3,Rate,2019,17.32296569,42.38226486,-2.727577425
1,All Population,3,YLDs (Years Lived with Disability),4874,Uttarakhand,2,Female,15,50-54 years,494,Stroke,91,Lead exposure,3,Rate,2019,10.6442121,26.85710029,-1.668287793
1,All Population,3,YLDs (Years Lived with Disability),4856,Karnataka,1,Male,15,50-54 years,493,Ischemic heart disease,380,Particulate matter pollution,3,Rate,2021,51.51983973,76.30041486,27.94396729
1,All Population,3,YLDs (Years Lived with Disability),4856,Karnataka,2,Female,15,50-54 years,493,Ischemic heart disease,380,Particulate matter pollution,3,Rate,2021,35.23596647,53.01564347,20.16413442
1,All Population,3,YLDs (Years Lived with Disability),4842,Arunachal Pradesh,1,Male,15,50-54 years,494,Stroke,380,Particulate matter pollution,3,Rate,2022,56.1752533,89.26318738,28.55347054
1,All Population,3,YLDs (Years Lived with Disability),4842,Arunachal Pradesh,2,Female,15,50-54 years,494,Stroke,380,Particulate matter pollution,3,Rate,2022,51.34852415,81.96362078,27.53971353
1,All Population,3,YLDs (Years Lived with Disability),4865,Odisha,1,Male,15,50-54 years,498,Hypertensive heart disease,91,Lead exposure,3,Rate,2020,1.243099014,3.250872358,0
1,All Population,3,YLDs (Years Lived with Disability),4865,Odisha,2,Female,15,50-54 years,498,Hypertensive heart disease,91,Lead exposure,3,Rate,2020,1.55544843,4.251141118,0
1,All Population,3,YLDs (Years Lived with Disability),4849,Delhi,1,Male,15,50-54 years,494,Stroke,380,Particulate matter pollution,3,Rate,2021,70.8701402,112.0907443,38.33139444
1,All Population,3,YLDs (Years Lived with Disability),4849,Delhi,2,Female,15,50-54 years,494,Stroke,380,Particulate matter pollution,3,Rate,2021,79.21734525,117.1511032,42.50446518
1,All Population,3,YLDs (Years Lived with Disability),4849,Delhi,1,Male,15,50-54 years,498,Hypertensive heart disease,91,Lead exposure,3,Rate,2021,0.445959532,1.27812036,0
1,All Population,3,YLDs (Years Lived with Disability),4849,Delhi,2,Female,15,50-54 years,498,Hypertensive heart disease,91,Lead exposure,3,Rate,2021,0.690874962,1.882367392,0
1,All Population,3,YLDs (Years Lived with Disability),4871,Telangana,1,Male,15,50-54 years,494,Stroke,380,Particulate matter pollution,3,Rate,2022,59.12756448,92.45251519,32.30913242
1,All Population,3,YLDs (Years Lived with Disability),4871,Telangana,2,Female,15,50-54 years,494,Stroke,380,Particulate matter pollution,3,Rate,2022,50.75243814,78.08509419,26.0210451
1,All Population,3,YLDs (Years Lived with Disability),4855,Jharkhand,1,Male,15,50-54 years,500,Atrial fibrillation and flutter,91,Lead exposure,3,Rate,2022,1.046908934,3.406928711,-0.143740597
1,All Population,3,YLDs (Years Lived with Disability),4855,Jharkhand,2,Female,15,50-54 years,500,Atrial fibrillation and flutter,91,Lead exposure,3,Rate,2022,0.767464838,2.546625011,-0.084746636
1,All Population,3,YLDs (Years Lived with Disability),4875,West Bengal,1,Male,15,50-54 years,498,Hypertensive heart disease,91,Lead exposure,3,Rate,2021,0.64605282,1.541786131,0
1,All Population,3,YLDs (Years Lived with Disability),4875,West Bengal,2,Female,15,50-54 years,498,Hypertensive heart disease,91,Lead exposure,3,Rate,2021,1.043830656,2.38891608,0
1,All Population,3,YLDs (Years Lived with Disability),4873,Uttar Pradesh,1,Male,15,50-54 years,494,Stroke,91,Lead exposure,3,Rate,2022,19.88435629,45.80933005,-2.669655635
1,All Population,3,YLDs (Years Lived with Disability),4873,Uttar Pradesh,2,Female,15,50-54 years,494,Stroke,91,Lead exposure,3,Rate,2022,18.89995199,45.48311042,-2.626116304
1,All Population,3,YLDs (Years Lived with Disability),4851,Gujarat,1,Male,15,50-54 years,498,Hypertensive heart disease,91,Lead exposure,3,Rate,2021,0.770647503,1.924494701,0
1,All Population,3,YLDs (Years Lived with Disability),4851,Gujarat,2,Female,15,50-54 years,498,Hypertensive heart disease,91,Lead exposure,3,Rate,2021,1.376525363,3.331682089,0
1,All Population,3,YLDs (Years Lived with Disability),4867,Punjab,1,Male,15,50-54 years,500,Atrial fibrillation and flutter,91,Lead exposure,3,Rate,2021,0.872734433,2.546118108,-0.114317877
1,All Population,3,YLDs (Years Lived with Disability),4867,Punjab,2,Female,15,50-54 years,500,Atrial fibrillation and flutter,91,Lead exposure,3,Rate,2021,0.679460141,2.082323272,-0.08369886
1,All Population,3,YLDs (Years Lived with Disability),4874,Uttarakhand,1,Male,15,50-54 years,493,Ischemic heart disease,91,Lead exposure,3,Rate,2021,62.76754085,94.26990003,37.23282561
1,All Population,3,YLDs (Years Lived with Disability),4874,Uttarakhand,2,Female,15,50-54 years,493,Ischemic heart disease,91,Lead exposure,3,Rate,2021,30.37610227,44.71707368,18.67107237
1,All Population,3,YLDs (Years Lived with Disability),4864,Nagaland,1,Male,15,50-54 years,493,Ischemic heart disease,380,Particulate matter pollution,3,Rate,2021,35.83628752,55.51266585,20.53036617
1,All Population,3,YLDs (Years Lived with Disability),4864,Nagaland,2,Female,15,50-54 years,493,Ischemic heart disease,380,Particulate matter pollution,3,Rate,2021,27.43202475,41.23808928,16.26759481
1,All Population,3,YLDs (Years Lived with Disability),4864,Nagaland,1,Male,15,50-54 years,494,Stroke,91,Lead exposure,3,Rate,2021,20.26997499,51.19557182,-3.110809362
1,All Population,3,YLDs (Years Lived with Disability),4864,Nagaland,2,Female,15,50-54 years,494,Stroke,91,Lead exposure,3,Rate,2021,11.56432614,28.91255087,-1.607588808
1,All Population,3,YLDs (Years Lived with Disability),4850,Goa,1,Male,15,50-54 years,502,Lower extremity peripheral arterial disease,91,Lead exposure,3,Rate,2021,0.007219181,0.0252296,-0.000809728
1,All Population,3,YLDs (Years Lived with Disability),4850,Goa,2,Female,15,50-54 years,502,Lower extremity peripheral arterial disease,91,Lead exposure,3,Rate,2021,0.008913421,0.028840518,-0.001136041
1,All Population,3,YLDs (Years Lived with Disability),4869,Sikkim,1,Male,15,50-54 years,498,Hypertensive heart disease,91,Lead exposure,3,Rate,2021,0.738107215,1.888582508,0
1,All Population,3,YLDs (Years Lived with Disability),4869,Sikkim,2,Female,15,50-54 years,498,Hypertensive heart disease,91,Lead exposure,3,Rate,2021,0.944483331,2.23508447,0
1,All Population,3,YLDs (Years Lived with Disability),4852,Haryana,1,Male,15,50-54 years,500,Atrial fibrillation and flutter,91,Lead exposure,3,Rate,2021,0.977017162,3.345097351,-0.134759385
1,All Population,3,YLDs (Years Lived with Disability),4852,Haryana,2,Female,15,50-54 years,500,Atrial fibrillation and flutter,91,Lead exposure,3,Rate,2021,0.709061621,2.204600704,-0.096766559
1,All Population,3,YLDs (Years Lived with Disability),4857,Kerala,1,Male,15,50-54 years,500,Atrial fibrillation and flutter,91,Lead exposure,3,Rate,2021,1.06951622,3.698209153,-0.146793307
1,All Population,3,YLDs (Years Lived with Disability),4857,Kerala,2,Female,15,50-54 years,500,Atrial fibrillation and flutter,91,Lead exposure,3,Rate,2021,0.794415333,2.569475482,-0.103207611
1,All Population,3,YLDs (Years Lived with Disability),4851,Gujarat,1,Male,15,50-54 years,493,Ischemic heart disease,91,Lead exposure,3,Rate,2022,53.42128977,77.49662936,31.47673197
1,All Population,3,YLDs (Years Lived with Disability),4851,Gujarat,2,Female,15,50-54 years,493,Ischemic heart disease,91,Lead exposure,3,Rate,2022,29.74265053,42.75727297,17.60539927
1,All Population,3,YLDs (Years Lived with Disability),4841,Andhra Pradesh,1,Male,15,50-54 years,494,Stroke,380,Particulate matter pollution,3,Rate,2022,55.50374875,90.53943295,30.5140975
1,All Population,3,YLDs (Years Lived with Disability),4841,Andhra Pradesh,2,Female,15,50-54 years,494,Stroke,380,Particulate matter pollution,3,Rate,2022,53.04533192,85.85592704,29.41648252
1,All Population,3,YLDs (Years Lived with Disability),4871,Telangana,1,Male,15,50-54 years,498,Hypertensive heart disease,91,Lead exposure,3,Rate,2021,0.586990186,1.649566177,0
1,All Population,3,YLDs (Years Lived with Disability),4871,Telangana,2,Female,15,50-54 years,498,Hypertensive heart disease,91,Lead exposure,3,Rate,2021,1.115965603,2.700315506,0
1,All Population,3,YLDs (Years Lived with Disability),4873,Uttar Pradesh,1,Male,15,50-54 years,502,Lower extremity peripheral arterial disease,91,Lead exposure,3,Rate,2021,0.011148256,0.033377791,-0.001095759
1,All Population,3,YLDs (Years Lived with Disability),4873,Uttar Pradesh,2,Female,15,50-54 years,502,Lower extremity peripheral arterial disease,91,Lead exposure,3,Rate,2021,0.014183523,0.048284738,-0.001654128
1,All Population,3,YLDs (Years Lived with Disability),4865,Odisha,1,Male,15,50-54 years,493,Ischemic heart disease,91,Lead exposure,3,Rate,2022,33.02359533,49.72468935,19.7595099
1,All Population,3,YLDs (Years Lived with Disability),4865,Odisha,2,Female,15,50-54 years,493,Ischemic heart disease,91,Lead exposure,3,Rate,2022,19.37641699,28.55746114,11.70166133
1,All Population,3,YLDs (Years Lived with Disability),4844,Bihar,1,Male,15,50-54 years,500,Atrial fibrillation and flutter,91,Lead exposure,3,Rate,2021,1.158330415,3.916276059,-0.164618942
1,All Population,3,YLDs (Years Lived with Disability),4844,Bihar,2,Female,15,50-54 years,500,Atrial fibrillation and flutter,91,Lead exposure,3,Rate,2021,0.873863361,3.124313876,-0.112157082
1,All Population,3,YLDs (Years Lived with Disability),4853,Himachal Pradesh,1,Male,15,50-54 years,494,Stroke,91,Lead exposure,3,Rate,2018,12.58296699,32.49604925,-2.471595242
1,All Population,3,YLDs (Years Lived with Disability),4853,Himachal Pradesh,2,Female,15,50-54 years,494,Stroke,91,Lead exposure,3,Rate,2018,9.118393918,26.100914,-1.653798267
1,All Population,3,YLDs (Years Lived with Disability),4850,Goa,1,Male,15,50-54 years,493,Ischemic heart disease,91,Lead exposure,3,Rate,2022,44.6431594,64.44860856,27.23626081
1,All Population,3,YLDs (Years Lived with Disability),4850,Goa,2,Female,15,50-54 years,493,Ischemic heart disease,91,Lead exposure,3,Rate,2022,24.81882189,36.09726039,14.37234916
1,All Population,3,YLDs (Years Lived with Disability),4867,Punjab,1,Male,15,50-54 years,502,Lower extremity peripheral arterial disease,91,Lead exposure,3,Rate,2022,0.004281819,0.013086764,-0.000426206
1,All Population,3,YLDs (Years Lived with Disability),4867,Punjab,2,Female,15,50-54 years,502,Lower extremity peripheral arterial disease,91,Lead exposure,3,Rate,2022,0.007205084,0.023619956,-0.000610753
1,All Population,3,YLDs (Years Lived with Disability),4856,Karnataka,1,Male,15,50-54 years,494,Stroke,91,Lead exposure,3,Rate,2021,17.59152796,44.84438467,-2.844723941
1,All Population,3,YLDs (Years Lived with Disability),4856,Karnataka,2,Female,15,50-54 years,494,Stroke,91,Lead exposure,3,Rate,2021,13.66746335,37.02882194,-2.299673763
1,All Population,3,YLDs (Years Lived with Disability),4853,Himachal Pradesh,1,Male,15,50-54 years,494,Stroke,91,Lead exposure,3,Rate,2021,12.03524099,34.00481433,-2.331179451
1,All Population,3,YLDs (Years Lived with Disability),4853,Himachal Pradesh,2,Female,15,50-54 years,494,Stroke,91,Lead exposure,3,Rate,2021,8.748024839,23.75751777,-1.591247473
1,All Population,3,YLDs (Years Lived with Disability),4857,Kerala,1,Male,15,50-54 years,498,Hypertensive heart disease,91,Lead exposure,3,Rate,2022,0.535658076,1.50007453,0
1,All Population,3,YLDs (Years Lived with Disability),4857,Kerala,2,Female,15,50-54 years,498,Hypertensive heart disease,91,Lead exposure,3,Rate,2022,1.178356465,2.904570225,0
1,All Population,3,YLDs (Years Lived with Disability),4842,Arunachal Pradesh,1,Male,15,50-54 years,498,Hypertensive heart disease,91,Lead exposure,3,Rate,2021,0.907969851,2.254392042,0
1,All Population,3,YLDs (Years Lived with Disability),4842,Arunachal Pradesh,2,Female,15,50-54 years,498,Hypertensive heart disease,91,Lead exposure,3,Rate,2021,1.504897989,3.747522279,0
1,All Population,3,YLDs (Years Lived with Disability),4872,Tripura,1,Male,15,50-54 years,498,Hypertensive heart disease,91,Lead exposure,3,Rate,2019,0.857260311,2.254621442,0
1,All Population,3,YLDs (Years Lived with Disability),4872,Tripura,2,Female,15,50-54 years,498,Hypertensive heart disease,91,Lead exposure,3,Rate,2019,1.286524512,3.23145054,0
1,All Population,3,YLDs (Years Lived with Disability),4863,Mizoram,1,Male,15,50-54 years,502,Lower extremity peripheral arterial disease,91,Lead exposure,3,Rate,2021,0.009555637,0.033499208,-0.001130256
1,All Population,3,YLDs (Years Lived with Disability),4863,Mizoram,2,Female,15,50-54 years,502,Lower extremity peripheral arterial disease,91,Lead exposure,3,Rate,2021,0.011704167,0.040175674,-0.001254252
1,All Population,3,YLDs (Years Lived with Disability),4860,Maharashtra,1,Male,15,50-54 years,498,Hypertensive heart disease,91,Lead exposure,3,Rate,2020,0.645675735,1.707360516,0
1,All Population,3,YLDs (Years Lived with Disability),4860,Maharashtra,2,Female,15,50-54 years,498,Hypertensive heart disease,91,Lead exposure,3,Rate,2020,1.253523271,3.122671206,0
1,All Population,3,YLDs (Years Lived with Disability),4865,Odisha,1,Male,15,50-54 years,494,Stroke,380,Particulate matter pollution,3,Rate,2021,98.67929349,152.949636,54.57495787
1,All Population,3,YLDs (Years Lived with Disability),4865,Odisha,2,Female,15,50-54 years,494,Stroke,380,Particulate matter pollution,3,Rate,2021,86.12255435,132.7508786,49.92587213
1,All Population,3,YLDs (Years Lived with Disability),4868,Rajasthan,1,Male,15,50-54 years,498,Hypertensive heart disease,91,Lead exposure,3,Rate,2020,0.439183792,1.115495083,0
1,All Population,3,YLDs (Years Lived with Disability),4868,Rajasthan,2,Female,15,50-54 years,498,Hypertensive heart disease,91,Lead exposure,3,Rate,2020,0.77175473,1.868393568,0
1,All Population,3,YLDs (Years Lived with Disability),4844,Bihar,1,Male,15,50-54 years,493,Ischemic heart disease,380,Particulate matter pollution,3,Rate,2022,48.78056929,74.27958702,27.44386089
1,All Population,3,YLDs (Years Lived with Disability),4844,Bihar,2,Female,15,50-54 years,493,Ischemic heart disease,380,Particulate matter pollution,3,Rate,2022,33.29435532,50.77788336,19.07597394
1,All Population,3,YLDs (Years Lived with Disability),4844,Bihar,1,Male,15,50-54 years,494,Stroke,91,Lead exposure,3,Rate,2022,13.65470494,35.28962894,-2.507739915
1,All Population,3,YLDs (Years Lived with Disability),4844,Bihar,2,Female,15,50-54 years,494,Stroke,91,Lead exposure,3,Rate,2022,11.91378001,32.18990648,-1.853985811
1,All Population,3,YLDs (Years Lived with Disability),4865,Odisha,1,Male,15,50-54 years,498,Hypertensive heart disease,91,Lead exposure,3,Rate,2021,1.261259775,3.285295496,0
1,All Population,3,YLDs (Years Lived with Disability),4865,Odisha,2,Female,15,50-54 years,498,Hypertensive heart disease,91,Lead exposure,3,Rate,2021,1.518782418,3.543834495,0
1,All Population,3,YLDs (Years Lived with Disability),4852,Haryana,1,Male,15,50-54 years,494,Stroke,91,Lead exposure,3,Rate,2020,16.69911788,41.04716289,-2.181349449
1,All Population,3,YLDs (Years Lived with Disability),4852,Haryana,2,Female,15,50-54 years,494,Stroke,91,Lead exposure,3,Rate,2020,12.85269869,32.45005514,-1.563986595
1,All Population,3,YLDs (Years Lived with Disability),4853,Himachal Pradesh,1,Male,15,50-54 years,493,Ischemic heart disease,91,Lead exposure,3,Rate,2022,50.1150862,73.44030591,29.11764773
1,All Population,3,YLDs (Years Lived with Disability),4853,Himachal Pradesh,2,Female,15,50-54 years,493,Ischemic heart disease,91,Lead exposure,3,Rate,2022,22.17176517,33.49745023,13.0449513
1,All Population,3,YLDs (Years Lived with Disability),4863,Mizoram,1,Male,15,50-54 years,494,Stroke,380,Particulate matter pollution,3,Rate,2021,52.04900792,80.47469081,28.44745937
1,All Population,3,YLDs (Years Lived with Disability),4863,Mizoram,2,Female,15,50-54 years,494,Stroke,380,Particulate matter pollution,3,Rate,2021,46.55024404,71.44183704,25.2027875
1,All Population,3,YLDs (Years Lived with Disability),4842,Arunachal Pradesh,1,Male,15,50-54 years,498,Hypertensive heart disease,91,Lead exposure,3,Rate,2022,0.891518171,2.367522598,0
1,All Population,3,YLDs (Years Lived with Disability),4842,Arunachal Pradesh,2,Female,15,50-54 years,498,Hypertensive heart disease,91,Lead exposure,3,Rate,2022,1.484299039,3.905997247,0
1,All Population,3,YLDs (Years Lived with Disability),4853,Himachal Pradesh,1,Male,15,50-54 years,502,Lower extremity peripheral arterial disease,91,Lead exposure,3,Rate,2022,0.0081019,0.029275106,-0.001165556
1,All Population,3,YLDs (Years Lived with Disability),4853,Himachal Pradesh,2,Female,15,50-54 years,502,Lower extremity peripheral arterial disease,91,Lead exposure,3,Rate,2022,0.009585203,0.028325959,-0.001208316
1,All Population,3,YLDs (Years Lived with Disability),4868,Rajasthan,1,Male,15,50-54 years,494,Stroke,380,Particulate matter pollution,3,Rate,2021,80.56959586,125.6346629,45.51668969
1,All Population,3,YLDs (Years Lived with Disability),4868,Rajasthan,2,Female,15,50-54 years,494,Stroke,380,Particulate matter pollution,3,Rate,2021,73.6252579,109.8074689,41.72476807
1,All Population,3,YLDs (Years Lived with Disability),4855,Jharkhand,1,Male,15,50-54 years,502,Lower extremity peripheral arterial disease,91,Lead exposure,3,Rate,2022,0.008024968,0.031045777,-0.000845202
1,All Population,3,YLDs (Years Lived with Disability),4855,Jharkhand,2,Female,15,50-54 years,502,Lower extremity peripheral arterial disease,91,Lead exposure,3,Rate,2022,0.01007204,0.040166675,-0.001154071
1,All Population,3,YLDs (Years Lived with Disability),4860,Maharashtra,1,Male,15,50-54 years,494,Stroke,380,Particulate matter pollution,3,Rate,2022,83.18680495,131.3223432,45.32303779
1,All Population,3,YLDs (Years Lived with Disability),4860,Maharashtra,2,Female,15,50-54 years,494,Stroke,380,Particulate matter pollution,3,Rate,2022,72.20561057,113.0402753,38.32557403
1,All Population,3,YLDs (Years Lived with Disability),4860,Maharashtra,1,Male,15,50-54 years,500,Atrial fibrillation and flutter,91,Lead exposure,3,Rate,2021,0.989096143,2.910314355,-0.118798027
1,All Population,3,YLDs (Years Lived with Disability),4860,Maharashtra,2,Female,15,50-54 years,500,Atrial fibrillation and flutter,91,Lead exposure,3,Rate,2021,0.739729825,2.162404706,-0.105219964
1,All Population,3,YLDs (Years Lived with Disability),4841,Andhra Pradesh,1,Male,15,50-54 years,498,Hypertensive heart disease,91,Lead exposure,3,Rate,2022,0.572859279,1.476016287,0
1,All Population,3,YLDs (Years Lived with Disability),4841,Andhra Pradesh,2,Female,15,50-54 years,498,Hypertensive heart disease,91,Lead exposure,3,Rate,2022,1.039017606,2.659591102,0
1,All Population,3,YLDs (Years Lived with Disability),4875,West Bengal,1,Male,15,50-54 years,493,Ischemic heart disease,91,Lead exposure,3,Rate,2021,43.77629875,63.44993726,26.14378804
1,All Population,3,YLDs (Years Lived with Disability),4875,West Bengal,2,Female,15,50-54 years,493,Ischemic heart disease,91,Lead exposure,3,Rate,2021,29.59108933,43.92713828,17.13865782
1,All Population,3,YLDs (Years Lived with Disability),4865,Odisha,1,Male,15,50-54 years,500,Atrial fibrillation and flutter,91,Lead exposure,3,Rate,2021,1.003642215,3.103939347,-0.13300001
1,All Population,3,YLDs (Years Lived with Disability),4865,Odisha,2,Female,15,50-54 years,500,Atrial fibrillation and flutter,91,Lead exposure,3,Rate,2021,0.729250948,2.407265578,-0.089024202
1,All Population,3,YLDs (Years Lived with Disability),4870,Tamil Nadu,1,Male,15,50-54 years,493,Ischemic heart disease,380,Particulate matter pollution,3,Rate,2021,47.89902263,72.61683637,27.23997732
1,All Population,3,YLDs (Years Lived with Disability),4870,Tamil Nadu,2,Female,15,50-54 years,493,Ischemic heart disease,380,Particulate matter pollution,3,Rate,2021,25.99312551,38.88926258,15.30024195
1,All Population,3,YLDs (Years Lived with Disability),4870,Tamil Nadu,1,Male,15,50-54 years,494,Stroke,91,Lead exposure,3,Rate,2021,18.09406148,47.67154001,-3.245968286
1,All Population,3,YLDs (Years Lived with Disability),4870,Tamil Nadu,2,Female,15,50-54 years,494,Stroke,91,Lead exposure,3,Rate,2021,13.8584833,33.95257653,-1.91728946
1,All Population,3,YLDs (Years Lived with Disability),4852,Haryana,1,Male,15,50-54 years,493,Ischemic heart disease,380,Particulate matter pollution,3,Rate,2021,59.5243059,88.07371232,34.82067768
1,All Population,3,YLDs (Years Lived with Disability),4852,Haryana,2,Female,15,50-54 years,493,Ischemic heart disease,380,Particulate matter pollution,3,Rate,2021,34.60066483,51.73468716,19.52216679
1,All Population,3,YLDs (Years Lived with Disability),4857,Kerala,1,Male,15,50-54 years,494,Stroke,380,Particulate matter pollution,3,Rate,2022,76.54790562,123.9661832,40.1576687
1,All Population,3,YLDs (Years Lived with Disability),4857,Kerala,2,Female,15,50-54 years,494,Stroke,380,Particulate matter pollution,3,Rate,2022,65.55632452,102.2972622,34.79988139
1,All Population,3,YLDs (Years Lived with Disability),4871,Telangana,1,Male,15,50-54 years,502,Lower extremity peripheral arterial disease,91,Lead exposure,3,Rate,2022,0.008694531,0.030122318,-0.000966195
1,All Population,3,YLDs (Years Lived with Disability),4871,Telangana,2,Female,15,50-54 years,502,Lower extremity peripheral arterial disease,91,Lead exposure,3,Rate,2022,0.00987401,0.031928932,-0.001070397
1,All Population,3,YLDs (Years Lived with Disability),4873,Uttar Pradesh,1,Male,15,50-54 years,494,Stroke,380,Particulate matter pollution,3,Rate,2022,109.4189549,167.3409884,62.81128752
1,All Population,3,YLDs (Years Lived with Disability),4873,Uttar Pradesh,2,Female,15,50-54 years,494,Stroke,380,Particulate matter pollution,3,Rate,2022,126.9022426,194.0815775,74.96005832
1,All Population,3,YLDs (Years Lived with Disability),4868,Rajasthan,1,Male,15,50-54 years,500,Atrial fibrillation and flutter,91,Lead exposure,3,Rate,2021,0.631125685,1.947090397,-0.078857172
1,All Population,3,YLDs (Years Lived with Disability),4868,Rajasthan,2,Female,15,50-54 years,500,Atrial fibrillation and flutter,91,Lead exposure,3,Rate,2021,0.416158548,1.447847524,-0.058396868
1,All Population,3,YLDs (Years Lived with Disability),4850,Goa,1,Male,15,50-54 years,494,Stroke,91,Lead exposure,3,Rate,2021,12.70615545,36.15106189,-2.199641861
1,All Population,3,YLDs (Years Lived with Disability),4850,Goa,2,Female,15,50-54 years,494,Stroke,91,Lead exposure,3,Rate,2021,10.03324395,25.61739232,-1.63492114
1,All Population,3,YLDs (Years Lived with Disability),4860,Maharashtra,1,Male,15,50-54 years,498,Hypertensive heart disease,91,Lead exposure,3,Rate,2022,0.645509838,1.730020399,0
1,All Population,3,YLDs (Years Lived with Disability),4860,Maharashtra,2,Female,15,50-54 years,498,Hypertensive heart disease,91,Lead exposure,3,Rate,2022,1.227294038,3.036054055,0
1,All Population,3,YLDs (Years Lived with Disability),4871,Telangana,1,Male,15,50-54 years,500,Atrial fibrillation and flutter,91,Lead exposure,3,Rate,2022,1.037888946,3.1254824,-0.150082693
1,All Population,3,YLDs (Years Lived with Disability),4871,Telangana,2,Female,15,50-54 years,500,Atrial fibrillation and flutter,91,Lead exposure,3,Rate,2022,0.718651735,2.198951901,-0.113257731
1,All Population,3,YLDs (Years Lived with Disability),4850,Goa,1,Male,15,50-54 years,494,Stroke,91,Lead exposure,3,Rate,2022,12.39213475,32.6581641,-2.152685404
1,All Population,3,YLDs (Years Lived with Disability),4850,Goa,2,Female,15,50-54 years,494,Stroke,91,Lead exposure,3,Rate,2022,9.816081489,26.82117542,-1.601023485
1,All Population,3,YLDs (Years Lived with Disability),4852,Haryana,1,Male,15,50-54 years,493,Ischemic heart disease,380,Particulate matter pollution,3,Rate,2022,57.82299267,87.75445579,31.91894287
1,All Population,3,YLDs (Years Lived with Disability),4852,Haryana,2,Female,15,50-54 years,493,Ischemic heart disease,380,Particulate matter pollution,3,Rate,2022,33.74085875,50.10400621,18.91325781
1,All Population,3,YLDs (Years Lived with Disability),44538,Other Union Territories,1,Male,15,50-54 years,494,Stroke,380,Particulate matter pollution,3,Rate,2021,46.38558367,72.38998788,24.36570421
1,All Population,3,YLDs (Years Lived with Disability),44538,Other Union Territories,2,Female,15,50-54 years,494,Stroke,380,Particulate matter pollution,3,Rate,2021,46.02899779,73.15351828,23.05543723
1,All Population,3,YLDs (Years Lived with Disability),4846,Chhattisgarh,1,Male,15,50-54 years,494,Stroke,380,Particulate matter pollution,3,Rate,2022,120.5866162,185.611391,68.86140504
1,All Population,3,YLDs (Years Lived with Disability),4846,Chhattisgarh,2,Female,15,50-54 years,494,Stroke,380,Particulate matter pollution,3,Rate,2022,94.38948019,146.105465,52.72262146
1,All Population,3,YLDs (Years Lived with Disability),4873,Uttar Pradesh,1,Male,15,50-54 years,498,Hypertensive heart disease,91,Lead exposure,3,Rate,2022,1.062350222,2.760309183,0
1,All Population,3,YLDs (Years Lived with Disability),4873,Uttar Pradesh,2,Female,15,50-54 years,498,Hypertensive heart disease,91,Lead exposure,3,Rate,2022,1.64291958,4.124498717,0
1,All Population,3,YLDs (Years Lived with Disability),4849,Delhi,1,Male,15,50-54 years,493,Ischemic heart disease,380,Particulate matter pollution,3,Rate,2022,60.65993751,92.73940164,30.00441855
1,All Population,3,YLDs (Years Lived with Disability),4849,Delhi,2,Female,15,50-54 years,493,Ischemic heart disease,380,Particulate matter pollution,3,Rate,2022,37.80409883,57.21770293,20.00364865
1,All Population,3,YLDs (Years Lived with Disability),4849,Delhi,1,Male,15,50-54 years,494,Stroke,91,Lead exposure,3,Rate,2022,8.883452014,25.15426319,-1.052454445
1,All Population,3,YLDs (Years Lived with Disability),4849,Delhi,2,Female,15,50-54 years,494,Stroke,91,Lead exposure,3,Rate,2022,7.891940128,19.76631629,-0.825915187
1,All Population,3,YLDs (Years Lived with Disability),4872,Tripura,1,Male,15,50-54 years,493,Ischemic heart disease,380,Particulate matter pollution,3,Rate,2021,53.30852617,80.9929497,31.31354915
1,All Population,3,YLDs (Years Lived with Disability),4872,Tripura,2,Female,15,50-54 years,493,Ischemic heart disease,380,Particulate matter pollution,3,Rate,2021,33.95597259,50.13905174,19.95476241
1,All Population,3,YLDs (Years Lived with Disability),4872,Tripura,1,Male,15,50-54 years,494,Stroke,91,Lead exposure,3,Rate,2021,22.02627965,54.43819317,-3.417634005
1,All Population,3,YLDs (Years Lived with Disability),4872,Tripura,2,Female,15,50-54 years,494,Stroke,91,Lead exposure,3,Rate,2021,14.02398455,36.0364214,-2.000010913
1,All Population,3,YLDs (Years Lived with Disability),4865,Odisha,1,Male,15,50-54 years,502,Lower extremity peripheral arterial disease,91,Lead exposure,3,Rate,2021,0.008710987,0.031439257,-0.001189799
1,All Population,3,YLDs (Years Lived with Disability),4865,Odisha,2,Female,15,50-54 years,502,Lower extremity peripheral arterial disease,91,Lead exposure,3,Rate,2021,0.010595205,0.037441542,-0.001585675
1,All Population,3,YLDs (Years Lived with Disability),4875,West Bengal,1,Male,15,50-54 years,493,Ischemic heart disease,380,Particulate matter pollution,3,Rate,2022,53.7680232,81.5277383,31.16423262
1,All Population,3,YLDs (Years Lived with Disability),4875,West Bengal,2,Female,15,50-54 years,493,Ischemic heart disease,380,Particulate matter pollution,3,Rate,2022,38.00643192,56.61812052,21.4885831
1,All Population,3,YLDs (Years Lived with Disability),4875,West Bengal,1,Male,15,50-54 years,494,Stroke,91,Lead exposure,3,Rate,2022,19.61304748,47.1055207,-2.613681109
1,All Population,3,YLDs (Years Lived with Disability),4875,West Bengal,2,Female,15,50-54 years,494,Stroke,91,Lead exposure,3,Rate,2022,17.44480521,45.53265532,-2.296120497
1,All Population,3,YLDs (Years Lived with Disability),4869,Sikkim,1,Male,15,50-54 years,493,Ischemic heart disease,91,Lead exposure,3,Rate,2022,30.8084518,45.51589789,19.5721482
1,All Population,3,YLDs (Years Lived with Disability),4869,Sikkim,2,Female,15,50-54 years,493,Ischemic heart disease,91,Lead exposure,3,Rate,2022,21.00813799,30.27592098,12.87605624
1,All Population,3,YLDs (Years Lived with Disability),4842,Arunachal Pradesh,1,Male,15,50-54 years,500,Atrial fibrillation and flutter,91,Lead exposure,3,Rate,2022,1.093405073,3.729171468,-0.167272362
1,All Population,3,YLDs (Years Lived with Disability),4842,Arunachal Pradesh,2,Female,15,50-54 years,500,Atrial fibrillation and flutter,91,Lead exposure,3,Rate,2022,0.794219943,2.592709193,-0.125728364
1,All Population,3,YLDs (Years Lived with Disability),4862,Meghalaya,1,Male,15,50-54 years,493,Ischemic heart disease,380,Particulate matter pollution,3,Rate,2022,34.40450547,53.36565278,18.69425809
1,All Population,3,YLDs (Years Lived with Disability),4862,Meghalaya,2,Female,15,50-54 years,493,Ischemic heart disease,380,Particulate matter pollution,3,Rate,2022,22.58132794,34.08379015,12.93184534
1,All Population,3,YLDs (Years Lived with Disability),4862,Meghalaya,1,Male,15,50-54 years,494,Stroke,91,Lead exposure,3,Rate,2022,15.31097853,40.85811146,-2.500708865
1,All Population,3,YLDs (Years Lived with Disability),4862,Meghalaya,2,Female,15,50-54 years,494,Stroke,91,Lead exposure,3,Rate,2022,11.0756313,29.98084421,-1.900821878
1,All Population,3,YLDs (Years Lived with Disability),4870,Tamil Nadu,1,Male,15,50-54 years,498,Hypertensive heart disease,91,Lead exposure,3,Rate,2021,0.641059626,1.577685421,0
1,All Population,3,YLDs (Years Lived with Disability),4870,Tamil Nadu,2,Female,15,50-54 years,498,Hypertensive heart disease,91,Lead exposure,3,Rate,2021,1.08436609,2.685005387,0
1,All Population,3,YLDs (Years Lived with Disability),4841,Andhra Pradesh,1,Male,15,50-54 years,502,Lower extremity peripheral arterial disease,91,Lead exposure,3,Rate,2022,0.007815334,0.027900389,-0.000687984
1,All Population,3,YLDs (Years Lived with Disability),4841,Andhra Pradesh,2,Female,15,50-54 years,502,Lower extremity peripheral arterial disease,91,Lead exposure,3,Rate,2022,0.009745248,0.032943459,-0.00106944
1,All Population,3,YLDs (Years Lived with Disability),4874,Uttarakhand,1,Male,15,50-54 years,498,Hypertensive heart disease,91,Lead exposure,3,Rate,2019,0.613896329,1.648194024,0
1,All Population,3,YLDs (Years Lived with Disability),4874,Uttarakhand,2,Female,15,50-54 years,498,Hypertensive heart disease,91,Lead exposure,3,Rate,2019,1.083159968,2.900461786,0
1,All Population,3,YLDs (Years Lived with Disability),4857,Kerala,1,Male,15,50-54 years,502,Lower extremity peripheral arterial disease,91,Lead exposure,3,Rate,2021,0.007745411,0.024327743,-0.000941108
1,All Population,3,YLDs (Years Lived with Disability),4857,Kerala,2,Female,15,50-54 years,502,Lower extremity peripheral arterial disease,91,Lead exposure,3,Rate,2021,0.009484923,0.0310433,-0.001107252
1,All Population,3,YLDs (Years Lived with Disability),4869,Sikkim,1,Male,15,50-54 years,500,Atrial fibrillation and flutter,91,Lead exposure,3,Rate,2022,1.090585566,3.434922839,-0.118158613
1,All Population,3,YLDs (Years Lived with Disability),4869,Sikkim,2,Female,15,50-54 years,500,Atrial fibrillation and flutter,91,Lead exposure,3,Rate,2022,0.800155964,2.727774458,-0.081562013
1,All Population,3,YLDs (Years Lived with Disability),4869,Sikkim,1,Male,15,50-54 years,502,Lower extremity peripheral arterial disease,91,Lead exposure,3,Rate,2022,0.006965046,0.026106119,-0.000661466
1,All Population,3,YLDs (Years Lived with Disability),4869,Sikkim,2,Female,15,50-54 years,502,Lower extremity peripheral arterial disease,91,Lead exposure,3,Rate,2022,0.007393113,0.029868638,-0.000804843
1,All Population,3,YLDs (Years Lived with Disability),44538,Other Union Territories,1,Male,15,50-54 years,493,Ischemic heart disease,91,Lead exposure,3,Rate,2022,46.49713096,69.8230635,27.92403684
1,All Population,3,YLDs (Years Lived with Disability),44538,Other Union Territories,2,Female,15,50-54 years,493,Ischemic heart disease,91,Lead exposure,3,Rate,2022,25.68561614,37.35429286,15.8607669
1,All Population,3,YLDs (Years Lived with Disability),4868,Rajasthan,1,Male,15,50-54 years,502,Lower extremity peripheral arterial disease,91,Lead exposure,3,Rate,2022,0.005210453,0.018309851,-0.000625576
1,All Population,3,YLDs (Years Lived with Disability),4868,Rajasthan,2,Female,15,50-54 years,502,Lower extremity peripheral arterial disease,91,Lead exposure,3,Rate,2022,0.005826076,0.019702005,-0.000583844
1,All Population,3,YLDs (Years Lived with Disability),4856,Karnataka,1,Male,15,50-54 years,493,Ischemic heart disease,91,Lead exposure,3,Rate,2022,57.63314517,85.34740169,35.26795228
1,All Population,3,YLDs (Years Lived with Disability),4856,Karnataka,2,Female,15,50-54 years,493,Ischemic heart disease,91,Lead exposure,3,Rate,2022,37.75498714,54.26658446,22.58707498
1,All Population,3,YLDs (Years Lived with Disability),44538,Other Union Territories,1,Male,15,50-54 years,500,Atrial fibrillation and flutter,91,Lead exposure,3,Rate,2021,1.034642051,3.812402647,-0.149911918
1,All Population,3,YLDs (Years Lived with Disability),44538,Other Union Territories,2,Female,15,50-54 years,500,Atrial fibrillation and flutter,91,Lead exposure,3,Rate,2021,0.743164282,2.405707077,-0.128428277
1,All Population,3,YLDs (Years Lived with Disability),4856,Karnataka,1,Male,15,50-54 years,494,Stroke,380,Particulate matter pollution,3,Rate,2022,64.72467487,102.3684235,31.66954967
1,All Population,3,YLDs (Years Lived with Disability),4856,Karnataka,2,Female,15,50-54 years,494,Stroke,380,Particulate matter pollution,3,Rate,2022,56.52201174,86.6883269,30.0427564
1,All Population,3,YLDs (Years Lived with Disability),4856,Karnataka,1,Male,15,50-54 years,498,Hypertensive heart disease,91,Lead exposure,3,Rate,2022,0.704409809,1.847388854,0
1,All Population,3,YLDs (Years Lived with Disability),4856,Karnataka,2,Female,15,50-54 years,498,Hypertensive heart disease,91,Lead exposure,3,Rate,2022,1.313405813,3.253204232,0
1,All Population,3,YLDs (Years Lived with Disability),4875,West Bengal,1,Male,15,50-54 years,494,Stroke,380,Particulate matter pollution,3,Rate,2022,121.872386,187.9182572,69.13667889
1,All Population,3,YLDs (Years Lived with Disability),4875,West Bengal,2,Female,15,50-54 years,494,Stroke,380,Particulate matter pollution,3,Rate,2022,118.4237793,183.0287717,66.15482962
1,All Population,3,YLDs (Years Lived with Disability),4841,Andhra Pradesh,1,Male,15,50-54 years,500,Atrial fibrillation and flutter,91,Lead exposure,3,Rate,2022,1.005092985,3.025392864,-0.110311734
1,All Population,3,YLDs (Years Lived with Disability),4841,Andhra Pradesh,2,Female,15,50-54 years,500,Atrial fibrillation and flutter,91,Lead exposure,3,Rate,2022,0.758457346,2.224688913,-0.078796092
1,All Population,3,YLDs (Years Lived with Disability),4867,Punjab,1,Male,15,50-54 years,493,Ischemic heart disease,91,Lead exposure,3,Rate,2022,49.76136299,73.67419163,29.43145929
1,All Population,3,YLDs (Years Lived with Disability),4867,Punjab,2,Female,15,50-54 years,493,Ischemic heart disease,91,Lead exposure,3,Rate,2022,29.65763771,44.24449447,17.52249824
1,All Population,3,YLDs (Years Lived with Disability),4863,Mizoram,1,Male,15,50-54 years,500,Atrial fibrillation and flutter,91,Lead exposure,3,Rate,2021,1.068962901,3.406948922,-0.157021836
1,All Population,3,YLDs (Years Lived with Disability),4863,Mizoram,2,Female,15,50-54 years,500,Atrial fibrillation and flutter,91,Lead exposure,3,Rate,2021,0.715735435,2.604773651,-0.118110696
1,All Population,3,YLDs (Years Lived with Disability),4864,Nagaland,1,Male,15,50-54 years,493,Ischemic heart disease,380,Particulate matter pollution,3,Rate,2022,34.55818171,52.2718874,19.76858202
1,All Population,3,YLDs (Years Lived with Disability),4864,Nagaland,2,Female,15,50-54 years,493,Ischemic heart disease,380,Particulate matter pollution,3,Rate,2022,26.30394898,38.83188625,15.09186077
1,All Population,3,YLDs (Years Lived with Disability),4864,Nagaland,1,Male,15,50-54 years,494,Stroke,91,Lead exposure,3,Rate,2022,20.23992558,52.19916183,-2.803721827
1,All Population,3,YLDs (Years Lived with Disability),4864,Nagaland,2,Female,15,50-54 years,494,Stroke,91,Lead exposure,3,Rate,2022,11.54870358,29.72898063,-1.647814481
1,All Population,3,YLDs (Years Lived with Disability),4868,Rajasthan,1,Male,15,50-54 years,493,Ischemic heart disease,380,Particulate matter pollution,3,Rate,2021,77.1215638,117.0415184,45.49588806
1,All Population,3,YLDs (Years Lived with Disability),4868,Rajasthan,2,Female,15,50-54 years,493,Ischemic heart disease,380,Particulate matter pollution,3,Rate,2021,41.55050689,61.7317729,24.36649021
1,All Population,3,YLDs (Years Lived with Disability),4868,Rajasthan,1,Male,15,50-54 years,494,Stroke,91,Lead exposure,3,Rate,2021,8.292222626,21.41314519,-1.326508392
1,All Population,3,YLDs (Years Lived with Disability),4868,Rajasthan,2,Female,15,50-54 years,494,Stroke,91,Lead exposure,3,Rate,2021,5.437614821,15.48272712,-0.772149677
1,All Population,3,YLDs (Years Lived with Disability),4854,Jammu & Kashmir and Ladakh,1,Male,15,50-54 years,494,Stroke,380,Particulate matter pollution,3,Rate,2022,51.78599856,80.82928551,28.43669063
1,All Population,3,YLDs (Years Lived with Disability),4854,Jammu & Kashmir and Ladakh,2,Female,15,50-54 years,494,Stroke,380,Particulate matter pollution,3,Rate,2022,47.52706495,74.90202442,24.66288684
1,All Population,3,YLDs (Years Lived with Disability),4872,Tripura,1,Male,15,50-54 years,494,Stroke,380,Particulate matter pollution,3,Rate,2022,127.0127986,193.5002051,70.16195482
1,All Population,3,YLDs (Years Lived with Disability),4872,Tripura,2,Female,15,50-54 years,494,Stroke,380,Particulate matter pollution,3,Rate,2022,97.35376222,146.0710586,57.10620467
1,All Population,3,YLDs (Years Lived with Disability),4852,Haryana,1,Male,15,50-54 years,498,Hypertensive heart disease,91,Lead exposure,3,Rate,2020,0.561476398,1.470750924,0
1,All Population,3,YLDs (Years Lived with Disability),4852,Haryana,2,Female,15,50-54 years,498,Hypertensive heart disease,91,Lead exposure,3,Rate,2020,1.025061111,2.504266963,0
1,All Population,3,YLDs (Years Lived with Disability),4855,Jharkhand,1,Male,15,50-54 years,493,Ischemic heart disease,91,Lead exposure,3,Rate,2022,23.66948978,34.30449083,14.18136186
1,All Population,3,YLDs (Years Lived with Disability),4855,Jharkhand,2,Female,15,50-54 years,493,Ischemic heart disease,91,Lead exposure,3,Rate,2022,19.64046596,28.80798813,11.04843643
1,All Population,3,YLDs (Years Lived with Disability),4844,Bihar,1,Male,15,50-54 years,498,Hypertensive heart disease,91,Lead exposure,3,Rate,2022,1.145933465,2.926031088,0
1,All Population,3,YLDs (Years Lived with Disability),4844,Bihar,2,Female,15,50-54 years,498,Hypertensive heart disease,91,Lead exposure,3,Rate,2022,1.592879119,4.015181751,0
1,All Population,3,YLDs (Years Lived with Disability),4859,Madhya Pradesh,1,Male,15,50-54 years,493,Ischemic heart disease,380,Particulate matter pollution,3,Rate,2022,60.98141918,94.34888113,34.32489256
1,All Population,3,YLDs (Years Lived with Disability),4859,Madhya Pradesh,2,Female,15,50-54 years,493,Ischemic heart disease,380,Particulate matter pollution,3,Rate,2022,32.94918121,49.3597633,18.420829
1,All Population,3,YLDs (Years Lived with Disability),4859,Madhya Pradesh,1,Male,15,50-54 years,494,Stroke,91,Lead exposure,3,Rate,2022,14.19010692,33.66743061,-2.642598358
1,All Population,3,YLDs (Years Lived with Disability),4859,Madhya Pradesh,2,Female,15,50-54 years,494,Stroke,91,Lead exposure,3,Rate,2022,10.62757685,25.019942,-1.964212778
1,All Population,3,YLDs (Years Lived with Disability),44538,Other Union Territories,1,Male,15,50-54 years,502,Lower extremity peripheral arterial disease,91,Lead exposure,3,Rate,2021,0.008625183,0.027053397,-0.001318918
1,All Population,3,YLDs (Years Lived with Disability),44538,Other Union Territories,2,Female,15,50-54 years,502,Lower extremity peripheral arterial disease,91,Lead exposure,3,Rate,2021,0.010936606,0.035472601,-0.00151598
1,All Population,3,YLDs (Years Lived with Disability),4873,Uttar Pradesh,1,Male,15,50-54 years,493,Ischemic heart disease,380,Particulate matter pollution,3,Rate,2021,63.27535245,94.41578866,35.69441406
1,All Population,3,YLDs (Years Lived with Disability),4873,Uttar Pradesh,2,Female,15,50-54 years,493,Ischemic heart disease,380,Particulate matter pollution,3,Rate,2021,45.44683589,67.55172331,25.98524029
1,All Population,3,YLDs (Years Lived with Disability),4860,Maharashtra,1,Male,15,50-54 years,500,Atrial fibrillation and flutter,91,Lead exposure,3,Rate,2022,0.96481785,2.866241734,-0.153514618
1,All Population,3,YLDs (Years Lived with Disability),4860,Maharashtra,2,Female,15,50-54 years,500,Atrial fibrillation and flutter,91,Lead exposure,3,Rate,2022,0.721190209,2.211563736,-0.106846685
1,All Population,3,YLDs (Years Lived with Disability),4852,Haryana,1,Male,15,50-54 years,493,Ischemic heart disease,91,Lead exposure,3,Rate,2022,43.8386345,65.1353733,25.77887118
1,All Population,3,YLDs (Years Lived with Disability),4852,Haryana,2,Female,15,50-54 years,493,Ischemic heart disease,91,Lead exposure,3,Rate,2022,23.23560556,34.83186743,13.89044919
1,All Population,3,YLDs (Years Lived with Disability),4875,West Bengal,1,Male,15,50-54 years,498,Hypertensive heart disease,91,Lead exposure,3,Rate,2022,0.639810443,1.743414536,0
1,All Population,3,YLDs (Years Lived with Disability),4875,West Bengal,2,Female,15,50-54 years,498,Hypertensive heart disease,91,Lead exposure,3,Rate,2022,1.031954422,2.504164877,0
1,All Population,3,YLDs (Years Lived with Disability),4861,Manipur,1,Male,15,50-54 years,493,Ischemic heart disease,380,Particulate matter pollution,3,Rate,2022,32.70217452,51.3333176,18.24722715
1,All Population,3,YLDs (Years Lived with Disability),4861,Manipur,2,Female,15,50-54 years,493,Ischemic heart disease,380,Particulate matter pollution,3,Rate,2022,23.98216702,37.43203428,13.85467521
1,All Population,3,YLDs (Years Lived with Disability),4861,Manipur,1,Male,15,50-54 years,494,Stroke,91,Lead exposure,3,Rate,2022,18.57956277,50.14481209,-3.271140873
1,All Population,3,YLDs (Years Lived with Disability),4861,Manipur,2,Female,15,50-54 years,494,Stroke,91,Lead exposure,3,Rate,2022,12.03553239,33.82890182,-2.026929662
1,All Population,3,YLDs (Years Lived with Disability),4871,Telangana,1,Male,15,50-54 years,493,Ischemic heart disease,380,Particulate matter pollution,3,Rate,2021,53.92078612,83.35311843,29.65439209
1,All Population,3,YLDs (Years Lived with Disability),4871,Telangana,2,Female,15,50-54 years,493,Ischemic heart disease,380,Particulate matter pollution,3,Rate,2021,33.55012371,52.4653812,19.58966954
1,All Population,3,YLDs (Years Lived with Disability),4871,Telangana,1,Male,15,50-54 years,494,Stroke,91,Lead exposure,3,Rate,2021,13.40984062,32.24133114,-1.921747957
1,All Population,3,YLDs (Years Lived with Disability),4871,Telangana,2,Female,15,50-54 years,494,Stroke,91,Lead exposure,3,Rate,2021,8.919934979,21.31530015,-1.169438235
1,All Population,3,YLDs (Years Lived with Disability),4873,Uttar Pradesh,1,Male,15,50-54 years,500,Atrial fibrillation and flutter,91,Lead exposure,3,Rate,2022,1.141695276,3.506196124,-0.128011254
1,All Population,3,YLDs (Years Lived with Disability),4873,Uttar Pradesh,2,Female,15,50-54 years,500,Atrial fibrillation and flutter,91,Lead exposure,3,Rate,2022,0.842756691,2.485686569,-0.110867736
1,All Population,3,YLDs (Years Lived with Disability),4843,Assam,1,Male,15,50-54 years,500,Atrial fibrillation and flutter,91,Lead exposure,3,Rate,2022,1.038049163,3.330761614,-0.167933678
1,All Population,3,YLDs (Years Lived with Disability),4843,Assam,2,Female,15,50-54 years,500,Atrial fibrillation and flutter,91,Lead exposure,3,Rate,2022,0.774738355,2.408772317,-0.129871941
1,All Population,3,YLDs (Years Lived with Disability),4843,Assam,1,Male,15,50-54 years,502,Lower extremity peripheral arterial disease,91,Lead exposure,3,Rate,2022,0.008279136,0.025997343,-0.000974458
1,All Population,3,YLDs (Years Lived with Disability),4843,Assam,2,Female,15,50-54 years,502,Lower extremity peripheral arterial disease,91,Lead exposure,3,Rate,2022,0.010291651,0.037919185,-0.001179181
1,All Population,3,YLDs (Years Lived with Disability),4852,Haryana,1,Male,15,50-54 years,494,Stroke,91,Lead exposure,3,Rate,2022,16.47431173,40.93036476,-2.191050221
1,All Population,3,YLDs (Years Lived with Disability),4852,Haryana,2,Female,15,50-54 years,494,Stroke,91,Lead exposure,3,Rate,2022,13.04724816,32.5726206,-1.598291028
1,All Population,3,YLDs (Years Lived with Disability),4843,Assam,1,Male,15,50-54 years,493,Ischemic heart disease,380,Particulate matter pollution,3,Rate,2022,37.6675116,58.18052721,21.70860208
1,All Population,3,YLDs (Years Lived with Disability),4843,Assam,2,Female,15,50-54 years,493,Ischemic heart disease,380,Particulate matter pollution,3,Rate,2022,25.02214168,38.09076229,14.77995483
1,All Population,3,YLDs (Years Lived with Disability),4843,Assam,1,Male,15,50-54 years,494,Stroke,91,Lead exposure,3,Rate,2022,21.40441394,56.97036572,-3.052438684
1,All Population,3,YLDs (Years Lived with Disability),4843,Assam,2,Female,15,50-54 years,494,Stroke,91,Lead exposure,3,Rate,2022,12.94190511,33.29178751,-2.039742517
1,All Population,3,YLDs (Years Lived with Disability),4857,Kerala,1,Male,15,50-54 years,500,Atrial fibrillation and flutter,91,Lead exposure,3,Rate,2022,1.037214148,3.636673684,-0.145964574
1,All Population,3,YLDs (Years Lived with Disability),4857,Kerala,2,Female,15,50-54 years,500,Atrial fibrillation and flutter,91,Lead exposure,3,Rate,2022,0.79331257,2.808467175,-0.107562303
1,All Population,3,YLDs (Years Lived with Disability),4843,Assam,1,Male,15,50-54 years,494,Stroke,380,Particulate matter pollution,3,Rate,2022,108.5795407,168.9792042,56.188617
1,All Population,3,YLDs (Years Lived with Disability),4843,Assam,2,Female,15,50-54 years,494,Stroke,380,Particulate matter pollution,3,Rate,2022,79.68526959,123.2505608,44.58171711
1,All Population,3,YLDs (Years Lived with Disability),4856,Karnataka,1,Male,15,50-54 years,500,Atrial fibrillation and flutter,91,Lead exposure,3,Rate,2022,1.364006079,4.208277402,-0.177137753
1,All Population,3,YLDs (Years Lived with Disability),4856,Karnataka,2,Female,15,50-54 years,500,Atrial fibrillation and flutter,91,Lead exposure,3,Rate,2022,1.093769505,3.310831058,-0.119199193
1,All Population,3,YLDs (Years Lived with Disability),4874,Uttarakhand,1,Male,15,50-54 years,493,Ischemic heart disease,380,Particulate matter pollution,3,Rate,2022,72.03776454,110.711867,39.98098116
1,All Population,3,YLDs (Years Lived with Disability),4874,Uttarakhand,2,Female,15,50-54 years,493,Ischemic heart disease,380,Particulate matter pollution,3,Rate,2022,38.41338488,57.5391503,22.00332923
1,All Population,3,YLDs (Years Lived with Disability),4874,Uttarakhand,1,Male,15,50-54 years,494,Stroke,91,Lead exposure,3,Rate,2022,16.43599209,39.8282173,-2.711534147
1,All Population,3,YLDs (Years Lived with Disability),4874,Uttarakhand,2,Female,15,50-54 years,494,Stroke,91,Lead exposure,3,Rate,2022,10.47970538,24.84642565,-1.753884304
1,All Population,3,YLDs (Years Lived with Disability),4872,Tripura,1,Male,15,50-54 years,498,Hypertensive heart disease,91,Lead exposure,3,Rate,2022,0.809796511,2.03890505,0
1,All Population,3,YLDs (Years Lived with Disability),4872,Tripura,2,Female,15,50-54 years,498,Hypertensive heart disease,91,Lead exposure,3,Rate,2022,1.227385915,3.115399521,0
1,All Population,3,YLDs (Years Lived with Disability),4870,Tamil Nadu,1,Male,15,50-54 years,494,Stroke,380,Particulate matter pollution,3,Rate,2022,61.0596436,102.0709892,33.23532763
1,All Population,3,YLDs (Years Lived with Disability),4870,Tamil Nadu,2,Female,15,50-54 years,494,Stroke,380,Particulate matter pollution,3,Rate,2022,56.86293361,89.5532753,30.52957907
1,All Population,3,YLDs (Years Lived with Disability),4854,Jammu & Kashmir and Ladakh,1,Male,15,50-54 years,500,Atrial fibrillation and flutter,91,Lead exposure,3,Rate,2022,0.802183635,2.582519941,-0.099782106
1,All Population,3,YLDs (Years Lived with Disability),4854,Jammu & Kashmir and Ladakh,2,Female,15,50-54 years,500,Atrial fibrillation and flutter,91,Lead exposure,3,Rate,2022,0.636500123,1.880050245,-0.101691404
1,All Population,3,YLDs (Years Lived with Disability),4850,Goa,1,Male,15,50-54 years,498,Hypertensive heart disease,91,Lead exposure,3,Rate,2022,0.646074598,1.675751096,0
1,All Population,3,YLDs (Years Lived with Disability),4850,Goa,2,Female,15,50-54 years,498,Hypertensive heart disease,91,Lead exposure,3,Rate,2022,0.97719792,2.440105447,0
1,All Population,3,YLDs (Years Lived with Disability),4846,Chhattisgarh,1,Male,15,50-54 years,500,Atrial fibrillation and flutter,91,Lead exposure,3,Rate,2022,0.934731224,2.888547843,-0.114884364
1,All Population,3,YLDs (Years Lived with Disability),4846,Chhattisgarh,2,Female,15,50-54 years,500,Atrial fibrillation and flutter,91,Lead exposure,3,Rate,2022,0.695327985,2.14124015,-0.078742616
1,All Population,3,YLDs (Years Lived with Disability),4859,Madhya Pradesh,1,Male,15,50-54 years,502,Lower extremity peripheral arterial disease,91,Lead exposure,3,Rate,2022,0.008640827,0.031277707,-0.000826091
1,All Population,3,YLDs (Years Lived with Disability),4859,Madhya Pradesh,2,Female,15,50-54 years,502,Lower extremity peripheral arterial disease,91,Lead exposure,3,Rate,2022,0.010837579,0.037111648,-0.001153428
1,All Population,3,YLDs (Years Lived with Disability),4872,Tripura,1,Male,15,50-54 years,493,Ischemic heart disease,91,Lead exposure,3,Rate,2022,42.80050249,62.09906503,25.34458655
1,All Population,3,YLDs (Years Lived with Disability),4872,Tripura,2,Female,15,50-54 years,493,Ischemic heart disease,91,Lead exposure,3,Rate,2022,24.75554296,36.16637844,15.18831852
1,All Population,3,YLDs (Years Lived with Disability),4863,Mizoram,1,Male,15,50-54 years,494,Stroke,380,Particulate matter pollution,3,Rate,2022,48.58773073,77.2591205,25.61685816
1,All Population,3,YLDs (Years Lived with Disability),4863,Mizoram,2,Female,15,50-54 years,494,Stroke,380,Particulate matter pollution,3,Rate,2022,43.17470338,67.7320877,23.28964907
1,All Population,3,YLDs (Years Lived with Disability),4861,Manipur,1,Male,15,50-54 years,500,Atrial fibrillation and flutter,91,Lead exposure,3,Rate,2022,1.14939747,3.458962417,-0.170901734
1,All Population,3,YLDs (Years Lived with Disability),4861,Manipur,2,Female,15,50-54 years,500,Atrial fibrillation and flutter,91,Lead exposure,3,Rate,2022,0.823809718,2.534742873,-0.138596467
1,All Population,3,YLDs (Years Lived with Disability),4862,Meghalaya,1,Male,15,50-54 years,498,Hypertensive heart disease,91,Lead exposure,3,Rate,2022,1.151091956,3.03415834,0
1,All Population,3,YLDs (Years Lived with Disability),4862,Meghalaya,2,Female,15,50-54 years,498,Hypertensive heart disease,91,Lead exposure,3,Rate,2022,1.502890975,3.571053792,0
1,All Population,3,YLDs (Years Lived with Disability),4870,Tamil Nadu,1,Male,15,50-54 years,493,Ischemic heart disease,91,Lead exposure,3,Rate,2022,61.17798989,87.85446948,36.11768915
1,All Population,3,YLDs (Years Lived with Disability),4870,Tamil Nadu,2,Female,15,50-54 years,493,Ischemic heart disease,91,Lead exposure,3,Rate,2022,30.28681839,43.32870353,17.56990471
1,All Population,3,YLDs (Years Lived with Disability),4859,Madhya Pradesh,1,Male,15,50-54 years,498,Hypertensive heart disease,91,Lead exposure,3,Rate,2022,0.630352029,1.691695164,0
1,All Population,3,YLDs (Years Lived with Disability),4859,Madhya Pradesh,2,Female,15,50-54 years,498,Hypertensive heart disease,91,Lead exposure,3,Rate,2022,1.314256862,3.290377971,0
1,All Population,3,YLDs (Years Lived with Disability),4854,Jammu & Kashmir and Ladakh,1,Male,15,50-54 years,493,Ischemic heart disease,91,Lead exposure,3,Rate,2022,42.51435878,62.88170781,24.70430899
1,All Population,3,YLDs (Years Lived with Disability),4854,Jammu & Kashmir and Ladakh,2,Female,15,50-54 years,493,Ischemic heart disease,91,Lead exposure,3,Rate,2022,27.2072757,39.59656677,15.96266446
1,All Population,3,YLDs (Years Lived with Disability),4865,Odisha,1,Male,15,50-54 years,494,Stroke,91,Lead exposure,3,Rate,2022,17.00387309,41.71504542,-2.863056038
1,All Population,3,YLDs (Years Lived with Disability),4865,Odisha,2,Female,15,50-54 years,494,Stroke,91,Lead exposure,3,Rate,2022,12.24864442,31.83577056,-1.924704557
1,All Population,3,YLDs (Years Lived with Disability),4857,Kerala,1,Male,15,50-54 years,493,Ischemic heart disease,91,Lead exposure,3,Rate,2022,56.79743666,83.85760051,33.2581562
1,All Population,3,YLDs (Years Lived with Disability),4857,Kerala,2,Female,15,50-54 years,493,Ischemic heart disease,91,Lead exposure,3,Rate,2022,25.95983718,38.18181814,16.3799759
1,All Population,3,YLDs (Years Lived with Disability),4842,Arunachal Pradesh,1,Male,15,50-54 years,502,Lower extremity peripheral arterial disease,91,Lead exposure,3,Rate,2022,0.007670927,0.027353504,-0.000772501
1,All Population,3,YLDs (Years Lived with Disability),4842,Arunachal Pradesh,2,Female,15,50-54 years,502,Lower extremity peripheral arterial disease,91,Lead exposure,3,Rate,2022,0.010893182,0.039220329,-0.001084856
1,All Population,3,YLDs (Years Lived with Disability),4875,West Bengal,1,Male,15,50-54 years,500,Atrial fibrillation and flutter,91,Lead exposure,3,Rate,2022,0.97264277,3.11425855,-0.157348598
1,All Population,3,YLDs (Years Lived with Disability),4875,West Bengal,2,Female,15,50-54 years,500,Atrial fibrillation and flutter,91,Lead exposure,3,Rate,2022,0.790856183,2.634053092,-0.106112388
1,All Population,3,YLDs (Years Lived with Disability),4870,Tamil Nadu,1,Male,15,50-54 years,500,Atrial fibrillation and flutter,91,Lead exposure,3,Rate,2022,1.241786066,3.960991781,-0.196711637
1,All Population,3,YLDs (Years Lived with Disability),4870,Tamil Nadu,2,Female,15,50-54 years,500,Atrial fibrillation and flutter,91,Lead exposure,3,Rate,2022,0.915252,2.879178899,-0.127363447
1,All Population,3,YLDs (Years Lived with Disability),4868,Rajasthan,1,Male,15,50-54 years,493,Ischemic heart disease,91,Lead exposure,3,Rate,2022,42.6691134,62.47386349,23.7450976
1,All Population,3,YLDs (Years Lived with Disability),4868,Rajasthan,2,Female,15,50-54 years,493,Ischemic heart disease,91,Lead exposure,3,Rate,2022,18.43010448,27.51557524,10.85355892
1,All Population,3,YLDs (Years Lived with Disability),4874,Uttarakhand,1,Male,15,50-54 years,498,Hypertensive heart disease,91,Lead exposure,3,Rate,2022,0.606944508,1.680145865,0
1,All Population,3,YLDs (Years Lived with Disability),4874,Uttarakhand,2,Female,15,50-54 years,498,Hypertensive heart disease,91,Lead exposure,3,Rate,2022,1.034955455,2.532734245,0
1,All Population,3,YLDs (Years Lived with Disability),4872,Tripura,1,Male,15,50-54 years,500,Atrial fibrillation and flutter,91,Lead exposure,3,Rate,2022,1.071354973,3.268663541,-0.144495068
1,All Population,3,YLDs (Years Lived with Disability),4872,Tripura,2,Female,15,50-54 years,500,Atrial fibrillation and flutter,91,Lead exposure,3,Rate,2022,0.799614327,2.613497579,-0.112262113
1,All Population,3,YLDs (Years Lived with Disability),4872,Tripura,1,Male,15,50-54 years,502,Lower extremity peripheral arterial disease,91,Lead exposure,3,Rate,2022,0.009402366,0.032344832,-0.000837014
1,All Population,3,YLDs (Years Lived with Disability),4872,Tripura,2,Female,15,50-54 years,502,Lower extremity peripheral arterial disease,91,Lead exposure,3,Rate,2022,0.011130118,0.037278527,-0.000906922
1,All Population,3,YLDs (Years Lived with Disability),4868,Rajasthan,1,Male,15,50-54 years,498,Hypertensive heart disease,91,Lead exposure,3,Rate,2021,0.456826124,1.204324704,0
1,All Population,3,YLDs (Years Lived with Disability),4868,Rajasthan,2,Female,15,50-54 years,498,Hypertensive heart disease,91,Lead exposure,3,Rate,2021,0.768880307,1.979900392,0
1,All Population,3,YLDs (Years Lived with Disability),4874,Uttarakhand,1,Male,15,50-54 years,502,Lower extremity peripheral arterial disease,91,Lead exposure,3,Rate,2022,0.008265765,0.027409918,-0.000701289
1,All Population,3,YLDs (Years Lived with Disability),4874,Uttarakhand,2,Female,15,50-54 years,502,Lower extremity peripheral arterial disease,91,Lead exposure,3,Rate,2022,0.011304013,0.037332611,-0.00108055
1,All Population,3,YLDs (Years Lived with Disability),4865,Odisha,1,Male,15,50-54 years,493,Ischemic heart disease,380,Particulate matter pollution,3,Rate,2022,39.01147612,59.46671326,21.89854131
1,All Population,3,YLDs (Years Lived with Disability),4865,Odisha,2,Female,15,50-54 years,493,Ischemic heart disease,380,Particulate matter pollution,3,Rate,2022,25.6841424,38.99703878,14.37135683
1,All Population,3,YLDs (Years Lived with Disability),4850,Goa,1,Male,15,50-54 years,493,Ischemic heart disease,380,Particulate matter pollution,3,Rate,2022,42.73587357,66.76417718,22.5202484
1,All Population,3,YLDs (Years Lived with Disability),4850,Goa,2,Female,15,50-54 years,493,Ischemic heart disease,380,Particulate matter pollution,3,Rate,2022,26.56101149,42.18958439,14.96976774
1,All Population,3,YLDs (Years Lived with Disability),44538,Other Union Territories,1,Male,15,50-54 years,493,Ischemic heart disease,380,Particulate matter pollution,3,Rate,2022,41.1761311,62.26460269,23.6782198
1,All Population,3,YLDs (Years Lived with Disability),44538,Other Union Territories,2,Female,15,50-54 years,493,Ischemic heart disease,380,Particulate matter pollution,3,Rate,2022,24.81074873,37.00579889,13.96234527
1,All Population,3,YLDs (Years Lived with Disability),4857,Kerala,1,Male,15,50-54 years,502,Lower extremity peripheral arterial disease,91,Lead exposure,3,Rate,2022,0.007557691,0.023779011,-0.000778237
1,All Population,3,YLDs (Years Lived with Disability),4857,Kerala,2,Female,15,50-54 years,502,Lower extremity peripheral arterial disease,91,Lead exposure,3,Rate,2022,0.009106756,0.029457543,-0.001084379
1,All Population,3,YLDs (Years Lived with Disability),4871,Telangana,1,Male,15,50-54 years,493,Ischemic heart disease,91,Lead exposure,3,Rate,2022,55.41445682,81.74513928,32.76132175
1,All Population,3,YLDs (Years Lived with Disability),4871,Telangana,2,Female,15,50-54 years,493,Ischemic heart disease,91,Lead exposure,3,Rate,2022,30.19703407,43.60035305,17.80738052
1,All Population,3,YLDs (Years Lived with Disability),4844,Bihar,1,Male,15,50-54 years,494,Stroke,380,Particulate matter pollution,3,Rate,2022,78.38031768,125.4504187,42.90065457
1,All Population,3,YLDs (Years Lived with Disability),4844,Bihar,2,Female,15,50-54 years,494,Stroke,380,Particulate matter pollution,3,Rate,2022,79.30171616,118.6918298,45.54227774
1,All Population,3,YLDs (Years Lived with Disability),4870,Tamil Nadu,1,Male,15,50-54 years,502,Lower extremity peripheral arterial disease,91,Lead exposure,3,Rate,2022,0.010249239,0.033623845,-0.001167896
1,All Population,3,YLDs (Years Lived with Disability),4870,Tamil Nadu,2,Female,15,50-54 years,502,Lower extremity peripheral arterial disease,91,Lead exposure,3,Rate,2022,0.012760433,0.038861771,-0.001239542
1,All Population,3,YLDs (Years Lived with Disability),4873,Uttar Pradesh,1,Male,15,50-54 years,502,Lower extremity peripheral arterial disease,91,Lead exposure,3,Rate,2022,0.010457661,0.036886924,-0.001312812
1,All Population,3,YLDs (Years Lived with Disability),4873,Uttar Pradesh,2,Female,15,50-54 years,502,Lower extremity peripheral arterial disease,91,Lead exposure,3,Rate,2022,0.013765276,0.042847232,-0.001778962
1,All Population,3,YLDs (Years Lived with Disability),4843,Assam,1,Male,15,50-54 years,498,Hypertensive heart disease,91,Lead exposure,3,Rate,2022,1.154927008,2.936370709,0
1,All Population,3,YLDs (Years Lived with Disability),4843,Assam,2,Female,15,50-54 years,498,Hypertensive heart disease,91,Lead exposure,3,Rate,2022,1.331667641,3.449917771,0
1,All Population,3,YLDs (Years Lived with Disability),4861,Manipur,1,Male,15,50-54 years,494,Stroke,380,Particulate matter pollution,3,Rate,2022,79.01383665,120.5538614,41.79111317
1,All Population,3,YLDs (Years Lived with Disability),4861,Manipur,2,Female,15,50-54 years,494,Stroke,380,Particulate matter pollution,3,Rate,2022,62.94880979,101.3395252,34.77188275
1,All Population,3,YLDs (Years Lived with Disability),4861,Manipur,1,Male,15,50-54 years,498,Hypertensive heart disease,91,Lead exposure,3,Rate,2022,1.059985724,2.746627181,0
1,All Population,3,YLDs (Years Lived with Disability),4861,Manipur,2,Female,15,50-54 years,498,Hypertensive heart disease,91,Lead exposure,3,Rate,2022,1.512187078,3.723432883,0
1,All Population,3,YLDs (Years Lived with Disability),4856,Karnataka,1,Male,15,50-54 years,502,Lower extremity peripheral arterial disease,91,Lead exposure,3,Rate,2022,0.010270219,0.035478215,-0.001065481
1,All Population,3,YLDs (Years Lived with Disability),4856,Karnataka,2,Female,15,50-54 years,502,Lower extremity peripheral arterial disease,91,Lead exposure,3,Rate,2022,0.014554899,0.044054991,-0.00169918
1,All Population,3,YLDs (Years Lived with Disability),4846,Chhattisgarh,1,Male,15,50-54 years,493,Ischemic heart disease,380,Particulate matter pollution,3,Rate,2022,55.80305216,84.19899165,32.26880289
1,All Population,3,YLDs (Years Lived with Disability),4846,Chhattisgarh,2,Female,15,50-54 years,493,Ischemic heart disease,380,Particulate matter pollution,3,Rate,2022,33.83959999,50.75942926,19.86029983
1,All Population,3,YLDs (Years Lived with Disability),4846,Chhattisgarh,1,Male,15,50-54 years,494,Stroke,91,Lead exposure,3,Rate,2022,18.98490024,49.84790758,-3.072556926
1,All Population,3,YLDs (Years Lived with Disability),4846,Chhattisgarh,2,Female,15,50-54 years,494,Stroke,91,Lead exposure,3,Rate,2022,12.10343186,30.15895376,-1.809319028
1,All Population,3,YLDs (Years Lived with Disability),4863,Mizoram,1,Male,15,50-54 years,500,Atrial fibrillation and flutter,91,Lead exposure,3,Rate,2022,1.031246896,3.596516701,-0.184401816
1,All Population,3,YLDs (Years Lived with Disability),4863,Mizoram,2,Female,15,50-54 years,500,Atrial fibrillation and flutter,91,Lead exposure,3,Rate,2022,0.708283948,2.462478333,-0.133249893
1,All Population,3,YLDs (Years Lived with Disability),4868,Rajasthan,1,Male,15,50-54 years,493,Ischemic heart disease,380,Particulate matter pollution,3,Rate,2022,77.12082067,114.7340396,43.4508297
1,All Population,3,YLDs (Years Lived with Disability),4868,Rajasthan,2,Female,15,50-54 years,493,Ischemic heart disease,380,Particulate matter pollution,3,Rate,2022,41.23471771,62.25948217,23.88260424
1,All Population,3,YLDs (Years Lived with Disability),4868,Rajasthan,1,Male,15,50-54 years,494,Stroke,91,Lead exposure,3,Rate,2022,8.290600073,22.16144128,-1.146908428
1,All Population,3,YLDs (Years Lived with Disability),4868,Rajasthan,2,Female,15,50-54 years,494,Stroke,91,Lead exposure,3,Rate,2022,5.519658592,14.89175795,-0.828382571
1,All Population,3,YLDs (Years Lived with Disability),4860,Maharashtra,1,Male,15,50-54 years,502,Lower extremity peripheral arterial disease,91,Lead exposure,3,Rate,2022,0.007512966,0.021781013,-0.001041251
1,All Population,3,YLDs (Years Lived with Disability),4860,Maharashtra,2,Female,15,50-54 years,502,Lower extremity peripheral arterial disease,91,Lead exposure,3,Rate,2022,0.009545884,0.031089042,-0.001203428
1,All Population,3,YLDs (Years Lived with Disability),4852,Haryana,1,Male,15,50-54 years,498,Hypertensive heart disease,91,Lead exposure,3,Rate,2022,0.529504808,1.382225007,0
1,All Population,3,YLDs (Years Lived with Disability),4852,Haryana,2,Female,15,50-54 years,498,Hypertensive heart disease,91,Lead exposure,3,Rate,2022,0.979858391,2.311880279,0
1,All Population,3,YLDs (Years Lived with Disability),4873,Uttar Pradesh,1,Male,15,50-54 years,493,Ischemic heart disease,91,Lead exposure,3,Rate,2022,52.41017109,77.62307759,30.76121837
1,All Population,3,YLDs (Years Lived with Disability),4873,Uttar Pradesh,2,Female,15,50-54 years,493,Ischemic heart disease,91,Lead exposure,3,Rate,2022,34.92706756,51.56743111,20.92071077
1,All Population,3,YLDs (Years Lived with Disability),4865,Odisha,1,Male,15,50-54 years,498,Hypertensive heart disease,91,Lead exposure,3,Rate,2022,1.224638277,2.938459702,0
1,All Population,3,YLDs (Years Lived with Disability),4865,Odisha,2,Female,15,50-54 years,498,Hypertensive heart disease,91,Lead exposure,3,Rate,2022,1.485746023,3.801672592,0
1,All Population,3,YLDs (Years Lived with Disability),4859,Madhya Pradesh,1,Male,15,50-54 years,494,Stroke,380,Particulate matter pollution,3,Rate,2022,84.22737508,128.6655715,46.47314582
1,All Population,3,YLDs (Years Lived with Disability),4859,Madhya Pradesh,2,Female,15,50-54 years,494,Stroke,380,Particulate matter pollution,3,Rate,2022,75.82768069,113.2766877,41.65835556
1,All Population,3,YLDs (Years Lived with Disability),4861,Manipur,1,Male,15,50-54 years,502,Lower extremity peripheral arterial disease,91,Lead exposure,3,Rate,2022,0.010197482,0.029518356,-0.00123869
1,All Population,3,YLDs (Years Lived with Disability),4861,Manipur,2,Female,15,50-54 years,502,Lower extremity peripheral arterial disease,91,Lead exposure,3,Rate,2022,0.013118789,0.04203637,-0.001585919
1,All Population,3,YLDs (Years Lived with Disability),4854,Jammu & Kashmir and Ladakh,1,Male,15,50-54 years,502,Lower extremity peripheral arterial disease,91,Lead exposure,3,Rate,2022,0.006696897,0.024929736,-0.000702681
1,All Population,3,YLDs (Years Lived with Disability),4854,Jammu & Kashmir and Ladakh,2,Female,15,50-54 years,502,Lower extremity peripheral arterial disease,91,Lead exposure,3,Rate,2022,0.00867506,0.032085933,-0.001290868
1,All Population,3,YLDs (Years Lived with Disability),4842,Arunachal Pradesh,1,Male,15,50-54 years,494,Stroke,380,Particulate matter pollution,3,Rate,2023,57.55338755,92.29139216,28.24862499
1,All Population,3,YLDs (Years Lived with Disability),4842,Arunachal Pradesh,2,Female,15,50-54 years,494,Stroke,380,Particulate matter pollution,3,Rate,2023,52.04661734,79.51561069,26.26905666
1,All Population,3,YLDs (Years Lived with Disability),4874,Uttarakhand,1,Male,15,50-54 years,494,Stroke,380,Particulate matter pollution,3,Rate,2022,89.97688941,138.08712,45.69771113
1,All Population,3,YLDs (Years Lived with Disability),4874,Uttarakhand,2,Female,15,50-54 years,494,Stroke,380,Particulate matter pollution,3,Rate,2022,70.86183065,107.9773957,36.48788516
1,All Population,3,YLDs (Years Lived with Disability),4844,Bihar,1,Male,15,50-54 years,494,Stroke,380,Particulate matter pollution,3,Rate,2023,77.84276266,120.7252295,42.82618203
1,All Population,3,YLDs (Years Lived with Disability),4844,Bihar,2,Female,15,50-54 years,494,Stroke,380,Particulate matter pollution,3,Rate,2023,80.26196041,120.7350991,44.23645627
1,All Population,3,YLDs (Years Lived with Disability),4863,Mizoram,1,Male,15,50-54 years,493,Ischemic heart disease,380,Particulate matter pollution,3,Rate,2022,23.29890558,35.50356168,13.13888902
1,All Population,3,YLDs (Years Lived with Disability),4863,Mizoram,2,Female,15,50-54 years,493,Ischemic heart disease,380,Particulate matter pollution,3,Rate,2022,13.58901106,20.65453831,7.262028534
1,All Population,3,YLDs (Years Lived with Disability),4863,Mizoram,1,Male,15,50-54 years,494,Stroke,91,Lead exposure,3,Rate,2022,12.40414009,34.26234332,-2.317036761
1,All Population,3,YLDs (Years Lived with Disability),4863,Mizoram,2,Female,15,50-54 years,494,Stroke,91,Lead exposure,3,Rate,2022,8.037848798,21.66059561,-1.338184531
1,All Population,3,YLDs (Years Lived with Disability),4841,Andhra Pradesh,1,Male,15,50-54 years,500,Atrial fibrillation and flutter,91,Lead exposure,3,Rate,2023,0.996208841,2.889224067,-0.12361287
1,All Population,3,YLDs (Years Lived with Disability),4841,Andhra Pradesh,2,Female,15,50-54 years,500,Atrial fibrillation and flutter,91,Lead exposure,3,Rate,2023,0.740562847,2.388238326,-0.096015317
1,All Population,3,YLDs (Years Lived with Disability),4841,Andhra Pradesh,1,Male,15,50-54 years,502,Lower extremity peripheral arterial disease,91,Lead exposure,3,Rate,2023,0.00783371,0.027618871,-0.000796517
1,All Population,3,YLDs (Years Lived with Disability),4841,Andhra Pradesh,2,Female,15,50-54 years,502,Lower extremity peripheral arterial disease,91,Lead exposure,3,Rate,2023,0.009559436,0.03268507,-0.000865363
1,All Population,3,YLDs (Years Lived with Disability),4875,West Bengal,1,Male,15,50-54 years,502,Lower extremity peripheral arterial disease,91,Lead exposure,3,Rate,2022,0.007451973,0.023834637,-0.001057048
1,All Population,3,YLDs (Years Lived with Disability),4875,West Bengal,2,Female,15,50-54 years,502,Lower extremity peripheral arterial disease,91,Lead exposure,3,Rate,2022,0.010228255,0.032722965,-0.001080227
1,All Population,3,YLDs (Years Lived with Disability),44538,Other Union Territories,1,Male,15,50-54 years,494,Stroke,91,Lead exposure,3,Rate,2022,11.67927777,29.60920362,-2.171269205
1,All Population,3,YLDs (Years Lived with Disability),44538,Other Union Territories,2,Female,15,50-54 years,494,Stroke,91,Lead exposure,3,Rate,2022,9.893339705,24.55140815,-1.692218453
1,All Population,3,YLDs (Years Lived with Disability),4851,Gujarat,1,Male,15,50-54 years,493,Ischemic heart disease,380,Particulate matter pollution,3,Rate,2023,54.07793276,84.07133318,31.92582179
1,All Population,3,YLDs (Years Lived with Disability),4851,Gujarat,2,Female,15,50-54 years,493,Ischemic heart disease,380,Particulate matter pollution,3,Rate,2023,31.42122762,46.5962009,17.93543743
1,All Population,3,YLDs (Years Lived with Disability),4853,Himachal Pradesh,1,Male,15,50-54 years,493,Ischemic heart disease,91,Lead exposure,3,Rate,2023,49.7823893,73.52516325,31.08852125
1,All Population,3,YLDs (Years Lived with Disability),4853,Himachal Pradesh,2,Female,15,50-54 years,493,Ischemic heart disease,91,Lead exposure,3,Rate,2023,22.03443173,32.81216437,12.83923862
1,All Population,3,YLDs (Years Lived with Disability),4846,Chhattisgarh,1,Male,15,50-54 years,498,Hypertensive heart disease,91,Lead exposure,3,Rate,2022,0.869578323,2.304628012,0
1,All Population,3,YLDs (Years Lived with Disability),4846,Chhattisgarh,2,Female,15,50-54 years,498,Hypertensive heart disease,91,Lead exposure,3,Rate,2022,1.187923557,3.266094973,0
1,All Population,3,YLDs (Years Lived with Disability),4849,Delhi,1,Male,15,50-54 years,493,Ischemic heart disease,380,Particulate matter pollution,3,Rate,2023,59.61296335,90.86462599,32.41168204
1,All Population,3,YLDs (Years Lived with Disability),4849,Delhi,2,Female,15,50-54 years,493,Ischemic heart disease,380,Particulate matter pollution,3,Rate,2023,37.60852963,57.94277779,20.5511306
1,All Population,3,YLDs (Years Lived with Disability),4849,Delhi,1,Male,15,50-54 years,494,Stroke,91,Lead exposure,3,Rate,2023,8.759122853,23.98214422,-0.923052053
1,All Population,3,YLDs (Years Lived with Disability),4849,Delhi,2,Female,15,50-54 years,494,Stroke,91,Lead exposure,3,Rate,2023,7.935937641,20.35163426,-0.831348984
1,All Population,3,YLDs (Years Lived with Disability),4855,Jharkhand,1,Male,15,50-54 years,493,Ischemic heart disease,91,Lead exposure,3,Rate,2023,23.48273129,35.36112796,13.88796849
1,All Population,3,YLDs (Years Lived with Disability),4855,Jharkhand,2,Female,15,50-54 years,493,Ischemic heart disease,91,Lead exposure,3,Rate,2023,19.61610154,30.26653712,11.58496373
1,All Population,3,YLDs (Years Lived with Disability),4857,Kerala,1,Male,15,50-54 years,502,Lower extremity peripheral arterial disease,91,Lead exposure,3,Rate,2023,0.007522057,0.025954919,-0.000949928
1,All Population,3,YLDs (Years Lived with Disability),4857,Kerala,2,Female,15,50-54 years,502,Lower extremity peripheral arterial disease,91,Lead exposure,3,Rate,2023,0.00899562,0.032233169,-0.00090488
1,All Population,3,YLDs (Years Lived with Disability),4859,Madhya Pradesh,1,Male,15,50-54 years,500,Atrial fibrillation and flutter,91,Lead exposure,3,Rate,2022,0.970908454,3.041548197,-0.156415736
1,All Population,3,YLDs (Years Lived with Disability),4859,Madhya Pradesh,2,Female,15,50-54 years,500,Atrial fibrillation and flutter,91,Lead exposure,3,Rate,2022,0.723580613,2.183034418,-0.114636847
1,All Population,3,YLDs (Years Lived with Disability),4844,Bihar,1,Male,15,50-54 years,498,Hypertensive heart disease,91,Lead exposure,3,Rate,2023,1.090429056,2.933455714,0
1,All Population,3,YLDs (Years Lived with Disability),4844,Bihar,2,Female,15,50-54 years,498,Hypertensive heart disease,91,Lead exposure,3,Rate,2023,1.62923669,4.416275313,0
1,All Population,3,YLDs (Years Lived with Disability),4851,Gujarat,1,Male,15,50-54 years,494,Stroke,91,Lead exposure,3,Rate,2023,19.88699369,53.26124849,-3.318095718
1,All Population,3,YLDs (Years Lived with Disability),4851,Gujarat,2,Female,15,50-54 years,494,Stroke,91,Lead exposure,3,Rate,2023,16.840763,45.46199729,-2.780016292
1,All Population,3,YLDs (Years Lived with Disability),4844,Bihar,1,Male,15,50-54 years,500,Atrial fibrillation and flutter,91,Lead exposure,3,Rate,2022,1.130117085,3.522881155,-0.155064914
1,All Population,3,YLDs (Years Lived with Disability),4844,Bihar,2,Female,15,50-54 years,500,Atrial fibrillation and flutter,91,Lead exposure,3,Rate,2022,0.861786467,2.920612419,-0.116705383
1,All Population,3,YLDs (Years Lived with Disability),4860,Maharashtra,1,Male,15,50-54 years,494,Stroke,380,Particulate matter pollution,3,Rate,2023,83.80125884,127.255171,45.486092
1,All Population,3,YLDs (Years Lived with Disability),4860,Maharashtra,2,Female,15,50-54 years,494,Stroke,380,Particulate matter pollution,3,Rate,2023,73.03095748,114.5291535,40.32617193
1,All Population,3,YLDs (Years Lived with Disability),4868,Rajasthan,1,Male,15,50-54 years,498,Hypertensive heart disease,91,Lead exposure,3,Rate,2022,0.462644237,1.270457943,0
1,All Population,3,YLDs (Years Lived with Disability),4868,Rajasthan,2,Female,15,50-54 years,498,Hypertensive heart disease,91,Lead exposure,3,Rate,2022,0.76417798,2.060672386,0
1,All Population,3,YLDs (Years Lived with Disability),4851,Gujarat,1,Male,15,50-54 years,493,Ischemic heart disease,380,Particulate matter pollution,3,Rate,2022,54.48442356,81.22415613,30.84778678
1,All Population,3,YLDs (Years Lived with Disability),4851,Gujarat,2,Female,15,50-54 years,493,Ischemic heart disease,380,Particulate matter pollution,3,Rate,2022,31.52349286,46.87541375,18.5898476
1,All Population,3,YLDs (Years Lived with Disability),4851,Gujarat,1,Male,15,50-54 years,494,Stroke,91,Lead exposure,3,Rate,2022,20.1712267,52.98390771,-3.200304991
1,All Population,3,YLDs (Years Lived with Disability),4851,Gujarat,2,Female,15,50-54 years,494,Stroke,91,Lead exposure,3,Rate,2022,16.86321918,44.40883637,-2.878834876
1,All Population,3,YLDs (Years Lived with Disability),4863,Mizoram,1,Male,15,50-54 years,498,Hypertensive heart disease,91,Lead exposure,3,Rate,2022,1.249425517,3.081671654,0
1,All Population,3,YLDs (Years Lived with Disability),4863,Mizoram,2,Female,15,50-54 years,498,Hypertensive heart disease,91,Lead exposure,3,Rate,2022,2.150695794,5.765508974,0
1,All Population,3,YLDs (Years Lived with Disability),4853,Himachal Pradesh,1,Male,15,50-54 years,493,Ischemic heart disease,380,Particulate matter pollution,3,Rate,2022,54.35135326,83.16123835,32.01797878
1,All Population,3,YLDs (Years Lived with Disability),4853,Himachal Pradesh,2,Female,15,50-54 years,493,Ischemic heart disease,380,Particulate matter pollution,3,Rate,2022,27.27436462,41.496408,16.37442419
1,All Population,3,YLDs (Years Lived with Disability),4874,Uttarakhand,1,Male,15,50-54 years,500,Atrial fibrillation and flutter,91,Lead exposure,3,Rate,2022,1.048120181,3.115272964,-0.124584919
1,All Population,3,YLDs (Years Lived with Disability),4874,Uttarakhand,2,Female,15,50-54 years,500,Atrial fibrillation and flutter,91,Lead exposure,3,Rate,2022,0.762448547,2.421157595,-0.088232023
1,All Population,3,YLDs (Years Lived with Disability),4842,Arunachal Pradesh,1,Male,15,50-54 years,500,Atrial fibrillation and flutter,91,Lead exposure,3,Rate,2023,1.088797274,3.754299335,-0.153493574
1,All Population,3,YLDs (Years Lived with Disability),4842,Arunachal Pradesh,2,Female,15,50-54 years,500,Atrial fibrillation and flutter,91,Lead exposure,3,Rate,2023,0.784265009,2.905950349,-0.115202292
1,All Population,3,YLDs (Years Lived with Disability),4842,Arunachal Pradesh,1,Male,15,50-54 years,502,Lower extremity peripheral arterial disease,91,Lead exposure,3,Rate,2023,0.007149474,0.027651282,-0.000780307
1,All Population,3,YLDs (Years Lived with Disability),4842,Arunachal Pradesh,2,Female,15,50-54 years,502,Lower extremity peripheral arterial disease,91,Lead exposure,3,Rate,2023,0.010126988,0.031837259,-0.001144719
1,All Population,3,YLDs (Years Lived with Disability),4849,Delhi,1,Male,15,50-54 years,498,Hypertensive heart disease,91,Lead exposure,3,Rate,2023,0.44117029,1.219002859,0
1,All Population,3,YLDs (Years Lived with Disability),4849,Delhi,2,Female,15,50-54 years,498,Hypertensive heart disease,91,Lead exposure,3,Rate,2023,0.638597206,1.844713814,0
1,All Population,3,YLDs (Years Lived with Disability),4854,Jammu & Kashmir and Ladakh,1,Male,15,50-54 years,493,Ischemic heart disease,91,Lead exposure,3,Rate,2023,41.98829928,61.62415156,25.6711978
1,All Population,3,YLDs (Years Lived with Disability),4854,Jammu & Kashmir and Ladakh,2,Female,15,50-54 years,493,Ischemic heart disease,91,Lead exposure,3,Rate,2023,27.05527876,38.94076248,15.90858858
1,All Population,3,YLDs (Years Lived with Disability),4844,Bihar,1,Male,15,50-54 years,500,Atrial fibrillation and flutter,91,Lead exposure,3,Rate,2023,1.14826904,3.782338967,-0.155956566
1,All Population,3,YLDs (Years Lived with Disability),4844,Bihar,2,Female,15,50-54 years,500,Atrial fibrillation and flutter,91,Lead exposure,3,Rate,2023,0.862597185,2.900890455,-0.089104102
1,All Population,3,YLDs (Years Lived with Disability),4860,Maharashtra,1,Male,15,50-54 years,500,Atrial fibrillation and flutter,91,Lead exposure,3,Rate,2023,0.964184873,2.87291083,-0.14761291
1,All Population,3,YLDs (Years Lived with Disability),4860,Maharashtra,2,Female,15,50-54 years,500,Atrial fibrillation and flutter,91,Lead exposure,3,Rate,2023,0.709304137,2.032794832,-0.10439701
1,All Population,3,YLDs (Years Lived with Disability),4849,Delhi,1,Male,15,50-54 years,494,Stroke,380,Particulate matter pollution,3,Rate,2022,71.11398156,110.4891905,38.60921407
1,All Population,3,YLDs (Years Lived with Disability),4849,Delhi,2,Female,15,50-54 years,494,Stroke,380,Particulate matter pollution,3,Rate,2022,79.06579742,122.6934192,44.49827675
1,All Population,3,YLDs (Years Lived with Disability),4849,Delhi,1,Male,15,50-54 years,498,Hypertensive heart disease,91,Lead exposure,3,Rate,2022,0.463323759,1.448516442,0
1,All Population,3,YLDs (Years Lived with Disability),4849,Delhi,2,Female,15,50-54 years,498,Hypertensive heart disease,91,Lead exposure,3,Rate,2022,0.686169542,1.875625451,0
1,All Population,3,YLDs (Years Lived with Disability),4842,Arunachal Pradesh,1,Male,15,50-54 years,493,Ischemic heart disease,91,Lead exposure,3,Rate,2022,33.77153315,49.18479272,19.97201052
1,All Population,3,YLDs (Years Lived with Disability),4842,Arunachal Pradesh,2,Female,15,50-54 years,493,Ischemic heart disease,91,Lead exposure,3,Rate,2022,17.51646768,25.52012491,10.95597452
1,All Population,3,YLDs (Years Lived with Disability),4844,Bihar,1,Male,15,50-54 years,493,Ischemic heart disease,91,Lead exposure,3,Rate,2022,41.02643508,60.77237672,24.32028893
1,All Population,3,YLDs (Years Lived with Disability),4844,Bihar,2,Female,15,50-54 years,493,Ischemic heart disease,91,Lead exposure,3,Rate,2022,25.57799069,38.10483522,14.82606317
1,All Population,3,YLDs (Years Lived with Disability),4862,Meghalaya,1,Male,15,50-54 years,494,Stroke,380,Particulate matter pollution,3,Rate,2023,76.7479428,117.5440776,42.14135333
1,All Population,3,YLDs (Years Lived with Disability),4862,Meghalaya,2,Female,15,50-54 years,494,Stroke,380,Particulate matter pollution,3,Rate,2023,64.02735161,101.3538111,37.96282386
1,All Population,3,YLDs (Years Lived with Disability),4862,Meghalaya,1,Male,15,50-54 years,498,Hypertensive heart disease,91,Lead exposure,3,Rate,2023,1.098128685,2.944810432,0
1,All Population,3,YLDs (Years Lived with Disability),4862,Meghalaya,2,Female,15,50-54 years,498,Hypertensive heart disease,91,Lead exposure,3,Rate,2023,1.467452477,3.590320216,0
1,All Population,3,YLDs (Years Lived with Disability),4841,Andhra Pradesh,1,Male,15,50-54 years,493,Ischemic heart disease,91,Lead exposure,3,Rate,2022,52.82632912,77.86715049,31.59547836
1,All Population,3,YLDs (Years Lived with Disability),4841,Andhra Pradesh,2,Female,15,50-54 years,493,Ischemic heart disease,91,Lead exposure,3,Rate,2022,28.30450264,40.54917832,16.72610275
1,All Population,3,YLDs (Years Lived with Disability),4844,Bihar,1,Male,15,50-54 years,502,Lower extremity peripheral arterial disease,91,Lead exposure,3,Rate,2022,0.009728194,0.034964926,-0.001085091
1,All Population,3,YLDs (Years Lived with Disability),4844,Bihar,2,Female,15,50-54 years,502,Lower extremity peripheral arterial disease,91,Lead exposure,3,Rate,2022,0.01211345,0.037985431,-0.001382246
1,All Population,3,YLDs (Years Lived with Disability),4862,Meghalaya,1,Male,15,50-54 years,494,Stroke,380,Particulate matter pollution,3,Rate,2022,73.74518403,117.4309981,43.14372381
1,All Population,3,YLDs (Years Lived with Disability),4862,Meghalaya,2,Female,15,50-54 years,494,Stroke,380,Particulate matter pollution,3,Rate,2022,62.54519665,92.8334346,34.55149046
1,All Population,3,YLDs (Years Lived with Disability),4867,Punjab,1,Male,15,50-54 years,493,Ischemic heart disease,380,Particulate matter pollution,3,Rate,2022,69.98941299,104.8020495,40.1174919
1,All Population,3,YLDs (Years Lived with Disability),4867,Punjab,2,Female,15,50-54 years,493,Ischemic heart disease,380,Particulate matter pollution,3,Rate,2022,45.13986901,66.78079102,26.80479211
1,All Population,3,YLDs (Years Lived with Disability),4867,Punjab,1,Male,15,50-54 years,494,Stroke,91,Lead exposure,3,Rate,2022,10.19181303,26.08735784,-1.759959308
1,All Population,3,YLDs (Years Lived with Disability),4867,Punjab,2,Female,15,50-54 years,494,Stroke,91,Lead exposure,3,Rate,2022,7.930033215,19.95209981,-1.311204688
1,All Population,3,YLDs (Years Lived with Disability),4851,Gujarat,1,Male,15,50-54 years,494,Stroke,380,Particulate matter pollution,3,Rate,2022,94.0174403,142.8075464,52.04646535
1,All Population,3,YLDs (Years Lived with Disability),4851,Gujarat,2,Female,15,50-54 years,494,Stroke,380,Particulate matter pollution,3,Rate,2022,86.53290439,130.2408683,48.65879785
1,All Population,3,YLDs (Years Lived with Disability),4849,Delhi,1,Male,15,50-54 years,500,Atrial fibrillation and flutter,91,Lead exposure,3,Rate,2022,0.741228256,2.157390484,-0.086719628
1,All Population,3,YLDs (Years Lived with Disability),4849,Delhi,2,Female,15,50-54 years,500,Atrial fibrillation and flutter,91,Lead exposure,3,Rate,2022,0.538462691,1.769253958,-0.064283408
1,All Population,3,YLDs (Years Lived with Disability),4849,Delhi,1,Male,15,50-54 years,502,Lower extremity peripheral arterial disease,91,Lead exposure,3,Rate,2022,0.005244334,0.018217152,-0.000416935
1,All Population,3,YLDs (Years Lived with Disability),4849,Delhi,2,Female,15,50-54 years,502,Lower extremity peripheral arterial disease,91,Lead exposure,3,Rate,2022,0.006609762,0.022249585,-0.000558646
1,All Population,3,YLDs (Years Lived with Disability),44538,Other Union Territories,1,Male,15,50-54 years,498,Hypertensive heart disease,91,Lead exposure,3,Rate,2022,0.65073801,1.603642606,0
1,All Population,3,YLDs (Years Lived with Disability),44538,Other Union Territories,2,Female,15,50-54 years,498,Hypertensive heart disease,91,Lead exposure,3,Rate,2022,1.125865016,2.600576344,0
1,All Population,3,YLDs (Years Lived with Disability),4864,Nagaland,1,Male,15,50-54 years,494,Stroke,380,Particulate matter pollution,3,Rate,2022,96.03472353,148.2219208,50.20336131
1,All Population,3,YLDs (Years Lived with Disability),4864,Nagaland,2,Female,15,50-54 years,494,Stroke,380,Particulate matter pollution,3,Rate,2022,68.99236836,106.3913421,37.1964002
1,All Population,3,YLDs (Years Lived with Disability),4864,Nagaland,1,Male,15,50-54 years,498,Hypertensive heart disease,91,Lead exposure,3,Rate,2022,0.890194599,2.214247882,0
1,All Population,3,YLDs (Years Lived with Disability),4864,Nagaland,2,Female,15,50-54 years,498,Hypertensive heart disease,91,Lead exposure,3,Rate,2022,1.145881181,2.905864075,0
1,All Population,3,YLDs (Years Lived with Disability),4853,Himachal Pradesh,1,Male,15,50-54 years,494,Stroke,91,Lead exposure,3,Rate,2022,11.85475413,34.108005,-2.178715479
1,All Population,3,YLDs (Years Lived with Disability),4853,Himachal Pradesh,2,Female,15,50-54 years,494,Stroke,91,Lead exposure,3,Rate,2022,8.73707391,25.06950219,-1.247137624
1,All Population,3,YLDs (Years Lived with Disability),4855,Jharkhand,1,Male,15,50-54 years,493,Ischemic heart disease,380,Particulate matter pollution,3,Rate,2022,29.46432761,44.0863526,16.71925747
1,All Population,3,YLDs (Years Lived with Disability),4855,Jharkhand,2,Female,15,50-54 years,493,Ischemic heart disease,380,Particulate matter pollution,3,Rate,2022,27.04860393,40.20915964,15.05752712
1,All Population,3,YLDs (Years Lived with Disability),4856,Karnataka,1,Male,15,50-54 years,493,Ischemic heart disease,91,Lead exposure,3,Rate,2023,57.41090175,83.77661875,35.30535506
1,All Population,3,YLDs (Years Lived with Disability),4856,Karnataka,2,Female,15,50-54 years,493,Ischemic heart disease,91,Lead exposure,3,Rate,2023,37.94852992,54.74122192,24.08360837
1,All Population,3,YLDs (Years Lived with Disability),4841,Andhra Pradesh,1,Male,15,50-54 years,493,Ischemic heart disease,91,Lead exposure,3,Rate,2023,52.66896502,76.89555572,31.90582686
1,All Population,3,YLDs (Years Lived with Disability),4841,Andhra Pradesh,2,Female,15,50-54 years,493,Ischemic heart disease,91,Lead exposure,3,Rate,2023,28.00905269,39.97724732,16.89971527
1,All Population,3,YLDs (Years Lived with Disability),4842,Arunachal Pradesh,1,Male,15,50-54 years,493,Ischemic heart disease,91,Lead exposure,3,Rate,2023,33.34167458,49.10078232,20.07594357
1,All Population,3,YLDs (Years Lived with Disability),4842,Arunachal Pradesh,2,Female,15,50-54 years,493,Ischemic heart disease,91,Lead exposure,3,Rate,2023,17.42871444,25.5789407,10.05458688
1,All Population,3,YLDs (Years Lived with Disability),4851,Gujarat,1,Male,15,50-54 years,498,Hypertensive heart disease,91,Lead exposure,3,Rate,2022,0.749586949,1.866772886,0
1,All Population,3,YLDs (Years Lived with Disability),4851,Gujarat,2,Female,15,50-54 years,498,Hypertensive heart disease,91,Lead exposure,3,Rate,2022,1.348396739,3.122183742,0
1,All Population,3,YLDs (Years Lived with Disability),4853,Himachal Pradesh,1,Male,15,50-54 years,494,Stroke,380,Particulate matter pollution,3,Rate,2022,61.72046041,95.66044751,31.91070145
1,All Population,3,YLDs (Years Lived with Disability),4853,Himachal Pradesh,2,Female,15,50-54 years,494,Stroke,380,Particulate matter pollution,3,Rate,2022,54.4788884,84.36266362,29.70036139
1,All Population,3,YLDs (Years Lived with Disability),4853,Himachal Pradesh,1,Male,15,50-54 years,498,Hypertensive heart disease,91,Lead exposure,3,Rate,2022,0.657599883,1.874928829,0
1,All Population,3,YLDs (Years Lived with Disability),4853,Himachal Pradesh,2,Female,15,50-54 years,498,Hypertensive heart disease,91,Lead exposure,3,Rate,2022,1.03856873,2.391361614,0
1,All Population,3,YLDs (Years Lived with Disability),4843,Assam,1,Male,15,50-54 years,494,Stroke,380,Particulate matter pollution,3,Rate,2023,113.6085821,174.9113481,63.14858608
1,All Population,3,YLDs (Years Lived with Disability),4843,Assam,2,Female,15,50-54 years,494,Stroke,380,Particulate matter pollution,3,Rate,2023,84.29229974,128.7514152,45.70040761
1,All Population,3,YLDs (Years Lived with Disability),4851,Gujarat,1,Male,15,50-54 years,500,Atrial fibrillation and flutter,91,Lead exposure,3,Rate,2022,1.177169687,3.555806919,-0.146986262
1,All Population,3,YLDs (Years Lived with Disability),4851,Gujarat,2,Female,15,50-54 years,500,Atrial fibrillation and flutter,91,Lead exposure,3,Rate,2022,0.950858489,2.950155927,-0.116557553
1,All Population,3,YLDs (Years Lived with Disability),4843,Assam,1,Male,15,50-54 years,493,Ischemic heart disease,91,Lead exposure,3,Rate,2022,35.21582492,51.09954886,20.72704442
1,All Population,3,YLDs (Years Lived with Disability),4843,Assam,2,Female,15,50-54 years,493,Ischemic heart disease,91,Lead exposure,3,Rate,2022,20.79779448,30.90448266,12.3923549
1,All Population,3,YLDs (Years Lived with Disability),4857,Kerala,1,Male,15,50-54 years,493,Ischemic heart disease,380,Particulate matter pollution,3,Rate,2022,48.65015207,76.3703245,27.19243727
1,All Population,3,YLDs (Years Lived with Disability),4857,Kerala,2,Female,15,50-54 years,493,Ischemic heart disease,380,Particulate matter pollution,3,Rate,2022,24.78028032,37.61133526,14.24363415
1,All Population,3,YLDs (Years Lived with Disability),4844,Bihar,1,Male,15,50-54 years,502,Lower extremity peripheral arterial disease,91,Lead exposure,3,Rate,2023,0.01009798,0.04045267,-0.000975341
1,All Population,3,YLDs (Years Lived with Disability),4844,Bihar,2,Female,15,50-54 years,502,Lower extremity peripheral arterial disease,91,Lead exposure,3,Rate,2023,0.011922968,0.037100092,-0.001321188
1,All Population,3,YLDs (Years Lived with Disability),4849,Delhi,1,Male,15,50-54 years,494,Stroke,380,Particulate matter pollution,3,Rate,2023,70.69730148,105.8944767,40.34378047
1,All Population,3,YLDs (Years Lived with Disability),4849,Delhi,2,Female,15,50-54 years,494,Stroke,380,Particulate matter pollution,3,Rate,2023,79.56603373,119.3731674,41.33197617
1,All Population,3,YLDs (Years Lived with Disability),4855,Jharkhand,1,Male,15,50-54 years,494,Stroke,91,Lead exposure,3,Rate,2022,13.97849214,35.53731768,-2.091476475
1,All Population,3,YLDs (Years Lived with Disability),4855,Jharkhand,2,Female,15,50-54 years,494,Stroke,91,Lead exposure,3,Rate,2022,14.16331531,35.85393819,-2.516285492
1,All Population,3,YLDs (Years Lived with Disability),4869,Sikkim,1,Male,15,50-54 years,493,Ischemic heart disease,91,Lead exposure,3,Rate,2023,30.50694249,44.61459085,18.24789403
1,All Population,3,YLDs (Years Lived with Disability),4869,Sikkim,2,Female,15,50-54 years,493,Ischemic heart disease,91,Lead exposure,3,Rate,2023,20.80457972,30.2289203,12.44259525
1,All Population,3,YLDs (Years Lived with Disability),4860,Maharashtra,1,Male,15,50-54 years,502,Lower extremity peripheral arterial disease,91,Lead exposure,3,Rate,2023,0.007409725,0.027744956,-0.001004909
1,All Population,3,YLDs (Years Lived with Disability),4860,Maharashtra,2,Female,15,50-54 years,502,Lower extremity peripheral arterial disease,91,Lead exposure,3,Rate,2023,0.009067462,0.02953491,-0.000872182
1,All Population,3,YLDs (Years Lived with Disability),4852,Haryana,1,Male,15,50-54 years,493,Ischemic heart disease,380,Particulate matter pollution,3,Rate,2023,57.77181065,86.6578065,33.04716535
1,All Population,3,YLDs (Years Lived with Disability),4852,Haryana,2,Female,15,50-54 years,493,Ischemic heart disease,380,Particulate matter pollution,3,Rate,2023,34.08368794,50.89766367,18.9345247
1,All Population,3,YLDs (Years Lived with Disability),4862,Meghalaya,1,Male,15,50-54 years,500,Atrial fibrillation and flutter,91,Lead exposure,3,Rate,2023,1.132191363,3.676454239,-0.135357433
1,All Population,3,YLDs (Years Lived with Disability),4862,Meghalaya,2,Female,15,50-54 years,500,Atrial fibrillation and flutter,91,Lead exposure,3,Rate,2023,0.835326306,2.463604626,-0.109254809
1,All Population,3,YLDs (Years Lived with Disability),4859,Madhya Pradesh,1,Male,15,50-54 years,500,Atrial fibrillation and flutter,91,Lead exposure,3,Rate,2023,0.970428232,2.864306301,-0.145516701
1,All Population,3,YLDs (Years Lived with Disability),4859,Madhya Pradesh,2,Female,15,50-54 years,500,Atrial fibrillation and flutter,91,Lead exposure,3,Rate,2023,0.691218045,2.097427388,-0.111158504
1,All Population,3,YLDs (Years Lived with Disability),4846,Chhattisgarh,1,Male,15,50-54 years,498,Hypertensive heart disease,91,Lead exposure,3,Rate,2023,0.836245316,2.262165353,0
1,All Population,3,YLDs (Years Lived with Disability),4846,Chhattisgarh,2,Female,15,50-54 years,498,Hypertensive heart disease,91,Lead exposure,3,Rate,2023,1.160513307,2.950854444,0
1,All Population,3,YLDs (Years Lived with Disability),4871,Telangana,1,Male,15,50-54 years,493,Ischemic heart disease,91,Lead exposure,3,Rate,2023,54.84900801,79.47456817,32.30739206
1,All Population,3,YLDs (Years Lived with Disability),4871,Telangana,2,Female,15,50-54 years,493,Ischemic heart disease,91,Lead exposure,3,Rate,2023,30.19734642,44.33734919,18.58408698
1,All Population,3,YLDs (Years Lived with Disability),4853,Himachal Pradesh,1,Male,15,50-54 years,493,Ischemic heart disease,380,Particulate matter pollution,3,Rate,2023,54.58559487,88.25842095,30.56015832
1,All Population,3,YLDs (Years Lived with Disability),4853,Himachal Pradesh,2,Female,15,50-54 years,493,Ischemic heart disease,380,Particulate matter pollution,3,Rate,2023,27.35290056,40.22483565,15.04636086
1,All Population,3,YLDs (Years Lived with Disability),4862,Meghalaya,1,Male,15,50-54 years,500,Atrial fibrillation and flutter,91,Lead exposure,3,Rate,2022,1.148178317,3.427950091,-0.157008828
1,All Population,3,YLDs (Years Lived with Disability),4862,Meghalaya,2,Female,15,50-54 years,500,Atrial fibrillation and flutter,91,Lead exposure,3,Rate,2022,0.868172586,2.861789625,-0.129184965
1,All Population,3,YLDs (Years Lived with Disability),4869,Sikkim,1,Male,15,50-54 years,493,Ischemic heart disease,380,Particulate matter pollution,3,Rate,2022,33.83145369,52.04911453,19.16035601
1,All Population,3,YLDs (Years Lived with Disability),4869,Sikkim,2,Female,15,50-54 years,493,Ischemic heart disease,380,Particulate matter pollution,3,Rate,2022,25.47011546,37.7908786,14.68827911
1,All Population,3,YLDs (Years Lived with Disability),4869,Sikkim,1,Male,15,50-54 years,494,Stroke,91,Lead exposure,3,Rate,2022,13.40013576,36.04272042,-1.980794538
1,All Population,3,YLDs (Years Lived with Disability),4869,Sikkim,2,Female,15,50-54 years,494,Stroke,91,Lead exposure,3,Rate,2022,10.79129014,26.24839839,-1.501552826
1,All Population,3,YLDs (Years Lived with Disability),4850,Goa,1,Male,15,50-54 years,494,Stroke,380,Particulate matter pollution,3,Rate,2022,55.89600045,89.66291006,30.38450372
1,All Population,3,YLDs (Years Lived with Disability),4850,Goa,2,Female,15,50-54 years,494,Stroke,380,Particulate matter pollution,3,Rate,2022,53.69855732,82.03005965,29.56827439
1,All Population,3,YLDs (Years Lived with Disability),4867,Punjab,1,Male,15,50-54 years,498,Hypertensive heart disease,91,Lead exposure,3,Rate,2022,0.37789375,0.986652135,0
1,All Population,3,YLDs (Years Lived with Disability),4867,Punjab,2,Female,15,50-54 years,498,Hypertensive heart disease,91,Lead exposure,3,Rate,2022,0.596663173,1.612960336,0
1,All Population,3,YLDs (Years Lived with Disability),4846,Chhattisgarh,1,Male,15,50-54 years,502,Lower extremity peripheral arterial disease,91,Lead exposure,3,Rate,2022,0.007512102,0.027534736,-0.000766318
1,All Population,3,YLDs (Years Lived with Disability),4846,Chhattisgarh,2,Female,15,50-54 years,502,Lower extremity peripheral arterial disease,91,Lead exposure,3,Rate,2022,0.010262831,0.035790255,-0.000953962
1,All Population,3,YLDs (Years Lived with Disability),4875,West Bengal,1,Male,15,50-54 years,494,Stroke,380,Particulate matter pollution,3,Rate,2023,125.3426349,194.9677094,70.45658078
1,All Population,3,YLDs (Years Lived with Disability),4875,West Bengal,2,Female,15,50-54 years,494,Stroke,380,Particulate matter pollution,3,Rate,2023,122.4686411,180.8742709,70.32617642
1,All Population,3,YLDs (Years Lived with Disability),4859,Madhya Pradesh,1,Male,15,50-54 years,493,Ischemic heart disease,91,Lead exposure,3,Rate,2022,50.1428355,76.8131857,28.97535499
1,All Population,3,YLDs (Years Lived with Disability),4859,Madhya Pradesh,2,Female,15,50-54 years,493,Ischemic heart disease,91,Lead exposure,3,Rate,2022,24.59640239,36.90749203,14.64367383
1,All Population,3,YLDs (Years Lived with Disability),4850,Goa,1,Male,15,50-54 years,493,Ischemic heart disease,380,Particulate matter pollution,3,Rate,2023,43.01273384,65.47660086,23.74682954
1,All Population,3,YLDs (Years Lived with Disability),4850,Goa,2,Female,15,50-54 years,493,Ischemic heart disease,380,Particulate matter pollution,3,Rate,2023,26.89790604,40.16018842,14.92316685
1,All Population,3,YLDs (Years Lived with Disability),4850,Goa,1,Male,15,50-54 years,494,Stroke,91,Lead exposure,3,Rate,2023,11.92131796,31.03956894,-2.173879926
1,All Population,3,YLDs (Years Lived with Disability),4850,Goa,2,Female,15,50-54 years,494,Stroke,91,Lead exposure,3,Rate,2023,9.775234747,25.66707002,-1.513842618
1,All Population,3,YLDs (Years Lived with Disability),4857,Kerala,1,Male,15,50-54 years,493,Ischemic heart disease,91,Lead exposure,3,Rate,2023,56.04509404,82.08374451,32.95823247
1,All Population,3,YLDs (Years Lived with Disability),4857,Kerala,2,Female,15,50-54 years,493,Ischemic heart disease,91,Lead exposure,3,Rate,2023,25.92803207,38.27565443,14.80499865
1,All Population,3,YLDs (Years Lived with Disability),4873,Uttar Pradesh,1,Male,15,50-54 years,502,Lower extremity peripheral arterial disease,91,Lead exposure,3,Rate,2023,0.010400607,0.03377516,-0.001242203
1,All Population,3,YLDs (Years Lived with Disability),4873,Uttar Pradesh,2,Female,15,50-54 years,502,Lower extremity peripheral arterial disease,91,Lead exposure,3,Rate,2023,0.012991478,0.041459055,-0.001440954
1,All Population,3,YLDs (Years Lived with Disability),4860,Maharashtra,1,Male,15,50-54 years,493,Ischemic heart disease,91,Lead exposure,3,Rate,2022,37.84144062,56.05668493,23.40291711
1,All Population,3,YLDs (Years Lived with Disability),4860,Maharashtra,2,Female,15,50-54 years,493,Ischemic heart disease,91,Lead exposure,3,Rate,2022,22.78364626,33.49854513,13.67019159
1,All Population,3,YLDs (Years Lived with Disability),4855,Jharkhand,1,Male,15,50-54 years,498,Hypertensive heart disease,91,Lead exposure,3,Rate,2022,0.79501657,2.105670901,0
1,All Population,3,YLDs (Years Lived with Disability),4855,Jharkhand,2,Female,15,50-54 years,498,Hypertensive heart disease,91,Lead exposure,3,Rate,2022,1.204681511,3.122388348,0
1,All Population,3,YLDs (Years Lived with Disability),4851,Gujarat,1,Male,15,50-54 years,494,Stroke,380,Particulate matter pollution,3,Rate,2023,93.31439175,137.8675648,50.45039237
1,All Population,3,YLDs (Years Lived with Disability),4851,Gujarat,2,Female,15,50-54 years,494,Stroke,380,Particulate matter pollution,3,Rate,2023,86.46618332,131.7751173,47.51428061
1,All Population,3,YLDs (Years Lived with Disability),4851,Gujarat,1,Male,15,50-54 years,498,Hypertensive heart disease,91,Lead exposure,3,Rate,2023,0.750476669,1.78858585,0
1,All Population,3,YLDs (Years Lived with Disability),4851,Gujarat,2,Female,15,50-54 years,498,Hypertensive heart disease,91,Lead exposure,3,Rate,2023,1.364238149,3.254610825,0
1,All Population,3,YLDs (Years Lived with Disability),4843,Assam,1,Male,15,50-54 years,502,Lower extremity peripheral arterial disease,91,Lead exposure,3,Rate,2023,0.008352165,0.028656507,-0.001007094
1,All Population,3,YLDs (Years Lived with Disability),4843,Assam,2,Female,15,50-54 years,502,Lower extremity peripheral arterial disease,91,Lead exposure,3,Rate,2023,0.010052598,0.035893784,-0.001096246
1,All Population,3,YLDs (Years Lived with Disability),4849,Delhi,1,Male,15,50-54 years,500,Atrial fibrillation and flutter,91,Lead exposure,3,Rate,2023,0.707558768,2.195499038,-0.098929237
1,All Population,3,YLDs (Years Lived with Disability),4849,Delhi,2,Female,15,50-54 years,500,Atrial fibrillation and flutter,91,Lead exposure,3,Rate,2023,0.518199499,1.769290004,-0.067552236
1,All Population,3,YLDs (Years Lived with Disability),4867,Punjab,1,Male,15,50-54 years,493,Ischemic heart disease,380,Particulate matter pollution,3,Rate,2023,69.8990423,104.2662362,39.33214548
1,All Population,3,YLDs (Years Lived with Disability),4867,Punjab,2,Female,15,50-54 years,493,Ischemic heart disease,380,Particulate matter pollution,3,Rate,2023,45.38725783,68.37686186,25.87461537
1,All Population,3,YLDs (Years Lived with Disability),4867,Punjab,1,Male,15,50-54 years,494,Stroke,91,Lead exposure,3,Rate,2023,9.960425853,24.73925367,-1.529775513
1,All Population,3,YLDs (Years Lived with Disability),4867,Punjab,2,Female,15,50-54 years,494,Stroke,91,Lead exposure,3,Rate,2023,7.834220273,19.94283882,-1.165988011
1,All Population,3,YLDs (Years Lived with Disability),4864,Nagaland,1,Male,15,50-54 years,493,Ischemic heart disease,380,Particulate matter pollution,3,Rate,2023,35.34462931,54.17920745,20.76636681
1,All Population,3,YLDs (Years Lived with Disability),4864,Nagaland,2,Female,15,50-54 years,493,Ischemic heart disease,380,Particulate matter pollution,3,Rate,2023,26.71283786,39.82568224,15.0229471
1,All Population,3,YLDs (Years Lived with Disability),4864,Nagaland,1,Male,15,50-54 years,494,Stroke,91,Lead exposure,3,Rate,2023,20.1114284,54.15701874,-2.988136749
1,All Population,3,YLDs (Years Lived with Disability),4864,Nagaland,2,Female,15,50-54 years,494,Stroke,91,Lead exposure,3,Rate,2023,11.37468546,29.16703563,-1.512964477
1,All Population,3,YLDs (Years Lived with Disability),4855,Jharkhand,1,Male,15,50-54 years,493,Ischemic heart disease,380,Particulate matter pollution,3,Rate,2023,29.83926028,45.47593837,17.37293008
1,All Population,3,YLDs (Years Lived with Disability),4855,Jharkhand,2,Female,15,50-54 years,493,Ischemic heart disease,380,Particulate matter pollution,3,Rate,2023,27.55863946,42.57007987,15.28313967
1,All Population,3,YLDs (Years Lived with Disability),4852,Haryana,1,Male,15,50-54 years,494,Stroke,380,Particulate matter pollution,3,Rate,2022,106.808131,165.4337094,60.15601865
1,All Population,3,YLDs (Years Lived with Disability),4852,Haryana,2,Female,15,50-54 years,494,Stroke,380,Particulate matter pollution,3,Rate,2022,103.9718624,159.5599002,56.48481018
1,All Population,3,YLDs (Years Lived with Disability),4853,Himachal Pradesh,1,Male,15,50-54 years,494,Stroke,91,Lead exposure,3,Rate,2023,11.65128271,30.77316162,-2.016338683
1,All Population,3,YLDs (Years Lived with Disability),4853,Himachal Pradesh,2,Female,15,50-54 years,494,Stroke,91,Lead exposure,3,Rate,2023,8.59454467,21.94987995,-1.499710359
1,All Population,3,YLDs (Years Lived with Disability),4860,Maharashtra,1,Male,15,50-54 years,493,Ischemic heart disease,91,Lead exposure,3,Rate,2023,37.7822131,54.57704445,23.29219728
1,All Population,3,YLDs (Years Lived with Disability),4860,Maharashtra,2,Female,15,50-54 years,493,Ischemic heart disease,91,Lead exposure,3,Rate,2023,22.87222311,33.63459393,13.74074143
1,All Population,3,YLDs (Years Lived with Disability),4862,Meghalaya,1,Male,15,50-54 years,493,Ischemic heart disease,91,Lead exposure,3,Rate,2022,33.03285916,49.32748608,19.55469257
1,All Population,3,YLDs (Years Lived with Disability),4862,Meghalaya,2,Female,15,50-54 years,493,Ischemic heart disease,91,Lead exposure,3,Rate,2022,20.08111684,29.37689532,12.34824428
1,All Population,3,YLDs (Years Lived with Disability),4862,Meghalaya,1,Male,15,50-54 years,502,Lower extremity peripheral arterial disease,91,Lead exposure,3,Rate,2023,0.009301945,0.032044806,-0.001178599
1,All Population,3,YLDs (Years Lived with Disability),4862,Meghalaya,2,Female,15,50-54 years,502,Lower extremity peripheral arterial disease,91,Lead exposure,3,Rate,2023,0.010787193,0.034804192,-0.001070868
1,All Population,3,YLDs (Years Lived with Disability),4843,Assam,1,Male,15,50-54 years,500,Atrial fibrillation and flutter,91,Lead exposure,3,Rate,2023,0.995575539,3.220825127,-0.191074912
1,All Population,3,YLDs (Years Lived with Disability),4843,Assam,2,Female,15,50-54 years,500,Atrial fibrillation and flutter,91,Lead exposure,3,Rate,2023,0.737862995,2.268389166,-0.09242497
1,All Population,3,YLDs (Years Lived with Disability),4846,Chhattisgarh,1,Male,15,50-54 years,494,Stroke,380,Particulate matter pollution,3,Rate,2023,121.6659394,183.6897173,68.56306128
1,All Population,3,YLDs (Years Lived with Disability),4846,Chhattisgarh,2,Female,15,50-54 years,494,Stroke,380,Particulate matter pollution,3,Rate,2023,95.23116055,148.7948519,56.2254448
1,All Population,3,YLDs (Years Lived with Disability),4856,Karnataka,1,Male,15,50-54 years,502,Lower extremity peripheral arterial disease,91,Lead exposure,3,Rate,2023,0.010145359,0.033488269,-0.001030157
1,All Population,3,YLDs (Years Lived with Disability),4856,Karnataka,2,Female,15,50-54 years,502,Lower extremity peripheral arterial disease,91,Lead exposure,3,Rate,2023,0.014603526,0.049026251,-0.00155287
1,All Population,3,YLDs (Years Lived with Disability),4861,Manipur,1,Male,15,50-54 years,493,Ischemic heart disease,91,Lead exposure,3,Rate,2022,34.51798152,49.06701215,21.68346294
1,All Population,3,YLDs (Years Lived with Disability),4861,Manipur,2,Female,15,50-54 years,493,Ischemic heart disease,91,Lead exposure,3,Rate,2022,22.89800092,33.57076884,13.5024076
1,All Population,3,YLDs (Years Lived with Disability),4850,Goa,1,Male,15,50-54 years,500,Atrial fibrillation and flutter,91,Lead exposure,3,Rate,2022,0.946453467,3.339100781,-0.148876882
1,All Population,3,YLDs (Years Lived with Disability),4850,Goa,2,Female,15,50-54 years,500,Atrial fibrillation and flutter,91,Lead exposure,3,Rate,2022,0.703522966,2.626747409,-0.095542361
1,All Population,3,YLDs (Years Lived with Disability),4864,Nagaland,1,Male,15,50-54 years,500,Atrial fibrillation and flutter,91,Lead exposure,3,Rate,2022,1.112061073,3.961773619,-0.131478858
1,All Population,3,YLDs (Years Lived with Disability),4864,Nagaland,2,Female,15,50-54 years,500,Atrial fibrillation and flutter,91,Lead exposure,3,Rate,2022,0.831302204,3.06362599,-0.106952883
1,All Population,3,YLDs (Years Lived with Disability),4869,Sikkim,1,Male,15,50-54 years,494,Stroke,380,Particulate matter pollution,3,Rate,2022,66.68984172,106.3326752,35.12946812
1,All Population,3,YLDs (Years Lived with Disability),4869,Sikkim,2,Female,15,50-54 years,494,Stroke,380,Particulate matter pollution,3,Rate,2022,63.80752923,103.6923104,32.62200683
1,All Population,3,YLDs (Years Lived with Disability),4861,Manipur,1,Male,15,50-54 years,494,Stroke,380,Particulate matter pollution,3,Rate,2023,81.76398763,130.788201,44.83020418
1,All Population,3,YLDs (Years Lived with Disability),4861,Manipur,2,Female,15,50-54 years,494,Stroke,380,Particulate matter pollution,3,Rate,2023,64.45996562,102.1977685,34.46213436
1,All Population,3,YLDs (Years Lived with Disability),4854,Jammu & Kashmir and Ladakh,1,Male,15,50-54 years,493,Ischemic heart disease,380,Particulate matter pollution,3,Rate,2022,45.61246327,69.89784746,26.3777643
1,All Population,3,YLDs (Years Lived with Disability),4854,Jammu & Kashmir and Ladakh,2,Female,15,50-54 years,493,Ischemic heart disease,380,Particulate matter pollution,3,Rate,2022,31.18281291,47.07983586,18.44077855
1,All Population,3,YLDs (Years Lived with Disability),4854,Jammu & Kashmir and Ladakh,1,Male,15,50-54 years,494,Stroke,91,Lead exposure,3,Rate,2022,9.97947288,25.18051624,-1.774022048
1,All Population,3,YLDs (Years Lived with Disability),4854,Jammu & Kashmir and Ladakh,2,Female,15,50-54 years,494,Stroke,91,Lead exposure,3,Rate,2022,8.051348667,19.57900519,-1.375047128
1,All Population,3,YLDs (Years Lived with Disability),4867,Punjab,1,Male,15,50-54 years,494,Stroke,380,Particulate matter pollution,3,Rate,2022,74.73146667,113.4846253,40.82506718
1,All Population,3,YLDs (Years Lived with Disability),4867,Punjab,2,Female,15,50-54 years,494,Stroke,380,Particulate matter pollution,3,Rate,2022,66.03542435,101.8362001,35.82633433
1,All Population,3,YLDs (Years Lived with Disability),4862,Meghalaya,1,Male,15,50-54 years,502,Lower extremity peripheral arterial disease,91,Lead exposure,3,Rate,2022,0.009468245,0.030293091,-0.001162688
1,All Population,3,YLDs (Years Lived with Disability),4862,Meghalaya,2,Female,15,50-54 years,502,Lower extremity peripheral arterial disease,91,Lead exposure,3,Rate,2022,0.011228232,0.035922249,-0.001257645
1,All Population,3,YLDs (Years Lived with Disability),4855,Jharkhand,1,Male,15,50-54 years,494,Stroke,91,Lead exposure,3,Rate,2023,13.99051968,33.43323691,-2.404098162
1,All Population,3,YLDs (Years Lived with Disability),4855,Jharkhand,2,Female,15,50-54 years,494,Stroke,91,Lead exposure,3,Rate,2023,13.849672,36.53249274,-2.070395865
1,All Population,3,YLDs (Years Lived with Disability),4875,West Bengal,1,Male,15,50-54 years,500,Atrial fibrillation and flutter,91,Lead exposure,3,Rate,2023,0.983181234,3.311995319,-0.150092055
1,All Population,3,YLDs (Years Lived with Disability),4875,West Bengal,2,Female,15,50-54 years,500,Atrial fibrillation and flutter,91,Lead exposure,3,Rate,2023,0.771128486,2.42875182,-0.114501628
1,All Population,3,YLDs (Years Lived with Disability),4873,Uttar Pradesh,1,Male,15,50-54 years,493,Ischemic heart disease,380,Particulate matter pollution,3,Rate,2022,63.08271877,93.74132959,36.84245659
1,All Population,3,YLDs (Years Lived with Disability),4873,Uttar Pradesh,2,Female,15,50-54 years,493,Ischemic heart disease,380,Particulate matter pollution,3,Rate,2022,44.83178977,67.99806517,26.41895919
1,All Population,3,YLDs (Years Lived with Disability),4870,Tamil Nadu,1,Male,15,50-54 years,493,Ischemic heart disease,91,Lead exposure,3,Rate,2023,60.80406732,88.38883594,35.64921414
1,All Population,3,YLDs (Years Lived with Disability),4870,Tamil Nadu,2,Female,15,50-54 years,493,Ischemic heart disease,91,Lead exposure,3,Rate,2023,30.04607399,44.0730463,18.15451519
1,All Population,3,YLDs (Years Lived with Disability),4863,Mizoram,1,Male,15,50-54 years,498,Hypertensive heart disease,91,Lead exposure,3,Rate,2023,1.184621269,2.884009583,0
1,All Population,3,YLDs (Years Lived with Disability),4863,Mizoram,2,Female,15,50-54 years,498,Hypertensive heart disease,91,Lead exposure,3,Rate,2023,2.082651113,5.250627839,0
1,All Population,3,YLDs (Years Lived with Disability),4843,Assam,1,Male,15,50-54 years,493,Ischemic heart disease,91,Lead exposure,3,Rate,2023,34.71884813,50.99023008,20.89013172
1,All Population,3,YLDs (Years Lived with Disability),4843,Assam,2,Female,15,50-54 years,493,Ischemic heart disease,91,Lead exposure,3,Rate,2023,20.76451234,30.36036549,12.48625159
1,All Population,3,YLDs (Years Lived with Disability),4859,Madhya Pradesh,1,Male,15,50-54 years,502,Lower extremity peripheral arterial disease,91,Lead exposure,3,Rate,2023,0.008320146,0.029023347,-0.00081331
1,All Population,3,YLDs (Years Lived with Disability),4859,Madhya Pradesh,2,Female,15,50-54 years,502,Lower extremity peripheral arterial disease,91,Lead exposure,3,Rate,2023,0.010489695,0.034190242,-0.001314662
1,All Population,3,YLDs (Years Lived with Disability),4872,Tripura,1,Male,15,50-54 years,502,Lower extremity peripheral arterial disease,91,Lead exposure,3,Rate,2023,0.009186761,0.032508521,-0.001069283
1,All Population,3,YLDs (Years Lived with Disability),4872,Tripura,2,Female,15,50-54 years,502,Lower extremity peripheral arterial disease,91,Lead exposure,3,Rate,2023,0.010897036,0.037444977,-0.000949372
1,All Population,3,YLDs (Years Lived with Disability),4874,Uttarakhand,1,Male,15,50-54 years,500,Atrial fibrillation and flutter,91,Lead exposure,3,Rate,2023,0.996013633,3.178307445,-0.132128427
1,All Population,3,YLDs (Years Lived with Disability),4874,Uttarakhand,2,Female,15,50-54 years,500,Atrial fibrillation and flutter,91,Lead exposure,3,Rate,2023,0.754935754,2.132648136,-0.096644985
1,All Population,3,YLDs (Years Lived with Disability),4867,Punjab,1,Male,15,50-54 years,494,Stroke,380,Particulate matter pollution,3,Rate,2023,73.63433533,114.5243251,40.67023051
1,All Population,3,YLDs (Years Lived with Disability),4867,Punjab,2,Female,15,50-54 years,494,Stroke,380,Particulate matter pollution,3,Rate,2023,65.64659873,104.5174409,38.69116521
1,All Population,3,YLDs (Years Lived with Disability),4864,Nagaland,1,Male,15,50-54 years,498,Hypertensive heart disease,91,Lead exposure,3,Rate,2023,0.845409486,2.129105051,0
1,All Population,3,YLDs (Years Lived with Disability),4864,Nagaland,2,Female,15,50-54 years,498,Hypertensive heart disease,91,Lead exposure,3,Rate,2023,1.09595915,2.766137867,0
1,All Population,3,YLDs (Years Lived with Disability),4850,Goa,1,Male,15,50-54 years,498,Hypertensive heart disease,91,Lead exposure,3,Rate,2023,0.644665487,1.622863275,0
1,All Population,3,YLDs (Years Lived with Disability),4850,Goa,2,Female,15,50-54 years,498,Hypertensive heart disease,91,Lead exposure,3,Rate,2023,0.91854203,2.347935078,0
1,All Population,3,YLDs (Years Lived with Disability),4852,Haryana,1,Male,15,50-54 years,494,Stroke,91,Lead exposure,3,Rate,2023,16.29893385,41.14785992,-2.145246397
1,All Population,3,YLDs (Years Lived with Disability),4852,Haryana,2,Female,15,50-54 years,494,Stroke,91,Lead exposure,3,Rate,2023,12.87168293,32.86675929,-1.688200442
1,All Population,3,YLDs (Years Lived with Disability),4853,Himachal Pradesh,1,Male,15,50-54 years,498,Hypertensive heart disease,91,Lead exposure,3,Rate,2023,0.6488212,1.821248758,0
1,All Population,3,YLDs (Years Lived with Disability),4853,Himachal Pradesh,2,Female,15,50-54 years,498,Hypertensive heart disease,91,Lead exposure,3,Rate,2023,1.012045679,2.841220476,0
1,All Population,3,YLDs (Years Lived with Disability),4850,Goa,1,Male,15,50-54 years,502,Lower extremity peripheral arterial disease,91,Lead exposure,3,Rate,2023,0.006696619,0.025544781,-0.000819764
1,All Population,3,YLDs (Years Lived with Disability),4850,Goa,2,Female,15,50-54 years,502,Lower extremity peripheral arterial disease,91,Lead exposure,3,Rate,2023,0.008387593,0.02691804,-0.000832695
1,All Population,3,YLDs (Years Lived with Disability),4875,West Bengal,1,Male,15,50-54 years,493,Ischemic heart disease,91,Lead exposure,3,Rate,2022,43.31743994,64.26343749,26.12504819
1,All Population,3,YLDs (Years Lived with Disability),4875,West Bengal,2,Female,15,50-54 years,493,Ischemic heart disease,91,Lead exposure,3,Rate,2022,29.06455164,42.15250234,17.53205298
1,All Population,3,YLDs (Years Lived with Disability),4841,Andhra Pradesh,1,Male,15,50-54 years,493,Ischemic heart disease,380,Particulate matter pollution,3,Rate,2023,50.46497712,75.43564989,28.28035529
1,All Population,3,YLDs (Years Lived with Disability),4841,Andhra Pradesh,2,Female,15,50-54 years,493,Ischemic heart disease,380,Particulate matter pollution,3,Rate,2023,29.87256279,44.9270127,17.23271513
1,All Population,3,YLDs (Years Lived with Disability),4841,Andhra Pradesh,1,Male,15,50-54 years,494,Stroke,91,Lead exposure,3,Rate,2023,12.42286133,33.40268222,-1.730255708
1,All Population,3,YLDs (Years Lived with Disability),4841,Andhra Pradesh,2,Female,15,50-54 years,494,Stroke,91,Lead exposure,3,Rate,2023,9.717968876,25.22998239,-1.178514574
1,All Population,3,YLDs (Years Lived with Disability),4864,Nagaland,1,Male,15,50-54 years,494,Stroke,380,Particulate matter pollution,3,Rate,2023,99.73673367,158.5225807,52.8247974
1,All Population,3,YLDs (Years Lived with Disability),4864,Nagaland,2,Female,15,50-54 years,494,Stroke,380,Particulate matter pollution,3,Rate,2023,69.77854417,112.8779477,37.24230163
1,All Population,3,YLDs (Years Lived with Disability),4861,Manipur,1,Male,15,50-54 years,502,Lower extremity peripheral arterial disease,91,Lead exposure,3,Rate,2023,0.010053535,0.033773345,-0.001337195
1,All Population,3,YLDs (Years Lived with Disability),4861,Manipur,2,Female,15,50-54 years,502,Lower extremity peripheral arterial disease,91,Lead exposure,3,Rate,2023,0.012260168,0.037571176,-0.001746848
1,All Population,3,YLDs (Years Lived with Disability),4863,Mizoram,1,Male,15,50-54 years,494,Stroke,380,Particulate matter pollution,3,Rate,2023,51.49459145,80.94526797,27.16384273
1,All Population,3,YLDs (Years Lived with Disability),4863,Mizoram,2,Female,15,50-54 years,494,Stroke,380,Particulate matter pollution,3,Rate,2023,45.95278736,72.30589378,24.03399941
1,All Population,3,YLDs (Years Lived with Disability),4852,Haryana,1,Male,15,50-54 years,500,Atrial fibrillation and flutter,91,Lead exposure,3,Rate,2022,0.959397106,2.869346597,-0.144833564
1,All Population,3,YLDs (Years Lived with Disability),4852,Haryana,2,Female,15,50-54 years,500,Atrial fibrillation and flutter,91,Lead exposure,3,Rate,2022,0.687245223,2.165240303,-0.092434046
1,All Population,3,YLDs (Years Lived with Disability),4856,Karnataka,1,Male,15,50-54 years,493,Ischemic heart disease,380,Particulate matter pollution,3,Rate,2022,50.68735603,77.61756673,28.57652152
1,All Population,3,YLDs (Years Lived with Disability),4856,Karnataka,2,Female,15,50-54 years,493,Ischemic heart disease,380,Particulate matter pollution,3,Rate,2022,34.58172863,52.94697249,19.52044066
1,All Population,3,YLDs (Years Lived with Disability),4846,Chhattisgarh,1,Male,15,50-54 years,493,Ischemic heart disease,91,Lead exposure,3,Rate,2023,42.90657668,63.02036518,25.40430229
1,All Population,3,YLDs (Years Lived with Disability),4846,Chhattisgarh,2,Female,15,50-54 years,493,Ischemic heart disease,91,Lead exposure,3,Rate,2023,23.64590024,34.03704408,14.24113931
1,All Population,3,YLDs (Years Lived with Disability),4850,Goa,1,Male,15,50-54 years,494,Stroke,380,Particulate matter pollution,3,Rate,2023,55.10530147,88.31117878,30.41425454
1,All Population,3,YLDs (Years Lived with Disability),4850,Goa,2,Female,15,50-54 years,494,Stroke,380,Particulate matter pollution,3,Rate,2023,54.78579914,87.62917343,31.29468497
1,All Population,3,YLDs (Years Lived with Disability),4852,Haryana,1,Male,15,50-54 years,494,Stroke,380,Particulate matter pollution,3,Rate,2023,106.9080719,159.2602626,61.59756762
1,All Population,3,YLDs (Years Lived with Disability),4852,Haryana,2,Female,15,50-54 years,494,Stroke,380,Particulate matter pollution,3,Rate,2023,104.8612718,157.0338057,62.25944569
1,All Population,3,YLDs (Years Lived with Disability),4863,Mizoram,1,Male,15,50-54 years,502,Lower extremity peripheral arterial disease,91,Lead exposure,3,Rate,2022,0.009347483,0.032388049,-0.001023916
1,All Population,3,YLDs (Years Lived with Disability),4863,Mizoram,2,Female,15,50-54 years,502,Lower extremity peripheral arterial disease,91,Lead exposure,3,Rate,2022,0.011107634,0.038117181,-0.001185007
1,All Population,3,YLDs (Years Lived with Disability),4846,Chhattisgarh,1,Male,15,50-54 years,500,Atrial fibrillation and flutter,91,Lead exposure,3,Rate,2023,0.933489084,3.115609225,-0.107648456
1,All Population,3,YLDs (Years Lived with Disability),4846,Chhattisgarh,2,Female,15,50-54 years,500,Atrial fibrillation and flutter,91,Lead exposure,3,Rate,2023,0.686524783,2.155963472,-0.087282798
1,All Population,3,YLDs (Years Lived with Disability),4868,Rajasthan,1,Male,15,50-54 years,493,Ischemic heart disease,380,Particulate matter pollution,3,Rate,2023,76.86979128,115.371519,44.85753282
1,All Population,3,YLDs (Years Lived with Disability),4868,Rajasthan,2,Female,15,50-54 years,493,Ischemic heart disease,380,Particulate matter pollution,3,Rate,2023,41.41506785,61.50973208,24.3475762
1,All Population,3,YLDs (Years Lived with Disability),4869,Sikkim,1,Male,15,50-54 years,498,Hypertensive heart disease,91,Lead exposure,3,Rate,2022,0.734425502,2.01936369,0
1,All Population,3,YLDs (Years Lived with Disability),4869,Sikkim,2,Female,15,50-54 years,498,Hypertensive heart disease,91,Lead exposure,3,Rate,2022,0.925727418,2.200995052,0
1,All Population,3,YLDs (Years Lived with Disability),4859,Madhya Pradesh,1,Male,15,50-54 years,493,Ischemic heart disease,91,Lead exposure,3,Rate,2023,49.81586421,73.51829906,29.93060349
1,All Population,3,YLDs (Years Lived with Disability),4859,Madhya Pradesh,2,Female,15,50-54 years,493,Ischemic heart disease,91,Lead exposure,3,Rate,2023,24.28607053,36.07216872,14.29713502
1,All Population,3,YLDs (Years Lived with Disability),4861,Manipur,1,Male,15,50-54 years,500,Atrial fibrillation and flutter,91,Lead exposure,3,Rate,2023,1.146880518,3.487311689,-0.21685615
1,All Population,3,YLDs (Years Lived with Disability),4861,Manipur,2,Female,15,50-54 years,500,Atrial fibrillation and flutter,91,Lead exposure,3,Rate,2023,0.812701868,2.892344275,-0.142407881
1,All Population,3,YLDs (Years Lived with Disability),4844,Bihar,1,Male,15,50-54 years,493,Ischemic heart disease,91,Lead exposure,3,Rate,2023,41.13759533,60.03421669,24.78778464
1,All Population,3,YLDs (Years Lived with Disability),4844,Bihar,2,Female,15,50-54 years,493,Ischemic heart disease,91,Lead exposure,3,Rate,2023,25.49068828,37.12286844,14.57759934
1,All Population,3,YLDs (Years Lived with Disability),4875,West Bengal,1,Male,15,50-54 years,502,Lower extremity peripheral arterial disease,91,Lead exposure,3,Rate,2023,0.007624745,0.025781545,-0.00087182
1,All Population,3,YLDs (Years Lived with Disability),4875,West Bengal,2,Female,15,50-54 years,502,Lower extremity peripheral arterial disease,91,Lead exposure,3,Rate,2023,0.009947578,0.033445288,-0.001016896
1,All Population,3,YLDs (Years Lived with Disability),4856,Karnataka,1,Male,15,50-54 years,493,Ischemic heart disease,380,Particulate matter pollution,3,Rate,2023,49.16188935,79.33373544,27.52045848
1,All Population,3,YLDs (Years Lived with Disability),4856,Karnataka,2,Female,15,50-54 years,493,Ischemic heart disease,380,Particulate matter pollution,3,Rate,2023,33.80604936,50.90999442,18.71139559
1,All Population,3,YLDs (Years Lived with Disability),4859,Madhya Pradesh,1,Male,15,50-54 years,493,Ischemic heart disease,380,Particulate matter pollution,3,Rate,2023,61.31740724,92.91819463,35.45333172
1,All Population,3,YLDs (Years Lived with Disability),4859,Madhya Pradesh,2,Female,15,50-54 years,493,Ischemic heart disease,380,Particulate matter pollution,3,Rate,2023,32.94936392,49.16426544,19.21989198
1,All Population,3,YLDs (Years Lived with Disability),4859,Madhya Pradesh,1,Male,15,50-54 years,494,Stroke,91,Lead exposure,3,Rate,2023,14.04953555,33.39169322,-2.575187129
1,All Population,3,YLDs (Years Lived with Disability),4859,Madhya Pradesh,2,Female,15,50-54 years,494,Stroke,91,Lead exposure,3,Rate,2023,10.39702097,24.76352838,-1.745586671
1,All Population,3,YLDs (Years Lived with Disability),4874,Uttarakhand,1,Male,15,50-54 years,502,Lower extremity peripheral arterial disease,91,Lead exposure,3,Rate,2023,0.008100664,0.026441533,-0.000774804
1,All Population,3,YLDs (Years Lived with Disability),4874,Uttarakhand,2,Female,15,50-54 years,502,Lower extremity peripheral arterial disease,91,Lead exposure,3,Rate,2023,0.010849858,0.035485098,-0.000907962
1,All Population,3,YLDs (Years Lived with Disability),4851,Gujarat,1,Male,15,50-54 years,500,Atrial fibrillation and flutter,91,Lead exposure,3,Rate,2023,1.192834433,3.744100604,-0.132972713
1,All Population,3,YLDs (Years Lived with Disability),4851,Gujarat,2,Female,15,50-54 years,500,Atrial fibrillation and flutter,91,Lead exposure,3,Rate,2023,0.944296159,3.127101303,-0.120600246
1,All Population,3,YLDs (Years Lived with Disability),4850,Goa,1,Male,15,50-54 years,502,Lower extremity peripheral arterial disease,91,Lead exposure,3,Rate,2022,0.007172836,0.02622892,-0.000839809
1,All Population,3,YLDs (Years Lived with Disability),4850,Goa,2,Female,15,50-54 years,502,Lower extremity peripheral arterial disease,91,Lead exposure,3,Rate,2022,0.008828051,0.030170447,-0.00085887
1,All Population,3,YLDs (Years Lived with Disability),4864,Nagaland,1,Male,15,50-54 years,502,Lower extremity peripheral arterial disease,91,Lead exposure,3,Rate,2022,0.006873012,0.025508478,-0.000918668
1,All Population,3,YLDs (Years Lived with Disability),4864,Nagaland,2,Female,15,50-54 years,502,Lower extremity peripheral arterial disease,91,Lead exposure,3,Rate,2022,0.00799293,0.024549809,-0.000859533
1,All Population,3,YLDs (Years Lived with Disability),4867,Punjab,1,Male,15,50-54 years,500,Atrial fibrillation and flutter,91,Lead exposure,3,Rate,2022,0.850580442,2.587374028,-0.119206691
1,All Population,3,YLDs (Years Lived with Disability),4867,Punjab,2,Female,15,50-54 years,500,Atrial fibrillation and flutter,91,Lead exposure,3,Rate,2022,0.673790196,2.011394499,-0.087275553
1,All Population,3,YLDs (Years Lived with Disability),44538,Other Union Territories,1,Male,15,50-54 years,502,Lower extremity peripheral arterial disease,91,Lead exposure,3,Rate,2023,0.008152515,0.026860279,-0.001188429
1,All Population,3,YLDs (Years Lived with Disability),44538,Other Union Territories,2,Female,15,50-54 years,502,Lower extremity peripheral arterial disease,91,Lead exposure,3,Rate,2023,0.010198386,0.033463226,-0.001512625
1,All Population,3,YLDs (Years Lived with Disability),4852,Haryana,1,Male,15,50-54 years,500,Atrial fibrillation and flutter,91,Lead exposure,3,Rate,2023,0.936870312,3.164857461,-0.154511411
1,All Population,3,YLDs (Years Lived with Disability),4852,Haryana,2,Female,15,50-54 years,500,Atrial fibrillation and flutter,91,Lead exposure,3,Rate,2023,0.680353998,2.315732568,-0.096073423
1,All Population,3,YLDs (Years Lived with Disability),4854,Jammu & Kashmir and Ladakh,1,Male,15,50-54 years,494,Stroke,380,Particulate matter pollution,3,Rate,2023,51.55507294,81.04452659,26.48956961
1,All Population,3,YLDs (Years Lived with Disability),4854,Jammu & Kashmir and Ladakh,2,Female,15,50-54 years,494,Stroke,380,Particulate matter pollution,3,Rate,2023,47.55480254,74.99521828,24.54613219
1,All Population,3,YLDs (Years Lived with Disability),4854,Jammu & Kashmir and Ladakh,1,Male,15,50-54 years,498,Hypertensive heart disease,91,Lead exposure,3,Rate,2023,0.556010488,1.730746404,0
1,All Population,3,YLDs (Years Lived with Disability),4854,Jammu & Kashmir and Ladakh,2,Female,15,50-54 years,498,Hypertensive heart disease,91,Lead exposure,3,Rate,2023,0.795561138,1.97244488,0
1,All Population,3,YLDs (Years Lived with Disability),4871,Telangana,1,Male,15,50-54 years,493,Ischemic heart disease,380,Particulate matter pollution,3,Rate,2023,51.49432676,79.16767973,29.38017765
1,All Population,3,YLDs (Years Lived with Disability),4871,Telangana,2,Female,15,50-54 years,493,Ischemic heart disease,380,Particulate matter pollution,3,Rate,2023,32.40621626,48.84977288,18.25667299
1,All Population,3,YLDs (Years Lived with Disability),4871,Telangana,1,Male,15,50-54 years,494,Stroke,91,Lead exposure,3,Rate,2023,13.23659932,30.64035273,-1.910749265
1,All Population,3,YLDs (Years Lived with Disability),4871,Telangana,2,Female,15,50-54 years,494,Stroke,91,Lead exposure,3,Rate,2023,8.805367363,22.23311622,-1.185970331
1,All Population,3,YLDs (Years Lived with Disability),4861,Manipur,1,Male,15,50-54 years,493,Ischemic heart disease,91,Lead exposure,3,Rate,2023,34.38647581,51.28825924,20.17325368
1,All Population,3,YLDs (Years Lived with Disability),4861,Manipur,2,Female,15,50-54 years,493,Ischemic heart disease,91,Lead exposure,3,Rate,2023,22.71952221,33.13707707,13.37153735
1,All Population,3,YLDs (Years Lived with Disability),4863,Mizoram,1,Male,15,50-54 years,493,Ischemic heart disease,91,Lead exposure,3,Rate,2023,26.86652969,39.37299299,15.99929452
1,All Population,3,YLDs (Years Lived with Disability),4863,Mizoram,2,Female,15,50-54 years,493,Ischemic heart disease,91,Lead exposure,3,Rate,2023,14.64868226,21.28904482,8.428187811
1,All Population,3,YLDs (Years Lived with Disability),4842,Arunachal Pradesh,1,Male,15,50-54 years,493,Ischemic heart disease,380,Particulate matter pollution,3,Rate,2023,29.1106924,43.80719723,17.12211482
1,All Population,3,YLDs (Years Lived with Disability),4842,Arunachal Pradesh,2,Female,15,50-54 years,493,Ischemic heart disease,380,Particulate matter pollution,3,Rate,2023,17.96970962,27.92964718,9.991069962
1,All Population,3,YLDs (Years Lived with Disability),4871,Telangana,1,Male,15,50-54 years,493,Ischemic heart disease,380,Particulate matter pollution,3,Rate,2022,52.48858729,80.00177551,29.32112709
1,All Population,3,YLDs (Years Lived with Disability),4871,Telangana,2,Female,15,50-54 years,493,Ischemic heart disease,380,Particulate matter pollution,3,Rate,2022,32.71687672,48.39998869,19.33610959
1,All Population,3,YLDs (Years Lived with Disability),4871,Telangana,1,Male,15,50-54 years,494,Stroke,91,Lead exposure,3,Rate,2022,13.3696145,32.51209509,-2.027258885
1,All Population,3,YLDs (Years Lived with Disability),4871,Telangana,2,Female,15,50-54 years,494,Stroke,91,Lead exposure,3,Rate,2022,8.938685214,23.02017613,-1.326081394
1,All Population,3,YLDs (Years Lived with Disability),4874,Uttarakhand,1,Male,15,50-54 years,493,Ischemic heart disease,91,Lead exposure,3,Rate,2022,61.70305911,92.19312132,37.74555356
1,All Population,3,YLDs (Years Lived with Disability),4874,Uttarakhand,2,Female,15,50-54 years,493,Ischemic heart disease,91,Lead exposure,3,Rate,2022,29.70765363,43.57632721,18.10957832
1,All Population,3,YLDs (Years Lived with Disability),4854,Jammu & Kashmir and Ladakh,1,Male,15,50-54 years,498,Hypertensive heart disease,91,Lead exposure,3,Rate,2022,0.550695976,1.417873739,0
1,All Population,3,YLDs (Years Lived with Disability),4854,Jammu & Kashmir and Ladakh,2,Female,15,50-54 years,498,Hypertensive heart disease,91,Lead exposure,3,Rate,2022,0.846518215,2.339857894,0
1,All Population,3,YLDs (Years Lived with Disability),4867,Punjab,1,Male,15,50-54 years,498,Hypertensive heart disease,91,Lead exposure,3,Rate,2023,0.371764486,1.015803211,0
1,All Population,3,YLDs (Years Lived with Disability),4867,Punjab,2,Female,15,50-54 years,498,Hypertensive heart disease,91,Lead exposure,3,Rate,2023,0.582927936,1.397377837,0
1,All Population,3,YLDs (Years Lived with Disability),4869,Sikkim,1,Male,15,50-54 years,493,Ischemic heart disease,380,Particulate matter pollution,3,Rate,2023,35.28720269,52.54550304,20.20847138
1,All Population,3,YLDs (Years Lived with Disability),4869,Sikkim,2,Female,15,50-54 years,493,Ischemic heart disease,380,Particulate matter pollution,3,Rate,2023,26.68959273,37.91800103,15.6176154
1,All Population,3,YLDs (Years Lived with Disability),4869,Sikkim,1,Male,15,50-54 years,494,Stroke,91,Lead exposure,3,Rate,2023,13.30829735,35.75392443,-1.973744014
1,All Population,3,YLDs (Years Lived with Disability),4869,Sikkim,2,Female,15,50-54 years,494,Stroke,91,Lead exposure,3,Rate,2023,10.59830218,26.7373386,-1.500679006
1,All Population,3,YLDs (Years Lived with Disability),4865,Odisha,1,Male,15,50-54 years,493,Ischemic heart disease,380,Particulate matter pollution,3,Rate,2023,40.05209302,61.3941609,22.28017126
1,All Population,3,YLDs (Years Lived with Disability),4865,Odisha,2,Female,15,50-54 years,493,Ischemic heart disease,380,Particulate matter pollution,3,Rate,2023,26.2482601,38.40533717,15.20541604
1,All Population,3,YLDs (Years Lived with Disability),4865,Odisha,1,Male,15,50-54 years,494,Stroke,91,Lead exposure,3,Rate,2023,16.87907862,42.3547024,-2.667798249
1,All Population,3,YLDs (Years Lived with Disability),4865,Odisha,2,Female,15,50-54 years,494,Stroke,91,Lead exposure,3,Rate,2023,12.16239725,31.61772691,-1.960761545
1,All Population,3,YLDs (Years Lived with Disability),4864,Nagaland,1,Male,15,50-54 years,500,Atrial fibrillation and flutter,91,Lead exposure,3,Rate,2023,1.08091131,3.394668549,-0.159977458
1,All Population,3,YLDs (Years Lived with Disability),4864,Nagaland,2,Female,15,50-54 years,500,Atrial fibrillation and flutter,91,Lead exposure,3,Rate,2023,0.803013505,2.784860103,-0.120470353
1,All Population,3,YLDs (Years Lived with Disability),4856,Karnataka,1,Male,15,50-54 years,494,Stroke,91,Lead exposure,3,Rate,2022,17.33360306,46.26361845,-2.927440108
1,All Population,3,YLDs (Years Lived with Disability),4856,Karnataka,2,Female,15,50-54 years,494,Stroke,91,Lead exposure,3,Rate,2022,13.83502793,37.94926548,-2.265745858
1,All Population,3,YLDs (Years Lived with Disability),4849,Delhi,1,Male,15,50-54 years,493,Ischemic heart disease,91,Lead exposure,3,Rate,2023,37.26071807,54.91114426,22.28538005
1,All Population,3,YLDs (Years Lived with Disability),4849,Delhi,2,Female,15,50-54 years,493,Ischemic heart disease,91,Lead exposure,3,Rate,2023,20.49391148,30.23616245,11.89240167
1,All Population,3,YLDs (Years Lived with Disability),4873,Uttar Pradesh,1,Male,15,50-54 years,493,Ischemic heart disease,91,Lead exposure,3,Rate,2023,51.85665096,76.42134329,30.63226579
1,All Population,3,YLDs (Years Lived with Disability),4873,Uttar Pradesh,2,Female,15,50-54 years,493,Ischemic heart disease,91,Lead exposure,3,Rate,2023,35.13859521,52.87903248,21.08401816
1,All Population,3,YLDs (Years Lived with Disability),4863,Mizoram,1,Male,15,50-54 years,500,Atrial fibrillation and flutter,91,Lead exposure,3,Rate,2023,1.02233294,3.162765343,-0.168884169
1,All Population,3,YLDs (Years Lived with Disability),4863,Mizoram,2,Female,15,50-54 years,500,Atrial fibrillation and flutter,91,Lead exposure,3,Rate,2023,0.694852036,2.482013827,-0.121212388
1,All Population,3,YLDs (Years Lived with Disability),4854,Jammu & Kashmir and Ladakh,1,Male,15,50-54 years,500,Atrial fibrillation and flutter,91,Lead exposure,3,Rate,2023,0.796515833,2.527811321,-0.127327173
1,All Population,3,YLDs (Years Lived with Disability),4854,Jammu & Kashmir and Ladakh,2,Female,15,50-54 years,500,Atrial fibrillation and flutter,91,Lead exposure,3,Rate,2023,0.623969997,1.923269311,-0.082899988
1,All Population,3,YLDs (Years Lived with Disability),4856,Karnataka,1,Male,15,50-54 years,494,Stroke,91,Lead exposure,3,Rate,2023,17.09697054,44.21909864,-3.303466086
1,All Population,3,YLDs (Years Lived with Disability),4856,Karnataka,2,Female,15,50-54 years,494,Stroke,91,Lead exposure,3,Rate,2023,13.84761124,39.94162378,-2.282008101
1,All Population,3,YLDs (Years Lived with Disability),4871,Telangana,1,Male,15,50-54 years,498,Hypertensive heart disease,91,Lead exposure,3,Rate,2022,0.606436492,1.61050101,0
1,All Population,3,YLDs (Years Lived with Disability),4871,Telangana,2,Female,15,50-54 years,498,Hypertensive heart disease,91,Lead exposure,3,Rate,2022,1.098633684,2.724717032,0
1,All Population,3,YLDs (Years Lived with Disability),4854,Jammu & Kashmir and Ladakh,1,Male,15,50-54 years,493,Ischemic heart disease,380,Particulate matter pollution,3,Rate,2023,45.50983132,69.44930175,26.35729603
1,All Population,3,YLDs (Years Lived with Disability),4854,Jammu & Kashmir and Ladakh,2,Female,15,50-54 years,493,Ischemic heart disease,380,Particulate matter pollution,3,Rate,2023,31.24358689,45.79824929,17.7425659
1,All Population,3,YLDs (Years Lived with Disability),4850,Goa,1,Male,15,50-54 years,500,Atrial fibrillation and flutter,91,Lead exposure,3,Rate,2023,0.954509615,3.076151525,-0.130522963
1,All Population,3,YLDs (Years Lived with Disability),4850,Goa,2,Female,15,50-54 years,500,Atrial fibrillation and flutter,91,Lead exposure,3,Rate,2023,0.672359762,2.269106637,-0.092346541
1,All Population,3,YLDs (Years Lived with Disability),4865,Odisha,1,Male,15,50-54 years,494,Stroke,380,Particulate matter pollution,3,Rate,2022,94.78721997,150.2036134,50.55391399
1,All Population,3,YLDs (Years Lived with Disability),4865,Odisha,2,Female,15,50-54 years,494,Stroke,380,Particulate matter pollution,3,Rate,2022,84.65214746,126.7715995,43.9591658
1,All Population,3,YLDs (Years Lived with Disability),4851,Gujarat,1,Male,15,50-54 years,502,Lower extremity peripheral arterial disease,91,Lead exposure,3,Rate,2023,0.009503185,0.033402105,-0.001236694
1,All Population,3,YLDs (Years Lived with Disability),4851,Gujarat,2,Female,15,50-54 years,502,Lower extremity peripheral arterial disease,91,Lead exposure,3,Rate,2023,0.012720183,0.04299742,-0.001589073
1,All Population,3,YLDs (Years Lived with Disability),4865,Odisha,1,Male,15,50-54 years,498,Hypertensive heart disease,91,Lead exposure,3,Rate,2023,1.186601102,3.160690261,0
1,All Population,3,YLDs (Years Lived with Disability),4865,Odisha,2,Female,15,50-54 years,498,Hypertensive heart disease,91,Lead exposure,3,Rate,2023,1.466081786,3.816015217,0
1,All Population,3,YLDs (Years Lived with Disability),4868,Rajasthan,1,Male,15,50-54 years,494,Stroke,380,Particulate matter pollution,3,Rate,2022,80.04758719,122.7982253,44.32285252
1,All Population,3,YLDs (Years Lived with Disability),4868,Rajasthan,2,Female,15,50-54 years,494,Stroke,380,Particulate matter pollution,3,Rate,2022,74.79489768,110.4676023,42.46872851
1,All Population,3,YLDs (Years Lived with Disability),4852,Haryana,1,Male,15,50-54 years,502,Lower extremity peripheral arterial disease,91,Lead exposure,3,Rate,2023,0.006734024,0.020889095,-0.00084364
1,All Population,3,YLDs (Years Lived with Disability),4852,Haryana,2,Female,15,50-54 years,502,Lower extremity peripheral arterial disease,91,Lead exposure,3,Rate,2023,0.009210602,0.031369999,-0.000900971
1,All Population,3,YLDs (Years Lived with Disability),4870,Tamil Nadu,1,Male,15,50-54 years,493,Ischemic heart disease,380,Particulate matter pollution,3,Rate,2022,47.78335709,72.41263624,26.71910467
1,All Population,3,YLDs (Years Lived with Disability),4870,Tamil Nadu,2,Female,15,50-54 years,493,Ischemic heart disease,380,Particulate matter pollution,3,Rate,2022,25.86657666,38.20961792,14.88474653
1,All Population,3,YLDs (Years Lived with Disability),4870,Tamil Nadu,1,Male,15,50-54 years,494,Stroke,91,Lead exposure,3,Rate,2022,18.18007102,48.66264286,-3.121518039
1,All Population,3,YLDs (Years Lived with Disability),4870,Tamil Nadu,2,Female,15,50-54 years,494,Stroke,91,Lead exposure,3,Rate,2022,14.02558731,34.45524331,-1.92045646
1,All Population,3,YLDs (Years Lived with Disability),44538,Other Union Territories,1,Male,15,50-54 years,494,Stroke,380,Particulate matter pollution,3,Rate,2022,46.22858859,72.87432971,23.82757596
1,All Population,3,YLDs (Years Lived with Disability),44538,Other Union Territories,2,Female,15,50-54 years,494,Stroke,380,Particulate matter pollution,3,Rate,2022,47.04035643,74.40306353,24.61493797
1,All Population,3,YLDs (Years Lived with Disability),4862,Meghalaya,1,Male,15,50-54 years,493,Ischemic heart disease,91,Lead exposure,3,Rate,2023,32.82824685,49.06553989,18.586029
1,All Population,3,YLDs (Years Lived with Disability),4862,Meghalaya,2,Female,15,50-54 years,493,Ischemic heart disease,91,Lead exposure,3,Rate,2023,19.94272884,29.32181704,11.6986581
1,All Population,3,YLDs (Years Lived with Disability),4875,West Bengal,1,Male,15,50-54 years,493,Ischemic heart disease,91,Lead exposure,3,Rate,2023,43.18225771,63.00683468,25.59149176
1,All Population,3,YLDs (Years Lived with Disability),4875,West Bengal,2,Female,15,50-54 years,493,Ischemic heart disease,91,Lead exposure,3,Rate,2023,29.39007809,44.64781282,17.70297358
1,All Population,3,YLDs (Years Lived with Disability),4846,Chhattisgarh,1,Male,15,50-54 years,502,Lower extremity peripheral arterial disease,91,Lead exposure,3,Rate,2023,0.007630242,0.028779597,-0.000605011
1,All Population,3,YLDs (Years Lived with Disability),4846,Chhattisgarh,2,Female,15,50-54 years,502,Lower extremity peripheral arterial disease,91,Lead exposure,3,Rate,2023,0.009808871,0.032606207,-0.001002001
1,All Population,3,YLDs (Years Lived with Disability),4860,Maharashtra,1,Male,15,50-54 years,493,Ischemic heart disease,380,Particulate matter pollution,3,Rate,2023,40.55475122,60.75179373,23.69506169
1,All Population,3,YLDs (Years Lived with Disability),4860,Maharashtra,2,Female,15,50-54 years,493,Ischemic heart disease,380,Particulate matter pollution,3,Rate,2023,26.77635393,41.13892573,15.43387674
1,All Population,3,YLDs (Years Lived with Disability),4849,Delhi,1,Male,15,50-54 years,502,Lower extremity peripheral arterial disease,91,Lead exposure,3,Rate,2023,0.00477976,0.013612959,-0.00045247
1,All Population,3,YLDs (Years Lived with Disability),4849,Delhi,2,Female,15,50-54 years,502,Lower extremity peripheral arterial disease,91,Lead exposure,3,Rate,2023,0.00646257,0.021062752,-0.00069742
1,All Population,3,YLDs (Years Lived with Disability),4864,Nagaland,1,Male,15,50-54 years,493,Ischemic heart disease,91,Lead exposure,3,Rate,2023,32.91002724,48.76133876,20.11251605
1,All Population,3,YLDs (Years Lived with Disability),4864,Nagaland,2,Female,15,50-54 years,493,Ischemic heart disease,91,Lead exposure,3,Rate,2023,22.29771008,32.27145705,12.60039015
1,All Population,3,YLDs (Years Lived with Disability),4865,Odisha,1,Male,15,50-54 years,502,Lower extremity peripheral arterial disease,91,Lead exposure,3,Rate,2023,0.008326095,0.027049597,-0.001001211
1,All Population,3,YLDs (Years Lived with Disability),4865,Odisha,2,Female,15,50-54 years,502,Lower extremity peripheral arterial disease,91,Lead exposure,3,Rate,2023,0.010215601,0.035432242,-0.001078504
1,All Population,3,YLDs (Years Lived with Disability),4852,Haryana,1,Male,15,50-54 years,498,Hypertensive heart disease,91,Lead exposure,3,Rate,2023,0.532338959,1.433592779,0
1,All Population,3,YLDs (Years Lived with Disability),4852,Haryana,2,Female,15,50-54 years,498,Hypertensive heart disease,91,Lead exposure,3,Rate,2023,0.983831325,2.350476443,0
1,All Population,3,YLDs (Years Lived with Disability),4856,Karnataka,1,Male,15,50-54 years,498,Hypertensive heart disease,91,Lead exposure,3,Rate,2023,0.706509853,2.000121206,0
1,All Population,3,YLDs (Years Lived with Disability),4856,Karnataka,2,Female,15,50-54 years,498,Hypertensive heart disease,91,Lead exposure,3,Rate,2023,1.267530621,3.386049235,0
1,All Population,3,YLDs (Years Lived with Disability),4865,Odisha,1,Male,15,50-54 years,500,Atrial fibrillation and flutter,91,Lead exposure,3,Rate,2022,1.015756855,3.175175979,-0.127220641
1,All Population,3,YLDs (Years Lived with Disability),4865,Odisha,2,Female,15,50-54 years,500,Atrial fibrillation and flutter,91,Lead exposure,3,Rate,2022,0.735933918,2.584285377,-0.103970532
1,All Population,3,YLDs (Years Lived with Disability),4868,Rajasthan,1,Male,15,50-54 years,494,Stroke,380,Particulate matter pollution,3,Rate,2023,80.04722921,122.8590508,42.89581052
1,All Population,3,YLDs (Years Lived with Disability),4868,Rajasthan,2,Female,15,50-54 years,494,Stroke,380,Particulate matter pollution,3,Rate,2023,74.38755127,113.7985265,41.26353492
1,All Population,3,YLDs (Years Lived with Disability),4872,Tripura,1,Male,15,50-54 years,493,Ischemic heart disease,91,Lead exposure,3,Rate,2023,42.66463426,62.9437799,26.38785197
1,All Population,3,YLDs (Years Lived with Disability),4872,Tripura,2,Female,15,50-54 years,493,Ischemic heart disease,91,Lead exposure,3,Rate,2023,24.82827806,35.92403926,14.45810532
1,All Population,3,YLDs (Years Lived with Disability),4870,Tamil Nadu,1,Male,15,50-54 years,494,Stroke,380,Particulate matter pollution,3,Rate,2023,55.78134857,90.66352986,29.56822357
1,All Population,3,YLDs (Years Lived with Disability),4870,Tamil Nadu,2,Female,15,50-54 years,494,Stroke,380,Particulate matter pollution,3,Rate,2023,52.81853686,83.1914836,27.874778
1,All Population,3,YLDs (Years Lived with Disability),4863,Mizoram,1,Male,15,50-54 years,502,Lower extremity peripheral arterial disease,91,Lead exposure,3,Rate,2023,0.008822349,0.028474241,-0.00108362
1,All Population,3,YLDs (Years Lived with Disability),4863,Mizoram,2,Female,15,50-54 years,502,Lower extremity peripheral arterial disease,91,Lead exposure,3,Rate,2023,0.010826579,0.035849044,-0.001292257
1,All Population,3,YLDs (Years Lived with Disability),4869,Sikkim,1,Male,15,50-54 years,498,Hypertensive heart disease,91,Lead exposure,3,Rate,2023,0.6964865,1.880195142,0
1,All Population,3,YLDs (Years Lived with Disability),4869,Sikkim,2,Female,15,50-54 years,498,Hypertensive heart disease,91,Lead exposure,3,Rate,2023,0.891744726,2.033074712,0
1,All Population,3,YLDs (Years Lived with Disability),4865,Odisha,1,Male,15,50-54 years,502,Lower extremity peripheral arterial disease,91,Lead exposure,3,Rate,2022,0.008319362,0.029897448,-0.000991505
1,All Population,3,YLDs (Years Lived with Disability),4865,Odisha,2,Female,15,50-54 years,502,Lower extremity peripheral arterial disease,91,Lead exposure,3,Rate,2022,0.010632493,0.038685176,-0.001245481
1,All Population,3,YLDs (Years Lived with Disability),4865,Odisha,1,Male,15,50-54 years,494,Stroke,380,Particulate matter pollution,3,Rate,2023,98.47684659,152.8619161,56.21386696
1,All Population,3,YLDs (Years Lived with Disability),4865,Odisha,2,Female,15,50-54 years,494,Stroke,380,Particulate matter pollution,3,Rate,2023,87.61134022,135.3878508,47.8530299
1,All Population,3,YLDs (Years Lived with Disability),4868,Rajasthan,1,Male,15,50-54 years,494,Stroke,91,Lead exposure,3,Rate,2023,8.219536536,22.79825124,-1.321306315
1,All Population,3,YLDs (Years Lived with Disability),4868,Rajasthan,2,Female,15,50-54 years,494,Stroke,91,Lead exposure,3,Rate,2023,5.438619593,14.78021122,-0.683595552
1,All Population,3,YLDs (Years Lived with Disability),4870,Tamil Nadu,1,Male,15,50-54 years,498,Hypertensive heart disease,91,Lead exposure,3,Rate,2022,0.631305071,1.531258034,0
1,All Population,3,YLDs (Years Lived with Disability),4870,Tamil Nadu,2,Female,15,50-54 years,498,Hypertensive heart disease,91,Lead exposure,3,Rate,2022,1.065493368,2.455426846,0
1,All Population,3,YLDs (Years Lived with Disability),4868,Rajasthan,1,Male,15,50-54 years,500,Atrial fibrillation and flutter,91,Lead exposure,3,Rate,2022,0.63197675,1.965778444,-0.076612167
1,All Population,3,YLDs (Years Lived with Disability),4868,Rajasthan,2,Female,15,50-54 years,500,Atrial fibrillation and flutter,91,Lead exposure,3,Rate,2022,0.399574229,1.297958626,-0.054537593
1,All Population,3,YLDs (Years Lived with Disability),44538,Other Union Territories,1,Male,15,50-54 years,493,Ischemic heart disease,91,Lead exposure,3,Rate,2023,46.18598055,67.87727361,27.61460093
1,All Population,3,YLDs (Years Lived with Disability),44538,Other Union Territories,2,Female,15,50-54 years,493,Ischemic heart disease,91,Lead exposure,3,Rate,2023,25.54636878,37.36546417,15.21466648
1,All Population,3,YLDs (Years Lived with Disability),44538,Other Union Territories,1,Male,15,50-54 years,500,Atrial fibrillation and flutter,91,Lead exposure,3,Rate,2022,0.97233086,3.032301294,-0.168921671
1,All Population,3,YLDs (Years Lived with Disability),44538,Other Union Territories,2,Female,15,50-54 years,500,Atrial fibrillation and flutter,91,Lead exposure,3,Rate,2022,0.724734798,2.146621696,-0.117127911
1,All Population,3,YLDs (Years Lived with Disability),4854,Jammu & Kashmir and Ladakh,1,Male,15,50-54 years,494,Stroke,91,Lead exposure,3,Rate,2023,9.742494143,23.34969426,-1.95583447
1,All Population,3,YLDs (Years Lived with Disability),4854,Jammu & Kashmir and Ladakh,2,Female,15,50-54 years,494,Stroke,91,Lead exposure,3,Rate,2023,7.987276994,20.56206026,-1.371036218
1,All Population,3,YLDs (Years Lived with Disability),4874,Uttarakhand,1,Male,15,50-54 years,493,Ischemic heart disease,91,Lead exposure,3,Rate,2023,61.24819967,91.76623743,35.36797489
1,All Population,3,YLDs (Years Lived with Disability),4874,Uttarakhand,2,Female,15,50-54 years,493,Ischemic heart disease,91,Lead exposure,3,Rate,2023,29.55493519,42.85482457,17.80946446
1,All Population,3,YLDs (Years Lived with Disability),4872,Tripura,1,Male,15,50-54 years,493,Ischemic heart disease,380,Particulate matter pollution,3,Rate,2022,52.06965364,76.24130871,30.18617637
1,All Population,3,YLDs (Years Lived with Disability),4872,Tripura,2,Female,15,50-54 years,493,Ischemic heart disease,380,Particulate matter pollution,3,Rate,2022,33.10093502,48.18879754,19.65837895
1,All Population,3,YLDs (Years Lived with Disability),4872,Tripura,1,Male,15,50-54 years,494,Stroke,91,Lead exposure,3,Rate,2022,21.36231127,53.58460734,-3.546063086
1,All Population,3,YLDs (Years Lived with Disability),4872,Tripura,2,Female,15,50-54 years,494,Stroke,91,Lead exposure,3,Rate,2022,14.12584666,35.80381272,-2.079452776
1,All Population,3,YLDs (Years Lived with Disability),44538,Other Union Territories,1,Male,15,50-54 years,502,Lower extremity peripheral arterial disease,91,Lead exposure,3,Rate,2022,0.008446308,0.026386872,-0.001162075
1,All Population,3,YLDs (Years Lived with Disability),44538,Other Union Territories,2,Female,15,50-54 years,502,Lower extremity peripheral arterial disease,91,Lead exposure,3,Rate,2022,0.010606179,0.034424386,-0.001468414
1,All Population,3,YLDs (Years Lived with Disability),4865,Odisha,1,Male,15,50-54 years,500,Atrial fibrillation and flutter,91,Lead exposure,3,Rate,2023,0.995217522,3.427257845,-0.130694538
1,All Population,3,YLDs (Years Lived with Disability),4865,Odisha,2,Female,15,50-54 years,500,Atrial fibrillation and flutter,91,Lead exposure,3,Rate,2023,0.7225544,2.562377801,-0.09934202
1,All Population,3,YLDs (Years Lived with Disability),4855,Jharkhand,1,Male,15,50-54 years,498,Hypertensive heart disease,91,Lead exposure,3,Rate,2023,0.759143669,2.012937778,0
1,All Population,3,YLDs (Years Lived with Disability),4855,Jharkhand,2,Female,15,50-54 years,498,Hypertensive heart disease,91,Lead exposure,3,Rate,2023,1.19189944,2.870117476,0
1,All Population,3,YLDs (Years Lived with Disability),4853,Himachal Pradesh,1,Male,15,50-54 years,494,Stroke,380,Particulate matter pollution,3,Rate,2023,61.46568947,97.79611929,29.46509396
1,All Population,3,YLDs (Years Lived with Disability),4853,Himachal Pradesh,2,Female,15,50-54 years,494,Stroke,380,Particulate matter pollution,3,Rate,2023,55.5301376,85.16853165,29.19601408
1,All Population,3,YLDs (Years Lived with Disability),4864,Nagaland,1,Male,15,50-54 years,502,Lower extremity peripheral arterial disease,91,Lead exposure,3,Rate,2023,0.006588993,0.02287949,-0.000696658
1,All Population,3,YLDs (Years Lived with Disability),4864,Nagaland,2,Female,15,50-54 years,502,Lower extremity peripheral arterial disease,91,Lead exposure,3,Rate,2023,0.007891297,0.029028008,-0.000777231
1,All Population,3,YLDs (Years Lived with Disability),4868,Rajasthan,1,Male,15,50-54 years,498,Hypertensive heart disease,91,Lead exposure,3,Rate,2023,0.448088263,1.310511385,0
1,All Population,3,YLDs (Years Lived with Disability),4868,Rajasthan,2,Female,15,50-54 years,498,Hypertensive heart disease,91,Lead exposure,3,Rate,2023,0.739259949,1.964482922,0
1,All Population,3,YLDs (Years Lived with Disability),4867,Punjab,1,Male,15,50-54 years,500,Atrial fibrillation and flutter,91,Lead exposure,3,Rate,2023,0.832691558,2.707981597,-0.104131833
1,All Population,3,YLDs (Years Lived with Disability),4867,Punjab,2,Female,15,50-54 years,500,Atrial fibrillation and flutter,91,Lead exposure,3,Rate,2023,0.651647745,1.958970914,-0.090801062
1,All Population,3,YLDs (Years Lived with Disability),4874,Uttarakhand,1,Male,15,50-54 years,493,Ischemic heart disease,380,Particulate matter pollution,3,Rate,2023,71.97450894,109.5306936,41.34594248
1,All Population,3,YLDs (Years Lived with Disability),4874,Uttarakhand,2,Female,15,50-54 years,493,Ischemic heart disease,380,Particulate matter pollution,3,Rate,2023,38.4922277,55.75296471,22.06426655
1,All Population,3,YLDs (Years Lived with Disability),4874,Uttarakhand,1,Male,15,50-54 years,494,Stroke,91,Lead exposure,3,Rate,2023,16.17478156,37.96485923,-2.845846829
1,All Population,3,YLDs (Years Lived with Disability),4874,Uttarakhand,2,Female,15,50-54 years,494,Stroke,91,Lead exposure,3,Rate,2023,10.35444456,25.81119898,-1.512784599
1,All Population,3,YLDs (Years Lived with Disability),4870,Tamil Nadu,1,Male,15,50-54 years,493,Ischemic heart disease,380,Particulate matter pollution,3,Rate,2023,44.0536473,67.68692212,24.75441562
1,All Population,3,YLDs (Years Lived with Disability),4870,Tamil Nadu,2,Female,15,50-54 years,493,Ischemic heart disease,380,Particulate matter pollution,3,Rate,2023,23.89818686,35.12737539,14.06372121
1,All Population,3,YLDs (Years Lived with Disability),4870,Tamil Nadu,1,Male,15,50-54 years,494,Stroke,91,Lead exposure,3,Rate,2023,17.74566289,44.58152481,-2.718349157
1,All Population,3,YLDs (Years Lived with Disability),4870,Tamil Nadu,2,Female,15,50-54 years,494,Stroke,91,Lead exposure,3,Rate,2023,14.01778826,36.16291655,-2.088360928
1,All Population,3,YLDs (Years Lived with Disability),4872,Tripura,1,Male,15,50-54 years,493,Ischemic heart disease,380,Particulate matter pollution,3,Rate,2023,53.38321894,80.48706247,31.05979393
1,All Population,3,YLDs (Years Lived with Disability),4872,Tripura,2,Female,15,50-54 years,493,Ischemic heart disease,380,Particulate matter pollution,3,Rate,2023,34.16928224,50.30910897,19.39218366
1,All Population,3,YLDs (Years Lived with Disability),4872,Tripura,1,Male,15,50-54 years,494,Stroke,91,Lead exposure,3,Rate,2023,21.19350488,52.59382822,-3.243830088
1,All Population,3,YLDs (Years Lived with Disability),4872,Tripura,2,Female,15,50-54 years,494,Stroke,91,Lead exposure,3,Rate,2023,13.67861365,33.8159551,-2.186727095
1,All Population,3,YLDs (Years Lived with Disability),4857,Kerala,1,Male,15,50-54 years,493,Ischemic heart disease,380,Particulate matter pollution,3,Rate,2023,46.45576227,72.77235587,26.30727483
1,All Population,3,YLDs (Years Lived with Disability),4857,Kerala,2,Female,15,50-54 years,493,Ischemic heart disease,380,Particulate matter pollution,3,Rate,2023,24.0623489,36.95702745,13.36540474
1,All Population,3,YLDs (Years Lived with Disability),4870,Tamil Nadu,1,Male,15,50-54 years,498,Hypertensive heart disease,91,Lead exposure,3,Rate,2023,0.59502578,1.476711269,0
1,All Population,3,YLDs (Years Lived with Disability),4870,Tamil Nadu,2,Female,15,50-54 years,498,Hypertensive heart disease,91,Lead exposure,3,Rate,2023,1.023115406,2.515508214,0
1,All Population,3,YLDs (Years Lived with Disability),4853,Himachal Pradesh,1,Male,15,50-54 years,500,Atrial fibrillation and flutter,91,Lead exposure,3,Rate,2023,1.047374488,3.640934769,-0.131693921
1,All Population,3,YLDs (Years Lived with Disability),4853,Himachal Pradesh,2,Female,15,50-54 years,500,Atrial fibrillation and flutter,91,Lead exposure,3,Rate,2023,0.759868724,2.455441544,-0.10295574
1,All Population,3,YLDs (Years Lived with Disability),4867,Punjab,1,Male,15,50-54 years,502,Lower extremity peripheral arterial disease,91,Lead exposure,3,Rate,2023,0.004380329,0.014082935,-0.000354385
1,All Population,3,YLDs (Years Lived with Disability),4867,Punjab,2,Female,15,50-54 years,502,Lower extremity peripheral arterial disease,91,Lead exposure,3,Rate,2023,0.007017864,0.021013843,-0.000556891
1,All Population,3,YLDs (Years Lived with Disability),4868,Rajasthan,1,Male,15,50-54 years,500,Atrial fibrillation and flutter,91,Lead exposure,3,Rate,2023,0.628724093,1.919128573,-0.075824268
1,All Population,3,YLDs (Years Lived with Disability),4868,Rajasthan,2,Female,15,50-54 years,500,Atrial fibrillation and flutter,91,Lead exposure,3,Rate,2023,0.396795209,1.234619232,-0.048947432
1,All Population,3,YLDs (Years Lived with Disability),4868,Rajasthan,1,Male,15,50-54 years,502,Lower extremity peripheral arterial disease,91,Lead exposure,3,Rate,2023,0.004961418,0.016075204,-0.00078501
1,All Population,3,YLDs (Years Lived with Disability),4868,Rajasthan,2,Female,15,50-54 years,502,Lower extremity peripheral arterial disease,91,Lead exposure,3,Rate,2023,0.005879852,0.01981077,-0.000550841
1,All Population,3,YLDs (Years Lived with Disability),4857,Kerala,1,Male,15,50-54 years,494,Stroke,91,Lead exposure,3,Rate,2023,18.82972751,46.6645705,-2.82138153
1,All Population,3,YLDs (Years Lived with Disability),4857,Kerala,2,Female,15,50-54 years,494,Stroke,91,Lead exposure,3,Rate,2023,13.52212646,33.23197081,-2.055952283
1,All Population,3,YLDs (Years Lived with Disability),4870,Tamil Nadu,1,Male,15,50-54 years,500,Atrial fibrillation and flutter,91,Lead exposure,3,Rate,2023,1.213048723,4.168367894,-0.197248496
1,All Population,3,YLDs (Years Lived with Disability),4870,Tamil Nadu,2,Female,15,50-54 years,500,Atrial fibrillation and flutter,91,Lead exposure,3,Rate,2023,0.919564319,2.859986356,-0.142312206
1,All Population,3,YLDs (Years Lived with Disability),4872,Tripura,1,Male,15,50-54 years,498,Hypertensive heart disease,91,Lead exposure,3,Rate,2023,0.785242917,1.93978361,0
1,All Population,3,YLDs (Years Lived with Disability),4872,Tripura,2,Female,15,50-54 years,498,Hypertensive heart disease,91,Lead exposure,3,Rate,2023,1.20676467,3.07870114,0
1,All Population,3,YLDs (Years Lived with Disability),4875,West Bengal,1,Male,15,50-54 years,493,Ischemic heart disease,380,Particulate matter pollution,3,Rate,2023,55.18951749,82.26013074,31.91336165
1,All Population,3,YLDs (Years Lived with Disability),4875,West Bengal,2,Female,15,50-54 years,493,Ischemic heart disease,380,Particulate matter pollution,3,Rate,2023,39.54788973,58.17726451,23.23262846
1,All Population,3,YLDs (Years Lived with Disability),4857,Kerala,1,Male,15,50-54 years,498,Hypertensive heart disease,91,Lead exposure,3,Rate,2023,0.526750991,1.405772557,0
1,All Population,3,YLDs (Years Lived with Disability),4857,Kerala,2,Female,15,50-54 years,498,Hypertensive heart disease,91,Lead exposure,3,Rate,2023,1.160977654,2.738561859,0
1,All Population,3,YLDs (Years Lived with Disability),44538,Other Union Territories,1,Male,15,50-54 years,493,Ischemic heart disease,380,Particulate matter pollution,3,Rate,2023,39.75130036,60.59090444,20.95616254
1,All Population,3,YLDs (Years Lived with Disability),44538,Other Union Territories,2,Female,15,50-54 years,493,Ischemic heart disease,380,Particulate matter pollution,3,Rate,2023,24.00331122,35.7064637,13.27113763
1,All Population,3,YLDs (Years Lived with Disability),44538,Other Union Territories,1,Male,15,50-54 years,494,Stroke,91,Lead exposure,3,Rate,2023,11.58378076,30.0793973,-2.599286571
1,All Population,3,YLDs (Years Lived with Disability),44538,Other Union Territories,2,Female,15,50-54 years,494,Stroke,91,Lead exposure,3,Rate,2023,9.631958502,24.47424865,-1.561884328
1,All Population,3,YLDs (Years Lived with Disability),4869,Sikkim,1,Male,15,50-54 years,494,Stroke,380,Particulate matter pollution,3,Rate,2023,70.33514816,109.8065922,39.70080108
1,All Population,3,YLDs (Years Lived with Disability),4869,Sikkim,2,Female,15,50-54 years,494,Stroke,380,Particulate matter pollution,3,Rate,2023,67.23640774,102.7573514,36.66134805
1,All Population,3,YLDs (Years Lived with Disability),4871,Telangana,1,Male,15,50-54 years,498,Hypertensive heart disease,91,Lead exposure,3,Rate,2023,0.595581869,1.31629953,0
1,All Population,3,YLDs (Years Lived with Disability),4871,Telangana,2,Female,15,50-54 years,498,Hypertensive heart disease,91,Lead exposure,3,Rate,2023,1.085160374,2.63010248,0
1,All Population,3,YLDs (Years Lived with Disability),4841,Andhra Pradesh,1,Male,15,50-54 years,494,Stroke,380,Particulate matter pollution,3,Rate,2014,64.29706924,99.10406233,37.35977031
1,All Population,3,YLDs (Years Lived with Disability),4841,Andhra Pradesh,2,Female,15,50-54 years,494,Stroke,380,Particulate matter pollution,3,Rate,2014,58.45793787,88.64207344,32.35098096
1,All Population,3,YLDs (Years Lived with Disability),4843,Assam,1,Male,15,50-54 years,494,Stroke,380,Particulate matter pollution,3,Rate,2014,125.7360286,187.8448085,71.17465747
1,All Population,3,YLDs (Years Lived with Disability),4843,Assam,2,Female,15,50-54 years,494,Stroke,380,Particulate matter pollution,3,Rate,2014,91.26704391,136.1010994,52.30008793
1,All Population,3,YLDs (Years Lived with Disability),4846,Chhattisgarh,1,Male,15,50-54 years,493,Ischemic heart disease,380,Particulate matter pollution,3,Rate,2014,64.1702667,98.00697865,36.81061881
1,All Population,3,YLDs (Years Lived with Disability),4846,Chhattisgarh,2,Female,15,50-54 years,493,Ischemic heart disease,380,Particulate matter pollution,3,Rate,2014,42.64720531,62.39034861,25.2155377
1,All Population,3,YLDs (Years Lived with Disability),44538,Other Union Territories,1,Male,15,50-54 years,498,Hypertensive heart disease,91,Lead exposure,3,Rate,2023,0.630637555,1.908427374,0
1,All Population,3,YLDs (Years Lived with Disability),44538,Other Union Territories,2,Female,15,50-54 years,498,Hypertensive heart disease,91,Lead exposure,3,Rate,2023,1.081539469,2.877649136,0
1,All Population,3,YLDs (Years Lived with Disability),4869,Sikkim,1,Male,15,50-54 years,500,Atrial fibrillation and flutter,91,Lead exposure,3,Rate,2023,1.062106581,3.532282206,-0.13590506
1,All Population,3,YLDs (Years Lived with Disability),4869,Sikkim,2,Female,15,50-54 years,500,Atrial fibrillation and flutter,91,Lead exposure,3,Rate,2023,0.768232934,2.455896709,-0.07483478
1,All Population,3,YLDs (Years Lived with Disability),4850,Goa,1,Male,15,50-54 years,493,Ischemic heart disease,380,Particulate matter pollution,3,Rate,2014,49.88547885,78.22303695,27.31660388
1,All Population,3,YLDs (Years Lived with Disability),4850,Goa,2,Female,15,50-54 years,493,Ischemic heart disease,380,Particulate matter pollution,3,Rate,2014,32.78691088,52.09559199,18.11060231
1,All Population,3,YLDs (Years Lived with Disability),4850,Goa,1,Male,15,50-54 years,494,Stroke,91,Lead exposure,3,Rate,2014,14.35659452,39.68817231,-2.717475294
1,All Population,3,YLDs (Years Lived with Disability),4850,Goa,2,Female,15,50-54 years,494,Stroke,91,Lead exposure,3,Rate,2014,11.78700308,32.09567061,-1.982109136
1,All Population,3,YLDs (Years Lived with Disability),4873,Uttar Pradesh,1,Male,15,50-54 years,493,Ischemic heart disease,380,Particulate matter pollution,3,Rate,2023,62.8118842,94.31951062,35.47289505
1,All Population,3,YLDs (Years Lived with Disability),4873,Uttar Pradesh,2,Female,15,50-54 years,493,Ischemic heart disease,380,Particulate matter pollution,3,Rate,2023,45.39356292,69.0416084,26.35589254
1,All Population,3,YLDs (Years Lived with Disability),4873,Uttar Pradesh,1,Male,15,50-54 years,494,Stroke,91,Lead exposure,3,Rate,2023,19.7864472,48.982498,-2.82830107
1,All Population,3,YLDs (Years Lived with Disability),4873,Uttar Pradesh,2,Female,15,50-54 years,494,Stroke,91,Lead exposure,3,Rate,2023,18.98462188,48.29496511,-2.31986333
1,All Population,3,YLDs (Years Lived with Disability),4841,Andhra Pradesh,1,Male,15,50-54 years,500,Atrial fibrillation and flutter,91,Lead exposure,3,Rate,2014,1.116704971,3.337635912,-0.138996624
1,All Population,3,YLDs (Years Lived with Disability),4841,Andhra Pradesh,2,Female,15,50-54 years,500,Atrial fibrillation and flutter,91,Lead exposure,3,Rate,2014,0.836212883,2.411974733,-0.099590055
1,All Population,3,YLDs (Years Lived with Disability),4852,Haryana,1,Male,15,50-54 years,493,Ischemic heart disease,91,Lead exposure,3,Rate,2014,62.61357722,92.76819782,37.5077073
1,All Population,3,YLDs (Years Lived with Disability),4852,Haryana,2,Female,15,50-54 years,493,Ischemic heart disease,91,Lead exposure,3,Rate,2014,31.78299473,47.05636191,18.9505449
1,All Population,3,YLDs (Years Lived with Disability),4846,Chhattisgarh,1,Male,15,50-54 years,494,Stroke,91,Lead exposure,3,Rate,2014,20.05554322,53.76705574,-3.105064302
1,All Population,3,YLDs (Years Lived with Disability),4846,Chhattisgarh,2,Female,15,50-54 years,494,Stroke,91,Lead exposure,3,Rate,2014,13.17407954,35.69042858,-1.914302623
1,All Population,3,YLDs (Years Lived with Disability),4843,Assam,1,Male,15,50-54 years,500,Atrial fibrillation and flutter,91,Lead exposure,3,Rate,2014,1.143780686,3.564077194,-0.196515084
1,All Population,3,YLDs (Years Lived with Disability),4843,Assam,2,Female,15,50-54 years,500,Atrial fibrillation and flutter,91,Lead exposure,3,Rate,2014,0.841010445,2.632358241,-0.115034557
1,All Population,3,YLDs (Years Lived with Disability),4854,Jammu & Kashmir and Ladakh,1,Male,15,50-54 years,494,Stroke,380,Particulate matter pollution,3,Rate,2014,59.85351705,92.72021686,32.65427501
1,All Population,3,YLDs (Years Lived with Disability),4854,Jammu & Kashmir and Ladakh,2,Female,15,50-54 years,494,Stroke,380,Particulate matter pollution,3,Rate,2014,54.01474081,83.14147047,27.22407884
1,All Population,3,YLDs (Years Lived with Disability),4841,Andhra Pradesh,1,Male,15,50-54 years,502,Lower extremity peripheral arterial disease,91,Lead exposure,3,Rate,2014,0.009655864,0.037956488,-0.000923812
1,All Population,3,YLDs (Years Lived with Disability),4841,Andhra Pradesh,2,Female,15,50-54 years,502,Lower extremity peripheral arterial disease,91,Lead exposure,3,Rate,2014,0.011499898,0.039560052,-0.00122526
1,All Population,3,YLDs (Years Lived with Disability),4853,Himachal Pradesh,1,Male,15,50-54 years,493,Ischemic heart disease,91,Lead exposure,3,Rate,2014,60.91250212,88.17056267,35.9080516
1,All Population,3,YLDs (Years Lived with Disability),4853,Himachal Pradesh,2,Female,15,50-54 years,493,Ischemic heart disease,91,Lead exposure,3,Rate,2014,30.3521079,44.08170001,18.04141852
1,All Population,3,YLDs (Years Lived with Disability),4851,Gujarat,1,Male,15,50-54 years,493,Ischemic heart disease,380,Particulate matter pollution,3,Rate,2014,72.39116881,109.2743558,41.73002874
1,All Population,3,YLDs (Years Lived with Disability),4851,Gujarat,2,Female,15,50-54 years,493,Ischemic heart disease,380,Particulate matter pollution,3,Rate,2014,41.63968692,62.96999123,24.48994848
1,All Population,3,YLDs (Years Lived with Disability),4873,Uttar Pradesh,1,Male,15,50-54 years,498,Hypertensive heart disease,91,Lead exposure,3,Rate,2023,1.049026679,2.551580999,0
1,All Population,3,YLDs (Years Lived with Disability),4873,Uttar Pradesh,2,Female,15,50-54 years,498,Hypertensive heart disease,91,Lead exposure,3,Rate,2023,1.510329185,3.811630766,0
1,All Population,3,YLDs (Years Lived with Disability),4856,Karnataka,1,Male,15,50-54 years,494,Stroke,380,Particulate matter pollution,3,Rate,2014,74.80136755,116.1626969,42.72107606
1,All Population,3,YLDs (Years Lived with Disability),4856,Karnataka,2,Female,15,50-54 years,494,Stroke,380,Particulate matter pollution,3,Rate,2014,61.77889003,94.31222807,33.95335091
1,All Population,3,YLDs (Years Lived with Disability),4856,Karnataka,1,Male,15,50-54 years,498,Hypertensive heart disease,91,Lead exposure,3,Rate,2014,0.725164817,1.819513273,0
1,All Population,3,YLDs (Years Lived with Disability),4856,Karnataka,2,Female,15,50-54 years,498,Hypertensive heart disease,91,Lead exposure,3,Rate,2014,1.238307483,3.043736469,0
1,All Population,3,YLDs (Years Lived with Disability),4846,Chhattisgarh,1,Male,15,50-54 years,498,Hypertensive heart disease,91,Lead exposure,3,Rate,2014,1.001453834,2.720726968,0
1,All Population,3,YLDs (Years Lived with Disability),4846,Chhattisgarh,2,Female,15,50-54 years,498,Hypertensive heart disease,91,Lead exposure,3,Rate,2014,1.282185364,3.405032531,0
1,All Population,3,YLDs (Years Lived with Disability),4861,Manipur,1,Male,15,50-54 years,493,Ischemic heart disease,380,Particulate matter pollution,3,Rate,2014,45.79802671,68.72547827,26.52647005
1,All Population,3,YLDs (Years Lived with Disability),4861,Manipur,2,Female,15,50-54 years,493,Ischemic heart disease,380,Particulate matter pollution,3,Rate,2014,34.27188381,51.71435365,19.70735059
1,All Population,3,YLDs (Years Lived with Disability),4854,Jammu & Kashmir and Ladakh,1,Male,15,50-54 years,500,Atrial fibrillation and flutter,91,Lead exposure,3,Rate,2014,0.884852932,2.568751114,-0.129074931
1,All Population,3,YLDs (Years Lived with Disability),4854,Jammu & Kashmir and Ladakh,2,Female,15,50-54 years,500,Atrial fibrillation and flutter,91,Lead exposure,3,Rate,2014,0.68194879,1.98773341,-0.087370702
1,All Population,3,YLDs (Years Lived with Disability),4865,Odisha,1,Male,15,50-54 years,493,Ischemic heart disease,91,Lead exposure,3,Rate,2014,39.38845576,57.35157882,23.32726706
1,All Population,3,YLDs (Years Lived with Disability),4865,Odisha,2,Female,15,50-54 years,493,Ischemic heart disease,91,Lead exposure,3,Rate,2014,23.50710838,34.49677747,14.07774988
1,All Population,3,YLDs (Years Lived with Disability),4863,Mizoram,1,Male,15,50-54 years,493,Ischemic heart disease,91,Lead exposure,3,Rate,2014,33.70771484,48.66693974,20.31394605
1,All Population,3,YLDs (Years Lived with Disability),4863,Mizoram,2,Female,15,50-54 years,493,Ischemic heart disease,91,Lead exposure,3,Rate,2014,19.54471873,29.07273305,11.71520745
1,All Population,3,YLDs (Years Lived with Disability),4859,Madhya Pradesh,1,Male,15,50-54 years,493,Ischemic heart disease,380,Particulate matter pollution,3,Rate,2014,68.70411269,105.4445462,40.31092307
1,All Population,3,YLDs (Years Lived with Disability),4859,Madhya Pradesh,2,Female,15,50-54 years,493,Ischemic heart disease,380,Particulate matter pollution,3,Rate,2014,39.64667994,59.36660352,24.12059776
1,All Population,3,YLDs (Years Lived with Disability),4859,Madhya Pradesh,1,Male,15,50-54 years,494,Stroke,91,Lead exposure,3,Rate,2014,14.81684883,34.00045147,-2.753852382
1,All Population,3,YLDs (Years Lived with Disability),4859,Madhya Pradesh,2,Female,15,50-54 years,494,Stroke,91,Lead exposure,3,Rate,2014,11.34620519,26.08822258,-1.917995016
1,All Population,3,YLDs (Years Lived with Disability),4870,Tamil Nadu,1,Male,15,50-54 years,494,Stroke,380,Particulate matter pollution,3,Rate,2014,65.09137338,98.66507342,34.90305235
1,All Population,3,YLDs (Years Lived with Disability),4870,Tamil Nadu,2,Female,15,50-54 years,494,Stroke,380,Particulate matter pollution,3,Rate,2014,58.10615533,91.38016176,30.10448251
1,All Population,3,YLDs (Years Lived with Disability),4849,Delhi,1,Male,15,50-54 years,493,Ischemic heart disease,380,Particulate matter pollution,3,Rate,2014,70.3983129,111.4376664,40.52444418
1,All Population,3,YLDs (Years Lived with Disability),4849,Delhi,2,Female,15,50-54 years,493,Ischemic heart disease,380,Particulate matter pollution,3,Rate,2014,46.32936986,70.34612632,26.95852181
1,All Population,3,YLDs (Years Lived with Disability),4851,Gujarat,1,Male,15,50-54 years,493,Ischemic heart disease,91,Lead exposure,3,Rate,2023,53.06747799,77.47862568,32.10383937
1,All Population,3,YLDs (Years Lived with Disability),4851,Gujarat,2,Female,15,50-54 years,493,Ischemic heart disease,91,Lead exposure,3,Rate,2023,29.6563795,43.65442514,18.6777571
1,All Population,3,YLDs (Years Lived with Disability),4841,Andhra Pradesh,1,Male,15,50-54 years,494,Stroke,380,Particulate matter pollution,3,Rate,2023,55.99732679,87.15639635,29.1434008
1,All Population,3,YLDs (Years Lived with Disability),4841,Andhra Pradesh,2,Female,15,50-54 years,494,Stroke,380,Particulate matter pollution,3,Rate,2023,52.59893119,79.6230101,28.07234182
1,All Population,3,YLDs (Years Lived with Disability),4844,Bihar,1,Male,15,50-54 years,494,Stroke,380,Particulate matter pollution,3,Rate,2014,78.85636951,118.3452625,44.69464439
1,All Population,3,YLDs (Years Lived with Disability),4844,Bihar,2,Female,15,50-54 years,494,Stroke,380,Particulate matter pollution,3,Rate,2014,80.38320104,126.6374115,41.99671591
1,All Population,3,YLDs (Years Lived with Disability),4844,Bihar,1,Male,15,50-54 years,498,Hypertensive heart disease,91,Lead exposure,3,Rate,2014,1.17507665,3.269703614,0
1,All Population,3,YLDs (Years Lived with Disability),4844,Bihar,2,Female,15,50-54 years,498,Hypertensive heart disease,91,Lead exposure,3,Rate,2014,1.541584037,3.504520791,0
1,All Population,3,YLDs (Years Lived with Disability),4842,Arunachal Pradesh,1,Male,15,50-54 years,494,Stroke,91,Lead exposure,3,Rate,2023,14.24381021,37.12958993,-2.202978655
1,All Population,3,YLDs (Years Lived with Disability),4842,Arunachal Pradesh,2,Female,15,50-54 years,494,Stroke,91,Lead exposure,3,Rate,2023,9.959257528,26.01480163,-1.483195128
1,All Population,3,YLDs (Years Lived with Disability),4842,Arunachal Pradesh,1,Male,15,50-54 years,494,Stroke,380,Particulate matter pollution,3,Rate,2014,68.96895299,106.5089023,38.80130885
1,All Population,3,YLDs (Years Lived with Disability),4842,Arunachal Pradesh,2,Female,15,50-54 years,494,Stroke,380,Particulate matter pollution,3,Rate,2014,61.07287486,93.97816415,33.06313843
1,All Population,3,YLDs (Years Lived with Disability),4855,Jharkhand,1,Male,15,50-54 years,494,Stroke,380,Particulate matter pollution,3,Rate,2014,87.4625929,131.7883764,51.0398179
1,All Population,3,YLDs (Years Lived with Disability),4855,Jharkhand,2,Female,15,50-54 years,494,Stroke,380,Particulate matter pollution,3,Rate,2014,101.4137964,153.6417874,58.99582343
1,All Population,3,YLDs (Years Lived with Disability),4862,Meghalaya,1,Male,15,50-54 years,493,Ischemic heart disease,91,Lead exposure,3,Rate,2014,40.81568979,60.57623443,24.44386067
1,All Population,3,YLDs (Years Lived with Disability),4862,Meghalaya,2,Female,15,50-54 years,493,Ischemic heart disease,91,Lead exposure,3,Rate,2014,25.69361599,37.7438208,14.28088938
1,All Population,3,YLDs (Years Lived with Disability),4846,Chhattisgarh,1,Male,15,50-54 years,494,Stroke,380,Particulate matter pollution,3,Rate,2014,122.0559228,186.9390498,71.24650112
1,All Population,3,YLDs (Years Lived with Disability),4846,Chhattisgarh,2,Female,15,50-54 years,494,Stroke,380,Particulate matter pollution,3,Rate,2014,95.69436684,147.1223716,56.07206043
1,All Population,3,YLDs (Years Lived with Disability),4850,Goa,1,Male,15,50-54 years,493,Ischemic heart disease,91,Lead exposure,3,Rate,2023,43.99283524,65.85745175,26.19415752
1,All Population,3,YLDs (Years Lived with Disability),4850,Goa,2,Female,15,50-54 years,493,Ischemic heart disease,91,Lead exposure,3,Rate,2023,24.59990456,35.39653262,14.66605322
1,All Population,3,YLDs (Years Lived with Disability),4843,Assam,1,Male,15,50-54 years,502,Lower extremity peripheral arterial disease,91,Lead exposure,3,Rate,2014,0.010240256,0.031041354,-0.001143843
1,All Population,3,YLDs (Years Lived with Disability),4843,Assam,2,Female,15,50-54 years,502,Lower extremity peripheral arterial disease,91,Lead exposure,3,Rate,2014,0.012116744,0.037724583,-0.001434297
1,All Population,3,YLDs (Years Lived with Disability),4841,Andhra Pradesh,1,Male,15,50-54 years,493,Ischemic heart disease,91,Lead exposure,3,Rate,2014,63.19381101,92.33236864,36.97432272
1,All Population,3,YLDs (Years Lived with Disability),4841,Andhra Pradesh,2,Female,15,50-54 years,493,Ischemic heart disease,91,Lead exposure,3,Rate,2014,35.05725938,51.79872595,20.80811368
1,All Population,3,YLDs (Years Lived with Disability),4844,Bihar,1,Male,15,50-54 years,493,Ischemic heart disease,380,Particulate matter pollution,3,Rate,2023,49.14748295,74.45422705,27.82293384
1,All Population,3,YLDs (Years Lived with Disability),4844,Bihar,2,Female,15,50-54 years,493,Ischemic heart disease,380,Particulate matter pollution,3,Rate,2023,33.30423442,49.63647367,19.11764189
1,All Population,3,YLDs (Years Lived with Disability),4844,Bihar,1,Male,15,50-54 years,494,Stroke,91,Lead exposure,3,Rate,2023,13.59639256,36.35621753,-2.005722559
1,All Population,3,YLDs (Years Lived with Disability),4844,Bihar,2,Female,15,50-54 years,494,Stroke,91,Lead exposure,3,Rate,2023,11.98201945,31.5388667,-1.973345953
1,All Population,3,YLDs (Years Lived with Disability),4853,Himachal Pradesh,1,Male,15,50-54 years,502,Lower extremity peripheral arterial disease,91,Lead exposure,3,Rate,2023,0.007505811,0.024594785,-0.001137937
1,All Population,3,YLDs (Years Lived with Disability),4853,Himachal Pradesh,2,Female,15,50-54 years,502,Lower extremity peripheral arterial disease,91,Lead exposure,3,Rate,2023,0.009469982,0.030012287,-0.001296789
1,All Population,3,YLDs (Years Lived with Disability),4855,Jharkhand,1,Male,15,50-54 years,494,Stroke,380,Particulate matter pollution,3,Rate,2023,83.18252464,130.8817798,46.86842097
1,All Population,3,YLDs (Years Lived with Disability),4855,Jharkhand,2,Female,15,50-54 years,494,Stroke,380,Particulate matter pollution,3,Rate,2023,102.2466893,152.1376713,58.02566529
1,All Population,3,YLDs (Years Lived with Disability),4841,Andhra Pradesh,1,Male,15,50-54 years,498,Hypertensive heart disease,91,Lead exposure,3,Rate,2023,0.566273296,1.548902901,0
1,All Population,3,YLDs (Years Lived with Disability),4841,Andhra Pradesh,2,Female,15,50-54 years,498,Hypertensive heart disease,91,Lead exposure,3,Rate,2023,0.98564444,2.603637111,0
1,All Population,3,YLDs (Years Lived with Disability),4842,Arunachal Pradesh,1,Male,15,50-54 years,498,Hypertensive heart disease,91,Lead exposure,3,Rate,2023,0.886875164,2.331670841,0
1,All Population,3,YLDs (Years Lived with Disability),4842,Arunachal Pradesh,2,Female,15,50-54 years,498,Hypertensive heart disease,91,Lead exposure,3,Rate,2023,1.4180468,3.316619806,0
1,All Population,3,YLDs (Years Lived with Disability),4846,Chhattisgarh,1,Male,15,50-54 years,500,Atrial fibrillation and flutter,91,Lead exposure,3,Rate,2014,1.02939152,2.877558174,-0.13799834
1,All Population,3,YLDs (Years Lived with Disability),4846,Chhattisgarh,2,Female,15,50-54 years,500,Atrial fibrillation and flutter,91,Lead exposure,3,Rate,2014,0.756325643,2.482748244,-0.090794456
1,All Population,3,YLDs (Years Lived with Disability),4850,Goa,1,Male,15,50-54 years,494,Stroke,380,Particulate matter pollution,3,Rate,2014,57.50501663,90.69303518,31.14623859
1,All Population,3,YLDs (Years Lived with Disability),4850,Goa,2,Female,15,50-54 years,494,Stroke,380,Particulate matter pollution,3,Rate,2014,55.87097745,85.03734547,29.32145357
1,All Population,3,YLDs (Years Lived with Disability),4850,Goa,1,Male,15,50-54 years,498,Hypertensive heart disease,91,Lead exposure,3,Rate,2014,0.723235735,1.822477067,0
1,All Population,3,YLDs (Years Lived with Disability),4850,Goa,2,Female,15,50-54 years,498,Hypertensive heart disease,91,Lead exposure,3,Rate,2014,1.001652279,2.360070956,0
1,All Population,3,YLDs (Years Lived with Disability),4856,Karnataka,1,Male,15,50-54 years,500,Atrial fibrillation and flutter,91,Lead exposure,3,Rate,2014,1.441993129,4.281789167,-0.184750232
1,All Population,3,YLDs (Years Lived with Disability),4856,Karnataka,2,Female,15,50-54 years,500,Atrial fibrillation and flutter,91,Lead exposure,3,Rate,2014,1.14182759,3.457013472,-0.177337542
1,All Population,3,YLDs (Years Lived with Disability),4854,Jammu & Kashmir and Ladakh,1,Male,15,50-54 years,502,Lower extremity peripheral arterial disease,91,Lead exposure,3,Rate,2014,0.008091427,0.027356383,-0.001090141
1,All Population,3,YLDs (Years Lived with Disability),4854,Jammu & Kashmir and Ladakh,2,Female,15,50-54 years,502,Lower extremity peripheral arterial disease,91,Lead exposure,3,Rate,2014,0.010399404,0.035950718,-0.001239403
1,All Population,3,YLDs (Years Lived with Disability),4874,Uttarakhand,1,Male,15,50-54 years,493,Ischemic heart disease,380,Particulate matter pollution,3,Rate,2014,82.92038821,128.7567529,47.97166376
1,All Population,3,YLDs (Years Lived with Disability),4874,Uttarakhand,2,Female,15,50-54 years,493,Ischemic heart disease,380,Particulate matter pollution,3,Rate,2014,47.97563163,73.12566875,26.95509545
1,All Population,3,YLDs (Years Lived with Disability),4857,Kerala,1,Male,15,50-54 years,494,Stroke,380,Particulate matter pollution,3,Rate,2023,72.54290947,116.8393199,35.75117303
1,All Population,3,YLDs (Years Lived with Disability),4857,Kerala,2,Female,15,50-54 years,494,Stroke,380,Particulate matter pollution,3,Rate,2023,63.102431,100.0885147,34.05786509
1,All Population,3,YLDs (Years Lived with Disability),4860,Maharashtra,1,Male,15,50-54 years,494,Stroke,91,Lead exposure,3,Rate,2023,16.16712415,45.76087633,-2.716595864
1,All Population,3,YLDs (Years Lived with Disability),4860,Maharashtra,2,Female,15,50-54 years,494,Stroke,91,Lead exposure,3,Rate,2023,12.17702362,33.26579041,-1.990475172
1,All Population,3,YLDs (Years Lived with Disability),4865,Odisha,1,Male,15,50-54 years,502,Lower extremity peripheral arterial disease,91,Lead exposure,3,Rate,2014,0.010866738,0.035806368,-0.001058505
1,All Population,3,YLDs (Years Lived with Disability),4865,Odisha,2,Female,15,50-54 years,502,Lower extremity peripheral arterial disease,91,Lead exposure,3,Rate,2014,0.012461939,0.042072223,-0.001469323
1,All Population,3,YLDs (Years Lived with Disability),4852,Haryana,1,Male,15,50-54 years,493,Ischemic heart disease,380,Particulate matter pollution,3,Rate,2014,79.78446913,122.9552414,45.40131989
1,All Population,3,YLDs (Years Lived with Disability),4852,Haryana,2,Female,15,50-54 years,493,Ischemic heart disease,380,Particulate matter pollution,3,Rate,2014,44.34859822,66.58630258,25.34407445
1,All Population,3,YLDs (Years Lived with Disability),4852,Haryana,1,Male,15,50-54 years,494,Stroke,91,Lead exposure,3,Rate,2014,16.88875885,43.51585244,-2.235729505
1,All Population,3,YLDs (Years Lived with Disability),4852,Haryana,2,Female,15,50-54 years,494,Stroke,91,Lead exposure,3,Rate,2014,13.35519124,35.74701471,-1.755500422
1,All Population,3,YLDs (Years Lived with Disability),4855,Jharkhand,1,Male,15,50-54 years,500,Atrial fibrillation and flutter,91,Lead exposure,3,Rate,2023,1.055605264,3.424960535,-0.137284195
1,All Population,3,YLDs (Years Lived with Disability),4855,Jharkhand,2,Female,15,50-54 years,500,Atrial fibrillation and flutter,91,Lead exposure,3,Rate,2023,0.755370985,2.423367242,-0.090958222
1,All Population,3,YLDs (Years Lived with Disability),4844,Bihar,1,Male,15,50-54 years,500,Atrial fibrillation and flutter,91,Lead exposure,3,Rate,2014,1.262326814,4.302537646,-0.197295702
1,All Population,3,YLDs (Years Lived with Disability),4844,Bihar,2,Female,15,50-54 years,500,Atrial fibrillation and flutter,91,Lead exposure,3,Rate,2014,0.945006195,3.459798666,-0.106658385
1,All Population,3,YLDs (Years Lived with Disability),4842,Arunachal Pradesh,1,Male,15,50-54 years,502,Lower extremity peripheral arterial disease,91,Lead exposure,3,Rate,2014,0.010095629,0.034160193,-0.001198994
1,All Population,3,YLDs (Years Lived with Disability),4842,Arunachal Pradesh,2,Female,15,50-54 years,502,Lower extremity peripheral arterial disease,91,Lead exposure,3,Rate,2014,0.012793508,0.042595088,-0.001678219
1,All Population,3,YLDs (Years Lived with Disability),4856,Karnataka,1,Male,15,50-54 years,502,Lower extremity peripheral arterial disease,91,Lead exposure,3,Rate,2014,0.012566802,0.042898745,-0.001546894
1,All Population,3,YLDs (Years Lived with Disability),4856,Karnataka,2,Female,15,50-54 years,502,Lower extremity peripheral arterial disease,91,Lead exposure,3,Rate,2014,0.016353919,0.051386306,-0.002121974
1,All Population,3,YLDs (Years Lived with Disability),4864,Nagaland,1,Male,15,50-54 years,493,Ischemic heart disease,91,Lead exposure,3,Rate,2014,42.73815939,62.86635361,25.01412038
1,All Population,3,YLDs (Years Lived with Disability),4864,Nagaland,2,Female,15,50-54 years,493,Ischemic heart disease,91,Lead exposure,3,Rate,2014,30.52222302,45.48030019,17.90026733
1,All Population,3,YLDs (Years Lived with Disability),4849,Delhi,1,Male,15,50-54 years,494,Stroke,380,Particulate matter pollution,3,Rate,2014,75.36807799,116.9744919,39.58292639
1,All Population,3,YLDs (Years Lived with Disability),4849,Delhi,2,Female,15,50-54 years,494,Stroke,380,Particulate matter pollution,3,Rate,2014,84.8512222,132.9862064,47.26149196
1,All Population,3,YLDs (Years Lived with Disability),4852,Haryana,1,Male,15,50-54 years,498,Hypertensive heart disease,91,Lead exposure,3,Rate,2014,0.599114042,1.444340343,0
1,All Population,3,YLDs (Years Lived with Disability),4852,Haryana,2,Female,15,50-54 years,498,Hypertensive heart disease,91,Lead exposure,3,Rate,2014,1.045094774,2.671774417,0
1,All Population,3,YLDs (Years Lived with Disability),4854,Jammu & Kashmir and Ladakh,1,Male,15,50-54 years,502,Lower extremity peripheral arterial disease,91,Lead exposure,3,Rate,2023,0.006377834,0.021358274,-0.000811835
1,All Population,3,YLDs (Years Lived with Disability),4854,Jammu & Kashmir and Ladakh,2,Female,15,50-54 years,502,Lower extremity peripheral arterial disease,91,Lead exposure,3,Rate,2023,0.00865632,0.028966657,-0.001029009
1,All Population,3,YLDs (Years Lived with Disability),4857,Kerala,1,Male,15,50-54 years,500,Atrial fibrillation and flutter,91,Lead exposure,3,Rate,2023,1.038832637,3.516199118,-0.160763419
1,All Population,3,YLDs (Years Lived with Disability),4857,Kerala,2,Female,15,50-54 years,500,Atrial fibrillation and flutter,91,Lead exposure,3,Rate,2023,0.774188986,2.814181141,-0.111537353
1,All Population,3,YLDs (Years Lived with Disability),4852,Haryana,1,Male,15,50-54 years,493,Ischemic heart disease,91,Lead exposure,3,Rate,2023,43.32991124,64.1910656,25.75468774
1,All Population,3,YLDs (Years Lived with Disability),4852,Haryana,2,Female,15,50-54 years,493,Ischemic heart disease,91,Lead exposure,3,Rate,2023,23.20632159,33.40025282,13.4553643
1,All Population,3,YLDs (Years Lived with Disability),4844,Bihar,1,Male,15,50-54 years,502,Lower extremity peripheral arterial disease,91,Lead exposure,3,Rate,2014,0.011811157,0.04215847,-0.001312839
1,All Population,3,YLDs (Years Lived with Disability),4844,Bihar,2,Female,15,50-54 years,502,Lower extremity peripheral arterial disease,91,Lead exposure,3,Rate,2014,0.014188665,0.053747674,-0.001760472
1,All Population,3,YLDs (Years Lived with Disability),4861,Manipur,1,Male,15,50-54 years,494,Stroke,91,Lead exposure,3,Rate,2014,20.97033727,56.35213965,-3.840621138
1,All Population,3,YLDs (Years Lived with Disability),4861,Manipur,2,Female,15,50-54 years,494,Stroke,91,Lead exposure,3,Rate,2014,13.19330734,34.02618399,-2.072325338
1,All Population,3,YLDs (Years Lived with Disability),4851,Gujarat,1,Male,15,50-54 years,494,Stroke,91,Lead exposure,3,Rate,2014,20.83585963,53.54614322,-3.556497148
1,All Population,3,YLDs (Years Lived with Disability),4851,Gujarat,2,Female,15,50-54 years,494,Stroke,91,Lead exposure,3,Rate,2014,16.97364386,43.6782617,-2.600223033
1,All Population,3,YLDs (Years Lived with Disability),4855,Jharkhand,1,Male,15,50-54 years,502,Lower extremity peripheral arterial disease,91,Lead exposure,3,Rate,2014,0.01000398,0.036754705,-0.001028517
1,All Population,3,YLDs (Years Lived with Disability),4855,Jharkhand,2,Female,15,50-54 years,502,Lower extremity peripheral arterial disease,91,Lead exposure,3,Rate,2014,0.012199959,0.040844842,-0.001402775
1,All Population,3,YLDs (Years Lived with Disability),4860,Maharashtra,1,Male,15,50-54 years,498,Hypertensive heart disease,91,Lead exposure,3,Rate,2023,0.626511045,1.634793326,0
1,All Population,3,YLDs (Years Lived with Disability),4860,Maharashtra,2,Female,15,50-54 years,498,Hypertensive heart disease,91,Lead exposure,3,Rate,2023,1.185612251,2.773333399,0
1,All Population,3,YLDs (Years Lived with Disability),4862,Meghalaya,1,Male,15,50-54 years,493,Ischemic heart disease,380,Particulate matter pollution,3,Rate,2023,35.67566947,54.58707494,20.53515669
1,All Population,3,YLDs (Years Lived with Disability),4862,Meghalaya,2,Female,15,50-54 years,493,Ischemic heart disease,380,Particulate matter pollution,3,Rate,2023,23.4252484,35.49644322,12.8819716
1,All Population,3,YLDs (Years Lived with Disability),4862,Meghalaya,1,Male,15,50-54 years,494,Stroke,91,Lead exposure,3,Rate,2023,15.16064541,41.22060972,-2.718123184
1,All Population,3,YLDs (Years Lived with Disability),4862,Meghalaya,2,Female,15,50-54 years,494,Stroke,91,Lead exposure,3,Rate,2023,10.83360175,29.1411423,-1.82073319
1,All Population,3,YLDs (Years Lived with Disability),4868,Rajasthan,1,Male,15,50-54 years,500,Atrial fibrillation and flutter,91,Lead exposure,3,Rate,2014,0.654090854,2.067564981,-0.093637594
1,All Population,3,YLDs (Years Lived with Disability),4868,Rajasthan,2,Female,15,50-54 years,500,Atrial fibrillation and flutter,91,Lead exposure,3,Rate,2014,0.424737033,1.397380544,-0.057889688
1,All Population,3,YLDs (Years Lived with Disability),4868,Rajasthan,1,Male,15,50-54 years,502,Lower extremity peripheral arterial disease,91,Lead exposure,3,Rate,2014,0.006432749,0.020169828,-0.000897673
1,All Population,3,YLDs (Years Lived with Disability),4849,Delhi,1,Male,15,50-54 years,500,Atrial fibrillation and flutter,91,Lead exposure,3,Rate,2014,0.822338364,2.472487988,-0.108962033
1,All Population,3,YLDs (Years Lived with Disability),4849,Delhi,2,Female,15,50-54 years,500,Atrial fibrillation and flutter,91,Lead exposure,3,Rate,2014,0.580024578,1.898148702,-0.068486955
1,All Population,3,YLDs (Years Lived with Disability),4857,Kerala,1,Male,15,50-54 years,493,Ischemic heart disease,380,Particulate matter pollution,3,Rate,2014,77.31988845,120.6679304,43.26078257
1,All Population,3,YLDs (Years Lived with Disability),4857,Kerala,2,Female,15,50-54 years,493,Ischemic heart disease,380,Particulate matter pollution,3,Rate,2014,35.21916912,52.9769779,19.51425035
1,All Population,3,YLDs (Years Lived with Disability),4857,Kerala,1,Male,15,50-54 years,494,Stroke,91,Lead exposure,3,Rate,2014,20.8482938,50.04234232,-3.214030566
1,All Population,3,YLDs (Years Lived with Disability),4857,Kerala,2,Female,15,50-54 years,494,Stroke,91,Lead exposure,3,Rate,2014,14.51034435,36.89202579,-1.981444075
1,All Population,3,YLDs (Years Lived with Disability),4859,Madhya Pradesh,1,Male,15,50-54 years,498,Hypertensive heart disease,91,Lead exposure,3,Rate,2014,0.690137003,1.913777739,0
1,All Population,3,YLDs (Years Lived with Disability),4859,Madhya Pradesh,2,Female,15,50-54 years,498,Hypertensive heart disease,91,Lead exposure,3,Rate,2014,1.375114074,3.262027045,0
1,All Population,3,YLDs (Years Lived with Disability),4859,Madhya Pradesh,1,Male,15,50-54 years,494,Stroke,380,Particulate matter pollution,3,Rate,2014,85.70342248,134.2931065,49.77252807
1,All Population,3,YLDs (Years Lived with Disability),4859,Madhya Pradesh,2,Female,15,50-54 years,494,Stroke,380,Particulate matter pollution,3,Rate,2014,76.71986665,116.8902697,42.93691936
1,All Population,3,YLDs (Years Lived with Disability),4855,Jharkhand,1,Male,15,50-54 years,502,Lower extremity peripheral arterial disease,91,Lead exposure,3,Rate,2023,0.007746366,0.026485947,-0.000698566
1,All Population,3,YLDs (Years Lived with Disability),4855,Jharkhand,2,Female,15,50-54 years,502,Lower extremity peripheral arterial disease,91,Lead exposure,3,Rate,2023,0.009686748,0.036949939,-0.000853648
1,All Population,3,YLDs (Years Lived with Disability),4872,Tripura,1,Male,15,50-54 years,494,Stroke,380,Particulate matter pollution,3,Rate,2014,137.009052,212.7533005,80.63264206
1,All Population,3,YLDs (Years Lived with Disability),4872,Tripura,2,Female,15,50-54 years,494,Stroke,380,Particulate matter pollution,3,Rate,2014,100.0710931,146.4854138,59.28052879
1,All Population,3,YLDs (Years Lived with Disability),4872,Tripura,1,Male,15,50-54 years,498,Hypertensive heart disease,91,Lead exposure,3,Rate,2014,0.795797817,2.055668753,0
1,All Population,3,YLDs (Years Lived with Disability),4872,Tripura,2,Female,15,50-54 years,498,Hypertensive heart disease,91,Lead exposure,3,Rate,2014,1.227389866,3.103011622,0
1,All Population,3,YLDs (Years Lived with Disability),4849,Delhi,1,Male,15,50-54 years,494,Stroke,91,Lead exposure,3,Rate,2014,10.11587513,27.23505037,-1.186670904
1,All Population,3,YLDs (Years Lived with Disability),4849,Delhi,2,Female,15,50-54 years,494,Stroke,91,Lead exposure,3,Rate,2014,9.305564751,25.84162243,-0.878541353
1,All Population,3,YLDs (Years Lived with Disability),4870,Tamil Nadu,1,Male,15,50-54 years,500,Atrial fibrillation and flutter,91,Lead exposure,3,Rate,2014,1.347413792,4.267237471,-0.202851095
1,All Population,3,YLDs (Years Lived with Disability),4870,Tamil Nadu,2,Female,15,50-54 years,500,Atrial fibrillation and flutter,91,Lead exposure,3,Rate,2014,0.995105404,3.100377695,-0.141944464
1,All Population,3,YLDs (Years Lived with Disability),4865,Odisha,1,Male,15,50-54 years,493,Ischemic heart disease,91,Lead exposure,3,Rate,2023,32.67534118,48.42451531,18.5339548
1,All Population,3,YLDs (Years Lived with Disability),4865,Odisha,2,Female,15,50-54 years,493,Ischemic heart disease,91,Lead exposure,3,Rate,2023,19.14864633,27.75331666,11.61000882
1,All Population,3,YLDs (Years Lived with Disability),4874,Uttarakhand,1,Male,15,50-54 years,494,Stroke,91,Lead exposure,3,Rate,2014,18.04119497,45.73851099,-3.085268426
1,All Population,3,YLDs (Years Lived with Disability),4874,Uttarakhand,2,Female,15,50-54 years,494,Stroke,91,Lead exposure,3,Rate,2014,11.60655838,29.70185551,-1.820014769
1,All Population,3,YLDs (Years Lived with Disability),4842,Arunachal Pradesh,1,Male,15,50-54 years,500,Atrial fibrillation and flutter,91,Lead exposure,3,Rate,2014,1.218418526,4.084951005,-0.188909785
1,All Population,3,YLDs (Years Lived with Disability),4842,Arunachal Pradesh,2,Female,15,50-54 years,500,Atrial fibrillation and flutter,91,Lead exposure,3,Rate,2014,0.872474784,2.890303037,-0.124097319
1,All Population,3,YLDs (Years Lived with Disability),4855,Jharkhand,1,Male,15,50-54 years,500,Atrial fibrillation and flutter,91,Lead exposure,3,Rate,2014,1.13227756,3.454268099,-0.161096805
1,All Population,3,YLDs (Years Lived with Disability),4855,Jharkhand,2,Female,15,50-54 years,500,Atrial fibrillation and flutter,91,Lead exposure,3,Rate,2014,0.852627921,2.602795318,-0.116416433
1,All Population,3,YLDs (Years Lived with Disability),4861,Manipur,1,Male,15,50-54 years,498,Hypertensive heart disease,91,Lead exposure,3,Rate,2014,1.152063285,3.045621297,0
1,All Population,3,YLDs (Years Lived with Disability),4861,Manipur,2,Female,15,50-54 years,498,Hypertensive heart disease,91,Lead exposure,3,Rate,2014,1.642469394,3.707922709,0
1,All Population,3,YLDs (Years Lived with Disability),4846,Chhattisgarh,1,Male,15,50-54 years,493,Ischemic heart disease,380,Particulate matter pollution,3,Rate,2023,56.29231029,86.48206354,33.19172735
1,All Population,3,YLDs (Years Lived with Disability),4846,Chhattisgarh,2,Female,15,50-54 years,493,Ischemic heart disease,380,Particulate matter pollution,3,Rate,2023,34.43740192,50.01949475,20.53285621
1,All Population,3,YLDs (Years Lived with Disability),4846,Chhattisgarh,1,Male,15,50-54 years,494,Stroke,91,Lead exposure,3,Rate,2023,18.69645261,48.82452001,-2.782376628
1,All Population,3,YLDs (Years Lived with Disability),4846,Chhattisgarh,2,Female,15,50-54 years,494,Stroke,91,Lead exposure,3,Rate,2023,12.02018107,31.08977379,-1.786400971
1,All Population,3,YLDs (Years Lived with Disability),4867,Punjab,1,Male,15,50-54 years,493,Ischemic heart disease,91,Lead exposure,3,Rate,2023,49.48618392,72.44757655,29.25205
1,All Population,3,YLDs (Years Lived with Disability),4867,Punjab,2,Female,15,50-54 years,493,Ischemic heart disease,91,Lead exposure,3,Rate,2023,29.71898103,43.5522374,17.9549446
1,All Population,3,YLDs (Years Lived with Disability),4867,Punjab,1,Male,15,50-54 years,502,Lower extremity peripheral arterial disease,91,Lead exposure,3,Rate,2014,0.005497574,0.018159821,-0.000599686
1,All Population,3,YLDs (Years Lived with Disability),4867,Punjab,2,Female,15,50-54 years,502,Lower extremity peripheral arterial disease,91,Lead exposure,3,Rate,2014,0.007894754,0.024935111,-0.000873357
1,All Population,3,YLDs (Years Lived with Disability),4863,Mizoram,1,Male,15,50-54 years,493,Ischemic heart disease,380,Particulate matter pollution,3,Rate,2014,32.22692925,49.64407197,18.33911103
1,All Population,3,YLDs (Years Lived with Disability),4863,Mizoram,2,Female,15,50-54 years,493,Ischemic heart disease,380,Particulate matter pollution,3,Rate,2014,20.14629647,30.92981728,10.81174332
1,All Population,3,YLDs (Years Lived with Disability),4863,Mizoram,1,Male,15,50-54 years,494,Stroke,91,Lead exposure,3,Rate,2014,13.57423963,36.00897563,-2.192944768
1,All Population,3,YLDs (Years Lived with Disability),4863,Mizoram,2,Female,15,50-54 years,494,Stroke,91,Lead exposure,3,Rate,2014,8.921359192,23.87735721,-1.374025082
1,All Population,3,YLDs (Years Lived with Disability),4851,Gujarat,1,Male,15,50-54 years,498,Hypertensive heart disease,91,Lead exposure,3,Rate,2014,0.724321645,1.68739082,0
1,All Population,3,YLDs (Years Lived with Disability),4851,Gujarat,2,Female,15,50-54 years,498,Hypertensive heart disease,91,Lead exposure,3,Rate,2014,1.431371881,3.47038142,0
1,All Population,3,YLDs (Years Lived with Disability),4857,Kerala,1,Male,15,50-54 years,494,Stroke,380,Particulate matter pollution,3,Rate,2014,93.84110637,141.9362645,49.26716571
1,All Population,3,YLDs (Years Lived with Disability),4857,Kerala,2,Female,15,50-54 years,494,Stroke,380,Particulate matter pollution,3,Rate,2014,76.14536665,118.0572466,37.53134665
1,All Population,3,YLDs (Years Lived with Disability),4868,Rajasthan,2,Female,15,50-54 years,502,Lower extremity peripheral arterial disease,91,Lead exposure,3,Rate,2014,0.006638582,0.020789748,-0.000910491
1,All Population,3,YLDs (Years Lived with Disability),4857,Kerala,1,Male,15,50-54 years,498,Hypertensive heart disease,91,Lead exposure,3,Rate,2014,0.579556461,1.544638226,0
1,All Population,3,YLDs (Years Lived with Disability),4857,Kerala,2,Female,15,50-54 years,498,Hypertensive heart disease,91,Lead exposure,3,Rate,2014,1.260525099,2.943087444,0
1,All Population,3,YLDs (Years Lived with Disability),4849,Delhi,1,Male,15,50-54 years,498,Hypertensive heart disease,91,Lead exposure,3,Rate,2014,0.567177721,1.757961932,0
1,All Population,3,YLDs (Years Lived with Disability),4849,Delhi,2,Female,15,50-54 years,498,Hypertensive heart disease,91,Lead exposure,3,Rate,2014,0.746905083,2.106848432,0
1,All Population,3,YLDs (Years Lived with Disability),4868,Rajasthan,1,Male,15,50-54 years,493,Ischemic heart disease,91,Lead exposure,3,Rate,2014,45.47744948,69.03734519,26.42285816
1,All Population,3,YLDs (Years Lived with Disability),4868,Rajasthan,2,Female,15,50-54 years,493,Ischemic heart disease,91,Lead exposure,3,Rate,2014,20.3931536,29.35526585,11.84270335
1,All Population,3,YLDs (Years Lived with Disability),4843,Assam,1,Male,15,50-54 years,493,Ischemic heart disease,380,Particulate matter pollution,3,Rate,2023,39.1817484,59.63096068,21.43524198
1,All Population,3,YLDs (Years Lived with Disability),4843,Assam,2,Female,15,50-54 years,493,Ischemic heart disease,380,Particulate matter pollution,3,Rate,2023,26.2169129,38.55550327,14.92006129
1,All Population,3,YLDs (Years Lived with Disability),4843,Assam,1,Male,15,50-54 years,494,Stroke,91,Lead exposure,3,Rate,2023,20.97205465,56.80844535,-3.266456255
1,All Population,3,YLDs (Years Lived with Disability),4843,Assam,2,Female,15,50-54 years,494,Stroke,91,Lead exposure,3,Rate,2023,12.98627052,32.53700134,-1.981934063
1,All Population,3,YLDs (Years Lived with Disability),4871,Telangana,1,Male,15,50-54 years,494,Stroke,380,Particulate matter pollution,3,Rate,2014,65.46087041,100.4417122,36.86790264
1,All Population,3,YLDs (Years Lived with Disability),4871,Telangana,2,Female,15,50-54 years,494,Stroke,380,Particulate matter pollution,3,Rate,2014,54.07557046,81.6817481,31.22884151
1,All Population,3,YLDs (Years Lived with Disability),4874,Uttarakhand,1,Male,15,50-54 years,498,Hypertensive heart disease,91,Lead exposure,3,Rate,2014,0.645431657,1.606121253,0
1,All Population,3,YLDs (Years Lived with Disability),4874,Uttarakhand,2,Female,15,50-54 years,498,Hypertensive heart disease,91,Lead exposure,3,Rate,2014,1.095689881,2.651917159,0
1,All Population,3,YLDs (Years Lived with Disability),4869,Sikkim,1,Male,15,50-54 years,502,Lower extremity peripheral arterial disease,91,Lead exposure,3,Rate,2023,0.006909076,0.026812344,-0.000645993
1,All Population,3,YLDs (Years Lived with Disability),4869,Sikkim,2,Female,15,50-54 years,502,Lower extremity peripheral arterial disease,91,Lead exposure,3,Rate,2023,0.007020119,0.025236741,-0.000620229
1,All Population,3,YLDs (Years Lived with Disability),4861,Manipur,1,Male,15,50-54 years,493,Ischemic heart disease,380,Particulate matter pollution,3,Rate,2023,33.74724921,52.19766468,18.73672964
1,All Population,3,YLDs (Years Lived with Disability),4861,Manipur,2,Female,15,50-54 years,493,Ischemic heart disease,380,Particulate matter pollution,3,Rate,2023,24.63956656,37.32599246,14.22226584
1,All Population,3,YLDs (Years Lived with Disability),4868,Rajasthan,1,Male,15,50-54 years,493,Ischemic heart disease,91,Lead exposure,3,Rate,2023,42.17930547,64.8133314,24.50998292
1,All Population,3,YLDs (Years Lived with Disability),4868,Rajasthan,2,Female,15,50-54 years,493,Ischemic heart disease,91,Lead exposure,3,Rate,2023,18.37025732,27.95382283,11.18760721
1,All Population,3,YLDs (Years Lived with Disability),4859,Madhya Pradesh,1,Male,15,50-54 years,500,Atrial fibrillation and flutter,91,Lead exposure,3,Rate,2014,1.053127478,3.138400029,-0.167174311
1,All Population,3,YLDs (Years Lived with Disability),4859,Madhya Pradesh,2,Female,15,50-54 years,500,Atrial fibrillation and flutter,91,Lead exposure,3,Rate,2014,0.781026672,2.532695592,-0.108716026
1,All Population,3,YLDs (Years Lived with Disability),4867,Punjab,1,Male,15,50-54 years,493,Ischemic heart disease,91,Lead exposure,3,Rate,2014,61.38919319,92.61619227,35.56137544
1,All Population,3,YLDs (Years Lived with Disability),4867,Punjab,2,Female,15,50-54 years,493,Ischemic heart disease,91,Lead exposure,3,Rate,2014,36.99271429,53.55133442,21.64707669
1,All Population,3,YLDs (Years Lived with Disability),4871,Telangana,1,Male,15,50-54 years,494,Stroke,380,Particulate matter pollution,3,Rate,2023,57.67818439,88.67950164,30.75819632
1,All Population,3,YLDs (Years Lived with Disability),4871,Telangana,2,Female,15,50-54 years,494,Stroke,380,Particulate matter pollution,3,Rate,2023,49.57126608,75.2552607,27.36478479
1,All Population,3,YLDs (Years Lived with Disability),4841,Andhra Pradesh,1,Male,15,50-54 years,493,Ischemic heart disease,380,Particulate matter pollution,3,Rate,2014,64.11232536,98.9449026,36.43557088
1,All Population,3,YLDs (Years Lived with Disability),4841,Andhra Pradesh,2,Female,15,50-54 years,493,Ischemic heart disease,380,Particulate matter pollution,3,Rate,2014,39.68773773,59.84780346,22.69991386
1,All Population,3,YLDs (Years Lived with Disability),4873,Uttar Pradesh,1,Male,15,50-54 years,493,Ischemic heart disease,380,Particulate matter pollution,3,Rate,2014,73.25355393,107.8183727,43.02970965
1,All Population,3,YLDs (Years Lived with Disability),4873,Uttar Pradesh,2,Female,15,50-54 years,493,Ischemic heart disease,380,Particulate matter pollution,3,Rate,2014,52.39063671,78.0380516,30.7863219
1,All Population,3,YLDs (Years Lived with Disability),4842,Arunachal Pradesh,1,Male,15,50-54 years,493,Ischemic heart disease,91,Lead exposure,3,Rate,2014,42.58871043,60.83016469,25.90905326
1,All Population,3,YLDs (Years Lived with Disability),4842,Arunachal Pradesh,2,Female,15,50-54 years,493,Ischemic heart disease,91,Lead exposure,3,Rate,2014,23.99470873,35.85596322,14.12314627
1,All Population,3,YLDs (Years Lived with Disability),4844,Bihar,1,Male,15,50-54 years,493,Ischemic heart disease,91,Lead exposure,3,Rate,2014,50.12652896,73.79234048,29.11555937
1,All Population,3,YLDs (Years Lived with Disability),4844,Bihar,2,Female,15,50-54 years,493,Ischemic heart disease,91,Lead exposure,3,Rate,2014,32.4428307,49.87549653,19.04727644
1,All Population,3,YLDs (Years Lived with Disability),4849,Delhi,1,Male,15,50-54 years,502,Lower extremity peripheral arterial disease,91,Lead exposure,3,Rate,2014,0.00725855,0.020668696,-0.000817734
1,All Population,3,YLDs (Years Lived with Disability),4849,Delhi,2,Female,15,50-54 years,502,Lower extremity peripheral arterial disease,91,Lead exposure,3,Rate,2014,0.009047729,0.027992493,-0.000929146
1,All Population,3,YLDs (Years Lived with Disability),4856,Karnataka,1,Male,15,50-54 years,494,Stroke,380,Particulate matter pollution,3,Rate,2023,62.40215134,99.49408025,31.78821607
1,All Population,3,YLDs (Years Lived with Disability),4856,Karnataka,2,Female,15,50-54 years,494,Stroke,380,Particulate matter pollution,3,Rate,2023,55.27065459,85.39059765,30.27864233
1,All Population,3,YLDs (Years Lived with Disability),4873,Uttar Pradesh,1,Male,15,50-54 years,494,Stroke,380,Particulate matter pollution,3,Rate,2023,110.3161273,167.2384798,64.46277652
1,All Population,3,YLDs (Years Lived with Disability),4873,Uttar Pradesh,2,Female,15,50-54 years,494,Stroke,380,Particulate matter pollution,3,Rate,2023,128.0529524,197.7500954,73.21085075
1,All Population,3,YLDs (Years Lived with Disability),4874,Uttarakhand,1,Male,15,50-54 years,494,Stroke,380,Particulate matter pollution,3,Rate,2014,95.99137888,143.386967,55.13530423
1,All Population,3,YLDs (Years Lived with Disability),4874,Uttarakhand,2,Female,15,50-54 years,494,Stroke,380,Particulate matter pollution,3,Rate,2014,74.17841485,115.779978,42.51994268
1,All Population,3,YLDs (Years Lived with Disability),4872,Tripura,1,Male,15,50-54 years,500,Atrial fibrillation and flutter,91,Lead exposure,3,Rate,2014,1.238912577,4.341802339,-0.188160664
1,All Population,3,YLDs (Years Lived with Disability),4872,Tripura,2,Female,15,50-54 years,500,Atrial fibrillation and flutter,91,Lead exposure,3,Rate,2014,0.895320455,2.643066807,-0.133406131
1,All Population,3,YLDs (Years Lived with Disability),4863,Mizoram,1,Male,15,50-54 years,498,Hypertensive heart disease,91,Lead exposure,3,Rate,2014,1.290266544,3.368387749,0
1,All Population,3,YLDs (Years Lived with Disability),4863,Mizoram,2,Female,15,50-54 years,498,Hypertensive heart disease,91,Lead exposure,3,Rate,2014,2.246014106,5.143202794,0
1,All Population,3,YLDs (Years Lived with Disability),4870,Tamil Nadu,1,Male,15,50-54 years,502,Lower extremity peripheral arterial disease,91,Lead exposure,3,Rate,2014,0.012854455,0.043373355,-0.001176334
1,All Population,3,YLDs (Years Lived with Disability),4870,Tamil Nadu,2,Female,15,50-54 years,502,Lower extremity peripheral arterial disease,91,Lead exposure,3,Rate,2014,0.015320705,0.049190504,-0.001641576
1,All Population,3,YLDs (Years Lived with Disability),4851,Gujarat,1,Male,15,50-54 years,494,Stroke,380,Particulate matter pollution,3,Rate,2014,93.32976017,146.2348543,54.44367526
1,All Population,3,YLDs (Years Lived with Disability),4851,Gujarat,2,Female,15,50-54 years,494,Stroke,380,Particulate matter pollution,3,Rate,2014,80.99716257,116.994398,45.82529681
1,All Population,3,YLDs (Years Lived with Disability),4855,Jharkhand,1,Male,15,50-54 years,493,Ischemic heart disease,91,Lead exposure,3,Rate,2014,40.43216624,59.64062034,24.49378423
1,All Population,3,YLDs (Years Lived with Disability),4855,Jharkhand,2,Female,15,50-54 years,493,Ischemic heart disease,91,Lead exposure,3,Rate,2014,29.39251251,42.61000934,17.28983746
1,All Population,3,YLDs (Years Lived with Disability),4869,Sikkim,1,Male,15,50-54 years,494,Stroke,380,Particulate matter pollution,3,Rate,2014,75.08759919,116.6450927,42.10959949
1,All Population,3,YLDs (Years Lived with Disability),4869,Sikkim,2,Female,15,50-54 years,494,Stroke,380,Particulate matter pollution,3,Rate,2014,66.09503602,102.2815074,38.59072633
1,All Population,3,YLDs (Years Lived with Disability),4857,Kerala,1,Male,15,50-54 years,493,Ischemic heart disease,91,Lead exposure,3,Rate,2014,79.4054912,115.7710824,47.2111117
1,All Population,3,YLDs (Years Lived with Disability),4857,Kerala,2,Female,15,50-54 years,493,Ischemic heart disease,91,Lead exposure,3,Rate,2014,32.80737691,48.69931156,18.37512348
1,All Population,3,YLDs (Years Lived with Disability),4853,Himachal Pradesh,1,Male,15,50-54 years,494,Stroke,380,Particulate matter pollution,3,Rate,2014,68.15487346,103.8804556,38.17212928
1,All Population,3,YLDs (Years Lived with Disability),4853,Himachal Pradesh,2,Female,15,50-54 years,494,Stroke,380,Particulate matter pollution,3,Rate,2014,60.78022455,96.93549455,33.00023272
1,All Population,3,YLDs (Years Lived with Disability),4860,Maharashtra,1,Male,15,50-54 years,493,Ischemic heart disease,380,Particulate matter pollution,3,Rate,2014,54.67093309,84.6986908,30.85838759
1,All Population,3,YLDs (Years Lived with Disability),4860,Maharashtra,2,Female,15,50-54 years,493,Ischemic heart disease,380,Particulate matter pollution,3,Rate,2014,34.28985556,50.5471523,19.33784235
1,All Population,3,YLDs (Years Lived with Disability),4860,Maharashtra,1,Male,15,50-54 years,494,Stroke,91,Lead exposure,3,Rate,2014,16.6468635,46.02254003,-2.731867906
1,All Population,3,YLDs (Years Lived with Disability),4860,Maharashtra,2,Female,15,50-54 years,494,Stroke,91,Lead exposure,3,Rate,2014,11.89087892,31.17171074,-1.802767791
1,All Population,3,YLDs (Years Lived with Disability),4873,Uttar Pradesh,1,Male,15,50-54 years,494,Stroke,91,Lead exposure,3,Rate,2014,18.40317609,44.98665081,-2.294082223
1,All Population,3,YLDs (Years Lived with Disability),4873,Uttar Pradesh,2,Female,15,50-54 years,494,Stroke,91,Lead exposure,3,Rate,2014,18.89944925,46.17073753,-2.419659326
1,All Population,3,YLDs (Years Lived with Disability),4871,Telangana,1,Male,15,50-54 years,500,Atrial fibrillation and flutter,91,Lead exposure,3,Rate,2014,1.118031694,3.437556738,-0.157625885
1,All Population,3,YLDs (Years Lived with Disability),4871,Telangana,2,Female,15,50-54 years,500,Atrial fibrillation and flutter,91,Lead exposure,3,Rate,2014,0.765810813,2.407214019,-0.112215959
1,All Population,3,YLDs (Years Lived with Disability),4875,West Bengal,1,Male,15,50-54 years,493,Ischemic heart disease,380,Particulate matter pollution,3,Rate,2014,66.99200814,101.2548478,38.97912481
1,All Population,3,YLDs (Years Lived with Disability),4875,West Bengal,2,Female,15,50-54 years,493,Ischemic heart disease,380,Particulate matter pollution,3,Rate,2014,46.78922362,70.67838813,27.80347258
1,All Population,3,YLDs (Years Lived with Disability),4851,Gujarat,1,Male,15,50-54 years,500,Atrial fibrillation and flutter,91,Lead exposure,3,Rate,2014,1.282731931,3.971285191,-0.158728991
1,All Population,3,YLDs (Years Lived with Disability),4851,Gujarat,2,Female,15,50-54 years,500,Atrial fibrillation and flutter,91,Lead exposure,3,Rate,2014,1.027563665,3.210127615,-0.121497838
1,All Population,3,YLDs (Years Lived with Disability),4857,Kerala,1,Male,15,50-54 years,500,Atrial fibrillation and flutter,91,Lead exposure,3,Rate,2014,1.172539734,3.85223323,-0.169014367
1,All Population,3,YLDs (Years Lived with Disability),4857,Kerala,2,Female,15,50-54 years,500,Atrial fibrillation and flutter,91,Lead exposure,3,Rate,2014,0.859831752,2.752268667,-0.121025395
1,All Population,3,YLDs (Years Lived with Disability),4843,Assam,1,Male,15,50-54 years,493,Ischemic heart disease,91,Lead exposure,3,Rate,2014,43.39369022,64.56592437,24.98111739
1,All Population,3,YLDs (Years Lived with Disability),4843,Assam,2,Female,15,50-54 years,493,Ischemic heart disease,91,Lead exposure,3,Rate,2014,27.47643902,40.55183287,16.42529136
1,All Population,3,YLDs (Years Lived with Disability),4870,Tamil Nadu,1,Male,15,50-54 years,502,Lower extremity peripheral arterial disease,91,Lead exposure,3,Rate,2023,0.009939317,0.033155804,-0.000978633
1,All Population,3,YLDs (Years Lived with Disability),4870,Tamil Nadu,2,Female,15,50-54 years,502,Lower extremity peripheral arterial disease,91,Lead exposure,3,Rate,2023,0.012329865,0.038701618,-0.001350915
1,All Population,3,YLDs (Years Lived with Disability),4862,Meghalaya,1,Male,15,50-54 years,494,Stroke,380,Particulate matter pollution,3,Rate,2014,82.73690808,129.704285,45.13109703
1,All Population,3,YLDs (Years Lived with Disability),4862,Meghalaya,2,Female,15,50-54 years,494,Stroke,380,Particulate matter pollution,3,Rate,2014,68.37211953,103.3904738,39.14733541
1,All Population,3,YLDs (Years Lived with Disability),4860,Maharashtra,1,Male,15,50-54 years,502,Lower extremity peripheral arterial disease,91,Lead exposure,3,Rate,2014,0.009215046,0.02885312,-0.001171105
1,All Population,3,YLDs (Years Lived with Disability),4860,Maharashtra,2,Female,15,50-54 years,502,Lower extremity peripheral arterial disease,91,Lead exposure,3,Rate,2014,0.011065183,0.033682693,-0.001315606
1,All Population,3,YLDs (Years Lived with Disability),4850,Goa,1,Male,15,50-54 years,500,Atrial fibrillation and flutter,91,Lead exposure,3,Rate,2014,1.121863203,3.856471438,-0.155501807
1,All Population,3,YLDs (Years Lived with Disability),4850,Goa,2,Female,15,50-54 years,500,Atrial fibrillation and flutter,91,Lead exposure,3,Rate,2014,0.819662407,2.668624368,-0.110773203
1,All Population,3,YLDs (Years Lived with Disability),4846,Chhattisgarh,1,Male,15,50-54 years,493,Ischemic heart disease,91,Lead exposure,3,Rate,2014,50.98729035,76.90037086,30.61503957
1,All Population,3,YLDs (Years Lived with Disability),4846,Chhattisgarh,2,Female,15,50-54 years,493,Ischemic heart disease,91,Lead exposure,3,Rate,2014,30.6426682,45.5485386,18.0141798
1,All Population,3,YLDs (Years Lived with Disability),4857,Kerala,1,Male,15,50-54 years,502,Lower extremity peripheral arterial disease,91,Lead exposure,3,Rate,2014,0.008990385,0.03234899,-0.001288866
1,All Population,3,YLDs (Years Lived with Disability),4857,Kerala,2,Female,15,50-54 years,502,Lower extremity peripheral arterial disease,91,Lead exposure,3,Rate,2014,0.010971407,0.036703907,-0.001411253
1,All Population,3,YLDs (Years Lived with Disability),4853,Himachal Pradesh,1,Male,15,50-54 years,500,Atrial fibrillation and flutter,91,Lead exposure,3,Rate,2014,1.143204602,4.123608733,-0.160711855
1,All Population,3,YLDs (Years Lived with Disability),4853,Himachal Pradesh,2,Female,15,50-54 years,500,Atrial fibrillation and flutter,91,Lead exposure,3,Rate,2014,0.84452434,2.709559846,-0.11402552
1,All Population,3,YLDs (Years Lived with Disability),4873,Uttar Pradesh,1,Male,15,50-54 years,500,Atrial fibrillation and flutter,91,Lead exposure,3,Rate,2023,1.125618062,3.24300358,-0.138098859
1,All Population,3,YLDs (Years Lived with Disability),4873,Uttar Pradesh,2,Female,15,50-54 years,500,Atrial fibrillation and flutter,91,Lead exposure,3,Rate,2023,0.828024304,2.3286514,-0.11045304
1,All Population,3,YLDs (Years Lived with Disability),4859,Madhya Pradesh,1,Male,15,50-54 years,494,Stroke,380,Particulate matter pollution,3,Rate,2023,84.74180831,131.8834555,46.79869183
1,All Population,3,YLDs (Years Lived with Disability),4859,Madhya Pradesh,2,Female,15,50-54 years,494,Stroke,380,Particulate matter pollution,3,Rate,2023,75.79610292,114.0688251,41.93472802
1,All Population,3,YLDs (Years Lived with Disability),4859,Madhya Pradesh,1,Male,15,50-54 years,498,Hypertensive heart disease,91,Lead exposure,3,Rate,2023,0.638425309,1.733318547,0
1,All Population,3,YLDs (Years Lived with Disability),4859,Madhya Pradesh,2,Female,15,50-54 years,498,Hypertensive heart disease,91,Lead exposure,3,Rate,2023,1.27552832,3.295650593,0
1,All Population,3,YLDs (Years Lived with Disability),4869,Sikkim,1,Male,15,50-54 years,500,Atrial fibrillation and flutter,91,Lead exposure,3,Rate,2014,1.240775438,4.180308782,-0.14389722
1,All Population,3,YLDs (Years Lived with Disability),4869,Sikkim,2,Female,15,50-54 years,500,Atrial fibrillation and flutter,91,Lead exposure,3,Rate,2014,0.8547226,2.761845292,-0.085719754
1,All Population,3,YLDs (Years Lived with Disability),4853,Himachal Pradesh,1,Male,15,50-54 years,493,Ischemic heart disease,380,Particulate matter pollution,3,Rate,2014,68.99656209,104.5034632,39.82807264
1,All Population,3,YLDs (Years Lived with Disability),4853,Himachal Pradesh,2,Female,15,50-54 years,493,Ischemic heart disease,380,Particulate matter pollution,3,Rate,2014,38.5171565,57.80004343,22.5817036
1,All Population,3,YLDs (Years Lived with Disability),4853,Himachal Pradesh,1,Male,15,50-54 years,494,Stroke,91,Lead exposure,3,Rate,2014,12.97963821,37.73510414,-2.415470344
1,All Population,3,YLDs (Years Lived with Disability),4853,Himachal Pradesh,2,Female,15,50-54 years,494,Stroke,91,Lead exposure,3,Rate,2014,9.712117109,26.83319672,-1.620754357
1,All Population,3,YLDs (Years Lived with Disability),4871,Telangana,1,Male,15,50-54 years,500,Atrial fibrillation and flutter,91,Lead exposure,3,Rate,2023,1.05101102,3.708070865,-0.158848334
1,All Population,3,YLDs (Years Lived with Disability),4871,Telangana,2,Female,15,50-54 years,500,Atrial fibrillation and flutter,91,Lead exposure,3,Rate,2023,0.713774223,2.225344646,-0.094055033
1,All Population,3,YLDs (Years Lived with Disability),4871,Telangana,1,Male,15,50-54 years,502,Lower extremity peripheral arterial disease,91,Lead exposure,3,Rate,2023,0.008292786,0.03218868,-0.001081968
1,All Population,3,YLDs (Years Lived with Disability),4871,Telangana,2,Female,15,50-54 years,502,Lower extremity peripheral arterial disease,91,Lead exposure,3,Rate,2023,0.009626407,0.033954432,-0.000900635
1,All Population,3,YLDs (Years Lived with Disability),4843,Assam,1,Male,15,50-54 years,498,Hypertensive heart disease,91,Lead exposure,3,Rate,2023,1.122236865,3.008778104,0
1,All Population,3,YLDs (Years Lived with Disability),4843,Assam,2,Female,15,50-54 years,498,Hypertensive heart disease,91,Lead exposure,3,Rate,2023,1.238019617,3.03616899,0
1,All Population,3,YLDs (Years Lived with Disability),4875,West Bengal,1,Male,15,50-54 years,494,Stroke,91,Lead exposure,3,Rate,2023,19.41400729,48.50175143,-2.731130028
1,All Population,3,YLDs (Years Lived with Disability),4875,West Bengal,2,Female,15,50-54 years,494,Stroke,91,Lead exposure,3,Rate,2023,17.48402421,44.09775949,-2.243388043
1,All Population,3,YLDs (Years Lived with Disability),4851,Gujarat,1,Male,15,50-54 years,502,Lower extremity peripheral arterial disease,91,Lead exposure,3,Rate,2014,0.011917964,0.040118591,-0.001645051
1,All Population,3,YLDs (Years Lived with Disability),4851,Gujarat,2,Female,15,50-54 years,502,Lower extremity peripheral arterial disease,91,Lead exposure,3,Rate,2014,0.014733489,0.051802867,-0.001532103
1,All Population,3,YLDs (Years Lived with Disability),4864,Nagaland,1,Male,15,50-54 years,494,Stroke,380,Particulate matter pollution,3,Rate,2014,112.7807779,171.4688835,63.97677848
1,All Population,3,YLDs (Years Lived with Disability),4864,Nagaland,2,Female,15,50-54 years,494,Stroke,380,Particulate matter pollution,3,Rate,2014,78.90722639,120.1010298,44.52707684
1,All Population,3,YLDs (Years Lived with Disability),4873,Uttar Pradesh,1,Male,15,50-54 years,498,Hypertensive heart disease,91,Lead exposure,3,Rate,2014,1.201682167,3.199993249,0
1,All Population,3,YLDs (Years Lived with Disability),4873,Uttar Pradesh,2,Female,15,50-54 years,498,Hypertensive heart disease,91,Lead exposure,3,Rate,2014,1.596481426,4.112994411,0
1,All Population,3,YLDs (Years Lived with Disability),4862,Meghalaya,1,Male,15,50-54 years,493,Ischemic heart disease,380,Particulate matter pollution,3,Rate,2014,45.30030678,70.0398229,27.40369791
1,All Population,3,YLDs (Years Lived with Disability),4862,Meghalaya,2,Female,15,50-54 years,493,Ischemic heart disease,380,Particulate matter pollution,3,Rate,2014,30.79748914,47.23746036,17.1071926
1,All Population,3,YLDs (Years Lived with Disability),4862,Meghalaya,1,Male,15,50-54 years,494,Stroke,91,Lead exposure,3,Rate,2014,16.54720384,44.52782814,-3.048649044
1,All Population,3,YLDs (Years Lived with Disability),4862,Meghalaya,2,Female,15,50-54 years,494,Stroke,91,Lead exposure,3,Rate,2014,11.95925865,31.51833231,-1.961215403
1,All Population,3,YLDs (Years Lived with Disability),4869,Sikkim,1,Male,15,50-54 years,493,Ischemic heart disease,91,Lead exposure,3,Rate,2014,51.35732234,76.10459572,30.92437681
1,All Population,3,YLDs (Years Lived with Disability),4869,Sikkim,2,Female,15,50-54 years,493,Ischemic heart disease,91,Lead exposure,3,Rate,2014,29.36945656,43.66265984,17.38000435
1,All Population,3,YLDs (Years Lived with Disability),4863,Mizoram,1,Male,15,50-54 years,493,Ischemic heart disease,380,Particulate matter pollution,3,Rate,2023,24.35485086,37.18725754,13.39087554
1,All Population,3,YLDs (Years Lived with Disability),4863,Mizoram,2,Female,15,50-54 years,493,Ischemic heart disease,380,Particulate matter pollution,3,Rate,2023,14.47857343,21.99260871,7.892483879
1,All Population,3,YLDs (Years Lived with Disability),4863,Mizoram,1,Male,15,50-54 years,494,Stroke,91,Lead exposure,3,Rate,2023,12.05873856,32.08187514,-2.250281345
1,All Population,3,YLDs (Years Lived with Disability),4863,Mizoram,2,Female,15,50-54 years,494,Stroke,91,Lead exposure,3,Rate,2023,7.984455602,21.44383118,-1.308013329
1,All Population,3,YLDs (Years Lived with Disability),4875,West Bengal,1,Male,15,50-54 years,494,Stroke,91,Lead exposure,3,Rate,2014,22.44014491,55.14867712,-3.116313856
1,All Population,3,YLDs (Years Lived with Disability),4875,West Bengal,2,Female,15,50-54 years,494,Stroke,91,Lead exposure,3,Rate,2014,19.20569012,45.36439318,-2.653231561
1,All Population,3,YLDs (Years Lived with Disability),4861,Manipur,1,Male,15,50-54 years,494,Stroke,91,Lead exposure,3,Rate,2023,18.43761081,51.37170234,-3.197072986
1,All Population,3,YLDs (Years Lived with Disability),4861,Manipur,2,Female,15,50-54 years,494,Stroke,91,Lead exposure,3,Rate,2023,11.86873839,31.98403868,-1.694687295
1,All Population,3,YLDs (Years Lived with Disability),4860,Maharashtra,1,Male,15,50-54 years,494,Stroke,380,Particulate matter pollution,3,Rate,2014,82.85120921,134.2829768,46.72614405
1,All Population,3,YLDs (Years Lived with Disability),4860,Maharashtra,2,Female,15,50-54 years,494,Stroke,380,Particulate matter pollution,3,Rate,2014,68.21159955,104.3880436,37.83035408
1,All Population,3,YLDs (Years Lived with Disability),4874,Uttarakhand,1,Male,15,50-54 years,500,Atrial fibrillation and flutter,91,Lead exposure,3,Rate,2014,1.168448406,3.755951529,-0.12366474
1,All Population,3,YLDs (Years Lived with Disability),4874,Uttarakhand,2,Female,15,50-54 years,500,Atrial fibrillation and flutter,91,Lead exposure,3,Rate,2014,0.847679785,2.639419209,-0.098024294
1,All Population,3,YLDs (Years Lived with Disability),4856,Karnataka,1,Male,15,50-54 years,493,Ischemic heart disease,91,Lead exposure,3,Rate,2014,69.51413626,105.3230152,42.27164259
1,All Population,3,YLDs (Years Lived with Disability),4856,Karnataka,2,Female,15,50-54 years,493,Ischemic heart disease,91,Lead exposure,3,Rate,2014,43.70804146,62.94044531,26.32471738
1,All Population,3,YLDs (Years Lived with Disability),4856,Karnataka,1,Male,15,50-54 years,500,Atrial fibrillation and flutter,91,Lead exposure,3,Rate,2023,1.342613982,4.117904956,-0.181400606
1,All Population,3,YLDs (Years Lived with Disability),4856,Karnataka,2,Female,15,50-54 years,500,Atrial fibrillation and flutter,91,Lead exposure,3,Rate,2023,1.064429725,3.345953239,-0.124359242
1,All Population,3,YLDs (Years Lived with Disability),4869,Sikkim,1,Male,15,50-54 years,502,Lower extremity peripheral arterial disease,91,Lead exposure,3,Rate,2014,0.008437866,0.03393047,-0.000939752
1,All Population,3,YLDs (Years Lived with Disability),4869,Sikkim,2,Female,15,50-54 years,502,Lower extremity peripheral arterial disease,91,Lead exposure,3,Rate,2014,0.007698419,0.029234643,-0.000880822
1,All Population,3,YLDs (Years Lived with Disability),4874,Uttarakhand,1,Male,15,50-54 years,494,Stroke,380,Particulate matter pollution,3,Rate,2023,90.06550539,139.4434653,50.03026206
1,All Population,3,YLDs (Years Lived with Disability),4874,Uttarakhand,2,Female,15,50-54 years,494,Stroke,380,Particulate matter pollution,3,Rate,2023,70.77935499,107.057962,40.72499282
1,All Population,3,YLDs (Years Lived with Disability),4872,Tripura,1,Male,15,50-54 years,494,Stroke,380,Particulate matter pollution,3,Rate,2023,130.6557552,202.8634812,74.0272605
1,All Population,3,YLDs (Years Lived with Disability),4872,Tripura,2,Female,15,50-54 years,494,Stroke,380,Particulate matter pollution,3,Rate,2023,98.02044893,155.4652348,51.86115394
1,All Population,3,YLDs (Years Lived with Disability),4871,Telangana,1,Male,15,50-54 years,502,Lower extremity peripheral arterial disease,91,Lead exposure,3,Rate,2014,0.010499199,0.039540857,-0.00099773
1,All Population,3,YLDs (Years Lived with Disability),4871,Telangana,2,Female,15,50-54 years,502,Lower extremity peripheral arterial disease,91,Lead exposure,3,Rate,2014,0.012124737,0.046139819,-0.001445802
1,All Population,3,YLDs (Years Lived with Disability),4850,Goa,1,Male,15,50-54 years,502,Lower extremity peripheral arterial disease,91,Lead exposure,3,Rate,2014,0.008522865,0.031725471,-0.001203668
1,All Population,3,YLDs (Years Lived with Disability),4850,Goa,2,Female,15,50-54 years,502,Lower extremity peripheral arterial disease,91,Lead exposure,3,Rate,2014,0.010165149,0.036222492,-0.001436344
1,All Population,3,YLDs (Years Lived with Disability),4872,Tripura,1,Male,15,50-54 years,502,Lower extremity peripheral arterial disease,91,Lead exposure,3,Rate,2014,0.011021076,0.03847004,-0.001085034
1,All Population,3,YLDs (Years Lived with Disability),4872,Tripura,2,Female,15,50-54 years,502,Lower extremity peripheral arterial disease,91,Lead exposure,3,Rate,2014,0.012222174,0.039277626,-0.001384657
1,All Population,3,YLDs (Years Lived with Disability),4864,Nagaland,1,Male,15,50-54 years,493,Ischemic heart disease,380,Particulate matter pollution,3,Rate,2014,47.91114861,72.11470434,27.92640818
1,All Population,3,YLDs (Years Lived with Disability),4864,Nagaland,2,Female,15,50-54 years,493,Ischemic heart disease,380,Particulate matter pollution,3,Rate,2014,37.81937737,56.38479889,21.59837314
1,All Population,3,YLDs (Years Lived with Disability),4864,Nagaland,1,Male,15,50-54 years,494,Stroke,91,Lead exposure,3,Rate,2014,22.38072112,54.95948927,-3.217220348
1,All Population,3,YLDs (Years Lived with Disability),4864,Nagaland,2,Female,15,50-54 years,494,Stroke,91,Lead exposure,3,Rate,2014,12.98663159,35.05124946,-1.744089108
1,All Population,3,YLDs (Years Lived with Disability),4862,Meghalaya,1,Male,15,50-54 years,500,Atrial fibrillation and flutter,91,Lead exposure,3,Rate,2014,1.262244943,4.029791532,-0.152746955
1,All Population,3,YLDs (Years Lived with Disability),4862,Meghalaya,2,Female,15,50-54 years,500,Atrial fibrillation and flutter,91,Lead exposure,3,Rate,2014,0.928610749,3.075039961,-0.136853185
1,All Population,3,YLDs (Years Lived with Disability),4853,Himachal Pradesh,1,Male,15,50-54 years,498,Hypertensive heart disease,91,Lead exposure,3,Rate,2014,0.682649952,1.982638293,0
1,All Population,3,YLDs (Years Lived with Disability),4853,Himachal Pradesh,2,Female,15,50-54 years,498,Hypertensive heart disease,91,Lead exposure,3,Rate,2014,1.083920954,2.768253294,0
1,All Population,3,YLDs (Years Lived with Disability),4874,Uttarakhand,1,Male,15,50-54 years,498,Hypertensive heart disease,91,Lead exposure,3,Rate,2023,0.602612513,1.534772634,0
1,All Population,3,YLDs (Years Lived with Disability),4874,Uttarakhand,2,Female,15,50-54 years,498,Hypertensive heart disease,91,Lead exposure,3,Rate,2023,1.042087555,2.594454348,0
1,All Population,3,YLDs (Years Lived with Disability),4875,West Bengal,1,Male,15,50-54 years,498,Hypertensive heart disease,91,Lead exposure,3,Rate,2023,0.627006783,1.660513841,0
1,All Population,3,YLDs (Years Lived with Disability),4875,West Bengal,2,Female,15,50-54 years,498,Hypertensive heart disease,91,Lead exposure,3,Rate,2023,1.007022637,2.481960575,0
1,All Population,3,YLDs (Years Lived with Disability),4872,Tripura,1,Male,15,50-54 years,500,Atrial fibrillation and flutter,91,Lead exposure,3,Rate,2023,1.061838547,3.065125293,-0.156584019
1,All Population,3,YLDs (Years Lived with Disability),4872,Tripura,2,Female,15,50-54 years,500,Atrial fibrillation and flutter,91,Lead exposure,3,Rate,2023,0.791843953,2.354148854,-0.115238108
1,All Population,3,YLDs (Years Lived with Disability),4846,Chhattisgarh,1,Male,15,50-54 years,502,Lower extremity peripheral arterial disease,91,Lead exposure,3,Rate,2014,0.010321598,0.032523284,-0.001080561
1,All Population,3,YLDs (Years Lived with Disability),4846,Chhattisgarh,2,Female,15,50-54 years,502,Lower extremity peripheral arterial disease,91,Lead exposure,3,Rate,2014,0.012529169,0.044881563,-0.001302235
1,All Population,3,YLDs (Years Lived with Disability),4862,Meghalaya,1,Male,15,50-54 years,498,Hypertensive heart disease,91,Lead exposure,3,Rate,2014,1.213270256,2.862461102,0
1,All Population,3,YLDs (Years Lived with Disability),4862,Meghalaya,2,Female,15,50-54 years,498,Hypertensive heart disease,91,Lead exposure,3,Rate,2014,1.614640021,3.931975185,0
1,All Population,3,YLDs (Years Lived with Disability),4861,Manipur,1,Male,15,50-54 years,498,Hypertensive heart disease,91,Lead exposure,3,Rate,2023,1.020124133,2.528838467,0
1,All Population,3,YLDs (Years Lived with Disability),4861,Manipur,2,Female,15,50-54 years,498,Hypertensive heart disease,91,Lead exposure,3,Rate,2023,1.487834873,3.22151899,0
1,All Population,3,YLDs (Years Lived with Disability),4860,Maharashtra,1,Male,15,50-54 years,498,Hypertensive heart disease,91,Lead exposure,3,Rate,2014,0.643638082,1.674377755,0
1,All Population,3,YLDs (Years Lived with Disability),4860,Maharashtra,2,Female,15,50-54 years,498,Hypertensive heart disease,91,Lead exposure,3,Rate,2014,1.266502475,2.873505343,0
1,All Population,3,YLDs (Years Lived with Disability),4861,Manipur,1,Male,15,50-54 years,494,Stroke,380,Particulate matter pollution,3,Rate,2014,94.15295986,148.006045,53.15141697
1,All Population,3,YLDs (Years Lived with Disability),4861,Manipur,2,Female,15,50-54 years,494,Stroke,380,Particulate matter pollution,3,Rate,2014,72.33954417,110.4715335,41.42793771
1,All Population,3,YLDs (Years Lived with Disability),4854,Jammu & Kashmir and Ladakh,1,Male,15,50-54 years,493,Ischemic heart disease,91,Lead exposure,3,Rate,2014,51.29218648,77.98352892,30.2918548
1,All Population,3,YLDs (Years Lived with Disability),4854,Jammu & Kashmir and Ladakh,2,Female,15,50-54 years,493,Ischemic heart disease,91,Lead exposure,3,Rate,2014,34.1901787,50.36073697,19.86691968
1,All Population,3,YLDs (Years Lived with Disability),44538,Other Union Territories,1,Male,15,50-54 years,494,Stroke,380,Particulate matter pollution,3,Rate,2023,44.42746201,71.21563735,22.89150524
1,All Population,3,YLDs (Years Lived with Disability),44538,Other Union Territories,2,Female,15,50-54 years,494,Stroke,380,Particulate matter pollution,3,Rate,2023,44.61849948,71.67379331,23.84117851
1,All Population,3,YLDs (Years Lived with Disability),4867,Punjab,1,Male,15,50-54 years,493,Ischemic heart disease,380,Particulate matter pollution,3,Rate,2014,84.20347586,129.1923753,46.93175863
1,All Population,3,YLDs (Years Lived with Disability),4867,Punjab,2,Female,15,50-54 years,493,Ischemic heart disease,380,Particulate matter pollution,3,Rate,2014,55.03173894,80.75233264,32.10888494
1,All Population,3,YLDs (Years Lived with Disability),4867,Punjab,1,Male,15,50-54 years,494,Stroke,91,Lead exposure,3,Rate,2014,11.29366721,28.55815728,-1.732399322
1,All Population,3,YLDs (Years Lived with Disability),4867,Punjab,2,Female,15,50-54 years,494,Stroke,91,Lead exposure,3,Rate,2014,8.82495332,21.36778337,-1.325360797
1,All Population,3,YLDs (Years Lived with Disability),4864,Nagaland,1,Male,15,50-54 years,498,Hypertensive heart disease,91,Lead exposure,3,Rate,2014,0.974640557,2.376125947,0
1,All Population,3,YLDs (Years Lived with Disability),4864,Nagaland,2,Female,15,50-54 years,498,Hypertensive heart disease,91,Lead exposure,3,Rate,2014,1.220792851,3.07357378,0
1,All Population,3,YLDs (Years Lived with Disability),4852,Haryana,1,Male,15,50-54 years,494,Stroke,380,Particulate matter pollution,3,Rate,2014,102.3310604,154.1320794,59.49313443
1,All Population,3,YLDs (Years Lived with Disability),4852,Haryana,2,Female,15,50-54 years,494,Stroke,380,Particulate matter pollution,3,Rate,2014,96.20547616,147.0210391,55.03452691
1,All Population,3,YLDs (Years Lived with Disability),4873,Uttar Pradesh,1,Male,15,50-54 years,494,Stroke,380,Particulate matter pollution,3,Rate,2014,100.2489646,154.0226672,57.02648723
1,All Population,3,YLDs (Years Lived with Disability),4873,Uttar Pradesh,2,Female,15,50-54 years,494,Stroke,380,Particulate matter pollution,3,Rate,2014,115.6304987,178.6696441,68.16318524
1,All Population,3,YLDs (Years Lived with Disability),4869,Sikkim,1,Male,15,50-54 years,493,Ischemic heart disease,380,Particulate matter pollution,3,Rate,2014,56.86640324,85.49500707,31.61685184
1,All Population,3,YLDs (Years Lived with Disability),4869,Sikkim,2,Female,15,50-54 years,493,Ischemic heart disease,380,Particulate matter pollution,3,Rate,2014,36.15301359,55.5647107,20.48411126
1,All Population,3,YLDs (Years Lived with Disability),4859,Madhya Pradesh,1,Male,15,50-54 years,502,Lower extremity peripheral arterial disease,91,Lead exposure,3,Rate,2014,0.01032561,0.036276607,-0.001081563
1,All Population,3,YLDs (Years Lived with Disability),4859,Madhya Pradesh,2,Female,15,50-54 years,502,Lower extremity peripheral arterial disease,91,Lead exposure,3,Rate,2014,0.012831212,0.043917032,-0.001632557
1,All Population,3,YLDs (Years Lived with Disability),4871,Telangana,1,Male,15,50-54 years,493,Ischemic heart disease,91,Lead exposure,3,Rate,2014,65.58267161,95.308456,39.9354439
1,All Population,3,YLDs (Years Lived with Disability),4871,Telangana,2,Female,15,50-54 years,493,Ischemic heart disease,91,Lead exposure,3,Rate,2014,36.73632002,53.95213937,21.86898901
1,All Population,3,YLDs (Years Lived with Disability),4875,West Bengal,1,Male,15,50-54 years,500,Atrial fibrillation and flutter,91,Lead exposure,3,Rate,2014,1.082883877,3.468298807,-0.157574778
1,All Population,3,YLDs (Years Lived with Disability),4875,West Bengal,2,Female,15,50-54 years,500,Atrial fibrillation and flutter,91,Lead exposure,3,Rate,2014,0.854440123,2.860448402,-0.140835317
1,All Population,3,YLDs (Years Lived with Disability),44538,Other Union Territories,1,Male,15,50-54 years,500,Atrial fibrillation and flutter,91,Lead exposure,3,Rate,2023,0.987509899,2.937757969,-0.210129549
1,All Population,3,YLDs (Years Lived with Disability),44538,Other Union Territories,2,Female,15,50-54 years,500,Atrial fibrillation and flutter,91,Lead exposure,3,Rate,2023,0.707324273,2.175931596,-0.10013547
1,All Population,3,YLDs (Years Lived with Disability),4873,Uttar Pradesh,1,Male,15,50-54 years,493,Ischemic heart disease,91,Lead exposure,3,Rate,2014,61.66133853,89.47135433,38.15144817
1,All Population,3,YLDs (Years Lived with Disability),4873,Uttar Pradesh,2,Female,15,50-54 years,493,Ischemic heart disease,91,Lead exposure,3,Rate,2014,41.59179506,60.42126276,25.8824605
1,All Population,3,YLDs (Years Lived with Disability),4860,Maharashtra,1,Male,15,50-54 years,500,Atrial fibrillation and flutter,91,Lead exposure,3,Rate,2014,1.075578466,3.123126924,-0.162905285
1,All Population,3,YLDs (Years Lived with Disability),4860,Maharashtra,2,Female,15,50-54 years,500,Atrial fibrillation and flutter,91,Lead exposure,3,Rate,2014,0.794598825,2.323029334,-0.118963622
1,All Population,3,YLDs (Years Lived with Disability),4873,Uttar Pradesh,1,Male,15,50-54 years,500,Atrial fibrillation and flutter,91,Lead exposure,3,Rate,2014,1.20023186,3.201000688,-0.123661309
1,All Population,3,YLDs (Years Lived with Disability),4873,Uttar Pradesh,2,Female,15,50-54 years,500,Atrial fibrillation and flutter,91,Lead exposure,3,Rate,2014,0.934990616,2.782777499,-0.106599702
1,All Population,3,YLDs (Years Lived with Disability),4875,West Bengal,1,Male,15,50-54 years,494,Stroke,380,Particulate matter pollution,3,Rate,2014,135.2158022,200.6227155,75.96824776
1,All Population,3,YLDs (Years Lived with Disability),4875,West Bengal,2,Female,15,50-54 years,494,Stroke,380,Particulate matter pollution,3,Rate,2014,126.6278498,191.7297465,73.66285976
1,All Population,3,YLDs (Years Lived with Disability),4875,West Bengal,1,Male,15,50-54 years,498,Hypertensive heart disease,91,Lead exposure,3,Rate,2014,0.688613323,1.762526028,0
1,All Population,3,YLDs (Years Lived with Disability),4875,West Bengal,2,Female,15,50-54 years,498,Hypertensive heart disease,91,Lead exposure,3,Rate,2014,1.077544731,2.428494181,0
1,All Population,3,YLDs (Years Lived with Disability),44538,Other Union Territories,1,Male,15,50-54 years,494,Stroke,380,Particulate matter pollution,3,Rate,2014,50.44371568,78.0654257,26.43393984
1,All Population,3,YLDs (Years Lived with Disability),44538,Other Union Territories,2,Female,15,50-54 years,494,Stroke,380,Particulate matter pollution,3,Rate,2014,50.18330802,80.44792904,28.22107656
1,All Population,3,YLDs (Years Lived with Disability),44538,Other Union Territories,1,Male,15,50-54 years,498,Hypertensive heart disease,91,Lead exposure,3,Rate,2014,0.694832512,1.687249694,0
1,All Population,3,YLDs (Years Lived with Disability),44538,Other Union Territories,2,Female,15,50-54 years,498,Hypertensive heart disease,91,Lead exposure,3,Rate,2014,1.292559431,2.864383776,0
1,All Population,3,YLDs (Years Lived with Disability),4863,Mizoram,1,Male,15,50-54 years,494,Stroke,380,Particulate matter pollution,3,Rate,2014,56.37133213,88.32987687,30.70592936
1,All Population,3,YLDs (Years Lived with Disability),4863,Mizoram,2,Female,15,50-54 years,494,Stroke,380,Particulate matter pollution,3,Rate,2014,48.55966311,76.2438754,26.84805243
1,All Population,3,YLDs (Years Lived with Disability),4861,Manipur,1,Male,15,50-54 years,500,Atrial fibrillation and flutter,91,Lead exposure,3,Rate,2014,1.269077852,4.084808339,-0.203287521
1,All Population,3,YLDs (Years Lived with Disability),4861,Manipur,2,Female,15,50-54 years,500,Atrial fibrillation and flutter,91,Lead exposure,3,Rate,2014,0.918850872,2.832133446,-0.167837471
1,All Population,3,YLDs (Years Lived with Disability),4875,West Bengal,1,Male,15,50-54 years,502,Lower extremity peripheral arterial disease,91,Lead exposure,3,Rate,2014,0.009549861,0.032404491,-0.001066443
1,All Population,3,YLDs (Years Lived with Disability),4875,West Bengal,2,Female,15,50-54 years,502,Lower extremity peripheral arterial disease,91,Lead exposure,3,Rate,2014,0.011490397,0.038102105,-0.001519594
1,All Population,3,YLDs (Years Lived with Disability),4852,Haryana,1,Male,15,50-54 years,500,Atrial fibrillation and flutter,91,Lead exposure,3,Rate,2014,1.071025084,3.437690366,-0.143306198
1,All Population,3,YLDs (Years Lived with Disability),4852,Haryana,2,Female,15,50-54 years,500,Atrial fibrillation and flutter,91,Lead exposure,3,Rate,2014,0.773407109,2.529763151,-0.12601173
1,All Population,3,YLDs (Years Lived with Disability),4867,Punjab,1,Male,15,50-54 years,498,Hypertensive heart disease,91,Lead exposure,3,Rate,2014,0.418645519,1.113753709,0
1,All Population,3,YLDs (Years Lived with Disability),4867,Punjab,2,Female,15,50-54 years,498,Hypertensive heart disease,91,Lead exposure,3,Rate,2014,0.620933647,1.618594896,0
1,All Population,3,YLDs (Years Lived with Disability),4873,Uttar Pradesh,1,Male,15,50-54 years,502,Lower extremity peripheral arterial disease,91,Lead exposure,3,Rate,2014,0.012570038,0.04179272,-0.001549992
1,All Population,3,YLDs (Years Lived with Disability),4873,Uttar Pradesh,2,Female,15,50-54 years,502,Lower extremity peripheral arterial disease,91,Lead exposure,3,Rate,2014,0.015841068,0.051359988,-0.002064014
1,All Population,3,YLDs (Years Lived with Disability),4872,Tripura,1,Male,15,50-54 years,493,Ischemic heart disease,91,Lead exposure,3,Rate,2014,52.3612384,76.20026506,30.94173948
1,All Population,3,YLDs (Years Lived with Disability),4872,Tripura,2,Female,15,50-54 years,493,Ischemic heart disease,91,Lead exposure,3,Rate,2014,31.26157612,45.42237157,18.00610197
1,All Population,3,YLDs (Years Lived with Disability),4870,Tamil Nadu,1,Male,15,50-54 years,493,Ischemic heart disease,91,Lead exposure,3,Rate,2014,76.32728863,113.8802622,46.21469703
1,All Population,3,YLDs (Years Lived with Disability),4870,Tamil Nadu,2,Female,15,50-54 years,493,Ischemic heart disease,91,Lead exposure,3,Rate,2014,39.34643169,57.46121961,24.0080688
1,All Population,3,YLDs (Years Lived with Disability),4863,Mizoram,1,Male,15,50-54 years,500,Atrial fibrillation and flutter,91,Lead exposure,3,Rate,2014,1.197777025,4.075571166,-0.204202475
1,All Population,3,YLDs (Years Lived with Disability),4863,Mizoram,2,Female,15,50-54 years,500,Atrial fibrillation and flutter,91,Lead exposure,3,Rate,2014,0.832240609,2.751465655,-0.170738683
1,All Population,3,YLDs (Years Lived with Disability),4861,Manipur,1,Male,15,50-54 years,502,Lower extremity peripheral arterial disease,91,Lead exposure,3,Rate,2014,0.01218545,0.041871931,-0.002226805
1,All Population,3,YLDs (Years Lived with Disability),4861,Manipur,2,Female,15,50-54 years,502,Lower extremity peripheral arterial disease,91,Lead exposure,3,Rate,2014,0.015753689,0.047814828,-0.002495074
1,All Population,3,YLDs (Years Lived with Disability),4865,Odisha,1,Male,15,50-54 years,493,Ischemic heart disease,380,Particulate matter pollution,3,Rate,2014,48.06975507,71.57594192,27.1232096
1,All Population,3,YLDs (Years Lived with Disability),4865,Odisha,2,Female,15,50-54 years,493,Ischemic heart disease,380,Particulate matter pollution,3,Rate,2014,31.92727509,48.12744228,18.07565041
1,All Population,3,YLDs (Years Lived with Disability),4865,Odisha,1,Male,15,50-54 years,494,Stroke,91,Lead exposure,3,Rate,2014,18.23663357,48.88126726,-3.022105801
1,All Population,3,YLDs (Years Lived with Disability),4865,Odisha,2,Female,15,50-54 years,494,Stroke,91,Lead exposure,3,Rate,2014,13.4155641,35.19324276,-1.996537655
1,All Population,3,YLDs (Years Lived with Disability),44538,Other Union Territories,1,Male,15,50-54 years,500,Atrial fibrillation and flutter,91,Lead exposure,3,Rate,2014,1.109562326,3.635520738,-0.153264184
1,All Population,3,YLDs (Years Lived with Disability),44538,Other Union Territories,2,Female,15,50-54 years,500,Atrial fibrillation and flutter,91,Lead exposure,3,Rate,2014,0.792263248,2.592431862,-0.118520551
1,All Population,3,YLDs (Years Lived with Disability),4874,Uttarakhand,1,Male,15,50-54 years,502,Lower extremity peripheral arterial disease,91,Lead exposure,3,Rate,2014,0.010631756,0.034056278,-0.001055498
1,All Population,3,YLDs (Years Lived with Disability),4874,Uttarakhand,2,Female,15,50-54 years,502,Lower extremity peripheral arterial disease,91,Lead exposure,3,Rate,2014,0.01329514,0.042373862,-0.001315205
1,All Population,3,YLDs (Years Lived with Disability),44538,Other Union Territories,1,Male,15,50-54 years,502,Lower extremity peripheral arterial disease,91,Lead exposure,3,Rate,2014,0.010321145,0.036859183,-0.001345474
1,All Population,3,YLDs (Years Lived with Disability),44538,Other Union Territories,2,Female,15,50-54 years,502,Lower extremity peripheral arterial disease,91,Lead exposure,3,Rate,2014,0.012746208,0.03866329,-0.002107256
1,All Population,3,YLDs (Years Lived with Disability),44538,Other Union Territories,1,Male,15,50-54 years,493,Ischemic heart disease,91,Lead exposure,3,Rate,2014,57.38482008,83.38999353,33.72782486
1,All Population,3,YLDs (Years Lived with Disability),44538,Other Union Territories,2,Female,15,50-54 years,493,Ischemic heart disease,91,Lead exposure,3,Rate,2014,33.17095179,47.83466321,19.88145642
1,All Population,3,YLDs (Years Lived with Disability),4865,Odisha,1,Male,15,50-54 years,498,Hypertensive heart disease,91,Lead exposure,3,Rate,2014,1.413780451,3.648442086,0
1,All Population,3,YLDs (Years Lived with Disability),4865,Odisha,2,Female,15,50-54 years,498,Hypertensive heart disease,91,Lead exposure,3,Rate,2014,1.553782811,3.817684862,0
1,All Population,3,YLDs (Years Lived with Disability),4868,Rajasthan,1,Male,15,50-54 years,493,Ischemic heart disease,380,Particulate matter pollution,3,Rate,2014,81.941857,127.2672484,48.61334354
1,All Population,3,YLDs (Years Lived with Disability),4868,Rajasthan,2,Female,15,50-54 years,493,Ischemic heart disease,380,Particulate matter pollution,3,Rate,2014,45.77615193,68.35617871,27.52046579
1,All Population,3,YLDs (Years Lived with Disability),4868,Rajasthan,1,Male,15,50-54 years,494,Stroke,91,Lead exposure,3,Rate,2014,8.071969154,20.68679097,-1.183162263
1,All Population,3,YLDs (Years Lived with Disability),4868,Rajasthan,2,Female,15,50-54 years,494,Stroke,91,Lead exposure,3,Rate,2014,5.514408844,13.78952104,-0.778400747
1,All Population,3,YLDs (Years Lived with Disability),4841,Andhra Pradesh,1,Male,15,50-54 years,494,Stroke,91,Lead exposure,3,Rate,2014,13.80556216,37.57916995,-1.998444157
1,All Population,3,YLDs (Years Lived with Disability),4841,Andhra Pradesh,2,Female,15,50-54 years,494,Stroke,91,Lead exposure,3,Rate,2014,10.71332035,29.64948858,-1.416040853
1,All Population,3,YLDs (Years Lived with Disability),4854,Jammu & Kashmir and Ladakh,1,Male,15,50-54 years,493,Ischemic heart disease,380,Particulate matter pollution,3,Rate,2014,58.54028568,89.41380765,33.89087501
1,All Population,3,YLDs (Years Lived with Disability),4854,Jammu & Kashmir and Ladakh,2,Female,15,50-54 years,493,Ischemic heart disease,380,Particulate matter pollution,3,Rate,2014,42.25623594,64.53355657,24.08493037
1,All Population,3,YLDs (Years Lived with Disability),4850,Goa,1,Male,15,50-54 years,493,Ischemic heart disease,91,Lead exposure,3,Rate,2014,55.16550493,80.91315183,32.98923599
1,All Population,3,YLDs (Years Lived with Disability),4850,Goa,2,Female,15,50-54 years,493,Ischemic heart disease,91,Lead exposure,3,Rate,2014,32.63416461,49.17232785,19.55958993
1,All Population,3,YLDs (Years Lived with Disability),4852,Haryana,1,Male,15,50-54 years,502,Lower extremity peripheral arterial disease,91,Lead exposure,3,Rate,2014,0.00964544,0.034318842,-0.000964878
1,All Population,3,YLDs (Years Lived with Disability),4852,Haryana,2,Female,15,50-54 years,502,Lower extremity peripheral arterial disease,91,Lead exposure,3,Rate,2014,0.01175319,0.041475922,-0.001104062
1,All Population,3,YLDs (Years Lived with Disability),4841,Andhra Pradesh,1,Male,15,50-54 years,498,Hypertensive heart disease,91,Lead exposure,3,Rate,2014,0.579748208,1.565626751,0
1,All Population,3,YLDs (Years Lived with Disability),4841,Andhra Pradesh,2,Female,15,50-54 years,498,Hypertensive heart disease,91,Lead exposure,3,Rate,2014,0.99800057,2.239107465,0
1,All Population,3,YLDs (Years Lived with Disability),4843,Assam,1,Male,15,50-54 years,493,Ischemic heart disease,380,Particulate matter pollution,3,Rate,2014,50.59794051,76.23636063,28.4443595
1,All Population,3,YLDs (Years Lived with Disability),4843,Assam,2,Female,15,50-54 years,493,Ischemic heart disease,380,Particulate matter pollution,3,Rate,2014,35.54424772,54.0315509,19.4320607
1,All Population,3,YLDs (Years Lived with Disability),4843,Assam,1,Male,15,50-54 years,494,Stroke,91,Lead exposure,3,Rate,2014,23.61632451,65.3831517,-3.847860478
1,All Population,3,YLDs (Years Lived with Disability),4843,Assam,2,Female,15,50-54 years,494,Stroke,91,Lead exposure,3,Rate,2014,14.47201899,37.09222133,-1.919316615
1,All Population,3,YLDs (Years Lived with Disability),4849,Delhi,1,Male,15,50-54 years,493,Ischemic heart disease,91,Lead exposure,3,Rate,2014,47.38329566,71.27633313,27.35326176
1,All Population,3,YLDs (Years Lived with Disability),4849,Delhi,2,Female,15,50-54 years,493,Ischemic heart disease,91,Lead exposure,3,Rate,2014,27.18515062,40.10229159,15.83154686
1,All Population,3,YLDs (Years Lived with Disability),4859,Madhya Pradesh,1,Male,15,50-54 years,493,Ischemic heart disease,91,Lead exposure,3,Rate,2014,57.15722554,86.74260237,34.64261775
1,All Population,3,YLDs (Years Lived with Disability),4859,Madhya Pradesh,2,Female,15,50-54 years,493,Ischemic heart disease,91,Lead exposure,3,Rate,2014,30.0371743,44.15328699,18.18794768
1,All Population,3,YLDs (Years Lived with Disability),4854,Jammu & Kashmir and Ladakh,1,Male,15,50-54 years,494,Stroke,91,Lead exposure,3,Rate,2014,10.74947836,26.04029604,-1.913500552
1,All Population,3,YLDs (Years Lived with Disability),4854,Jammu & Kashmir and Ladakh,2,Female,15,50-54 years,494,Stroke,91,Lead exposure,3,Rate,2014,8.491945914,21.77398789,-1.50825541
1,All Population,3,YLDs (Years Lived with Disability),4843,Assam,1,Male,15,50-54 years,498,Hypertensive heart disease,91,Lead exposure,3,Rate,2014,1.202288129,3.243408468,0
1,All Population,3,YLDs (Years Lived with Disability),4843,Assam,2,Female,15,50-54 years,498,Hypertensive heart disease,91,Lead exposure,3,Rate,2014,1.396256872,3.617526476,0
1,All Population,3,YLDs (Years Lived with Disability),4851,Gujarat,1,Male,15,50-54 years,493,Ischemic heart disease,91,Lead exposure,3,Rate,2014,70.97857032,103.6961185,41.98181243
1,All Population,3,YLDs (Years Lived with Disability),4851,Gujarat,2,Female,15,50-54 years,493,Ischemic heart disease,91,Lead exposure,3,Rate,2014,39.13140886,56.13258619,24.37107959
1,All Population,3,YLDs (Years Lived with Disability),4842,Arunachal Pradesh,1,Male,15,50-54 years,493,Ischemic heart disease,380,Particulate matter pollution,3,Rate,2014,41.36091822,62.3867162,23.17347548
1,All Population,3,YLDs (Years Lived with Disability),4842,Arunachal Pradesh,2,Female,15,50-54 years,493,Ischemic heart disease,380,Particulate matter pollution,3,Rate,2014,27.05399635,41.53482272,14.77939029
1,All Population,3,YLDs (Years Lived with Disability),4842,Arunachal Pradesh,1,Male,15,50-54 years,494,Stroke,91,Lead exposure,3,Rate,2014,15.94564365,42.05460344,-2.40694735
1,All Population,3,YLDs (Years Lived with Disability),4842,Arunachal Pradesh,2,Female,15,50-54 years,494,Stroke,91,Lead exposure,3,Rate,2014,11.35502593,29.20968235,-1.489512764
1,All Population,3,YLDs (Years Lived with Disability),4856,Karnataka,1,Male,15,50-54 years,493,Ischemic heart disease,380,Particulate matter pollution,3,Rate,2014,66.17777104,99.67733235,37.93673085
1,All Population,3,YLDs (Years Lived with Disability),4856,Karnataka,2,Female,15,50-54 years,493,Ischemic heart disease,380,Particulate matter pollution,3,Rate,2014,43.35670989,65.3792591,24.61848604
1,All Population,3,YLDs (Years Lived with Disability),4856,Karnataka,1,Male,15,50-54 years,494,Stroke,91,Lead exposure,3,Rate,2014,18.98647043,51.96159408,-3.106358425
1,All Population,3,YLDs (Years Lived with Disability),4856,Karnataka,2,Female,15,50-54 years,494,Stroke,91,Lead exposure,3,Rate,2014,14.46767477,38.27077421,-2.49942683
1,All Population,3,YLDs (Years Lived with Disability),4861,Manipur,1,Male,15,50-54 years,493,Ischemic heart disease,91,Lead exposure,3,Rate,2014,43.80301726,64.34192764,26.20938334
1,All Population,3,YLDs (Years Lived with Disability),4861,Manipur,2,Female,15,50-54 years,493,Ischemic heart disease,91,Lead exposure,3,Rate,2014,29.94156798,44.12564235,17.48760676
1,All Population,3,YLDs (Years Lived with Disability),4854,Jammu & Kashmir and Ladakh,1,Male,15,50-54 years,498,Hypertensive heart disease,91,Lead exposure,3,Rate,2014,0.624232183,1.557281326,0
1,All Population,3,YLDs (Years Lived with Disability),4854,Jammu & Kashmir and Ladakh,2,Female,15,50-54 years,498,Hypertensive heart disease,91,Lead exposure,3,Rate,2014,0.893640074,2.333310141,0
1,All Population,3,YLDs (Years Lived with Disability),4844,Bihar,1,Male,15,50-54 years,493,Ischemic heart disease,380,Particulate matter pollution,3,Rate,2014,59.35183741,89.07074143,33.46706194
1,All Population,3,YLDs (Years Lived with Disability),4844,Bihar,2,Female,15,50-54 years,493,Ischemic heart disease,380,Particulate matter pollution,3,Rate,2014,41.85319216,63.87263402,23.9305801
1,All Population,3,YLDs (Years Lived with Disability),4853,Himachal Pradesh,1,Male,15,50-54 years,502,Lower extremity peripheral arterial disease,91,Lead exposure,3,Rate,2014,0.009549324,0.029940599,-0.001266067
1,All Population,3,YLDs (Years Lived with Disability),4853,Himachal Pradesh,2,Female,15,50-54 years,502,Lower extremity peripheral arterial disease,91,Lead exposure,3,Rate,2014,0.011160097,0.032925845,-0.001614952
1,All Population,3,YLDs (Years Lived with Disability),4863,Mizoram,1,Male,15,50-54 years,502,Lower extremity peripheral arterial disease,91,Lead exposure,3,Rate,2014,0.011428821,0.037675987,-0.00135599
1,All Population,3,YLDs (Years Lived with Disability),4863,Mizoram,2,Female,15,50-54 years,502,Lower extremity peripheral arterial disease,91,Lead exposure,3,Rate,2014,0.013867191,0.043391987,-0.001561908
1,All Population,3,YLDs (Years Lived with Disability),4842,Arunachal Pradesh,1,Male,15,50-54 years,498,Hypertensive heart disease,91,Lead exposure,3,Rate,2014,1.017851882,2.760210427,0
1,All Population,3,YLDs (Years Lived with Disability),4842,Arunachal Pradesh,2,Female,15,50-54 years,498,Hypertensive heart disease,91,Lead exposure,3,Rate,2014,1.533926803,3.76308123,0
1,All Population,3,YLDs (Years Lived with Disability),4844,Bihar,1,Male,15,50-54 years,494,Stroke,91,Lead exposure,3,Rate,2014,14.59738731,39.15867948,-2.649322996
1,All Population,3,YLDs (Years Lived with Disability),4844,Bihar,2,Female,15,50-54 years,494,Stroke,91,Lead exposure,3,Rate,2014,12.93427466,33.12219836,-2.194093505
1,All Population,3,YLDs (Years Lived with Disability),4860,Maharashtra,1,Male,15,50-54 years,493,Ischemic heart disease,91,Lead exposure,3,Rate,2014,51.13782663,76.22303096,31.50504278
1,All Population,3,YLDs (Years Lived with Disability),4860,Maharashtra,2,Female,15,50-54 years,493,Ischemic heart disease,91,Lead exposure,3,Rate,2014,29.3706328,43.69513532,17.23306885
1,All Population,3,YLDs (Years Lived with Disability),4862,Meghalaya,1,Male,15,50-54 years,502,Lower extremity peripheral arterial disease,91,Lead exposure,3,Rate,2014,0.011500629,0.035692364,-0.001368081
1,All Population,3,YLDs (Years Lived with Disability),4862,Meghalaya,2,Female,15,50-54 years,502,Lower extremity peripheral arterial disease,91,Lead exposure,3,Rate,2014,0.013098991,0.039800817,-0.001719888
1,All Population,3,YLDs (Years Lived with Disability),4865,Odisha,1,Male,15,50-54 years,494,Stroke,380,Particulate matter pollution,3,Rate,2014,103.6887697,157.8665774,58.38748036
1,All Population,3,YLDs (Years Lived with Disability),4865,Odisha,2,Female,15,50-54 years,494,Stroke,380,Particulate matter pollution,3,Rate,2014,89.06784532,128.4021903,53.1219159
1,All Population,3,YLDs (Years Lived with Disability),4868,Rajasthan,1,Male,15,50-54 years,494,Stroke,380,Particulate matter pollution,3,Rate,2014,79.47464965,115.7596827,46.27733275
1,All Population,3,YLDs (Years Lived with Disability),4868,Rajasthan,2,Female,15,50-54 years,494,Stroke,380,Particulate matter pollution,3,Rate,2014,73.38743981,108.7794129,43.1638564
1,All Population,3,YLDs (Years Lived with Disability),4864,Nagaland,1,Male,15,50-54 years,500,Atrial fibrillation and flutter,91,Lead exposure,3,Rate,2014,1.241741294,4.382912356,-0.159173547
1,All Population,3,YLDs (Years Lived with Disability),4864,Nagaland,2,Female,15,50-54 years,500,Atrial fibrillation and flutter,91,Lead exposure,3,Rate,2014,0.914807702,2.897093614,-0.117190931
1,All Population,3,YLDs (Years Lived with Disability),4864,Nagaland,1,Male,15,50-54 years,502,Lower extremity peripheral arterial disease,91,Lead exposure,3,Rate,2014,0.008705568,0.031302112,-0.001183929
1,All Population,3,YLDs (Years Lived with Disability),4864,Nagaland,2,Female,15,50-54 years,502,Lower extremity peripheral arterial disease,91,Lead exposure,3,Rate,2014,0.009758888,0.033140456,-0.001321835
1,All Population,3,YLDs (Years Lived with Disability),4855,Jharkhand,1,Male,15,50-54 years,493,Ischemic heart disease,380,Particulate matter pollution,3,Rate,2014,50.04786465,74.74789472,29.74463906
1,All Population,3,YLDs (Years Lived with Disability),4855,Jharkhand,2,Female,15,50-54 years,493,Ischemic heart disease,380,Particulate matter pollution,3,Rate,2014,39.98645953,59.79010089,24.07882067
1,All Population,3,YLDs (Years Lived with Disability),4855,Jharkhand,1,Male,15,50-54 years,494,Stroke,91,Lead exposure,3,Rate,2014,15.43245465,37.14217764,-2.244895987
1,All Population,3,YLDs (Years Lived with Disability),4855,Jharkhand,2,Female,15,50-54 years,494,Stroke,91,Lead exposure,3,Rate,2014,15.20222787,36.99564153,-2.567490116
1,All Population,3,YLDs (Years Lived with Disability),4865,Odisha,1,Male,15,50-54 years,500,Atrial fibrillation and flutter,91,Lead exposure,3,Rate,2014,1.105496717,3.783884863,-0.161107498
1,All Population,3,YLDs (Years Lived with Disability),4865,Odisha,2,Female,15,50-54 years,500,Atrial fibrillation and flutter,91,Lead exposure,3,Rate,2014,0.816406058,2.700287375,-0.107626794
1,All Population,3,YLDs (Years Lived with Disability),4874,Uttarakhand,1,Male,15,50-54 years,493,Ischemic heart disease,91,Lead exposure,3,Rate,2014,71.03034023,107.2358584,42.40176484
1,All Population,3,YLDs (Years Lived with Disability),4874,Uttarakhand,2,Female,15,50-54 years,493,Ischemic heart disease,91,Lead exposure,3,Rate,2014,37.38911654,54.29312645,21.96864266
1,All Population,3,YLDs (Years Lived with Disability),4868,Rajasthan,1,Male,15,50-54 years,498,Hypertensive heart disease,91,Lead exposure,3,Rate,2014,0.472599038,1.247645053,0
1,All Population,3,YLDs (Years Lived with Disability),4868,Rajasthan,2,Female,15,50-54 years,498,Hypertensive heart disease,91,Lead exposure,3,Rate,2014,0.763108418,1.921705336,0
1,All Population,3,YLDs (Years Lived with Disability),4870,Tamil Nadu,1,Male,15,50-54 years,493,Ischemic heart disease,380,Particulate matter pollution,3,Rate,2014,61.09845263,93.78389037,35.21015891
1,All Population,3,YLDs (Years Lived with Disability),4870,Tamil Nadu,2,Female,15,50-54 years,493,Ischemic heart disease,380,Particulate matter pollution,3,Rate,2014,34.81057341,54.0656512,19.99256945
1,All Population,3,YLDs (Years Lived with Disability),4870,Tamil Nadu,1,Male,15,50-54 years,494,Stroke,91,Lead exposure,3,Rate,2014,18.65081126,48.77092592,-2.740481045
1,All Population,3,YLDs (Years Lived with Disability),4870,Tamil Nadu,2,Female,15,50-54 years,494,Stroke,91,Lead exposure,3,Rate,2014,13.98570629,36.514571,-2.111595591
1,All Population,3,YLDs (Years Lived with Disability),4855,Jharkhand,1,Male,15,50-54 years,498,Hypertensive heart disease,91,Lead exposure,3,Rate,2014,0.847746572,2.234837342,0
1,All Population,3,YLDs (Years Lived with Disability),4855,Jharkhand,2,Female,15,50-54 years,498,Hypertensive heart disease,91,Lead exposure,3,Rate,2014,1.207685866,2.857040082,0
1,All Population,3,YLDs (Years Lived with Disability),4872,Tripura,1,Male,15,50-54 years,493,Ischemic heart disease,380,Particulate matter pollution,3,Rate,2014,63.34095452,93.79589777,37.16290012
1,All Population,3,YLDs (Years Lived with Disability),4872,Tripura,2,Female,15,50-54 years,493,Ischemic heart disease,380,Particulate matter pollution,3,Rate,2014,41.40230446,62.19979866,23.33826387
1,All Population,3,YLDs (Years Lived with Disability),4872,Tripura,1,Male,15,50-54 years,494,Stroke,91,Lead exposure,3,Rate,2014,24.97744652,62.41147807,-3.646567423
1,All Population,3,YLDs (Years Lived with Disability),4872,Tripura,2,Female,15,50-54 years,494,Stroke,91,Lead exposure,3,Rate,2014,15.6854436,42.71449129,-2.106674739
1,All Population,3,YLDs (Years Lived with Disability),4867,Punjab,1,Male,15,50-54 years,494,Stroke,380,Particulate matter pollution,3,Rate,2014,78.51945096,117.3152573,46.07259366
1,All Population,3,YLDs (Years Lived with Disability),4867,Punjab,2,Female,15,50-54 years,494,Stroke,380,Particulate matter pollution,3,Rate,2014,68.93593577,103.5176939,40.8679486
1,All Population,3,YLDs (Years Lived with Disability),4870,Tamil Nadu,1,Male,15,50-54 years,498,Hypertensive heart disease,91,Lead exposure,3,Rate,2014,0.640288358,1.590200401,0
1,All Population,3,YLDs (Years Lived with Disability),4870,Tamil Nadu,2,Female,15,50-54 years,498,Hypertensive heart disease,91,Lead exposure,3,Rate,2014,1.093540733,2.589705293,0
1,All Population,3,YLDs (Years Lived with Disability),4869,Sikkim,1,Male,15,50-54 years,494,Stroke,91,Lead exposure,3,Rate,2014,15.34201959,39.69560397,-1.996383758
1,All Population,3,YLDs (Years Lived with Disability),4869,Sikkim,2,Female,15,50-54 years,494,Stroke,91,Lead exposure,3,Rate,2014,11.38942763,29.49881572,-1.45852283
1,All Population,3,YLDs (Years Lived with Disability),4875,West Bengal,1,Male,15,50-54 years,493,Ischemic heart disease,91,Lead exposure,3,Rate,2014,53.726223,80.66086068,31.50374529
1,All Population,3,YLDs (Years Lived with Disability),4875,West Bengal,2,Female,15,50-54 years,493,Ischemic heart disease,91,Lead exposure,3,Rate,2014,35.38918887,52.1780815,20.2429211
1,All Population,3,YLDs (Years Lived with Disability),4867,Punjab,1,Male,15,50-54 years,500,Atrial fibrillation and flutter,91,Lead exposure,3,Rate,2014,0.937661945,2.884907556,-0.127716437
1,All Population,3,YLDs (Years Lived with Disability),4867,Punjab,2,Female,15,50-54 years,500,Atrial fibrillation and flutter,91,Lead exposure,3,Rate,2014,0.730810613,2.274632885,-0.085609311
1,All Population,3,YLDs (Years Lived with Disability),4869,Sikkim,1,Male,15,50-54 years,498,Hypertensive heart disease,91,Lead exposure,3,Rate,2014,0.785864571,2.231184993,0
1,All Population,3,YLDs (Years Lived with Disability),4869,Sikkim,2,Female,15,50-54 years,498,Hypertensive heart disease,91,Lead exposure,3,Rate,2014,0.919254873,2.196231497,0
1,All Population,3,YLDs (Years Lived with Disability),44538,Other Union Territories,1,Male,15,50-54 years,493,Ischemic heart disease,380,Particulate matter pollution,3,Rate,2014,51.34505097,79.04160698,29.4738274
1,All Population,3,YLDs (Years Lived with Disability),44538,Other Union Territories,2,Female,15,50-54 years,493,Ischemic heart disease,380,Particulate matter pollution,3,Rate,2014,32.28970197,49.24742965,18.75084255
1,All Population,3,YLDs (Years Lived with Disability),4871,Telangana,1,Male,15,50-54 years,493,Ischemic heart disease,380,Particulate matter pollution,3,Rate,2014,64.02940423,99.71136619,37.78826885
1,All Population,3,YLDs (Years Lived with Disability),4871,Telangana,2,Female,15,50-54 years,493,Ischemic heart disease,380,Particulate matter pollution,3,Rate,2014,41.13222702,61.29733845,23.60272711
1,All Population,3,YLDs (Years Lived with Disability),4871,Telangana,1,Male,15,50-54 years,494,Stroke,91,Lead exposure,3,Rate,2014,14.63127132,35.07517937,-1.996760696
1,All Population,3,YLDs (Years Lived with Disability),4871,Telangana,2,Female,15,50-54 years,494,Stroke,91,Lead exposure,3,Rate,2014,9.689716795,23.38226265,-1.034239195
1,All Population,3,YLDs (Years Lived with Disability),44538,Other Union Territories,1,Male,15,50-54 years,494,Stroke,91,Lead exposure,3,Rate,2014,12.85557297,33.11541772,-2.481412016
1,All Population,3,YLDs (Years Lived with Disability),44538,Other Union Territories,2,Female,15,50-54 years,494,Stroke,91,Lead exposure,3,Rate,2014,10.53543447,26.1843331,-1.931077728
1,All Population,3,YLDs (Years Lived with Disability),4871,Telangana,1,Male,15,50-54 years,498,Hypertensive heart disease,91,Lead exposure,3,Rate,2014,0.630380776,1.572503097,0
1,All Population,3,YLDs (Years Lived with Disability),4871,Telangana,2,Female,15,50-54 years,498,Hypertensive heart disease,91,Lead exposure,3,Rate,2014,1.118110701,2.650228532,0
