population_group_id,population_group_name,measure_id,measure_name,location_id,location_name,sex_id,sex_name,age_id,age_name,cause_id,cause_name,rei_id,rei_name,metric_id,metric_name,year,val,upper,lower
1,All Population,3,YLDs (Years Lived with Disability),4842,Arunachal Pradesh,1,Male,15,50-54 years,502,Lower extremity peripheral arterial disease,91,Lead exposure,1,Number,2013,0.002817075,0.008852539,-0.000432006
1,All Population,3,YLDs (Years Lived with Disability),4842,Arunachal Pradesh,2,Female,15,50-54 years,502,Lower extremity peripheral arterial disease,91,Lead exposure,1,Number,2013,0.002738139,0.00934704,-0.000388823
1,All Population,3,YLDs (Years Lived with Disability),4865,Odisha,1,Male,15,50-54 years,494,Stroke,380,Particulate matter pollution,1,Number,2013,1078.46798,1627.929914,630.1470743
1,All Population,3,YLDs (Years Lived with Disability),4865,Odisha,2,Female,15,50-54 years,494,Stroke,380,Particulate matter pollution,1,Number,2013,881.6329147,1332.759173,507.5032034
1,All Population,3,YLDs (Years Lived with Disability),4850,Goa,1,Male,15,50-54 years,494,Stroke,380,Particulate matter pollution,1,Number,2013,24.16304624,37.99252673,12.90867144
1,All Population,3,YLDs (Years Lived with Disability),4850,Goa,2,Female,15,50-54 years,494,Stroke,380,Particulate matter pollution,1,Number,2013,23.39280041,38.94021067,12.41819573
1,All Population,3,YLDs (Years Lived with Disability),4865,Odisha,1,Male,15,50-54 years,500,Atrial fibrillation and flutter,91,Lead exposure,1,Number,2013,11.65641898,36.70992291,-1.651580333
1,All Population,3,YLDs (Years Lived with Disability),4865,Odisha,2,Female,15,50-54 years,500,Atrial fibrillation and flutter,91,Lead exposure,1,Number,2013,8.088581742,24.81689475,-1.230169579
1,All Population,3,YLDs (Years Lived with Disability),4850,Goa,1,Male,15,50-54 years,500,Atrial fibrillation and flutter,91,Lead exposure,1,Number,2013,0.474737465,1.68663195,-0.070821863
1,All Population,3,YLDs (Years Lived with Disability),4850,Goa,2,Female,15,50-54 years,500,Atrial fibrillation and flutter,91,Lead exposure,1,Number,2013,0.34523777,1.201012435,-0.054829678
1,All Population,3,YLDs (Years Lived with Disability),4844,Bihar,1,Male,15,50-54 years,500,Atrial fibrillation and flutter,91,Lead exposure,1,Number,2013,23.2232498,76.06695317,-3.29398412
1,All Population,3,YLDs (Years Lived with Disability),4844,Bihar,2,Female,15,50-54 years,500,Atrial fibrillation and flutter,91,Lead exposure,1,Number,2013,16.31117658,62.00255844,-1.733485013
1,All Population,3,YLDs (Years Lived with Disability),4870,Tamil Nadu,1,Male,15,50-54 years,493,Ischemic heart disease,380,Particulate matter pollution,1,Number,2013,1341.707331,2033.664497,788.2853628
1,All Population,3,YLDs (Years Lived with Disability),4870,Tamil Nadu,2,Female,15,50-54 years,493,Ischemic heart disease,380,Particulate matter pollution,1,Number,2013,773.3083226,1183.045451,427.5340605
1,All Population,3,YLDs (Years Lived with Disability),4870,Tamil Nadu,1,Male,15,50-54 years,494,Stroke,91,Lead exposure,1,Number,2013,379.4545298,995.8845001,-52.44451714
1,All Population,3,YLDs (Years Lived with Disability),4870,Tamil Nadu,2,Female,15,50-54 years,494,Stroke,91,Lead exposure,1,Number,2013,285.8611362,763.970977,-43.40801275
1,All Population,3,YLDs (Years Lived with Disability),4865,Odisha,1,Male,15,50-54 years,502,Lower extremity peripheral arterial disease,91,Lead exposure,1,Number,2013,0.108532536,0.382832529,-0.012976744
1,All Population,3,YLDs (Years Lived with Disability),4865,Odisha,2,Female,15,50-54 years,502,Lower extremity peripheral arterial disease,91,Lead exposure,1,Number,2013,0.121996947,0.439341677,-0.016238136
1,All Population,3,YLDs (Years Lived with Disability),4870,Tamil Nadu,1,Male,15,50-54 years,498,Hypertensive heart disease,91,Lead exposure,1,Number,2013,12.80430288,32.76568367,0
1,All Population,3,YLDs (Years Lived with Disability),4870,Tamil Nadu,2,Female,15,50-54 years,498,Hypertensive heart disease,91,Lead exposure,1,Number,2013,23.27411839,55.48546912,0
1,All Population,3,YLDs (Years Lived with Disability),4850,Goa,1,Male,15,50-54 years,502,Lower extremity peripheral arterial disease,91,Lead exposure,1,Number,2013,0.00369173,0.012945323,-0.000374027
1,All Population,3,YLDs (Years Lived with Disability),4850,Goa,2,Female,15,50-54 years,502,Lower extremity peripheral arterial disease,91,Lead exposure,1,Number,2013,0.004358496,0.015273943,-0.000502465
1,All Population,3,YLDs (Years Lived with Disability),4863,Mizoram,1,Male,15,50-54 years,502,Lower extremity peripheral arterial disease,91,Lead exposure,1,Number,2013,0.002775394,0.009303387,-0.000259787
1,All Population,3,YLDs (Years Lived with Disability),4863,Mizoram,2,Female,15,50-54 years,502,Lower extremity peripheral arterial disease,91,Lead exposure,1,Number,2013,0.003262469,0.011324119,-0.000383547
1,All Population,3,YLDs (Years Lived with Disability),44538,Other Union Territories,1,Male,15,50-54 years,493,Ischemic heart disease,380,Particulate matter pollution,1,Number,2013,46.80779496,70.57861655,26.89236521
1,All Population,3,YLDs (Years Lived with Disability),44538,Other Union Territories,2,Female,15,50-54 years,493,Ischemic heart disease,380,Particulate matter pollution,1,Number,2013,26.43058732,40.08990688,15.42157555
1,All Population,3,YLDs (Years Lived with Disability),4860,Maharashtra,1,Male,15,50-54 years,493,Ischemic heart disease,380,Particulate matter pollution,1,Number,2013,1557.869941,2386.424101,894.7398297
1,All Population,3,YLDs (Years Lived with Disability),4860,Maharashtra,2,Female,15,50-54 years,493,Ischemic heart disease,380,Particulate matter pollution,1,Number,2013,901.3965691,1377.041765,523.2909039
1,All Population,3,YLDs (Years Lived with Disability),4860,Maharashtra,1,Male,15,50-54 years,494,Stroke,91,Lead exposure,1,Number,2013,448.5514238,1276.048372,-70.45365874
1,All Population,3,YLDs (Years Lived with Disability),4860,Maharashtra,2,Female,15,50-54 years,494,Stroke,91,Lead exposure,1,Number,2013,289.3915927,811.4292605,-46.51939749
1,All Population,3,YLDs (Years Lived with Disability),4854,Jammu & Kashmir and Ladakh,1,Male,15,50-54 years,493,Ischemic heart disease,380,Particulate matter pollution,1,Number,2013,160.4847522,244.1781535,91.69759837
1,All Population,3,YLDs (Years Lived with Disability),4854,Jammu & Kashmir and Ladakh,2,Female,15,50-54 years,493,Ischemic heart disease,380,Particulate matter pollution,1,Number,2013,104.5512451,153.903578,59.77326236
1,All Population,3,YLDs (Years Lived with Disability),4854,Jammu & Kashmir and Ladakh,1,Male,15,50-54 years,494,Stroke,91,Lead exposure,1,Number,2013,28.34099062,69.33487781,-5.179045707
1,All Population,3,YLDs (Years Lived with Disability),4854,Jammu & Kashmir and Ladakh,2,Female,15,50-54 years,494,Stroke,91,Lead exposure,1,Number,2013,20.32192357,50.52790817,-3.369251368
1,All Population,3,YLDs (Years Lived with Disability),4852,Haryana,1,Male,15,50-54 years,494,Stroke,380,Particulate matter pollution,1,Number,2013,554.9397638,853.0339861,326.9345287
1,All Population,3,YLDs (Years Lived with Disability),4852,Haryana,2,Female,15,50-54 years,494,Stroke,380,Particulate matter pollution,1,Number,2013,478.6774327,718.5438081,276.9944968
1,All Population,3,YLDs (Years Lived with Disability),4853,Himachal Pradesh,1,Male,15,50-54 years,500,Atrial fibrillation and flutter,91,Lead exposure,1,Number,2013,2.117620266,7.542175866,-0.295588527
1,All Population,3,YLDs (Years Lived with Disability),4853,Himachal Pradesh,2,Female,15,50-54 years,500,Atrial fibrillation and flutter,91,Lead exposure,1,Number,2013,1.558894532,5.430608949,-0.193696433
1,All Population,3,YLDs (Years Lived with Disability),4860,Maharashtra,1,Male,15,50-54 years,498,Hypertensive heart disease,91,Lead exposure,1,Number,2013,18.15657613,46.81875508,0
1,All Population,3,YLDs (Years Lived with Disability),4860,Maharashtra,2,Female,15,50-54 years,498,Hypertensive heart disease,91,Lead exposure,1,Number,2013,33.29003024,85.31399679,0
1,All Population,3,YLDs (Years Lived with Disability),4853,Himachal Pradesh,1,Male,15,50-54 years,502,Lower extremity peripheral arterial disease,91,Lead exposure,1,Number,2013,0.017745975,0.05904169,-0.002426735
1,All Population,3,YLDs (Years Lived with Disability),4853,Himachal Pradesh,2,Female,15,50-54 years,502,Lower extremity peripheral arterial disease,91,Lead exposure,1,Number,2013,0.020890657,0.066764094,-0.002981871
1,All Population,3,YLDs (Years Lived with Disability),4869,Sikkim,1,Male,15,50-54 years,500,Atrial fibrillation and flutter,91,Lead exposure,1,Number,2013,0.178533872,0.628353341,-0.019378395
1,All Population,3,YLDs (Years Lived with Disability),4869,Sikkim,2,Female,15,50-54 years,500,Atrial fibrillation and flutter,91,Lead exposure,1,Number,2013,0.100673883,0.333496178,-0.009661461
1,All Population,3,YLDs (Years Lived with Disability),4869,Sikkim,1,Male,15,50-54 years,502,Lower extremity peripheral arterial disease,91,Lead exposure,1,Number,2013,0.001219096,0.004827387,-0.000127
1,All Population,3,YLDs (Years Lived with Disability),4869,Sikkim,2,Female,15,50-54 years,502,Lower extremity peripheral arterial disease,91,Lead exposure,1,Number,2013,0.000904261,0.00320581,-9.80E-05
1,All Population,3,YLDs (Years Lived with Disability),4851,Gujarat,1,Male,15,50-54 years,502,Lower extremity peripheral arterial disease,91,Lead exposure,1,Number,2013,0.173919968,0.577755343,-0.016357907
1,All Population,3,YLDs (Years Lived with Disability),4851,Gujarat,2,Female,15,50-54 years,502,Lower extremity peripheral arterial disease,91,Lead exposure,1,Number,2013,0.209821941,0.727045534,-0.030660426
1,All Population,3,YLDs (Years Lived with Disability),4867,Punjab,1,Male,15,50-54 years,502,Lower extremity peripheral arterial disease,91,Lead exposure,1,Number,2013,0.041245727,0.142018553,-0.005078578
1,All Population,3,YLDs (Years Lived with Disability),4867,Punjab,2,Female,15,50-54 years,502,Lower extremity peripheral arterial disease,91,Lead exposure,1,Number,2013,0.053171415,0.163075092,-0.005646579
1,All Population,3,YLDs (Years Lived with Disability),4864,Nagaland,1,Male,15,50-54 years,493,Ischemic heart disease,91,Lead exposure,1,Number,2013,16.25493856,23.86008286,9.656716526
1,All Population,3,YLDs (Years Lived with Disability),4864,Nagaland,2,Female,15,50-54 years,493,Ischemic heart disease,91,Lead exposure,1,Number,2013,9.628701203,13.85750449,5.678870286
1,All Population,3,YLDs (Years Lived with Disability),4859,Madhya Pradesh,1,Male,15,50-54 years,493,Ischemic heart disease,91,Lead exposure,1,Number,2013,942.3285861,1374.917679,556.7323835
1,All Population,3,YLDs (Years Lived with Disability),4859,Madhya Pradesh,2,Female,15,50-54 years,493,Ischemic heart disease,91,Lead exposure,1,Number,2013,465.0530872,681.6046223,277.3873411
1,All Population,3,YLDs (Years Lived with Disability),4841,Andhra Pradesh,1,Male,15,50-54 years,493,Ischemic heart disease,91,Lead exposure,1,Number,2013,775.1139321,1120.565519,463.3406786
1,All Population,3,YLDs (Years Lived with Disability),4841,Andhra Pradesh,2,Female,15,50-54 years,493,Ischemic heart disease,91,Lead exposure,1,Number,2013,438.6261856,634.6088062,253.7318244
1,All Population,3,YLDs (Years Lived with Disability),4868,Rajasthan,1,Male,15,50-54 years,494,Stroke,380,Particulate matter pollution,1,Number,2013,1128.576702,1662.251314,644.1577656
1,All Population,3,YLDs (Years Lived with Disability),4868,Rajasthan,2,Female,15,50-54 years,494,Stroke,380,Particulate matter pollution,1,Number,2013,979.7702804,1445.498147,589.0999267
1,All Population,3,YLDs (Years Lived with Disability),4857,Kerala,1,Male,15,50-54 years,494,Stroke,91,Lead exposure,1,Number,2013,212.0749772,516.6432358,-31.16152007
1,All Population,3,YLDs (Years Lived with Disability),4857,Kerala,2,Female,15,50-54 years,494,Stroke,91,Lead exposure,1,Number,2013,160.8009605,385.4284752,-22.39241349
1,All Population,3,YLDs (Years Lived with Disability),4872,Tripura,1,Male,15,50-54 years,493,Ischemic heart disease,380,Particulate matter pollution,1,Number,2013,59.87212672,88.15701397,34.5478831
1,All Population,3,YLDs (Years Lived with Disability),4872,Tripura,2,Female,15,50-54 years,493,Ischemic heart disease,380,Particulate matter pollution,1,Number,2013,35.86299654,53.87014296,21.0246585
1,All Population,3,YLDs (Years Lived with Disability),4872,Tripura,1,Male,15,50-54 years,494,Stroke,91,Lead exposure,1,Number,2013,23.06939738,55.1538625,-3.531401729
1,All Population,3,YLDs (Years Lived with Disability),4872,Tripura,2,Female,15,50-54 years,494,Stroke,91,Lead exposure,1,Number,2013,13.14037529,34.27099644,-1.77238138
1,All Population,3,YLDs (Years Lived with Disability),4861,Manipur,1,Male,15,50-54 years,493,Ischemic heart disease,91,Lead exposure,1,Number,2013,30.51717083,45.49235629,18.65634042
1,All Population,3,YLDs (Years Lived with Disability),4861,Manipur,2,Female,15,50-54 years,493,Ischemic heart disease,91,Lead exposure,1,Number,2013,20.84882287,30.39523389,11.92434558
1,All Population,3,YLDs (Years Lived with Disability),4873,Uttar Pradesh,1,Male,15,50-54 years,494,Stroke,91,Lead exposure,1,Number,2013,686.6358946,1701.861825,-81.66324057
1,All Population,3,YLDs (Years Lived with Disability),4873,Uttar Pradesh,2,Female,15,50-54 years,494,Stroke,91,Lead exposure,1,Number,2013,653.9842756,1606.753065,-86.50099957
1,All Population,3,YLDs (Years Lived with Disability),4874,Uttarakhand,1,Male,15,50-54 years,493,Ischemic heart disease,91,Lead exposure,1,Number,2013,159.9043207,242.5543671,97.65568977
1,All Population,3,YLDs (Years Lived with Disability),4874,Uttarakhand,2,Female,15,50-54 years,493,Ischemic heart disease,91,Lead exposure,1,Number,2013,85.72257842,126.1363843,49.23101001
1,All Population,3,YLDs (Years Lived with Disability),4842,Arunachal Pradesh,1,Male,15,50-54 years,493,Ischemic heart disease,380,Particulate matter pollution,1,Number,2013,12.1059066,18.28992736,6.838108646
1,All Population,3,YLDs (Years Lived with Disability),4842,Arunachal Pradesh,2,Female,15,50-54 years,493,Ischemic heart disease,380,Particulate matter pollution,1,Number,2013,6.222315557,9.624619357,3.50250171
1,All Population,3,YLDs (Years Lived with Disability),4842,Arunachal Pradesh,1,Male,15,50-54 years,494,Stroke,91,Lead exposure,1,Number,2013,4.591161404,12.11329686,-0.642752047
1,All Population,3,YLDs (Years Lived with Disability),4842,Arunachal Pradesh,2,Female,15,50-54 years,494,Stroke,91,Lead exposure,1,Number,2013,2.510789503,6.707131775,-0.290014463
1,All Population,3,YLDs (Years Lived with Disability),4875,West Bengal,1,Male,15,50-54 years,493,Ischemic heart disease,380,Particulate matter pollution,1,Number,2013,1686.057637,2515.964127,991.4180655
1,All Population,3,YLDs (Years Lived with Disability),4875,West Bengal,2,Female,15,50-54 years,493,Ischemic heart disease,380,Particulate matter pollution,1,Number,2013,1038.424871,1514.667692,592.0503686
1,All Population,3,YLDs (Years Lived with Disability),4875,West Bengal,1,Male,15,50-54 years,494,Stroke,91,Lead exposure,1,Number,2013,558.0830064,1391.427366,-72.08451428
1,All Population,3,YLDs (Years Lived with Disability),4875,West Bengal,2,Female,15,50-54 years,494,Stroke,91,Lead exposure,1,Number,2013,411.1387216,958.6833407,-55.98068255
1,All Population,3,YLDs (Years Lived with Disability),4856,Karnataka,1,Male,15,50-54 years,493,Ischemic heart disease,380,Particulate matter pollution,1,Number,2013,1024.598958,1561.702794,595.5775436
1,All Population,3,YLDs (Years Lived with Disability),4856,Karnataka,2,Female,15,50-54 years,493,Ischemic heart disease,380,Particulate matter pollution,1,Number,2013,639.0779305,949.6442357,377.242775
1,All Population,3,YLDs (Years Lived with Disability),4857,Kerala,1,Male,15,50-54 years,498,Hypertensive heart disease,91,Lead exposure,1,Number,2013,5.852524047,13.8483519,0
1,All Population,3,YLDs (Years Lived with Disability),4857,Kerala,2,Female,15,50-54 years,498,Hypertensive heart disease,91,Lead exposure,1,Number,2013,14.28301054,33.42444756,0
1,All Population,3,YLDs (Years Lived with Disability),4852,Haryana,1,Male,15,50-54 years,500,Atrial fibrillation and flutter,91,Lead exposure,1,Number,2013,6.03039368,18.49720621,-0.845463726
1,All Population,3,YLDs (Years Lived with Disability),4852,Haryana,2,Female,15,50-54 years,500,Atrial fibrillation and flutter,91,Lead exposure,1,Number,2013,4.042309127,12.61685025,-0.657433
1,All Population,3,YLDs (Years Lived with Disability),4854,Jammu & Kashmir and Ladakh,1,Male,15,50-54 years,498,Hypertensive heart disease,91,Lead exposure,1,Number,2013,1.708966913,4.342901779,0
1,All Population,3,YLDs (Years Lived with Disability),4854,Jammu & Kashmir and Ladakh,2,Female,15,50-54 years,498,Hypertensive heart disease,91,Lead exposure,1,Number,2013,2.094519675,5.294403125,0
1,All Population,3,YLDs (Years Lived with Disability),4855,Jharkhand,1,Male,15,50-54 years,494,Stroke,380,Particulate matter pollution,1,Number,2013,572.5632217,895.8440849,308.8738987
1,All Population,3,YLDs (Years Lived with Disability),4855,Jharkhand,2,Female,15,50-54 years,494,Stroke,380,Particulate matter pollution,1,Number,2013,624.4877357,893.3060375,368.6221974
1,All Population,3,YLDs (Years Lived with Disability),4873,Uttar Pradesh,1,Male,15,50-54 years,498,Hypertensive heart disease,91,Lead exposure,1,Number,2013,45.76884607,116.7387018,0
1,All Population,3,YLDs (Years Lived with Disability),4873,Uttar Pradesh,2,Female,15,50-54 years,498,Hypertensive heart disease,91,Lead exposure,1,Number,2013,58.88199668,147.9130885,0
1,All Population,3,YLDs (Years Lived with Disability),4875,West Bengal,1,Male,15,50-54 years,498,Hypertensive heart disease,91,Lead exposure,1,Number,2013,16.24180663,41.26328496,0
1,All Population,3,YLDs (Years Lived with Disability),4875,West Bengal,2,Female,15,50-54 years,498,Hypertensive heart disease,91,Lead exposure,1,Number,2013,23.0481434,53.37659127,0
1,All Population,3,YLDs (Years Lived with Disability),4856,Karnataka,1,Male,15,50-54 years,494,Stroke,91,Lead exposure,1,Number,2013,283.5998956,746.2554921,-45.97313558
1,All Population,3,YLDs (Years Lived with Disability),4856,Karnataka,2,Female,15,50-54 years,494,Stroke,91,Lead exposure,1,Number,2013,206.852559,582.2804482,-32.31293774
1,All Population,3,YLDs (Years Lived with Disability),4844,Bihar,1,Male,15,50-54 years,493,Ischemic heart disease,380,Particulate matter pollution,1,Number,2013,1148.072685,1726.045006,645.4555583
1,All Population,3,YLDs (Years Lived with Disability),4844,Bihar,2,Female,15,50-54 years,493,Ischemic heart disease,380,Particulate matter pollution,1,Number,2013,743.548269,1138.457168,430.5682507
1,All Population,3,YLDs (Years Lived with Disability),4844,Bihar,1,Male,15,50-54 years,494,Stroke,91,Lead exposure,1,Number,2013,276.7285126,690.8560813,-48.47146258
1,All Population,3,YLDs (Years Lived with Disability),4844,Bihar,2,Female,15,50-54 years,494,Stroke,91,Lead exposure,1,Number,2013,222.0102996,577.0287415,-36.74454596
1,All Population,3,YLDs (Years Lived with Disability),4842,Arunachal Pradesh,1,Male,15,50-54 years,498,Hypertensive heart disease,91,Lead exposure,1,Number,2013,0.269349995,0.749127647,0
1,All Population,3,YLDs (Years Lived with Disability),4842,Arunachal Pradesh,2,Female,15,50-54 years,498,Hypertensive heart disease,91,Lead exposure,1,Number,2013,0.340347509,0.86954949,0
1,All Population,3,YLDs (Years Lived with Disability),4855,Jharkhand,1,Male,15,50-54 years,500,Atrial fibrillation and flutter,91,Lead exposure,1,Number,2013,7.710277365,24.36342157,-1.031611077
1,All Population,3,YLDs (Years Lived with Disability),4855,Jharkhand,2,Female,15,50-54 years,500,Atrial fibrillation and flutter,91,Lead exposure,1,Number,2013,5.393636255,15.95671387,-0.650898587
1,All Population,3,YLDs (Years Lived with Disability),4862,Meghalaya,1,Male,15,50-54 years,493,Ischemic heart disease,380,Particulate matter pollution,1,Number,2013,23.30794914,35.19184312,13.57252609
1,All Population,3,YLDs (Years Lived with Disability),4862,Meghalaya,2,Female,15,50-54 years,493,Ischemic heart disease,380,Particulate matter pollution,1,Number,2013,15.41366973,22.89832381,8.91602745
1,All Population,3,YLDs (Years Lived with Disability),4862,Meghalaya,1,Male,15,50-54 years,494,Stroke,91,Lead exposure,1,Number,2013,8.307998914,22.55430086,-1.504892733
1,All Population,3,YLDs (Years Lived with Disability),4862,Meghalaya,2,Female,15,50-54 years,494,Stroke,91,Lead exposure,1,Number,2013,5.773086537,15.498021,-0.799615392
1,All Population,3,YLDs (Years Lived with Disability),4844,Bihar,1,Male,15,50-54 years,498,Hypertensive heart disease,91,Lead exposure,1,Number,2013,21.3571531,51.19014706,0
1,All Population,3,YLDs (Years Lived with Disability),4844,Bihar,2,Female,15,50-54 years,498,Hypertensive heart disease,91,Lead exposure,1,Number,2013,26.00177439,58.61271105,0
1,All Population,3,YLDs (Years Lived with Disability),4862,Meghalaya,1,Male,15,50-54 years,498,Hypertensive heart disease,91,Lead exposure,1,Number,2013,0.621388416,1.551719646,0
1,All Population,3,YLDs (Years Lived with Disability),4862,Meghalaya,2,Female,15,50-54 years,498,Hypertensive heart disease,91,Lead exposure,1,Number,2013,0.799166128,1.802272941,0
1,All Population,3,YLDs (Years Lived with Disability),44538,Other Union Territories,1,Male,15,50-54 years,493,Ischemic heart disease,91,Lead exposure,1,Number,2013,51.5675898,76.12974735,31.15198717
1,All Population,3,YLDs (Years Lived with Disability),44538,Other Union Territories,2,Female,15,50-54 years,493,Ischemic heart disease,91,Lead exposure,1,Number,2013,26.79186085,40.25416124,16.14800207
1,All Population,3,YLDs (Years Lived with Disability),4842,Arunachal Pradesh,1,Male,15,50-54 years,494,Stroke,380,Particulate matter pollution,1,Number,2013,19.95501333,31.30970005,11.44691379
1,All Population,3,YLDs (Years Lived with Disability),4842,Arunachal Pradesh,2,Female,15,50-54 years,494,Stroke,380,Particulate matter pollution,1,Number,2013,13.55765501,20.85110898,7.483179691
1,All Population,3,YLDs (Years Lived with Disability),4849,Delhi,1,Male,15,50-54 years,493,Ischemic heart disease,91,Lead exposure,1,Number,2013,204.9226469,304.613135,116.5475415
1,All Population,3,YLDs (Years Lived with Disability),4849,Delhi,2,Female,15,50-54 years,493,Ischemic heart disease,91,Lead exposure,1,Number,2013,104.1151858,158.0705889,62.3074492
1,All Population,3,YLDs (Years Lived with Disability),4846,Chhattisgarh,1,Male,15,50-54 years,502,Lower extremity peripheral arterial disease,91,Lead exposure,1,Number,2013,0.060320519,0.203104796,-0.007214311
1,All Population,3,YLDs (Years Lived with Disability),4846,Chhattisgarh,2,Female,15,50-54 years,502,Lower extremity peripheral arterial disease,91,Lead exposure,1,Number,2013,0.072150045,0.28301148,-0.008317169
1,All Population,3,YLDs (Years Lived with Disability),4857,Kerala,1,Male,15,50-54 years,494,Stroke,380,Particulate matter pollution,1,Number,2013,963.8293325,1509.781358,516.4660217
1,All Population,3,YLDs (Years Lived with Disability),4857,Kerala,2,Female,15,50-54 years,494,Stroke,380,Particulate matter pollution,1,Number,2013,857.2397707,1349.398101,480.7921571
1,All Population,3,YLDs (Years Lived with Disability),4855,Jharkhand,1,Male,15,50-54 years,502,Lower extremity peripheral arterial disease,91,Lead exposure,1,Number,2013,0.069194925,0.237165999,-0.005950095
1,All Population,3,YLDs (Years Lived with Disability),4855,Jharkhand,2,Female,15,50-54 years,502,Lower extremity peripheral arterial disease,91,Lead exposure,1,Number,2013,0.076350451,0.277327879,-0.007897871
1,All Population,3,YLDs (Years Lived with Disability),4871,Telangana,1,Male,15,50-54 years,494,Stroke,380,Particulate matter pollution,1,Number,2013,502.5609451,781.7554293,277.3878901
1,All Population,3,YLDs (Years Lived with Disability),4871,Telangana,2,Female,15,50-54 years,494,Stroke,380,Particulate matter pollution,1,Number,2013,423.4259116,655.9701604,230.6768907
1,All Population,3,YLDs (Years Lived with Disability),4843,Assam,1,Male,15,50-54 years,493,Ischemic heart disease,91,Lead exposure,1,Number,2013,307.981584,456.8386822,184.2804386
1,All Population,3,YLDs (Years Lived with Disability),4843,Assam,2,Female,15,50-54 years,493,Ischemic heart disease,91,Lead exposure,1,Number,2013,172.5054764,255.2341583,102.1804253
1,All Population,3,YLDs (Years Lived with Disability),4871,Telangana,1,Male,15,50-54 years,502,Lower extremity peripheral arterial disease,91,Lead exposure,1,Number,2013,0.079683324,0.24887605,-0.009679214
1,All Population,3,YLDs (Years Lived with Disability),4871,Telangana,2,Female,15,50-54 years,502,Lower extremity peripheral arterial disease,91,Lead exposure,1,Number,2013,0.092870966,0.355702697,-0.010586666
1,All Population,3,YLDs (Years Lived with Disability),4873,Uttar Pradesh,1,Male,15,50-54 years,494,Stroke,380,Particulate matter pollution,1,Number,2013,3745.710499,5794.02304,2108.643117
1,All Population,3,YLDs (Years Lived with Disability),4873,Uttar Pradesh,2,Female,15,50-54 years,494,Stroke,380,Particulate matter pollution,1,Number,2013,3968.637837,6177.766159,2232.177711
1,All Population,3,YLDs (Years Lived with Disability),4842,Arunachal Pradesh,1,Male,15,50-54 years,500,Atrial fibrillation and flutter,91,Lead exposure,1,Number,2013,0.350177939,1.213637284,-0.050172169
1,All Population,3,YLDs (Years Lived with Disability),4842,Arunachal Pradesh,2,Female,15,50-54 years,500,Atrial fibrillation and flutter,91,Lead exposure,1,Number,2013,0.194923895,0.690711689,-0.029716874
1,All Population,3,YLDs (Years Lived with Disability),4857,Kerala,1,Male,15,50-54 years,500,Atrial fibrillation and flutter,91,Lead exposure,1,Number,2013,11.98116331,39.3659883,-2.074695835
1,All Population,3,YLDs (Years Lived with Disability),4857,Kerala,2,Female,15,50-54 years,500,Atrial fibrillation and flutter,91,Lead exposure,1,Number,2013,9.852027383,32.37951316,-1.563579379
1,All Population,3,YLDs (Years Lived with Disability),4871,Telangana,1,Male,15,50-54 years,500,Atrial fibrillation and flutter,91,Lead exposure,1,Number,2013,8.392938828,26.30542006,-1.233429773
1,All Population,3,YLDs (Years Lived with Disability),4871,Telangana,2,Female,15,50-54 years,500,Atrial fibrillation and flutter,91,Lead exposure,1,Number,2013,5.948775963,19.22249056,-0.870554832
1,All Population,3,YLDs (Years Lived with Disability),4853,Himachal Pradesh,1,Male,15,50-54 years,493,Ischemic heart disease,91,Lead exposure,1,Number,2013,115.0578175,170.3443042,65.77011453
1,All Population,3,YLDs (Years Lived with Disability),4853,Himachal Pradesh,2,Female,15,50-54 years,493,Ischemic heart disease,91,Lead exposure,1,Number,2013,58.74736904,85.34458253,36.37443256
1,All Population,3,YLDs (Years Lived with Disability),4868,Rajasthan,1,Male,15,50-54 years,500,Atrial fibrillation and flutter,91,Lead exposure,1,Number,2013,9.342572775,27.69952768,-1.317886046
1,All Population,3,YLDs (Years Lived with Disability),4868,Rajasthan,2,Female,15,50-54 years,500,Atrial fibrillation and flutter,91,Lead exposure,1,Number,2013,5.738194384,18.10845726,-0.668763258
1,All Population,3,YLDs (Years Lived with Disability),4875,West Bengal,1,Male,15,50-54 years,494,Stroke,380,Particulate matter pollution,1,Number,2013,3334.475546,5077.566281,1931.931868
1,All Population,3,YLDs (Years Lived with Disability),4875,West Bengal,2,Female,15,50-54 years,494,Stroke,380,Particulate matter pollution,1,Number,2013,2692.254918,4041.957001,1568.945921
1,All Population,3,YLDs (Years Lived with Disability),4873,Uttar Pradesh,1,Male,15,50-54 years,500,Atrial fibrillation and flutter,91,Lead exposure,1,Number,2013,45.9618682,148.0052558,-5.510514263
1,All Population,3,YLDs (Years Lived with Disability),4873,Uttar Pradesh,2,Female,15,50-54 years,500,Atrial fibrillation and flutter,91,Lead exposure,1,Number,2013,33.25477707,103.9870876,-3.89503797
1,All Population,3,YLDs (Years Lived with Disability),4857,Kerala,1,Male,15,50-54 years,502,Lower extremity peripheral arterial disease,91,Lead exposure,1,Number,2013,0.091843905,0.319125539,-0.012538165
1,All Population,3,YLDs (Years Lived with Disability),4857,Kerala,2,Female,15,50-54 years,502,Lower extremity peripheral arterial disease,91,Lead exposure,1,Number,2013,0.12188209,0.421427345,-0.015056742
1,All Population,3,YLDs (Years Lived with Disability),4860,Maharashtra,1,Male,15,50-54 years,494,Stroke,380,Particulate matter pollution,1,Number,2013,2218.216344,3543.444042,1185.005628
1,All Population,3,YLDs (Years Lived with Disability),4860,Maharashtra,2,Female,15,50-54 years,494,Stroke,380,Particulate matter pollution,1,Number,2013,1667.203815,2624.767042,934.0006666
1,All Population,3,YLDs (Years Lived with Disability),4873,Uttar Pradesh,1,Male,15,50-54 years,502,Lower extremity peripheral arterial disease,91,Lead exposure,1,Number,2013,0.50857083,1.603828592,-0.049356174
1,All Population,3,YLDs (Years Lived with Disability),4873,Uttar Pradesh,2,Female,15,50-54 years,502,Lower extremity peripheral arterial disease,91,Lead exposure,1,Number,2013,0.566476049,1.859976098,-0.060675522
1,All Population,3,YLDs (Years Lived with Disability),4875,West Bengal,1,Male,15,50-54 years,500,Atrial fibrillation and flutter,91,Lead exposure,1,Number,2013,26.17229567,81.43772151,-4.172914848
1,All Population,3,YLDs (Years Lived with Disability),4875,West Bengal,2,Female,15,50-54 years,500,Atrial fibrillation and flutter,91,Lead exposure,1,Number,2013,18.39106953,61.87169885,-2.927517935
1,All Population,3,YLDs (Years Lived with Disability),4849,Delhi,1,Male,15,50-54 years,493,Ischemic heart disease,380,Particulate matter pollution,1,Number,2013,301.2335624,457.5629467,175.9766534
1,All Population,3,YLDs (Years Lived with Disability),4849,Delhi,2,Female,15,50-54 years,493,Ischemic heart disease,380,Particulate matter pollution,1,Number,2013,175.5704417,266.3109231,102.449374
1,All Population,3,YLDs (Years Lived with Disability),4849,Delhi,1,Male,15,50-54 years,494,Stroke,91,Lead exposure,1,Number,2013,42.6793937,119.6657893,-4.846882647
1,All Population,3,YLDs (Years Lived with Disability),4849,Delhi,2,Female,15,50-54 years,494,Stroke,91,Lead exposure,1,Number,2013,33.91407754,95.60606685,-3.798395133
1,All Population,3,YLDs (Years Lived with Disability),4863,Mizoram,1,Male,15,50-54 years,493,Ischemic heart disease,91,Lead exposure,1,Number,2013,8.2050006,12.03461887,5.004933774
1,All Population,3,YLDs (Years Lived with Disability),4863,Mizoram,2,Female,15,50-54 years,493,Ischemic heart disease,91,Lead exposure,1,Number,2013,4.670911793,6.931352217,2.7457856
1,All Population,3,YLDs (Years Lived with Disability),4869,Sikkim,1,Male,15,50-54 years,493,Ischemic heart disease,91,Lead exposure,1,Number,2013,7.56922572,11.12424182,4.697913131
1,All Population,3,YLDs (Years Lived with Disability),4869,Sikkim,2,Female,15,50-54 years,493,Ischemic heart disease,91,Lead exposure,1,Number,2013,3.591484132,5.277504243,2.141424294
1,All Population,3,YLDs (Years Lived with Disability),4860,Maharashtra,1,Male,15,50-54 years,500,Atrial fibrillation and flutter,91,Lead exposure,1,Number,2013,28.89415784,79.3649171,-3.968075954
1,All Population,3,YLDs (Years Lived with Disability),4860,Maharashtra,2,Female,15,50-54 years,500,Atrial fibrillation and flutter,91,Lead exposure,1,Number,2013,20.36151679,60.32267733,-3.129607921
1,All Population,3,YLDs (Years Lived with Disability),4846,Chhattisgarh,1,Male,15,50-54 years,493,Ischemic heart disease,91,Lead exposure,1,Number,2013,309.4558429,457.2895703,180.8541585
1,All Population,3,YLDs (Years Lived with Disability),4846,Chhattisgarh,2,Female,15,50-54 years,493,Ischemic heart disease,91,Lead exposure,1,Number,2013,180.5650527,266.9288272,106.4738281
1,All Population,3,YLDs (Years Lived with Disability),4859,Madhya Pradesh,1,Male,15,50-54 years,493,Ischemic heart disease,380,Particulate matter pollution,1,Number,2013,1131.119948,1683.956959,672.0865916
1,All Population,3,YLDs (Years Lived with Disability),4859,Madhya Pradesh,2,Female,15,50-54 years,493,Ischemic heart disease,380,Particulate matter pollution,1,Number,2013,613.3210114,921.8288653,363.8410686
1,All Population,3,YLDs (Years Lived with Disability),4859,Madhya Pradesh,1,Male,15,50-54 years,494,Stroke,91,Lead exposure,1,Number,2013,235.8278205,585.9168597,-42.65949658
1,All Population,3,YLDs (Years Lived with Disability),4859,Madhya Pradesh,2,Female,15,50-54 years,494,Stroke,91,Lead exposure,1,Number,2013,167.822036,410.226247,-29.84856883
1,All Population,3,YLDs (Years Lived with Disability),4859,Madhya Pradesh,1,Male,15,50-54 years,498,Hypertensive heart disease,91,Lead exposure,1,Number,2013,10.95910156,28.83362935,0
1,All Population,3,YLDs (Years Lived with Disability),4859,Madhya Pradesh,2,Female,15,50-54 years,498,Hypertensive heart disease,91,Lead exposure,1,Number,2013,19.86106578,43.93641251,0
1,All Population,3,YLDs (Years Lived with Disability),4851,Gujarat,1,Male,15,50-54 years,493,Ischemic heart disease,91,Lead exposure,1,Number,2013,1102.735392,1601.550451,655.8827419
1,All Population,3,YLDs (Years Lived with Disability),4851,Gujarat,2,Female,15,50-54 years,493,Ischemic heart disease,91,Lead exposure,1,Number,2013,576.9217745,841.932022,347.9130596
1,All Population,3,YLDs (Years Lived with Disability),4852,Haryana,1,Male,15,50-54 years,502,Lower extremity peripheral arterial disease,91,Lead exposure,1,Number,2013,0.05309497,0.160072883,-0.005513178
1,All Population,3,YLDs (Years Lived with Disability),4852,Haryana,2,Female,15,50-54 years,502,Lower extremity peripheral arterial disease,91,Lead exposure,1,Number,2013,0.061660595,0.19205319,-0.00693297
1,All Population,3,YLDs (Years Lived with Disability),4854,Jammu & Kashmir and Ladakh,1,Male,15,50-54 years,494,Stroke,380,Particulate matter pollution,1,Number,2013,159.4976431,253.9047383,90.93528825
1,All Population,3,YLDs (Years Lived with Disability),4854,Jammu & Kashmir and Ladakh,2,Female,15,50-54 years,494,Stroke,380,Particulate matter pollution,1,Number,2013,129.8460422,201.7631147,72.61241638
1,All Population,3,YLDs (Years Lived with Disability),4870,Tamil Nadu,1,Male,15,50-54 years,494,Stroke,380,Particulate matter pollution,1,Number,2013,1355.903219,2038.321743,686.7418782
1,All Population,3,YLDs (Years Lived with Disability),4870,Tamil Nadu,2,Female,15,50-54 years,494,Stroke,380,Particulate matter pollution,1,Number,2013,1216.853835,1912.670258,698.8827055
1,All Population,3,YLDs (Years Lived with Disability),4850,Goa,1,Male,15,50-54 years,494,Stroke,91,Lead exposure,1,Number,2013,6.11944468,16.40640454,-1.082566179
1,All Population,3,YLDs (Years Lived with Disability),4850,Goa,2,Female,15,50-54 years,494,Stroke,91,Lead exposure,1,Number,2013,4.97330194,14.45004942,-0.959858413
1,All Population,3,YLDs (Years Lived with Disability),4861,Manipur,1,Male,15,50-54 years,500,Atrial fibrillation and flutter,91,Lead exposure,1,Number,2013,0.868887348,2.655977419,-0.14951816
1,All Population,3,YLDs (Years Lived with Disability),4861,Manipur,2,Female,15,50-54 years,500,Atrial fibrillation and flutter,91,Lead exposure,1,Number,2013,0.610935741,1.856739119,-0.098727302
1,All Population,3,YLDs (Years Lived with Disability),4867,Punjab,1,Male,15,50-54 years,493,Ischemic heart disease,91,Lead exposure,1,Number,2013,451.3617059,696.0574047,258.9945848
1,All Population,3,YLDs (Years Lived with Disability),4867,Punjab,2,Female,15,50-54 years,493,Ischemic heart disease,91,Lead exposure,1,Number,2013,256.8942757,376.2044037,147.957328
1,All Population,3,YLDs (Years Lived with Disability),4856,Karnataka,1,Male,15,50-54 years,494,Stroke,380,Particulate matter pollution,1,Number,2013,1145.595809,1783.827646,625.7265863
1,All Population,3,YLDs (Years Lived with Disability),4856,Karnataka,2,Female,15,50-54 years,494,Stroke,380,Particulate matter pollution,1,Number,2013,894.8071964,1366.10227,503.6402734
1,All Population,3,YLDs (Years Lived with Disability),4856,Karnataka,1,Male,15,50-54 years,498,Hypertensive heart disease,91,Lead exposure,1,Number,2013,11.16914927,31.0018026,0
1,All Population,3,YLDs (Years Lived with Disability),4856,Karnataka,2,Female,15,50-54 years,498,Hypertensive heart disease,91,Lead exposure,1,Number,2013,18.09708131,41.68406138,0
1,All Population,3,YLDs (Years Lived with Disability),4861,Manipur,1,Male,15,50-54 years,493,Ischemic heart disease,380,Particulate matter pollution,1,Number,2013,32.01020735,47.99105362,18.16036038
1,All Population,3,YLDs (Years Lived with Disability),4861,Manipur,2,Female,15,50-54 years,493,Ischemic heart disease,380,Particulate matter pollution,1,Number,2013,23.92073459,36.41180838,13.52210239
1,All Population,3,YLDs (Years Lived with Disability),4861,Manipur,1,Male,15,50-54 years,494,Stroke,91,Lead exposure,1,Number,2013,14.24735478,38.00202278,-2.493799918
1,All Population,3,YLDs (Years Lived with Disability),4861,Manipur,2,Female,15,50-54 years,494,Stroke,91,Lead exposure,1,Number,2013,8.731738062,22.83288619,-1.311116144
1,All Population,3,YLDs (Years Lived with Disability),4854,Jammu & Kashmir and Ladakh,1,Male,15,50-54 years,500,Atrial fibrillation and flutter,91,Lead exposure,1,Number,2013,2.369018236,7.262320154,-0.349496217
1,All Population,3,YLDs (Years Lived with Disability),4854,Jammu & Kashmir and Ladakh,2,Female,15,50-54 years,500,Atrial fibrillation and flutter,91,Lead exposure,1,Number,2013,1.610340765,4.593722929,-0.218043271
1,All Population,3,YLDs (Years Lived with Disability),4868,Rajasthan,1,Male,15,50-54 years,502,Lower extremity peripheral arterial disease,91,Lead exposure,1,Number,2013,0.08949183,0.279738175,-0.010442543
1,All Population,3,YLDs (Years Lived with Disability),4868,Rajasthan,2,Female,15,50-54 years,502,Lower extremity peripheral arterial disease,91,Lead exposure,1,Number,2013,0.089137458,0.263591585,-0.011566951
1,All Population,3,YLDs (Years Lived with Disability),4850,Goa,1,Male,15,50-54 years,498,Hypertensive heart disease,91,Lead exposure,1,Number,2013,0.299165574,0.80667312,0
1,All Population,3,YLDs (Years Lived with Disability),4850,Goa,2,Female,15,50-54 years,498,Hypertensive heart disease,91,Lead exposure,1,Number,2013,0.43145476,1.044895529,0
1,All Population,3,YLDs (Years Lived with Disability),4870,Tamil Nadu,1,Male,15,50-54 years,500,Atrial fibrillation and flutter,91,Lead exposure,1,Number,2013,27.96626412,92.51426596,-3.634992112
1,All Population,3,YLDs (Years Lived with Disability),4870,Tamil Nadu,2,Female,15,50-54 years,500,Atrial fibrillation and flutter,91,Lead exposure,1,Number,2013,20.24842682,59.58265455,-2.747164476
1,All Population,3,YLDs (Years Lived with Disability),4856,Karnataka,1,Male,15,50-54 years,493,Ischemic heart disease,91,Lead exposure,1,Number,2013,1060.824665,1577.150426,658.275795
1,All Population,3,YLDs (Years Lived with Disability),4856,Karnataka,2,Female,15,50-54 years,493,Ischemic heart disease,91,Lead exposure,1,Number,2013,634.3190388,938.3738847,379.7663786
1,All Population,3,YLDs (Years Lived with Disability),4865,Odisha,1,Male,15,50-54 years,493,Ischemic heart disease,91,Lead exposure,1,Number,2013,415.1065176,597.2422506,253.0434138
1,All Population,3,YLDs (Years Lived with Disability),4865,Odisha,2,Female,15,50-54 years,493,Ischemic heart disease,91,Lead exposure,1,Number,2013,239.4300771,347.6706496,133.8724476
1,All Population,3,YLDs (Years Lived with Disability),4843,Assam,1,Male,15,50-54 years,493,Ischemic heart disease,380,Particulate matter pollution,1,Number,2015,354.299441,537.3606976,201.6865263
1,All Population,3,YLDs (Years Lived with Disability),4843,Assam,2,Female,15,50-54 years,493,Ischemic heart disease,380,Particulate matter pollution,1,Number,2015,221.925263,343.1554963,126.7101997
1,All Population,3,YLDs (Years Lived with Disability),4843,Assam,1,Male,15,50-54 years,494,Stroke,91,Lead exposure,1,Number,2015,170.4094614,477.7117483,-25.4213036
1,All Population,3,YLDs (Years Lived with Disability),4843,Assam,2,Female,15,50-54 years,494,Stroke,91,Lead exposure,1,Number,2015,93.27458029,256.2125678,-12.63825084
1,All Population,3,YLDs (Years Lived with Disability),4861,Manipur,1,Male,15,50-54 years,502,Lower extremity peripheral arterial disease,91,Lead exposure,1,Number,2013,0.008226901,0.024403336,-0.000872341
1,All Population,3,YLDs (Years Lived with Disability),4861,Manipur,2,Female,15,50-54 years,502,Lower extremity peripheral arterial disease,91,Lead exposure,1,Number,2013,0.01052745,0.032649056,-0.001492148
1,All Population,3,YLDs (Years Lived with Disability),4852,Haryana,1,Male,15,50-54 years,502,Lower extremity peripheral arterial disease,91,Lead exposure,1,Number,2015,0.054403724,0.174110355,-0.005924358
1,All Population,3,YLDs (Years Lived with Disability),4852,Haryana,2,Female,15,50-54 years,502,Lower extremity peripheral arterial disease,91,Lead exposure,1,Number,2015,0.065702314,0.21482707,-0.007744616
1,All Population,3,YLDs (Years Lived with Disability),4861,Manipur,1,Male,15,50-54 years,493,Ischemic heart disease,380,Particulate matter pollution,1,Number,2015,31.85482962,47.79437744,17.93617786
1,All Population,3,YLDs (Years Lived with Disability),4861,Manipur,2,Female,15,50-54 years,493,Ischemic heart disease,380,Particulate matter pollution,1,Number,2015,24.04477052,36.85158486,13.58384023
1,All Population,3,YLDs (Years Lived with Disability),4861,Manipur,1,Male,15,50-54 years,494,Stroke,91,Lead exposure,1,Number,2015,15.08619662,40.05347058,-2.287093615
1,All Population,3,YLDs (Years Lived with Disability),4861,Manipur,2,Female,15,50-54 years,494,Stroke,91,Lead exposure,1,Number,2015,9.454932505,24.0180927,-1.650169093
1,All Population,3,YLDs (Years Lived with Disability),4865,Odisha,1,Male,15,50-54 years,494,Stroke,91,Lead exposure,1,Number,2013,191.9587421,467.0231961,-32.23775284
1,All Population,3,YLDs (Years Lived with Disability),4865,Odisha,2,Female,15,50-54 years,494,Stroke,91,Lead exposure,1,Number,2013,133.9494398,381.9697315,-18.43160411
1,All Population,3,YLDs (Years Lived with Disability),4854,Jammu & Kashmir and Ladakh,1,Male,15,50-54 years,494,Stroke,380,Particulate matter pollution,1,Number,2015,164.7929576,260.5082898,96.07225633
1,All Population,3,YLDs (Years Lived with Disability),4854,Jammu & Kashmir and Ladakh,2,Female,15,50-54 years,494,Stroke,380,Particulate matter pollution,1,Number,2015,134.6559029,217.4354977,72.93653716
1,All Population,3,YLDs (Years Lived with Disability),4859,Madhya Pradesh,1,Male,15,50-54 years,502,Lower extremity peripheral arterial disease,91,Lead exposure,1,Number,2013,0.168652024,0.591720872,-0.017833517
1,All Population,3,YLDs (Years Lived with Disability),4859,Madhya Pradesh,2,Female,15,50-54 years,502,Lower extremity peripheral arterial disease,91,Lead exposure,1,Number,2013,0.188280078,0.659996478,-0.021682994
1,All Population,3,YLDs (Years Lived with Disability),4846,Chhattisgarh,1,Male,15,50-54 years,493,Ischemic heart disease,91,Lead exposure,1,Number,2015,314.5718967,459.1580761,187.6043229
1,All Population,3,YLDs (Years Lived with Disability),4846,Chhattisgarh,2,Female,15,50-54 years,493,Ischemic heart disease,91,Lead exposure,1,Number,2015,183.3741587,269.7937758,108.1432265
1,All Population,3,YLDs (Years Lived with Disability),4865,Odisha,1,Male,15,50-54 years,498,Hypertensive heart disease,91,Lead exposure,1,Number,2013,14.29397219,37.14113148,0
1,All Population,3,YLDs (Years Lived with Disability),4865,Odisha,2,Female,15,50-54 years,498,Hypertensive heart disease,91,Lead exposure,1,Number,2013,15.20667787,37.72422777,0
1,All Population,3,YLDs (Years Lived with Disability),4841,Andhra Pradesh,1,Male,15,50-54 years,493,Ischemic heart disease,380,Particulate matter pollution,1,Number,2015,761.6493502,1159.092564,441.7604489
1,All Population,3,YLDs (Years Lived with Disability),4841,Andhra Pradesh,2,Female,15,50-54 years,493,Ischemic heart disease,380,Particulate matter pollution,1,Number,2015,475.9206728,719.012043,276.6971569
1,All Population,3,YLDs (Years Lived with Disability),4841,Andhra Pradesh,1,Male,15,50-54 years,494,Stroke,91,Lead exposure,1,Number,2015,170.6125372,474.5010881,-24.21463857
1,All Population,3,YLDs (Years Lived with Disability),4841,Andhra Pradesh,2,Female,15,50-54 years,494,Stroke,91,Lead exposure,1,Number,2015,133.7493862,382.1879695,-18.06361389
1,All Population,3,YLDs (Years Lived with Disability),4863,Mizoram,1,Male,15,50-54 years,493,Ischemic heart disease,91,Lead exposure,1,Number,2015,8.237644632,12.25290086,4.938835606
1,All Population,3,YLDs (Years Lived with Disability),4863,Mizoram,2,Female,15,50-54 years,493,Ischemic heart disease,91,Lead exposure,1,Number,2015,4.670621673,6.887960281,2.772388467
1,All Population,3,YLDs (Years Lived with Disability),4856,Karnataka,1,Male,15,50-54 years,494,Stroke,380,Particulate matter pollution,1,Number,2015,1128.41106,1764.11294,649.0365527
1,All Population,3,YLDs (Years Lived with Disability),4856,Karnataka,2,Female,15,50-54 years,494,Stroke,380,Particulate matter pollution,1,Number,2015,918.8189483,1400.305893,490.1895561
1,All Population,3,YLDs (Years Lived with Disability),4856,Karnataka,1,Male,15,50-54 years,498,Hypertensive heart disease,91,Lead exposure,1,Number,2015,11.18738092,26.99822487,0
1,All Population,3,YLDs (Years Lived with Disability),4856,Karnataka,2,Female,15,50-54 years,498,Hypertensive heart disease,91,Lead exposure,1,Number,2015,18.89632362,44.40563617,0
1,All Population,3,YLDs (Years Lived with Disability),4850,Goa,1,Male,15,50-54 years,493,Ischemic heart disease,91,Lead exposure,1,Number,2015,23.41482986,34.33405807,13.94141526
1,All Population,3,YLDs (Years Lived with Disability),4850,Goa,2,Female,15,50-54 years,493,Ischemic heart disease,91,Lead exposure,1,Number,2015,14.02907385,20.24563204,8.427512895
1,All Population,3,YLDs (Years Lived with Disability),4852,Haryana,1,Male,15,50-54 years,493,Ischemic heart disease,380,Particulate matter pollution,1,Number,2013,460.614038,704.1334169,260.8449633
1,All Population,3,YLDs (Years Lived with Disability),4852,Haryana,2,Female,15,50-54 years,493,Ischemic heart disease,380,Particulate matter pollution,1,Number,2013,234.2455989,343.7626002,135.8991568
1,All Population,3,YLDs (Years Lived with Disability),4874,Uttarakhand,1,Male,15,50-54 years,493,Ischemic heart disease,380,Particulate matter pollution,1,Number,2013,186.4000013,283.5181417,106.9115378
1,All Population,3,YLDs (Years Lived with Disability),4874,Uttarakhand,2,Female,15,50-54 years,493,Ischemic heart disease,380,Particulate matter pollution,1,Number,2013,109.8055368,164.5384353,62.26246377
1,All Population,3,YLDs (Years Lived with Disability),4874,Uttarakhand,1,Male,15,50-54 years,494,Stroke,91,Lead exposure,1,Number,2013,39.95274285,99.13226287,-6.779893901
1,All Population,3,YLDs (Years Lived with Disability),4874,Uttarakhand,2,Female,15,50-54 years,494,Stroke,91,Lead exposure,1,Number,2013,25.9082113,66.08390101,-3.989508734
1,All Population,3,YLDs (Years Lived with Disability),4874,Uttarakhand,1,Male,15,50-54 years,502,Lower extremity peripheral arterial disease,91,Lead exposure,1,Number,2013,0.023460105,0.07106407,-0.002405108
1,All Population,3,YLDs (Years Lived with Disability),4874,Uttarakhand,2,Female,15,50-54 years,502,Lower extremity peripheral arterial disease,91,Lead exposure,1,Number,2013,0.030515102,0.095492304,-0.002811673
1,All Population,3,YLDs (Years Lived with Disability),4859,Madhya Pradesh,1,Male,15,50-54 years,493,Ischemic heart disease,380,Particulate matter pollution,1,Number,2015,1151.714403,1759.531401,652.782861
1,All Population,3,YLDs (Years Lived with Disability),4859,Madhya Pradesh,2,Female,15,50-54 years,493,Ischemic heart disease,380,Particulate matter pollution,1,Number,2015,619.1097397,932.7272753,345.6063106
1,All Population,3,YLDs (Years Lived with Disability),4859,Madhya Pradesh,1,Male,15,50-54 years,494,Stroke,91,Lead exposure,1,Number,2015,251.370711,587.7315465,-45.26366181
1,All Population,3,YLDs (Years Lived with Disability),4859,Madhya Pradesh,2,Female,15,50-54 years,494,Stroke,91,Lead exposure,1,Number,2015,180.1985059,441.6097241,-27.79649966
1,All Population,3,YLDs (Years Lived with Disability),4843,Assam,1,Male,15,50-54 years,500,Atrial fibrillation and flutter,91,Lead exposure,1,Number,2013,7.945128792,26.76345946,-1.118818886
1,All Population,3,YLDs (Years Lived with Disability),4843,Assam,2,Female,15,50-54 years,500,Atrial fibrillation and flutter,91,Lead exposure,1,Number,2013,5.076691527,16.681501,-0.734879025
1,All Population,3,YLDs (Years Lived with Disability),4843,Assam,1,Male,15,50-54 years,502,Lower extremity peripheral arterial disease,91,Lead exposure,1,Number,2013,0.068159917,0.221533684,-0.008710671
1,All Population,3,YLDs (Years Lived with Disability),4843,Assam,2,Female,15,50-54 years,502,Lower extremity peripheral arterial disease,91,Lead exposure,1,Number,2013,0.073572015,0.250147091,-0.009511673
1,All Population,3,YLDs (Years Lived with Disability),4864,Nagaland,1,Male,15,50-54 years,493,Ischemic heart disease,380,Particulate matter pollution,1,Number,2013,18.31311363,27.67863143,10.14947047
1,All Population,3,YLDs (Years Lived with Disability),4864,Nagaland,2,Female,15,50-54 years,493,Ischemic heart disease,380,Particulate matter pollution,1,Number,2013,11.97604703,17.86433647,7.084450439
1,All Population,3,YLDs (Years Lived with Disability),4864,Nagaland,1,Male,15,50-54 years,494,Stroke,91,Lead exposure,1,Number,2013,8.159821953,21.37675496,-1.203191528
1,All Population,3,YLDs (Years Lived with Disability),4864,Nagaland,2,Female,15,50-54 years,494,Stroke,91,Lead exposure,1,Number,2013,3.943741715,10.22946417,-0.609833952
1,All Population,3,YLDs (Years Lived with Disability),4841,Andhra Pradesh,1,Male,15,50-54 years,493,Ischemic heart disease,380,Particulate matter pollution,1,Number,2013,796.9066021,1213.006806,460.5813623
1,All Population,3,YLDs (Years Lived with Disability),4841,Andhra Pradesh,2,Female,15,50-54 years,493,Ischemic heart disease,380,Particulate matter pollution,1,Number,2013,502.9623778,766.6540024,272.9738634
1,All Population,3,YLDs (Years Lived with Disability),4841,Andhra Pradesh,1,Male,15,50-54 years,494,Stroke,91,Lead exposure,1,Number,2013,164.4612932,454.0021374,-23.18038727
1,All Population,3,YLDs (Years Lived with Disability),4841,Andhra Pradesh,2,Female,15,50-54 years,494,Stroke,91,Lead exposure,1,Number,2013,128.0808971,349.4119551,-14.93036431
1,All Population,3,YLDs (Years Lived with Disability),4859,Madhya Pradesh,1,Male,15,50-54 years,498,Hypertensive heart disease,91,Lead exposure,1,Number,2015,11.55702342,30.20934314,0
1,All Population,3,YLDs (Years Lived with Disability),4859,Madhya Pradesh,2,Female,15,50-54 years,498,Hypertensive heart disease,91,Lead exposure,1,Number,2015,21.94436759,55.64042103,0
1,All Population,3,YLDs (Years Lived with Disability),4843,Assam,1,Male,15,50-54 years,493,Ischemic heart disease,380,Particulate matter pollution,1,Number,2013,360.2079838,546.8986021,213.726744
1,All Population,3,YLDs (Years Lived with Disability),4843,Assam,2,Female,15,50-54 years,493,Ischemic heart disease,380,Particulate matter pollution,1,Number,2013,223.8916495,337.6650198,130.1173689
1,All Population,3,YLDs (Years Lived with Disability),4843,Assam,1,Male,15,50-54 years,494,Stroke,91,Lead exposure,1,Number,2013,164.4672493,454.8368861,-26.03066316
1,All Population,3,YLDs (Years Lived with Disability),4843,Assam,2,Female,15,50-54 years,494,Stroke,91,Lead exposure,1,Number,2013,87.97405645,244.7045196,-11.79817412
1,All Population,3,YLDs (Years Lived with Disability),4854,Jammu & Kashmir and Ladakh,1,Male,15,50-54 years,500,Atrial fibrillation and flutter,91,Lead exposure,1,Number,2015,2.46666154,7.54119837,-0.359974681
1,All Population,3,YLDs (Years Lived with Disability),4854,Jammu & Kashmir and Ladakh,2,Female,15,50-54 years,500,Atrial fibrillation and flutter,91,Lead exposure,1,Number,2015,1.66581464,5.201995066,-0.221730712
1,All Population,3,YLDs (Years Lived with Disability),4868,Rajasthan,1,Male,15,50-54 years,493,Ischemic heart disease,380,Particulate matter pollution,1,Number,2013,1172.612027,1768.263137,671.3942444
1,All Population,3,YLDs (Years Lived with Disability),4868,Rajasthan,2,Female,15,50-54 years,493,Ischemic heart disease,380,Particulate matter pollution,1,Number,2013,623.0835506,946.6939118,368.1743099
1,All Population,3,YLDs (Years Lived with Disability),4868,Rajasthan,1,Male,15,50-54 years,494,Stroke,91,Lead exposure,1,Number,2013,113.7876479,276.9824794,-17.99427528
1,All Population,3,YLDs (Years Lived with Disability),4868,Rajasthan,2,Female,15,50-54 years,494,Stroke,91,Lead exposure,1,Number,2013,74.42222164,199.4023226,-9.993728285
1,All Population,3,YLDs (Years Lived with Disability),4852,Haryana,1,Male,15,50-54 years,494,Stroke,91,Lead exposure,1,Number,2013,91.72312124,242.511808,-12.02663645
1,All Population,3,YLDs (Years Lived with Disability),4852,Haryana,2,Female,15,50-54 years,494,Stroke,91,Lead exposure,1,Number,2013,66.43107932,165.5944945,-9.056819682
1,All Population,3,YLDs (Years Lived with Disability),4870,Tamil Nadu,1,Male,15,50-54 years,500,Atrial fibrillation and flutter,91,Lead exposure,1,Number,2015,28.74050275,102.222959,-4.20577098
1,All Population,3,YLDs (Years Lived with Disability),4870,Tamil Nadu,2,Female,15,50-54 years,500,Atrial fibrillation and flutter,91,Lead exposure,1,Number,2015,21.68314011,70.93455562,-3.180620451
1,All Population,3,YLDs (Years Lived with Disability),4868,Rajasthan,1,Male,15,50-54 years,502,Lower extremity peripheral arterial disease,91,Lead exposure,1,Number,2015,0.092266569,0.293448984,-0.010107301
1,All Population,3,YLDs (Years Lived with Disability),4868,Rajasthan,2,Female,15,50-54 years,502,Lower extremity peripheral arterial disease,91,Lead exposure,1,Number,2015,0.093226771,0.285453678,-0.012726867
1,All Population,3,YLDs (Years Lived with Disability),4841,Andhra Pradesh,1,Male,15,50-54 years,498,Hypertensive heart disease,91,Lead exposure,1,Number,2015,7.068970161,16.82979592,0
1,All Population,3,YLDs (Years Lived with Disability),4841,Andhra Pradesh,2,Female,15,50-54 years,498,Hypertensive heart disease,91,Lead exposure,1,Number,2015,12.61888426,30.5270613,0
1,All Population,3,YLDs (Years Lived with Disability),4841,Andhra Pradesh,1,Male,15,50-54 years,502,Lower extremity peripheral arterial disease,91,Lead exposure,1,Number,2013,0.115867867,0.355077283,-0.013949159
1,All Population,3,YLDs (Years Lived with Disability),4841,Andhra Pradesh,2,Female,15,50-54 years,502,Lower extremity peripheral arterial disease,91,Lead exposure,1,Number,2013,0.138214891,0.454945316,-0.016849373
1,All Population,3,YLDs (Years Lived with Disability),4852,Haryana,1,Male,15,50-54 years,498,Hypertensive heart disease,91,Lead exposure,1,Number,2013,3.248259263,7.848183832,0
1,All Population,3,YLDs (Years Lived with Disability),4852,Haryana,2,Female,15,50-54 years,498,Hypertensive heart disease,91,Lead exposure,1,Number,2013,5.517785456,12.91565888,0
1,All Population,3,YLDs (Years Lived with Disability),4872,Tripura,1,Male,15,50-54 years,493,Ischemic heart disease,91,Lead exposure,1,Number,2013,49.53338577,72.24080997,30.18482903
1,All Population,3,YLDs (Years Lived with Disability),4872,Tripura,2,Female,15,50-54 years,493,Ischemic heart disease,91,Lead exposure,1,Number,2013,27.09790271,39.82324066,15.83331198
1,All Population,3,YLDs (Years Lived with Disability),44538,Other Union Territories,1,Male,15,50-54 years,494,Stroke,380,Particulate matter pollution,1,Number,2013,45.07544576,69.60285051,24.09037507
1,All Population,3,YLDs (Years Lived with Disability),44538,Other Union Territories,2,Female,15,50-54 years,494,Stroke,380,Particulate matter pollution,1,Number,2013,39.83981663,63.83470521,21.48546878
1,All Population,3,YLDs (Years Lived with Disability),4872,Tripura,1,Male,15,50-54 years,498,Hypertensive heart disease,91,Lead exposure,1,Number,2015,0.789108539,2.007567966,0
1,All Population,3,YLDs (Years Lived with Disability),4872,Tripura,2,Female,15,50-54 years,498,Hypertensive heart disease,91,Lead exposure,1,Number,2015,1.159128025,3.013197652,0
1,All Population,3,YLDs (Years Lived with Disability),4874,Uttarakhand,1,Male,15,50-54 years,498,Hypertensive heart disease,91,Lead exposure,1,Number,2013,1.515541327,3.668139165,0
1,All Population,3,YLDs (Years Lived with Disability),4874,Uttarakhand,2,Female,15,50-54 years,498,Hypertensive heart disease,91,Lead exposure,1,Number,2013,2.392876241,5.970370452,0
1,All Population,3,YLDs (Years Lived with Disability),4841,Andhra Pradesh,1,Male,15,50-54 years,498,Hypertensive heart disease,91,Lead exposure,1,Number,2013,7.008924037,19.06396919,0
1,All Population,3,YLDs (Years Lived with Disability),4841,Andhra Pradesh,2,Female,15,50-54 years,498,Hypertensive heart disease,91,Lead exposure,1,Number,2013,11.88689044,28.70221166,0
1,All Population,3,YLDs (Years Lived with Disability),4868,Rajasthan,1,Male,15,50-54 years,498,Hypertensive heart disease,91,Lead exposure,1,Number,2013,6.761700036,16.91078921,0
1,All Population,3,YLDs (Years Lived with Disability),4868,Rajasthan,2,Female,15,50-54 years,498,Hypertensive heart disease,91,Lead exposure,1,Number,2013,10.42536836,27.21548853,0
1,All Population,3,YLDs (Years Lived with Disability),4874,Uttarakhand,1,Male,15,50-54 years,498,Hypertensive heart disease,91,Lead exposure,1,Number,2015,1.459240268,3.812328833,0
1,All Population,3,YLDs (Years Lived with Disability),4874,Uttarakhand,2,Female,15,50-54 years,498,Hypertensive heart disease,91,Lead exposure,1,Number,2015,2.571426926,6.188890754,0
1,All Population,3,YLDs (Years Lived with Disability),4865,Odisha,1,Male,15,50-54 years,493,Ischemic heart disease,91,Lead exposure,1,Number,2015,411.2963451,609.6526058,252.2729833
1,All Population,3,YLDs (Years Lived with Disability),4865,Odisha,2,Female,15,50-54 years,493,Ischemic heart disease,91,Lead exposure,1,Number,2015,239.6199417,368.2267153,136.8011207
1,All Population,3,YLDs (Years Lived with Disability),4872,Tripura,1,Male,15,50-54 years,494,Stroke,380,Particulate matter pollution,1,Number,2013,125.9381417,195.8307307,74.0867989
1,All Population,3,YLDs (Years Lived with Disability),4872,Tripura,2,Female,15,50-54 years,494,Stroke,380,Particulate matter pollution,1,Number,2013,83.19872294,126.6609291,48.26149382
1,All Population,3,YLDs (Years Lived with Disability),44538,Other Union Territories,1,Male,15,50-54 years,500,Atrial fibrillation and flutter,91,Lead exposure,1,Number,2013,0.994862087,3.270423719,-0.158499834
1,All Population,3,YLDs (Years Lived with Disability),44538,Other Union Territories,2,Female,15,50-54 years,500,Atrial fibrillation and flutter,91,Lead exposure,1,Number,2013,0.618549911,1.960049669,-0.093045684
1,All Population,3,YLDs (Years Lived with Disability),4872,Tripura,1,Male,15,50-54 years,498,Hypertensive heart disease,91,Lead exposure,1,Number,2013,0.758926516,1.929228137,0
1,All Population,3,YLDs (Years Lived with Disability),4872,Tripura,2,Female,15,50-54 years,498,Hypertensive heart disease,91,Lead exposure,1,Number,2013,1.046426089,2.701694464,0
1,All Population,3,YLDs (Years Lived with Disability),44538,Other Union Territories,1,Male,15,50-54 years,502,Lower extremity peripheral arterial disease,91,Lead exposure,1,Number,2013,0.009297956,0.033737351,-0.001309859
1,All Population,3,YLDs (Years Lived with Disability),44538,Other Union Territories,2,Female,15,50-54 years,502,Lower extremity peripheral arterial disease,91,Lead exposure,1,Number,2013,0.010230685,0.03375045,-0.001512519
1,All Population,3,YLDs (Years Lived with Disability),4846,Chhattisgarh,1,Male,15,50-54 years,494,Stroke,380,Particulate matter pollution,1,Number,2013,715.8957156,1088.411671,415.4392955
1,All Population,3,YLDs (Years Lived with Disability),4846,Chhattisgarh,2,Female,15,50-54 years,494,Stroke,380,Particulate matter pollution,1,Number,2013,542.773239,837.5512015,312.8786492
1,All Population,3,YLDs (Years Lived with Disability),44538,Other Union Territories,1,Male,15,50-54 years,494,Stroke,91,Lead exposure,1,Number,2013,11.33605808,28.55625153,-2.211608354
1,All Population,3,YLDs (Years Lived with Disability),44538,Other Union Territories,2,Female,15,50-54 years,494,Stroke,91,Lead exposure,1,Number,2013,8.277538918,20.31524828,-1.622482165
1,All Population,3,YLDs (Years Lived with Disability),4863,Mizoram,1,Male,15,50-54 years,494,Stroke,380,Particulate matter pollution,1,Number,2013,13.59183669,22.24299667,7.327580101
1,All Population,3,YLDs (Years Lived with Disability),4863,Mizoram,2,Female,15,50-54 years,494,Stroke,380,Particulate matter pollution,1,Number,2013,11.36476454,17.44108258,6.532565486
1,All Population,3,YLDs (Years Lived with Disability),4863,Mizoram,1,Male,15,50-54 years,500,Atrial fibrillation and flutter,91,Lead exposure,1,Number,2013,0.28818953,0.974509645,-0.042523596
1,All Population,3,YLDs (Years Lived with Disability),4863,Mizoram,2,Female,15,50-54 years,500,Atrial fibrillation and flutter,91,Lead exposure,1,Number,2013,0.195650148,0.61407064,-0.036634861
1,All Population,3,YLDs (Years Lived with Disability),4867,Punjab,1,Male,15,50-54 years,494,Stroke,380,Particulate matter pollution,1,Number,2013,561.2847664,853.0074494,309.9293928
1,All Population,3,YLDs (Years Lived with Disability),4867,Punjab,2,Female,15,50-54 years,494,Stroke,380,Particulate matter pollution,1,Number,2013,467.0604648,700.169903,283.5434925
1,All Population,3,YLDs (Years Lived with Disability),4846,Chhattisgarh,1,Male,15,50-54 years,500,Atrial fibrillation and flutter,91,Lead exposure,1,Number,2013,6.170078546,17.76380444,-0.80342034
1,All Population,3,YLDs (Years Lived with Disability),4846,Chhattisgarh,2,Female,15,50-54 years,500,Atrial fibrillation and flutter,91,Lead exposure,1,Number,2013,4.360518834,13.29691604,-0.529095
1,All Population,3,YLDs (Years Lived with Disability),4850,Goa,1,Male,15,50-54 years,493,Ischemic heart disease,91,Lead exposure,1,Number,2013,23.90853921,34.45681988,14.19209196
1,All Population,3,YLDs (Years Lived with Disability),4850,Goa,2,Female,15,50-54 years,493,Ischemic heart disease,91,Lead exposure,1,Number,2013,14.34707277,21.05710906,8.872249801
1,All Population,3,YLDs (Years Lived with Disability),44538,Other Union Territories,1,Male,15,50-54 years,498,Hypertensive heart disease,91,Lead exposure,1,Number,2013,0.613498182,1.586670167,0
1,All Population,3,YLDs (Years Lived with Disability),44538,Other Union Territories,2,Female,15,50-54 years,498,Hypertensive heart disease,91,Lead exposure,1,Number,2013,0.997019612,2.219947659,0
1,All Population,3,YLDs (Years Lived with Disability),4867,Punjab,1,Male,15,50-54 years,500,Atrial fibrillation and flutter,91,Lead exposure,1,Number,2013,6.55587088,19.98230573,-0.875188664
1,All Population,3,YLDs (Years Lived with Disability),4867,Punjab,2,Female,15,50-54 years,500,Atrial fibrillation and flutter,91,Lead exposure,1,Number,2013,4.953745451,15.82545935,-0.561337538
1,All Population,3,YLDs (Years Lived with Disability),4843,Assam,1,Male,15,50-54 years,494,Stroke,380,Particulate matter pollution,1,Number,2013,874.2404033,1323.482993,519.346631
1,All Population,3,YLDs (Years Lived with Disability),4843,Assam,2,Female,15,50-54 years,494,Stroke,380,Particulate matter pollution,1,Number,2013,555.5093218,858.5384217,325.273663
1,All Population,3,YLDs (Years Lived with Disability),4843,Assam,1,Male,15,50-54 years,498,Hypertensive heart disease,91,Lead exposure,1,Number,2013,7.997313291,20.20938065,0
1,All Population,3,YLDs (Years Lived with Disability),4843,Assam,2,Female,15,50-54 years,498,Hypertensive heart disease,91,Lead exposure,1,Number,2013,8.037197685,19.08604776,0
1,All Population,3,YLDs (Years Lived with Disability),4849,Delhi,1,Male,15,50-54 years,493,Ischemic heart disease,91,Lead exposure,1,Number,2015,196.6696514,296.0787266,112.5689502
1,All Population,3,YLDs (Years Lived with Disability),4849,Delhi,2,Female,15,50-54 years,493,Ischemic heart disease,91,Lead exposure,1,Number,2015,101.5189834,147.143807,56.08308831
1,All Population,3,YLDs (Years Lived with Disability),4862,Meghalaya,1,Male,15,50-54 years,493,Ischemic heart disease,91,Lead exposure,1,Number,2013,21.00684679,30.95161633,13.10406201
1,All Population,3,YLDs (Years Lived with Disability),4862,Meghalaya,2,Female,15,50-54 years,493,Ischemic heart disease,91,Lead exposure,1,Number,2013,12.85329635,18.52800421,7.856485603
1,All Population,3,YLDs (Years Lived with Disability),4841,Andhra Pradesh,1,Male,15,50-54 years,494,Stroke,380,Particulate matter pollution,1,Number,2013,778.6344316,1199.992941,442.8168182
1,All Population,3,YLDs (Years Lived with Disability),4841,Andhra Pradesh,2,Female,15,50-54 years,494,Stroke,380,Particulate matter pollution,1,Number,2013,710.9852686,1061.496803,414.1894435
1,All Population,3,YLDs (Years Lived with Disability),4862,Meghalaya,1,Male,15,50-54 years,502,Lower extremity peripheral arterial disease,91,Lead exposure,1,Number,2013,0.005861482,0.018862352,-0.000768021
1,All Population,3,YLDs (Years Lived with Disability),4862,Meghalaya,2,Female,15,50-54 years,502,Lower extremity peripheral arterial disease,91,Lead exposure,1,Number,2013,0.00657512,0.01997407,-0.000790329
1,All Population,3,YLDs (Years Lived with Disability),4856,Karnataka,1,Male,15,50-54 years,500,Atrial fibrillation and flutter,91,Lead exposure,1,Number,2013,21.30961652,65.92905006,-2.541776306
1,All Population,3,YLDs (Years Lived with Disability),4856,Karnataka,2,Female,15,50-54 years,500,Atrial fibrillation and flutter,91,Lead exposure,1,Number,2013,16.35353643,49.76229926,-1.83251993
1,All Population,3,YLDs (Years Lived with Disability),4864,Nagaland,1,Male,15,50-54 years,493,Ischemic heart disease,91,Lead exposure,1,Number,2015,15.18788598,22.49720469,9.213464706
1,All Population,3,YLDs (Years Lived with Disability),4864,Nagaland,2,Female,15,50-54 years,493,Ischemic heart disease,91,Lead exposure,1,Number,2015,8.990348063,13.37179313,5.387823772
1,All Population,3,YLDs (Years Lived with Disability),4855,Jharkhand,1,Male,15,50-54 years,493,Ischemic heart disease,380,Particulate matter pollution,1,Number,2013,360.8445386,545.232459,209.6035035
1,All Population,3,YLDs (Years Lived with Disability),4855,Jharkhand,2,Female,15,50-54 years,493,Ischemic heart disease,380,Particulate matter pollution,1,Number,2013,268.9592738,390.0026705,158.263525
1,All Population,3,YLDs (Years Lived with Disability),4860,Maharashtra,1,Male,15,50-54 years,493,Ischemic heart disease,91,Lead exposure,1,Number,2013,1461.586135,2176.27887,854.4540072
1,All Population,3,YLDs (Years Lived with Disability),4860,Maharashtra,2,Female,15,50-54 years,493,Ischemic heart disease,91,Lead exposure,1,Number,2013,773.989387,1097.267884,448.3837413
1,All Population,3,YLDs (Years Lived with Disability),4851,Gujarat,1,Male,15,50-54 years,494,Stroke,380,Particulate matter pollution,1,Number,2013,1371.325441,2105.570606,792.4615731
1,All Population,3,YLDs (Years Lived with Disability),4851,Gujarat,2,Female,15,50-54 years,494,Stroke,380,Particulate matter pollution,1,Number,2013,1119.880626,1644.788836,625.7073688
1,All Population,3,YLDs (Years Lived with Disability),4855,Jharkhand,1,Male,15,50-54 years,494,Stroke,91,Lead exposure,1,Number,2013,102.0789823,256.985397,-15.71128977
1,All Population,3,YLDs (Years Lived with Disability),4855,Jharkhand,2,Female,15,50-54 years,494,Stroke,91,Lead exposure,1,Number,2013,95.06858569,229.2517978,-11.09753607
1,All Population,3,YLDs (Years Lived with Disability),4857,Kerala,1,Male,15,50-54 years,494,Stroke,91,Lead exposure,1,Number,2015,213.8335641,514.1159295,-30.71156165
1,All Population,3,YLDs (Years Lived with Disability),4857,Kerala,2,Female,15,50-54 years,494,Stroke,91,Lead exposure,1,Number,2015,170.5402078,422.8381635,-23.31997596
1,All Population,3,YLDs (Years Lived with Disability),4841,Andhra Pradesh,1,Male,15,50-54 years,500,Atrial fibrillation and flutter,91,Lead exposure,1,Number,2013,13.67464497,38.4673178,-1.498349915
1,All Population,3,YLDs (Years Lived with Disability),4841,Andhra Pradesh,2,Female,15,50-54 years,500,Atrial fibrillation and flutter,91,Lead exposure,1,Number,2013,10.03016814,30.3694293,-1.120085046
1,All Population,3,YLDs (Years Lived with Disability),4856,Karnataka,1,Male,15,50-54 years,502,Lower extremity peripheral arterial disease,91,Lead exposure,1,Number,2013,0.188888537,0.612166664,-0.023511651
1,All Population,3,YLDs (Years Lived with Disability),4856,Karnataka,2,Female,15,50-54 years,502,Lower extremity peripheral arterial disease,91,Lead exposure,1,Number,2013,0.231807608,0.714931512,-0.025352395
1,All Population,3,YLDs (Years Lived with Disability),44538,Other Union Territories,1,Male,15,50-54 years,493,Ischemic heart disease,91,Lead exposure,1,Number,2015,51.21410786,77.98850364,31.3479784
1,All Population,3,YLDs (Years Lived with Disability),44538,Other Union Territories,2,Female,15,50-54 years,493,Ischemic heart disease,91,Lead exposure,1,Number,2015,26.95118439,40.28460082,15.61856026
1,All Population,3,YLDs (Years Lived with Disability),4869,Sikkim,1,Male,15,50-54 years,500,Atrial fibrillation and flutter,91,Lead exposure,1,Number,2015,0.182196637,0.574574287,-0.020379545
1,All Population,3,YLDs (Years Lived with Disability),4869,Sikkim,2,Female,15,50-54 years,500,Atrial fibrillation and flutter,91,Lead exposure,1,Number,2015,0.108198345,0.356801483,-0.010457793
1,All Population,3,YLDs (Years Lived with Disability),4869,Sikkim,1,Male,15,50-54 years,502,Lower extremity peripheral arterial disease,91,Lead exposure,1,Number,2015,0.001238805,0.005012905,-0.000136445
1,All Population,3,YLDs (Years Lived with Disability),4869,Sikkim,2,Female,15,50-54 years,502,Lower extremity peripheral arterial disease,91,Lead exposure,1,Number,2015,0.000986072,0.00390805,-0.000124924
1,All Population,3,YLDs (Years Lived with Disability),4853,Himachal Pradesh,1,Male,15,50-54 years,500,Atrial fibrillation and flutter,91,Lead exposure,1,Number,2015,2.191064268,6.847427841,-0.268239147
1,All Population,3,YLDs (Years Lived with Disability),4853,Himachal Pradesh,2,Female,15,50-54 years,500,Atrial fibrillation and flutter,91,Lead exposure,1,Number,2015,1.638710358,5.154512498,-0.209757202
1,All Population,3,YLDs (Years Lived with Disability),4861,Manipur,1,Male,15,50-54 years,494,Stroke,380,Particulate matter pollution,1,Number,2013,64.03540157,97.79871581,36.70313338
1,All Population,3,YLDs (Years Lived with Disability),4861,Manipur,2,Female,15,50-54 years,494,Stroke,380,Particulate matter pollution,1,Number,2013,47.63670003,73.19807535,26.97017905
1,All Population,3,YLDs (Years Lived with Disability),4861,Manipur,1,Male,15,50-54 years,498,Hypertensive heart disease,91,Lead exposure,1,Number,2013,0.760601305,1.793061939,0
1,All Population,3,YLDs (Years Lived with Disability),4861,Manipur,2,Female,15,50-54 years,498,Hypertensive heart disease,91,Lead exposure,1,Number,2013,1.056899895,2.540024949,0
1,All Population,3,YLDs (Years Lived with Disability),4857,Kerala,1,Male,15,50-54 years,498,Hypertensive heart disease,91,Lead exposure,1,Number,2015,5.669092825,13.72558451,0
1,All Population,3,YLDs (Years Lived with Disability),4857,Kerala,2,Female,15,50-54 years,498,Hypertensive heart disease,91,Lead exposure,1,Number,2015,15.15781883,34.94972626,0
1,All Population,3,YLDs (Years Lived with Disability),4851,Gujarat,1,Male,15,50-54 years,500,Atrial fibrillation and flutter,91,Lead exposure,1,Number,2013,19.11156531,58.84042732,-2.652294543
1,All Population,3,YLDs (Years Lived with Disability),4851,Gujarat,2,Female,15,50-54 years,500,Atrial fibrillation and flutter,91,Lead exposure,1,Number,2013,14.74354311,46.34682447,-1.907893242
1,All Population,3,YLDs (Years Lived with Disability),4853,Himachal Pradesh,1,Male,15,50-54 years,494,Stroke,380,Particulate matter pollution,1,Number,2013,127.4902112,196.2199786,72.0233703
1,All Population,3,YLDs (Years Lived with Disability),4853,Himachal Pradesh,2,Female,15,50-54 years,494,Stroke,380,Particulate matter pollution,1,Number,2013,113.5998074,178.7060639,65.20024447
1,All Population,3,YLDs (Years Lived with Disability),4853,Himachal Pradesh,1,Male,15,50-54 years,498,Hypertensive heart disease,91,Lead exposure,1,Number,2013,1.306364912,3.805207199,0
1,All Population,3,YLDs (Years Lived with Disability),4853,Himachal Pradesh,2,Female,15,50-54 years,498,Hypertensive heart disease,91,Lead exposure,1,Number,2013,2.087870946,4.99683099,0
1,All Population,3,YLDs (Years Lived with Disability),4851,Gujarat,1,Male,15,50-54 years,502,Lower extremity peripheral arterial disease,91,Lead exposure,1,Number,2015,0.17813599,0.561857795,-0.024200884
1,All Population,3,YLDs (Years Lived with Disability),4851,Gujarat,2,Female,15,50-54 years,502,Lower extremity peripheral arterial disease,91,Lead exposure,1,Number,2015,0.225605218,0.764021486,-0.029049823
1,All Population,3,YLDs (Years Lived with Disability),4853,Himachal Pradesh,1,Male,15,50-54 years,502,Lower extremity peripheral arterial disease,91,Lead exposure,1,Number,2015,0.0178703,0.059440596,-0.002515723
1,All Population,3,YLDs (Years Lived with Disability),4853,Himachal Pradesh,2,Female,15,50-54 years,502,Lower extremity peripheral arterial disease,91,Lead exposure,1,Number,2015,0.021680471,0.064393632,-0.003175157
1,All Population,3,YLDs (Years Lived with Disability),4871,Telangana,1,Male,15,50-54 years,493,Ischemic heart disease,380,Particulate matter pollution,1,Number,2013,502.7059893,754.4883735,284.0343874
1,All Population,3,YLDs (Years Lived with Disability),4871,Telangana,2,Female,15,50-54 years,493,Ischemic heart disease,380,Particulate matter pollution,1,Number,2013,328.7535697,483.4545594,192.4269149
1,All Population,3,YLDs (Years Lived with Disability),4871,Telangana,1,Male,15,50-54 years,494,Stroke,91,Lead exposure,1,Number,2013,110.8435726,256.5634423,-14.5628147
1,All Population,3,YLDs (Years Lived with Disability),4871,Telangana,2,Female,15,50-54 years,494,Stroke,91,Lead exposure,1,Number,2013,74.39466285,185.4956223,-9.434681192
1,All Population,3,YLDs (Years Lived with Disability),4855,Jharkhand,1,Male,15,50-54 years,494,Stroke,380,Particulate matter pollution,1,Number,2015,591.1747843,879.2719669,323.9059622
1,All Population,3,YLDs (Years Lived with Disability),4855,Jharkhand,2,Female,15,50-54 years,494,Stroke,380,Particulate matter pollution,1,Number,2015,669.1828798,971.2911153,380.2063761
1,All Population,3,YLDs (Years Lived with Disability),4855,Jharkhand,1,Male,15,50-54 years,498,Hypertensive heart disease,91,Lead exposure,1,Number,2013,5.827175309,15.662246,0
1,All Population,3,YLDs (Years Lived with Disability),4855,Jharkhand,2,Female,15,50-54 years,498,Hypertensive heart disease,91,Lead exposure,1,Number,2013,7.566775464,19.39314895,0
1,All Population,3,YLDs (Years Lived with Disability),4860,Maharashtra,1,Male,15,50-54 years,493,Ischemic heart disease,380,Particulate matter pollution,1,Number,2015,1490.30411,2249.740662,862.9168355
1,All Population,3,YLDs (Years Lived with Disability),4860,Maharashtra,2,Female,15,50-54 years,493,Ischemic heart disease,380,Particulate matter pollution,1,Number,2015,902.3081618,1355.520129,529.3797898
1,All Population,3,YLDs (Years Lived with Disability),4860,Maharashtra,1,Male,15,50-54 years,494,Stroke,91,Lead exposure,1,Number,2015,475.9905971,1253.278103,-71.13822789
1,All Population,3,YLDs (Years Lived with Disability),4860,Maharashtra,2,Female,15,50-54 years,494,Stroke,91,Lead exposure,1,Number,2015,318.9334378,877.5558788,-51.24607752
1,All Population,3,YLDs (Years Lived with Disability),4842,Arunachal Pradesh,1,Male,15,50-54 years,493,Ischemic heart disease,380,Particulate matter pollution,1,Number,2015,11.7922156,17.71448816,6.422072888
1,All Population,3,YLDs (Years Lived with Disability),4842,Arunachal Pradesh,2,Female,15,50-54 years,493,Ischemic heart disease,380,Particulate matter pollution,1,Number,2015,6.09312961,9.264434481,3.504264528
1,All Population,3,YLDs (Years Lived with Disability),4842,Arunachal Pradesh,1,Male,15,50-54 years,494,Stroke,91,Lead exposure,1,Number,2015,4.834698507,13.01617434,-0.66214324
1,All Population,3,YLDs (Years Lived with Disability),4842,Arunachal Pradesh,2,Female,15,50-54 years,494,Stroke,91,Lead exposure,1,Number,2015,2.705581028,7.245268689,-0.41065114
1,All Population,3,YLDs (Years Lived with Disability),4871,Telangana,1,Male,15,50-54 years,494,Stroke,380,Particulate matter pollution,1,Number,2015,500.7200625,782.858333,283.7206835
1,All Population,3,YLDs (Years Lived with Disability),4871,Telangana,2,Female,15,50-54 years,494,Stroke,380,Particulate matter pollution,1,Number,2015,426.5610139,670.2901466,243.8345087
1,All Population,3,YLDs (Years Lived with Disability),4867,Punjab,1,Male,15,50-54 years,502,Lower extremity peripheral arterial disease,91,Lead exposure,1,Number,2015,0.041033122,0.131656092,-0.005145748
1,All Population,3,YLDs (Years Lived with Disability),4867,Punjab,2,Female,15,50-54 years,502,Lower extremity peripheral arterial disease,91,Lead exposure,1,Number,2015,0.05760635,0.181673879,-0.006454839
1,All Population,3,YLDs (Years Lived with Disability),4873,Uttar Pradesh,1,Male,15,50-54 years,494,Stroke,91,Lead exposure,1,Number,2015,745.9097011,1803.092231,-83.38866865
1,All Population,3,YLDs (Years Lived with Disability),4873,Uttar Pradesh,2,Female,15,50-54 years,494,Stroke,91,Lead exposure,1,Number,2015,719.9242364,1733.447671,-91.7419124
1,All Population,3,YLDs (Years Lived with Disability),4855,Jharkhand,1,Male,15,50-54 years,500,Atrial fibrillation and flutter,91,Lead exposure,1,Number,2015,7.876154185,25.36412455,-1.075700961
1,All Population,3,YLDs (Years Lived with Disability),4855,Jharkhand,2,Female,15,50-54 years,500,Atrial fibrillation and flutter,91,Lead exposure,1,Number,2015,5.445248637,17.65573799,-0.811826377
1,All Population,3,YLDs (Years Lived with Disability),4871,Telangana,1,Male,15,50-54 years,500,Atrial fibrillation and flutter,91,Lead exposure,1,Number,2015,8.561448909,27.25929012,-1.293860447
1,All Population,3,YLDs (Years Lived with Disability),4871,Telangana,2,Female,15,50-54 years,500,Atrial fibrillation and flutter,91,Lead exposure,1,Number,2015,6.046984646,20.04993878,-0.893455602
1,All Population,3,YLDs (Years Lived with Disability),4860,Maharashtra,1,Male,15,50-54 years,498,Hypertensive heart disease,91,Lead exposure,1,Number,2015,18.36622787,47.06038239,0
1,All Population,3,YLDs (Years Lived with Disability),4860,Maharashtra,2,Female,15,50-54 years,498,Hypertensive heart disease,91,Lead exposure,1,Number,2015,34.9234633,86.75962468,0
1,All Population,3,YLDs (Years Lived with Disability),4862,Meghalaya,1,Male,15,50-54 years,494,Stroke,380,Particulate matter pollution,1,Number,2013,41.35956138,66.01956421,22.41551642
1,All Population,3,YLDs (Years Lived with Disability),4862,Meghalaya,2,Female,15,50-54 years,494,Stroke,380,Particulate matter pollution,1,Number,2013,32.87892566,47.98156556,18.97496151
1,All Population,3,YLDs (Years Lived with Disability),4872,Tripura,1,Male,15,50-54 years,500,Atrial fibrillation and flutter,91,Lead exposure,1,Number,2013,1.147993271,3.532086182,-0.131969039
1,All Population,3,YLDs (Years Lived with Disability),4872,Tripura,2,Female,15,50-54 years,500,Atrial fibrillation and flutter,91,Lead exposure,1,Number,2013,0.761148563,2.350125104,-0.104385475
1,All Population,3,YLDs (Years Lived with Disability),4872,Tripura,1,Male,15,50-54 years,502,Lower extremity peripheral arterial disease,91,Lead exposure,1,Number,2013,0.010029593,0.031844618,-0.001007939
1,All Population,3,YLDs (Years Lived with Disability),4872,Tripura,2,Female,15,50-54 years,502,Lower extremity peripheral arterial disease,91,Lead exposure,1,Number,2013,0.010364816,0.035616355,-0.001115684
1,All Population,3,YLDs (Years Lived with Disability),4859,Madhya Pradesh,1,Male,15,50-54 years,494,Stroke,380,Particulate matter pollution,1,Number,2013,1368.320449,2021.43518,771.45102
1,All Population,3,YLDs (Years Lived with Disability),4859,Madhya Pradesh,2,Female,15,50-54 years,494,Stroke,380,Particulate matter pollution,1,Number,2013,1129.496055,1726.122682,617.0527073
1,All Population,3,YLDs (Years Lived with Disability),4867,Punjab,1,Male,15,50-54 years,493,Ischemic heart disease,380,Particulate matter pollution,1,Number,2013,617.8611138,940.7519489,360.5233337
1,All Population,3,YLDs (Years Lived with Disability),4867,Punjab,2,Female,15,50-54 years,493,Ischemic heart disease,380,Particulate matter pollution,1,Number,2013,381.4702338,577.3589179,217.5560237
1,All Population,3,YLDs (Years Lived with Disability),4867,Punjab,1,Male,15,50-54 years,494,Stroke,91,Lead exposure,1,Number,2013,81.28549357,207.8117847,-13.40159421
1,All Population,3,YLDs (Years Lived with Disability),4867,Punjab,2,Female,15,50-54 years,494,Stroke,91,Lead exposure,1,Number,2013,59.77200002,145.3989513,-9.054181971
1,All Population,3,YLDs (Years Lived with Disability),4873,Uttar Pradesh,1,Male,15,50-54 years,498,Hypertensive heart disease,91,Lead exposure,1,Number,2015,49.82194545,124.4574205,0
1,All Population,3,YLDs (Years Lived with Disability),4873,Uttar Pradesh,2,Female,15,50-54 years,498,Hypertensive heart disease,91,Lead exposure,1,Number,2015,61.82328754,143.5901652,0
1,All Population,3,YLDs (Years Lived with Disability),4875,West Bengal,1,Male,15,50-54 years,493,Ischemic heart disease,91,Lead exposure,1,Number,2013,1357.076208,2000.482687,799.2124779
1,All Population,3,YLDs (Years Lived with Disability),4875,West Bengal,2,Female,15,50-54 years,493,Ischemic heart disease,91,Lead exposure,1,Number,2013,786.0368022,1146.41717,459.2897999
1,All Population,3,YLDs (Years Lived with Disability),4871,Telangana,1,Male,15,50-54 years,498,Hypertensive heart disease,91,Lead exposure,1,Number,2013,4.953175913,13.48001002,0
1,All Population,3,YLDs (Years Lived with Disability),4871,Telangana,2,Female,15,50-54 years,498,Hypertensive heart disease,91,Lead exposure,1,Number,2013,8.575361512,21.00743984,0
1,All Population,3,YLDs (Years Lived with Disability),4850,Goa,1,Male,15,50-54 years,493,Ischemic heart disease,380,Particulate matter pollution,1,Number,2013,21.49689103,32.5920724,11.83300023
1,All Population,3,YLDs (Years Lived with Disability),4850,Goa,2,Female,15,50-54 years,493,Ischemic heart disease,380,Particulate matter pollution,1,Number,2013,14.32700173,21.62680093,8.197609038
1,All Population,3,YLDs (Years Lived with Disability),4842,Arunachal Pradesh,1,Male,15,50-54 years,498,Hypertensive heart disease,91,Lead exposure,1,Number,2015,0.305753708,0.767296206,0
1,All Population,3,YLDs (Years Lived with Disability),4842,Arunachal Pradesh,2,Female,15,50-54 years,498,Hypertensive heart disease,91,Lead exposure,1,Number,2015,0.375276155,0.92361737,0
1,All Population,3,YLDs (Years Lived with Disability),4846,Chhattisgarh,1,Male,15,50-54 years,493,Ischemic heart disease,380,Particulate matter pollution,1,Number,2013,388.5135763,590.8448046,227.566539
1,All Population,3,YLDs (Years Lived with Disability),4846,Chhattisgarh,2,Female,15,50-54 years,493,Ischemic heart disease,380,Particulate matter pollution,1,Number,2013,250.5801447,369.8380834,143.2301918
1,All Population,3,YLDs (Years Lived with Disability),4846,Chhattisgarh,1,Male,15,50-54 years,494,Stroke,91,Lead exposure,1,Number,2013,118.2170556,324.1073524,-17.60686283
1,All Population,3,YLDs (Years Lived with Disability),4846,Chhattisgarh,2,Female,15,50-54 years,494,Stroke,91,Lead exposure,1,Number,2013,74.83592906,202.403762,-11.75526612
1,All Population,3,YLDs (Years Lived with Disability),4859,Madhya Pradesh,1,Male,15,50-54 years,500,Atrial fibrillation and flutter,91,Lead exposure,1,Number,2013,17.07660564,50.37276611,-2.586306167
1,All Population,3,YLDs (Years Lived with Disability),4859,Madhya Pradesh,2,Female,15,50-54 years,500,Atrial fibrillation and flutter,91,Lead exposure,1,Number,2013,11.52762885,34.51932903,-2.005720951
1,All Population,3,YLDs (Years Lived with Disability),4851,Gujarat,1,Male,15,50-54 years,493,Ischemic heart disease,380,Particulate matter pollution,1,Number,2013,1125.060388,1720.785135,645.078892
1,All Population,3,YLDs (Years Lived with Disability),4851,Gujarat,2,Female,15,50-54 years,493,Ischemic heart disease,380,Particulate matter pollution,1,Number,2013,615.0958966,919.5785739,348.1443683
1,All Population,3,YLDs (Years Lived with Disability),4851,Gujarat,1,Male,15,50-54 years,494,Stroke,91,Lead exposure,1,Number,2013,307.4528361,779.2468574,-51.20912642
1,All Population,3,YLDs (Years Lived with Disability),4851,Gujarat,2,Female,15,50-54 years,494,Stroke,91,Lead exposure,1,Number,2013,235.4780399,588.8471812,-33.65630689
1,All Population,3,YLDs (Years Lived with Disability),4862,Meghalaya,1,Male,15,50-54 years,500,Atrial fibrillation and flutter,91,Lead exposure,1,Number,2013,0.63217181,2.017880835,-0.080377113
1,All Population,3,YLDs (Years Lived with Disability),4862,Meghalaya,2,Female,15,50-54 years,500,Atrial fibrillation and flutter,91,Lead exposure,1,Number,2013,0.443720616,1.511472764,-0.067458607
1,All Population,3,YLDs (Years Lived with Disability),4874,Uttarakhand,1,Male,15,50-54 years,494,Stroke,380,Particulate matter pollution,1,Number,2013,210.2493422,323.2446713,121.2718611
1,All Population,3,YLDs (Years Lived with Disability),4874,Uttarakhand,2,Female,15,50-54 years,494,Stroke,380,Particulate matter pollution,1,Number,2013,163.949911,246.6123536,95.46218377
1,All Population,3,YLDs (Years Lived with Disability),4870,Tamil Nadu,1,Male,15,50-54 years,493,Ischemic heart disease,91,Lead exposure,1,Number,2013,1628.729564,2403.418921,954.4225129
1,All Population,3,YLDs (Years Lived with Disability),4870,Tamil Nadu,2,Female,15,50-54 years,493,Ischemic heart disease,91,Lead exposure,1,Number,2013,851.0516998,1246.64421,496.2733337
1,All Population,3,YLDs (Years Lived with Disability),4851,Gujarat,1,Male,15,50-54 years,498,Hypertensive heart disease,91,Lead exposure,1,Number,2013,11.04599273,28.86345509,0
1,All Population,3,YLDs (Years Lived with Disability),4851,Gujarat,2,Female,15,50-54 years,498,Hypertensive heart disease,91,Lead exposure,1,Number,2013,19.90236507,44.6780243,0
1,All Population,3,YLDs (Years Lived with Disability),4870,Tamil Nadu,1,Male,15,50-54 years,502,Lower extremity peripheral arterial disease,91,Lead exposure,1,Number,2013,0.258907799,0.823932362,-0.030367882
1,All Population,3,YLDs (Years Lived with Disability),4870,Tamil Nadu,2,Female,15,50-54 years,502,Lower extremity peripheral arterial disease,91,Lead exposure,1,Number,2013,0.320166013,0.973339601,-0.034954795
1,All Population,3,YLDs (Years Lived with Disability),4874,Uttarakhand,1,Male,15,50-54 years,500,Atrial fibrillation and flutter,91,Lead exposure,1,Number,2013,2.529990243,7.736931424,-0.34367637
1,All Population,3,YLDs (Years Lived with Disability),4874,Uttarakhand,2,Female,15,50-54 years,500,Atrial fibrillation and flutter,91,Lead exposure,1,Number,2013,1.905675161,5.831066502,-0.300828879
1,All Population,3,YLDs (Years Lived with Disability),4857,Kerala,1,Male,15,50-54 years,493,Ischemic heart disease,380,Particulate matter pollution,1,Number,2013,833.8010817,1277.662399,477.7273116
1,All Population,3,YLDs (Years Lived with Disability),4857,Kerala,2,Female,15,50-54 years,493,Ischemic heart disease,380,Particulate matter pollution,1,Number,2013,413.0120677,613.4241882,239.5693172
1,All Population,3,YLDs (Years Lived with Disability),4875,West Bengal,1,Male,15,50-54 years,493,Ischemic heart disease,380,Particulate matter pollution,1,Number,2015,1641.691036,2436.83568,964.0209569
1,All Population,3,YLDs (Years Lived with Disability),4875,West Bengal,2,Female,15,50-54 years,493,Ischemic heart disease,380,Particulate matter pollution,1,Number,2015,1064.166769,1565.493839,626.1199882
1,All Population,3,YLDs (Years Lived with Disability),4875,West Bengal,1,Male,15,50-54 years,494,Stroke,91,Lead exposure,1,Number,2015,564.1076573,1369.614558,-69.64176075
1,All Population,3,YLDs (Years Lived with Disability),4875,West Bengal,2,Female,15,50-54 years,494,Stroke,91,Lead exposure,1,Number,2015,447.0285484,1064.332892,-59.99653627
1,All Population,3,YLDs (Years Lived with Disability),4849,Delhi,1,Male,15,50-54 years,500,Atrial fibrillation and flutter,91,Lead exposure,1,Number,2013,3.495992347,11.14607797,-0.443165424
1,All Population,3,YLDs (Years Lived with Disability),4849,Delhi,2,Female,15,50-54 years,500,Atrial fibrillation and flutter,91,Lead exposure,1,Number,2013,2.132264404,6.645935729,-0.287475295
1,All Population,3,YLDs (Years Lived with Disability),4849,Delhi,1,Male,15,50-54 years,502,Lower extremity peripheral arterial disease,91,Lead exposure,1,Number,2013,0.032928893,0.102914104,-0.004026429
1,All Population,3,YLDs (Years Lived with Disability),4849,Delhi,2,Female,15,50-54 years,502,Lower extremity peripheral arterial disease,91,Lead exposure,1,Number,2013,0.032477442,0.102562668,-0.004061782
1,All Population,3,YLDs (Years Lived with Disability),4846,Chhattisgarh,1,Male,15,50-54 years,498,Hypertensive heart disease,91,Lead exposure,1,Number,2013,5.63974488,14.24941496,0
1,All Population,3,YLDs (Years Lived with Disability),4846,Chhattisgarh,2,Female,15,50-54 years,498,Hypertensive heart disease,91,Lead exposure,1,Number,2013,7.218236292,19.41703464,0
1,All Population,3,YLDs (Years Lived with Disability),4868,Rajasthan,1,Male,15,50-54 years,493,Ischemic heart disease,91,Lead exposure,1,Number,2013,650.0525012,962.8039758,379.9779182
1,All Population,3,YLDs (Years Lived with Disability),4868,Rajasthan,2,Female,15,50-54 years,493,Ischemic heart disease,91,Lead exposure,1,Number,2013,277.0386702,400.6247612,160.9623831
1,All Population,3,YLDs (Years Lived with Disability),4873,Uttar Pradesh,1,Male,15,50-54 years,493,Ischemic heart disease,380,Particulate matter pollution,1,Number,2013,2876.195648,4283.147177,1699.0467
1,All Population,3,YLDs (Years Lived with Disability),4873,Uttar Pradesh,2,Female,15,50-54 years,493,Ischemic heart disease,380,Particulate matter pollution,1,Number,2013,1909.334622,2912.598816,1110.713179
1,All Population,3,YLDs (Years Lived with Disability),4867,Punjab,1,Male,15,50-54 years,498,Hypertensive heart disease,91,Lead exposure,1,Number,2013,3.009844633,7.633749292,0
1,All Population,3,YLDs (Years Lived with Disability),4867,Punjab,2,Female,15,50-54 years,498,Hypertensive heart disease,91,Lead exposure,1,Number,2013,4.106142898,10.55037098,0
1,All Population,3,YLDs (Years Lived with Disability),4875,West Bengal,1,Male,15,50-54 years,498,Hypertensive heart disease,91,Lead exposure,1,Number,2015,17.87353218,44.41576119,0
1,All Population,3,YLDs (Years Lived with Disability),4875,West Bengal,2,Female,15,50-54 years,498,Hypertensive heart disease,91,Lead exposure,1,Number,2015,24.84081113,61.48972741,0
1,All Population,3,YLDs (Years Lived with Disability),4860,Maharashtra,1,Male,15,50-54 years,502,Lower extremity peripheral arterial disease,91,Lead exposure,1,Number,2013,0.25811004,0.850643097,-0.031173943
1,All Population,3,YLDs (Years Lived with Disability),4860,Maharashtra,2,Female,15,50-54 years,502,Lower extremity peripheral arterial disease,91,Lead exposure,1,Number,2013,0.295234966,1.018398627,-0.032062924
1,All Population,3,YLDs (Years Lived with Disability),4844,Bihar,1,Male,15,50-54 years,494,Stroke,380,Particulate matter pollution,1,Number,2013,1465.028501,2293.148801,809.7903076
1,All Population,3,YLDs (Years Lived with Disability),4844,Bihar,2,Female,15,50-54 years,494,Stroke,380,Particulate matter pollution,1,Number,2013,1363.956726,2119.57653,701.5359322
1,All Population,3,YLDs (Years Lived with Disability),4864,Nagaland,1,Male,15,50-54 years,500,Atrial fibrillation and flutter,91,Lead exposure,1,Number,2013,0.461240742,1.548662341,-0.073382667
1,All Population,3,YLDs (Years Lived with Disability),4864,Nagaland,2,Female,15,50-54 years,500,Atrial fibrillation and flutter,91,Lead exposure,1,Number,2013,0.275824523,1.037818651,-0.03926518
1,All Population,3,YLDs (Years Lived with Disability),4842,Arunachal Pradesh,1,Male,15,50-54 years,493,Ischemic heart disease,91,Lead exposure,1,Number,2013,12.3290585,17.57995876,7.274494685
1,All Population,3,YLDs (Years Lived with Disability),4842,Arunachal Pradesh,2,Female,15,50-54 years,493,Ischemic heart disease,91,Lead exposure,1,Number,2013,5.475297389,8.144227808,3.240473173
1,All Population,3,YLDs (Years Lived with Disability),4841,Andhra Pradesh,1,Male,15,50-54 years,493,Ischemic heart disease,380,Particulate matter pollution,1,Number,2016,753.6759804,1129.166001,430.6249976
1,All Population,3,YLDs (Years Lived with Disability),4841,Andhra Pradesh,2,Female,15,50-54 years,493,Ischemic heart disease,380,Particulate matter pollution,1,Number,2016,472.9352784,738.6698568,266.2097943
1,All Population,3,YLDs (Years Lived with Disability),4841,Andhra Pradesh,1,Male,15,50-54 years,494,Stroke,91,Lead exposure,1,Number,2016,173.2407868,458.5156445,-22.81801313
1,All Population,3,YLDs (Years Lived with Disability),4841,Andhra Pradesh,2,Female,15,50-54 years,494,Stroke,91,Lead exposure,1,Number,2016,136.5545359,392.8766611,-17.05399078
1,All Population,3,YLDs (Years Lived with Disability),4841,Andhra Pradesh,1,Male,15,50-54 years,498,Hypertensive heart disease,91,Lead exposure,1,Number,2016,7.195008801,17.68053555,0
1,All Population,3,YLDs (Years Lived with Disability),4841,Andhra Pradesh,2,Female,15,50-54 years,498,Hypertensive heart disease,91,Lead exposure,1,Number,2016,13.43476009,33.40819413,0
1,All Population,3,YLDs (Years Lived with Disability),4863,Mizoram,1,Male,15,50-54 years,493,Ischemic heart disease,380,Particulate matter pollution,1,Number,2013,7.941574368,12.12595151,4.634734998
1,All Population,3,YLDs (Years Lived with Disability),4863,Mizoram,2,Female,15,50-54 years,493,Ischemic heart disease,380,Particulate matter pollution,1,Number,2013,4.864905286,7.416334856,2.788418496
1,All Population,3,YLDs (Years Lived with Disability),4863,Mizoram,1,Male,15,50-54 years,494,Stroke,91,Lead exposure,1,Number,2013,3.248882307,8.672403147,-0.552823132
1,All Population,3,YLDs (Years Lived with Disability),4863,Mizoram,2,Female,15,50-54 years,494,Stroke,91,Lead exposure,1,Number,2013,2.098760533,5.551591863,-0.316982149
1,All Population,3,YLDs (Years Lived with Disability),4846,Chhattisgarh,1,Male,15,50-54 years,493,Ischemic heart disease,91,Lead exposure,1,Number,2016,317.2814583,474.74133,186.1509054
1,All Population,3,YLDs (Years Lived with Disability),4846,Chhattisgarh,2,Female,15,50-54 years,493,Ischemic heart disease,91,Lead exposure,1,Number,2016,182.27123,274.2384842,110.2588504
1,All Population,3,YLDs (Years Lived with Disability),4864,Nagaland,1,Male,15,50-54 years,502,Lower extremity peripheral arterial disease,91,Lead exposure,1,Number,2013,0.003103885,0.010991462,-0.000386594
1,All Population,3,YLDs (Years Lived with Disability),4864,Nagaland,2,Female,15,50-54 years,502,Lower extremity peripheral arterial disease,91,Lead exposure,1,Number,2013,0.002965901,0.009692974,-0.000382678
1,All Population,3,YLDs (Years Lived with Disability),4844,Bihar,1,Male,15,50-54 years,493,Ischemic heart disease,91,Lead exposure,1,Number,2013,970.4811363,1416.75147,565.3235874
1,All Population,3,YLDs (Years Lived with Disability),4844,Bihar,2,Female,15,50-54 years,493,Ischemic heart disease,91,Lead exposure,1,Number,2013,576.8315887,895.9375253,333.2026364
1,All Population,3,YLDs (Years Lived with Disability),4863,Mizoram,1,Male,15,50-54 years,498,Hypertensive heart disease,91,Lead exposure,1,Number,2013,0.311062602,0.720157939,0
1,All Population,3,YLDs (Years Lived with Disability),4863,Mizoram,2,Female,15,50-54 years,498,Hypertensive heart disease,91,Lead exposure,1,Number,2013,0.507749175,1.115838847,0
1,All Population,3,YLDs (Years Lived with Disability),4843,Assam,1,Male,15,50-54 years,493,Ischemic heart disease,380,Particulate matter pollution,1,Number,2016,349.3718726,541.9537792,198.8750586
1,All Population,3,YLDs (Years Lived with Disability),4843,Assam,2,Female,15,50-54 years,493,Ischemic heart disease,380,Particulate matter pollution,1,Number,2016,221.0353125,338.9714526,126.4706153
1,All Population,3,YLDs (Years Lived with Disability),4843,Assam,1,Male,15,50-54 years,494,Stroke,91,Lead exposure,1,Number,2016,172.6588001,468.381298,-27.18904098
1,All Population,3,YLDs (Years Lived with Disability),4843,Assam,2,Female,15,50-54 years,494,Stroke,91,Lead exposure,1,Number,2016,94.93647965,257.4962717,-12.85602057
1,All Population,3,YLDs (Years Lived with Disability),4846,Chhattisgarh,1,Male,15,50-54 years,493,Ischemic heart disease,380,Particulate matter pollution,1,Number,2015,397.2288822,595.0631226,224.8947352
1,All Population,3,YLDs (Years Lived with Disability),4846,Chhattisgarh,2,Female,15,50-54 years,493,Ischemic heart disease,380,Particulate matter pollution,1,Number,2015,256.1452447,392.7306278,147.4812418
1,All Population,3,YLDs (Years Lived with Disability),4846,Chhattisgarh,1,Male,15,50-54 years,494,Stroke,91,Lead exposure,1,Number,2015,125.9005354,336.562252,-18.83319906
1,All Population,3,YLDs (Years Lived with Disability),4846,Chhattisgarh,2,Female,15,50-54 years,494,Stroke,91,Lead exposure,1,Number,2015,81.16966041,225.3422491,-11.69159836
1,All Population,3,YLDs (Years Lived with Disability),4870,Tamil Nadu,1,Male,15,50-54 years,494,Stroke,380,Particulate matter pollution,1,Number,2015,1353.033253,2080.489053,726.3535595
1,All Population,3,YLDs (Years Lived with Disability),4870,Tamil Nadu,2,Female,15,50-54 years,494,Stroke,380,Particulate matter pollution,1,Number,2015,1254.263519,1936.934767,684.5350114
1,All Population,3,YLDs (Years Lived with Disability),4852,Haryana,1,Male,15,50-54 years,493,Ischemic heart disease,91,Lead exposure,1,Number,2015,348.7603397,511.6149809,209.7577421
1,All Population,3,YLDs (Years Lived with Disability),4852,Haryana,2,Female,15,50-54 years,493,Ischemic heart disease,91,Lead exposure,1,Number,2015,168.7216954,249.6396972,101.1584644
1,All Population,3,YLDs (Years Lived with Disability),4843,Assam,1,Male,15,50-54 years,494,Stroke,380,Particulate matter pollution,1,Number,2015,907.5199298,1432.681211,526.1526272
1,All Population,3,YLDs (Years Lived with Disability),4843,Assam,2,Female,15,50-54 years,494,Stroke,380,Particulate matter pollution,1,Number,2015,593.1650563,901.6384605,339.1441135
1,All Population,3,YLDs (Years Lived with Disability),4869,Sikkim,1,Male,15,50-54 years,494,Stroke,380,Particulate matter pollution,1,Number,2013,10.66287987,16.42234958,5.954861506
1,All Population,3,YLDs (Years Lived with Disability),4869,Sikkim,2,Female,15,50-54 years,494,Stroke,380,Particulate matter pollution,1,Number,2013,7.563164311,11.64046667,4.219814212
1,All Population,3,YLDs (Years Lived with Disability),4872,Tripura,1,Male,15,50-54 years,494,Stroke,380,Particulate matter pollution,1,Number,2015,131.8057994,202.3284643,77.10353855
1,All Population,3,YLDs (Years Lived with Disability),4872,Tripura,2,Female,15,50-54 years,494,Stroke,380,Particulate matter pollution,1,Number,2015,90.16957022,136.4900965,52.24852708
1,All Population,3,YLDs (Years Lived with Disability),4854,Jammu & Kashmir and Ladakh,1,Male,15,50-54 years,494,Stroke,380,Particulate matter pollution,1,Number,2016,166.3846626,266.0828642,97.86673384
1,All Population,3,YLDs (Years Lived with Disability),4854,Jammu & Kashmir and Ladakh,2,Female,15,50-54 years,494,Stroke,380,Particulate matter pollution,1,Number,2016,138.0810253,221.1816282,75.07846539
1,All Population,3,YLDs (Years Lived with Disability),4852,Haryana,1,Male,15,50-54 years,493,Ischemic heart disease,91,Lead exposure,1,Number,2013,362.0134245,537.6205095,222.3320694
1,All Population,3,YLDs (Years Lived with Disability),4852,Haryana,2,Female,15,50-54 years,493,Ischemic heart disease,91,Lead exposure,1,Number,2013,168.3258118,250.2983176,94.6727162
1,All Population,3,YLDs (Years Lived with Disability),4854,Jammu & Kashmir and Ladakh,1,Male,15,50-54 years,493,Ischemic heart disease,91,Lead exposure,1,Number,2015,139.4061374,204.1094081,78.24579706
1,All Population,3,YLDs (Years Lived with Disability),4854,Jammu & Kashmir and Ladakh,2,Female,15,50-54 years,493,Ischemic heart disease,91,Lead exposure,1,Number,2015,83.59260616,121.5279722,47.60645027
1,All Population,3,YLDs (Years Lived with Disability),4861,Manipur,1,Male,15,50-54 years,494,Stroke,380,Particulate matter pollution,1,Number,2015,67.75297055,101.3264589,37.37167389
1,All Population,3,YLDs (Years Lived with Disability),4861,Manipur,2,Female,15,50-54 years,494,Stroke,380,Particulate matter pollution,1,Number,2015,51.99524669,81.55676965,29.924739
1,All Population,3,YLDs (Years Lived with Disability),4861,Manipur,1,Male,15,50-54 years,498,Hypertensive heart disease,91,Lead exposure,1,Number,2015,0.841599685,2.149970805,0
1,All Population,3,YLDs (Years Lived with Disability),4861,Manipur,2,Female,15,50-54 years,498,Hypertensive heart disease,91,Lead exposure,1,Number,2015,1.174545136,2.868627914,0
1,All Population,3,YLDs (Years Lived with Disability),4869,Sikkim,1,Male,15,50-54 years,498,Hypertensive heart disease,91,Lead exposure,1,Number,2013,0.112236933,0.304100695,0
1,All Population,3,YLDs (Years Lived with Disability),4869,Sikkim,2,Female,15,50-54 years,498,Hypertensive heart disease,91,Lead exposure,1,Number,2013,0.109476423,0.253271628,0
1,All Population,3,YLDs (Years Lived with Disability),4872,Tripura,1,Male,15,50-54 years,494,Stroke,380,Particulate matter pollution,1,Number,2016,133.5333537,202.80014,78.20909413
1,All Population,3,YLDs (Years Lived with Disability),4872,Tripura,2,Female,15,50-54 years,494,Stroke,380,Particulate matter pollution,1,Number,2016,93.06414841,135.4310393,54.51461445
1,All Population,3,YLDs (Years Lived with Disability),4870,Tamil Nadu,1,Male,15,50-54 years,494,Stroke,380,Particulate matter pollution,1,Number,2016,1365.100325,2098.066622,704.3033565
1,All Population,3,YLDs (Years Lived with Disability),4870,Tamil Nadu,2,Female,15,50-54 years,494,Stroke,380,Particulate matter pollution,1,Number,2016,1277.074885,1959.139747,669.990684
1,All Population,3,YLDs (Years Lived with Disability),4854,Jammu & Kashmir and Ladakh,1,Male,15,50-54 years,493,Ischemic heart disease,91,Lead exposure,1,Number,2013,139.5240013,207.537482,82.48350598
1,All Population,3,YLDs (Years Lived with Disability),4854,Jammu & Kashmir and Ladakh,2,Female,15,50-54 years,493,Ischemic heart disease,91,Lead exposure,1,Number,2013,83.76795139,119.4535878,49.23901711
1,All Population,3,YLDs (Years Lived with Disability),4875,West Bengal,1,Male,15,50-54 years,502,Lower extremity peripheral arterial disease,91,Lead exposure,1,Number,2013,0.225996023,0.782514497,-0.023046736
1,All Population,3,YLDs (Years Lived with Disability),4875,West Bengal,2,Female,15,50-54 years,502,Lower extremity peripheral arterial disease,91,Lead exposure,1,Number,2013,0.246177422,0.791318111,-0.034844609
1,All Population,3,YLDs (Years Lived with Disability),4856,Karnataka,1,Male,15,50-54 years,494,Stroke,380,Particulate matter pollution,1,Number,2016,1119.954228,1670.485094,608.3931134
1,All Population,3,YLDs (Years Lived with Disability),4856,Karnataka,2,Female,15,50-54 years,494,Stroke,380,Particulate matter pollution,1,Number,2016,916.0630238,1425.203574,518.058863
1,All Population,3,YLDs (Years Lived with Disability),4856,Karnataka,1,Male,15,50-54 years,498,Hypertensive heart disease,91,Lead exposure,1,Number,2016,11.3297041,29.49593046,0
1,All Population,3,YLDs (Years Lived with Disability),4856,Karnataka,2,Female,15,50-54 years,498,Hypertensive heart disease,91,Lead exposure,1,Number,2016,19.81263461,47.02074305,0
1,All Population,3,YLDs (Years Lived with Disability),4843,Assam,1,Male,15,50-54 years,498,Hypertensive heart disease,91,Lead exposure,1,Number,2015,8.682097537,21.82801304,0
1,All Population,3,YLDs (Years Lived with Disability),4843,Assam,2,Female,15,50-54 years,498,Hypertensive heart disease,91,Lead exposure,1,Number,2015,8.910441154,22.3794172,0
1,All Population,3,YLDs (Years Lived with Disability),4846,Chhattisgarh,1,Male,15,50-54 years,498,Hypertensive heart disease,91,Lead exposure,1,Number,2015,6.18265674,15.25717968,0
1,All Population,3,YLDs (Years Lived with Disability),4846,Chhattisgarh,2,Female,15,50-54 years,498,Hypertensive heart disease,91,Lead exposure,1,Number,2015,7.59627122,19.41979897,0
1,All Population,3,YLDs (Years Lived with Disability),4854,Jammu & Kashmir and Ladakh,1,Male,15,50-54 years,500,Atrial fibrillation and flutter,91,Lead exposure,1,Number,2016,2.490184424,7.3439313,-0.364360494
1,All Population,3,YLDs (Years Lived with Disability),4854,Jammu & Kashmir and Ladakh,2,Female,15,50-54 years,500,Atrial fibrillation and flutter,91,Lead exposure,1,Number,2016,1.736231749,5.737532753,-0.281871543
1,All Population,3,YLDs (Years Lived with Disability),4844,Bihar,1,Male,15,50-54 years,502,Lower extremity peripheral arterial disease,91,Lead exposure,1,Number,2013,0.217378393,0.678758004,-0.023955648
1,All Population,3,YLDs (Years Lived with Disability),4844,Bihar,2,Female,15,50-54 years,502,Lower extremity peripheral arterial disease,91,Lead exposure,1,Number,2013,0.243195794,0.914687086,-0.029816991
1,All Population,3,YLDs (Years Lived with Disability),4857,Kerala,1,Male,15,50-54 years,493,Ischemic heart disease,91,Lead exposure,1,Number,2013,841.8763968,1226.683824,500.2748812
1,All Population,3,YLDs (Years Lived with Disability),4857,Kerala,2,Female,15,50-54 years,493,Ischemic heart disease,91,Lead exposure,1,Number,2013,378.6213961,563.8027846,227.5486904
1,All Population,3,YLDs (Years Lived with Disability),4859,Madhya Pradesh,1,Male,15,50-54 years,493,Ischemic heart disease,380,Particulate matter pollution,1,Number,2016,1171.939662,1775.49732,702.7797094
1,All Population,3,YLDs (Years Lived with Disability),4859,Madhya Pradesh,2,Female,15,50-54 years,493,Ischemic heart disease,380,Particulate matter pollution,1,Number,2016,623.375754,927.0846253,355.0002188
1,All Population,3,YLDs (Years Lived with Disability),4859,Madhya Pradesh,1,Male,15,50-54 years,494,Stroke,91,Lead exposure,1,Number,2016,254.8764391,634.1526312,-46.57093369
1,All Population,3,YLDs (Years Lived with Disability),4859,Madhya Pradesh,2,Female,15,50-54 years,494,Stroke,91,Lead exposure,1,Number,2016,185.5285985,454.8739909,-28.72871982
1,All Population,3,YLDs (Years Lived with Disability),4854,Jammu & Kashmir and Ladakh,1,Male,15,50-54 years,502,Lower extremity peripheral arterial disease,91,Lead exposure,1,Number,2015,0.022218349,0.075217695,-0.003226847
1,All Population,3,YLDs (Years Lived with Disability),4854,Jammu & Kashmir and Ladakh,2,Female,15,50-54 years,502,Lower extremity peripheral arterial disease,91,Lead exposure,1,Number,2015,0.026359393,0.092370449,-0.003649482
1,All Population,3,YLDs (Years Lived with Disability),4841,Andhra Pradesh,1,Male,15,50-54 years,494,Stroke,380,Particulate matter pollution,1,Number,2015,786.1077431,1181.737862,433.2204927
1,All Population,3,YLDs (Years Lived with Disability),4841,Andhra Pradesh,2,Female,15,50-54 years,494,Stroke,380,Particulate matter pollution,1,Number,2015,725.9867869,1114.065275,401.7759049
1,All Population,3,YLDs (Years Lived with Disability),4859,Madhya Pradesh,1,Male,15,50-54 years,494,Stroke,380,Particulate matter pollution,1,Number,2015,1459.835979,2268.678453,823.9565577
1,All Population,3,YLDs (Years Lived with Disability),4859,Madhya Pradesh,2,Female,15,50-54 years,494,Stroke,380,Particulate matter pollution,1,Number,2015,1224.551254,1831.400845,698.924277
1,All Population,3,YLDs (Years Lived with Disability),4863,Mizoram,1,Male,15,50-54 years,493,Ischemic heart disease,91,Lead exposure,1,Number,2016,8.058114802,11.67020158,4.930560441
1,All Population,3,YLDs (Years Lived with Disability),4863,Mizoram,2,Female,15,50-54 years,493,Ischemic heart disease,91,Lead exposure,1,Number,2016,4.563016047,6.635214926,2.691234686
1,All Population,3,YLDs (Years Lived with Disability),4856,Karnataka,1,Male,15,50-54 years,500,Atrial fibrillation and flutter,91,Lead exposure,1,Number,2015,21.87427351,70.1893955,-2.622378158
1,All Population,3,YLDs (Years Lived with Disability),4856,Karnataka,2,Female,15,50-54 years,500,Atrial fibrillation and flutter,91,Lead exposure,1,Number,2015,17.39587367,53.44663189,-2.097609038
1,All Population,3,YLDs (Years Lived with Disability),4850,Goa,1,Male,15,50-54 years,493,Ischemic heart disease,91,Lead exposure,1,Number,2016,23.08866323,33.73512931,13.93025895
1,All Population,3,YLDs (Years Lived with Disability),4850,Goa,2,Female,15,50-54 years,493,Ischemic heart disease,91,Lead exposure,1,Number,2016,13.98138369,20.77443187,8.010476272
1,All Population,3,YLDs (Years Lived with Disability),4865,Odisha,1,Male,15,50-54 years,493,Ischemic heart disease,91,Lead exposure,1,Number,2016,407.2091138,591.1304286,245.5743221
1,All Population,3,YLDs (Years Lived with Disability),4865,Odisha,2,Female,15,50-54 years,493,Ischemic heart disease,91,Lead exposure,1,Number,2016,240.8903985,353.0243857,131.4782455
1,All Population,3,YLDs (Years Lived with Disability),4872,Tripura,1,Male,15,50-54 years,498,Hypertensive heart disease,91,Lead exposure,1,Number,2016,0.806978472,2.138501273,0
1,All Population,3,YLDs (Years Lived with Disability),4872,Tripura,2,Female,15,50-54 years,498,Hypertensive heart disease,91,Lead exposure,1,Number,2016,1.205961765,3.023749088,0
1,All Population,3,YLDs (Years Lived with Disability),4874,Uttarakhand,1,Male,15,50-54 years,493,Ischemic heart disease,380,Particulate matter pollution,1,Number,2016,187.0698453,286.0870354,109.2305971
1,All Population,3,YLDs (Years Lived with Disability),4874,Uttarakhand,2,Female,15,50-54 years,493,Ischemic heart disease,380,Particulate matter pollution,1,Number,2016,109.4630739,160.3328054,62.85499852
1,All Population,3,YLDs (Years Lived with Disability),4874,Uttarakhand,1,Male,15,50-54 years,494,Stroke,91,Lead exposure,1,Number,2016,41.38143125,99.35156997,-6.861327699
1,All Population,3,YLDs (Years Lived with Disability),4874,Uttarakhand,2,Female,15,50-54 years,494,Stroke,91,Lead exposure,1,Number,2016,27.60460976,75.27356898,-4.208717254
1,All Population,3,YLDs (Years Lived with Disability),4874,Uttarakhand,1,Male,15,50-54 years,493,Ischemic heart disease,380,Particulate matter pollution,1,Number,2015,184.567961,283.1727504,103.1986403
1,All Population,3,YLDs (Years Lived with Disability),4874,Uttarakhand,2,Female,15,50-54 years,493,Ischemic heart disease,380,Particulate matter pollution,1,Number,2015,110.0478021,169.4997608,64.1516891
1,All Population,3,YLDs (Years Lived with Disability),4874,Uttarakhand,1,Male,15,50-54 years,494,Stroke,91,Lead exposure,1,Number,2015,41.06153488,104.537497,-6.625059291
1,All Population,3,YLDs (Years Lived with Disability),4874,Uttarakhand,2,Female,15,50-54 years,494,Stroke,91,Lead exposure,1,Number,2015,27.15702748,68.73636799,-4.088148434
1,All Population,3,YLDs (Years Lived with Disability),4852,Haryana,1,Male,15,50-54 years,502,Lower extremity peripheral arterial disease,91,Lead exposure,1,Number,2016,0.054373545,0.18151198,-0.006577509
1,All Population,3,YLDs (Years Lived with Disability),4852,Haryana,2,Female,15,50-54 years,502,Lower extremity peripheral arterial disease,91,Lead exposure,1,Number,2016,0.066379884,0.225662903,-0.007642467
1,All Population,3,YLDs (Years Lived with Disability),4868,Rajasthan,1,Male,15,50-54 years,502,Lower extremity peripheral arterial disease,91,Lead exposure,1,Number,2016,0.092343905,0.30421322,-0.0102297
1,All Population,3,YLDs (Years Lived with Disability),4868,Rajasthan,2,Female,15,50-54 years,502,Lower extremity peripheral arterial disease,91,Lead exposure,1,Number,2016,0.095765672,0.29821916,-0.013323978
1,All Population,3,YLDs (Years Lived with Disability),4859,Madhya Pradesh,1,Male,15,50-54 years,500,Atrial fibrillation and flutter,91,Lead exposure,1,Number,2015,17.84437213,54.63777705,-3.158280435
1,All Population,3,YLDs (Years Lived with Disability),4859,Madhya Pradesh,2,Female,15,50-54 years,500,Atrial fibrillation and flutter,91,Lead exposure,1,Number,2015,12.33428817,38.63797836,-1.8876485
1,All Population,3,YLDs (Years Lived with Disability),4861,Manipur,1,Male,15,50-54 years,493,Ischemic heart disease,380,Particulate matter pollution,1,Number,2016,31.76609633,47.28653092,17.32412685
1,All Population,3,YLDs (Years Lived with Disability),4861,Manipur,2,Female,15,50-54 years,493,Ischemic heart disease,380,Particulate matter pollution,1,Number,2016,23.88403905,35.80473051,13.94728497
1,All Population,3,YLDs (Years Lived with Disability),4861,Manipur,1,Male,15,50-54 years,494,Stroke,91,Lead exposure,1,Number,2016,15.23603921,39.18881865,-2.550374511
1,All Population,3,YLDs (Years Lived with Disability),4861,Manipur,2,Female,15,50-54 years,494,Stroke,91,Lead exposure,1,Number,2016,9.717615744,25.5855038,-1.530690608
1,All Population,3,YLDs (Years Lived with Disability),4870,Tamil Nadu,1,Male,15,50-54 years,500,Atrial fibrillation and flutter,91,Lead exposure,1,Number,2016,28.82944038,85.41923006,-4.097066528
1,All Population,3,YLDs (Years Lived with Disability),4870,Tamil Nadu,2,Female,15,50-54 years,500,Atrial fibrillation and flutter,91,Lead exposure,1,Number,2016,21.90038383,78.33996641,-3.136087468
1,All Population,3,YLDs (Years Lived with Disability),4859,Madhya Pradesh,1,Male,15,50-54 years,498,Hypertensive heart disease,91,Lead exposure,1,Number,2016,11.71374743,28.43045751,0
1,All Population,3,YLDs (Years Lived with Disability),4859,Madhya Pradesh,2,Female,15,50-54 years,498,Hypertensive heart disease,91,Lead exposure,1,Number,2016,23.06934567,54.27988533,0
1,All Population,3,YLDs (Years Lived with Disability),4856,Karnataka,1,Male,15,50-54 years,502,Lower extremity peripheral arterial disease,91,Lead exposure,1,Number,2015,0.191151158,0.631917831,-0.021677573
1,All Population,3,YLDs (Years Lived with Disability),4856,Karnataka,2,Female,15,50-54 years,502,Lower extremity peripheral arterial disease,91,Lead exposure,1,Number,2015,0.243011254,0.705995123,-0.027043469
1,All Population,3,YLDs (Years Lived with Disability),4864,Nagaland,1,Male,15,50-54 years,494,Stroke,380,Particulate matter pollution,1,Number,2013,41.23783377,66.33488066,23.24048316
1,All Population,3,YLDs (Years Lived with Disability),4864,Nagaland,2,Female,15,50-54 years,494,Stroke,380,Particulate matter pollution,1,Number,2013,24.11605927,36.3671355,14.68471149
1,All Population,3,YLDs (Years Lived with Disability),4864,Nagaland,1,Male,15,50-54 years,498,Hypertensive heart disease,91,Lead exposure,1,Number,2013,0.360198429,0.97505455,0
1,All Population,3,YLDs (Years Lived with Disability),4864,Nagaland,2,Female,15,50-54 years,498,Hypertensive heart disease,91,Lead exposure,1,Number,2013,0.378572438,1.005248752,0
1,All Population,3,YLDs (Years Lived with Disability),4854,Jammu & Kashmir and Ladakh,1,Male,15,50-54 years,502,Lower extremity peripheral arterial disease,91,Lead exposure,1,Number,2013,0.021967033,0.076403948,-0.003046604
1,All Population,3,YLDs (Years Lived with Disability),4854,Jammu & Kashmir and Ladakh,2,Female,15,50-54 years,502,Lower extremity peripheral arterial disease,91,Lead exposure,1,Number,2013,0.024527448,0.085171699,-0.002944058
1,All Population,3,YLDs (Years Lived with Disability),4841,Andhra Pradesh,1,Male,15,50-54 years,500,Atrial fibrillation and flutter,91,Lead exposure,1,Number,2015,13.76683581,42.53669879,-1.830131155
1,All Population,3,YLDs (Years Lived with Disability),4841,Andhra Pradesh,2,Female,15,50-54 years,500,Atrial fibrillation and flutter,91,Lead exposure,1,Number,2015,10.40258626,31.83233285,-1.149008498
1,All Population,3,YLDs (Years Lived with Disability),4850,Goa,1,Male,15,50-54 years,493,Ischemic heart disease,380,Particulate matter pollution,1,Number,2015,21.29860972,33.9426369,11.39114437
1,All Population,3,YLDs (Years Lived with Disability),4850,Goa,2,Female,15,50-54 years,493,Ischemic heart disease,380,Particulate matter pollution,1,Number,2015,14.16348422,21.87610285,7.7934287
1,All Population,3,YLDs (Years Lived with Disability),4874,Uttarakhand,1,Male,15,50-54 years,498,Hypertensive heart disease,91,Lead exposure,1,Number,2016,1.518269471,3.711643508,0
1,All Population,3,YLDs (Years Lived with Disability),4874,Uttarakhand,2,Female,15,50-54 years,498,Hypertensive heart disease,91,Lead exposure,1,Number,2016,2.682612318,6.851063029,0
1,All Population,3,YLDs (Years Lived with Disability),4865,Odisha,1,Male,15,50-54 years,493,Ischemic heart disease,380,Particulate matter pollution,1,Number,2013,505.750002,747.0806574,298.1696279
1,All Population,3,YLDs (Years Lived with Disability),4865,Odisha,2,Female,15,50-54 years,493,Ischemic heart disease,380,Particulate matter pollution,1,Number,2013,324.5118074,470.0341243,182.3084188
1,All Population,3,YLDs (Years Lived with Disability),4842,Arunachal Pradesh,1,Male,15,50-54 years,493,Ischemic heart disease,380,Particulate matter pollution,1,Number,2016,11.59766914,17.55462294,6.326096818
1,All Population,3,YLDs (Years Lived with Disability),4842,Arunachal Pradesh,2,Female,15,50-54 years,493,Ischemic heart disease,380,Particulate matter pollution,1,Number,2016,6.030143569,9.25795612,3.263651365
1,All Population,3,YLDs (Years Lived with Disability),4842,Arunachal Pradesh,1,Male,15,50-54 years,494,Stroke,91,Lead exposure,1,Number,2016,4.922715637,13.29358851,-0.641021418
1,All Population,3,YLDs (Years Lived with Disability),4842,Arunachal Pradesh,2,Female,15,50-54 years,494,Stroke,91,Lead exposure,1,Number,2016,2.732984836,6.973871188,-0.351605732
1,All Population,3,YLDs (Years Lived with Disability),4849,Delhi,1,Male,15,50-54 years,494,Stroke,380,Particulate matter pollution,1,Number,2013,315.0138175,488.8486958,175.2391167
1,All Population,3,YLDs (Years Lived with Disability),4849,Delhi,2,Female,15,50-54 years,494,Stroke,380,Particulate matter pollution,1,Number,2013,306.3913295,476.3131921,167.8347489
1,All Population,3,YLDs (Years Lived with Disability),4849,Delhi,1,Male,15,50-54 years,498,Hypertensive heart disease,91,Lead exposure,1,Number,2013,2.387017438,5.979668947,0
1,All Population,3,YLDs (Years Lived with Disability),4849,Delhi,2,Female,15,50-54 years,498,Hypertensive heart disease,91,Lead exposure,1,Number,2013,2.774102427,7.762038694,0
1,All Population,3,YLDs (Years Lived with Disability),4842,Arunachal Pradesh,1,Male,15,50-54 years,498,Hypertensive heart disease,91,Lead exposure,1,Number,2016,0.311033157,0.861631554,0
1,All Population,3,YLDs (Years Lived with Disability),4842,Arunachal Pradesh,2,Female,15,50-54 years,498,Hypertensive heart disease,91,Lead exposure,1,Number,2016,0.389917577,0.990654705,0
1,All Population,3,YLDs (Years Lived with Disability),4844,Bihar,1,Male,15,50-54 years,494,Stroke,380,Particulate matter pollution,1,Number,2015,1553.532136,2412.963019,862.4200363
1,All Population,3,YLDs (Years Lived with Disability),4844,Bihar,2,Female,15,50-54 years,494,Stroke,380,Particulate matter pollution,1,Number,2015,1433.647981,2177.506367,823.6879126
1,All Population,3,YLDs (Years Lived with Disability),4855,Jharkhand,1,Male,15,50-54 years,493,Ischemic heart disease,91,Lead exposure,1,Number,2015,255.9890785,368.0920558,153.0339093
1,All Population,3,YLDs (Years Lived with Disability),4855,Jharkhand,2,Female,15,50-54 years,493,Ischemic heart disease,91,Lead exposure,1,Number,2015,180.6740588,258.7788439,106.5361979
1,All Population,3,YLDs (Years Lived with Disability),4863,Mizoram,1,Male,15,50-54 years,498,Hypertensive heart disease,91,Lead exposure,1,Number,2015,0.328915574,0.813609186,0
1,All Population,3,YLDs (Years Lived with Disability),4863,Mizoram,2,Female,15,50-54 years,498,Hypertensive heart disease,91,Lead exposure,1,Number,2015,0.56526936,1.376134144,0
1,All Population,3,YLDs (Years Lived with Disability),4871,Telangana,1,Male,15,50-54 years,493,Ischemic heart disease,91,Lead exposure,1,Number,2013,508.4426449,748.5936464,304.1957239
1,All Population,3,YLDs (Years Lived with Disability),4871,Telangana,2,Female,15,50-54 years,493,Ischemic heart disease,91,Lead exposure,1,Number,2013,289.2371433,421.6533142,167.2536055
1,All Population,3,YLDs (Years Lived with Disability),4869,Sikkim,1,Male,15,50-54 years,493,Ischemic heart disease,380,Particulate matter pollution,1,Number,2013,8.325029987,12.35142292,4.746074393
1,All Population,3,YLDs (Years Lived with Disability),4869,Sikkim,2,Female,15,50-54 years,493,Ischemic heart disease,380,Particulate matter pollution,1,Number,2013,4.392062491,6.579069344,2.495227626
1,All Population,3,YLDs (Years Lived with Disability),4869,Sikkim,1,Male,15,50-54 years,494,Stroke,91,Lead exposure,1,Number,2013,2.197972878,5.835275129,-0.298305129
1,All Population,3,YLDs (Years Lived with Disability),4869,Sikkim,2,Female,15,50-54 years,494,Stroke,91,Lead exposure,1,Number,2013,1.310974479,3.437204277,-0.198098736
1,All Population,3,YLDs (Years Lived with Disability),4857,Kerala,1,Male,15,50-54 years,493,Ischemic heart disease,91,Lead exposure,1,Number,2015,784.5450903,1137.357558,451.7265322
1,All Population,3,YLDs (Years Lived with Disability),4857,Kerala,2,Female,15,50-54 years,493,Ischemic heart disease,91,Lead exposure,1,Number,2015,376.5870673,558.7227193,225.8538311
1,All Population,3,YLDs (Years Lived with Disability),4873,Uttar Pradesh,1,Male,15,50-54 years,493,Ischemic heart disease,91,Lead exposure,1,Number,2013,2421.174511,3505.581083,1481.294204
1,All Population,3,YLDs (Years Lived with Disability),4873,Uttar Pradesh,2,Female,15,50-54 years,493,Ischemic heart disease,91,Lead exposure,1,Number,2013,1517.241311,2192.03867,881.9087092
1,All Population,3,YLDs (Years Lived with Disability),4851,Gujarat,1,Male,15,50-54 years,493,Ischemic heart disease,380,Particulate matter pollution,1,Number,2015,1092.0427,1635.300439,624.0056968
1,All Population,3,YLDs (Years Lived with Disability),4851,Gujarat,2,Female,15,50-54 years,493,Ischemic heart disease,380,Particulate matter pollution,1,Number,2015,600.681446,891.0288048,343.8270802
1,All Population,3,YLDs (Years Lived with Disability),4851,Gujarat,1,Male,15,50-54 years,494,Stroke,91,Lead exposure,1,Number,2015,324.0107938,874.2529666,-55.73220931
1,All Population,3,YLDs (Years Lived with Disability),4851,Gujarat,2,Female,15,50-54 years,494,Stroke,91,Lead exposure,1,Number,2015,259.538784,678.507385,-43.59284374
1,All Population,3,YLDs (Years Lived with Disability),4849,Delhi,1,Male,15,50-54 years,494,Stroke,380,Particulate matter pollution,1,Number,2015,324.3060522,495.8195934,168.7678163
1,All Population,3,YLDs (Years Lived with Disability),4849,Delhi,2,Female,15,50-54 years,494,Stroke,380,Particulate matter pollution,1,Number,2015,328.8188351,510.7317188,187.4436439
1,All Population,3,YLDs (Years Lived with Disability),4849,Delhi,1,Male,15,50-54 years,498,Hypertensive heart disease,91,Lead exposure,1,Number,2015,2.419506942,7.561149309,0
1,All Population,3,YLDs (Years Lived with Disability),4849,Delhi,2,Female,15,50-54 years,498,Hypertensive heart disease,91,Lead exposure,1,Number,2015,3.00400381,8.618072839,0
1,All Population,3,YLDs (Years Lived with Disability),4842,Arunachal Pradesh,1,Male,15,50-54 years,493,Ischemic heart disease,380,Particulate matter pollution,1,Number,2017,11.41611852,17.18664679,6.367948681
1,All Population,3,YLDs (Years Lived with Disability),4842,Arunachal Pradesh,2,Female,15,50-54 years,493,Ischemic heart disease,380,Particulate matter pollution,1,Number,2017,5.948564223,9.051550946,3.441096817
1,All Population,3,YLDs (Years Lived with Disability),4842,Arunachal Pradesh,1,Male,15,50-54 years,494,Stroke,91,Lead exposure,1,Number,2017,4.966297525,13.11825193,-0.685200039
1,All Population,3,YLDs (Years Lived with Disability),4842,Arunachal Pradesh,2,Female,15,50-54 years,494,Stroke,91,Lead exposure,1,Number,2017,2.835816896,7.664476765,-0.374172949
1,All Population,3,YLDs (Years Lived with Disability),4867,Punjab,1,Male,15,50-54 years,493,Ischemic heart disease,380,Particulate matter pollution,1,Number,2015,593.9740521,865.7265578,344.941785
1,All Population,3,YLDs (Years Lived with Disability),4867,Punjab,2,Female,15,50-54 years,493,Ischemic heart disease,380,Particulate matter pollution,1,Number,2015,383.9872912,569.6117183,231.1272084
1,All Population,3,YLDs (Years Lived with Disability),4867,Punjab,1,Male,15,50-54 years,494,Stroke,91,Lead exposure,1,Number,2015,82.11886947,198.2300251,-12.59506578
1,All Population,3,YLDs (Years Lived with Disability),4867,Punjab,2,Female,15,50-54 years,494,Stroke,91,Lead exposure,1,Number,2015,62.70108646,156.9285522,-9.378857367
1,All Population,3,YLDs (Years Lived with Disability),4853,Himachal Pradesh,1,Male,15,50-54 years,493,Ischemic heart disease,380,Particulate matter pollution,1,Number,2013,130.6123582,199.5100359,73.17865246
1,All Population,3,YLDs (Years Lived with Disability),4853,Himachal Pradesh,2,Female,15,50-54 years,493,Ischemic heart disease,380,Particulate matter pollution,1,Number,2013,74.72229483,111.5889089,44.03751581
1,All Population,3,YLDs (Years Lived with Disability),4860,Maharashtra,1,Male,15,50-54 years,502,Lower extremity peripheral arterial disease,91,Lead exposure,1,Number,2015,0.258836634,0.883584449,-0.038566761
1,All Population,3,YLDs (Years Lived with Disability),4860,Maharashtra,2,Female,15,50-54 years,502,Lower extremity peripheral arterial disease,91,Lead exposure,1,Number,2015,0.302361412,1.108942292,-0.031735791
1,All Population,3,YLDs (Years Lived with Disability),4867,Punjab,1,Male,15,50-54 years,498,Hypertensive heart disease,91,Lead exposure,1,Number,2015,3.059709563,7.746682954,0
1,All Population,3,YLDs (Years Lived with Disability),4867,Punjab,2,Female,15,50-54 years,498,Hypertensive heart disease,91,Lead exposure,1,Number,2015,4.290890791,11.11356798,0
1,All Population,3,YLDs (Years Lived with Disability),4844,Bihar,1,Male,15,50-54 years,500,Atrial fibrillation and flutter,91,Lead exposure,1,Number,2015,24.33656081,83.55888214,-2.648191138
1,All Population,3,YLDs (Years Lived with Disability),4844,Bihar,2,Female,15,50-54 years,500,Atrial fibrillation and flutter,91,Lead exposure,1,Number,2015,16.48267307,57.16449072,-2.23819353
1,All Population,3,YLDs (Years Lived with Disability),4855,Jharkhand,1,Male,15,50-54 years,493,Ischemic heart disease,91,Lead exposure,1,Number,2013,292.1410458,431.1993477,170.1345409
1,All Population,3,YLDs (Years Lived with Disability),4855,Jharkhand,2,Female,15,50-54 years,493,Ischemic heart disease,91,Lead exposure,1,Number,2013,198.4447138,291.7471261,118.7509017
1,All Population,3,YLDs (Years Lived with Disability),4849,Delhi,1,Male,15,50-54 years,493,Ischemic heart disease,91,Lead exposure,1,Number,2017,194.0411191,292.6341861,112.9478095
1,All Population,3,YLDs (Years Lived with Disability),4849,Delhi,2,Female,15,50-54 years,493,Ischemic heart disease,91,Lead exposure,1,Number,2017,102.5732287,150.4614624,60.51189929
1,All Population,3,YLDs (Years Lived with Disability),4842,Arunachal Pradesh,1,Male,15,50-54 years,498,Hypertensive heart disease,91,Lead exposure,1,Number,2017,0.317617118,0.864597412,0
1,All Population,3,YLDs (Years Lived with Disability),4842,Arunachal Pradesh,2,Female,15,50-54 years,498,Hypertensive heart disease,91,Lead exposure,1,Number,2017,0.41347265,1.074490113,0
1,All Population,3,YLDs (Years Lived with Disability),4871,Telangana,1,Male,15,50-54 years,493,Ischemic heart disease,91,Lead exposure,1,Number,2015,495.2693522,767.352061,298.470251
1,All Population,3,YLDs (Years Lived with Disability),4871,Telangana,2,Female,15,50-54 years,493,Ischemic heart disease,91,Lead exposure,1,Number,2015,281.2054752,415.5002928,173.7579865
1,All Population,3,YLDs (Years Lived with Disability),4873,Uttar Pradesh,1,Male,15,50-54 years,493,Ischemic heart disease,91,Lead exposure,1,Number,2015,2445.847609,3635.018769,1517.60333
1,All Population,3,YLDs (Years Lived with Disability),4873,Uttar Pradesh,2,Female,15,50-54 years,493,Ischemic heart disease,91,Lead exposure,1,Number,2015,1555.932299,2230.852376,906.7468915
1,All Population,3,YLDs (Years Lived with Disability),4853,Himachal Pradesh,1,Male,15,50-54 years,494,Stroke,91,Lead exposure,1,Number,2013,24.35307913,72.2458657,-4.774563363
1,All Population,3,YLDs (Years Lived with Disability),4853,Himachal Pradesh,2,Female,15,50-54 years,494,Stroke,91,Lead exposure,1,Number,2013,18.10211562,49.06582176,-2.807472601
1,All Population,3,YLDs (Years Lived with Disability),4862,Meghalaya,1,Male,15,50-54 years,494,Stroke,380,Particulate matter pollution,1,Number,2015,43.71259498,68.85709458,25.0909477
1,All Population,3,YLDs (Years Lived with Disability),4862,Meghalaya,2,Female,15,50-54 years,494,Stroke,380,Particulate matter pollution,1,Number,2015,36.09996985,56.56784018,19.23557177
1,All Population,3,YLDs (Years Lived with Disability),4851,Gujarat,1,Male,15,50-54 years,498,Hypertensive heart disease,91,Lead exposure,1,Number,2015,11.38578477,27.06548501,0
1,All Population,3,YLDs (Years Lived with Disability),4851,Gujarat,2,Female,15,50-54 years,498,Hypertensive heart disease,91,Lead exposure,1,Number,2015,21.22602931,53.65986844,0
1,All Population,3,YLDs (Years Lived with Disability),4875,West Bengal,1,Male,15,50-54 years,502,Lower extremity peripheral arterial disease,91,Lead exposure,1,Number,2015,0.233894815,0.724342381,-0.023064182
1,All Population,3,YLDs (Years Lived with Disability),4875,West Bengal,2,Female,15,50-54 years,502,Lower extremity peripheral arterial disease,91,Lead exposure,1,Number,2015,0.270884473,0.869633619,-0.031947737
1,All Population,3,YLDs (Years Lived with Disability),4842,Arunachal Pradesh,1,Male,15,50-54 years,502,Lower extremity peripheral arterial disease,91,Lead exposure,1,Number,2015,0.002981893,0.011261434,-0.000386953
1,All Population,3,YLDs (Years Lived with Disability),4842,Arunachal Pradesh,2,Female,15,50-54 years,502,Lower extremity peripheral arterial disease,91,Lead exposure,1,Number,2015,0.002934588,0.011397199,-0.000426735
1,All Population,3,YLDs (Years Lived with Disability),4855,Jharkhand,1,Male,15,50-54 years,494,Stroke,380,Particulate matter pollution,1,Number,2016,604.2130922,924.4120219,343.2112224
1,All Population,3,YLDs (Years Lived with Disability),4855,Jharkhand,2,Female,15,50-54 years,494,Stroke,380,Particulate matter pollution,1,Number,2016,686.4597404,1073.255205,377.583927
1,All Population,3,YLDs (Years Lived with Disability),44538,Other Union Territories,1,Male,15,50-54 years,493,Ischemic heart disease,91,Lead exposure,1,Number,2016,50.97337667,75.55477187,30.24544089
1,All Population,3,YLDs (Years Lived with Disability),44538,Other Union Territories,2,Female,15,50-54 years,493,Ischemic heart disease,91,Lead exposure,1,Number,2016,26.71296865,39.46680221,15.76292146
1,All Population,3,YLDs (Years Lived with Disability),4855,Jharkhand,1,Male,15,50-54 years,494,Stroke,380,Particulate matter pollution,1,Number,2017,609.6744079,951.4110093,329.6907351
1,All Population,3,YLDs (Years Lived with Disability),4855,Jharkhand,2,Female,15,50-54 years,494,Stroke,380,Particulate matter pollution,1,Number,2017,699.8917584,1075.67404,392.5289075
1,All Population,3,YLDs (Years Lived with Disability),4849,Delhi,1,Male,15,50-54 years,493,Ischemic heart disease,91,Lead exposure,1,Number,2016,195.6869385,298.0502418,115.0638634
1,All Population,3,YLDs (Years Lived with Disability),4849,Delhi,2,Female,15,50-54 years,493,Ischemic heart disease,91,Lead exposure,1,Number,2016,102.8439373,155.4088818,59.03316797
1,All Population,3,YLDs (Years Lived with Disability),4857,Kerala,1,Male,15,50-54 years,498,Hypertensive heart disease,91,Lead exposure,1,Number,2017,5.777555318,15.45724354,0
1,All Population,3,YLDs (Years Lived with Disability),4857,Kerala,2,Female,15,50-54 years,498,Hypertensive heart disease,91,Lead exposure,1,Number,2017,15.46873447,38.71340569,0
1,All Population,3,YLDs (Years Lived with Disability),4851,Gujarat,1,Male,15,50-54 years,502,Lower extremity peripheral arterial disease,91,Lead exposure,1,Number,2017,0.178805426,0.583181118,-0.023260869
1,All Population,3,YLDs (Years Lived with Disability),4851,Gujarat,2,Female,15,50-54 years,502,Lower extremity peripheral arterial disease,91,Lead exposure,1,Number,2017,0.230757692,0.841756519,-0.029764292
1,All Population,3,YLDs (Years Lived with Disability),4869,Sikkim,1,Male,15,50-54 years,493,Ischemic heart disease,380,Particulate matter pollution,1,Number,2015,8.147950538,12.10965843,4.668455604
1,All Population,3,YLDs (Years Lived with Disability),4869,Sikkim,2,Female,15,50-54 years,493,Ischemic heart disease,380,Particulate matter pollution,1,Number,2015,4.439670459,6.812095801,2.47874093
1,All Population,3,YLDs (Years Lived with Disability),4869,Sikkim,1,Male,15,50-54 years,494,Stroke,91,Lead exposure,1,Number,2015,2.286280433,5.985012096,-0.311978992
1,All Population,3,YLDs (Years Lived with Disability),4869,Sikkim,2,Female,15,50-54 years,494,Stroke,91,Lead exposure,1,Number,2015,1.444616365,3.778903539,-0.183793164
1,All Population,3,YLDs (Years Lived with Disability),4862,Meghalaya,1,Male,15,50-54 years,500,Atrial fibrillation and flutter,91,Lead exposure,1,Number,2015,0.667677466,2.100358421,-0.087349199
1,All Population,3,YLDs (Years Lived with Disability),4862,Meghalaya,2,Female,15,50-54 years,500,Atrial fibrillation and flutter,91,Lead exposure,1,Number,2015,0.488605305,1.600062824,-0.053231719
1,All Population,3,YLDs (Years Lived with Disability),4855,Jharkhand,1,Male,15,50-54 years,500,Atrial fibrillation and flutter,91,Lead exposure,1,Number,2016,7.870141768,25.1341152,-1.12614129
1,All Population,3,YLDs (Years Lived with Disability),4855,Jharkhand,2,Female,15,50-54 years,500,Atrial fibrillation and flutter,91,Lead exposure,1,Number,2016,5.542554018,17.21062714,-0.792840044
1,All Population,3,YLDs (Years Lived with Disability),4873,Uttar Pradesh,1,Male,15,50-54 years,494,Stroke,91,Lead exposure,1,Number,2016,774.6433027,2000.801451,-104.3522169
1,All Population,3,YLDs (Years Lived with Disability),4873,Uttar Pradesh,2,Female,15,50-54 years,494,Stroke,91,Lead exposure,1,Number,2016,738.9654556,1759.76147,-93.78408155
1,All Population,3,YLDs (Years Lived with Disability),4851,Gujarat,1,Male,15,50-54 years,502,Lower extremity peripheral arterial disease,91,Lead exposure,1,Number,2016,0.177725778,0.595371949,-0.018646837
1,All Population,3,YLDs (Years Lived with Disability),4851,Gujarat,2,Female,15,50-54 years,502,Lower extremity peripheral arterial disease,91,Lead exposure,1,Number,2016,0.224460576,0.785669951,-0.025180385
1,All Population,3,YLDs (Years Lived with Disability),4853,Himachal Pradesh,1,Male,15,50-54 years,500,Atrial fibrillation and flutter,91,Lead exposure,1,Number,2017,2.305634646,7.59873353,-0.267431234
1,All Population,3,YLDs (Years Lived with Disability),4853,Himachal Pradesh,2,Female,15,50-54 years,500,Atrial fibrillation and flutter,91,Lead exposure,1,Number,2017,1.731979214,5.586157196,-0.190103616
1,All Population,3,YLDs (Years Lived with Disability),4864,Nagaland,1,Male,15,50-54 years,494,Stroke,380,Particulate matter pollution,1,Number,2015,40.51643058,66.47948178,23.04298254
1,All Population,3,YLDs (Years Lived with Disability),4864,Nagaland,2,Female,15,50-54 years,494,Stroke,380,Particulate matter pollution,1,Number,2015,23.96059638,36.50991376,13.57191624
1,All Population,3,YLDs (Years Lived with Disability),4864,Nagaland,1,Male,15,50-54 years,498,Hypertensive heart disease,91,Lead exposure,1,Number,2015,0.347628519,0.9139083,0
1,All Population,3,YLDs (Years Lived with Disability),4864,Nagaland,2,Female,15,50-54 years,498,Hypertensive heart disease,91,Lead exposure,1,Number,2015,0.367795332,0.885660099,0
1,All Population,3,YLDs (Years Lived with Disability),4864,Nagaland,1,Male,15,50-54 years,493,Ischemic heart disease,91,Lead exposure,1,Number,2016,14.53345872,21.04327609,8.834832233
1,All Population,3,YLDs (Years Lived with Disability),4864,Nagaland,2,Female,15,50-54 years,493,Ischemic heart disease,91,Lead exposure,1,Number,2016,8.621827898,12.64673647,4.89832327
1,All Population,3,YLDs (Years Lived with Disability),4860,Maharashtra,1,Male,15,50-54 years,498,Hypertensive heart disease,91,Lead exposure,1,Number,2017,19.35155119,49.61126335,0
1,All Population,3,YLDs (Years Lived with Disability),4860,Maharashtra,2,Female,15,50-54 years,498,Hypertensive heart disease,91,Lead exposure,1,Number,2017,37.08472342,87.59783386,0
1,All Population,3,YLDs (Years Lived with Disability),4873,Uttar Pradesh,1,Male,15,50-54 years,498,Hypertensive heart disease,91,Lead exposure,1,Number,2016,47.74054532,119.2412974,0
1,All Population,3,YLDs (Years Lived with Disability),4873,Uttar Pradesh,2,Female,15,50-54 years,498,Hypertensive heart disease,91,Lead exposure,1,Number,2016,64.33155946,158.8056296,0
1,All Population,3,YLDs (Years Lived with Disability),4855,Jharkhand,1,Male,15,50-54 years,500,Atrial fibrillation and flutter,91,Lead exposure,1,Number,2017,7.963665124,25.58326335,-1.099663018
1,All Population,3,YLDs (Years Lived with Disability),4855,Jharkhand,2,Female,15,50-54 years,500,Atrial fibrillation and flutter,91,Lead exposure,1,Number,2017,5.607841311,16.97396578,-0.780647973
1,All Population,3,YLDs (Years Lived with Disability),4871,Telangana,1,Male,15,50-54 years,494,Stroke,380,Particulate matter pollution,1,Number,2016,502.3042214,809.5418268,282.1919247
1,All Population,3,YLDs (Years Lived with Disability),4871,Telangana,2,Female,15,50-54 years,494,Stroke,380,Particulate matter pollution,1,Number,2016,423.6764952,639.5179598,246.6064343
1,All Population,3,YLDs (Years Lived with Disability),4853,Himachal Pradesh,1,Male,15,50-54 years,500,Atrial fibrillation and flutter,91,Lead exposure,1,Number,2016,2.261921105,8.314880432,-0.296438176
1,All Population,3,YLDs (Years Lived with Disability),4853,Himachal Pradesh,2,Female,15,50-54 years,500,Atrial fibrillation and flutter,91,Lead exposure,1,Number,2016,1.690779368,5.63271479,-0.21096561
1,All Population,3,YLDs (Years Lived with Disability),44538,Other Union Territories,1,Male,15,50-54 years,493,Ischemic heart disease,380,Particulate matter pollution,1,Number,2015,45.39389295,68.97429015,25.93416321
1,All Population,3,YLDs (Years Lived with Disability),44538,Other Union Territories,2,Female,15,50-54 years,493,Ischemic heart disease,380,Particulate matter pollution,1,Number,2015,26.01005935,40.97717742,15.07033881
1,All Population,3,YLDs (Years Lived with Disability),4867,Punjab,1,Male,15,50-54 years,502,Lower extremity peripheral arterial disease,91,Lead exposure,1,Number,2016,0.041062389,0.140353274,-0.003977786
1,All Population,3,YLDs (Years Lived with Disability),4867,Punjab,2,Female,15,50-54 years,502,Lower extremity peripheral arterial disease,91,Lead exposure,1,Number,2016,0.059721291,0.183876919,-0.006399818
1,All Population,3,YLDs (Years Lived with Disability),4860,Maharashtra,1,Male,15,50-54 years,493,Ischemic heart disease,380,Particulate matter pollution,1,Number,2016,1456.956529,2200.389958,839.7428207
1,All Population,3,YLDs (Years Lived with Disability),4860,Maharashtra,2,Female,15,50-54 years,493,Ischemic heart disease,380,Particulate matter pollution,1,Number,2016,890.4890282,1317.43299,495.8602102
1,All Population,3,YLDs (Years Lived with Disability),4860,Maharashtra,1,Male,15,50-54 years,494,Stroke,91,Lead exposure,1,Number,2016,482.6433465,1327.141716,-80.47827213
1,All Population,3,YLDs (Years Lived with Disability),4860,Maharashtra,2,Female,15,50-54 years,494,Stroke,91,Lead exposure,1,Number,2016,328.758769,857.8477958,-54.22916691
1,All Population,3,YLDs (Years Lived with Disability),4846,Chhattisgarh,1,Male,15,50-54 years,502,Lower extremity peripheral arterial disease,91,Lead exposure,1,Number,2015,0.062897958,0.207111643,-0.007065175
1,All Population,3,YLDs (Years Lived with Disability),4846,Chhattisgarh,2,Female,15,50-54 years,502,Lower extremity peripheral arterial disease,91,Lead exposure,1,Number,2015,0.07479819,0.268203304,-0.007761969
1,All Population,3,YLDs (Years Lived with Disability),4853,Himachal Pradesh,1,Male,15,50-54 years,502,Lower extremity peripheral arterial disease,91,Lead exposure,1,Number,2017,0.018009434,0.060613373,-0.002053722
1,All Population,3,YLDs (Years Lived with Disability),4853,Himachal Pradesh,2,Female,15,50-54 years,502,Lower extremity peripheral arterial disease,91,Lead exposure,1,Number,2017,0.022515589,0.071641801,-0.003398358
1,All Population,3,YLDs (Years Lived with Disability),4857,Kerala,1,Male,15,50-54 years,494,Stroke,91,Lead exposure,1,Number,2016,215.4947119,578.4961872,-28.20204068
1,All Population,3,YLDs (Years Lived with Disability),4857,Kerala,2,Female,15,50-54 years,494,Stroke,91,Lead exposure,1,Number,2016,173.3229328,422.4499039,-23.20276446
1,All Population,3,YLDs (Years Lived with Disability),4874,Uttarakhand,1,Male,15,50-54 years,493,Ischemic heart disease,91,Lead exposure,1,Number,2015,157.8320657,237.7695586,91.77091037
1,All Population,3,YLDs (Years Lived with Disability),4874,Uttarakhand,2,Female,15,50-54 years,493,Ischemic heart disease,91,Lead exposure,1,Number,2015,85.59802788,129.1197205,49.75960836
1,All Population,3,YLDs (Years Lived with Disability),4860,Maharashtra,1,Male,15,50-54 years,498,Hypertensive heart disease,91,Lead exposure,1,Number,2016,18.4592252,48.14536438,0
1,All Population,3,YLDs (Years Lived with Disability),4860,Maharashtra,2,Female,15,50-54 years,498,Hypertensive heart disease,91,Lead exposure,1,Number,2016,35.89204628,86.01914106,0
1,All Population,3,YLDs (Years Lived with Disability),4853,Himachal Pradesh,1,Male,15,50-54 years,493,Ischemic heart disease,380,Particulate matter pollution,1,Number,2015,129.5607127,197.4706648,72.9686374
1,All Population,3,YLDs (Years Lived with Disability),4853,Himachal Pradesh,2,Female,15,50-54 years,493,Ischemic heart disease,380,Particulate matter pollution,1,Number,2015,71.90535786,107.5858952,42.64611108
1,All Population,3,YLDs (Years Lived with Disability),4869,Sikkim,1,Male,15,50-54 years,500,Atrial fibrillation and flutter,91,Lead exposure,1,Number,2016,0.18309827,0.599967486,-0.019245335
1,All Population,3,YLDs (Years Lived with Disability),4869,Sikkim,2,Female,15,50-54 years,500,Atrial fibrillation and flutter,91,Lead exposure,1,Number,2016,0.112264221,0.363793742,-0.012469252
1,All Population,3,YLDs (Years Lived with Disability),4869,Sikkim,1,Male,15,50-54 years,502,Lower extremity peripheral arterial disease,91,Lead exposure,1,Number,2016,0.001219537,0.004562867,-0.000168067
1,All Population,3,YLDs (Years Lived with Disability),4869,Sikkim,2,Female,15,50-54 years,502,Lower extremity peripheral arterial disease,91,Lead exposure,1,Number,2016,0.000998323,0.003420991,-0.000127977
1,All Population,3,YLDs (Years Lived with Disability),4853,Himachal Pradesh,1,Male,15,50-54 years,502,Lower extremity peripheral arterial disease,91,Lead exposure,1,Number,2016,0.017862911,0.055242157,-0.002687592
1,All Population,3,YLDs (Years Lived with Disability),4853,Himachal Pradesh,2,Female,15,50-54 years,502,Lower extremity peripheral arterial disease,91,Lead exposure,1,Number,2016,0.022388945,0.072060151,-0.003358846
1,All Population,3,YLDs (Years Lived with Disability),4853,Himachal Pradesh,1,Male,15,50-54 years,494,Stroke,91,Lead exposure,1,Number,2015,24.86733138,63.261115,-4.423598994
1,All Population,3,YLDs (Years Lived with Disability),4853,Himachal Pradesh,2,Female,15,50-54 years,494,Stroke,91,Lead exposure,1,Number,2015,18.78026108,51.48253426,-3.12308485
1,All Population,3,YLDs (Years Lived with Disability),4861,Manipur,1,Male,15,50-54 years,493,Ischemic heart disease,91,Lead exposure,1,Number,2015,30.6088103,45.94189618,17.79863002
1,All Population,3,YLDs (Years Lived with Disability),4861,Manipur,2,Female,15,50-54 years,493,Ischemic heart disease,91,Lead exposure,1,Number,2015,21.066624,31.00572555,12.63263945
1,All Population,3,YLDs (Years Lived with Disability),4841,Andhra Pradesh,1,Male,15,50-54 years,493,Ischemic heart disease,91,Lead exposure,1,Number,2015,758.0553544,1091.233459,449.367335
1,All Population,3,YLDs (Years Lived with Disability),4841,Andhra Pradesh,2,Female,15,50-54 years,493,Ischemic heart disease,91,Lead exposure,1,Number,2015,424.9117674,626.9556459,250.435643
1,All Population,3,YLDs (Years Lived with Disability),4841,Andhra Pradesh,1,Male,15,50-54 years,493,Ischemic heart disease,380,Particulate matter pollution,1,Number,2017,745.8315296,1137.114772,438.3453891
1,All Population,3,YLDs (Years Lived with Disability),4841,Andhra Pradesh,2,Female,15,50-54 years,493,Ischemic heart disease,380,Particulate matter pollution,1,Number,2017,466.3851326,697.6063426,272.2445084
1,All Population,3,YLDs (Years Lived with Disability),4841,Andhra Pradesh,1,Male,15,50-54 years,494,Stroke,91,Lead exposure,1,Number,2017,175.1882328,482.9324681,-21.92437369
1,All Population,3,YLDs (Years Lived with Disability),4841,Andhra Pradesh,2,Female,15,50-54 years,494,Stroke,91,Lead exposure,1,Number,2017,135.7006727,356.1924024,-18.51685268
1,All Population,3,YLDs (Years Lived with Disability),4856,Karnataka,1,Male,15,50-54 years,493,Ischemic heart disease,380,Particulate matter pollution,1,Number,2015,978.8140185,1478.963919,552.8902492
1,All Population,3,YLDs (Years Lived with Disability),4856,Karnataka,2,Female,15,50-54 years,493,Ischemic heart disease,380,Particulate matter pollution,1,Number,2015,632.9356937,944.3354452,366.9674924
1,All Population,3,YLDs (Years Lived with Disability),4871,Telangana,1,Male,15,50-54 years,500,Atrial fibrillation and flutter,91,Lead exposure,1,Number,2016,8.593170618,24.80199593,-1.286705751
1,All Population,3,YLDs (Years Lived with Disability),4871,Telangana,2,Female,15,50-54 years,500,Atrial fibrillation and flutter,91,Lead exposure,1,Number,2016,6.236328938,20.45182318,-0.852896195
1,All Population,3,YLDs (Years Lived with Disability),4865,Odisha,1,Male,15,50-54 years,494,Stroke,380,Particulate matter pollution,1,Number,2015,1105.642754,1708.247993,645.5452982
1,All Population,3,YLDs (Years Lived with Disability),4865,Odisha,2,Female,15,50-54 years,494,Stroke,380,Particulate matter pollution,1,Number,2015,942.9603753,1426.657504,542.6276708
1,All Population,3,YLDs (Years Lived with Disability),4875,West Bengal,1,Male,15,50-54 years,493,Ischemic heart disease,380,Particulate matter pollution,1,Number,2016,1627.76424,2519.892406,918.0662992
1,All Population,3,YLDs (Years Lived with Disability),4875,West Bengal,2,Female,15,50-54 years,493,Ischemic heart disease,380,Particulate matter pollution,1,Number,2016,1078.193257,1603.252037,644.3112558
1,All Population,3,YLDs (Years Lived with Disability),4875,West Bengal,1,Male,15,50-54 years,494,Stroke,91,Lead exposure,1,Number,2016,570.5553589,1403.141785,-75.80405484
1,All Population,3,YLDs (Years Lived with Disability),4875,West Bengal,2,Female,15,50-54 years,494,Stroke,91,Lead exposure,1,Number,2016,456.6706921,1084.064222,-61.52958772
1,All Population,3,YLDs (Years Lived with Disability),4865,Odisha,1,Male,15,50-54 years,500,Atrial fibrillation and flutter,91,Lead exposure,1,Number,2015,11.85557299,39.90476965,-1.741893499
1,All Population,3,YLDs (Years Lived with Disability),4865,Odisha,2,Female,15,50-54 years,500,Atrial fibrillation and flutter,91,Lead exposure,1,Number,2015,8.402110743,27.05652433,-1.118939089
1,All Population,3,YLDs (Years Lived with Disability),4856,Karnataka,1,Male,15,50-54 years,494,Stroke,91,Lead exposure,1,Number,2015,289.8186007,793.0666285,-47.63338688
1,All Population,3,YLDs (Years Lived with Disability),4856,Karnataka,2,Female,15,50-54 years,494,Stroke,91,Lead exposure,1,Number,2015,217.5665126,536.6390609,-33.62122436
1,All Population,3,YLDs (Years Lived with Disability),4854,Jammu & Kashmir and Ladakh,1,Male,15,50-54 years,493,Ischemic heart disease,380,Particulate matter pollution,1,Number,2015,157.9468858,237.6059427,87.55561083
1,All Population,3,YLDs (Years Lived with Disability),4854,Jammu & Kashmir and Ladakh,2,Female,15,50-54 years,493,Ischemic heart disease,380,Particulate matter pollution,1,Number,2015,102.3888402,153.464392,59.83188058
1,All Population,3,YLDs (Years Lived with Disability),4854,Jammu & Kashmir and Ladakh,1,Male,15,50-54 years,494,Stroke,91,Lead exposure,1,Number,2015,29.60662715,74.01038971,-4.957042955
1,All Population,3,YLDs (Years Lived with Disability),4854,Jammu & Kashmir and Ladakh,2,Female,15,50-54 years,494,Stroke,91,Lead exposure,1,Number,2015,21.3912092,52.36352716,-3.250168157
1,All Population,3,YLDs (Years Lived with Disability),4841,Andhra Pradesh,1,Male,15,50-54 years,498,Hypertensive heart disease,91,Lead exposure,1,Number,2017,7.296000442,19.00262874,0
1,All Population,3,YLDs (Years Lived with Disability),4841,Andhra Pradesh,2,Female,15,50-54 years,498,Hypertensive heart disease,91,Lead exposure,1,Number,2017,13.4027412,32.20128916,0
1,All Population,3,YLDs (Years Lived with Disability),4870,Tamil Nadu,1,Male,15,50-54 years,493,Ischemic heart disease,380,Particulate matter pollution,1,Number,2015,1245.790572,1883.039139,717.2837887
1,All Population,3,YLDs (Years Lived with Disability),4870,Tamil Nadu,2,Female,15,50-54 years,493,Ischemic heart disease,380,Particulate matter pollution,1,Number,2015,722.9371304,1101.702472,425.3204041
1,All Population,3,YLDs (Years Lived with Disability),4870,Tamil Nadu,1,Male,15,50-54 years,494,Stroke,91,Lead exposure,1,Number,2015,396.2623474,1036.068577,-59.16898632
1,All Population,3,YLDs (Years Lived with Disability),4870,Tamil Nadu,2,Female,15,50-54 years,494,Stroke,91,Lead exposure,1,Number,2015,308.5389765,825.7176574,-48.28410315
1,All Population,3,YLDs (Years Lived with Disability),4857,Kerala,1,Male,15,50-54 years,498,Hypertensive heart disease,91,Lead exposure,1,Number,2016,6.019688207,16.83828806,0
1,All Population,3,YLDs (Years Lived with Disability),4857,Kerala,2,Female,15,50-54 years,498,Hypertensive heart disease,91,Lead exposure,1,Number,2016,15.13222035,38.10312261,0
1,All Population,3,YLDs (Years Lived with Disability),4875,West Bengal,1,Male,15,50-54 years,498,Hypertensive heart disease,91,Lead exposure,1,Number,2016,17.75352827,46.13197468,0
1,All Population,3,YLDs (Years Lived with Disability),4875,West Bengal,2,Female,15,50-54 years,498,Hypertensive heart disease,91,Lead exposure,1,Number,2016,26.00147501,63.35027372,0
1,All Population,3,YLDs (Years Lived with Disability),4852,Haryana,1,Male,15,50-54 years,494,Stroke,380,Particulate matter pollution,1,Number,2015,605.8588364,926.5196368,338.6070121
1,All Population,3,YLDs (Years Lived with Disability),4852,Haryana,2,Female,15,50-54 years,494,Stroke,380,Particulate matter pollution,1,Number,2015,538.937121,803.7632206,319.0550986
1,All Population,3,YLDs (Years Lived with Disability),4868,Rajasthan,1,Male,15,50-54 years,494,Stroke,380,Particulate matter pollution,1,Number,2015,1193.189407,1791.415296,685.1089705
1,All Population,3,YLDs (Years Lived with Disability),4868,Rajasthan,2,Female,15,50-54 years,494,Stroke,380,Particulate matter pollution,1,Number,2015,1068.449678,1636.787402,626.0934433
1,All Population,3,YLDs (Years Lived with Disability),4852,Haryana,1,Male,15,50-54 years,500,Atrial fibrillation and flutter,91,Lead exposure,1,Number,2015,6.179825818,19.62726529,-0.886789651
1,All Population,3,YLDs (Years Lived with Disability),4852,Haryana,2,Female,15,50-54 years,500,Atrial fibrillation and flutter,91,Lead exposure,1,Number,2015,4.283791876,13.21639234,-0.586646822
1,All Population,3,YLDs (Years Lived with Disability),4865,Odisha,1,Male,15,50-54 years,502,Lower extremity peripheral arterial disease,91,Lead exposure,1,Number,2015,0.110754781,0.384183005,-0.011703772
1,All Population,3,YLDs (Years Lived with Disability),4865,Odisha,2,Female,15,50-54 years,502,Lower extremity peripheral arterial disease,91,Lead exposure,1,Number,2015,0.129512896,0.472448313,-0.017027606
1,All Population,3,YLDs (Years Lived with Disability),4870,Tamil Nadu,1,Male,15,50-54 years,498,Hypertensive heart disease,91,Lead exposure,1,Number,2015,13.22234289,30.91868637,0
1,All Population,3,YLDs (Years Lived with Disability),4870,Tamil Nadu,2,Female,15,50-54 years,498,Hypertensive heart disease,91,Lead exposure,1,Number,2015,23.6702179,56.3100256,0
1,All Population,3,YLDs (Years Lived with Disability),4859,Madhya Pradesh,1,Male,15,50-54 years,493,Ischemic heart disease,91,Lead exposure,1,Number,2015,956.5778821,1430.877411,572.7488165
1,All Population,3,YLDs (Years Lived with Disability),4859,Madhya Pradesh,2,Female,15,50-54 years,493,Ischemic heart disease,91,Lead exposure,1,Number,2015,468.0538246,691.1015556,260.3410298
1,All Population,3,YLDs (Years Lived with Disability),4850,Goa,1,Male,15,50-54 years,494,Stroke,380,Particulate matter pollution,1,Number,2015,24.92870826,39.30490126,12.42111694
1,All Population,3,YLDs (Years Lived with Disability),4850,Goa,2,Female,15,50-54 years,494,Stroke,380,Particulate matter pollution,1,Number,2015,24.83482995,38.97850088,14.48445346
1,All Population,3,YLDs (Years Lived with Disability),4862,Meghalaya,1,Male,15,50-54 years,493,Ischemic heart disease,380,Particulate matter pollution,1,Number,2015,23.35558239,36.51383243,13.13680045
1,All Population,3,YLDs (Years Lived with Disability),4862,Meghalaya,2,Female,15,50-54 years,493,Ischemic heart disease,380,Particulate matter pollution,1,Number,2015,15.74564826,24.18494196,8.805939695
1,All Population,3,YLDs (Years Lived with Disability),4862,Meghalaya,1,Male,15,50-54 years,494,Stroke,91,Lead exposure,1,Number,2015,8.758448797,23.79452241,-1.540353032
1,All Population,3,YLDs (Years Lived with Disability),4862,Meghalaya,2,Female,15,50-54 years,494,Stroke,91,Lead exposure,1,Number,2015,6.272721372,17.10737424,-0.991648048
1,All Population,3,YLDs (Years Lived with Disability),4854,Jammu & Kashmir and Ladakh,1,Male,15,50-54 years,498,Hypertensive heart disease,91,Lead exposure,1,Number,2015,1.660525425,4.051250861,0
1,All Population,3,YLDs (Years Lived with Disability),4854,Jammu & Kashmir and Ladakh,2,Female,15,50-54 years,498,Hypertensive heart disease,91,Lead exposure,1,Number,2015,2.271836059,6.095680839,0
1,All Population,3,YLDs (Years Lived with Disability),4872,Tripura,1,Male,15,50-54 years,493,Ischemic heart disease,380,Particulate matter pollution,1,Number,2015,58.58344713,87.78748319,34.09779171
1,All Population,3,YLDs (Years Lived with Disability),4872,Tripura,2,Female,15,50-54 years,493,Ischemic heart disease,380,Particulate matter pollution,1,Number,2015,35.78522999,53.39126572,20.89828681
1,All Population,3,YLDs (Years Lived with Disability),4872,Tripura,1,Male,15,50-54 years,494,Stroke,91,Lead exposure,1,Number,2015,23.5710192,62.3716256,-3.857214675
1,All Population,3,YLDs (Years Lived with Disability),4872,Tripura,2,Female,15,50-54 years,494,Stroke,91,Lead exposure,1,Number,2015,14.02303152,36.93607476,-1.89428722
1,All Population,3,YLDs (Years Lived with Disability),4846,Chhattisgarh,1,Male,15,50-54 years,493,Ischemic heart disease,91,Lead exposure,1,Number,2017,321.8122668,482.2292916,186.3702874
1,All Population,3,YLDs (Years Lived with Disability),4846,Chhattisgarh,2,Female,15,50-54 years,493,Ischemic heart disease,91,Lead exposure,1,Number,2017,183.3300896,264.9216867,105.3694055
1,All Population,3,YLDs (Years Lived with Disability),4843,Assam,1,Male,15,50-54 years,493,Ischemic heart disease,380,Particulate matter pollution,1,Number,2017,342.8191601,512.4272412,191.2625032
1,All Population,3,YLDs (Years Lived with Disability),4843,Assam,2,Female,15,50-54 years,493,Ischemic heart disease,380,Particulate matter pollution,1,Number,2017,216.8318635,325.1229864,125.9913412
1,All Population,3,YLDs (Years Lived with Disability),4843,Assam,1,Male,15,50-54 years,494,Stroke,91,Lead exposure,1,Number,2017,175.9932553,464.7751205,-26.52654531
1,All Population,3,YLDs (Years Lived with Disability),4843,Assam,2,Female,15,50-54 years,494,Stroke,91,Lead exposure,1,Number,2017,96.46034901,253.232481,-13.81326998
1,All Population,3,YLDs (Years Lived with Disability),4843,Assam,1,Male,15,50-54 years,493,Ischemic heart disease,91,Lead exposure,1,Number,2015,304.9249402,468.9791354,177.5348579
1,All Population,3,YLDs (Years Lived with Disability),4843,Assam,2,Female,15,50-54 years,493,Ischemic heart disease,91,Lead exposure,1,Number,2015,171.8123432,254.4287027,100.1243536
1,All Population,3,YLDs (Years Lived with Disability),4868,Rajasthan,1,Male,15,50-54 years,500,Atrial fibrillation and flutter,91,Lead exposure,1,Number,2015,9.546076419,30.53493699,-1.469758745
1,All Population,3,YLDs (Years Lived with Disability),4868,Rajasthan,2,Female,15,50-54 years,500,Atrial fibrillation and flutter,91,Lead exposure,1,Number,2015,5.96658326,18.63804055,-0.815843513
1,All Population,3,YLDs (Years Lived with Disability),4856,Karnataka,1,Male,15,50-54 years,494,Stroke,380,Particulate matter pollution,1,Number,2017,1119.389406,1693.885658,589.7929051
1,All Population,3,YLDs (Years Lived with Disability),4856,Karnataka,2,Female,15,50-54 years,494,Stroke,380,Particulate matter pollution,1,Number,2017,926.4935785,1405.54364,524.7665681
1,All Population,3,YLDs (Years Lived with Disability),4856,Karnataka,1,Male,15,50-54 years,498,Hypertensive heart disease,91,Lead exposure,1,Number,2017,11.59655531,28.76521416,0
1,All Population,3,YLDs (Years Lived with Disability),4856,Karnataka,2,Female,15,50-54 years,498,Hypertensive heart disease,91,Lead exposure,1,Number,2017,19.77179059,45.44428996,0
1,All Population,3,YLDs (Years Lived with Disability),4863,Mizoram,1,Male,15,50-54 years,502,Lower extremity peripheral arterial disease,91,Lead exposure,1,Number,2015,0.002888571,0.009806712,-0.000285712
1,All Population,3,YLDs (Years Lived with Disability),4863,Mizoram,2,Female,15,50-54 years,502,Lower extremity peripheral arterial disease,91,Lead exposure,1,Number,2015,0.003373031,0.010967585,-0.000336517
1,All Population,3,YLDs (Years Lived with Disability),4875,West Bengal,1,Male,15,50-54 years,494,Stroke,380,Particulate matter pollution,1,Number,2015,3410.569979,5164.39384,1994.826494
1,All Population,3,YLDs (Years Lived with Disability),4875,West Bengal,2,Female,15,50-54 years,494,Stroke,380,Particulate matter pollution,1,Number,2015,2956.689557,4519.62672,1746.70735
1,All Population,3,YLDs (Years Lived with Disability),4875,West Bengal,1,Male,15,50-54 years,500,Atrial fibrillation and flutter,91,Lead exposure,1,Number,2015,27.49731275,93.815728,-3.953991859
1,All Population,3,YLDs (Years Lived with Disability),4875,West Bengal,2,Female,15,50-54 years,500,Atrial fibrillation and flutter,91,Lead exposure,1,Number,2015,19.45305085,64.14358759,-3.125817687
1,All Population,3,YLDs (Years Lived with Disability),4850,Goa,1,Male,15,50-54 years,493,Ischemic heart disease,91,Lead exposure,1,Number,2017,22.74926028,33.40415278,13.66557911
1,All Population,3,YLDs (Years Lived with Disability),4850,Goa,2,Female,15,50-54 years,493,Ischemic heart disease,91,Lead exposure,1,Number,2017,13.85440713,20.33776491,8.051337067
1,All Population,3,YLDs (Years Lived with Disability),4861,Manipur,1,Male,15,50-54 years,493,Ischemic heart disease,380,Particulate matter pollution,1,Number,2017,31.06446665,46.71822739,17.77876607
1,All Population,3,YLDs (Years Lived with Disability),4861,Manipur,2,Female,15,50-54 years,493,Ischemic heart disease,380,Particulate matter pollution,1,Number,2017,23.65144225,35.44210785,13.64915584
1,All Population,3,YLDs (Years Lived with Disability),4861,Manipur,1,Male,15,50-54 years,494,Stroke,91,Lead exposure,1,Number,2017,15.59438926,38.9697575,-2.631511163
1,All Population,3,YLDs (Years Lived with Disability),4861,Manipur,2,Female,15,50-54 years,494,Stroke,91,Lead exposure,1,Number,2017,9.809752351,25.42640184,-1.489001657
1,All Population,3,YLDs (Years Lived with Disability),4850,Goa,1,Male,15,50-54 years,500,Atrial fibrillation and flutter,91,Lead exposure,1,Number,2015,0.491998568,1.869142276,-0.072004071
1,All Population,3,YLDs (Years Lived with Disability),4850,Goa,2,Female,15,50-54 years,500,Atrial fibrillation and flutter,91,Lead exposure,1,Number,2015,0.358058827,1.2487181,-0.046764265
1,All Population,3,YLDs (Years Lived with Disability),4862,Meghalaya,1,Male,15,50-54 years,498,Hypertensive heart disease,91,Lead exposure,1,Number,2015,0.659144946,1.587025741,0
1,All Population,3,YLDs (Years Lived with Disability),4862,Meghalaya,2,Female,15,50-54 years,498,Hypertensive heart disease,91,Lead exposure,1,Number,2015,0.873686272,2.104866414,0
1,All Population,3,YLDs (Years Lived with Disability),4865,Odisha,1,Male,15,50-54 years,493,Ischemic heart disease,91,Lead exposure,1,Number,2017,401.6771187,584.3281648,240.4714634
1,All Population,3,YLDs (Years Lived with Disability),4865,Odisha,2,Female,15,50-54 years,493,Ischemic heart disease,91,Lead exposure,1,Number,2017,238.341292,351.8052385,141.2172036
1,All Population,3,YLDs (Years Lived with Disability),4870,Tamil Nadu,1,Male,15,50-54 years,494,Stroke,380,Particulate matter pollution,1,Number,2017,1376.880728,2201.397203,735.1130898
1,All Population,3,YLDs (Years Lived with Disability),4870,Tamil Nadu,2,Female,15,50-54 years,494,Stroke,380,Particulate matter pollution,1,Number,2017,1290.853171,1956.676903,703.5617272
1,All Population,3,YLDs (Years Lived with Disability),4859,Madhya Pradesh,1,Male,15,50-54 years,493,Ischemic heart disease,380,Particulate matter pollution,1,Number,2017,1202.744518,1790.495282,686.7543402
1,All Population,3,YLDs (Years Lived with Disability),4859,Madhya Pradesh,2,Female,15,50-54 years,493,Ischemic heart disease,380,Particulate matter pollution,1,Number,2017,632.6008375,950.203427,377.2839455
1,All Population,3,YLDs (Years Lived with Disability),4859,Madhya Pradesh,1,Male,15,50-54 years,494,Stroke,91,Lead exposure,1,Number,2017,264.4484736,665.3045534,-50.90504192
1,All Population,3,YLDs (Years Lived with Disability),4859,Madhya Pradesh,2,Female,15,50-54 years,494,Stroke,91,Lead exposure,1,Number,2017,187.5705149,438.3478875,-31.37598553
1,All Population,3,YLDs (Years Lived with Disability),4872,Tripura,1,Male,15,50-54 years,494,Stroke,380,Particulate matter pollution,1,Number,2017,137.2380026,208.7564842,79.82532271
1,All Population,3,YLDs (Years Lived with Disability),4872,Tripura,2,Female,15,50-54 years,494,Stroke,380,Particulate matter pollution,1,Number,2017,96.66301917,142.1298445,57.19356071
1,All Population,3,YLDs (Years Lived with Disability),4870,Tamil Nadu,1,Male,15,50-54 years,500,Atrial fibrillation and flutter,91,Lead exposure,1,Number,2017,29.31872658,95.05543269,-3.886229894
1,All Population,3,YLDs (Years Lived with Disability),4870,Tamil Nadu,2,Female,15,50-54 years,500,Atrial fibrillation and flutter,91,Lead exposure,1,Number,2017,22.30359017,79.63372813,-3.375250845
1,All Population,3,YLDs (Years Lived with Disability),4850,Goa,1,Male,15,50-54 years,502,Lower extremity peripheral arterial disease,91,Lead exposure,1,Number,2015,0.003814771,0.012820772,-0.000437562
1,All Population,3,YLDs (Years Lived with Disability),4850,Goa,2,Female,15,50-54 years,502,Lower extremity peripheral arterial disease,91,Lead exposure,1,Number,2015,0.004644613,0.016504654,-0.000593492
1,All Population,3,YLDs (Years Lived with Disability),4874,Uttarakhand,1,Male,15,50-54 years,493,Ischemic heart disease,380,Particulate matter pollution,1,Number,2017,187.8353185,288.287855,106.5691222
1,All Population,3,YLDs (Years Lived with Disability),4874,Uttarakhand,2,Female,15,50-54 years,493,Ischemic heart disease,380,Particulate matter pollution,1,Number,2017,109.6783569,159.2014006,65.35966507
1,All Population,3,YLDs (Years Lived with Disability),4874,Uttarakhand,1,Male,15,50-54 years,494,Stroke,91,Lead exposure,1,Number,2017,42.27148445,102.8096897,-6.905716055
1,All Population,3,YLDs (Years Lived with Disability),4874,Uttarakhand,2,Female,15,50-54 years,494,Stroke,91,Lead exposure,1,Number,2017,27.8593821,69.37887512,-4.349059581
1,All Population,3,YLDs (Years Lived with Disability),4849,Delhi,1,Male,15,50-54 years,493,Ischemic heart disease,380,Particulate matter pollution,1,Number,2015,295.1110323,465.0168087,168.0471263
1,All Population,3,YLDs (Years Lived with Disability),4849,Delhi,2,Female,15,50-54 years,493,Ischemic heart disease,380,Particulate matter pollution,1,Number,2015,174.5618671,262.9809336,99.13225716
1,All Population,3,YLDs (Years Lived with Disability),4849,Delhi,1,Male,15,50-54 years,494,Stroke,91,Lead exposure,1,Number,2015,42.92193457,116.023003,-5.032351119
1,All Population,3,YLDs (Years Lived with Disability),4849,Delhi,2,Female,15,50-54 years,494,Stroke,91,Lead exposure,1,Number,2015,35.48461595,95.26567343,-3.954853084
1,All Population,3,YLDs (Years Lived with Disability),4859,Madhya Pradesh,1,Male,15,50-54 years,498,Hypertensive heart disease,91,Lead exposure,1,Number,2017,12.27553546,29.77666281,0
1,All Population,3,YLDs (Years Lived with Disability),4859,Madhya Pradesh,2,Female,15,50-54 years,498,Hypertensive heart disease,91,Lead exposure,1,Number,2017,23.74299738,57.57251352,0
1,All Population,3,YLDs (Years Lived with Disability),4872,Tripura,1,Male,15,50-54 years,498,Hypertensive heart disease,91,Lead exposure,1,Number,2017,0.857492851,2.294425268,0
1,All Population,3,YLDs (Years Lived with Disability),4872,Tripura,2,Female,15,50-54 years,498,Hypertensive heart disease,91,Lead exposure,1,Number,2017,1.246179298,3.041879795,0
1,All Population,3,YLDs (Years Lived with Disability),4874,Uttarakhand,1,Male,15,50-54 years,498,Hypertensive heart disease,91,Lead exposure,1,Number,2017,1.572079729,4.374780401,0
1,All Population,3,YLDs (Years Lived with Disability),4874,Uttarakhand,2,Female,15,50-54 years,498,Hypertensive heart disease,91,Lead exposure,1,Number,2017,2.69789913,6.904333146,0
1,All Population,3,YLDs (Years Lived with Disability),4860,Maharashtra,1,Male,15,50-54 years,494,Stroke,380,Particulate matter pollution,1,Number,2015,2381.751971,3779.780316,1343.448632
1,All Population,3,YLDs (Years Lived with Disability),4860,Maharashtra,2,Female,15,50-54 years,494,Stroke,380,Particulate matter pollution,1,Number,2015,1857.282338,2974.84948,1076.260905
1,All Population,3,YLDs (Years Lived with Disability),4868,Rajasthan,1,Male,15,50-54 years,502,Lower extremity peripheral arterial disease,91,Lead exposure,1,Number,2017,0.094187055,0.339922239,-0.010501654
1,All Population,3,YLDs (Years Lived with Disability),4868,Rajasthan,2,Female,15,50-54 years,502,Lower extremity peripheral arterial disease,91,Lead exposure,1,Number,2017,0.098270894,0.331144488,-0.012487197
1,All Population,3,YLDs (Years Lived with Disability),4860,Maharashtra,1,Male,15,50-54 years,500,Atrial fibrillation and flutter,91,Lead exposure,1,Number,2015,30.05494529,82.68914599,-5.258949809
1,All Population,3,YLDs (Years Lived with Disability),4860,Maharashtra,2,Female,15,50-54 years,500,Atrial fibrillation and flutter,91,Lead exposure,1,Number,2015,21.43720059,65.87925366,-3.327055218
1,All Population,3,YLDs (Years Lived with Disability),4844,Bihar,1,Male,15,50-54 years,493,Ischemic heart disease,380,Particulate matter pollution,1,Number,2015,1117.841339,1713.15828,640.5241523
1,All Population,3,YLDs (Years Lived with Disability),4844,Bihar,2,Female,15,50-54 years,493,Ischemic heart disease,380,Particulate matter pollution,1,Number,2015,723.6275516,1089.795436,407.9237717
1,All Population,3,YLDs (Years Lived with Disability),4844,Bihar,1,Male,15,50-54 years,494,Stroke,91,Lead exposure,1,Number,2015,286.4873207,774.9573738,-54.44798
1,All Population,3,YLDs (Years Lived with Disability),4844,Bihar,2,Female,15,50-54 years,494,Stroke,91,Lead exposure,1,Number,2015,229.5212754,629.7114056,-42.82044679
1,All Population,3,YLDs (Years Lived with Disability),4863,Mizoram,1,Male,15,50-54 years,493,Ischemic heart disease,91,Lead exposure,1,Number,2017,7.875818145,11.68931207,4.699106111
1,All Population,3,YLDs (Years Lived with Disability),4863,Mizoram,2,Female,15,50-54 years,493,Ischemic heart disease,91,Lead exposure,1,Number,2017,4.432062766,6.363670331,2.511639774
1,All Population,3,YLDs (Years Lived with Disability),4871,Telangana,1,Male,15,50-54 years,502,Lower extremity peripheral arterial disease,91,Lead exposure,1,Number,2015,0.081002055,0.275493389,-0.009535494
1,All Population,3,YLDs (Years Lived with Disability),4871,Telangana,2,Female,15,50-54 years,502,Lower extremity peripheral arterial disease,91,Lead exposure,1,Number,2015,0.093891557,0.344776842,-0.010958542
1,All Population,3,YLDs (Years Lived with Disability),4844,Bihar,1,Male,15,50-54 years,498,Hypertensive heart disease,91,Lead exposure,1,Number,2015,22.48134162,57.29165788,0
1,All Population,3,YLDs (Years Lived with Disability),4844,Bihar,2,Female,15,50-54 years,498,Hypertensive heart disease,91,Lead exposure,1,Number,2015,28.28943614,67.19890492,0
1,All Population,3,YLDs (Years Lived with Disability),4852,Haryana,1,Male,15,50-54 years,502,Lower extremity peripheral arterial disease,91,Lead exposure,1,Number,2017,0.054828103,0.180443357,-0.005804825
1,All Population,3,YLDs (Years Lived with Disability),4852,Haryana,2,Female,15,50-54 years,502,Lower extremity peripheral arterial disease,91,Lead exposure,1,Number,2017,0.068225442,0.245916497,-0.006636637
1,All Population,3,YLDs (Years Lived with Disability),4854,Jammu & Kashmir and Ladakh,1,Male,15,50-54 years,494,Stroke,380,Particulate matter pollution,1,Number,2017,167.5766778,258.3241702,94.33903827
1,All Population,3,YLDs (Years Lived with Disability),4854,Jammu & Kashmir and Ladakh,2,Female,15,50-54 years,494,Stroke,380,Particulate matter pollution,1,Number,2017,140.0534916,226.7932245,76.20688097
1,All Population,3,YLDs (Years Lived with Disability),4857,Kerala,1,Male,15,50-54 years,494,Stroke,380,Particulate matter pollution,1,Number,2015,937.3633553,1457.933747,498.099718
1,All Population,3,YLDs (Years Lived with Disability),4857,Kerala,2,Female,15,50-54 years,494,Stroke,380,Particulate matter pollution,1,Number,2015,881.301808,1365.154524,494.1242554
1,All Population,3,YLDs (Years Lived with Disability),4857,Kerala,1,Male,15,50-54 years,494,Stroke,91,Lead exposure,1,Number,2017,212.9235016,519.6164975,-30.63292457
1,All Population,3,YLDs (Years Lived with Disability),4857,Kerala,2,Female,15,50-54 years,494,Stroke,91,Lead exposure,1,Number,2017,173.3839133,431.6495676,-25.35574712
1,All Population,3,YLDs (Years Lived with Disability),4861,Manipur,1,Male,15,50-54 years,500,Atrial fibrillation and flutter,91,Lead exposure,1,Number,2015,0.911097929,2.82845098,-0.163941064
1,All Population,3,YLDs (Years Lived with Disability),4861,Manipur,2,Female,15,50-54 years,500,Atrial fibrillation and flutter,91,Lead exposure,1,Number,2015,0.664781522,2.09043423,-0.098287188
1,All Population,3,YLDs (Years Lived with Disability),4854,Jammu & Kashmir and Ladakh,1,Male,15,50-54 years,500,Atrial fibrillation and flutter,91,Lead exposure,1,Number,2017,2.541788979,7.930281225,-0.383735057
1,All Population,3,YLDs (Years Lived with Disability),4854,Jammu & Kashmir and Ladakh,2,Female,15,50-54 years,500,Atrial fibrillation and flutter,91,Lead exposure,1,Number,2017,1.761653968,5.195836746,-0.250691326
1,All Population,3,YLDs (Years Lived with Disability),4855,Jharkhand,1,Male,15,50-54 years,502,Lower extremity peripheral arterial disease,91,Lead exposure,1,Number,2015,0.068963974,0.245105785,-0.008081348
1,All Population,3,YLDs (Years Lived with Disability),4855,Jharkhand,2,Female,15,50-54 years,502,Lower extremity peripheral arterial disease,91,Lead exposure,1,Number,2015,0.079689527,0.262893038,-0.007581205
1,All Population,3,YLDs (Years Lived with Disability),4873,Uttar Pradesh,1,Male,15,50-54 years,494,Stroke,380,Particulate matter pollution,1,Number,2015,4102.301857,6300.23167,2353.271259
1,All Population,3,YLDs (Years Lived with Disability),4873,Uttar Pradesh,2,Female,15,50-54 years,494,Stroke,380,Particulate matter pollution,1,Number,2015,4441.499986,6757.941172,2557.139213
1,All Population,3,YLDs (Years Lived with Disability),4846,Chhattisgarh,1,Male,15,50-54 years,494,Stroke,380,Particulate matter pollution,1,Number,2015,771.5486181,1202.96932,439.3834115
1,All Population,3,YLDs (Years Lived with Disability),4846,Chhattisgarh,2,Female,15,50-54 years,494,Stroke,380,Particulate matter pollution,1,Number,2015,592.2889101,916.4248279,351.3955553
1,All Population,3,YLDs (Years Lived with Disability),4863,Mizoram,1,Male,15,50-54 years,494,Stroke,380,Particulate matter pollution,1,Number,2015,14.03569965,22.49612189,7.810877439
1,All Population,3,YLDs (Years Lived with Disability),4863,Mizoram,2,Female,15,50-54 years,494,Stroke,380,Particulate matter pollution,1,Number,2015,12.06370413,18.1670367,6.448514187
1,All Population,3,YLDs (Years Lived with Disability),4853,Himachal Pradesh,1,Male,15,50-54 years,493,Ischemic heart disease,91,Lead exposure,1,Number,2015,114.826062,174.0898998,66.1939476
1,All Population,3,YLDs (Years Lived with Disability),4853,Himachal Pradesh,2,Female,15,50-54 years,493,Ischemic heart disease,91,Lead exposure,1,Number,2015,56.8052598,83.91158182,33.33734045
1,All Population,3,YLDs (Years Lived with Disability),4857,Kerala,1,Male,15,50-54 years,500,Atrial fibrillation and flutter,91,Lead exposure,1,Number,2015,12.01747654,40.0696358,-1.646290169
1,All Population,3,YLDs (Years Lived with Disability),4857,Kerala,2,Female,15,50-54 years,500,Atrial fibrillation and flutter,91,Lead exposure,1,Number,2015,10.1303015,30.04779317,-1.485844204
1,All Population,3,YLDs (Years Lived with Disability),4851,Gujarat,1,Male,15,50-54 years,493,Ischemic heart disease,91,Lead exposure,1,Number,2015,1071.365215,1579.827911,657.9940791
1,All Population,3,YLDs (Years Lived with Disability),4851,Gujarat,2,Female,15,50-54 years,493,Ischemic heart disease,91,Lead exposure,1,Number,2015,565.5496296,822.0843968,338.7158458
1,All Population,3,YLDs (Years Lived with Disability),4857,Kerala,1,Male,15,50-54 years,502,Lower extremity peripheral arterial disease,91,Lead exposure,1,Number,2015,0.092637378,0.339469352,-0.009250665
1,All Population,3,YLDs (Years Lived with Disability),4857,Kerala,2,Female,15,50-54 years,502,Lower extremity peripheral arterial disease,91,Lead exposure,1,Number,2015,0.127711244,0.408316327,-0.016605521
1,All Population,3,YLDs (Years Lived with Disability),4874,Uttarakhand,1,Male,15,50-54 years,502,Lower extremity peripheral arterial disease,91,Lead exposure,1,Number,2015,0.023655876,0.074894138,-0.002344292
1,All Population,3,YLDs (Years Lived with Disability),4874,Uttarakhand,2,Female,15,50-54 years,502,Lower extremity peripheral arterial disease,91,Lead exposure,1,Number,2015,0.03171839,0.099364401,-0.002960792
1,All Population,3,YLDs (Years Lived with Disability),4867,Punjab,1,Male,15,50-54 years,493,Ischemic heart disease,91,Lead exposure,1,Number,2015,431.99515,636.5524589,254.6397512
1,All Population,3,YLDs (Years Lived with Disability),4867,Punjab,2,Female,15,50-54 years,493,Ischemic heart disease,91,Lead exposure,1,Number,2015,257.6320962,360.0608272,153.9964265
1,All Population,3,YLDs (Years Lived with Disability),4861,Manipur,1,Male,15,50-54 years,502,Lower extremity peripheral arterial disease,91,Lead exposure,1,Number,2015,0.00878807,0.028436352,-0.001426415
1,All Population,3,YLDs (Years Lived with Disability),4861,Manipur,2,Female,15,50-54 years,502,Lower extremity peripheral arterial disease,91,Lead exposure,1,Number,2015,0.01090275,0.034930524,-0.001647709
1,All Population,3,YLDs (Years Lived with Disability),4868,Rajasthan,1,Male,15,50-54 years,493,Ischemic heart disease,380,Particulate matter pollution,1,Number,2015,1219.259624,1848.733337,696.9046797
1,All Population,3,YLDs (Years Lived with Disability),4868,Rajasthan,2,Female,15,50-54 years,493,Ischemic heart disease,380,Particulate matter pollution,1,Number,2015,651.0622773,993.7747005,393.0076385
1,All Population,3,YLDs (Years Lived with Disability),4868,Rajasthan,1,Male,15,50-54 years,494,Stroke,91,Lead exposure,1,Number,2015,121.2834134,298.3174355,-17.06014169
1,All Population,3,YLDs (Years Lived with Disability),4868,Rajasthan,2,Female,15,50-54 years,494,Stroke,91,Lead exposure,1,Number,2015,80.57022764,220.7182416,-10.77510705
1,All Population,3,YLDs (Years Lived with Disability),4846,Chhattisgarh,1,Male,15,50-54 years,500,Atrial fibrillation and flutter,91,Lead exposure,1,Number,2015,6.444332769,19.09552683,-0.837138888
1,All Population,3,YLDs (Years Lived with Disability),4846,Chhattisgarh,2,Female,15,50-54 years,500,Atrial fibrillation and flutter,91,Lead exposure,1,Number,2015,4.529681445,13.91352382,-0.528824229
1,All Population,3,YLDs (Years Lived with Disability),4859,Madhya Pradesh,1,Male,15,50-54 years,502,Lower extremity peripheral arterial disease,91,Lead exposure,1,Number,2015,0.175625423,0.570558574,-0.020518037
1,All Population,3,YLDs (Years Lived with Disability),4859,Madhya Pradesh,2,Female,15,50-54 years,502,Lower extremity peripheral arterial disease,91,Lead exposure,1,Number,2015,0.199647131,0.691932501,-0.021244172
1,All Population,3,YLDs (Years Lived with Disability),4873,Uttar Pradesh,1,Male,15,50-54 years,500,Atrial fibrillation and flutter,91,Lead exposure,1,Number,2015,47.34167931,139.8276433,-5.661048205
1,All Population,3,YLDs (Years Lived with Disability),4873,Uttar Pradesh,2,Female,15,50-54 years,500,Atrial fibrillation and flutter,91,Lead exposure,1,Number,2015,34.62429404,107.3260809,-4.174242094
1,All Population,3,YLDs (Years Lived with Disability),4868,Rajasthan,1,Male,15,50-54 years,498,Hypertensive heart disease,91,Lead exposure,1,Number,2015,7.142545162,17.9293778,0
1,All Population,3,YLDs (Years Lived with Disability),4868,Rajasthan,2,Female,15,50-54 years,498,Hypertensive heart disease,91,Lead exposure,1,Number,2015,11.2293613,27.71565913,0
1,All Population,3,YLDs (Years Lived with Disability),4843,Assam,1,Male,15,50-54 years,500,Atrial fibrillation and flutter,91,Lead exposure,1,Number,2015,8.243655221,27.1993134,-1.366682355
1,All Population,3,YLDs (Years Lived with Disability),4843,Assam,2,Female,15,50-54 years,500,Atrial fibrillation and flutter,91,Lead exposure,1,Number,2015,5.321002196,17.15402741,-0.834756931
1,All Population,3,YLDs (Years Lived with Disability),4843,Assam,1,Male,15,50-54 years,502,Lower extremity peripheral arterial disease,91,Lead exposure,1,Number,2015,0.073642016,0.244642013,-0.008066232
1,All Population,3,YLDs (Years Lived with Disability),4843,Assam,2,Female,15,50-54 years,502,Lower extremity peripheral arterial disease,91,Lead exposure,1,Number,2015,0.080195191,0.256924458,-0.010433685
1,All Population,3,YLDs (Years Lived with Disability),4873,Uttar Pradesh,1,Male,15,50-54 years,502,Lower extremity peripheral arterial disease,91,Lead exposure,1,Number,2015,0.519260575,1.71175058,-0.062903965
1,All Population,3,YLDs (Years Lived with Disability),4873,Uttar Pradesh,2,Female,15,50-54 years,502,Lower extremity peripheral arterial disease,91,Lead exposure,1,Number,2015,0.586417843,1.837585102,-0.066862403
1,All Population,3,YLDs (Years Lived with Disability),4867,Punjab,1,Male,15,50-54 years,502,Lower extremity peripheral arterial disease,91,Lead exposure,1,Number,2017,0.039372588,0.121293323,-0.003945979
1,All Population,3,YLDs (Years Lived with Disability),4867,Punjab,2,Female,15,50-54 years,502,Lower extremity peripheral arterial disease,91,Lead exposure,1,Number,2017,0.060332238,0.189339394,-0.006857139
1,All Population,3,YLDs (Years Lived with Disability),4842,Arunachal Pradesh,1,Male,15,50-54 years,494,Stroke,380,Particulate matter pollution,1,Number,2015,20.61631827,32.40052298,10.98477719
1,All Population,3,YLDs (Years Lived with Disability),4842,Arunachal Pradesh,2,Female,15,50-54 years,494,Stroke,380,Particulate matter pollution,1,Number,2015,14.59729683,22.96825578,8.369448212
1,All Population,3,YLDs (Years Lived with Disability),4863,Mizoram,1,Male,15,50-54 years,500,Atrial fibrillation and flutter,91,Lead exposure,1,Number,2015,0.29827225,1.014680698,-0.049467517
1,All Population,3,YLDs (Years Lived with Disability),4863,Mizoram,2,Female,15,50-54 years,500,Atrial fibrillation and flutter,91,Lead exposure,1,Number,2015,0.200989566,0.725494198,-0.037757914
1,All Population,3,YLDs (Years Lived with Disability),4875,West Bengal,1,Male,15,50-54 years,493,Ischemic heart disease,380,Particulate matter pollution,1,Number,2017,1597.491753,2425.880985,904.1216336
1,All Population,3,YLDs (Years Lived with Disability),4875,West Bengal,2,Female,15,50-54 years,493,Ischemic heart disease,380,Particulate matter pollution,1,Number,2017,1091.037436,1636.794833,627.074597
1,All Population,3,YLDs (Years Lived with Disability),4875,West Bengal,1,Male,15,50-54 years,494,Stroke,91,Lead exposure,1,Number,2017,575.4073921,1404.56802,-74.64988065
1,All Population,3,YLDs (Years Lived with Disability),4875,West Bengal,2,Female,15,50-54 years,494,Stroke,91,Lead exposure,1,Number,2017,463.6671167,1131.194853,-58.56214166
1,All Population,3,YLDs (Years Lived with Disability),4842,Arunachal Pradesh,1,Male,15,50-54 years,500,Atrial fibrillation and flutter,91,Lead exposure,1,Number,2015,0.365365342,1.309153843,-0.052227952
1,All Population,3,YLDs (Years Lived with Disability),4842,Arunachal Pradesh,2,Female,15,50-54 years,500,Atrial fibrillation and flutter,91,Lead exposure,1,Number,2015,0.213357357,0.754770075,-0.032275022
1,All Population,3,YLDs (Years Lived with Disability),4871,Telangana,1,Male,15,50-54 years,494,Stroke,380,Particulate matter pollution,1,Number,2017,509.6140933,791.7986937,281.8676844
1,All Population,3,YLDs (Years Lived with Disability),4871,Telangana,2,Female,15,50-54 years,494,Stroke,380,Particulate matter pollution,1,Number,2017,427.5012337,654.0192043,239.4557946
1,All Population,3,YLDs (Years Lived with Disability),44538,Other Union Territories,1,Male,15,50-54 years,493,Ischemic heart disease,91,Lead exposure,1,Number,2017,50.86571448,74.44474581,30.90133518
1,All Population,3,YLDs (Years Lived with Disability),44538,Other Union Territories,2,Female,15,50-54 years,493,Ischemic heart disease,91,Lead exposure,1,Number,2017,26.82854757,39.63554528,16.45389245
1,All Population,3,YLDs (Years Lived with Disability),4852,Haryana,1,Male,15,50-54 years,493,Ischemic heart disease,380,Particulate matter pollution,1,Number,2015,445.4785665,668.8769824,259.1204107
1,All Population,3,YLDs (Years Lived with Disability),4852,Haryana,2,Female,15,50-54 years,493,Ischemic heart disease,380,Particulate matter pollution,1,Number,2015,236.0745457,361.1346001,132.9512021
1,All Population,3,YLDs (Years Lived with Disability),4869,Sikkim,1,Male,15,50-54 years,500,Atrial fibrillation and flutter,91,Lead exposure,1,Number,2017,0.186279151,0.632630778,-0.01914431
1,All Population,3,YLDs (Years Lived with Disability),4869,Sikkim,2,Female,15,50-54 years,500,Atrial fibrillation and flutter,91,Lead exposure,1,Number,2017,0.116791081,0.398335117,-0.012629906
1,All Population,3,YLDs (Years Lived with Disability),4869,Sikkim,1,Male,15,50-54 years,502,Lower extremity peripheral arterial disease,91,Lead exposure,1,Number,2017,0.001238338,0.004339903,-0.000149729
1,All Population,3,YLDs (Years Lived with Disability),4869,Sikkim,2,Female,15,50-54 years,502,Lower extremity peripheral arterial disease,91,Lead exposure,1,Number,2017,0.001038636,0.003667282,-0.000125005
1,All Population,3,YLDs (Years Lived with Disability),4875,West Bengal,1,Male,15,50-54 years,498,Hypertensive heart disease,91,Lead exposure,1,Number,2017,18.36697513,46.92845243,0
1,All Population,3,YLDs (Years Lived with Disability),4875,West Bengal,2,Female,15,50-54 years,498,Hypertensive heart disease,91,Lead exposure,1,Number,2017,27.46827759,63.812224,0
1,All Population,3,YLDs (Years Lived with Disability),4841,Andhra Pradesh,1,Male,15,50-54 years,502,Lower extremity peripheral arterial disease,91,Lead exposure,1,Number,2015,0.118438439,0.384673227,-0.010590733
1,All Population,3,YLDs (Years Lived with Disability),4841,Andhra Pradesh,2,Female,15,50-54 years,502,Lower extremity peripheral arterial disease,91,Lead exposure,1,Number,2015,0.139505696,0.454404,-0.014434785
1,All Population,3,YLDs (Years Lived with Disability),4871,Telangana,1,Male,15,50-54 years,500,Atrial fibrillation and flutter,91,Lead exposure,1,Number,2017,8.979050275,29.72742009,-1.379959378
1,All Population,3,YLDs (Years Lived with Disability),4871,Telangana,2,Female,15,50-54 years,500,Atrial fibrillation and flutter,91,Lead exposure,1,Number,2017,6.279665505,19.19297399,-0.982006535
1,All Population,3,YLDs (Years Lived with Disability),4872,Tripura,1,Male,15,50-54 years,493,Ischemic heart disease,91,Lead exposure,1,Number,2015,48.32933671,70.96811897,29.65242165
1,All Population,3,YLDs (Years Lived with Disability),4872,Tripura,2,Female,15,50-54 years,493,Ischemic heart disease,91,Lead exposure,1,Number,2015,26.93914664,39.08121693,15.81294898
1,All Population,3,YLDs (Years Lived with Disability),4864,Nagaland,1,Male,15,50-54 years,493,Ischemic heart disease,91,Lead exposure,1,Number,2017,13.98084384,20.33429566,8.340464685
1,All Population,3,YLDs (Years Lived with Disability),4864,Nagaland,2,Female,15,50-54 years,493,Ischemic heart disease,91,Lead exposure,1,Number,2017,8.306573964,12.18626545,4.931729966
1,All Population,3,YLDs (Years Lived with Disability),4852,Haryana,1,Male,15,50-54 years,494,Stroke,91,Lead exposure,1,Number,2015,99.58978165,254.8088009,-14.55684557
1,All Population,3,YLDs (Years Lived with Disability),4852,Haryana,2,Female,15,50-54 years,494,Stroke,91,Lead exposure,1,Number,2015,73.40185133,184.5690387,-9.623649386
1,All Population,3,YLDs (Years Lived with Disability),4860,Maharashtra,1,Male,15,50-54 years,493,Ischemic heart disease,380,Particulate matter pollution,1,Number,2017,1425.056326,2175.006917,849.7562857
1,All Population,3,YLDs (Years Lived with Disability),4860,Maharashtra,2,Female,15,50-54 years,493,Ischemic heart disease,380,Particulate matter pollution,1,Number,2017,887.7486993,1324.428499,505.8414644
1,All Population,3,YLDs (Years Lived with Disability),4860,Maharashtra,1,Male,15,50-54 years,494,Stroke,91,Lead exposure,1,Number,2017,493.4168999,1328.84309,-71.65507265
1,All Population,3,YLDs (Years Lived with Disability),4860,Maharashtra,2,Female,15,50-54 years,494,Stroke,91,Lead exposure,1,Number,2017,342.6361095,880.2092492,-49.95615647
1,All Population,3,YLDs (Years Lived with Disability),4875,West Bengal,1,Male,15,50-54 years,493,Ischemic heart disease,91,Lead exposure,1,Number,2015,1312.521532,1917.750777,762.3891864
1,All Population,3,YLDs (Years Lived with Disability),4875,West Bengal,2,Female,15,50-54 years,493,Ischemic heart disease,91,Lead exposure,1,Number,2015,802.1539664,1189.105282,490.7801088
1,All Population,3,YLDs (Years Lived with Disability),4852,Haryana,1,Male,15,50-54 years,498,Hypertensive heart disease,91,Lead exposure,1,Number,2015,3.324811557,8.032769139,0
1,All Population,3,YLDs (Years Lived with Disability),4852,Haryana,2,Female,15,50-54 years,498,Hypertensive heart disease,91,Lead exposure,1,Number,2015,5.927180604,14.88514904,0
1,All Population,3,YLDs (Years Lived with Disability),4873,Uttar Pradesh,1,Male,15,50-54 years,494,Stroke,91,Lead exposure,1,Number,2017,802.280231,2093.75026,-101.7541026
1,All Population,3,YLDs (Years Lived with Disability),4873,Uttar Pradesh,2,Female,15,50-54 years,494,Stroke,91,Lead exposure,1,Number,2017,747.4132786,1897.747573,-87.16809191
1,All Population,3,YLDs (Years Lived with Disability),4862,Meghalaya,1,Male,15,50-54 years,493,Ischemic heart disease,91,Lead exposure,1,Number,2015,21.04433498,31.77566955,12.58399666
1,All Population,3,YLDs (Years Lived with Disability),4862,Meghalaya,2,Female,15,50-54 years,493,Ischemic heart disease,91,Lead exposure,1,Number,2015,13.14293023,19.51953453,7.493529026
1,All Population,3,YLDs (Years Lived with Disability),4865,Odisha,1,Male,15,50-54 years,494,Stroke,91,Lead exposure,1,Number,2015,192.2970947,504.8371958,-31.2574752
1,All Population,3,YLDs (Years Lived with Disability),4865,Odisha,2,Female,15,50-54 years,494,Stroke,91,Lead exposure,1,Number,2015,139.7279432,396.2347673,-19.88047653
1,All Population,3,YLDs (Years Lived with Disability),4856,Karnataka,1,Male,15,50-54 years,493,Ischemic heart disease,91,Lead exposure,1,Number,2015,1041.584595,1542.273176,652.734669
1,All Population,3,YLDs (Years Lived with Disability),4856,Karnataka,2,Female,15,50-54 years,493,Ischemic heart disease,91,Lead exposure,1,Number,2015,646.4351568,955.9895996,384.6796637
1,All Population,3,YLDs (Years Lived with Disability),4869,Sikkim,1,Male,15,50-54 years,493,Ischemic heart disease,91,Lead exposure,1,Number,2015,7.32765921,11.00244586,4.366745604
1,All Population,3,YLDs (Years Lived with Disability),4869,Sikkim,2,Female,15,50-54 years,493,Ischemic heart disease,91,Lead exposure,1,Number,2015,3.588410365,5.319400402,2.104463835
1,All Population,3,YLDs (Years Lived with Disability),4873,Uttar Pradesh,1,Male,15,50-54 years,498,Hypertensive heart disease,91,Lead exposure,1,Number,2017,46.88262838,117.6421532,0
1,All Population,3,YLDs (Years Lived with Disability),4873,Uttar Pradesh,2,Female,15,50-54 years,498,Hypertensive heart disease,91,Lead exposure,1,Number,2017,65.12257222,161.148339,0
1,All Population,3,YLDs (Years Lived with Disability),4862,Meghalaya,1,Male,15,50-54 years,502,Lower extremity peripheral arterial disease,91,Lead exposure,1,Number,2015,0.005902288,0.017750115,-0.000623058
1,All Population,3,YLDs (Years Lived with Disability),4862,Meghalaya,2,Female,15,50-54 years,502,Lower extremity peripheral arterial disease,91,Lead exposure,1,Number,2015,0.006925977,0.022755859,-0.000732692
1,All Population,3,YLDs (Years Lived with Disability),4865,Odisha,1,Male,15,50-54 years,498,Hypertensive heart disease,91,Lead exposure,1,Number,2015,14.8519091,38.20257399,0
1,All Population,3,YLDs (Years Lived with Disability),4865,Odisha,2,Female,15,50-54 years,498,Hypertensive heart disease,91,Lead exposure,1,Number,2015,16.58360966,41.53805047,0
1,All Population,3,YLDs (Years Lived with Disability),4842,Arunachal Pradesh,1,Male,15,50-54 years,493,Ischemic heart disease,380,Particulate matter pollution,1,Number,2018,11.19701542,16.99104508,6.483051098
1,All Population,3,YLDs (Years Lived with Disability),4842,Arunachal Pradesh,2,Female,15,50-54 years,493,Ischemic heart disease,380,Particulate matter pollution,1,Number,2018,5.804176663,8.94187084,3.293587634
1,All Population,3,YLDs (Years Lived with Disability),4842,Arunachal Pradesh,1,Male,15,50-54 years,494,Stroke,91,Lead exposure,1,Number,2018,5.094860742,13.58445175,-0.721725929
1,All Population,3,YLDs (Years Lived with Disability),4842,Arunachal Pradesh,2,Female,15,50-54 years,494,Stroke,91,Lead exposure,1,Number,2018,2.906834515,8.133945575,-0.414181802
1,All Population,3,YLDs (Years Lived with Disability),4864,Nagaland,1,Male,15,50-54 years,493,Ischemic heart disease,380,Particulate matter pollution,1,Number,2015,16.96651452,25.76483112,9.847393817
1,All Population,3,YLDs (Years Lived with Disability),4864,Nagaland,2,Female,15,50-54 years,493,Ischemic heart disease,380,Particulate matter pollution,1,Number,2015,11.09061259,16.97401569,6.202540467
1,All Population,3,YLDs (Years Lived with Disability),4864,Nagaland,1,Male,15,50-54 years,494,Stroke,91,Lead exposure,1,Number,2015,8.045588542,20.65555742,-1.198556042
1,All Population,3,YLDs (Years Lived with Disability),4864,Nagaland,2,Female,15,50-54 years,494,Stroke,91,Lead exposure,1,Number,2015,3.942763042,10.82565472,-0.550790151
1,All Population,3,YLDs (Years Lived with Disability),44538,Other Union Territories,1,Male,15,50-54 years,494,Stroke,380,Particulate matter pollution,1,Number,2015,45.98920332,73.47247614,24.92846991
1,All Population,3,YLDs (Years Lived with Disability),44538,Other Union Territories,2,Female,15,50-54 years,494,Stroke,380,Particulate matter pollution,1,Number,2015,42.11652542,67.91359141,23.67680721
1,All Population,3,YLDs (Years Lived with Disability),4842,Arunachal Pradesh,1,Male,15,50-54 years,498,Hypertensive heart disease,91,Lead exposure,1,Number,2018,0.32502662,0.834469184,0
1,All Population,3,YLDs (Years Lived with Disability),4842,Arunachal Pradesh,2,Female,15,50-54 years,498,Hypertensive heart disease,91,Lead exposure,1,Number,2018,0.436013316,1.123833037,0
1,All Population,3,YLDs (Years Lived with Disability),4857,Kerala,1,Male,15,50-54 years,493,Ischemic heart disease,380,Particulate matter pollution,1,Number,2015,750.2790318,1145.591341,427.4531152
1,All Population,3,YLDs (Years Lived with Disability),4857,Kerala,2,Female,15,50-54 years,493,Ischemic heart disease,380,Particulate matter pollution,1,Number,2015,397.5620182,579.6780486,221.8584435
1,All Population,3,YLDs (Years Lived with Disability),4851,Gujarat,1,Male,15,50-54 years,502,Lower extremity peripheral arterial disease,91,Lead exposure,1,Number,2018,0.182731796,0.698920064,-0.023408416
1,All Population,3,YLDs (Years Lived with Disability),4851,Gujarat,2,Female,15,50-54 years,502,Lower extremity peripheral arterial disease,91,Lead exposure,1,Number,2018,0.232737652,0.835285727,-0.024189735
1,All Population,3,YLDs (Years Lived with Disability),44538,Other Union Territories,1,Male,15,50-54 years,500,Atrial fibrillation and flutter,91,Lead exposure,1,Number,2015,1.000260384,3.175928427,-0.156960068
1,All Population,3,YLDs (Years Lived with Disability),44538,Other Union Territories,2,Female,15,50-54 years,500,Atrial fibrillation and flutter,91,Lead exposure,1,Number,2015,0.671792227,2.24616983,-0.108944245
1,All Population,3,YLDs (Years Lived with Disability),4850,Goa,1,Male,15,50-54 years,494,Stroke,91,Lead exposure,1,Number,2015,6.120840933,15.70818466,-1.129598602
1,All Population,3,YLDs (Years Lived with Disability),4850,Goa,2,Female,15,50-54 years,494,Stroke,91,Lead exposure,1,Number,2015,5.13784096,13.44701905,-0.875039374
1,All Population,3,YLDs (Years Lived with Disability),4869,Sikkim,1,Male,15,50-54 years,494,Stroke,380,Particulate matter pollution,1,Number,2015,11.26140889,18.26454373,6.111582296
1,All Population,3,YLDs (Years Lived with Disability),4869,Sikkim,2,Female,15,50-54 years,494,Stroke,380,Particulate matter pollution,1,Number,2015,8.469117653,13.11138805,4.864650496
1,All Population,3,YLDs (Years Lived with Disability),4853,Himachal Pradesh,1,Male,15,50-54 years,500,Atrial fibrillation and flutter,91,Lead exposure,1,Number,2018,2.330955366,7.794002946,-0.333981884
1,All Population,3,YLDs (Years Lived with Disability),4853,Himachal Pradesh,2,Female,15,50-54 years,500,Atrial fibrillation and flutter,91,Lead exposure,1,Number,2018,1.726723969,5.634265651,-0.202769173
1,All Population,3,YLDs (Years Lived with Disability),4853,Himachal Pradesh,1,Male,15,50-54 years,502,Lower extremity peripheral arterial disease,91,Lead exposure,1,Number,2018,0.018080409,0.055251877,-0.002240266
1,All Population,3,YLDs (Years Lived with Disability),4853,Himachal Pradesh,2,Female,15,50-54 years,502,Lower extremity peripheral arterial disease,91,Lead exposure,1,Number,2018,0.022476053,0.071293592,-0.003027835
1,All Population,3,YLDs (Years Lived with Disability),4863,Mizoram,1,Male,15,50-54 years,493,Ischemic heart disease,380,Particulate matter pollution,1,Number,2015,7.821309751,12.19996797,4.579724088
1,All Population,3,YLDs (Years Lived with Disability),4863,Mizoram,2,Female,15,50-54 years,493,Ischemic heart disease,380,Particulate matter pollution,1,Number,2015,4.782563455,7.203525215,2.715718792
1,All Population,3,YLDs (Years Lived with Disability),4863,Mizoram,1,Male,15,50-54 years,494,Stroke,91,Lead exposure,1,Number,2015,3.367713507,9.027753614,-0.592662795
1,All Population,3,YLDs (Years Lived with Disability),4863,Mizoram,2,Female,15,50-54 years,494,Stroke,91,Lead exposure,1,Number,2015,2.198526456,5.602353579,-0.326106638
1,All Population,3,YLDs (Years Lived with Disability),4864,Nagaland,1,Male,15,50-54 years,500,Atrial fibrillation and flutter,91,Lead exposure,1,Number,2015,0.454491513,1.418617722,-0.061383011
1,All Population,3,YLDs (Years Lived with Disability),4864,Nagaland,2,Female,15,50-54 years,500,Atrial fibrillation and flutter,91,Lead exposure,1,Number,2015,0.277019643,0.966810391,-0.035084462
1,All Population,3,YLDs (Years Lived with Disability),4850,Goa,1,Male,15,50-54 years,498,Hypertensive heart disease,91,Lead exposure,1,Number,2015,0.308920644,0.789947615,0
1,All Population,3,YLDs (Years Lived with Disability),4850,Goa,2,Female,15,50-54 years,498,Hypertensive heart disease,91,Lead exposure,1,Number,2015,0.468962674,1.242940175,0
1,All Population,3,YLDs (Years Lived with Disability),4849,Delhi,1,Male,15,50-54 years,493,Ischemic heart disease,91,Lead exposure,1,Number,2018,192.1361052,284.5574611,112.0140247
1,All Population,3,YLDs (Years Lived with Disability),4849,Delhi,2,Female,15,50-54 years,493,Ischemic heart disease,91,Lead exposure,1,Number,2018,103.0202838,150.6555538,62.00896195
1,All Population,3,YLDs (Years Lived with Disability),4871,Telangana,1,Male,15,50-54 years,493,Ischemic heart disease,380,Particulate matter pollution,1,Number,2015,479.0408785,732.8697338,274.4918026
1,All Population,3,YLDs (Years Lived with Disability),4871,Telangana,2,Female,15,50-54 years,493,Ischemic heart disease,380,Particulate matter pollution,1,Number,2015,312.1633326,485.6709716,180.9510899
1,All Population,3,YLDs (Years Lived with Disability),4871,Telangana,1,Male,15,50-54 years,494,Stroke,91,Lead exposure,1,Number,2015,111.9388182,262.1345293,-16.80656487
1,All Population,3,YLDs (Years Lived with Disability),4871,Telangana,2,Female,15,50-54 years,494,Stroke,91,Lead exposure,1,Number,2015,75.96787452,189.3599879,-9.977943528
1,All Population,3,YLDs (Years Lived with Disability),4864,Nagaland,1,Male,15,50-54 years,493,Ischemic heart disease,91,Lead exposure,1,Number,2018,13.52427005,19.49419812,8.087845316
1,All Population,3,YLDs (Years Lived with Disability),4864,Nagaland,2,Female,15,50-54 years,493,Ischemic heart disease,91,Lead exposure,1,Number,2018,8.059343288,11.92625843,4.737269543
1,All Population,3,YLDs (Years Lived with Disability),4853,Himachal Pradesh,1,Male,15,50-54 years,494,Stroke,380,Particulate matter pollution,1,Number,2015,130.9204532,204.9081941,73.32431924
1,All Population,3,YLDs (Years Lived with Disability),4853,Himachal Pradesh,2,Female,15,50-54 years,494,Stroke,380,Particulate matter pollution,1,Number,2015,117.8643062,186.7953823,63.83970104
1,All Population,3,YLDs (Years Lived with Disability),4853,Himachal Pradesh,1,Male,15,50-54 years,498,Hypertensive heart disease,91,Lead exposure,1,Number,2015,1.288905987,3.644562598,0
1,All Population,3,YLDs (Years Lived with Disability),4853,Himachal Pradesh,2,Female,15,50-54 years,498,Hypertensive heart disease,91,Lead exposure,1,Number,2015,2.12734638,5.376760655,0
1,All Population,3,YLDs (Years Lived with Disability),4864,Nagaland,1,Male,15,50-54 years,502,Lower extremity peripheral arterial disease,91,Lead exposure,1,Number,2015,0.003010265,0.01003085,-0.000464646
1,All Population,3,YLDs (Years Lived with Disability),4864,Nagaland,2,Female,15,50-54 years,502,Lower extremity peripheral arterial disease,91,Lead exposure,1,Number,2015,0.002879536,0.009581741,-0.000357874
1,All Population,3,YLDs (Years Lived with Disability),4844,Bihar,1,Male,15,50-54 years,493,Ischemic heart disease,91,Lead exposure,1,Number,2015,944.5481772,1425.580791,564.868643
1,All Population,3,YLDs (Years Lived with Disability),4844,Bihar,2,Female,15,50-54 years,493,Ischemic heart disease,91,Lead exposure,1,Number,2015,560.070506,845.8391775,337.3707721
1,All Population,3,YLDs (Years Lived with Disability),44538,Other Union Territories,1,Male,15,50-54 years,502,Lower extremity peripheral arterial disease,91,Lead exposure,1,Number,2015,0.009300614,0.030606553,-0.001245739
1,All Population,3,YLDs (Years Lived with Disability),44538,Other Union Territories,2,Female,15,50-54 years,502,Lower extremity peripheral arterial disease,91,Lead exposure,1,Number,2015,0.01082197,0.032891094,-0.001467572
1,All Population,3,YLDs (Years Lived with Disability),4860,Maharashtra,1,Male,15,50-54 years,493,Ischemic heart disease,380,Particulate matter pollution,1,Number,2018,1385.701853,2099.870033,773.2237104
1,All Population,3,YLDs (Years Lived with Disability),4860,Maharashtra,2,Female,15,50-54 years,493,Ischemic heart disease,380,Particulate matter pollution,1,Number,2018,877.5788093,1276.73876,507.9711673
1,All Population,3,YLDs (Years Lived with Disability),4860,Maharashtra,1,Male,15,50-54 years,494,Stroke,91,Lead exposure,1,Number,2018,503.1825803,1349.608723,-78.20737629
1,All Population,3,YLDs (Years Lived with Disability),4860,Maharashtra,2,Female,15,50-54 years,494,Stroke,91,Lead exposure,1,Number,2018,353.4648772,906.1315796,-51.06017371
1,All Population,3,YLDs (Years Lived with Disability),4857,Kerala,1,Male,15,50-54 years,494,Stroke,91,Lead exposure,1,Number,2018,211.0486023,501.6038462,-31.09365835
1,All Population,3,YLDs (Years Lived with Disability),4857,Kerala,2,Female,15,50-54 years,494,Stroke,91,Lead exposure,1,Number,2018,175.3223341,435.1015093,-26.39654651
1,All Population,3,YLDs (Years Lived with Disability),4869,Sikkim,1,Male,15,50-54 years,498,Hypertensive heart disease,91,Lead exposure,1,Number,2015,0.11700085,0.293618903,0
1,All Population,3,YLDs (Years Lived with Disability),4869,Sikkim,2,Female,15,50-54 years,498,Hypertensive heart disease,91,Lead exposure,1,Number,2015,0.118411151,0.304075237,0
1,All Population,3,YLDs (Years Lived with Disability),4871,Telangana,1,Male,15,50-54 years,494,Stroke,380,Particulate matter pollution,1,Number,2018,513.2992113,810.9871041,277.323448
1,All Population,3,YLDs (Years Lived with Disability),4871,Telangana,2,Female,15,50-54 years,494,Stroke,380,Particulate matter pollution,1,Number,2018,439.5938226,667.5616861,248.6783666
1,All Population,3,YLDs (Years Lived with Disability),4843,Assam,1,Male,15,50-54 years,493,Ischemic heart disease,380,Particulate matter pollution,1,Number,2018,341.1208708,521.4090299,192.8146574
1,All Population,3,YLDs (Years Lived with Disability),4843,Assam,2,Female,15,50-54 years,493,Ischemic heart disease,380,Particulate matter pollution,1,Number,2018,213.9343934,315.5184836,126.3335911
1,All Population,3,YLDs (Years Lived with Disability),4843,Assam,1,Male,15,50-54 years,494,Stroke,91,Lead exposure,1,Number,2018,178.445275,497.3476742,-28.22922296
1,All Population,3,YLDs (Years Lived with Disability),4843,Assam,2,Female,15,50-54 years,494,Stroke,91,Lead exposure,1,Number,2018,96.95942355,256.139749,-14.71870095
1,All Population,3,YLDs (Years Lived with Disability),4855,Jharkhand,1,Male,15,50-54 years,494,Stroke,380,Particulate matter pollution,1,Number,2018,632.0210392,993.2768303,352.0454693
1,All Population,3,YLDs (Years Lived with Disability),4855,Jharkhand,2,Female,15,50-54 years,494,Stroke,380,Particulate matter pollution,1,Number,2018,712.2618439,1067.972957,415.8296071
1,All Population,3,YLDs (Years Lived with Disability),4860,Maharashtra,1,Male,15,50-54 years,498,Hypertensive heart disease,91,Lead exposure,1,Number,2018,19.97366409,49.78188818,0
1,All Population,3,YLDs (Years Lived with Disability),4860,Maharashtra,2,Female,15,50-54 years,498,Hypertensive heart disease,91,Lead exposure,1,Number,2018,39.01363063,99.2943134,0
1,All Population,3,YLDs (Years Lived with Disability),4857,Kerala,1,Male,15,50-54 years,498,Hypertensive heart disease,91,Lead exposure,1,Number,2018,5.976418249,15.46153406,0
1,All Population,3,YLDs (Years Lived with Disability),4857,Kerala,2,Female,15,50-54 years,498,Hypertensive heart disease,91,Lead exposure,1,Number,2018,15.51762576,38.79956267,0
1,All Population,3,YLDs (Years Lived with Disability),4851,Gujarat,1,Male,15,50-54 years,494,Stroke,380,Particulate matter pollution,1,Number,2015,1457.560808,2188.338896,851.8919216
1,All Population,3,YLDs (Years Lived with Disability),4851,Gujarat,2,Female,15,50-54 years,494,Stroke,380,Particulate matter pollution,1,Number,2015,1249.831814,1887.315634,726.4237029
1,All Population,3,YLDs (Years Lived with Disability),4871,Telangana,1,Male,15,50-54 years,498,Hypertensive heart disease,91,Lead exposure,1,Number,2015,4.97550085,11.45047621,0
1,All Population,3,YLDs (Years Lived with Disability),4871,Telangana,2,Female,15,50-54 years,498,Hypertensive heart disease,91,Lead exposure,1,Number,2015,8.912696105,20.91616363,0
1,All Population,3,YLDs (Years Lived with Disability),4855,Jharkhand,1,Male,15,50-54 years,500,Atrial fibrillation and flutter,91,Lead exposure,1,Number,2018,7.921697204,23.39418348,-1.072410692
1,All Population,3,YLDs (Years Lived with Disability),4855,Jharkhand,2,Female,15,50-54 years,500,Atrial fibrillation and flutter,91,Lead exposure,1,Number,2018,5.717212506,17.99327192,-0.715745736
1,All Population,3,YLDs (Years Lived with Disability),4871,Telangana,1,Male,15,50-54 years,500,Atrial fibrillation and flutter,91,Lead exposure,1,Number,2018,9.071176095,29.65542707,-1.492865629
1,All Population,3,YLDs (Years Lived with Disability),4871,Telangana,2,Female,15,50-54 years,500,Atrial fibrillation and flutter,91,Lead exposure,1,Number,2018,6.247805777,20.20557181,-0.891433509
1,All Population,3,YLDs (Years Lived with Disability),4873,Uttar Pradesh,1,Male,15,50-54 years,494,Stroke,91,Lead exposure,1,Number,2018,848.4344928,2121.7266,-108.9297073
1,All Population,3,YLDs (Years Lived with Disability),4873,Uttar Pradesh,2,Female,15,50-54 years,494,Stroke,91,Lead exposure,1,Number,2018,785.354329,1920.337657,-90.8392475
1,All Population,3,YLDs (Years Lived with Disability),4852,Haryana,1,Male,15,50-54 years,502,Lower extremity peripheral arterial disease,91,Lead exposure,1,Number,2018,0.05181457,0.160230205,-0.00661024
1,All Population,3,YLDs (Years Lived with Disability),4852,Haryana,2,Female,15,50-54 years,502,Lower extremity peripheral arterial disease,91,Lead exposure,1,Number,2018,0.067369581,0.21075641,-0.006491142
1,All Population,3,YLDs (Years Lived with Disability),4869,Sikkim,1,Male,15,50-54 years,500,Atrial fibrillation and flutter,91,Lead exposure,1,Number,2018,0.18819067,0.652857436,-0.020533878
1,All Population,3,YLDs (Years Lived with Disability),4869,Sikkim,2,Female,15,50-54 years,500,Atrial fibrillation and flutter,91,Lead exposure,1,Number,2018,0.117956772,0.364561147,-0.015005608
1,All Population,3,YLDs (Years Lived with Disability),4869,Sikkim,1,Male,15,50-54 years,502,Lower extremity peripheral arterial disease,91,Lead exposure,1,Number,2018,0.001224453,0.004195629,-0.000123526
1,All Population,3,YLDs (Years Lived with Disability),4869,Sikkim,2,Female,15,50-54 years,502,Lower extremity peripheral arterial disease,91,Lead exposure,1,Number,2018,0.001071715,0.003940123,-0.0001391
1,All Population,3,YLDs (Years Lived with Disability),4842,Arunachal Pradesh,1,Male,15,50-54 years,493,Ischemic heart disease,91,Lead exposure,1,Number,2015,12.27348601,18.27552116,7.126586508
1,All Population,3,YLDs (Years Lived with Disability),4842,Arunachal Pradesh,2,Female,15,50-54 years,493,Ischemic heart disease,91,Lead exposure,1,Number,2015,5.467326601,8.129265364,3.308117605
1,All Population,3,YLDs (Years Lived with Disability),4844,Bihar,1,Male,15,50-54 years,502,Lower extremity peripheral arterial disease,91,Lead exposure,1,Number,2015,0.22602468,0.795817889,-0.027379357
1,All Population,3,YLDs (Years Lived with Disability),4844,Bihar,2,Female,15,50-54 years,502,Lower extremity peripheral arterial disease,91,Lead exposure,1,Number,2015,0.246607191,0.870389792,-0.028192091
1,All Population,3,YLDs (Years Lived with Disability),4841,Andhra Pradesh,1,Male,15,50-54 years,493,Ischemic heart disease,380,Particulate matter pollution,1,Number,2018,748.238623,1098.605805,433.6605774
1,All Population,3,YLDs (Years Lived with Disability),4841,Andhra Pradesh,2,Female,15,50-54 years,493,Ischemic heart disease,380,Particulate matter pollution,1,Number,2018,464.895619,697.301289,274.2908906
1,All Population,3,YLDs (Years Lived with Disability),4841,Andhra Pradesh,1,Male,15,50-54 years,494,Stroke,91,Lead exposure,1,Number,2018,177.5692889,479.2120936,-25.20726955
1,All Population,3,YLDs (Years Lived with Disability),4841,Andhra Pradesh,2,Female,15,50-54 years,494,Stroke,91,Lead exposure,1,Number,2018,137.4540563,354.1950984,-19.47356174
1,All Population,3,YLDs (Years Lived with Disability),4844,Bihar,1,Male,15,50-54 years,493,Ischemic heart disease,91,Lead exposure,1,Number,2016,939.6423078,1411.921888,571.3940555
1,All Population,3,YLDs (Years Lived with Disability),4844,Bihar,2,Female,15,50-54 years,493,Ischemic heart disease,91,Lead exposure,1,Number,2016,559.1106987,823.4756488,314.8803977
1,All Population,3,YLDs (Years Lived with Disability),4873,Uttar Pradesh,1,Male,15,50-54 years,498,Hypertensive heart disease,91,Lead exposure,1,Number,2018,50.18327472,123.8912212,0
1,All Population,3,YLDs (Years Lived with Disability),4873,Uttar Pradesh,2,Female,15,50-54 years,498,Hypertensive heart disease,91,Lead exposure,1,Number,2018,69.42761788,180.5713068,0
1,All Population,3,YLDs (Years Lived with Disability),4867,Punjab,1,Male,15,50-54 years,502,Lower extremity peripheral arterial disease,91,Lead exposure,1,Number,2018,0.038095018,0.119788655,-0.003846836
1,All Population,3,YLDs (Years Lived with Disability),4867,Punjab,2,Female,15,50-54 years,502,Lower extremity peripheral arterial disease,91,Lead exposure,1,Number,2018,0.061488689,0.190211212,-0.007448103
1,All Population,3,YLDs (Years Lived with Disability),4842,Arunachal Pradesh,1,Male,15,50-54 years,493,Ischemic heart disease,91,Lead exposure,1,Number,2016,12.18928778,17.57478579,7.120642728
1,All Population,3,YLDs (Years Lived with Disability),4842,Arunachal Pradesh,2,Female,15,50-54 years,493,Ischemic heart disease,91,Lead exposure,1,Number,2016,5.451121552,7.889167812,3.103148683
1,All Population,3,YLDs (Years Lived with Disability),4841,Andhra Pradesh,1,Male,15,50-54 years,498,Hypertensive heart disease,91,Lead exposure,1,Number,2018,7.590678828,19.55871835,0
1,All Population,3,YLDs (Years Lived with Disability),4841,Andhra Pradesh,2,Female,15,50-54 years,498,Hypertensive heart disease,91,Lead exposure,1,Number,2018,13.791191,31.36711085,0
1,All Population,3,YLDs (Years Lived with Disability),4855,Jharkhand,1,Male,15,50-54 years,493,Ischemic heart disease,380,Particulate matter pollution,1,Number,2016,298.3348565,446.0107669,175.8441533
1,All Population,3,YLDs (Years Lived with Disability),4855,Jharkhand,2,Female,15,50-54 years,493,Ischemic heart disease,380,Particulate matter pollution,1,Number,2016,242.3109419,358.3083105,133.8527584
1,All Population,3,YLDs (Years Lived with Disability),4851,Gujarat,1,Male,15,50-54 years,500,Atrial fibrillation and flutter,91,Lead exposure,1,Number,2015,19.87713488,59.88419803,-2.721949487
1,All Population,3,YLDs (Years Lived with Disability),4851,Gujarat,2,Female,15,50-54 years,500,Atrial fibrillation and flutter,91,Lead exposure,1,Number,2015,15.32665217,48.3121935,-1.778348533
1,All Population,3,YLDs (Years Lived with Disability),4863,Mizoram,1,Male,15,50-54 years,493,Ischemic heart disease,91,Lead exposure,1,Number,2018,7.620406865,11.13052066,4.5203354
1,All Population,3,YLDs (Years Lived with Disability),4863,Mizoram,2,Female,15,50-54 years,493,Ischemic heart disease,91,Lead exposure,1,Number,2018,4.244640515,5.982098871,2.631474454
1,All Population,3,YLDs (Years Lived with Disability),4851,Gujarat,1,Male,15,50-54 years,494,Stroke,380,Particulate matter pollution,1,Number,2016,1485.782556,2202.297889,868.6812932
1,All Population,3,YLDs (Years Lived with Disability),4851,Gujarat,2,Female,15,50-54 years,494,Stroke,380,Particulate matter pollution,1,Number,2016,1276.626827,1895.708793,724.7654635
1,All Population,3,YLDs (Years Lived with Disability),4844,Bihar,1,Male,15,50-54 years,502,Lower extremity peripheral arterial disease,91,Lead exposure,1,Number,2016,0.227736958,0.804540826,-0.026221849
1,All Population,3,YLDs (Years Lived with Disability),4844,Bihar,2,Female,15,50-54 years,502,Lower extremity peripheral arterial disease,91,Lead exposure,1,Number,2016,0.258941808,0.92526892,-0.029959692
1,All Population,3,YLDs (Years Lived with Disability),4853,Himachal Pradesh,1,Male,15,50-54 years,494,Stroke,380,Particulate matter pollution,1,Number,2016,132.4358883,208.3329498,74.94802375
1,All Population,3,YLDs (Years Lived with Disability),4853,Himachal Pradesh,2,Female,15,50-54 years,494,Stroke,380,Particulate matter pollution,1,Number,2016,120.8947947,190.5566882,67.38180178
1,All Population,3,YLDs (Years Lived with Disability),4853,Himachal Pradesh,1,Male,15,50-54 years,498,Hypertensive heart disease,91,Lead exposure,1,Number,2016,1.346698683,3.492711066,0
1,All Population,3,YLDs (Years Lived with Disability),4853,Himachal Pradesh,2,Female,15,50-54 years,498,Hypertensive heart disease,91,Lead exposure,1,Number,2016,2.249269955,5.67910352,0
1,All Population,3,YLDs (Years Lived with Disability),4875,West Bengal,1,Male,15,50-54 years,493,Ischemic heart disease,380,Particulate matter pollution,1,Number,2018,1598.163073,2403.128859,916.1594847
1,All Population,3,YLDs (Years Lived with Disability),4875,West Bengal,2,Female,15,50-54 years,493,Ischemic heart disease,380,Particulate matter pollution,1,Number,2018,1107.297387,1635.1827,651.0738642
1,All Population,3,YLDs (Years Lived with Disability),4875,West Bengal,1,Male,15,50-54 years,494,Stroke,91,Lead exposure,1,Number,2018,578.6661679,1356.12699,-83.8993524
1,All Population,3,YLDs (Years Lived with Disability),4875,West Bengal,2,Female,15,50-54 years,494,Stroke,91,Lead exposure,1,Number,2018,471.4043944,1135.757627,-62.14027839
1,All Population,3,YLDs (Years Lived with Disability),4857,Kerala,1,Male,15,50-54 years,493,Ischemic heart disease,380,Particulate matter pollution,1,Number,2016,704.3771042,1069.317429,397.786909
1,All Population,3,YLDs (Years Lived with Disability),4857,Kerala,2,Female,15,50-54 years,493,Ischemic heart disease,380,Particulate matter pollution,1,Number,2016,387.3241095,589.2124837,219.5960656
1,All Population,3,YLDs (Years Lived with Disability),4875,West Bengal,1,Male,15,50-54 years,498,Hypertensive heart disease,91,Lead exposure,1,Number,2018,18.64396375,46.01497549,0
1,All Population,3,YLDs (Years Lived with Disability),4875,West Bengal,2,Female,15,50-54 years,498,Hypertensive heart disease,91,Lead exposure,1,Number,2018,28.51920948,62.65363905,0
1,All Population,3,YLDs (Years Lived with Disability),4854,Jammu & Kashmir and Ladakh,1,Male,15,50-54 years,494,Stroke,380,Particulate matter pollution,1,Number,2018,170.8994205,273.6351656,97.00163891
1,All Population,3,YLDs (Years Lived with Disability),4854,Jammu & Kashmir and Ladakh,2,Female,15,50-54 years,494,Stroke,380,Particulate matter pollution,1,Number,2018,142.7567406,231.8295705,75.71419732
1,All Population,3,YLDs (Years Lived with Disability),4855,Jharkhand,1,Male,15,50-54 years,494,Stroke,91,Lead exposure,1,Number,2016,105.0158175,256.8336092,-15.22121794
1,All Population,3,YLDs (Years Lived with Disability),4855,Jharkhand,2,Female,15,50-54 years,494,Stroke,91,Lead exposure,1,Number,2016,100.664292,256.5712759,-13.61592716
1,All Population,3,YLDs (Years Lived with Disability),4864,Nagaland,1,Male,15,50-54 years,500,Atrial fibrillation and flutter,91,Lead exposure,1,Number,2016,0.453542517,1.550872656,-0.0623506
1,All Population,3,YLDs (Years Lived with Disability),4864,Nagaland,2,Female,15,50-54 years,500,Atrial fibrillation and flutter,91,Lead exposure,1,Number,2016,0.274139038,0.8903549,-0.037078412
1,All Population,3,YLDs (Years Lived with Disability),4851,Gujarat,1,Male,15,50-54 years,500,Atrial fibrillation and flutter,91,Lead exposure,1,Number,2016,20.38796377,63.4112951,-2.126419152
1,All Population,3,YLDs (Years Lived with Disability),4851,Gujarat,2,Female,15,50-54 years,500,Atrial fibrillation and flutter,91,Lead exposure,1,Number,2016,15.64005863,48.45049119,-1.929699557
1,All Population,3,YLDs (Years Lived with Disability),4855,Jharkhand,1,Male,15,50-54 years,498,Hypertensive heart disease,91,Lead exposure,1,Number,2016,6.183692323,16.92617569,0
1,All Population,3,YLDs (Years Lived with Disability),4855,Jharkhand,2,Female,15,50-54 years,498,Hypertensive heart disease,91,Lead exposure,1,Number,2016,8.232035646,20.01219057,0
1,All Population,3,YLDs (Years Lived with Disability),4854,Jammu & Kashmir and Ladakh,1,Male,15,50-54 years,500,Atrial fibrillation and flutter,91,Lead exposure,1,Number,2018,2.562096679,7.454554881,-0.404812697
1,All Population,3,YLDs (Years Lived with Disability),4854,Jammu & Kashmir and Ladakh,2,Female,15,50-54 years,500,Atrial fibrillation and flutter,91,Lead exposure,1,Number,2018,1.797846404,5.327294403,-0.25050692
1,All Population,3,YLDs (Years Lived with Disability),4865,Odisha,1,Male,15,50-54 years,493,Ischemic heart disease,91,Lead exposure,1,Number,2018,400.930158,594.250764,240.2601158
1,All Population,3,YLDs (Years Lived with Disability),4865,Odisha,2,Female,15,50-54 years,493,Ischemic heart disease,91,Lead exposure,1,Number,2018,237.320755,353.1581948,138.0540385
1,All Population,3,YLDs (Years Lived with Disability),4864,Nagaland,1,Male,15,50-54 years,502,Lower extremity peripheral arterial disease,91,Lead exposure,1,Number,2016,0.002896714,0.010227728,-0.000361585
1,All Population,3,YLDs (Years Lived with Disability),4864,Nagaland,2,Female,15,50-54 years,502,Lower extremity peripheral arterial disease,91,Lead exposure,1,Number,2016,0.002828882,0.009620881,-0.000356378
1,All Population,3,YLDs (Years Lived with Disability),4867,Punjab,1,Male,15,50-54 years,500,Atrial fibrillation and flutter,91,Lead exposure,1,Number,2016,6.782956012,21.32374683,-0.885914707
1,All Population,3,YLDs (Years Lived with Disability),4867,Punjab,2,Female,15,50-54 years,500,Atrial fibrillation and flutter,91,Lead exposure,1,Number,2016,5.205679482,15.67303835,-0.600698524
1,All Population,3,YLDs (Years Lived with Disability),4846,Chhattisgarh,1,Male,15,50-54 years,493,Ischemic heart disease,91,Lead exposure,1,Number,2018,327.4332768,485.9532249,195.9380863
1,All Population,3,YLDs (Years Lived with Disability),4846,Chhattisgarh,2,Female,15,50-54 years,493,Ischemic heart disease,91,Lead exposure,1,Number,2018,182.5029664,263.8804215,106.6000146
1,All Population,3,YLDs (Years Lived with Disability),4869,Sikkim,1,Male,15,50-54 years,498,Hypertensive heart disease,91,Lead exposure,1,Number,2016,0.119134151,0.300924112,0
1,All Population,3,YLDs (Years Lived with Disability),4869,Sikkim,2,Female,15,50-54 years,498,Hypertensive heart disease,91,Lead exposure,1,Number,2016,0.12142605,0.308546606,0
1,All Population,3,YLDs (Years Lived with Disability),4867,Punjab,1,Male,15,50-54 years,494,Stroke,380,Particulate matter pollution,1,Number,2015,573.2696569,853.1263504,315.8465551
1,All Population,3,YLDs (Years Lived with Disability),4867,Punjab,2,Female,15,50-54 years,494,Stroke,380,Particulate matter pollution,1,Number,2015,491.7116643,736.3641447,270.6176598
1,All Population,3,YLDs (Years Lived with Disability),4873,Uttar Pradesh,1,Male,15,50-54 years,493,Ischemic heart disease,380,Particulate matter pollution,1,Number,2015,2908.299622,4288.765941,1713.956548
1,All Population,3,YLDs (Years Lived with Disability),4873,Uttar Pradesh,2,Female,15,50-54 years,493,Ischemic heart disease,380,Particulate matter pollution,1,Number,2015,1963.047844,2928.1744,1103.009922
1,All Population,3,YLDs (Years Lived with Disability),4860,Maharashtra,1,Male,15,50-54 years,493,Ischemic heart disease,91,Lead exposure,1,Number,2015,1390.8378,2011.044591,844.9409144
1,All Population,3,YLDs (Years Lived with Disability),4860,Maharashtra,2,Female,15,50-54 years,493,Ischemic heart disease,91,Lead exposure,1,Number,2015,771.0252606,1084.567092,450.6926977
1,All Population,3,YLDs (Years Lived with Disability),4849,Delhi,1,Male,15,50-54 years,500,Atrial fibrillation and flutter,91,Lead exposure,1,Number,2016,3.572118,10.64657441,-0.471896365
1,All Population,3,YLDs (Years Lived with Disability),4849,Delhi,2,Female,15,50-54 years,500,Atrial fibrillation and flutter,91,Lead exposure,1,Number,2016,2.387043338,7.39441494,-0.314050708
1,All Population,3,YLDs (Years Lived with Disability),4849,Delhi,1,Male,15,50-54 years,502,Lower extremity peripheral arterial disease,91,Lead exposure,1,Number,2016,0.030869674,0.099110186,-0.00357548
1,All Population,3,YLDs (Years Lived with Disability),4849,Delhi,2,Female,15,50-54 years,502,Lower extremity peripheral arterial disease,91,Lead exposure,1,Number,2016,0.033188537,0.100298814,-0.003114107
1,All Population,3,YLDs (Years Lived with Disability),4862,Meghalaya,1,Male,15,50-54 years,493,Ischemic heart disease,91,Lead exposure,1,Number,2016,20.76263767,31.59672337,12.14247461
1,All Population,3,YLDs (Years Lived with Disability),4862,Meghalaya,2,Female,15,50-54 years,493,Ischemic heart disease,91,Lead exposure,1,Number,2016,13.25197504,19.69213849,8.137928605
1,All Population,3,YLDs (Years Lived with Disability),4850,Goa,1,Male,15,50-54 years,493,Ischemic heart disease,91,Lead exposure,1,Number,2018,22.50960798,32.81082092,13.55698774
1,All Population,3,YLDs (Years Lived with Disability),4850,Goa,2,Female,15,50-54 years,493,Ischemic heart disease,91,Lead exposure,1,Number,2018,13.66607903,20.35011511,8.060270586
1,All Population,3,YLDs (Years Lived with Disability),4855,Jharkhand,1,Male,15,50-54 years,493,Ischemic heart disease,380,Particulate matter pollution,1,Number,2015,317.8153977,483.591684,181.702469
1,All Population,3,YLDs (Years Lived with Disability),4855,Jharkhand,2,Female,15,50-54 years,493,Ischemic heart disease,380,Particulate matter pollution,1,Number,2015,246.31626,362.6466127,145.9175755
1,All Population,3,YLDs (Years Lived with Disability),4867,Punjab,1,Male,15,50-54 years,500,Atrial fibrillation and flutter,91,Lead exposure,1,Number,2015,6.729639225,22.50371418,-0.887594099
1,All Population,3,YLDs (Years Lived with Disability),4867,Punjab,2,Female,15,50-54 years,500,Atrial fibrillation and flutter,91,Lead exposure,1,Number,2015,5.126847502,15.57288582,-0.633977925
1,All Population,3,YLDs (Years Lived with Disability),4874,Uttarakhand,1,Male,15,50-54 years,493,Ischemic heart disease,380,Particulate matter pollution,1,Number,2018,188.6097063,285.1401822,108.0425016
1,All Population,3,YLDs (Years Lived with Disability),4874,Uttarakhand,2,Female,15,50-54 years,493,Ischemic heart disease,380,Particulate matter pollution,1,Number,2018,110.1437103,169.138531,64.64435964
1,All Population,3,YLDs (Years Lived with Disability),4874,Uttarakhand,1,Male,15,50-54 years,494,Stroke,91,Lead exposure,1,Number,2018,43.31471392,102.6931337,-7.046047265
1,All Population,3,YLDs (Years Lived with Disability),4874,Uttarakhand,2,Female,15,50-54 years,494,Stroke,91,Lead exposure,1,Number,2018,28.01778656,66.30892579,-4.283719471
1,All Population,3,YLDs (Years Lived with Disability),4872,Tripura,1,Male,15,50-54 years,494,Stroke,380,Particulate matter pollution,1,Number,2018,140.6977155,214.4958543,78.84328745
1,All Population,3,YLDs (Years Lived with Disability),4872,Tripura,2,Female,15,50-54 years,494,Stroke,380,Particulate matter pollution,1,Number,2018,99.61228761,150.6768416,54.98726514
1,All Population,3,YLDs (Years Lived with Disability),4855,Jharkhand,1,Male,15,50-54 years,494,Stroke,91,Lead exposure,1,Number,2015,103.2142123,263.256209,-17.53275105
1,All Population,3,YLDs (Years Lived with Disability),4855,Jharkhand,2,Female,15,50-54 years,494,Stroke,91,Lead exposure,1,Number,2015,99.20958018,252.2365895,-13.62444024
1,All Population,3,YLDs (Years Lived with Disability),4871,Telangana,1,Male,15,50-54 years,498,Hypertensive heart disease,91,Lead exposure,1,Number,2016,5.009945701,12.3020439,0
1,All Population,3,YLDs (Years Lived with Disability),4871,Telangana,2,Female,15,50-54 years,498,Hypertensive heart disease,91,Lead exposure,1,Number,2016,9.136944333,20.61476726,0
1,All Population,3,YLDs (Years Lived with Disability),4872,Tripura,1,Male,15,50-54 years,498,Hypertensive heart disease,91,Lead exposure,1,Number,2018,0.864827245,2.282667577,0
1,All Population,3,YLDs (Years Lived with Disability),4872,Tripura,2,Female,15,50-54 years,498,Hypertensive heart disease,91,Lead exposure,1,Number,2018,1.291338527,3.16535492,0
1,All Population,3,YLDs (Years Lived with Disability),4856,Karnataka,1,Male,15,50-54 years,494,Stroke,380,Particulate matter pollution,1,Number,2018,1118.186256,1775.367171,635.162028
1,All Population,3,YLDs (Years Lived with Disability),4856,Karnataka,2,Female,15,50-54 years,494,Stroke,380,Particulate matter pollution,1,Number,2018,926.2974715,1389.262187,528.3084706
1,All Population,3,YLDs (Years Lived with Disability),4856,Karnataka,1,Male,15,50-54 years,498,Hypertensive heart disease,91,Lead exposure,1,Number,2018,11.30805878,31.23006639,0
1,All Population,3,YLDs (Years Lived with Disability),4856,Karnataka,2,Female,15,50-54 years,498,Hypertensive heart disease,91,Lead exposure,1,Number,2018,20.9680788,49.3279867,0
1,All Population,3,YLDs (Years Lived with Disability),4855,Jharkhand,1,Male,15,50-54 years,498,Hypertensive heart disease,91,Lead exposure,1,Number,2015,6.000680353,16.52311263,0
1,All Population,3,YLDs (Years Lived with Disability),4855,Jharkhand,2,Female,15,50-54 years,498,Hypertensive heart disease,91,Lead exposure,1,Number,2015,8.312329083,19.85190225,0
1,All Population,3,YLDs (Years Lived with Disability),4862,Meghalaya,1,Male,15,50-54 years,502,Lower extremity peripheral arterial disease,91,Lead exposure,1,Number,2016,0.005943714,0.020396252,-0.000697787
1,All Population,3,YLDs (Years Lived with Disability),4862,Meghalaya,2,Female,15,50-54 years,502,Lower extremity peripheral arterial disease,91,Lead exposure,1,Number,2016,0.007027718,0.022630067,-0.000706118
1,All Population,3,YLDs (Years Lived with Disability),4874,Uttarakhand,1,Male,15,50-54 years,498,Hypertensive heart disease,91,Lead exposure,1,Number,2018,1.535800103,3.733302014,0
1,All Population,3,YLDs (Years Lived with Disability),4874,Uttarakhand,2,Female,15,50-54 years,498,Hypertensive heart disease,91,Lead exposure,1,Number,2018,2.794353768,7.155182729,0
1,All Population,3,YLDs (Years Lived with Disability),4870,Tamil Nadu,1,Male,15,50-54 years,494,Stroke,380,Particulate matter pollution,1,Number,2018,1386.068472,2189.015063,737.8188055
1,All Population,3,YLDs (Years Lived with Disability),4870,Tamil Nadu,2,Female,15,50-54 years,494,Stroke,380,Particulate matter pollution,1,Number,2018,1328.102191,2141.365095,703.6628643
1,All Population,3,YLDs (Years Lived with Disability),4861,Manipur,1,Male,15,50-54 years,493,Ischemic heart disease,380,Particulate matter pollution,1,Number,2018,30.55130472,46.96889659,17.58756187
1,All Population,3,YLDs (Years Lived with Disability),4861,Manipur,2,Female,15,50-54 years,493,Ischemic heart disease,380,Particulate matter pollution,1,Number,2018,23.32255915,35.31968027,13.06182359
1,All Population,3,YLDs (Years Lived with Disability),4861,Manipur,1,Male,15,50-54 years,494,Stroke,91,Lead exposure,1,Number,2018,15.95617568,42.0243761,-2.793074889
1,All Population,3,YLDs (Years Lived with Disability),4861,Manipur,2,Female,15,50-54 years,494,Stroke,91,Lead exposure,1,Number,2018,10.03947055,27.33581972,-1.58606482
1,All Population,3,YLDs (Years Lived with Disability),4870,Tamil Nadu,1,Male,15,50-54 years,500,Atrial fibrillation and flutter,91,Lead exposure,1,Number,2018,28.82402426,88.14839846,-3.623847915
1,All Population,3,YLDs (Years Lived with Disability),4870,Tamil Nadu,2,Female,15,50-54 years,500,Atrial fibrillation and flutter,91,Lead exposure,1,Number,2018,23.14245193,73.22289187,-3.501721655
1,All Population,3,YLDs (Years Lived with Disability),4874,Uttarakhand,1,Male,15,50-54 years,494,Stroke,380,Particulate matter pollution,1,Number,2015,218.8775989,336.5343057,129.0280959
1,All Population,3,YLDs (Years Lived with Disability),4874,Uttarakhand,2,Female,15,50-54 years,494,Stroke,380,Particulate matter pollution,1,Number,2015,174.7043623,264.8879477,94.20701576
1,All Population,3,YLDs (Years Lived with Disability),44538,Other Union Territories,1,Male,15,50-54 years,493,Ischemic heart disease,91,Lead exposure,1,Number,2018,51.12504639,76.39028207,31.82690203
1,All Population,3,YLDs (Years Lived with Disability),44538,Other Union Territories,2,Female,15,50-54 years,493,Ischemic heart disease,91,Lead exposure,1,Number,2018,26.92435133,39.88858671,16.35497848
1,All Population,3,YLDs (Years Lived with Disability),4859,Madhya Pradesh,1,Male,15,50-54 years,493,Ischemic heart disease,380,Particulate matter pollution,1,Number,2018,1229.583767,1821.419086,727.7721261
1,All Population,3,YLDs (Years Lived with Disability),4859,Madhya Pradesh,2,Female,15,50-54 years,493,Ischemic heart disease,380,Particulate matter pollution,1,Number,2018,639.0955661,993.1155707,375.6374596
1,All Population,3,YLDs (Years Lived with Disability),4859,Madhya Pradesh,1,Male,15,50-54 years,494,Stroke,91,Lead exposure,1,Number,2018,272.1194931,692.3706366,-50.09079996
1,All Population,3,YLDs (Years Lived with Disability),4859,Madhya Pradesh,2,Female,15,50-54 years,494,Stroke,91,Lead exposure,1,Number,2018,196.1468451,481.0122532,-32.67244916
1,All Population,3,YLDs (Years Lived with Disability),4872,Tripura,1,Male,15,50-54 years,500,Atrial fibrillation and flutter,91,Lead exposure,1,Number,2015,1.171226117,3.618492181,-0.155978519
1,All Population,3,YLDs (Years Lived with Disability),4872,Tripura,2,Female,15,50-54 years,500,Atrial fibrillation and flutter,91,Lead exposure,1,Number,2015,0.800359955,2.481186678,-0.120506625
1,All Population,3,YLDs (Years Lived with Disability),4872,Tripura,1,Male,15,50-54 years,502,Lower extremity peripheral arterial disease,91,Lead exposure,1,Number,2015,0.010618063,0.035188128,-0.001199597
1,All Population,3,YLDs (Years Lived with Disability),4872,Tripura,2,Female,15,50-54 years,502,Lower extremity peripheral arterial disease,91,Lead exposure,1,Number,2015,0.01128958,0.037580625,-0.001162971
1,All Population,3,YLDs (Years Lived with Disability),4859,Madhya Pradesh,1,Male,15,50-54 years,498,Hypertensive heart disease,91,Lead exposure,1,Number,2018,12.30444671,35.67938942,0
1,All Population,3,YLDs (Years Lived with Disability),4859,Madhya Pradesh,2,Female,15,50-54 years,498,Hypertensive heart disease,91,Lead exposure,1,Number,2018,25.48177722,66.10599028,0
1,All Population,3,YLDs (Years Lived with Disability),4868,Rajasthan,1,Male,15,50-54 years,502,Lower extremity peripheral arterial disease,91,Lead exposure,1,Number,2018,0.094307631,0.324373506,-0.012686189
1,All Population,3,YLDs (Years Lived with Disability),4868,Rajasthan,2,Female,15,50-54 years,502,Lower extremity peripheral arterial disease,91,Lead exposure,1,Number,2018,0.098340667,0.330789429,-0.013901195
1,All Population,3,YLDs (Years Lived with Disability),4874,Uttarakhand,1,Male,15,50-54 years,500,Atrial fibrillation and flutter,91,Lead exposure,1,Number,2015,2.642985156,8.162067575,-0.263804423
1,All Population,3,YLDs (Years Lived with Disability),4874,Uttarakhand,2,Female,15,50-54 years,500,Atrial fibrillation and flutter,91,Lead exposure,1,Number,2015,1.975052593,6.191754281,-0.232344106
1,All Population,3,YLDs (Years Lived with Disability),4870,Tamil Nadu,1,Male,15,50-54 years,493,Ischemic heart disease,91,Lead exposure,1,Number,2016,1572.637676,2326.405947,960.2390007
1,All Population,3,YLDs (Years Lived with Disability),4870,Tamil Nadu,2,Female,15,50-54 years,493,Ischemic heart disease,91,Lead exposure,1,Number,2016,822.2337943,1222.954022,489.0470598
1,All Population,3,YLDs (Years Lived with Disability),4861,Manipur,1,Male,15,50-54 years,494,Stroke,380,Particulate matter pollution,1,Number,2016,68.79737704,105.3222715,37.91455077
1,All Population,3,YLDs (Years Lived with Disability),4861,Manipur,2,Female,15,50-54 years,494,Stroke,380,Particulate matter pollution,1,Number,2016,53.59105326,83.28475893,30.83069115
1,All Population,3,YLDs (Years Lived with Disability),4861,Manipur,1,Male,15,50-54 years,498,Hypertensive heart disease,91,Lead exposure,1,Number,2016,0.852252794,1.934060656,0
1,All Population,3,YLDs (Years Lived with Disability),4861,Manipur,2,Female,15,50-54 years,498,Hypertensive heart disease,91,Lead exposure,1,Number,2016,1.233129283,3.056558866,0
1,All Population,3,YLDs (Years Lived with Disability),4868,Rajasthan,1,Male,15,50-54 years,493,Ischemic heart disease,91,Lead exposure,1,Number,2016,687.1276476,1038.072255,387.0218402
1,All Population,3,YLDs (Years Lived with Disability),4868,Rajasthan,2,Female,15,50-54 years,493,Ischemic heart disease,91,Lead exposure,1,Number,2016,297.1920377,425.3025384,174.9643467
1,All Population,3,YLDs (Years Lived with Disability),44538,Other Union Territories,1,Male,15,50-54 years,494,Stroke,91,Lead exposure,1,Number,2015,11.88275657,31.21908036,-2.542035812
1,All Population,3,YLDs (Years Lived with Disability),44538,Other Union Territories,2,Female,15,50-54 years,494,Stroke,91,Lead exposure,1,Number,2015,9.00959868,22.61193945,-1.545103967
1,All Population,3,YLDs (Years Lived with Disability),4850,Goa,1,Male,15,50-54 years,493,Ischemic heart disease,380,Particulate matter pollution,1,Number,2016,21.14525593,33.32577603,11.34323842
1,All Population,3,YLDs (Years Lived with Disability),4850,Goa,2,Female,15,50-54 years,493,Ischemic heart disease,380,Particulate matter pollution,1,Number,2016,14.23047176,22.20355055,8.039387451
1,All Population,3,YLDs (Years Lived with Disability),4862,Meghalaya,1,Male,15,50-54 years,494,Stroke,380,Particulate matter pollution,1,Number,2016,45.13979621,69.72017874,25.38012919
1,All Population,3,YLDs (Years Lived with Disability),4862,Meghalaya,2,Female,15,50-54 years,494,Stroke,380,Particulate matter pollution,1,Number,2016,37.25848533,53.85379927,21.02856062
1,All Population,3,YLDs (Years Lived with Disability),4852,Haryana,1,Male,15,50-54 years,493,Ischemic heart disease,91,Lead exposure,1,Number,2016,342.4197563,497.9138748,203.8726848
1,All Population,3,YLDs (Years Lived with Disability),4852,Haryana,2,Female,15,50-54 years,493,Ischemic heart disease,91,Lead exposure,1,Number,2016,167.7139159,247.5299602,97.884639
1,All Population,3,YLDs (Years Lived with Disability),4868,Rajasthan,1,Male,15,50-54 years,493,Ischemic heart disease,91,Lead exposure,1,Number,2015,677.1568496,1027.437957,382.7617482
1,All Population,3,YLDs (Years Lived with Disability),4868,Rajasthan,2,Female,15,50-54 years,493,Ischemic heart disease,91,Lead exposure,1,Number,2015,290.2233346,432.1676399,164.982602
1,All Population,3,YLDs (Years Lived with Disability),4870,Tamil Nadu,1,Male,15,50-54 years,502,Lower extremity peripheral arterial disease,91,Lead exposure,1,Number,2016,0.266708096,0.890918398,-0.028289803
1,All Population,3,YLDs (Years Lived with Disability),4870,Tamil Nadu,2,Female,15,50-54 years,502,Lower extremity peripheral arterial disease,91,Lead exposure,1,Number,2016,0.338298182,1.228162258,-0.033194636
1,All Population,3,YLDs (Years Lived with Disability),44538,Other Union Territories,1,Male,15,50-54 years,498,Hypertensive heart disease,91,Lead exposure,1,Number,2015,0.657082297,1.716688653,0
1,All Population,3,YLDs (Years Lived with Disability),44538,Other Union Territories,2,Female,15,50-54 years,498,Hypertensive heart disease,91,Lead exposure,1,Number,2015,1.032170145,2.623994555,0
1,All Population,3,YLDs (Years Lived with Disability),4854,Jammu & Kashmir and Ladakh,1,Male,15,50-54 years,493,Ischemic heart disease,91,Lead exposure,1,Number,2016,138.6045699,204.4242627,82.38784022
1,All Population,3,YLDs (Years Lived with Disability),4854,Jammu & Kashmir and Ladakh,2,Female,15,50-54 years,493,Ischemic heart disease,91,Lead exposure,1,Number,2016,84.09691658,121.6604838,49.21270962
1,All Population,3,YLDs (Years Lived with Disability),4870,Tamil Nadu,1,Male,15,50-54 years,493,Ischemic heart disease,91,Lead exposure,1,Number,2015,1583.13886,2390.649239,933.6472554
1,All Population,3,YLDs (Years Lived with Disability),4870,Tamil Nadu,2,Female,15,50-54 years,493,Ischemic heart disease,91,Lead exposure,1,Number,2015,832.5434988,1219.640219,504.1659977
1,All Population,3,YLDs (Years Lived with Disability),4846,Chhattisgarh,1,Male,15,50-54 years,493,Ischemic heart disease,380,Particulate matter pollution,1,Number,2016,401.966422,593.1714914,231.162947
1,All Population,3,YLDs (Years Lived with Disability),4846,Chhattisgarh,2,Female,15,50-54 years,493,Ischemic heart disease,380,Particulate matter pollution,1,Number,2016,255.6608298,388.9823984,155.1991545
1,All Population,3,YLDs (Years Lived with Disability),4846,Chhattisgarh,1,Male,15,50-54 years,494,Stroke,91,Lead exposure,1,Number,2016,131.1487095,336.6492881,-21.26213915
1,All Population,3,YLDs (Years Lived with Disability),4846,Chhattisgarh,2,Female,15,50-54 years,494,Stroke,91,Lead exposure,1,Number,2016,83.10997097,232.9050169,-12.52528728
1,All Population,3,YLDs (Years Lived with Disability),4863,Mizoram,1,Male,15,50-54 years,493,Ischemic heart disease,380,Particulate matter pollution,1,Number,2016,7.630565994,11.53996318,4.409510293
1,All Population,3,YLDs (Years Lived with Disability),4863,Mizoram,2,Female,15,50-54 years,493,Ischemic heart disease,380,Particulate matter pollution,1,Number,2016,4.67075375,7.191616713,2.637186889
1,All Population,3,YLDs (Years Lived with Disability),4863,Mizoram,1,Male,15,50-54 years,494,Stroke,91,Lead exposure,1,Number,2016,3.415214706,8.869380237,-0.61021729
1,All Population,3,YLDs (Years Lived with Disability),4863,Mizoram,2,Female,15,50-54 years,494,Stroke,91,Lead exposure,1,Number,2016,2.212406278,6.128147094,-0.347226637
1,All Population,3,YLDs (Years Lived with Disability),4854,Jammu & Kashmir and Ladakh,1,Male,15,50-54 years,502,Lower extremity peripheral arterial disease,91,Lead exposure,1,Number,2016,0.022136119,0.078029803,-0.003339869
1,All Population,3,YLDs (Years Lived with Disability),4854,Jammu & Kashmir and Ladakh,2,Female,15,50-54 years,502,Lower extremity peripheral arterial disease,91,Lead exposure,1,Number,2016,0.026072906,0.089723172,-0.003578918
1,All Population,3,YLDs (Years Lived with Disability),4841,Andhra Pradesh,1,Male,15,50-54 years,494,Stroke,380,Particulate matter pollution,1,Number,2016,794.3399676,1250.268021,433.4744684
1,All Population,3,YLDs (Years Lived with Disability),4841,Andhra Pradesh,2,Female,15,50-54 years,494,Stroke,380,Particulate matter pollution,1,Number,2016,733.0650308,1117.253573,410.4191251
1,All Population,3,YLDs (Years Lived with Disability),4872,Tripura,1,Male,15,50-54 years,500,Atrial fibrillation and flutter,91,Lead exposure,1,Number,2016,1.18499088,3.459004821,-0.133840865
1,All Population,3,YLDs (Years Lived with Disability),4872,Tripura,2,Female,15,50-54 years,500,Atrial fibrillation and flutter,91,Lead exposure,1,Number,2016,0.819533269,2.539834904,-0.11230261
1,All Population,3,YLDs (Years Lived with Disability),4872,Tripura,1,Male,15,50-54 years,502,Lower extremity peripheral arterial disease,91,Lead exposure,1,Number,2016,0.010515735,0.037468616,-0.000994852
1,All Population,3,YLDs (Years Lived with Disability),4872,Tripura,2,Female,15,50-54 years,502,Lower extremity peripheral arterial disease,91,Lead exposure,1,Number,2016,0.011469582,0.039170924,-0.001094991
1,All Population,3,YLDs (Years Lived with Disability),4865,Odisha,1,Male,15,50-54 years,493,Ischemic heart disease,380,Particulate matter pollution,1,Number,2015,502.7844595,729.7660997,301.0731
1,All Population,3,YLDs (Years Lived with Disability),4865,Odisha,2,Female,15,50-54 years,493,Ischemic heart disease,380,Particulate matter pollution,1,Number,2015,325.8739851,496.6589351,179.8211865
1,All Population,3,YLDs (Years Lived with Disability),4870,Tamil Nadu,1,Male,15,50-54 years,502,Lower extremity peripheral arterial disease,91,Lead exposure,1,Number,2015,0.270446722,0.865927716,-0.031093411
1,All Population,3,YLDs (Years Lived with Disability),4870,Tamil Nadu,2,Female,15,50-54 years,502,Lower extremity peripheral arterial disease,91,Lead exposure,1,Number,2015,0.33692912,1.167913293,-0.037995947
1,All Population,3,YLDs (Years Lived with Disability),4862,Meghalaya,1,Male,15,50-54 years,500,Atrial fibrillation and flutter,91,Lead exposure,1,Number,2016,0.678376294,2.421310663,-0.082562895
1,All Population,3,YLDs (Years Lived with Disability),4862,Meghalaya,2,Female,15,50-54 years,500,Atrial fibrillation and flutter,91,Lead exposure,1,Number,2016,0.502268143,1.724809654,-0.066041192
1,All Population,3,YLDs (Years Lived with Disability),4853,Himachal Pradesh,1,Male,15,50-54 years,493,Ischemic heart disease,380,Particulate matter pollution,1,Number,2016,128.1170972,193.3940087,74.53353927
1,All Population,3,YLDs (Years Lived with Disability),4853,Himachal Pradesh,2,Female,15,50-54 years,493,Ischemic heart disease,380,Particulate matter pollution,1,Number,2016,70.31773182,107.4400612,39.45670651
1,All Population,3,YLDs (Years Lived with Disability),4841,Andhra Pradesh,1,Male,15,50-54 years,500,Atrial fibrillation and flutter,91,Lead exposure,1,Number,2016,14.09069518,39.72054438,-1.619229634
1,All Population,3,YLDs (Years Lived with Disability),4841,Andhra Pradesh,2,Female,15,50-54 years,500,Atrial fibrillation and flutter,91,Lead exposure,1,Number,2016,10.59517528,32.71741999,-1.201944529
1,All Population,3,YLDs (Years Lived with Disability),4873,Uttar Pradesh,1,Male,15,50-54 years,493,Ischemic heart disease,91,Lead exposure,1,Number,2016,2431.624287,3584.200328,1469.770711
1,All Population,3,YLDs (Years Lived with Disability),4873,Uttar Pradesh,2,Female,15,50-54 years,493,Ischemic heart disease,91,Lead exposure,1,Number,2016,1567.837574,2274.41802,928.7272379
1,All Population,3,YLDs (Years Lived with Disability),4865,Odisha,1,Male,15,50-54 years,493,Ischemic heart disease,380,Particulate matter pollution,1,Number,2016,498.5868587,744.5872792,289.8192543
1,All Population,3,YLDs (Years Lived with Disability),4865,Odisha,2,Female,15,50-54 years,493,Ischemic heart disease,380,Particulate matter pollution,1,Number,2016,328.0907674,496.8283845,175.1792015
1,All Population,3,YLDs (Years Lived with Disability),4859,Madhya Pradesh,1,Male,15,50-54 years,494,Stroke,380,Particulate matter pollution,1,Number,2016,1495.648025,2228.390647,858.1456811
1,All Population,3,YLDs (Years Lived with Disability),4859,Madhya Pradesh,2,Female,15,50-54 years,494,Stroke,380,Particulate matter pollution,1,Number,2016,1272.212442,1980.378211,742.7182086
1,All Population,3,YLDs (Years Lived with Disability),4846,Chhattisgarh,1,Male,15,50-54 years,498,Hypertensive heart disease,91,Lead exposure,1,Number,2016,6.181050581,17.49866509,0
1,All Population,3,YLDs (Years Lived with Disability),4846,Chhattisgarh,2,Female,15,50-54 years,498,Hypertensive heart disease,91,Lead exposure,1,Number,2016,8.013068381,20.73747272,0
1,All Population,3,YLDs (Years Lived with Disability),4842,Arunachal Pradesh,1,Male,15,50-54 years,502,Lower extremity peripheral arterial disease,91,Lead exposure,1,Number,2016,0.002970906,0.010944994,-0.000378275
1,All Population,3,YLDs (Years Lived with Disability),4842,Arunachal Pradesh,2,Female,15,50-54 years,502,Lower extremity peripheral arterial disease,91,Lead exposure,1,Number,2016,0.003076345,0.012209633,-0.000363016
1,All Population,3,YLDs (Years Lived with Disability),4859,Madhya Pradesh,1,Male,15,50-54 years,500,Atrial fibrillation and flutter,91,Lead exposure,1,Number,2016,18.39398399,58.28427808,-2.595081598
1,All Population,3,YLDs (Years Lived with Disability),4859,Madhya Pradesh,2,Female,15,50-54 years,500,Atrial fibrillation and flutter,91,Lead exposure,1,Number,2016,12.64983411,39.4444744,-1.914444746
1,All Population,3,YLDs (Years Lived with Disability),4875,West Bengal,1,Male,15,50-54 years,502,Lower extremity peripheral arterial disease,91,Lead exposure,1,Number,2016,0.240312393,0.771909275,-0.025011546
1,All Population,3,YLDs (Years Lived with Disability),4875,West Bengal,2,Female,15,50-54 years,502,Lower extremity peripheral arterial disease,91,Lead exposure,1,Number,2016,0.278495576,0.903270944,-0.031997229
1,All Population,3,YLDs (Years Lived with Disability),4855,Jharkhand,1,Male,15,50-54 years,493,Ischemic heart disease,91,Lead exposure,1,Number,2016,239.7004826,349.4338461,149.1797601
1,All Population,3,YLDs (Years Lived with Disability),4855,Jharkhand,2,Female,15,50-54 years,493,Ischemic heart disease,91,Lead exposure,1,Number,2016,177.0662119,263.4335165,98.69263313
1,All Population,3,YLDs (Years Lived with Disability),4874,Uttarakhand,1,Male,15,50-54 years,494,Stroke,380,Particulate matter pollution,1,Number,2016,220.9445304,351.5501687,128.3799847
1,All Population,3,YLDs (Years Lived with Disability),4874,Uttarakhand,2,Female,15,50-54 years,494,Stroke,380,Particulate matter pollution,1,Number,2016,178.5786428,271.616306,107.6052834
1,All Population,3,YLDs (Years Lived with Disability),4863,Mizoram,1,Male,15,50-54 years,498,Hypertensive heart disease,91,Lead exposure,1,Number,2016,0.322982513,0.743415651,0
1,All Population,3,YLDs (Years Lived with Disability),4863,Mizoram,2,Female,15,50-54 years,498,Hypertensive heart disease,91,Lead exposure,1,Number,2016,0.584918866,1.36554007,0
1,All Population,3,YLDs (Years Lived with Disability),4859,Madhya Pradesh,1,Male,15,50-54 years,493,Ischemic heart disease,91,Lead exposure,1,Number,2016,972.529351,1454.609884,574.9951833
1,All Population,3,YLDs (Years Lived with Disability),4859,Madhya Pradesh,2,Female,15,50-54 years,493,Ischemic heart disease,91,Lead exposure,1,Number,2016,470.4295411,684.6672469,269.1037971
1,All Population,3,YLDs (Years Lived with Disability),4849,Delhi,1,Male,15,50-54 years,500,Atrial fibrillation and flutter,91,Lead exposure,1,Number,2015,3.512480186,10.57729549,-0.465427987
1,All Population,3,YLDs (Years Lived with Disability),4849,Delhi,2,Female,15,50-54 years,500,Atrial fibrillation and flutter,91,Lead exposure,1,Number,2015,2.270462856,6.721985313,-0.2892766
1,All Population,3,YLDs (Years Lived with Disability),4849,Delhi,1,Male,15,50-54 years,502,Lower extremity peripheral arterial disease,91,Lead exposure,1,Number,2015,0.030361335,0.087946021,-0.003466201
1,All Population,3,YLDs (Years Lived with Disability),4849,Delhi,2,Female,15,50-54 years,502,Lower extremity peripheral arterial disease,91,Lead exposure,1,Number,2015,0.033998911,0.120356261,-0.003573544
1,All Population,3,YLDs (Years Lived with Disability),4853,Himachal Pradesh,1,Male,15,50-54 years,494,Stroke,91,Lead exposure,1,Number,2016,25.49968092,69.26621462,-4.896832574
1,All Population,3,YLDs (Years Lived with Disability),4853,Himachal Pradesh,2,Female,15,50-54 years,494,Stroke,91,Lead exposure,1,Number,2016,19.460265,55.42128561,-3.333363609
1,All Population,3,YLDs (Years Lived with Disability),4864,Nagaland,1,Male,15,50-54 years,494,Stroke,380,Particulate matter pollution,1,Number,2016,40.49399574,62.69949068,21.20263277
1,All Population,3,YLDs (Years Lived with Disability),4864,Nagaland,2,Female,15,50-54 years,494,Stroke,380,Particulate matter pollution,1,Number,2016,24.00506599,37.05415576,13.4690068
1,All Population,3,YLDs (Years Lived with Disability),4864,Nagaland,1,Male,15,50-54 years,498,Hypertensive heart disease,91,Lead exposure,1,Number,2016,0.353865296,0.928756534,0
1,All Population,3,YLDs (Years Lived with Disability),4864,Nagaland,2,Female,15,50-54 years,498,Hypertensive heart disease,91,Lead exposure,1,Number,2016,0.35954161,0.831299075,0
1,All Population,3,YLDs (Years Lived with Disability),4874,Uttarakhand,1,Male,15,50-54 years,500,Atrial fibrillation and flutter,91,Lead exposure,1,Number,2016,2.63929371,8.273711417,-0.316366392
1,All Population,3,YLDs (Years Lived with Disability),4874,Uttarakhand,2,Female,15,50-54 years,500,Atrial fibrillation and flutter,91,Lead exposure,1,Number,2016,2.029692565,5.844091262,-0.254695842
1,All Population,3,YLDs (Years Lived with Disability),4869,Sikkim,1,Male,15,50-54 years,493,Ischemic heart disease,380,Particulate matter pollution,1,Number,2016,7.894895901,11.79686059,4.61027554
1,All Population,3,YLDs (Years Lived with Disability),4869,Sikkim,2,Female,15,50-54 years,493,Ischemic heart disease,380,Particulate matter pollution,1,Number,2016,4.405426837,6.794091676,2.579050473
1,All Population,3,YLDs (Years Lived with Disability),4869,Sikkim,1,Male,15,50-54 years,494,Stroke,91,Lead exposure,1,Number,2016,2.295225822,5.910676801,-0.373067819
1,All Population,3,YLDs (Years Lived with Disability),4869,Sikkim,2,Female,15,50-54 years,494,Stroke,91,Lead exposure,1,Number,2016,1.485110617,3.798544043,-0.192235335
1,All Population,3,YLDs (Years Lived with Disability),4849,Delhi,1,Male,15,50-54 years,494,Stroke,380,Particulate matter pollution,1,Number,2016,330.9443167,532.6908735,184.9996162
1,All Population,3,YLDs (Years Lived with Disability),4849,Delhi,2,Female,15,50-54 years,494,Stroke,380,Particulate matter pollution,1,Number,2016,338.099693,509.5123618,175.3232881
1,All Population,3,YLDs (Years Lived with Disability),4849,Delhi,1,Male,15,50-54 years,498,Hypertensive heart disease,91,Lead exposure,1,Number,2016,2.404808918,6.462611762,0
1,All Population,3,YLDs (Years Lived with Disability),4849,Delhi,2,Female,15,50-54 years,498,Hypertensive heart disease,91,Lead exposure,1,Number,2016,3.009555159,9.268297577,0
1,All Population,3,YLDs (Years Lived with Disability),4852,Haryana,1,Male,15,50-54 years,494,Stroke,380,Particulate matter pollution,1,Number,2016,624.4733413,1000.70249,371.1076341
1,All Population,3,YLDs (Years Lived with Disability),4852,Haryana,2,Female,15,50-54 years,494,Stroke,380,Particulate matter pollution,1,Number,2016,563.0222784,844.5891174,340.8340972
1,All Population,3,YLDs (Years Lived with Disability),4843,Assam,1,Male,15,50-54 years,494,Stroke,380,Particulate matter pollution,1,Number,2016,921.9434847,1391.185192,512.0569818
1,All Population,3,YLDs (Years Lived with Disability),4843,Assam,2,Female,15,50-54 years,494,Stroke,380,Particulate matter pollution,1,Number,2016,605.7893677,921.5292833,357.2089154
1,All Population,3,YLDs (Years Lived with Disability),4852,Haryana,1,Male,15,50-54 years,500,Atrial fibrillation and flutter,91,Lead exposure,1,Number,2016,6.331140221,19.07485747,-0.913872742
1,All Population,3,YLDs (Years Lived with Disability),4852,Haryana,2,Female,15,50-54 years,500,Atrial fibrillation and flutter,91,Lead exposure,1,Number,2016,4.326261235,13.61757872,-0.581446054
1,All Population,3,YLDs (Years Lived with Disability),4871,Telangana,1,Male,15,50-54 years,493,Ischemic heart disease,91,Lead exposure,1,Number,2016,494.3217332,737.9374494,294.2987917
1,All Population,3,YLDs (Years Lived with Disability),4871,Telangana,2,Female,15,50-54 years,493,Ischemic heart disease,91,Lead exposure,1,Number,2016,280.570887,407.3675383,164.2538699
1,All Population,3,YLDs (Years Lived with Disability),4844,Bihar,1,Male,15,50-54 years,494,Stroke,380,Particulate matter pollution,1,Number,2016,1593.042331,2370.574483,848.8875515
1,All Population,3,YLDs (Years Lived with Disability),4844,Bihar,2,Female,15,50-54 years,494,Stroke,380,Particulate matter pollution,1,Number,2016,1454.27849,2130.186458,826.7276506
1,All Population,3,YLDs (Years Lived with Disability),4843,Assam,1,Male,15,50-54 years,498,Hypertensive heart disease,91,Lead exposure,1,Number,2016,8.998277756,22.93068535,0
1,All Population,3,YLDs (Years Lived with Disability),4843,Assam,2,Female,15,50-54 years,498,Hypertensive heart disease,91,Lead exposure,1,Number,2016,9.167642675,23.00506774,0
1,All Population,3,YLDs (Years Lived with Disability),4865,Odisha,1,Male,15,50-54 years,494,Stroke,380,Particulate matter pollution,1,Number,2016,1133.702574,1745.787171,634.7058328
1,All Population,3,YLDs (Years Lived with Disability),4865,Odisha,2,Female,15,50-54 years,494,Stroke,380,Particulate matter pollution,1,Number,2016,966.2628019,1429.155479,552.1696403
1,All Population,3,YLDs (Years Lived with Disability),4867,Punjab,1,Male,15,50-54 years,493,Ischemic heart disease,380,Particulate matter pollution,1,Number,2016,587.2283379,887.3439345,346.8278811
1,All Population,3,YLDs (Years Lived with Disability),4867,Punjab,2,Female,15,50-54 years,493,Ischemic heart disease,380,Particulate matter pollution,1,Number,2016,384.886923,565.5667248,231.0338759
1,All Population,3,YLDs (Years Lived with Disability),4867,Punjab,1,Male,15,50-54 years,494,Stroke,91,Lead exposure,1,Number,2016,81.94041133,202.0899488,-13.67849959
1,All Population,3,YLDs (Years Lived with Disability),4867,Punjab,2,Female,15,50-54 years,494,Stroke,91,Lead exposure,1,Number,2016,63.33149371,157.5458884,-9.404661159
1,All Population,3,YLDs (Years Lived with Disability),4844,Bihar,1,Male,15,50-54 years,500,Atrial fibrillation and flutter,91,Lead exposure,1,Number,2016,24.669993,84.08613009,-2.557969727
1,All Population,3,YLDs (Years Lived with Disability),4844,Bihar,2,Female,15,50-54 years,500,Atrial fibrillation and flutter,91,Lead exposure,1,Number,2016,16.72486257,51.46434983,-2.540627494
1,All Population,3,YLDs (Years Lived with Disability),4856,Karnataka,1,Male,15,50-54 years,500,Atrial fibrillation and flutter,91,Lead exposure,1,Number,2016,22.26090943,70.003823,-2.641913192
1,All Population,3,YLDs (Years Lived with Disability),4856,Karnataka,2,Female,15,50-54 years,500,Atrial fibrillation and flutter,91,Lead exposure,1,Number,2016,17.57970909,54.15588008,-2.437781212
1,All Population,3,YLDs (Years Lived with Disability),4865,Odisha,1,Male,15,50-54 years,500,Atrial fibrillation and flutter,91,Lead exposure,1,Number,2016,11.89880015,38.02006534,-1.655403002
1,All Population,3,YLDs (Years Lived with Disability),4865,Odisha,2,Female,15,50-54 years,500,Atrial fibrillation and flutter,91,Lead exposure,1,Number,2016,8.795320056,29.70578949,-1.166277458
1,All Population,3,YLDs (Years Lived with Disability),4867,Punjab,1,Male,15,50-54 years,498,Hypertensive heart disease,91,Lead exposure,1,Number,2016,3.092053573,8.420527146,0
1,All Population,3,YLDs (Years Lived with Disability),4867,Punjab,2,Female,15,50-54 years,498,Hypertensive heart disease,91,Lead exposure,1,Number,2016,4.479852258,10.80918656,0
1,All Population,3,YLDs (Years Lived with Disability),4843,Assam,1,Male,15,50-54 years,493,Ischemic heart disease,91,Lead exposure,1,Number,2016,301.1769401,456.271139,174.3994858
1,All Population,3,YLDs (Years Lived with Disability),4843,Assam,2,Female,15,50-54 years,493,Ischemic heart disease,91,Lead exposure,1,Number,2016,171.2961026,250.6332632,99.64656595
1,All Population,3,YLDs (Years Lived with Disability),44538,Other Union Territories,1,Male,15,50-54 years,494,Stroke,91,Lead exposure,1,Number,2016,11.9239404,30.50337709,-2.825299594
1,All Population,3,YLDs (Years Lived with Disability),44538,Other Union Territories,2,Female,15,50-54 years,494,Stroke,91,Lead exposure,1,Number,2016,9.202540806,23.26690635,-1.641661485
1,All Population,3,YLDs (Years Lived with Disability),44538,Other Union Territories,1,Male,15,50-54 years,498,Hypertensive heart disease,91,Lead exposure,1,Number,2016,0.667225369,1.66852673,0
1,All Population,3,YLDs (Years Lived with Disability),44538,Other Union Territories,2,Female,15,50-54 years,498,Hypertensive heart disease,91,Lead exposure,1,Number,2016,1.058693655,2.643207436,0
1,All Population,3,YLDs (Years Lived with Disability),4865,Odisha,1,Male,15,50-54 years,502,Lower extremity peripheral arterial disease,91,Lead exposure,1,Number,2016,0.113042814,0.459289835,-0.015249946
1,All Population,3,YLDs (Years Lived with Disability),4865,Odisha,2,Female,15,50-54 years,502,Lower extremity peripheral arterial disease,91,Lead exposure,1,Number,2016,0.130006859,0.492876312,-0.015885379
1,All Population,3,YLDs (Years Lived with Disability),4856,Karnataka,1,Male,15,50-54 years,493,Ischemic heart disease,380,Particulate matter pollution,1,Number,2016,956.5522616,1471.426981,554.3982534
1,All Population,3,YLDs (Years Lived with Disability),4856,Karnataka,2,Female,15,50-54 years,493,Ischemic heart disease,380,Particulate matter pollution,1,Number,2016,626.7817435,936.3783359,368.7561332
1,All Population,3,YLDs (Years Lived with Disability),4854,Jammu & Kashmir and Ladakh,1,Male,15,50-54 years,493,Ischemic heart disease,380,Particulate matter pollution,1,Number,2016,156.3890726,236.8653227,90.2646283
1,All Population,3,YLDs (Years Lived with Disability),4854,Jammu & Kashmir and Ladakh,2,Female,15,50-54 years,493,Ischemic heart disease,380,Particulate matter pollution,1,Number,2016,102.3026005,152.6234474,59.52387456
1,All Population,3,YLDs (Years Lived with Disability),4854,Jammu & Kashmir and Ladakh,1,Male,15,50-54 years,494,Stroke,91,Lead exposure,1,Number,2016,30.10167676,75.51571715,-5.018297751
1,All Population,3,YLDs (Years Lived with Disability),4854,Jammu & Kashmir and Ladakh,2,Female,15,50-54 years,494,Stroke,91,Lead exposure,1,Number,2016,22.08265565,52.88718257,-3.495140537
1,All Population,3,YLDs (Years Lived with Disability),4861,Manipur,1,Male,15,50-54 years,493,Ischemic heart disease,91,Lead exposure,1,Number,2016,30.67049726,45.39113066,18.61661823
1,All Population,3,YLDs (Years Lived with Disability),4861,Manipur,2,Female,15,50-54 years,493,Ischemic heart disease,91,Lead exposure,1,Number,2016,21.03177245,30.18574161,12.31724347
1,All Population,3,YLDs (Years Lived with Disability),4856,Karnataka,1,Male,15,50-54 years,502,Lower extremity peripheral arterial disease,91,Lead exposure,1,Number,2016,0.188425015,0.611152851,-0.025284655
1,All Population,3,YLDs (Years Lived with Disability),4856,Karnataka,2,Female,15,50-54 years,502,Lower extremity peripheral arterial disease,91,Lead exposure,1,Number,2016,0.249908047,0.797746816,-0.034562468
1,All Population,3,YLDs (Years Lived with Disability),4851,Gujarat,1,Male,15,50-54 years,493,Ischemic heart disease,380,Particulate matter pollution,1,Number,2016,1072.476433,1594.778145,618.1274584
1,All Population,3,YLDs (Years Lived with Disability),4851,Gujarat,2,Female,15,50-54 years,493,Ischemic heart disease,380,Particulate matter pollution,1,Number,2016,600.7114604,904.4675023,349.7936465
1,All Population,3,YLDs (Years Lived with Disability),4851,Gujarat,1,Male,15,50-54 years,494,Stroke,91,Lead exposure,1,Number,2016,329.7017247,882.3106955,-56.57300335
1,All Population,3,YLDs (Years Lived with Disability),4851,Gujarat,2,Female,15,50-54 years,494,Stroke,91,Lead exposure,1,Number,2016,263.7485296,661.3717735,-40.48055183
1,All Population,3,YLDs (Years Lived with Disability),4868,Rajasthan,1,Male,15,50-54 years,494,Stroke,380,Particulate matter pollution,1,Number,2016,1224.38443,1826.192896,727.6541001
1,All Population,3,YLDs (Years Lived with Disability),4868,Rajasthan,2,Female,15,50-54 years,494,Stroke,380,Particulate matter pollution,1,Number,2016,1096.762468,1632.676559,654.368511
1,All Population,3,YLDs (Years Lived with Disability),4860,Maharashtra,1,Male,15,50-54 years,502,Lower extremity peripheral arterial disease,91,Lead exposure,1,Number,2016,0.259462434,0.902328634,-0.036573525
1,All Population,3,YLDs (Years Lived with Disability),4860,Maharashtra,2,Female,15,50-54 years,502,Lower extremity peripheral arterial disease,91,Lead exposure,1,Number,2016,0.309193141,0.988764835,-0.041412099
1,All Population,3,YLDs (Years Lived with Disability),4851,Gujarat,1,Male,15,50-54 years,498,Hypertensive heart disease,91,Lead exposure,1,Number,2016,11.85492892,30.42332006,0
1,All Population,3,YLDs (Years Lived with Disability),4851,Gujarat,2,Female,15,50-54 years,498,Hypertensive heart disease,91,Lead exposure,1,Number,2016,22.04509249,50.96465295,0
1,All Population,3,YLDs (Years Lived with Disability),4854,Jammu & Kashmir and Ladakh,1,Male,15,50-54 years,498,Hypertensive heart disease,91,Lead exposure,1,Number,2016,1.710262714,4.254108879,0
1,All Population,3,YLDs (Years Lived with Disability),4854,Jammu & Kashmir and Ladakh,2,Female,15,50-54 years,498,Hypertensive heart disease,91,Lead exposure,1,Number,2016,2.242612363,5.705153099,0
1,All Population,3,YLDs (Years Lived with Disability),4846,Chhattisgarh,1,Male,15,50-54 years,502,Lower extremity peripheral arterial disease,91,Lead exposure,1,Number,2016,0.065442819,0.243892816,-0.006710612
1,All Population,3,YLDs (Years Lived with Disability),4846,Chhattisgarh,2,Female,15,50-54 years,502,Lower extremity peripheral arterial disease,91,Lead exposure,1,Number,2016,0.074501224,0.254817482,-0.008531172
1,All Population,3,YLDs (Years Lived with Disability),4872,Tripura,1,Male,15,50-54 years,493,Ischemic heart disease,380,Particulate matter pollution,1,Number,2016,58.51238993,85.83891983,33.29033155
1,All Population,3,YLDs (Years Lived with Disability),4872,Tripura,2,Female,15,50-54 years,493,Ischemic heart disease,380,Particulate matter pollution,1,Number,2016,35.76544737,52.18864913,21.29362736
1,All Population,3,YLDs (Years Lived with Disability),4872,Tripura,1,Male,15,50-54 years,494,Stroke,91,Lead exposure,1,Number,2016,23.73017461,58.56744523,-3.752538309
1,All Population,3,YLDs (Years Lived with Disability),4872,Tripura,2,Female,15,50-54 years,494,Stroke,91,Lead exposure,1,Number,2016,14.28823359,34.65049933,-1.80294812
1,All Population,3,YLDs (Years Lived with Disability),4856,Karnataka,1,Male,15,50-54 years,494,Stroke,91,Lead exposure,1,Number,2016,288.4884598,778.0801962,-47.14834826
1,All Population,3,YLDs (Years Lived with Disability),4856,Karnataka,2,Female,15,50-54 years,494,Stroke,91,Lead exposure,1,Number,2016,218.4285829,577.7832008,-38.36041638
1,All Population,3,YLDs (Years Lived with Disability),4870,Tamil Nadu,1,Male,15,50-54 years,493,Ischemic heart disease,380,Particulate matter pollution,1,Number,2016,1226.823619,1828.397542,758.6670208
1,All Population,3,YLDs (Years Lived with Disability),4870,Tamil Nadu,2,Female,15,50-54 years,493,Ischemic heart disease,380,Particulate matter pollution,1,Number,2016,705.9562935,1068.388948,412.1496352
1,All Population,3,YLDs (Years Lived with Disability),4870,Tamil Nadu,1,Male,15,50-54 years,494,Stroke,91,Lead exposure,1,Number,2016,404.6477921,1065.558896,-68.5486822
1,All Population,3,YLDs (Years Lived with Disability),4870,Tamil Nadu,2,Female,15,50-54 years,494,Stroke,91,Lead exposure,1,Number,2016,316.5556875,872.5409375,-46.34004864
1,All Population,3,YLDs (Years Lived with Disability),4874,Uttarakhand,1,Male,15,50-54 years,493,Ischemic heart disease,91,Lead exposure,1,Number,2016,160.1065009,234.6072583,94.88944361
1,All Population,3,YLDs (Years Lived with Disability),4874,Uttarakhand,2,Female,15,50-54 years,493,Ischemic heart disease,91,Lead exposure,1,Number,2016,85.20488635,126.2154085,49.86884009
1,All Population,3,YLDs (Years Lived with Disability),4841,Andhra Pradesh,1,Male,15,50-54 years,493,Ischemic heart disease,91,Lead exposure,1,Number,2016,754.5405123,1097.283393,457.9721178
1,All Population,3,YLDs (Years Lived with Disability),4841,Andhra Pradesh,2,Female,15,50-54 years,493,Ischemic heart disease,91,Lead exposure,1,Number,2016,425.3202505,622.8735646,243.3285509
1,All Population,3,YLDs (Years Lived with Disability),4857,Kerala,1,Male,15,50-54 years,493,Ischemic heart disease,91,Lead exposure,1,Number,2016,752.4470552,1128.783593,440.2167915
1,All Population,3,YLDs (Years Lived with Disability),4857,Kerala,2,Female,15,50-54 years,493,Ischemic heart disease,91,Lead exposure,1,Number,2016,374.1474345,556.4793061,216.8279904
1,All Population,3,YLDs (Years Lived with Disability),4868,Rajasthan,1,Male,15,50-54 years,500,Atrial fibrillation and flutter,91,Lead exposure,1,Number,2016,9.746966453,30.68395253,-1.469357149
1,All Population,3,YLDs (Years Lived with Disability),4868,Rajasthan,2,Female,15,50-54 years,500,Atrial fibrillation and flutter,91,Lead exposure,1,Number,2016,6.238502741,20.1825946,-0.86989896
1,All Population,3,YLDs (Years Lived with Disability),4863,Mizoram,1,Male,15,50-54 years,502,Lower extremity peripheral arterial disease,91,Lead exposure,1,Number,2016,0.002808731,0.010213617,-0.000343855
1,All Population,3,YLDs (Years Lived with Disability),4863,Mizoram,2,Female,15,50-54 years,502,Lower extremity peripheral arterial disease,91,Lead exposure,1,Number,2016,0.003406013,0.012138255,-0.000396992
1,All Population,3,YLDs (Years Lived with Disability),4851,Gujarat,1,Male,15,50-54 years,493,Ischemic heart disease,91,Lead exposure,1,Number,2016,1053.72977,1563.771548,634.8046089
1,All Population,3,YLDs (Years Lived with Disability),4851,Gujarat,2,Female,15,50-54 years,493,Ischemic heart disease,91,Lead exposure,1,Number,2016,566.8056832,817.2981798,345.2748691
1,All Population,3,YLDs (Years Lived with Disability),4870,Tamil Nadu,1,Male,15,50-54 years,498,Hypertensive heart disease,91,Lead exposure,1,Number,2016,13.55731376,32.80420225,0
1,All Population,3,YLDs (Years Lived with Disability),4870,Tamil Nadu,2,Female,15,50-54 years,498,Hypertensive heart disease,91,Lead exposure,1,Number,2016,24.04948907,54.85930406,0
1,All Population,3,YLDs (Years Lived with Disability),4841,Andhra Pradesh,1,Male,15,50-54 years,498,Hypertensive heart disease,91,Lead exposure,1,Number,2019,7.592698927,19.17869303,0
1,All Population,3,YLDs (Years Lived with Disability),4841,Andhra Pradesh,2,Female,15,50-54 years,498,Hypertensive heart disease,91,Lead exposure,1,Number,2019,14.11794042,35.41775187,0
1,All Population,3,YLDs (Years Lived with Disability),4852,Haryana,1,Male,15,50-54 years,502,Lower extremity peripheral arterial disease,91,Lead exposure,1,Number,2019,0.052865587,0.180093317,-0.005442666
1,All Population,3,YLDs (Years Lived with Disability),4852,Haryana,2,Female,15,50-54 years,502,Lower extremity peripheral arterial disease,91,Lead exposure,1,Number,2019,0.06752163,0.225009231,-0.007747898
1,All Population,3,YLDs (Years Lived with Disability),4850,Goa,1,Male,15,50-54 years,494,Stroke,380,Particulate matter pollution,1,Number,2016,25.61809994,41.44302807,13.83789054
1,All Population,3,YLDs (Years Lived with Disability),4850,Goa,2,Female,15,50-54 years,494,Stroke,380,Particulate matter pollution,1,Number,2016,25.14818084,39.22615072,14.10654247
1,All Population,3,YLDs (Years Lived with Disability),4863,Mizoram,1,Male,15,50-54 years,494,Stroke,380,Particulate matter pollution,1,Number,2016,14.22702614,22.5015055,8.033644443
1,All Population,3,YLDs (Years Lived with Disability),4863,Mizoram,2,Female,15,50-54 years,494,Stroke,380,Particulate matter pollution,1,Number,2016,12.33695754,19.00334266,6.936721245
1,All Population,3,YLDs (Years Lived with Disability),4863,Mizoram,1,Male,15,50-54 years,500,Atrial fibrillation and flutter,91,Lead exposure,1,Number,2016,0.29906132,1.029639974,-0.052448717
1,All Population,3,YLDs (Years Lived with Disability),4863,Mizoram,2,Female,15,50-54 years,500,Atrial fibrillation and flutter,91,Lead exposure,1,Number,2016,0.20085488,0.731895201,-0.041837465
1,All Population,3,YLDs (Years Lived with Disability),4841,Andhra Pradesh,1,Male,15,50-54 years,493,Ischemic heart disease,380,Particulate matter pollution,1,Number,2019,745.3044046,1108.092324,422.723238
1,All Population,3,YLDs (Years Lived with Disability),4841,Andhra Pradesh,2,Female,15,50-54 years,493,Ischemic heart disease,380,Particulate matter pollution,1,Number,2019,459.7377233,688.4804051,268.7839855
1,All Population,3,YLDs (Years Lived with Disability),4841,Andhra Pradesh,1,Male,15,50-54 years,494,Stroke,91,Lead exposure,1,Number,2019,177.269481,503.3619886,-23.79611639
1,All Population,3,YLDs (Years Lived with Disability),4841,Andhra Pradesh,2,Female,15,50-54 years,494,Stroke,91,Lead exposure,1,Number,2019,137.3722018,352.9952306,-19.13809648
1,All Population,3,YLDs (Years Lived with Disability),4849,Delhi,1,Male,15,50-54 years,493,Ischemic heart disease,91,Lead exposure,1,Number,2019,192.2920804,286.5596432,112.7656632
1,All Population,3,YLDs (Years Lived with Disability),4849,Delhi,2,Female,15,50-54 years,493,Ischemic heart disease,91,Lead exposure,1,Number,2019,104.0857951,154.0808485,63.59145307
1,All Population,3,YLDs (Years Lived with Disability),4853,Himachal Pradesh,1,Male,15,50-54 years,500,Atrial fibrillation and flutter,91,Lead exposure,1,Number,2019,2.281077709,7.988932293,-0.276183298
1,All Population,3,YLDs (Years Lived with Disability),4853,Himachal Pradesh,2,Female,15,50-54 years,500,Atrial fibrillation and flutter,91,Lead exposure,1,Number,2019,1.77592509,6.107766203,-0.209798076
1,All Population,3,YLDs (Years Lived with Disability),4860,Maharashtra,1,Male,15,50-54 years,494,Stroke,380,Particulate matter pollution,1,Number,2016,2432.436692,3905.70247,1361.702827
1,All Population,3,YLDs (Years Lived with Disability),4860,Maharashtra,2,Female,15,50-54 years,494,Stroke,380,Particulate matter pollution,1,Number,2016,1919.751059,2991.535574,1060.750144
1,All Population,3,YLDs (Years Lived with Disability),4853,Himachal Pradesh,1,Male,15,50-54 years,502,Lower extremity peripheral arterial disease,91,Lead exposure,1,Number,2019,0.018116142,0.061297782,-0.00264119
1,All Population,3,YLDs (Years Lived with Disability),4853,Himachal Pradesh,2,Female,15,50-54 years,502,Lower extremity peripheral arterial disease,91,Lead exposure,1,Number,2019,0.022414973,0.067943564,-0.003044486
1,All Population,3,YLDs (Years Lived with Disability),4860,Maharashtra,1,Male,15,50-54 years,500,Atrial fibrillation and flutter,91,Lead exposure,1,Number,2016,30.06074688,82.77376925,-4.428872026
1,All Population,3,YLDs (Years Lived with Disability),4860,Maharashtra,2,Female,15,50-54 years,500,Atrial fibrillation and flutter,91,Lead exposure,1,Number,2016,21.72598347,61.40160321,-3.03308616
1,All Population,3,YLDs (Years Lived with Disability),4850,Goa,1,Male,15,50-54 years,500,Atrial fibrillation and flutter,91,Lead exposure,1,Number,2016,0.488899365,1.703023431,-0.066462463
1,All Population,3,YLDs (Years Lived with Disability),4850,Goa,2,Female,15,50-54 years,500,Atrial fibrillation and flutter,91,Lead exposure,1,Number,2016,0.365340469,1.243045874,-0.053717117
1,All Population,3,YLDs (Years Lived with Disability),4843,Assam,1,Male,15,50-54 years,500,Atrial fibrillation and flutter,91,Lead exposure,1,Number,2016,8.370258426,27.27655716,-1.176895845
1,All Population,3,YLDs (Years Lived with Disability),4843,Assam,2,Female,15,50-54 years,500,Atrial fibrillation and flutter,91,Lead exposure,1,Number,2016,5.651884584,19.26009209,-0.809534619
1,All Population,3,YLDs (Years Lived with Disability),4843,Assam,1,Male,15,50-54 years,502,Lower extremity peripheral arterial disease,91,Lead exposure,1,Number,2016,0.073898616,0.240664925,-0.009434748
1,All Population,3,YLDs (Years Lived with Disability),4843,Assam,2,Female,15,50-54 years,502,Lower extremity peripheral arterial disease,91,Lead exposure,1,Number,2016,0.080877565,0.261182394,-0.008063828
1,All Population,3,YLDs (Years Lived with Disability),44538,Other Union Territories,1,Male,15,50-54 years,493,Ischemic heart disease,380,Particulate matter pollution,1,Number,2016,44.94626782,69.15367846,25.91606785
1,All Population,3,YLDs (Years Lived with Disability),44538,Other Union Territories,2,Female,15,50-54 years,493,Ischemic heart disease,380,Particulate matter pollution,1,Number,2016,25.64683736,38.80620809,14.61130719
1,All Population,3,YLDs (Years Lived with Disability),4867,Punjab,1,Male,15,50-54 years,493,Ischemic heart disease,91,Lead exposure,1,Number,2016,426.6012406,631.898385,251.9518998
1,All Population,3,YLDs (Years Lived with Disability),4867,Punjab,2,Female,15,50-54 years,493,Ischemic heart disease,91,Lead exposure,1,Number,2016,257.8947931,372.2545499,150.7213148
1,All Population,3,YLDs (Years Lived with Disability),4853,Himachal Pradesh,1,Male,15,50-54 years,493,Ischemic heart disease,91,Lead exposure,1,Number,2016,114.028398,169.0654933,69.29080594
1,All Population,3,YLDs (Years Lived with Disability),4853,Himachal Pradesh,2,Female,15,50-54 years,493,Ischemic heart disease,91,Lead exposure,1,Number,2016,55.7416295,81.9829969,32.82992361
1,All Population,3,YLDs (Years Lived with Disability),4842,Arunachal Pradesh,1,Male,15,50-54 years,493,Ischemic heart disease,380,Particulate matter pollution,1,Number,2019,11.08496539,17.48138314,6.246949488
1,All Population,3,YLDs (Years Lived with Disability),4842,Arunachal Pradesh,2,Female,15,50-54 years,493,Ischemic heart disease,380,Particulate matter pollution,1,Number,2019,5.706881311,8.583942815,3.355723639
1,All Population,3,YLDs (Years Lived with Disability),4842,Arunachal Pradesh,1,Male,15,50-54 years,494,Stroke,91,Lead exposure,1,Number,2019,5.210314322,13.91858534,-0.731318456
1,All Population,3,YLDs (Years Lived with Disability),4842,Arunachal Pradesh,2,Female,15,50-54 years,494,Stroke,91,Lead exposure,1,Number,2019,3.009672136,8.183764923,-0.466682585
1,All Population,3,YLDs (Years Lived with Disability),4869,Sikkim,1,Male,15,50-54 years,493,Ischemic heart disease,91,Lead exposure,1,Number,2016,7.068655876,10.26659355,4.296188523
1,All Population,3,YLDs (Years Lived with Disability),4869,Sikkim,2,Female,15,50-54 years,493,Ischemic heart disease,91,Lead exposure,1,Number,2016,3.545439056,5.297925953,2.079213992
1,All Population,3,YLDs (Years Lived with Disability),4850,Goa,1,Male,15,50-54 years,502,Lower extremity peripheral arterial disease,91,Lead exposure,1,Number,2016,0.003749289,0.014079447,-0.000400731
1,All Population,3,YLDs (Years Lived with Disability),4850,Goa,2,Female,15,50-54 years,502,Lower extremity peripheral arterial disease,91,Lead exposure,1,Number,2016,0.0047306,0.016409183,-0.00050412
1,All Population,3,YLDs (Years Lived with Disability),4842,Arunachal Pradesh,1,Male,15,50-54 years,498,Hypertensive heart disease,91,Lead exposure,1,Number,2019,0.331063013,0.878610118,0
1,All Population,3,YLDs (Years Lived with Disability),4842,Arunachal Pradesh,2,Female,15,50-54 years,498,Hypertensive heart disease,91,Lead exposure,1,Number,2019,0.457841245,1.222907172,0
1,All Population,3,YLDs (Years Lived with Disability),4841,Andhra Pradesh,1,Male,15,50-54 years,502,Lower extremity peripheral arterial disease,91,Lead exposure,1,Number,2016,0.117557238,0.398722034,-0.013863973
1,All Population,3,YLDs (Years Lived with Disability),4841,Andhra Pradesh,2,Female,15,50-54 years,502,Lower extremity peripheral arterial disease,91,Lead exposure,1,Number,2016,0.145291332,0.534739951,-0.016099386
1,All Population,3,YLDs (Years Lived with Disability),4857,Kerala,1,Male,15,50-54 years,494,Stroke,91,Lead exposure,1,Number,2019,209.6727101,499.089435,-31.01021684
1,All Population,3,YLDs (Years Lived with Disability),4857,Kerala,2,Female,15,50-54 years,494,Stroke,91,Lead exposure,1,Number,2019,176.4235316,444.1653957,-26.72701445
1,All Population,3,YLDs (Years Lived with Disability),4857,Kerala,1,Male,15,50-54 years,498,Hypertensive heart disease,91,Lead exposure,1,Number,2019,5.998498558,15.55285782,0
1,All Population,3,YLDs (Years Lived with Disability),4857,Kerala,2,Female,15,50-54 years,498,Hypertensive heart disease,91,Lead exposure,1,Number,2019,15.50551126,37.51576745,0
1,All Population,3,YLDs (Years Lived with Disability),4871,Telangana,1,Male,15,50-54 years,502,Lower extremity peripheral arterial disease,91,Lead exposure,1,Number,2016,0.080909771,0.27467097,-0.008396107
1,All Population,3,YLDs (Years Lived with Disability),4871,Telangana,2,Female,15,50-54 years,502,Lower extremity peripheral arterial disease,91,Lead exposure,1,Number,2016,0.094168688,0.333104127,-0.011217133
1,All Population,3,YLDs (Years Lived with Disability),4850,Goa,1,Male,15,50-54 years,493,Ischemic heart disease,91,Lead exposure,1,Number,2019,22.35827236,33.76172143,13.63857576
1,All Population,3,YLDs (Years Lived with Disability),4850,Goa,2,Female,15,50-54 years,493,Ischemic heart disease,91,Lead exposure,1,Number,2019,13.56750352,20.52690227,8.18936811
1,All Population,3,YLDs (Years Lived with Disability),4851,Gujarat,1,Male,15,50-54 years,502,Lower extremity peripheral arterial disease,91,Lead exposure,1,Number,2019,0.177334924,0.626449254,-0.016759717
1,All Population,3,YLDs (Years Lived with Disability),4851,Gujarat,2,Female,15,50-54 years,502,Lower extremity peripheral arterial disease,91,Lead exposure,1,Number,2019,0.238649863,0.760287953,-0.029015415
1,All Population,3,YLDs (Years Lived with Disability),4854,Jammu & Kashmir and Ladakh,1,Male,15,50-54 years,494,Stroke,380,Particulate matter pollution,1,Number,2019,172.8659831,272.6133368,97.64916814
1,All Population,3,YLDs (Years Lived with Disability),4854,Jammu & Kashmir and Ladakh,2,Female,15,50-54 years,494,Stroke,380,Particulate matter pollution,1,Number,2019,145.1681252,235.5471205,77.8772777
1,All Population,3,YLDs (Years Lived with Disability),4856,Karnataka,1,Male,15,50-54 years,493,Ischemic heart disease,91,Lead exposure,1,Number,2016,1030.922088,1578.105295,633.1819906
1,All Population,3,YLDs (Years Lived with Disability),4856,Karnataka,2,Female,15,50-54 years,493,Ischemic heart disease,91,Lead exposure,1,Number,2016,649.2792281,910.0244914,395.571477
1,All Population,3,YLDs (Years Lived with Disability),4873,Uttar Pradesh,1,Male,15,50-54 years,494,Stroke,380,Particulate matter pollution,1,Number,2016,4268.813687,6614.55978,2380.770169
1,All Population,3,YLDs (Years Lived with Disability),4873,Uttar Pradesh,2,Female,15,50-54 years,494,Stroke,380,Particulate matter pollution,1,Number,2016,4632.872661,6990.311481,2675.654145
1,All Population,3,YLDs (Years Lived with Disability),4842,Arunachal Pradesh,1,Male,15,50-54 years,494,Stroke,380,Particulate matter pollution,1,Number,2016,20.87793149,32.88790672,11.35982434
1,All Population,3,YLDs (Years Lived with Disability),4842,Arunachal Pradesh,2,Female,15,50-54 years,494,Stroke,380,Particulate matter pollution,1,Number,2016,14.74349849,22.54075105,8.027459119
1,All Population,3,YLDs (Years Lived with Disability),4854,Jammu & Kashmir and Ladakh,1,Male,15,50-54 years,500,Atrial fibrillation and flutter,91,Lead exposure,1,Number,2019,2.608614885,7.829089199,-0.4087942
1,All Population,3,YLDs (Years Lived with Disability),4854,Jammu & Kashmir and Ladakh,2,Female,15,50-54 years,500,Atrial fibrillation and flutter,91,Lead exposure,1,Number,2019,1.863027891,5.544251783,-0.295884425
1,All Population,3,YLDs (Years Lived with Disability),4872,Tripura,1,Male,15,50-54 years,493,Ischemic heart disease,91,Lead exposure,1,Number,2016,48.06685224,68.57660518,29.62445318
1,All Population,3,YLDs (Years Lived with Disability),4872,Tripura,2,Female,15,50-54 years,493,Ischemic heart disease,91,Lead exposure,1,Number,2016,26.8218851,39.4659042,16.56203895
1,All Population,3,YLDs (Years Lived with Disability),4842,Arunachal Pradesh,1,Male,15,50-54 years,494,Stroke,380,Particulate matter pollution,1,Number,2017,20.96046046,33.71146394,11.60781034
1,All Population,3,YLDs (Years Lived with Disability),4842,Arunachal Pradesh,2,Female,15,50-54 years,494,Stroke,380,Particulate matter pollution,1,Number,2017,15.104639,22.66469118,7.698606835
1,All Population,3,YLDs (Years Lived with Disability),4873,Uttar Pradesh,1,Male,15,50-54 years,500,Atrial fibrillation and flutter,91,Lead exposure,1,Number,2016,48.51371491,153.0818668,-5.724765359
1,All Population,3,YLDs (Years Lived with Disability),4873,Uttar Pradesh,2,Female,15,50-54 years,500,Atrial fibrillation and flutter,91,Lead exposure,1,Number,2016,35.23401428,120.2398823,-3.848631406
1,All Population,3,YLDs (Years Lived with Disability),4855,Jharkhand,1,Male,15,50-54 years,502,Lower extremity peripheral arterial disease,91,Lead exposure,1,Number,2016,0.068321348,0.239661192,-0.006931739
1,All Population,3,YLDs (Years Lived with Disability),4855,Jharkhand,2,Female,15,50-54 years,502,Lower extremity peripheral arterial disease,91,Lead exposure,1,Number,2016,0.077279419,0.254756653,-0.010104032
1,All Population,3,YLDs (Years Lived with Disability),4855,Jharkhand,1,Male,15,50-54 years,494,Stroke,380,Particulate matter pollution,1,Number,2019,642.8525883,999.182275,380.3513716
1,All Population,3,YLDs (Years Lived with Disability),4855,Jharkhand,2,Female,15,50-54 years,494,Stroke,380,Particulate matter pollution,1,Number,2019,733.3272759,1092.126302,429.6798295
1,All Population,3,YLDs (Years Lived with Disability),4873,Uttar Pradesh,1,Male,15,50-54 years,502,Lower extremity peripheral arterial disease,91,Lead exposure,1,Number,2016,0.532293101,1.837470322,-0.053361787
1,All Population,3,YLDs (Years Lived with Disability),4873,Uttar Pradesh,2,Female,15,50-54 years,502,Lower extremity peripheral arterial disease,91,Lead exposure,1,Number,2016,0.600267344,1.906594492,-0.076978423
1,All Population,3,YLDs (Years Lived with Disability),4855,Jharkhand,1,Male,15,50-54 years,500,Atrial fibrillation and flutter,91,Lead exposure,1,Number,2019,8.151886664,23.55829643,-1.030355028
1,All Population,3,YLDs (Years Lived with Disability),4855,Jharkhand,2,Female,15,50-54 years,500,Atrial fibrillation and flutter,91,Lead exposure,1,Number,2019,5.79012176,19.55126159,-0.848344994
1,All Population,3,YLDs (Years Lived with Disability),4860,Maharashtra,1,Male,15,50-54 years,493,Ischemic heart disease,91,Lead exposure,1,Number,2016,1360.237283,2004.161757,852.0298024
1,All Population,3,YLDs (Years Lived with Disability),4860,Maharashtra,2,Female,15,50-54 years,493,Ischemic heart disease,91,Lead exposure,1,Number,2016,761.5513668,1093.796117,454.3405866
1,All Population,3,YLDs (Years Lived with Disability),4860,Maharashtra,1,Male,15,50-54 years,493,Ischemic heart disease,380,Particulate matter pollution,1,Number,2019,1353.624498,2037.900596,763.2511374
1,All Population,3,YLDs (Years Lived with Disability),4860,Maharashtra,2,Female,15,50-54 years,493,Ischemic heart disease,380,Particulate matter pollution,1,Number,2019,871.7620657,1271.282401,502.6389906
1,All Population,3,YLDs (Years Lived with Disability),4860,Maharashtra,1,Male,15,50-54 years,494,Stroke,91,Lead exposure,1,Number,2019,519.7091982,1421.510888,-77.04446466
1,All Population,3,YLDs (Years Lived with Disability),4860,Maharashtra,2,Female,15,50-54 years,494,Stroke,91,Lead exposure,1,Number,2019,362.8429042,971.5400853,-51.5000972
1,All Population,3,YLDs (Years Lived with Disability),4842,Arunachal Pradesh,1,Male,15,50-54 years,500,Atrial fibrillation and flutter,91,Lead exposure,1,Number,2016,0.370832901,1.296033875,-0.053548798
1,All Population,3,YLDs (Years Lived with Disability),4842,Arunachal Pradesh,2,Female,15,50-54 years,500,Atrial fibrillation and flutter,91,Lead exposure,1,Number,2016,0.215002679,0.753512079,-0.027658821
1,All Population,3,YLDs (Years Lived with Disability),4864,Nagaland,1,Male,15,50-54 years,493,Ischemic heart disease,91,Lead exposure,1,Number,2019,13.20516156,19.13584553,7.924214953
1,All Population,3,YLDs (Years Lived with Disability),4864,Nagaland,2,Female,15,50-54 years,493,Ischemic heart disease,91,Lead exposure,1,Number,2019,7.996514072,11.86287655,4.541964904
1,All Population,3,YLDs (Years Lived with Disability),4873,Uttar Pradesh,1,Male,15,50-54 years,494,Stroke,91,Lead exposure,1,Number,2019,889.1906136,2208.633333,-109.717615
1,All Population,3,YLDs (Years Lived with Disability),4873,Uttar Pradesh,2,Female,15,50-54 years,494,Stroke,91,Lead exposure,1,Number,2019,807.6180775,2022.972718,-103.8704084
1,All Population,3,YLDs (Years Lived with Disability),4844,Bihar,1,Male,15,50-54 years,498,Hypertensive heart disease,91,Lead exposure,1,Number,2017,24.87653082,70.51102255,0
1,All Population,3,YLDs (Years Lived with Disability),4844,Bihar,2,Female,15,50-54 years,498,Hypertensive heart disease,91,Lead exposure,1,Number,2017,29.10994434,77.52152154,0
1,All Population,3,YLDs (Years Lived with Disability),4860,Maharashtra,1,Male,15,50-54 years,498,Hypertensive heart disease,91,Lead exposure,1,Number,2019,20.41923601,52.10434562,0
1,All Population,3,YLDs (Years Lived with Disability),4860,Maharashtra,2,Female,15,50-54 years,498,Hypertensive heart disease,91,Lead exposure,1,Number,2019,40.0279316,96.73590574,0
1,All Population,3,YLDs (Years Lived with Disability),4862,Meghalaya,1,Male,15,50-54 years,493,Ischemic heart disease,380,Particulate matter pollution,1,Number,2016,23.02937908,35.925652,12.99872072
1,All Population,3,YLDs (Years Lived with Disability),4862,Meghalaya,2,Female,15,50-54 years,493,Ischemic heart disease,380,Particulate matter pollution,1,Number,2016,15.88809866,24.10319842,9.737639969
1,All Population,3,YLDs (Years Lived with Disability),4862,Meghalaya,1,Male,15,50-54 years,494,Stroke,91,Lead exposure,1,Number,2016,9.029143295,23.77647644,-1.492400151
1,All Population,3,YLDs (Years Lived with Disability),4862,Meghalaya,2,Female,15,50-54 years,494,Stroke,91,Lead exposure,1,Number,2016,6.49483068,17.57644056,-0.831839716
1,All Population,3,YLDs (Years Lived with Disability),4873,Uttar Pradesh,1,Male,15,50-54 years,498,Hypertensive heart disease,91,Lead exposure,1,Number,2019,51.86472096,144.1168729,0
1,All Population,3,YLDs (Years Lived with Disability),4873,Uttar Pradesh,2,Female,15,50-54 years,498,Hypertensive heart disease,91,Lead exposure,1,Number,2019,70.82708182,206.3741387,0
1,All Population,3,YLDs (Years Lived with Disability),4850,Goa,1,Male,15,50-54 years,494,Stroke,91,Lead exposure,1,Number,2016,6.253581293,16.34455179,-1.092644981
1,All Population,3,YLDs (Years Lived with Disability),4850,Goa,2,Female,15,50-54 years,494,Stroke,91,Lead exposure,1,Number,2016,5.156185846,13.81468048,-0.717869749
1,All Population,3,YLDs (Years Lived with Disability),4862,Meghalaya,1,Male,15,50-54 years,498,Hypertensive heart disease,91,Lead exposure,1,Number,2016,0.654503896,1.577276618,0
1,All Population,3,YLDs (Years Lived with Disability),4862,Meghalaya,2,Female,15,50-54 years,498,Hypertensive heart disease,91,Lead exposure,1,Number,2016,0.92192353,2.27967767,0
1,All Population,3,YLDs (Years Lived with Disability),4849,Delhi,1,Male,15,50-54 years,493,Ischemic heart disease,380,Particulate matter pollution,1,Number,2016,295.3235178,462.3525907,175.8646961
1,All Population,3,YLDs (Years Lived with Disability),4849,Delhi,2,Female,15,50-54 years,493,Ischemic heart disease,380,Particulate matter pollution,1,Number,2016,178.0055309,281.6208506,100.5982651
1,All Population,3,YLDs (Years Lived with Disability),4849,Delhi,1,Male,15,50-54 years,494,Stroke,91,Lead exposure,1,Number,2016,43.66987775,117.241476,-4.731619044
1,All Population,3,YLDs (Years Lived with Disability),4849,Delhi,2,Female,15,50-54 years,494,Stroke,91,Lead exposure,1,Number,2016,36.49185609,98.85746544,-3.359640494
1,All Population,3,YLDs (Years Lived with Disability),4875,West Bengal,1,Male,15,50-54 years,493,Ischemic heart disease,380,Particulate matter pollution,1,Number,2019,1585.391914,2457.332206,928.9206919
1,All Population,3,YLDs (Years Lived with Disability),4875,West Bengal,2,Female,15,50-54 years,493,Ischemic heart disease,380,Particulate matter pollution,1,Number,2019,1112.67645,1601.375703,648.6562866
1,All Population,3,YLDs (Years Lived with Disability),4875,West Bengal,1,Male,15,50-54 years,494,Stroke,91,Lead exposure,1,Number,2019,585.4345798,1440.487119,-81.6917975
1,All Population,3,YLDs (Years Lived with Disability),4875,West Bengal,2,Female,15,50-54 years,494,Stroke,91,Lead exposure,1,Number,2019,482.3205609,1209.229384,-63.2138252
1,All Population,3,YLDs (Years Lived with Disability),4868,Rajasthan,1,Male,15,50-54 years,493,Ischemic heart disease,380,Particulate matter pollution,1,Number,2016,1236.660995,1836.902351,711.1954678
1,All Population,3,YLDs (Years Lived with Disability),4868,Rajasthan,2,Female,15,50-54 years,493,Ischemic heart disease,380,Particulate matter pollution,1,Number,2016,665.2915765,974.0651308,384.893754
1,All Population,3,YLDs (Years Lived with Disability),4868,Rajasthan,1,Male,15,50-54 years,494,Stroke,91,Lead exposure,1,Number,2016,124.7133936,313.9038474,-17.31723535
1,All Population,3,YLDs (Years Lived with Disability),4868,Rajasthan,2,Female,15,50-54 years,494,Stroke,91,Lead exposure,1,Number,2016,81.84271904,208.4167661,-11.45370817
1,All Population,3,YLDs (Years Lived with Disability),4875,West Bengal,1,Male,15,50-54 years,498,Hypertensive heart disease,91,Lead exposure,1,Number,2019,18.65131337,47.33271204,0
1,All Population,3,YLDs (Years Lived with Disability),4875,West Bengal,2,Female,15,50-54 years,498,Hypertensive heart disease,91,Lead exposure,1,Number,2019,28.7576801,67.78536579,0
1,All Population,3,YLDs (Years Lived with Disability),4852,Haryana,1,Male,15,50-54 years,493,Ischemic heart disease,380,Particulate matter pollution,1,Number,2016,439.1486662,662.8286805,256.3675274
1,All Population,3,YLDs (Years Lived with Disability),4852,Haryana,2,Female,15,50-54 years,493,Ischemic heart disease,380,Particulate matter pollution,1,Number,2016,235.7930579,356.289597,135.5797847
1,All Population,3,YLDs (Years Lived with Disability),4857,Kerala,1,Male,15,50-54 years,494,Stroke,380,Particulate matter pollution,1,Number,2016,922.9239559,1472.423821,502.6019331
1,All Population,3,YLDs (Years Lived with Disability),4857,Kerala,2,Female,15,50-54 years,494,Stroke,380,Particulate matter pollution,1,Number,2016,882.2662277,1374.406766,473.432151
1,All Population,3,YLDs (Years Lived with Disability),4842,Arunachal Pradesh,1,Male,15,50-54 years,500,Atrial fibrillation and flutter,91,Lead exposure,1,Number,2017,0.37352373,1.19774046,-0.052791056
1,All Population,3,YLDs (Years Lived with Disability),4842,Arunachal Pradesh,2,Female,15,50-54 years,500,Atrial fibrillation and flutter,91,Lead exposure,1,Number,2017,0.228033953,0.831427763,-0.033220592
1,All Population,3,YLDs (Years Lived with Disability),4857,Kerala,1,Male,15,50-54 years,500,Atrial fibrillation and flutter,91,Lead exposure,1,Number,2016,11.83915952,36.76526614,-1.730020975
1,All Population,3,YLDs (Years Lived with Disability),4857,Kerala,2,Female,15,50-54 years,500,Atrial fibrillation and flutter,91,Lead exposure,1,Number,2016,10.20187712,32.91799166,-1.44689889
1,All Population,3,YLDs (Years Lived with Disability),4868,Rajasthan,1,Male,15,50-54 years,498,Hypertensive heart disease,91,Lead exposure,1,Number,2016,7.202543744,17.8971917,0
1,All Population,3,YLDs (Years Lived with Disability),4868,Rajasthan,2,Female,15,50-54 years,498,Hypertensive heart disease,91,Lead exposure,1,Number,2016,11.43395391,29.27525299,0
1,All Population,3,YLDs (Years Lived with Disability),4869,Sikkim,1,Male,15,50-54 years,500,Atrial fibrillation and flutter,91,Lead exposure,1,Number,2019,0.188291363,0.624492037,-0.020963241
1,All Population,3,YLDs (Years Lived with Disability),4869,Sikkim,2,Female,15,50-54 years,500,Atrial fibrillation and flutter,91,Lead exposure,1,Number,2019,0.121480687,0.410251154,-0.01351227
1,All Population,3,YLDs (Years Lived with Disability),4869,Sikkim,1,Male,15,50-54 years,502,Lower extremity peripheral arterial disease,91,Lead exposure,1,Number,2019,0.00121798,0.004273092,-0.000150796
1,All Population,3,YLDs (Years Lived with Disability),4869,Sikkim,2,Female,15,50-54 years,502,Lower extremity peripheral arterial disease,91,Lead exposure,1,Number,2019,0.001114969,0.003695315,-0.000131168
1,All Population,3,YLDs (Years Lived with Disability),4857,Kerala,1,Male,15,50-54 years,502,Lower extremity peripheral arterial disease,91,Lead exposure,1,Number,2016,0.090888368,0.270918639,-0.009193401
1,All Population,3,YLDs (Years Lived with Disability),4857,Kerala,2,Female,15,50-54 years,502,Lower extremity peripheral arterial disease,91,Lead exposure,1,Number,2016,0.129185097,0.414527417,-0.019104046
1,All Population,3,YLDs (Years Lived with Disability),4850,Goa,1,Male,15,50-54 years,498,Hypertensive heart disease,91,Lead exposure,1,Number,2016,0.308201644,0.738098425,0
1,All Population,3,YLDs (Years Lived with Disability),4850,Goa,2,Female,15,50-54 years,498,Hypertensive heart disease,91,Lead exposure,1,Number,2016,0.485178927,1.226711917,0
1,All Population,3,YLDs (Years Lived with Disability),4867,Punjab,1,Male,15,50-54 years,502,Lower extremity peripheral arterial disease,91,Lead exposure,1,Number,2019,0.038134427,0.123281383,-0.004066255
1,All Population,3,YLDs (Years Lived with Disability),4867,Punjab,2,Female,15,50-54 years,502,Lower extremity peripheral arterial disease,91,Lead exposure,1,Number,2019,0.060523063,0.19182991,-0.0060518
1,All Population,3,YLDs (Years Lived with Disability),4855,Jharkhand,1,Male,15,50-54 years,502,Lower extremity peripheral arterial disease,91,Lead exposure,1,Number,2017,0.065892725,0.222015337,-0.008293475
1,All Population,3,YLDs (Years Lived with Disability),4855,Jharkhand,2,Female,15,50-54 years,502,Lower extremity peripheral arterial disease,91,Lead exposure,1,Number,2017,0.077513536,0.26176662,-0.01025235
1,All Population,3,YLDs (Years Lived with Disability),4846,Chhattisgarh,1,Male,15,50-54 years,493,Ischemic heart disease,91,Lead exposure,1,Number,2019,329.4745115,485.852883,196.5196865
1,All Population,3,YLDs (Years Lived with Disability),4846,Chhattisgarh,2,Female,15,50-54 years,493,Ischemic heart disease,91,Lead exposure,1,Number,2019,180.5875504,259.3512462,107.7473941
1,All Population,3,YLDs (Years Lived with Disability),4852,Haryana,1,Male,15,50-54 years,494,Stroke,91,Lead exposure,1,Number,2016,102.0149589,250.7110635,-13.18773082
1,All Population,3,YLDs (Years Lived with Disability),4852,Haryana,2,Female,15,50-54 years,494,Stroke,91,Lead exposure,1,Number,2016,75.98461463,192.6722051,-9.926066642
1,All Population,3,YLDs (Years Lived with Disability),4857,Kerala,1,Male,15,50-54 years,502,Lower extremity peripheral arterial disease,91,Lead exposure,1,Number,2017,0.091209842,0.276455711,-0.012208202
1,All Population,3,YLDs (Years Lived with Disability),4857,Kerala,2,Female,15,50-54 years,502,Lower extremity peripheral arterial disease,91,Lead exposure,1,Number,2017,0.126930872,0.431353028,-0.016495325
1,All Population,3,YLDs (Years Lived with Disability),4871,Telangana,1,Male,15,50-54 years,494,Stroke,380,Particulate matter pollution,1,Number,2019,519.4513698,797.8308119,300.6854076
1,All Population,3,YLDs (Years Lived with Disability),4871,Telangana,2,Female,15,50-54 years,494,Stroke,380,Particulate matter pollution,1,Number,2019,444.7527362,701.0569312,246.60356
1,All Population,3,YLDs (Years Lived with Disability),4844,Bihar,1,Male,15,50-54 years,493,Ischemic heart disease,380,Particulate matter pollution,1,Number,2016,1112.302119,1704.825058,646.9681556
1,All Population,3,YLDs (Years Lived with Disability),4844,Bihar,2,Female,15,50-54 years,493,Ischemic heart disease,380,Particulate matter pollution,1,Number,2016,722.1448205,1086.628006,394.5388059
1,All Population,3,YLDs (Years Lived with Disability),4844,Bihar,1,Male,15,50-54 years,494,Stroke,91,Lead exposure,1,Number,2016,292.4499287,761.1790374,-52.44314869
1,All Population,3,YLDs (Years Lived with Disability),4844,Bihar,2,Female,15,50-54 years,494,Stroke,91,Lead exposure,1,Number,2016,230.5940934,614.8289352,-34.07861194
1,All Population,3,YLDs (Years Lived with Disability),4864,Nagaland,1,Male,15,50-54 years,493,Ischemic heart disease,380,Particulate matter pollution,1,Number,2016,16.15978919,24.40704371,9.528701062
1,All Population,3,YLDs (Years Lived with Disability),4864,Nagaland,2,Female,15,50-54 years,493,Ischemic heart disease,380,Particulate matter pollution,1,Number,2016,10.59610968,15.72149731,5.92699225
1,All Population,3,YLDs (Years Lived with Disability),4864,Nagaland,1,Male,15,50-54 years,494,Stroke,91,Lead exposure,1,Number,2016,8.075420324,21.33534537,-1.218293191
1,All Population,3,YLDs (Years Lived with Disability),4864,Nagaland,2,Female,15,50-54 years,494,Stroke,91,Lead exposure,1,Number,2016,3.971687061,10.32948568,-0.54930051
1,All Population,3,YLDs (Years Lived with Disability),4843,Assam,1,Male,15,50-54 years,500,Atrial fibrillation and flutter,91,Lead exposure,1,Number,2017,8.489666823,27.96259967,-1.188898104
1,All Population,3,YLDs (Years Lived with Disability),4843,Assam,2,Female,15,50-54 years,500,Atrial fibrillation and flutter,91,Lead exposure,1,Number,2017,5.725282062,17.61443322,-0.91847636
1,All Population,3,YLDs (Years Lived with Disability),4843,Assam,1,Male,15,50-54 years,502,Lower extremity peripheral arterial disease,91,Lead exposure,1,Number,2017,0.073959087,0.241784384,-0.008643968
1,All Population,3,YLDs (Years Lived with Disability),4843,Assam,2,Female,15,50-54 years,502,Lower extremity peripheral arterial disease,91,Lead exposure,1,Number,2017,0.084750218,0.301411014,-0.011085453
1,All Population,3,YLDs (Years Lived with Disability),4871,Telangana,1,Male,15,50-54 years,500,Atrial fibrillation and flutter,91,Lead exposure,1,Number,2019,9.362395629,29.97714327,-1.468267995
1,All Population,3,YLDs (Years Lived with Disability),4871,Telangana,2,Female,15,50-54 years,500,Atrial fibrillation and flutter,91,Lead exposure,1,Number,2019,6.532169743,19.78384524,-0.896125866
1,All Population,3,YLDs (Years Lived with Disability),4843,Assam,1,Male,15,50-54 years,493,Ischemic heart disease,380,Particulate matter pollution,1,Number,2019,337.5067597,513.1980366,200.1435502
1,All Population,3,YLDs (Years Lived with Disability),4843,Assam,2,Female,15,50-54 years,493,Ischemic heart disease,380,Particulate matter pollution,1,Number,2019,212.4759997,325.1971645,127.0973682
1,All Population,3,YLDs (Years Lived with Disability),4843,Assam,1,Male,15,50-54 years,494,Stroke,91,Lead exposure,1,Number,2019,184.8537695,488.9820843,-27.56836936
1,All Population,3,YLDs (Years Lived with Disability),4843,Assam,2,Female,15,50-54 years,494,Stroke,91,Lead exposure,1,Number,2019,99.68626803,281.7613759,-13.47208196
1,All Population,3,YLDs (Years Lived with Disability),4850,Goa,1,Male,15,50-54 years,494,Stroke,91,Lead exposure,1,Number,2017,6.209359429,16.35066491,-1.124827032
1,All Population,3,YLDs (Years Lived with Disability),4850,Goa,2,Female,15,50-54 years,494,Stroke,91,Lead exposure,1,Number,2017,5.144377157,13.86259756,-0.784540626
1,All Population,3,YLDs (Years Lived with Disability),4865,Odisha,1,Male,15,50-54 years,494,Stroke,91,Lead exposure,1,Number,2016,197.1438042,546.4621257,-33.13545896
1,All Population,3,YLDs (Years Lived with Disability),4865,Odisha,2,Female,15,50-54 years,494,Stroke,91,Lead exposure,1,Number,2016,141.3451285,386.468271,-24.89113464
1,All Population,3,YLDs (Years Lived with Disability),4859,Madhya Pradesh,1,Male,15,50-54 years,493,Ischemic heart disease,380,Particulate matter pollution,1,Number,2019,1257.916836,1876.700414,731.1492416
1,All Population,3,YLDs (Years Lived with Disability),4859,Madhya Pradesh,2,Female,15,50-54 years,493,Ischemic heart disease,380,Particulate matter pollution,1,Number,2019,645.823772,955.3127983,383.9692386
1,All Population,3,YLDs (Years Lived with Disability),4859,Madhya Pradesh,1,Male,15,50-54 years,494,Stroke,91,Lead exposure,1,Number,2019,284.0034748,701.5656707,-53.42043356
1,All Population,3,YLDs (Years Lived with Disability),4859,Madhya Pradesh,2,Female,15,50-54 years,494,Stroke,91,Lead exposure,1,Number,2019,200.2575546,493.1337973,-36.86001322
1,All Population,3,YLDs (Years Lived with Disability),4841,Andhra Pradesh,1,Male,15,50-54 years,502,Lower extremity peripheral arterial disease,91,Lead exposure,1,Number,2017,0.11369698,0.359374097,-0.011276835
1,All Population,3,YLDs (Years Lived with Disability),4841,Andhra Pradesh,2,Female,15,50-54 years,502,Lower extremity peripheral arterial disease,91,Lead exposure,1,Number,2017,0.144814727,0.48564715,-0.016055708
1,All Population,3,YLDs (Years Lived with Disability),4859,Madhya Pradesh,1,Male,15,50-54 years,498,Hypertensive heart disease,91,Lead exposure,1,Number,2019,12.98376166,35.65509124,0
1,All Population,3,YLDs (Years Lived with Disability),4859,Madhya Pradesh,2,Female,15,50-54 years,498,Hypertensive heart disease,91,Lead exposure,1,Number,2019,26.30353673,68.49472542,0
1,All Population,3,YLDs (Years Lived with Disability),4863,Mizoram,1,Male,15,50-54 years,493,Ischemic heart disease,91,Lead exposure,1,Number,2019,7.542720822,11.05401581,4.541033547
1,All Population,3,YLDs (Years Lived with Disability),4863,Mizoram,2,Female,15,50-54 years,493,Ischemic heart disease,91,Lead exposure,1,Number,2019,4.149506085,6.081361593,2.528651922
1,All Population,3,YLDs (Years Lived with Disability),4844,Bihar,1,Male,15,50-54 years,498,Hypertensive heart disease,91,Lead exposure,1,Number,2016,23.43310028,59.40793264,0
1,All Population,3,YLDs (Years Lived with Disability),4844,Bihar,2,Female,15,50-54 years,498,Hypertensive heart disease,91,Lead exposure,1,Number,2016,29.808153,74.97353962,0
1,All Population,3,YLDs (Years Lived with Disability),4850,Goa,1,Male,15,50-54 years,498,Hypertensive heart disease,91,Lead exposure,1,Number,2017,0.320168546,0.862641544,0
1,All Population,3,YLDs (Years Lived with Disability),4850,Goa,2,Female,15,50-54 years,498,Hypertensive heart disease,91,Lead exposure,1,Number,2017,0.485570745,1.172438541,0
1,All Population,3,YLDs (Years Lived with Disability),4856,Karnataka,1,Male,15,50-54 years,493,Ischemic heart disease,91,Lead exposure,1,Number,2017,1023.441702,1536.580633,627.5982604
1,All Population,3,YLDs (Years Lived with Disability),4856,Karnataka,2,Female,15,50-54 years,493,Ischemic heart disease,91,Lead exposure,1,Number,2017,655.9896375,958.0088662,398.5668965
1,All Population,3,YLDs (Years Lived with Disability),4875,West Bengal,1,Male,15,50-54 years,494,Stroke,380,Particulate matter pollution,1,Number,2016,3485.750627,5143.566581,2033.371116
1,All Population,3,YLDs (Years Lived with Disability),4875,West Bengal,2,Female,15,50-54 years,494,Stroke,380,Particulate matter pollution,1,Number,2016,3052.099927,4646.353029,1781.772608
1,All Population,3,YLDs (Years Lived with Disability),4863,Mizoram,1,Male,15,50-54 years,494,Stroke,380,Particulate matter pollution,1,Number,2017,14.50715309,22.95922934,7.772952158
1,All Population,3,YLDs (Years Lived with Disability),4863,Mizoram,2,Female,15,50-54 years,494,Stroke,380,Particulate matter pollution,1,Number,2017,12.58958553,19.18751247,6.981706499
1,All Population,3,YLDs (Years Lived with Disability),4852,Haryana,1,Male,15,50-54 years,498,Hypertensive heart disease,91,Lead exposure,1,Number,2016,3.485597048,9.01422583,0
1,All Population,3,YLDs (Years Lived with Disability),4852,Haryana,2,Female,15,50-54 years,498,Hypertensive heart disease,91,Lead exposure,1,Number,2016,6.049185898,15.91360195,0
1,All Population,3,YLDs (Years Lived with Disability),4868,Rajasthan,1,Male,15,50-54 years,502,Lower extremity peripheral arterial disease,91,Lead exposure,1,Number,2019,0.091163762,0.291117713,-0.011029517
1,All Population,3,YLDs (Years Lived with Disability),4868,Rajasthan,2,Female,15,50-54 years,502,Lower extremity peripheral arterial disease,91,Lead exposure,1,Number,2019,0.09996687,0.303976866,-0.011361834
1,All Population,3,YLDs (Years Lived with Disability),4863,Mizoram,1,Male,15,50-54 years,500,Atrial fibrillation and flutter,91,Lead exposure,1,Number,2017,0.297892478,1.069660205,-0.042535934
1,All Population,3,YLDs (Years Lived with Disability),4863,Mizoram,2,Female,15,50-54 years,500,Atrial fibrillation and flutter,91,Lead exposure,1,Number,2017,0.200511674,0.679004097,-0.033096805
1,All Population,3,YLDs (Years Lived with Disability),4846,Chhattisgarh,1,Male,15,50-54 years,494,Stroke,380,Particulate matter pollution,1,Number,2017,833.3858022,1259.620499,483.178104
1,All Population,3,YLDs (Years Lived with Disability),4846,Chhattisgarh,2,Female,15,50-54 years,494,Stroke,380,Particulate matter pollution,1,Number,2017,635.5835174,920.4637533,376.2623493
1,All Population,3,YLDs (Years Lived with Disability),4875,West Bengal,1,Male,15,50-54 years,493,Ischemic heart disease,91,Lead exposure,1,Number,2016,1296.884941,1922.907456,761.5657513
1,All Population,3,YLDs (Years Lived with Disability),4875,West Bengal,2,Female,15,50-54 years,493,Ischemic heart disease,91,Lead exposure,1,Number,2016,810.6873201,1196.247288,494.536069
1,All Population,3,YLDs (Years Lived with Disability),4859,Madhya Pradesh,1,Male,15,50-54 years,502,Lower extremity peripheral arterial disease,91,Lead exposure,1,Number,2017,0.177909391,0.590998682,-0.020895299
1,All Population,3,YLDs (Years Lived with Disability),4859,Madhya Pradesh,2,Female,15,50-54 years,502,Lower extremity peripheral arterial disease,91,Lead exposure,1,Number,2017,0.205953377,0.683855435,-0.022155541
1,All Population,3,YLDs (Years Lived with Disability),4861,Manipur,1,Male,15,50-54 years,493,Ischemic heart disease,380,Particulate matter pollution,1,Number,2019,30.09394732,46.88042519,17.25632798
1,All Population,3,YLDs (Years Lived with Disability),4861,Manipur,2,Female,15,50-54 years,493,Ischemic heart disease,380,Particulate matter pollution,1,Number,2019,23.24627913,35.00221941,13.88790559
1,All Population,3,YLDs (Years Lived with Disability),4861,Manipur,1,Male,15,50-54 years,494,Stroke,91,Lead exposure,1,Number,2019,16.44201157,42.89998314,-2.831665956
1,All Population,3,YLDs (Years Lived with Disability),4861,Manipur,2,Female,15,50-54 years,494,Stroke,91,Lead exposure,1,Number,2019,10.38158172,27.17618358,-1.516992743
1,All Population,3,YLDs (Years Lived with Disability),4874,Uttarakhand,1,Male,15,50-54 years,493,Ischemic heart disease,380,Particulate matter pollution,1,Number,2019,191.0106122,293.1010789,106.923089
1,All Population,3,YLDs (Years Lived with Disability),4874,Uttarakhand,2,Female,15,50-54 years,493,Ischemic heart disease,380,Particulate matter pollution,1,Number,2019,110.1749756,161.1357889,65.85050248
1,All Population,3,YLDs (Years Lived with Disability),4874,Uttarakhand,1,Male,15,50-54 years,494,Stroke,91,Lead exposure,1,Number,2019,44.38051117,108.5810948,-6.987907415
1,All Population,3,YLDs (Years Lived with Disability),4874,Uttarakhand,2,Female,15,50-54 years,494,Stroke,91,Lead exposure,1,Number,2019,28.474371,71.84552795,-4.462842822
1,All Population,3,YLDs (Years Lived with Disability),4842,Arunachal Pradesh,1,Male,15,50-54 years,493,Ischemic heart disease,91,Lead exposure,1,Number,2017,12.11604944,17.51224062,7.127942959
1,All Population,3,YLDs (Years Lived with Disability),4842,Arunachal Pradesh,2,Female,15,50-54 years,493,Ischemic heart disease,91,Lead exposure,1,Number,2017,5.418034513,7.8032195,3.234933466
1,All Population,3,YLDs (Years Lived with Disability),4849,Delhi,1,Male,15,50-54 years,500,Atrial fibrillation and flutter,91,Lead exposure,1,Number,2017,3.650562351,11.04441974,-0.439149988
1,All Population,3,YLDs (Years Lived with Disability),4849,Delhi,2,Female,15,50-54 years,500,Atrial fibrillation and flutter,91,Lead exposure,1,Number,2017,2.348581342,7.443109261,-0.354480329
1,All Population,3,YLDs (Years Lived with Disability),4849,Delhi,1,Male,15,50-54 years,502,Lower extremity peripheral arterial disease,91,Lead exposure,1,Number,2017,0.030045734,0.098627646,-0.002780366
1,All Population,3,YLDs (Years Lived with Disability),4849,Delhi,2,Female,15,50-54 years,502,Lower extremity peripheral arterial disease,91,Lead exposure,1,Number,2017,0.034127955,0.120190034,-0.003210032
1,All Population,3,YLDs (Years Lived with Disability),4865,Odisha,1,Male,15,50-54 years,498,Hypertensive heart disease,91,Lead exposure,1,Number,2016,15.34139028,39.93076171,0
1,All Population,3,YLDs (Years Lived with Disability),4865,Odisha,2,Female,15,50-54 years,498,Hypertensive heart disease,91,Lead exposure,1,Number,2016,16.98402156,43.29236829,0
1,All Population,3,YLDs (Years Lived with Disability),4865,Odisha,1,Male,15,50-54 years,493,Ischemic heart disease,91,Lead exposure,1,Number,2019,398.7204752,585.2546441,236.7008141
1,All Population,3,YLDs (Years Lived with Disability),4865,Odisha,2,Female,15,50-54 years,493,Ischemic heart disease,91,Lead exposure,1,Number,2019,236.2541457,342.660112,140.0585404
1,All Population,3,YLDs (Years Lived with Disability),4856,Karnataka,1,Male,15,50-54 years,494,Stroke,380,Particulate matter pollution,1,Number,2019,1133.855067,1741.905276,610.221722
1,All Population,3,YLDs (Years Lived with Disability),4856,Karnataka,2,Female,15,50-54 years,494,Stroke,380,Particulate matter pollution,1,Number,2019,947.2585645,1462.925729,534.7280072
1,All Population,3,YLDs (Years Lived with Disability),4856,Karnataka,1,Male,15,50-54 years,498,Hypertensive heart disease,91,Lead exposure,1,Number,2019,11.16139454,30.1034109,0
1,All Population,3,YLDs (Years Lived with Disability),4856,Karnataka,2,Female,15,50-54 years,498,Hypertensive heart disease,91,Lead exposure,1,Number,2019,21.44155826,51.42484942,0
1,All Population,3,YLDs (Years Lived with Disability),4852,Haryana,1,Male,15,50-54 years,493,Ischemic heart disease,380,Particulate matter pollution,1,Number,2017,436.6947667,660.9032728,244.1494477
1,All Population,3,YLDs (Years Lived with Disability),4852,Haryana,2,Female,15,50-54 years,493,Ischemic heart disease,380,Particulate matter pollution,1,Number,2017,238.6898229,350.5179504,144.8311651
1,All Population,3,YLDs (Years Lived with Disability),4874,Uttarakhand,1,Male,15,50-54 years,498,Hypertensive heart disease,91,Lead exposure,1,Number,2019,1.572769548,4.222584898,0
1,All Population,3,YLDs (Years Lived with Disability),4874,Uttarakhand,2,Female,15,50-54 years,498,Hypertensive heart disease,91,Lead exposure,1,Number,2019,2.897565222,7.759036011,0
1,All Population,3,YLDs (Years Lived with Disability),4846,Chhattisgarh,1,Male,15,50-54 years,494,Stroke,380,Particulate matter pollution,1,Number,2016,807.6057395,1221.651654,469.5398081
1,All Population,3,YLDs (Years Lived with Disability),4846,Chhattisgarh,2,Female,15,50-54 years,494,Stroke,380,Particulate matter pollution,1,Number,2016,612.7524321,922.6275337,351.5093493
1,All Population,3,YLDs (Years Lived with Disability),4846,Chhattisgarh,1,Male,15,50-54 years,500,Atrial fibrillation and flutter,91,Lead exposure,1,Number,2017,6.994426803,21.61609298,-0.760281689
1,All Population,3,YLDs (Years Lived with Disability),4846,Chhattisgarh,2,Female,15,50-54 years,500,Atrial fibrillation and flutter,91,Lead exposure,1,Number,2017,4.79946662,13.49239982,-0.650676399
1,All Population,3,YLDs (Years Lived with Disability),4867,Punjab,1,Male,15,50-54 years,494,Stroke,380,Particulate matter pollution,1,Number,2016,577.0459491,889.9115437,321.7080618
1,All Population,3,YLDs (Years Lived with Disability),4867,Punjab,2,Female,15,50-54 years,494,Stroke,380,Particulate matter pollution,1,Number,2016,499.554057,756.3682669,272.1225847
1,All Population,3,YLDs (Years Lived with Disability),4872,Tripura,1,Male,15,50-54 years,493,Ischemic heart disease,91,Lead exposure,1,Number,2017,47.6563635,68.32023271,28.36495701
1,All Population,3,YLDs (Years Lived with Disability),4872,Tripura,2,Female,15,50-54 years,493,Ischemic heart disease,91,Lead exposure,1,Number,2017,26.72012572,39.32053707,16.49660385
1,All Population,3,YLDs (Years Lived with Disability),4875,West Bengal,1,Male,15,50-54 years,500,Atrial fibrillation and flutter,91,Lead exposure,1,Number,2016,27.66708209,83.9891992,-3.886239361
1,All Population,3,YLDs (Years Lived with Disability),4875,West Bengal,2,Female,15,50-54 years,500,Atrial fibrillation and flutter,91,Lead exposure,1,Number,2016,19.95955558,65.84153956,-3.231574464
1,All Population,3,YLDs (Years Lived with Disability),4869,Sikkim,1,Male,15,50-54 years,494,Stroke,380,Particulate matter pollution,1,Number,2016,11.3716182,17.03930172,6.305955475
1,All Population,3,YLDs (Years Lived with Disability),4869,Sikkim,2,Female,15,50-54 years,494,Stroke,380,Particulate matter pollution,1,Number,2016,8.765345427,13.38799535,5.019474598
1,All Population,3,YLDs (Years Lived with Disability),4857,Kerala,1,Male,15,50-54 years,493,Ischemic heart disease,380,Particulate matter pollution,1,Number,2017,646.5080565,968.0466407,368.7529882
1,All Population,3,YLDs (Years Lived with Disability),4857,Kerala,2,Female,15,50-54 years,493,Ischemic heart disease,380,Particulate matter pollution,1,Number,2017,373.1059061,550.4258204,214.0586636
1,All Population,3,YLDs (Years Lived with Disability),4852,Haryana,1,Male,15,50-54 years,494,Stroke,91,Lead exposure,1,Number,2017,105.7194507,271.2233564,-13.9985717
1,All Population,3,YLDs (Years Lived with Disability),4852,Haryana,2,Female,15,50-54 years,494,Stroke,91,Lead exposure,1,Number,2017,77.75603163,204.9173485,-10.78578148
1,All Population,3,YLDs (Years Lived with Disability),4852,Haryana,1,Male,15,50-54 years,498,Hypertensive heart disease,91,Lead exposure,1,Number,2017,3.574521258,9.121228779,0
1,All Population,3,YLDs (Years Lived with Disability),4852,Haryana,2,Female,15,50-54 years,498,Hypertensive heart disease,91,Lead exposure,1,Number,2017,6.161303355,15.71374786,0
1,All Population,3,YLDs (Years Lived with Disability),4872,Tripura,1,Male,15,50-54 years,494,Stroke,380,Particulate matter pollution,1,Number,2019,145.1277153,215.3245604,85.35460518
1,All Population,3,YLDs (Years Lived with Disability),4872,Tripura,2,Female,15,50-54 years,494,Stroke,380,Particulate matter pollution,1,Number,2019,103.3220157,157.5491363,61.28545716
1,All Population,3,YLDs (Years Lived with Disability),4869,Sikkim,1,Male,15,50-54 years,494,Stroke,380,Particulate matter pollution,1,Number,2017,11.61644067,18.33925905,6.740055533
1,All Population,3,YLDs (Years Lived with Disability),4869,Sikkim,2,Female,15,50-54 years,494,Stroke,380,Particulate matter pollution,1,Number,2017,9.077886197,14.06188548,5.01328233
1,All Population,3,YLDs (Years Lived with Disability),4872,Tripura,1,Male,15,50-54 years,498,Hypertensive heart disease,91,Lead exposure,1,Number,2019,0.914648348,2.405553773,0
1,All Population,3,YLDs (Years Lived with Disability),4872,Tripura,2,Female,15,50-54 years,498,Hypertensive heart disease,91,Lead exposure,1,Number,2019,1.326394056,3.331593567,0
1,All Population,3,YLDs (Years Lived with Disability),4844,Bihar,1,Male,15,50-54 years,493,Ischemic heart disease,91,Lead exposure,1,Number,2017,936.0696931,1350.518759,552.135034
1,All Population,3,YLDs (Years Lived with Disability),4844,Bihar,2,Female,15,50-54 years,493,Ischemic heart disease,91,Lead exposure,1,Number,2017,555.3933199,804.1451478,301.1971882
1,All Population,3,YLDs (Years Lived with Disability),4870,Tamil Nadu,1,Male,15,50-54 years,494,Stroke,380,Particulate matter pollution,1,Number,2019,1398.355415,2277.125619,725.3556665
1,All Population,3,YLDs (Years Lived with Disability),4870,Tamil Nadu,2,Female,15,50-54 years,494,Stroke,380,Particulate matter pollution,1,Number,2019,1353.822459,2196.994242,726.9606007
1,All Population,3,YLDs (Years Lived with Disability),44538,Other Union Territories,1,Male,15,50-54 years,494,Stroke,380,Particulate matter pollution,1,Number,2016,46.19821546,72.05578516,25.56799197
1,All Population,3,YLDs (Years Lived with Disability),44538,Other Union Territories,2,Female,15,50-54 years,494,Stroke,380,Particulate matter pollution,1,Number,2016,42.79474463,69.06187196,23.82991157
1,All Population,3,YLDs (Years Lived with Disability),4869,Sikkim,1,Male,15,50-54 years,498,Hypertensive heart disease,91,Lead exposure,1,Number,2017,0.120051474,0.302554104,0
1,All Population,3,YLDs (Years Lived with Disability),4869,Sikkim,2,Female,15,50-54 years,498,Hypertensive heart disease,91,Lead exposure,1,Number,2017,0.127682927,0.32671963,0
1,All Population,3,YLDs (Years Lived with Disability),4846,Chhattisgarh,1,Male,15,50-54 years,500,Atrial fibrillation and flutter,91,Lead exposure,1,Number,2016,6.624114064,21.54389809,-0.86635137
1,All Population,3,YLDs (Years Lived with Disability),4846,Chhattisgarh,2,Female,15,50-54 years,500,Atrial fibrillation and flutter,91,Lead exposure,1,Number,2016,4.837118185,13.74159242,-0.555050929
1,All Population,3,YLDs (Years Lived with Disability),4860,Maharashtra,1,Male,15,50-54 years,493,Ischemic heart disease,91,Lead exposure,1,Number,2017,1333.395501,1951.862204,811.3328428
1,All Population,3,YLDs (Years Lived with Disability),4860,Maharashtra,2,Female,15,50-54 years,493,Ischemic heart disease,91,Lead exposure,1,Number,2017,760.749094,1087.742571,452.2158705
1,All Population,3,YLDs (Years Lived with Disability),4861,Manipur,1,Male,15,50-54 years,500,Atrial fibrillation and flutter,91,Lead exposure,1,Number,2017,0.954934748,2.864676476,-0.180336768
1,All Population,3,YLDs (Years Lived with Disability),4861,Manipur,2,Female,15,50-54 years,500,Atrial fibrillation and flutter,91,Lead exposure,1,Number,2017,0.693160111,2.085976669,-0.100730592
1,All Population,3,YLDs (Years Lived with Disability),4870,Tamil Nadu,1,Male,15,50-54 years,500,Atrial fibrillation and flutter,91,Lead exposure,1,Number,2019,29.82636017,90.21559887,-4.635317171
1,All Population,3,YLDs (Years Lived with Disability),4870,Tamil Nadu,2,Female,15,50-54 years,500,Atrial fibrillation and flutter,91,Lead exposure,1,Number,2019,23.67657306,73.20133176,-3.485100959
1,All Population,3,YLDs (Years Lived with Disability),4861,Manipur,1,Male,15,50-54 years,500,Atrial fibrillation and flutter,91,Lead exposure,1,Number,2016,0.943004597,2.668916511,-0.161174648
1,All Population,3,YLDs (Years Lived with Disability),4861,Manipur,2,Female,15,50-54 years,500,Atrial fibrillation and flutter,91,Lead exposure,1,Number,2016,0.665828058,2.11979793,-0.102022766
1,All Population,3,YLDs (Years Lived with Disability),4844,Bihar,1,Male,15,50-54 years,502,Lower extremity peripheral arterial disease,91,Lead exposure,1,Number,2017,0.2378519,0.795505485,-0.028518417
1,All Population,3,YLDs (Years Lived with Disability),4844,Bihar,2,Female,15,50-54 years,502,Lower extremity peripheral arterial disease,91,Lead exposure,1,Number,2017,0.254762574,0.87800493,-0.030499206
1,All Population,3,YLDs (Years Lived with Disability),4861,Manipur,1,Male,15,50-54 years,502,Lower extremity peripheral arterial disease,91,Lead exposure,1,Number,2016,0.00883627,0.025484365,-0.000998168
1,All Population,3,YLDs (Years Lived with Disability),4861,Manipur,2,Female,15,50-54 years,502,Lower extremity peripheral arterial disease,91,Lead exposure,1,Number,2016,0.011336208,0.036832337,-0.001650217
1,All Population,3,YLDs (Years Lived with Disability),4853,Himachal Pradesh,1,Male,15,50-54 years,494,Stroke,380,Particulate matter pollution,1,Number,2017,134.9146829,206.7748556,74.71184781
1,All Population,3,YLDs (Years Lived with Disability),4853,Himachal Pradesh,2,Female,15,50-54 years,494,Stroke,380,Particulate matter pollution,1,Number,2017,122.1408162,191.4828669,67.50345975
1,All Population,3,YLDs (Years Lived with Disability),4853,Himachal Pradesh,1,Male,15,50-54 years,498,Hypertensive heart disease,91,Lead exposure,1,Number,2017,1.337182681,3.614061607,0
1,All Population,3,YLDs (Years Lived with Disability),4853,Himachal Pradesh,2,Female,15,50-54 years,498,Hypertensive heart disease,91,Lead exposure,1,Number,2017,2.296381321,5.736417604,0
1,All Population,3,YLDs (Years Lived with Disability),4873,Uttar Pradesh,1,Male,15,50-54 years,493,Ischemic heart disease,380,Particulate matter pollution,1,Number,2016,2896.1376,4338.278845,1677.26921
1,All Population,3,YLDs (Years Lived with Disability),4873,Uttar Pradesh,2,Female,15,50-54 years,493,Ischemic heart disease,380,Particulate matter pollution,1,Number,2016,1981.771654,2989.071027,1168.475035
1,All Population,3,YLDs (Years Lived with Disability),4851,Gujarat,1,Male,15,50-54 years,494,Stroke,380,Particulate matter pollution,1,Number,2017,1519.461684,2319.929224,906.7276148
1,All Population,3,YLDs (Years Lived with Disability),4851,Gujarat,2,Female,15,50-54 years,494,Stroke,380,Particulate matter pollution,1,Number,2017,1324.725266,2034.339449,713.5821426
1,All Population,3,YLDs (Years Lived with Disability),4859,Madhya Pradesh,1,Male,15,50-54 years,502,Lower extremity peripheral arterial disease,91,Lead exposure,1,Number,2016,0.184183731,0.599279183,-0.023323308
1,All Population,3,YLDs (Years Lived with Disability),4859,Madhya Pradesh,2,Female,15,50-54 years,502,Lower extremity peripheral arterial disease,91,Lead exposure,1,Number,2016,0.204270836,0.675391798,-0.022674054
1,All Population,3,YLDs (Years Lived with Disability),4874,Uttarakhand,1,Male,15,50-54 years,502,Lower extremity peripheral arterial disease,91,Lead exposure,1,Number,2017,0.023180619,0.072013239,-0.002322325
1,All Population,3,YLDs (Years Lived with Disability),4874,Uttarakhand,2,Female,15,50-54 years,502,Lower extremity peripheral arterial disease,91,Lead exposure,1,Number,2017,0.032176208,0.100350764,-0.00333434
1,All Population,3,YLDs (Years Lived with Disability),4874,Uttarakhand,1,Male,15,50-54 years,502,Lower extremity peripheral arterial disease,91,Lead exposure,1,Number,2016,0.023542101,0.075625918,-0.002685211
1,All Population,3,YLDs (Years Lived with Disability),4874,Uttarakhand,2,Female,15,50-54 years,502,Lower extremity peripheral arterial disease,91,Lead exposure,1,Number,2016,0.031824421,0.098559452,-0.003027119
1,All Population,3,YLDs (Years Lived with Disability),4861,Manipur,1,Male,15,50-54 years,502,Lower extremity peripheral arterial disease,91,Lead exposure,1,Number,2017,0.009145783,0.030129,-0.001089519
1,All Population,3,YLDs (Years Lived with Disability),4861,Manipur,2,Female,15,50-54 years,502,Lower extremity peripheral arterial disease,91,Lead exposure,1,Number,2017,0.011726973,0.03973677,-0.001760392
1,All Population,3,YLDs (Years Lived with Disability),4871,Telangana,1,Male,15,50-54 years,493,Ischemic heart disease,380,Particulate matter pollution,1,Number,2017,474.9071499,729.0428878,267.5472859
1,All Population,3,YLDs (Years Lived with Disability),4871,Telangana,2,Female,15,50-54 years,493,Ischemic heart disease,380,Particulate matter pollution,1,Number,2017,306.0175057,457.1818987,181.2199443
1,All Population,3,YLDs (Years Lived with Disability),4871,Telangana,1,Male,15,50-54 years,494,Stroke,91,Lead exposure,1,Number,2017,113.9285057,272.601673,-15.45239756
1,All Population,3,YLDs (Years Lived with Disability),4871,Telangana,2,Female,15,50-54 years,494,Stroke,91,Lead exposure,1,Number,2017,75.58391138,184.9311465,-10.24420264
1,All Population,3,YLDs (Years Lived with Disability),4855,Jharkhand,1,Male,15,50-54 years,493,Ischemic heart disease,380,Particulate matter pollution,1,Number,2017,279.4641944,421.1174472,164.6370536
1,All Population,3,YLDs (Years Lived with Disability),4855,Jharkhand,2,Female,15,50-54 years,493,Ischemic heart disease,380,Particulate matter pollution,1,Number,2017,234.5012324,345.670267,131.3682352
1,All Population,3,YLDs (Years Lived with Disability),4873,Uttar Pradesh,1,Male,15,50-54 years,493,Ischemic heart disease,380,Particulate matter pollution,1,Number,2017,2920.048333,4388.985726,1607.028444
1,All Population,3,YLDs (Years Lived with Disability),4873,Uttar Pradesh,2,Female,15,50-54 years,493,Ischemic heart disease,380,Particulate matter pollution,1,Number,2017,1998.526395,3021.881507,1158.159082
1,All Population,3,YLDs (Years Lived with Disability),4875,West Bengal,1,Male,15,50-54 years,493,Ischemic heart disease,91,Lead exposure,1,Number,2017,1269.039557,1843.251484,773.6507359
1,All Population,3,YLDs (Years Lived with Disability),4875,West Bengal,2,Female,15,50-54 years,493,Ischemic heart disease,91,Lead exposure,1,Number,2017,818.5171266,1199.526251,510.1018469
1,All Population,3,YLDs (Years Lived with Disability),4864,Nagaland,1,Male,15,50-54 years,500,Atrial fibrillation and flutter,91,Lead exposure,1,Number,2017,0.458953603,1.661063128,-0.068408475
1,All Population,3,YLDs (Years Lived with Disability),4864,Nagaland,2,Female,15,50-54 years,500,Atrial fibrillation and flutter,91,Lead exposure,1,Number,2017,0.274427145,0.917952319,-0.045359821
1,All Population,3,YLDs (Years Lived with Disability),4855,Jharkhand,1,Male,15,50-54 years,494,Stroke,91,Lead exposure,1,Number,2017,105.526592,264.7168754,-19.1104844
1,All Population,3,YLDs (Years Lived with Disability),4855,Jharkhand,2,Female,15,50-54 years,494,Stroke,91,Lead exposure,1,Number,2017,101.2021606,253.9981226,-13.91653592
1,All Population,3,YLDs (Years Lived with Disability),4868,Rajasthan,1,Male,15,50-54 years,493,Ischemic heart disease,380,Particulate matter pollution,1,Number,2017,1254.043659,1908.865355,749.0329986
1,All Population,3,YLDs (Years Lived with Disability),4868,Rajasthan,2,Female,15,50-54 years,493,Ischemic heart disease,380,Particulate matter pollution,1,Number,2017,675.0742481,1005.483727,401.1936427
1,All Population,3,YLDs (Years Lived with Disability),4868,Rajasthan,1,Male,15,50-54 years,494,Stroke,91,Lead exposure,1,Number,2017,128.1570596,345.5309264,-19.48027383
1,All Population,3,YLDs (Years Lived with Disability),4868,Rajasthan,2,Female,15,50-54 years,494,Stroke,91,Lead exposure,1,Number,2017,84.35921479,223.8640883,-12.28717426
1,All Population,3,YLDs (Years Lived with Disability),44538,Other Union Territories,1,Male,15,50-54 years,500,Atrial fibrillation and flutter,91,Lead exposure,1,Number,2016,1.048896496,3.321384454,-0.19244924
1,All Population,3,YLDs (Years Lived with Disability),44538,Other Union Territories,2,Female,15,50-54 years,500,Atrial fibrillation and flutter,91,Lead exposure,1,Number,2016,0.682781271,2.130265287,-0.089346336
1,All Population,3,YLDs (Years Lived with Disability),4862,Meghalaya,1,Male,15,50-54 years,493,Ischemic heart disease,91,Lead exposure,1,Number,2017,20.43416896,31.16525526,12.00939211
1,All Population,3,YLDs (Years Lived with Disability),4862,Meghalaya,2,Female,15,50-54 years,493,Ischemic heart disease,91,Lead exposure,1,Number,2017,13.08720696,19.61171536,7.667204626
1,All Population,3,YLDs (Years Lived with Disability),4864,Nagaland,1,Male,15,50-54 years,502,Lower extremity peripheral arterial disease,91,Lead exposure,1,Number,2017,0.002921799,0.010659687,-0.000327785
1,All Population,3,YLDs (Years Lived with Disability),4864,Nagaland,2,Female,15,50-54 years,502,Lower extremity peripheral arterial disease,91,Lead exposure,1,Number,2017,0.002857695,0.009654866,-0.000321468
1,All Population,3,YLDs (Years Lived with Disability),44538,Other Union Territories,1,Male,15,50-54 years,502,Lower extremity peripheral arterial disease,91,Lead exposure,1,Number,2016,0.009481406,0.030344982,-0.001294289
1,All Population,3,YLDs (Years Lived with Disability),44538,Other Union Territories,2,Female,15,50-54 years,502,Lower extremity peripheral arterial disease,91,Lead exposure,1,Number,2016,0.010863086,0.035729872,-0.001716161
1,All Population,3,YLDs (Years Lived with Disability),44538,Other Union Territories,1,Male,15,50-54 years,494,Stroke,380,Particulate matter pollution,1,Number,2017,47.2557228,74.78896235,25.69028837
1,All Population,3,YLDs (Years Lived with Disability),44538,Other Union Territories,2,Female,15,50-54 years,494,Stroke,380,Particulate matter pollution,1,Number,2017,43.46560603,69.69780582,23.86316204
1,All Population,3,YLDs (Years Lived with Disability),4851,Gujarat,1,Male,15,50-54 years,500,Atrial fibrillation and flutter,91,Lead exposure,1,Number,2017,20.83296669,63.08442209,-2.855176559
1,All Population,3,YLDs (Years Lived with Disability),4851,Gujarat,2,Female,15,50-54 years,500,Atrial fibrillation and flutter,91,Lead exposure,1,Number,2017,16.24672032,50.91427245,-2.170147543
1,All Population,3,YLDs (Years Lived with Disability),4855,Jharkhand,1,Male,15,50-54 years,498,Hypertensive heart disease,91,Lead exposure,1,Number,2017,6.09425688,15.76421618,0
1,All Population,3,YLDs (Years Lived with Disability),4855,Jharkhand,2,Female,15,50-54 years,498,Hypertensive heart disease,91,Lead exposure,1,Number,2017,8.473989942,20.65110466,0
1,All Population,3,YLDs (Years Lived with Disability),4862,Meghalaya,1,Male,15,50-54 years,502,Lower extremity peripheral arterial disease,91,Lead exposure,1,Number,2017,0.00598458,0.018178056,-0.000674009
1,All Population,3,YLDs (Years Lived with Disability),4862,Meghalaya,2,Female,15,50-54 years,502,Lower extremity peripheral arterial disease,91,Lead exposure,1,Number,2017,0.007160689,0.022364937,-0.000834975
1,All Population,3,YLDs (Years Lived with Disability),44538,Other Union Territories,1,Male,15,50-54 years,500,Atrial fibrillation and flutter,91,Lead exposure,1,Number,2017,1.06205184,3.489553306,-0.166130195
1,All Population,3,YLDs (Years Lived with Disability),44538,Other Union Territories,2,Female,15,50-54 years,500,Atrial fibrillation and flutter,91,Lead exposure,1,Number,2017,0.715875875,2.231455577,-0.108015165
1,All Population,3,YLDs (Years Lived with Disability),44538,Other Union Territories,1,Male,15,50-54 years,502,Lower extremity peripheral arterial disease,91,Lead exposure,1,Number,2017,0.009436481,0.028927606,-0.001232826
1,All Population,3,YLDs (Years Lived with Disability),44538,Other Union Territories,2,Female,15,50-54 years,502,Lower extremity peripheral arterial disease,91,Lead exposure,1,Number,2017,0.011211432,0.035519694,-0.001636236
1,All Population,3,YLDs (Years Lived with Disability),4865,Odisha,1,Male,15,50-54 years,494,Stroke,91,Lead exposure,1,Number,2017,197.8864429,512.9480046,-32.68927512
1,All Population,3,YLDs (Years Lived with Disability),4865,Odisha,2,Female,15,50-54 years,494,Stroke,91,Lead exposure,1,Number,2017,142.6335704,377.4493183,-23.05243849
1,All Population,3,YLDs (Years Lived with Disability),4868,Rajasthan,1,Male,15,50-54 years,498,Hypertensive heart disease,91,Lead exposure,1,Number,2017,7.327559877,18.51079398,0
1,All Population,3,YLDs (Years Lived with Disability),4868,Rajasthan,2,Female,15,50-54 years,498,Hypertensive heart disease,91,Lead exposure,1,Number,2017,12.15634601,29.60004775,0
1,All Population,3,YLDs (Years Lived with Disability),4850,Goa,1,Male,15,50-54 years,493,Ischemic heart disease,380,Particulate matter pollution,1,Number,2017,21.03805997,32.29462279,11.30617118
1,All Population,3,YLDs (Years Lived with Disability),4850,Goa,2,Female,15,50-54 years,493,Ischemic heart disease,380,Particulate matter pollution,1,Number,2017,14.24741648,21.69036169,7.811436382
1,All Population,3,YLDs (Years Lived with Disability),4865,Odisha,1,Male,15,50-54 years,498,Hypertensive heart disease,91,Lead exposure,1,Number,2017,15.2481076,39.25316642,0
1,All Population,3,YLDs (Years Lived with Disability),4865,Odisha,2,Female,15,50-54 years,498,Hypertensive heart disease,91,Lead exposure,1,Number,2017,17.73194973,44.75177677,0
1,All Population,3,YLDs (Years Lived with Disability),4867,Punjab,1,Male,15,50-54 years,494,Stroke,380,Particulate matter pollution,1,Number,2017,580.4109915,881.0007516,331.9354264
1,All Population,3,YLDs (Years Lived with Disability),4867,Punjab,2,Female,15,50-54 years,494,Stroke,380,Particulate matter pollution,1,Number,2017,511.1628525,816.9889234,300.157183
1,All Population,3,YLDs (Years Lived with Disability),4867,Punjab,1,Male,15,50-54 years,500,Atrial fibrillation and flutter,91,Lead exposure,1,Number,2017,6.832496379,21.34975579,-0.941617736
1,All Population,3,YLDs (Years Lived with Disability),4867,Punjab,2,Female,15,50-54 years,500,Atrial fibrillation and flutter,91,Lead exposure,1,Number,2017,5.409993802,16.76546497,-0.838038405
1,All Population,3,YLDs (Years Lived with Disability),4843,Assam,1,Male,15,50-54 years,494,Stroke,380,Particulate matter pollution,1,Number,2017,947.1398,1404.375867,507.5046299
1,All Population,3,YLDs (Years Lived with Disability),4843,Assam,2,Female,15,50-54 years,494,Stroke,380,Particulate matter pollution,1,Number,2017,617.5685042,921.798974,348.9812191
1,All Population,3,YLDs (Years Lived with Disability),4871,Telangana,1,Male,15,50-54 years,498,Hypertensive heart disease,91,Lead exposure,1,Number,2017,5.222000404,12.47916935,0
1,All Population,3,YLDs (Years Lived with Disability),4871,Telangana,2,Female,15,50-54 years,498,Hypertensive heart disease,91,Lead exposure,1,Number,2017,9.451245585,22.6610127,0
1,All Population,3,YLDs (Years Lived with Disability),4856,Karnataka,1,Male,15,50-54 years,500,Atrial fibrillation and flutter,91,Lead exposure,1,Number,2017,22.37078954,66.00357372,-2.935234319
1,All Population,3,YLDs (Years Lived with Disability),4856,Karnataka,2,Female,15,50-54 years,500,Atrial fibrillation and flutter,91,Lead exposure,1,Number,2017,17.71184345,54.37269058,-2.26748724
1,All Population,3,YLDs (Years Lived with Disability),4846,Chhattisgarh,1,Male,15,50-54 years,493,Ischemic heart disease,380,Particulate matter pollution,1,Number,2017,409.6593568,609.8385676,239.4840236
1,All Population,3,YLDs (Years Lived with Disability),4846,Chhattisgarh,2,Female,15,50-54 years,493,Ischemic heart disease,380,Particulate matter pollution,1,Number,2017,258.1053484,382.0044564,149.5178828
1,All Population,3,YLDs (Years Lived with Disability),4846,Chhattisgarh,1,Male,15,50-54 years,494,Stroke,91,Lead exposure,1,Number,2017,134.6560423,356.5768685,-20.45458205
1,All Population,3,YLDs (Years Lived with Disability),4846,Chhattisgarh,2,Female,15,50-54 years,494,Stroke,91,Lead exposure,1,Number,2017,86.06360018,233.0673766,-13.74408927
1,All Population,3,YLDs (Years Lived with Disability),4856,Karnataka,1,Male,15,50-54 years,502,Lower extremity peripheral arterial disease,91,Lead exposure,1,Number,2017,0.184839103,0.604127114,-0.025052171
1,All Population,3,YLDs (Years Lived with Disability),4856,Karnataka,2,Female,15,50-54 years,502,Lower extremity peripheral arterial disease,91,Lead exposure,1,Number,2017,0.248002378,0.739837834,-0.031767677
1,All Population,3,YLDs (Years Lived with Disability),44538,Other Union Territories,1,Male,15,50-54 years,493,Ischemic heart disease,91,Lead exposure,1,Number,2019,51.55234957,74.54262045,31.08520108
1,All Population,3,YLDs (Years Lived with Disability),44538,Other Union Territories,2,Female,15,50-54 years,493,Ischemic heart disease,91,Lead exposure,1,Number,2019,27.17717515,38.06782264,16.72437751
1,All Population,3,YLDs (Years Lived with Disability),4861,Manipur,1,Male,15,50-54 years,494,Stroke,380,Particulate matter pollution,1,Number,2017,70.25091605,107.8811447,38.70499453
1,All Population,3,YLDs (Years Lived with Disability),4861,Manipur,2,Female,15,50-54 years,494,Stroke,380,Particulate matter pollution,1,Number,2017,54.15583048,85.75783981,30.46063295
1,All Population,3,YLDs (Years Lived with Disability),4861,Manipur,1,Male,15,50-54 years,498,Hypertensive heart disease,91,Lead exposure,1,Number,2017,0.86904662,2.018721484,0
1,All Population,3,YLDs (Years Lived with Disability),4861,Manipur,2,Female,15,50-54 years,498,Hypertensive heart disease,91,Lead exposure,1,Number,2017,1.281344614,3.063953261,0
1,All Population,3,YLDs (Years Lived with Disability),4846,Chhattisgarh,1,Male,15,50-54 years,498,Hypertensive heart disease,91,Lead exposure,1,Number,2017,6.402478945,16.40696634,0
1,All Population,3,YLDs (Years Lived with Disability),4846,Chhattisgarh,2,Female,15,50-54 years,498,Hypertensive heart disease,91,Lead exposure,1,Number,2017,8.474295836,22.90641651,0
1,All Population,3,YLDs (Years Lived with Disability),4843,Assam,1,Male,15,50-54 years,498,Hypertensive heart disease,91,Lead exposure,1,Number,2017,9.003934125,23.89330516,0
1,All Population,3,YLDs (Years Lived with Disability),4843,Assam,2,Female,15,50-54 years,498,Hypertensive heart disease,91,Lead exposure,1,Number,2017,9.708051729,24.66511121,0
1,All Population,3,YLDs (Years Lived with Disability),4849,Delhi,1,Male,15,50-54 years,494,Stroke,380,Particulate matter pollution,1,Number,2017,338.0476454,516.7138274,174.8345924
1,All Population,3,YLDs (Years Lived with Disability),4849,Delhi,2,Female,15,50-54 years,494,Stroke,380,Particulate matter pollution,1,Number,2017,346.0952708,533.5431625,181.1048862
1,All Population,3,YLDs (Years Lived with Disability),4849,Delhi,1,Male,15,50-54 years,498,Hypertensive heart disease,91,Lead exposure,1,Number,2017,2.419301661,6.659295903,0
1,All Population,3,YLDs (Years Lived with Disability),4849,Delhi,2,Female,15,50-54 years,498,Hypertensive heart disease,91,Lead exposure,1,Number,2017,3.127487451,9.712585309,0
1,All Population,3,YLDs (Years Lived with Disability),4871,Telangana,1,Male,15,50-54 years,493,Ischemic heart disease,380,Particulate matter pollution,1,Number,2016,476.4808072,732.0733734,265.772612
1,All Population,3,YLDs (Years Lived with Disability),4871,Telangana,2,Female,15,50-54 years,493,Ischemic heart disease,380,Particulate matter pollution,1,Number,2016,309.8426199,473.6940938,180.0564453
1,All Population,3,YLDs (Years Lived with Disability),4871,Telangana,1,Male,15,50-54 years,494,Stroke,91,Lead exposure,1,Number,2016,113.0855854,269.8163637,-16.66725442
1,All Population,3,YLDs (Years Lived with Disability),4871,Telangana,2,Female,15,50-54 years,494,Stroke,91,Lead exposure,1,Number,2016,75.28895836,188.9952451,-9.645235065
1,All Population,3,YLDs (Years Lived with Disability),4865,Odisha,1,Male,15,50-54 years,493,Ischemic heart disease,380,Particulate matter pollution,1,Number,2017,492.5836573,736.3315166,287.0223525
1,All Population,3,YLDs (Years Lived with Disability),4865,Odisha,2,Female,15,50-54 years,493,Ischemic heart disease,380,Particulate matter pollution,1,Number,2017,325.2124797,495.5989014,189.2651046
1,All Population,3,YLDs (Years Lived with Disability),4854,Jammu & Kashmir and Ladakh,1,Male,15,50-54 years,493,Ischemic heart disease,91,Lead exposure,1,Number,2017,138.5596649,205.4432883,84.29503643
1,All Population,3,YLDs (Years Lived with Disability),4854,Jammu & Kashmir and Ladakh,2,Female,15,50-54 years,493,Ischemic heart disease,91,Lead exposure,1,Number,2017,83.99794579,123.1064392,50.50789553
1,All Population,3,YLDs (Years Lived with Disability),4870,Tamil Nadu,1,Male,15,50-54 years,493,Ischemic heart disease,91,Lead exposure,1,Number,2017,1544.717853,2292.419607,942.1748564
1,All Population,3,YLDs (Years Lived with Disability),4870,Tamil Nadu,2,Female,15,50-54 years,493,Ischemic heart disease,91,Lead exposure,1,Number,2017,815.6154208,1205.30667,491.3882792
1,All Population,3,YLDs (Years Lived with Disability),4859,Madhya Pradesh,1,Male,15,50-54 years,494,Stroke,380,Particulate matter pollution,1,Number,2017,1567.514756,2311.551212,857.2708471
1,All Population,3,YLDs (Years Lived with Disability),4859,Madhya Pradesh,2,Female,15,50-54 years,494,Stroke,380,Particulate matter pollution,1,Number,2017,1308.787414,1987.353532,746.0175363
1,All Population,3,YLDs (Years Lived with Disability),4870,Tamil Nadu,1,Male,15,50-54 years,502,Lower extremity peripheral arterial disease,91,Lead exposure,1,Number,2017,0.26168726,0.856299752,-0.025455845
1,All Population,3,YLDs (Years Lived with Disability),4870,Tamil Nadu,2,Female,15,50-54 years,502,Lower extremity peripheral arterial disease,91,Lead exposure,1,Number,2017,0.34174143,1.145563856,-0.033865691
1,All Population,3,YLDs (Years Lived with Disability),4860,Maharashtra,1,Male,15,50-54 years,502,Lower extremity peripheral arterial disease,91,Lead exposure,1,Number,2017,0.255417026,0.901413345,-0.03345025
1,All Population,3,YLDs (Years Lived with Disability),4860,Maharashtra,2,Female,15,50-54 years,502,Lower extremity peripheral arterial disease,91,Lead exposure,1,Number,2017,0.301702196,0.95239741,-0.036042065
1,All Population,3,YLDs (Years Lived with Disability),4852,Haryana,1,Male,15,50-54 years,493,Ischemic heart disease,91,Lead exposure,1,Number,2017,338.8242522,509.5157239,205.2075472
1,All Population,3,YLDs (Years Lived with Disability),4852,Haryana,2,Female,15,50-54 years,493,Ischemic heart disease,91,Lead exposure,1,Number,2017,168.8710254,250.1153451,98.94849121
1,All Population,3,YLDs (Years Lived with Disability),4859,Madhya Pradesh,1,Male,15,50-54 years,500,Atrial fibrillation and flutter,91,Lead exposure,1,Number,2017,18.73256081,56.59108627,-3.384501824
1,All Population,3,YLDs (Years Lived with Disability),4859,Madhya Pradesh,2,Female,15,50-54 years,500,Atrial fibrillation and flutter,91,Lead exposure,1,Number,2017,13.1071912,38.44792178,-1.969488139
1,All Population,3,YLDs (Years Lived with Disability),4863,Mizoram,1,Male,15,50-54 years,493,Ischemic heart disease,380,Particulate matter pollution,1,Number,2017,7.442543867,11.207512,4.466995959
1,All Population,3,YLDs (Years Lived with Disability),4863,Mizoram,2,Female,15,50-54 years,493,Ischemic heart disease,380,Particulate matter pollution,1,Number,2017,4.531077761,6.72109592,2.480156548
1,All Population,3,YLDs (Years Lived with Disability),4863,Mizoram,1,Male,15,50-54 years,494,Stroke,91,Lead exposure,1,Number,2017,3.473123195,9.210822069,-0.586419185
1,All Population,3,YLDs (Years Lived with Disability),4863,Mizoram,2,Female,15,50-54 years,494,Stroke,91,Lead exposure,1,Number,2017,2.199033748,5.816090069,-0.379158435
1,All Population,3,YLDs (Years Lived with Disability),4868,Rajasthan,1,Male,15,50-54 years,493,Ischemic heart disease,91,Lead exposure,1,Number,2017,696.3942568,1047.916879,402.9260893
1,All Population,3,YLDs (Years Lived with Disability),4868,Rajasthan,2,Female,15,50-54 years,493,Ischemic heart disease,91,Lead exposure,1,Number,2017,301.5310636,438.4332942,179.4147598
1,All Population,3,YLDs (Years Lived with Disability),4854,Jammu & Kashmir and Ladakh,1,Male,15,50-54 years,502,Lower extremity peripheral arterial disease,91,Lead exposure,1,Number,2017,0.022428257,0.082040717,-0.002872679
1,All Population,3,YLDs (Years Lived with Disability),4854,Jammu & Kashmir and Ladakh,2,Female,15,50-54 years,502,Lower extremity peripheral arterial disease,91,Lead exposure,1,Number,2017,0.027249426,0.096657842,-0.003659828
1,All Population,3,YLDs (Years Lived with Disability),4854,Jammu & Kashmir and Ladakh,1,Male,15,50-54 years,493,Ischemic heart disease,380,Particulate matter pollution,1,Number,2017,155.6240318,230.2135946,87.28559192
1,All Population,3,YLDs (Years Lived with Disability),4854,Jammu & Kashmir and Ladakh,2,Female,15,50-54 years,493,Ischemic heart disease,380,Particulate matter pollution,1,Number,2017,101.6535034,151.8470016,61.25927502
1,All Population,3,YLDs (Years Lived with Disability),4854,Jammu & Kashmir and Ladakh,1,Male,15,50-54 years,494,Stroke,91,Lead exposure,1,Number,2017,30.75271392,74.00874884,-5.739080561
1,All Population,3,YLDs (Years Lived with Disability),4854,Jammu & Kashmir and Ladakh,2,Female,15,50-54 years,494,Stroke,91,Lead exposure,1,Number,2017,22.71485856,56.75479737,-3.92690091
1,All Population,3,YLDs (Years Lived with Disability),4841,Andhra Pradesh,1,Male,15,50-54 years,494,Stroke,380,Particulate matter pollution,1,Number,2017,801.6095934,1229.008247,437.2213517
1,All Population,3,YLDs (Years Lived with Disability),4841,Andhra Pradesh,2,Female,15,50-54 years,494,Stroke,380,Particulate matter pollution,1,Number,2017,740.2103169,1177.053381,400.9404298
1,All Population,3,YLDs (Years Lived with Disability),4854,Jammu & Kashmir and Ladakh,1,Male,15,50-54 years,498,Hypertensive heart disease,91,Lead exposure,1,Number,2017,1.761534479,4.582268907,0
1,All Population,3,YLDs (Years Lived with Disability),4854,Jammu & Kashmir and Ladakh,2,Female,15,50-54 years,498,Hypertensive heart disease,91,Lead exposure,1,Number,2017,2.414504673,6.003222194,0
1,All Population,3,YLDs (Years Lived with Disability),4863,Mizoram,1,Male,15,50-54 years,498,Hypertensive heart disease,91,Lead exposure,1,Number,2017,0.33822415,0.797083753,0
1,All Population,3,YLDs (Years Lived with Disability),4863,Mizoram,2,Female,15,50-54 years,498,Hypertensive heart disease,91,Lead exposure,1,Number,2017,0.609291588,1.463916428,0
1,All Population,3,YLDs (Years Lived with Disability),4859,Madhya Pradesh,1,Male,15,50-54 years,493,Ischemic heart disease,91,Lead exposure,1,Number,2017,995.4868632,1483.996164,579.5981416
1,All Population,3,YLDs (Years Lived with Disability),4859,Madhya Pradesh,2,Female,15,50-54 years,493,Ischemic heart disease,91,Lead exposure,1,Number,2017,476.2972818,714.6363946,291.4126168
1,All Population,3,YLDs (Years Lived with Disability),4844,Bihar,1,Male,15,50-54 years,494,Stroke,380,Particulate matter pollution,1,Number,2017,1595.494859,2402.537187,901.9818711
1,All Population,3,YLDs (Years Lived with Disability),4844,Bihar,2,Female,15,50-54 years,494,Stroke,380,Particulate matter pollution,1,Number,2017,1488.014297,2191.381634,851.7796901
1,All Population,3,YLDs (Years Lived with Disability),4874,Uttarakhand,1,Male,15,50-54 years,494,Stroke,380,Particulate matter pollution,1,Number,2017,225.5841627,344.5029352,131.9792896
1,All Population,3,YLDs (Years Lived with Disability),4874,Uttarakhand,2,Female,15,50-54 years,494,Stroke,380,Particulate matter pollution,1,Number,2017,180.5387062,272.6491054,99.7952056
1,All Population,3,YLDs (Years Lived with Disability),4870,Tamil Nadu,1,Male,15,50-54 years,493,Ischemic heart disease,380,Particulate matter pollution,1,Number,2017,1194.13112,1801.0576,711.8869768
1,All Population,3,YLDs (Years Lived with Disability),4870,Tamil Nadu,2,Female,15,50-54 years,493,Ischemic heart disease,380,Particulate matter pollution,1,Number,2017,693.2056947,1049.370137,407.0219834
1,All Population,3,YLDs (Years Lived with Disability),4870,Tamil Nadu,1,Male,15,50-54 years,494,Stroke,91,Lead exposure,1,Number,2017,412.1669325,1067.613803,-68.03830054
1,All Population,3,YLDs (Years Lived with Disability),4870,Tamil Nadu,2,Female,15,50-54 years,494,Stroke,91,Lead exposure,1,Number,2017,322.6015067,845.8906437,-48.02720287
1,All Population,3,YLDs (Years Lived with Disability),4841,Andhra Pradesh,1,Male,15,50-54 years,493,Ischemic heart disease,91,Lead exposure,1,Number,2017,749.5172054,1083.648911,447.1990467
1,All Population,3,YLDs (Years Lived with Disability),4841,Andhra Pradesh,2,Female,15,50-54 years,493,Ischemic heart disease,91,Lead exposure,1,Number,2017,421.145805,620.420586,245.129945
1,All Population,3,YLDs (Years Lived with Disability),4841,Andhra Pradesh,1,Male,15,50-54 years,500,Atrial fibrillation and flutter,91,Lead exposure,1,Number,2017,14.20205789,42.24968258,-1.547898478
1,All Population,3,YLDs (Years Lived with Disability),4841,Andhra Pradesh,2,Female,15,50-54 years,500,Atrial fibrillation and flutter,91,Lead exposure,1,Number,2017,10.75946105,31.64049719,-1.393600375
1,All Population,3,YLDs (Years Lived with Disability),4844,Bihar,1,Male,15,50-54 years,500,Atrial fibrillation and flutter,91,Lead exposure,1,Number,2017,25.02727568,86.19543124,-3.737635021
1,All Population,3,YLDs (Years Lived with Disability),4844,Bihar,2,Female,15,50-54 years,500,Atrial fibrillation and flutter,91,Lead exposure,1,Number,2017,16.94426646,56.51674244,-2.956299247
1,All Population,3,YLDs (Years Lived with Disability),4855,Jharkhand,1,Male,15,50-54 years,493,Ischemic heart disease,91,Lead exposure,1,Number,2017,224.0674274,327.466267,133.4603575
1,All Population,3,YLDs (Years Lived with Disability),4855,Jharkhand,2,Female,15,50-54 years,493,Ischemic heart disease,91,Lead exposure,1,Number,2017,170.8484164,248.1829147,95.9789335
1,All Population,3,YLDs (Years Lived with Disability),4852,Haryana,1,Male,15,50-54 years,494,Stroke,380,Particulate matter pollution,1,Number,2017,651.0507246,966.1888131,366.277035
1,All Population,3,YLDs (Years Lived with Disability),4852,Haryana,2,Female,15,50-54 years,494,Stroke,380,Particulate matter pollution,1,Number,2017,586.547787,913.5653906,351.2405506
1,All Population,3,YLDs (Years Lived with Disability),4874,Uttarakhand,1,Male,15,50-54 years,500,Atrial fibrillation and flutter,91,Lead exposure,1,Number,2017,2.725496147,8.262391432,-0.350550066
1,All Population,3,YLDs (Years Lived with Disability),4874,Uttarakhand,2,Female,15,50-54 years,500,Atrial fibrillation and flutter,91,Lead exposure,1,Number,2017,2.077724127,6.458172148,-0.254391701
1,All Population,3,YLDs (Years Lived with Disability),4873,Uttar Pradesh,1,Male,15,50-54 years,493,Ischemic heart disease,91,Lead exposure,1,Number,2017,2447.850081,3687.148787,1393.845042
1,All Population,3,YLDs (Years Lived with Disability),4873,Uttar Pradesh,2,Female,15,50-54 years,493,Ischemic heart disease,91,Lead exposure,1,Number,2017,1577.29109,2328.303556,985.2781251
1,All Population,3,YLDs (Years Lived with Disability),4852,Haryana,1,Male,15,50-54 years,500,Atrial fibrillation and flutter,91,Lead exposure,1,Number,2017,6.552715696,24.27527538,-0.902501391
1,All Population,3,YLDs (Years Lived with Disability),4852,Haryana,2,Female,15,50-54 years,500,Atrial fibrillation and flutter,91,Lead exposure,1,Number,2017,4.3674645,14.53283865,-0.587819084
1,All Population,3,YLDs (Years Lived with Disability),4843,Assam,1,Male,15,50-54 years,493,Ischemic heart disease,91,Lead exposure,1,Number,2017,295.6081872,438.3711877,171.6731345
1,All Population,3,YLDs (Years Lived with Disability),4843,Assam,2,Female,15,50-54 years,493,Ischemic heart disease,91,Lead exposure,1,Number,2017,168.0182219,246.1986378,100.9003564
1,All Population,3,YLDs (Years Lived with Disability),4870,Tamil Nadu,1,Male,15,50-54 years,498,Hypertensive heart disease,91,Lead exposure,1,Number,2017,13.94947173,34.6186916,0
1,All Population,3,YLDs (Years Lived with Disability),4870,Tamil Nadu,2,Female,15,50-54 years,498,Hypertensive heart disease,91,Lead exposure,1,Number,2017,25.48703992,62.27593516,0
1,All Population,3,YLDs (Years Lived with Disability),4874,Uttarakhand,1,Male,15,50-54 years,493,Ischemic heart disease,91,Lead exposure,1,Number,2017,161.5174349,244.2893115,92.21147886
1,All Population,3,YLDs (Years Lived with Disability),4874,Uttarakhand,2,Female,15,50-54 years,493,Ischemic heart disease,91,Lead exposure,1,Number,2017,85.62119852,122.5756178,52.06753782
1,All Population,3,YLDs (Years Lived with Disability),4842,Arunachal Pradesh,1,Male,15,50-54 years,502,Lower extremity peripheral arterial disease,91,Lead exposure,1,Number,2017,0.002924031,0.010913072,-0.000357005
1,All Population,3,YLDs (Years Lived with Disability),4842,Arunachal Pradesh,2,Female,15,50-54 years,502,Lower extremity peripheral arterial disease,91,Lead exposure,1,Number,2017,0.003200204,0.010372398,-0.000362282
1,All Population,3,YLDs (Years Lived with Disability),4862,Meghalaya,1,Male,15,50-54 years,494,Stroke,380,Particulate matter pollution,1,Number,2017,46.17364439,71.51765787,26.14639033
1,All Population,3,YLDs (Years Lived with Disability),4862,Meghalaya,2,Female,15,50-54 years,494,Stroke,380,Particulate matter pollution,1,Number,2017,38.91873555,59.3196941,22.29082682
1,All Population,3,YLDs (Years Lived with Disability),4875,West Bengal,1,Male,15,50-54 years,502,Lower extremity peripheral arterial disease,91,Lead exposure,1,Number,2017,0.229764933,0.745273371,-0.028419991
1,All Population,3,YLDs (Years Lived with Disability),4875,West Bengal,2,Female,15,50-54 years,502,Lower extremity peripheral arterial disease,91,Lead exposure,1,Number,2017,0.286795004,0.884985847,-0.031444958
1,All Population,3,YLDs (Years Lived with Disability),4851,Gujarat,1,Male,15,50-54 years,493,Ischemic heart disease,380,Particulate matter pollution,1,Number,2017,1046.973438,1577.183162,591.7398598
1,All Population,3,YLDs (Years Lived with Disability),4851,Gujarat,2,Female,15,50-54 years,493,Ischemic heart disease,380,Particulate matter pollution,1,Number,2017,588.5499304,877.2304912,347.2710857
1,All Population,3,YLDs (Years Lived with Disability),4851,Gujarat,1,Male,15,50-54 years,494,Stroke,91,Lead exposure,1,Number,2017,336.8186903,860.3596454,-55.8902701
1,All Population,3,YLDs (Years Lived with Disability),4851,Gujarat,2,Female,15,50-54 years,494,Stroke,91,Lead exposure,1,Number,2017,271.487584,755.7506843,-45.12686503
1,All Population,3,YLDs (Years Lived with Disability),4850,Goa,1,Male,15,50-54 years,494,Stroke,380,Particulate matter pollution,1,Number,2017,25.94167537,41.26523719,13.90993344
1,All Population,3,YLDs (Years Lived with Disability),4850,Goa,2,Female,15,50-54 years,494,Stroke,380,Particulate matter pollution,1,Number,2017,25.68396973,41.20094234,14.15607704
1,All Population,3,YLDs (Years Lived with Disability),4862,Meghalaya,1,Male,15,50-54 years,500,Atrial fibrillation and flutter,91,Lead exposure,1,Number,2017,0.689651705,2.306622504,-0.083474178
1,All Population,3,YLDs (Years Lived with Disability),4862,Meghalaya,2,Female,15,50-54 years,500,Atrial fibrillation and flutter,91,Lead exposure,1,Number,2017,0.514350919,1.580650522,-0.072691775
1,All Population,3,YLDs (Years Lived with Disability),4853,Himachal Pradesh,1,Male,15,50-54 years,493,Ischemic heart disease,380,Particulate matter pollution,1,Number,2017,127.24933,190.6861113,72.41901411
1,All Population,3,YLDs (Years Lived with Disability),4853,Himachal Pradesh,2,Female,15,50-54 years,493,Ischemic heart disease,380,Particulate matter pollution,1,Number,2017,68.22589831,103.8908532,38.02747753
1,All Population,3,YLDs (Years Lived with Disability),4853,Himachal Pradesh,1,Male,15,50-54 years,494,Stroke,91,Lead exposure,1,Number,2017,25.79651255,68.82776922,-4.204911673
1,All Population,3,YLDs (Years Lived with Disability),4853,Himachal Pradesh,2,Female,15,50-54 years,494,Stroke,91,Lead exposure,1,Number,2017,19.6477217,56.02713673,-3.315880144
1,All Population,3,YLDs (Years Lived with Disability),4865,Odisha,1,Male,15,50-54 years,494,Stroke,380,Particulate matter pollution,1,Number,2017,1147.002953,1788.051173,664.1566985
1,All Population,3,YLDs (Years Lived with Disability),4865,Odisha,2,Female,15,50-54 years,494,Stroke,380,Particulate matter pollution,1,Number,2017,992.4860747,1543.922105,585.4231913
1,All Population,3,YLDs (Years Lived with Disability),4851,Gujarat,1,Male,15,50-54 years,498,Hypertensive heart disease,91,Lead exposure,1,Number,2017,12.41434288,31.19562329,0
1,All Population,3,YLDs (Years Lived with Disability),4851,Gujarat,2,Female,15,50-54 years,498,Hypertensive heart disease,91,Lead exposure,1,Number,2017,22.56143773,54.43305488,0
1,All Population,3,YLDs (Years Lived with Disability),4856,Karnataka,1,Male,15,50-54 years,493,Ischemic heart disease,380,Particulate matter pollution,1,Number,2017,937.5071446,1434.074198,527.524618
1,All Population,3,YLDs (Years Lived with Disability),4856,Karnataka,2,Female,15,50-54 years,493,Ischemic heart disease,380,Particulate matter pollution,1,Number,2017,624.6009866,944.9236406,363.5289901
1,All Population,3,YLDs (Years Lived with Disability),4856,Karnataka,1,Male,15,50-54 years,494,Stroke,91,Lead exposure,1,Number,2017,291.2401446,744.8665213,-46.84430526
1,All Population,3,YLDs (Years Lived with Disability),4856,Karnataka,2,Female,15,50-54 years,494,Stroke,91,Lead exposure,1,Number,2017,223.0258155,595.3286643,-39.06465498
1,All Population,3,YLDs (Years Lived with Disability),4846,Chhattisgarh,1,Male,15,50-54 years,502,Lower extremity peripheral arterial disease,91,Lead exposure,1,Number,2017,0.06455437,0.222829626,-0.006105625
1,All Population,3,YLDs (Years Lived with Disability),4846,Chhattisgarh,2,Female,15,50-54 years,502,Lower extremity peripheral arterial disease,91,Lead exposure,1,Number,2017,0.078293674,0.25977867,-0.008840064
1,All Population,3,YLDs (Years Lived with Disability),4864,Nagaland,1,Male,15,50-54 years,494,Stroke,380,Particulate matter pollution,1,Number,2017,40.4361517,62.28147069,23.14226269
1,All Population,3,YLDs (Years Lived with Disability),4864,Nagaland,2,Female,15,50-54 years,494,Stroke,380,Particulate matter pollution,1,Number,2017,23.53221071,36.57085305,13.18303036
1,All Population,3,YLDs (Years Lived with Disability),4864,Nagaland,1,Male,15,50-54 years,498,Hypertensive heart disease,91,Lead exposure,1,Number,2017,0.350328587,0.879285717,0
1,All Population,3,YLDs (Years Lived with Disability),4864,Nagaland,2,Female,15,50-54 years,498,Hypertensive heart disease,91,Lead exposure,1,Number,2017,0.376794757,0.961361648,0
1,All Population,3,YLDs (Years Lived with Disability),4857,Kerala,1,Male,15,50-54 years,493,Ischemic heart disease,91,Lead exposure,1,Number,2017,708.865055,1036.822315,421.4733874
1,All Population,3,YLDs (Years Lived with Disability),4857,Kerala,2,Female,15,50-54 years,493,Ischemic heart disease,91,Lead exposure,1,Number,2017,368.8165221,526.7794815,221.231939
1,All Population,3,YLDs (Years Lived with Disability),44538,Other Union Territories,1,Male,15,50-54 years,494,Stroke,91,Lead exposure,1,Number,2017,12.23971237,30.96807481,-2.407556111
1,All Population,3,YLDs (Years Lived with Disability),44538,Other Union Territories,2,Female,15,50-54 years,494,Stroke,91,Lead exposure,1,Number,2017,9.303564521,22.79987498,-1.605993494
1,All Population,3,YLDs (Years Lived with Disability),4865,Odisha,1,Male,15,50-54 years,500,Atrial fibrillation and flutter,91,Lead exposure,1,Number,2017,12.10059516,45.24177531,-1.590735388
1,All Population,3,YLDs (Years Lived with Disability),4865,Odisha,2,Female,15,50-54 years,500,Atrial fibrillation and flutter,91,Lead exposure,1,Number,2017,8.527037998,28.09291955,-1.357417155
1,All Population,3,YLDs (Years Lived with Disability),44538,Other Union Territories,1,Male,15,50-54 years,498,Hypertensive heart disease,91,Lead exposure,1,Number,2017,0.665262922,1.803243698,0
1,All Population,3,YLDs (Years Lived with Disability),44538,Other Union Territories,2,Female,15,50-54 years,498,Hypertensive heart disease,91,Lead exposure,1,Number,2017,1.109657683,2.773572914,0
1,All Population,3,YLDs (Years Lived with Disability),4871,Telangana,1,Male,15,50-54 years,493,Ischemic heart disease,91,Lead exposure,1,Number,2017,493.4258684,748.2322208,293.888942
1,All Population,3,YLDs (Years Lived with Disability),4871,Telangana,2,Female,15,50-54 years,493,Ischemic heart disease,91,Lead exposure,1,Number,2017,277.630195,407.4602863,169.1673952
1,All Population,3,YLDs (Years Lived with Disability),4865,Odisha,1,Male,15,50-54 years,502,Lower extremity peripheral arterial disease,91,Lead exposure,1,Number,2017,0.109858491,0.397284487,-0.012203461
1,All Population,3,YLDs (Years Lived with Disability),4865,Odisha,2,Female,15,50-54 years,502,Lower extremity peripheral arterial disease,91,Lead exposure,1,Number,2017,0.134010033,0.474211358,-0.015741221
1,All Population,3,YLDs (Years Lived with Disability),4872,Tripura,1,Male,15,50-54 years,500,Atrial fibrillation and flutter,91,Lead exposure,1,Number,2017,1.197164645,3.850377306,-0.145650744
1,All Population,3,YLDs (Years Lived with Disability),4872,Tripura,2,Female,15,50-54 years,500,Atrial fibrillation and flutter,91,Lead exposure,1,Number,2017,0.824271708,2.491960178,-0.133352185
1,All Population,3,YLDs (Years Lived with Disability),4872,Tripura,1,Male,15,50-54 years,502,Lower extremity peripheral arterial disease,91,Lead exposure,1,Number,2017,0.010833014,0.035131423,-0.001081357
1,All Population,3,YLDs (Years Lived with Disability),4872,Tripura,2,Female,15,50-54 years,502,Lower extremity peripheral arterial disease,91,Lead exposure,1,Number,2017,0.01184053,0.039075688,-0.001172055
1,All Population,3,YLDs (Years Lived with Disability),4869,Sikkim,1,Male,15,50-54 years,493,Ischemic heart disease,380,Particulate matter pollution,1,Number,2017,7.484153815,11.15056249,4.288767071
1,All Population,3,YLDs (Years Lived with Disability),4869,Sikkim,2,Female,15,50-54 years,493,Ischemic heart disease,380,Particulate matter pollution,1,Number,2017,4.358822187,6.710017728,2.58809643
1,All Population,3,YLDs (Years Lived with Disability),4869,Sikkim,1,Male,15,50-54 years,494,Stroke,91,Lead exposure,1,Number,2017,2.315709402,5.802361492,-0.339919416
1,All Population,3,YLDs (Years Lived with Disability),4869,Sikkim,2,Female,15,50-54 years,494,Stroke,91,Lead exposure,1,Number,2017,1.522946119,3.928894379,-0.210116643
1,All Population,3,YLDs (Years Lived with Disability),4844,Bihar,1,Male,15,50-54 years,493,Ischemic heart disease,380,Particulate matter pollution,1,Number,2017,1107.954836,1657.353388,642.9139301
1,All Population,3,YLDs (Years Lived with Disability),4844,Bihar,2,Female,15,50-54 years,493,Ischemic heart disease,380,Particulate matter pollution,1,Number,2017,717.2371473,1084.158067,393.7271456
1,All Population,3,YLDs (Years Lived with Disability),4844,Bihar,1,Male,15,50-54 years,494,Stroke,91,Lead exposure,1,Number,2017,288.2797884,772.7208927,-49.57046586
1,All Population,3,YLDs (Years Lived with Disability),4844,Bihar,2,Female,15,50-54 years,494,Stroke,91,Lead exposure,1,Number,2017,233.5987081,623.9568158,-34.98979636
1,All Population,3,YLDs (Years Lived with Disability),4850,Goa,1,Male,15,50-54 years,500,Atrial fibrillation and flutter,91,Lead exposure,1,Number,2017,0.475061649,1.577257701,-0.069359124
1,All Population,3,YLDs (Years Lived with Disability),4850,Goa,2,Female,15,50-54 years,500,Atrial fibrillation and flutter,91,Lead exposure,1,Number,2017,0.366504179,1.263503599,-0.050932608
1,All Population,3,YLDs (Years Lived with Disability),4863,Mizoram,1,Male,15,50-54 years,502,Lower extremity peripheral arterial disease,91,Lead exposure,1,Number,2017,0.002791768,0.010364916,-0.000282258
1,All Population,3,YLDs (Years Lived with Disability),4863,Mizoram,2,Female,15,50-54 years,502,Lower extremity peripheral arterial disease,91,Lead exposure,1,Number,2017,0.003319936,0.011999179,-0.00038312
1,All Population,3,YLDs (Years Lived with Disability),4867,Punjab,1,Male,15,50-54 years,493,Ischemic heart disease,380,Particulate matter pollution,1,Number,2017,584.2266977,881.3691636,336.507918
1,All Population,3,YLDs (Years Lived with Disability),4867,Punjab,2,Female,15,50-54 years,493,Ischemic heart disease,380,Particulate matter pollution,1,Number,2017,389.1846716,572.9032019,229.2605666
1,All Population,3,YLDs (Years Lived with Disability),4867,Punjab,1,Male,15,50-54 years,494,Stroke,91,Lead exposure,1,Number,2017,82.7453002,216.1181912,-12.87037664
1,All Population,3,YLDs (Years Lived with Disability),4867,Punjab,2,Female,15,50-54 years,494,Stroke,91,Lead exposure,1,Number,2017,64.51816996,155.1891878,-9.104978504
1,All Population,3,YLDs (Years Lived with Disability),4850,Goa,1,Male,15,50-54 years,502,Lower extremity peripheral arterial disease,91,Lead exposure,1,Number,2017,0.003761206,0.012959304,-0.000347393
1,All Population,3,YLDs (Years Lived with Disability),4850,Goa,2,Female,15,50-54 years,502,Lower extremity peripheral arterial disease,91,Lead exposure,1,Number,2017,0.00472947,0.017259557,-0.000590038
1,All Population,3,YLDs (Years Lived with Disability),4867,Punjab,1,Male,15,50-54 years,498,Hypertensive heart disease,91,Lead exposure,1,Number,2017,3.13164244,8.440212365,0
1,All Population,3,YLDs (Years Lived with Disability),4867,Punjab,2,Female,15,50-54 years,498,Hypertensive heart disease,91,Lead exposure,1,Number,2017,4.52021577,10.85504054,0
1,All Population,3,YLDs (Years Lived with Disability),4871,Telangana,1,Male,15,50-54 years,502,Lower extremity peripheral arterial disease,91,Lead exposure,1,Number,2017,0.080826274,0.266661694,-0.009414301
1,All Population,3,YLDs (Years Lived with Disability),4871,Telangana,2,Female,15,50-54 years,502,Lower extremity peripheral arterial disease,91,Lead exposure,1,Number,2017,0.094847482,0.36721479,-0.009258991
1,All Population,3,YLDs (Years Lived with Disability),4872,Tripura,1,Male,15,50-54 years,493,Ischemic heart disease,380,Particulate matter pollution,1,Number,2017,58.27438892,87.41168839,33.96342335
1,All Population,3,YLDs (Years Lived with Disability),4872,Tripura,2,Female,15,50-54 years,493,Ischemic heart disease,380,Particulate matter pollution,1,Number,2017,35.80067939,54.89765719,20.76442573
1,All Population,3,YLDs (Years Lived with Disability),4872,Tripura,1,Male,15,50-54 years,494,Stroke,91,Lead exposure,1,Number,2017,24.00433466,60.46181132,-3.515520782
1,All Population,3,YLDs (Years Lived with Disability),4872,Tripura,2,Female,15,50-54 years,494,Stroke,91,Lead exposure,1,Number,2017,14.54969836,39.55872672,-2.120102743
1,All Population,3,YLDs (Years Lived with Disability),4857,Kerala,1,Male,15,50-54 years,494,Stroke,380,Particulate matter pollution,1,Number,2017,894.2318419,1398.378473,487.3092065
1,All Population,3,YLDs (Years Lived with Disability),4857,Kerala,2,Female,15,50-54 years,494,Stroke,380,Particulate matter pollution,1,Number,2017,864.7260205,1334.143985,487.0592428
1,All Population,3,YLDs (Years Lived with Disability),44538,Other Union Territories,1,Male,15,50-54 years,493,Ischemic heart disease,380,Particulate matter pollution,1,Number,2017,44.6972552,69.23665648,24.29680641
1,All Population,3,YLDs (Years Lived with Disability),44538,Other Union Territories,2,Female,15,50-54 years,493,Ischemic heart disease,380,Particulate matter pollution,1,Number,2017,25.6790158,39.49669976,14.88802423
1,All Population,3,YLDs (Years Lived with Disability),4857,Kerala,1,Male,15,50-54 years,500,Atrial fibrillation and flutter,91,Lead exposure,1,Number,2017,11.73991011,39.84322748,-1.931205827
1,All Population,3,YLDs (Years Lived with Disability),4857,Kerala,2,Female,15,50-54 years,500,Atrial fibrillation and flutter,91,Lead exposure,1,Number,2017,10.46361043,33.99186719,-1.496395279
1,All Population,3,YLDs (Years Lived with Disability),4868,Rajasthan,1,Male,15,50-54 years,494,Stroke,380,Particulate matter pollution,1,Number,2017,1256.420769,1940.190365,697.5873994
1,All Population,3,YLDs (Years Lived with Disability),4868,Rajasthan,2,Female,15,50-54 years,494,Stroke,380,Particulate matter pollution,1,Number,2017,1130.729224,1666.080387,646.6711169
1,All Population,3,YLDs (Years Lived with Disability),4851,Gujarat,1,Male,15,50-54 years,493,Ischemic heart disease,91,Lead exposure,1,Number,2017,1031.455963,1510.26554,628.0264873
1,All Population,3,YLDs (Years Lived with Disability),4851,Gujarat,2,Female,15,50-54 years,493,Ischemic heart disease,91,Lead exposure,1,Number,2017,557.3380106,800.1017353,340.3109235
1,All Population,3,YLDs (Years Lived with Disability),4843,Assam,1,Male,15,50-54 years,493,Ischemic heart disease,380,Particulate matter pollution,1,Number,2020,341.3271223,532.8375809,190.3298928
1,All Population,3,YLDs (Years Lived with Disability),4843,Assam,2,Female,15,50-54 years,493,Ischemic heart disease,380,Particulate matter pollution,1,Number,2020,212.0570032,313.3570141,130.2384525
1,All Population,3,YLDs (Years Lived with Disability),4843,Assam,1,Male,15,50-54 years,494,Stroke,91,Lead exposure,1,Number,2020,186.0021941,527.5058361,-27.2439427
1,All Population,3,YLDs (Years Lived with Disability),4843,Assam,2,Female,15,50-54 years,494,Stroke,91,Lead exposure,1,Number,2020,101.8134032,272.3908476,-16.26283048
1,All Population,3,YLDs (Years Lived with Disability),4846,Chhattisgarh,1,Male,15,50-54 years,493,Ischemic heart disease,91,Lead exposure,1,Number,2020,335.6720539,497.4381731,203.1475063
1,All Population,3,YLDs (Years Lived with Disability),4846,Chhattisgarh,2,Female,15,50-54 years,493,Ischemic heart disease,91,Lead exposure,1,Number,2020,182.1712272,261.9744917,109.3921762
1,All Population,3,YLDs (Years Lived with Disability),4862,Meghalaya,1,Male,15,50-54 years,493,Ischemic heart disease,380,Particulate matter pollution,1,Number,2017,22.66428841,34.93769452,12.83244249
1,All Population,3,YLDs (Years Lived with Disability),4862,Meghalaya,2,Female,15,50-54 years,493,Ischemic heart disease,380,Particulate matter pollution,1,Number,2017,15.67181517,23.89210078,9.002766834
1,All Population,3,YLDs (Years Lived with Disability),4862,Meghalaya,1,Male,15,50-54 years,494,Stroke,91,Lead exposure,1,Number,2017,9.205812226,24.10239823,-1.520940621
1,All Population,3,YLDs (Years Lived with Disability),4862,Meghalaya,2,Female,15,50-54 years,494,Stroke,91,Lead exposure,1,Number,2017,6.706808196,18.06442884,-1.064274477
1,All Population,3,YLDs (Years Lived with Disability),4841,Andhra Pradesh,1,Male,15,50-54 years,493,Ischemic heart disease,380,Particulate matter pollution,1,Number,2020,743.7593442,1107.127542,430.3119812
1,All Population,3,YLDs (Years Lived with Disability),4841,Andhra Pradesh,2,Female,15,50-54 years,493,Ischemic heart disease,380,Particulate matter pollution,1,Number,2020,454.7364854,665.8042023,263.4759716
1,All Population,3,YLDs (Years Lived with Disability),4841,Andhra Pradesh,1,Male,15,50-54 years,494,Stroke,91,Lead exposure,1,Number,2020,180.2986635,481.3661833,-24.57910082
1,All Population,3,YLDs (Years Lived with Disability),4841,Andhra Pradesh,2,Female,15,50-54 years,494,Stroke,91,Lead exposure,1,Number,2020,140.897025,381.3025587,-18.39560576
1,All Population,3,YLDs (Years Lived with Disability),4862,Meghalaya,1,Male,15,50-54 years,498,Hypertensive heart disease,91,Lead exposure,1,Number,2017,0.668689008,1.593775448,0
1,All Population,3,YLDs (Years Lived with Disability),4862,Meghalaya,2,Female,15,50-54 years,498,Hypertensive heart disease,91,Lead exposure,1,Number,2017,0.925948387,2.336602918,0
1,All Population,3,YLDs (Years Lived with Disability),4849,Delhi,1,Male,15,50-54 years,493,Ischemic heart disease,380,Particulate matter pollution,1,Number,2017,293.0501963,456.9421473,172.0161164
1,All Population,3,YLDs (Years Lived with Disability),4849,Delhi,2,Female,15,50-54 years,493,Ischemic heart disease,380,Particulate matter pollution,1,Number,2017,177.5744284,271.6629907,104.8503549
1,All Population,3,YLDs (Years Lived with Disability),4849,Delhi,1,Male,15,50-54 years,494,Stroke,91,Lead exposure,1,Number,2017,45.11901247,128.2163814,-4.904585614
1,All Population,3,YLDs (Years Lived with Disability),4849,Delhi,2,Female,15,50-54 years,494,Stroke,91,Lead exposure,1,Number,2017,36.83598754,104.3685447,-3.513435792
1,All Population,3,YLDs (Years Lived with Disability),4841,Andhra Pradesh,1,Male,15,50-54 years,498,Hypertensive heart disease,91,Lead exposure,1,Number,2020,7.693741333,21.76765421,0
1,All Population,3,YLDs (Years Lived with Disability),4841,Andhra Pradesh,2,Female,15,50-54 years,498,Hypertensive heart disease,91,Lead exposure,1,Number,2020,14.34236722,34.31599204,0
1,All Population,3,YLDs (Years Lived with Disability),4864,Nagaland,1,Male,15,50-54 years,493,Ischemic heart disease,380,Particulate matter pollution,1,Number,2017,15.49872951,23.45360111,9.221757068
1,All Population,3,YLDs (Years Lived with Disability),4864,Nagaland,2,Female,15,50-54 years,493,Ischemic heart disease,380,Particulate matter pollution,1,Number,2017,10.18816122,15.80954392,5.958141278
1,All Population,3,YLDs (Years Lived with Disability),4864,Nagaland,1,Male,15,50-54 years,494,Stroke,91,Lead exposure,1,Number,2017,8.067373606,20.64209888,-1.188819777
1,All Population,3,YLDs (Years Lived with Disability),4864,Nagaland,2,Female,15,50-54 years,494,Stroke,91,Lead exposure,1,Number,2017,3.857458607,9.560617489,-0.476324122
1,All Population,3,YLDs (Years Lived with Disability),4868,Rajasthan,1,Male,15,50-54 years,500,Atrial fibrillation and flutter,91,Lead exposure,1,Number,2017,10.11783103,29.83890862,-1.506577187
1,All Population,3,YLDs (Years Lived with Disability),4868,Rajasthan,2,Female,15,50-54 years,500,Atrial fibrillation and flutter,91,Lead exposure,1,Number,2017,6.315343685,20.24108691,-0.843632435
1,All Population,3,YLDs (Years Lived with Disability),4860,Maharashtra,1,Male,15,50-54 years,494,Stroke,380,Particulate matter pollution,1,Number,2017,2466.047938,3774.944516,1443.702121
1,All Population,3,YLDs (Years Lived with Disability),4860,Maharashtra,2,Female,15,50-54 years,494,Stroke,380,Particulate matter pollution,1,Number,2017,2004.651409,3084.551332,1180.011983
1,All Population,3,YLDs (Years Lived with Disability),4861,Manipur,1,Male,15,50-54 years,493,Ischemic heart disease,91,Lead exposure,1,Number,2017,30.19765086,44.52286781,17.76198603
1,All Population,3,YLDs (Years Lived with Disability),4861,Manipur,2,Female,15,50-54 years,493,Ischemic heart disease,91,Lead exposure,1,Number,2017,20.94610532,30.21130571,11.9663625
1,All Population,3,YLDs (Years Lived with Disability),4852,Haryana,1,Male,15,50-54 years,502,Lower extremity peripheral arterial disease,91,Lead exposure,1,Number,2020,0.051739801,0.169871688,-0.005277273
1,All Population,3,YLDs (Years Lived with Disability),4852,Haryana,2,Female,15,50-54 years,502,Lower extremity peripheral arterial disease,91,Lead exposure,1,Number,2020,0.069767649,0.238641909,-0.006496984
1,All Population,3,YLDs (Years Lived with Disability),4860,Maharashtra,1,Male,15,50-54 years,500,Atrial fibrillation and flutter,91,Lead exposure,1,Number,2017,30.98582374,86.12551719,-4.797646904
1,All Population,3,YLDs (Years Lived with Disability),4860,Maharashtra,2,Female,15,50-54 years,500,Atrial fibrillation and flutter,91,Lead exposure,1,Number,2017,22.01381314,61.14487419,-3.138200246
1,All Population,3,YLDs (Years Lived with Disability),4850,Goa,1,Male,15,50-54 years,493,Ischemic heart disease,91,Lead exposure,1,Number,2020,22.35185146,32.002241,13.93808706
1,All Population,3,YLDs (Years Lived with Disability),4850,Goa,2,Female,15,50-54 years,493,Ischemic heart disease,91,Lead exposure,1,Number,2020,13.31102017,19.44421422,7.999567621
1,All Population,3,YLDs (Years Lived with Disability),4869,Sikkim,1,Male,15,50-54 years,493,Ischemic heart disease,91,Lead exposure,1,Number,2017,6.66820531,9.850478046,3.818112339
1,All Population,3,YLDs (Years Lived with Disability),4869,Sikkim,2,Female,15,50-54 years,493,Ischemic heart disease,91,Lead exposure,1,Number,2017,3.497831429,5.177750946,2.150768749
1,All Population,3,YLDs (Years Lived with Disability),4867,Punjab,1,Male,15,50-54 years,493,Ischemic heart disease,91,Lead exposure,1,Number,2017,424.0863118,644.4591026,253.6059544
1,All Population,3,YLDs (Years Lived with Disability),4867,Punjab,2,Female,15,50-54 years,493,Ischemic heart disease,91,Lead exposure,1,Number,2017,260.7000543,369.6791781,153.1562216
1,All Population,3,YLDs (Years Lived with Disability),4859,Madhya Pradesh,1,Male,15,50-54 years,493,Ischemic heart disease,380,Particulate matter pollution,1,Number,2020,1291.894953,1931.992929,771.6420931
1,All Population,3,YLDs (Years Lived with Disability),4859,Madhya Pradesh,2,Female,15,50-54 years,493,Ischemic heart disease,380,Particulate matter pollution,1,Number,2020,660.8769731,995.1892263,367.8797656
1,All Population,3,YLDs (Years Lived with Disability),4859,Madhya Pradesh,1,Male,15,50-54 years,494,Stroke,91,Lead exposure,1,Number,2020,291.7406336,731.5280103,-51.59046358
1,All Population,3,YLDs (Years Lived with Disability),4859,Madhya Pradesh,2,Female,15,50-54 years,494,Stroke,91,Lead exposure,1,Number,2020,206.4059611,531.0644479,-36.78581608
1,All Population,3,YLDs (Years Lived with Disability),4859,Madhya Pradesh,1,Male,15,50-54 years,498,Hypertensive heart disease,91,Lead exposure,1,Number,2020,13.37793994,40.26727926,0
1,All Population,3,YLDs (Years Lived with Disability),4859,Madhya Pradesh,2,Female,15,50-54 years,498,Hypertensive heart disease,91,Lead exposure,1,Number,2020,25.90780249,71.87023413,0
1,All Population,3,YLDs (Years Lived with Disability),4853,Himachal Pradesh,1,Male,15,50-54 years,493,Ischemic heart disease,91,Lead exposure,1,Number,2017,114.0179847,174.7702341,66.00150739
1,All Population,3,YLDs (Years Lived with Disability),4853,Himachal Pradesh,2,Female,15,50-54 years,493,Ischemic heart disease,91,Lead exposure,1,Number,2017,54.38220842,79.29110165,32.32921477
1,All Population,3,YLDs (Years Lived with Disability),4842,Arunachal Pradesh,1,Male,15,50-54 years,494,Stroke,380,Particulate matter pollution,1,Number,2018,21.22806146,33.97243511,10.90908724
1,All Population,3,YLDs (Years Lived with Disability),4842,Arunachal Pradesh,2,Female,15,50-54 years,494,Stroke,380,Particulate matter pollution,1,Number,2018,15.62863584,23.56576454,8.705437841
1,All Population,3,YLDs (Years Lived with Disability),4856,Karnataka,1,Male,15,50-54 years,494,Stroke,380,Particulate matter pollution,1,Number,2020,1139.723187,1751.052935,625.9058126
1,All Population,3,YLDs (Years Lived with Disability),4856,Karnataka,2,Female,15,50-54 years,494,Stroke,380,Particulate matter pollution,1,Number,2020,964.4257482,1502.347716,498.5308708
1,All Population,3,YLDs (Years Lived with Disability),4856,Karnataka,1,Male,15,50-54 years,498,Hypertensive heart disease,91,Lead exposure,1,Number,2020,12.34220215,33.80567926,0
1,All Population,3,YLDs (Years Lived with Disability),4856,Karnataka,2,Female,15,50-54 years,498,Hypertensive heart disease,91,Lead exposure,1,Number,2020,22.60938844,56.66209175,0
1,All Population,3,YLDs (Years Lived with Disability),4854,Jammu & Kashmir and Ladakh,1,Male,15,50-54 years,494,Stroke,380,Particulate matter pollution,1,Number,2020,173.1257166,262.9292663,94.02549056
1,All Population,3,YLDs (Years Lived with Disability),4854,Jammu & Kashmir and Ladakh,2,Female,15,50-54 years,494,Stroke,380,Particulate matter pollution,1,Number,2020,145.8430005,220.4868544,80.19769529
1,All Population,3,YLDs (Years Lived with Disability),4861,Manipur,1,Male,15,50-54 years,493,Ischemic heart disease,380,Particulate matter pollution,1,Number,2020,30.25779871,46.97636727,17.20602911
1,All Population,3,YLDs (Years Lived with Disability),4861,Manipur,2,Female,15,50-54 years,493,Ischemic heart disease,380,Particulate matter pollution,1,Number,2020,22.85384647,35.02490898,13.9949948
1,All Population,3,YLDs (Years Lived with Disability),4861,Manipur,1,Male,15,50-54 years,494,Stroke,91,Lead exposure,1,Number,2020,16.71450835,45.81530285,-2.764716974
1,All Population,3,YLDs (Years Lived with Disability),4861,Manipur,2,Female,15,50-54 years,494,Stroke,91,Lead exposure,1,Number,2020,10.66116006,28.60274942,-1.779030399
1,All Population,3,YLDs (Years Lived with Disability),4854,Jammu & Kashmir and Ladakh,1,Male,15,50-54 years,500,Atrial fibrillation and flutter,91,Lead exposure,1,Number,2020,2.650023009,8.436222117,-0.391426181
1,All Population,3,YLDs (Years Lived with Disability),4854,Jammu & Kashmir and Ladakh,2,Female,15,50-54 years,500,Atrial fibrillation and flutter,91,Lead exposure,1,Number,2020,1.929701368,5.746986614,-0.309102467
1,All Population,3,YLDs (Years Lived with Disability),4863,Mizoram,1,Male,15,50-54 years,493,Ischemic heart disease,91,Lead exposure,1,Number,2020,7.577651329,11.34348882,4.686710262
1,All Population,3,YLDs (Years Lived with Disability),4863,Mizoram,2,Female,15,50-54 years,493,Ischemic heart disease,91,Lead exposure,1,Number,2020,4.186517329,5.98102885,2.545891774
1,All Population,3,YLDs (Years Lived with Disability),4842,Arunachal Pradesh,1,Male,15,50-54 years,500,Atrial fibrillation and flutter,91,Lead exposure,1,Number,2018,0.392301214,1.18551471,-0.048680803
1,All Population,3,YLDs (Years Lived with Disability),4842,Arunachal Pradesh,2,Female,15,50-54 years,500,Atrial fibrillation and flutter,91,Lead exposure,1,Number,2018,0.232303225,0.73265598,-0.036541447
1,All Population,3,YLDs (Years Lived with Disability),4857,Kerala,1,Male,15,50-54 years,494,Stroke,380,Particulate matter pollution,1,Number,2018,865.53959,1369.024291,434.005537
1,All Population,3,YLDs (Years Lived with Disability),4857,Kerala,2,Female,15,50-54 years,494,Stroke,380,Particulate matter pollution,1,Number,2018,857.1881044,1342.04172,440.4125885
1,All Population,3,YLDs (Years Lived with Disability),4853,Himachal Pradesh,1,Male,15,50-54 years,500,Atrial fibrillation and flutter,91,Lead exposure,1,Number,2020,2.392969622,7.266517873,-0.278120339
1,All Population,3,YLDs (Years Lived with Disability),4853,Himachal Pradesh,2,Female,15,50-54 years,500,Atrial fibrillation and flutter,91,Lead exposure,1,Number,2020,1.784943642,6.205894446,-0.20197367
1,All Population,3,YLDs (Years Lived with Disability),4853,Himachal Pradesh,1,Male,15,50-54 years,502,Lower extremity peripheral arterial disease,91,Lead exposure,1,Number,2020,0.017805636,0.055282551,-0.00238608
1,All Population,3,YLDs (Years Lived with Disability),4853,Himachal Pradesh,2,Female,15,50-54 years,502,Lower extremity peripheral arterial disease,91,Lead exposure,1,Number,2020,0.022754997,0.072894771,-0.003077669
1,All Population,3,YLDs (Years Lived with Disability),4844,Bihar,1,Male,15,50-54 years,493,Ischemic heart disease,380,Particulate matter pollution,1,Number,2018,1113.563052,1667.180044,648.6932711
1,All Population,3,YLDs (Years Lived with Disability),4844,Bihar,2,Female,15,50-54 years,493,Ischemic heart disease,380,Particulate matter pollution,1,Number,2018,715.8332422,1095.536644,402.9540296
1,All Population,3,YLDs (Years Lived with Disability),4844,Bihar,1,Male,15,50-54 years,494,Stroke,91,Lead exposure,1,Number,2018,300.6924501,765.0295464,-51.96096165
1,All Population,3,YLDs (Years Lived with Disability),4844,Bihar,2,Female,15,50-54 years,494,Stroke,91,Lead exposure,1,Number,2018,236.6256469,632.9307359,-41.10036231
1,All Population,3,YLDs (Years Lived with Disability),4865,Odisha,1,Male,15,50-54 years,493,Ischemic heart disease,91,Lead exposure,1,Number,2020,400.0085477,583.544309,240.0205769
1,All Population,3,YLDs (Years Lived with Disability),4865,Odisha,2,Female,15,50-54 years,493,Ischemic heart disease,91,Lead exposure,1,Number,2020,236.8393563,354.7292673,141.6039345
1,All Population,3,YLDs (Years Lived with Disability),4868,Rajasthan,1,Male,15,50-54 years,502,Lower extremity peripheral arterial disease,91,Lead exposure,1,Number,2020,0.092005373,0.325185554,-0.00891359
1,All Population,3,YLDs (Years Lived with Disability),4868,Rajasthan,2,Female,15,50-54 years,502,Lower extremity peripheral arterial disease,91,Lead exposure,1,Number,2020,0.101265,0.327774588,-0.011704887
1,All Population,3,YLDs (Years Lived with Disability),4857,Kerala,1,Male,15,50-54 years,500,Atrial fibrillation and flutter,91,Lead exposure,1,Number,2018,11.574852,38.0338204,-1.825028755
1,All Population,3,YLDs (Years Lived with Disability),4857,Kerala,2,Female,15,50-54 years,500,Atrial fibrillation and flutter,91,Lead exposure,1,Number,2018,10.56769098,33.92192703,-1.495208452
1,All Population,3,YLDs (Years Lived with Disability),4842,Arunachal Pradesh,1,Male,15,50-54 years,493,Ischemic heart disease,380,Particulate matter pollution,1,Number,2020,11.02130457,16.85670234,6.251531645
1,All Population,3,YLDs (Years Lived with Disability),4842,Arunachal Pradesh,2,Female,15,50-54 years,493,Ischemic heart disease,380,Particulate matter pollution,1,Number,2020,5.771544426,8.831576189,3.19208001
1,All Population,3,YLDs (Years Lived with Disability),4842,Arunachal Pradesh,1,Male,15,50-54 years,494,Stroke,91,Lead exposure,1,Number,2020,5.30456963,13.81855539,-0.726559212
1,All Population,3,YLDs (Years Lived with Disability),4842,Arunachal Pradesh,2,Female,15,50-54 years,494,Stroke,91,Lead exposure,1,Number,2020,3.046437725,8.169269788,-0.431596534
1,All Population,3,YLDs (Years Lived with Disability),4844,Bihar,1,Male,15,50-54 years,498,Hypertensive heart disease,91,Lead exposure,1,Number,2018,24.42770962,64.90345476,0
1,All Population,3,YLDs (Years Lived with Disability),4844,Bihar,2,Female,15,50-54 years,498,Hypertensive heart disease,91,Lead exposure,1,Number,2018,31.64940985,82.80554879,0
1,All Population,3,YLDs (Years Lived with Disability),4864,Nagaland,1,Male,15,50-54 years,493,Ischemic heart disease,380,Particulate matter pollution,1,Number,2018,14.91994536,22.56928725,8.200354795
1,All Population,3,YLDs (Years Lived with Disability),4864,Nagaland,2,Female,15,50-54 years,493,Ischemic heart disease,380,Particulate matter pollution,1,Number,2018,9.842908274,14.65520064,5.826663787
1,All Population,3,YLDs (Years Lived with Disability),4864,Nagaland,1,Male,15,50-54 years,494,Stroke,91,Lead exposure,1,Number,2018,8.030045108,20.21171636,-1.180072595
1,All Population,3,YLDs (Years Lived with Disability),4864,Nagaland,2,Female,15,50-54 years,494,Stroke,91,Lead exposure,1,Number,2018,3.892384306,10.19594839,-0.552774405
1,All Population,3,YLDs (Years Lived with Disability),4870,Tamil Nadu,1,Male,15,50-54 years,494,Stroke,380,Particulate matter pollution,1,Number,2020,1413.16363,2183.447258,734.7344894
1,All Population,3,YLDs (Years Lived with Disability),4870,Tamil Nadu,2,Female,15,50-54 years,494,Stroke,380,Particulate matter pollution,1,Number,2020,1383.662057,2174.593471,742.2015973
1,All Population,3,YLDs (Years Lived with Disability),4842,Arunachal Pradesh,1,Male,15,50-54 years,498,Hypertensive heart disease,91,Lead exposure,1,Number,2020,0.324424856,0.866631224,0
1,All Population,3,YLDs (Years Lived with Disability),4842,Arunachal Pradesh,2,Female,15,50-54 years,498,Hypertensive heart disease,91,Lead exposure,1,Number,2020,0.47209639,1.196493256,0
1,All Population,3,YLDs (Years Lived with Disability),4857,Kerala,1,Male,15,50-54 years,502,Lower extremity peripheral arterial disease,91,Lead exposure,1,Number,2018,0.08631376,0.288737151,-0.010230224
1,All Population,3,YLDs (Years Lived with Disability),4857,Kerala,2,Female,15,50-54 years,502,Lower extremity peripheral arterial disease,91,Lead exposure,1,Number,2018,0.127522617,0.437653672,-0.016318923
1,All Population,3,YLDs (Years Lived with Disability),4867,Punjab,1,Male,15,50-54 years,493,Ischemic heart disease,91,Lead exposure,1,Number,2018,420.0372942,622.7202373,250.6780786
1,All Population,3,YLDs (Years Lived with Disability),4867,Punjab,2,Female,15,50-54 years,493,Ischemic heart disease,91,Lead exposure,1,Number,2018,262.1360635,376.6457843,160.0361433
1,All Population,3,YLDs (Years Lived with Disability),4853,Himachal Pradesh,1,Male,15,50-54 years,493,Ischemic heart disease,91,Lead exposure,1,Number,2018,114.1247065,171.4441382,68.62755
1,All Population,3,YLDs (Years Lived with Disability),4853,Himachal Pradesh,2,Female,15,50-54 years,493,Ischemic heart disease,91,Lead exposure,1,Number,2018,53.04771687,77.5583623,31.8835681
1,All Population,3,YLDs (Years Lived with Disability),4849,Delhi,1,Male,15,50-54 years,493,Ischemic heart disease,91,Lead exposure,1,Number,2020,195.1569622,282.1468806,119.1718692
1,All Population,3,YLDs (Years Lived with Disability),4849,Delhi,2,Female,15,50-54 years,493,Ischemic heart disease,91,Lead exposure,1,Number,2020,102.5604255,150.5707753,60.16982253
1,All Population,3,YLDs (Years Lived with Disability),4870,Tamil Nadu,1,Male,15,50-54 years,500,Atrial fibrillation and flutter,91,Lead exposure,1,Number,2020,30.18583331,97.02969575,-4.500066531
1,All Population,3,YLDs (Years Lived with Disability),4870,Tamil Nadu,2,Female,15,50-54 years,500,Atrial fibrillation and flutter,91,Lead exposure,1,Number,2020,23.53676345,73.49548919,-3.389081458
1,All Population,3,YLDs (Years Lived with Disability),4872,Tripura,1,Male,15,50-54 years,494,Stroke,380,Particulate matter pollution,1,Number,2020,147.869623,222.9832257,84.72233782
1,All Population,3,YLDs (Years Lived with Disability),4872,Tripura,2,Female,15,50-54 years,494,Stroke,380,Particulate matter pollution,1,Number,2020,105.3264593,157.9626768,58.76927491
1,All Population,3,YLDs (Years Lived with Disability),4851,Gujarat,1,Male,15,50-54 years,494,Stroke,380,Particulate matter pollution,1,Number,2018,1551.378816,2314.821679,871.376646
1,All Population,3,YLDs (Years Lived with Disability),4851,Gujarat,2,Female,15,50-54 years,494,Stroke,380,Particulate matter pollution,1,Number,2018,1361.803542,1985.028625,764.9106365
1,All Population,3,YLDs (Years Lived with Disability),4872,Tripura,1,Male,15,50-54 years,498,Hypertensive heart disease,91,Lead exposure,1,Number,2020,0.88403301,2.300635362,0
1,All Population,3,YLDs (Years Lived with Disability),4872,Tripura,2,Female,15,50-54 years,498,Hypertensive heart disease,91,Lead exposure,1,Number,2020,1.377194163,3.191682724,0
1,All Population,3,YLDs (Years Lived with Disability),4874,Uttarakhand,1,Male,15,50-54 years,493,Ischemic heart disease,380,Particulate matter pollution,1,Number,2020,194.3922809,306.9579817,111.3498291
1,All Population,3,YLDs (Years Lived with Disability),4874,Uttarakhand,2,Female,15,50-54 years,493,Ischemic heart disease,380,Particulate matter pollution,1,Number,2020,110.2484934,166.2792833,61.70785377
1,All Population,3,YLDs (Years Lived with Disability),4874,Uttarakhand,1,Male,15,50-54 years,494,Stroke,91,Lead exposure,1,Number,2020,44.62276972,106.3806855,-7.119433195
1,All Population,3,YLDs (Years Lived with Disability),4874,Uttarakhand,2,Female,15,50-54 years,494,Stroke,91,Lead exposure,1,Number,2020,28.95164247,73.72301171,-4.557525332
1,All Population,3,YLDs (Years Lived with Disability),4860,Maharashtra,1,Male,15,50-54 years,493,Ischemic heart disease,380,Particulate matter pollution,1,Number,2020,1361.166525,2003.482327,781.3742925
1,All Population,3,YLDs (Years Lived with Disability),4860,Maharashtra,2,Female,15,50-54 years,493,Ischemic heart disease,380,Particulate matter pollution,1,Number,2020,867.7241445,1304.053047,501.5348724
1,All Population,3,YLDs (Years Lived with Disability),4860,Maharashtra,1,Male,15,50-54 years,494,Stroke,91,Lead exposure,1,Number,2020,532.3470168,1407.540028,-79.80786062
1,All Population,3,YLDs (Years Lived with Disability),4860,Maharashtra,2,Female,15,50-54 years,494,Stroke,91,Lead exposure,1,Number,2020,371.9127869,949.710742,-61.66414006
1,All Population,3,YLDs (Years Lived with Disability),4856,Karnataka,1,Male,15,50-54 years,493,Ischemic heart disease,91,Lead exposure,1,Number,2018,1017.602506,1503.376059,640.3511033
1,All Population,3,YLDs (Years Lived with Disability),4856,Karnataka,2,Female,15,50-54 years,493,Ischemic heart disease,91,Lead exposure,1,Number,2018,661.6842461,957.721022,412.5978782
1,All Population,3,YLDs (Years Lived with Disability),4874,Uttarakhand,1,Male,15,50-54 years,498,Hypertensive heart disease,91,Lead exposure,1,Number,2020,1.645771648,4.800970405,0
1,All Population,3,YLDs (Years Lived with Disability),4874,Uttarakhand,2,Female,15,50-54 years,498,Hypertensive heart disease,91,Lead exposure,1,Number,2020,2.978199653,7.410053521,0
1,All Population,3,YLDs (Years Lived with Disability),4860,Maharashtra,1,Male,15,50-54 years,498,Hypertensive heart disease,91,Lead exposure,1,Number,2020,20.95244615,55.4045589,0
1,All Population,3,YLDs (Years Lived with Disability),4860,Maharashtra,2,Female,15,50-54 years,498,Hypertensive heart disease,91,Lead exposure,1,Number,2020,39.6134352,98.68164105,0
1,All Population,3,YLDs (Years Lived with Disability),4871,Telangana,1,Male,15,50-54 years,502,Lower extremity peripheral arterial disease,91,Lead exposure,1,Number,2018,0.080056314,0.274035508,-0.009233563
1,All Population,3,YLDs (Years Lived with Disability),4871,Telangana,2,Female,15,50-54 years,502,Lower extremity peripheral arterial disease,91,Lead exposure,1,Number,2018,0.094092114,0.334018569,-0.009897658
1,All Population,3,YLDs (Years Lived with Disability),4860,Maharashtra,1,Male,15,50-54 years,494,Stroke,380,Particulate matter pollution,1,Number,2018,2534.568032,4072.149569,1390.700234
1,All Population,3,YLDs (Years Lived with Disability),4860,Maharashtra,2,Female,15,50-54 years,494,Stroke,380,Particulate matter pollution,1,Number,2018,2071.012672,3205.58504,1249.988041
1,All Population,3,YLDs (Years Lived with Disability),4875,West Bengal,1,Male,15,50-54 years,494,Stroke,380,Particulate matter pollution,1,Number,2017,3538.450149,5304.467915,2067.369669
1,All Population,3,YLDs (Years Lived with Disability),4875,West Bengal,2,Female,15,50-54 years,494,Stroke,380,Particulate matter pollution,1,Number,2017,3121.955023,4615.803641,1761.886771
1,All Population,3,YLDs (Years Lived with Disability),4860,Maharashtra,1,Male,15,50-54 years,500,Atrial fibrillation and flutter,91,Lead exposure,1,Number,2018,31.5467301,85.8530854,-4.985308817
1,All Population,3,YLDs (Years Lived with Disability),4860,Maharashtra,2,Female,15,50-54 years,500,Atrial fibrillation and flutter,91,Lead exposure,1,Number,2018,22.92455607,67.70693362,-2.351592277
1,All Population,3,YLDs (Years Lived with Disability),4857,Kerala,1,Male,15,50-54 years,494,Stroke,91,Lead exposure,1,Number,2020,206.6760124,505.3062683,-30.91765662
1,All Population,3,YLDs (Years Lived with Disability),4857,Kerala,2,Female,15,50-54 years,494,Stroke,91,Lead exposure,1,Number,2020,177.4970793,450.4315449,-25.56491765
1,All Population,3,YLDs (Years Lived with Disability),4862,Meghalaya,1,Male,15,50-54 years,493,Ischemic heart disease,380,Particulate matter pollution,1,Number,2018,22.30157984,34.30628264,12.45584625
1,All Population,3,YLDs (Years Lived with Disability),4862,Meghalaya,2,Female,15,50-54 years,493,Ischemic heart disease,380,Particulate matter pollution,1,Number,2018,15.80051763,24.1996294,9.287680312
1,All Population,3,YLDs (Years Lived with Disability),4862,Meghalaya,1,Male,15,50-54 years,494,Stroke,91,Lead exposure,1,Number,2018,9.22153536,24.03818758,-1.540235288
1,All Population,3,YLDs (Years Lived with Disability),4862,Meghalaya,2,Female,15,50-54 years,494,Stroke,91,Lead exposure,1,Number,2018,6.866157496,18.19436212,-1.189126878
1,All Population,3,YLDs (Years Lived with Disability),4851,Gujarat,1,Male,15,50-54 years,502,Lower extremity peripheral arterial disease,91,Lead exposure,1,Number,2020,0.182017737,0.636336644,-0.023291341
1,All Population,3,YLDs (Years Lived with Disability),4851,Gujarat,2,Female,15,50-54 years,502,Lower extremity peripheral arterial disease,91,Lead exposure,1,Number,2020,0.236904929,0.765200899,-0.027636479
1,All Population,3,YLDs (Years Lived with Disability),4875,West Bengal,1,Male,15,50-54 years,500,Atrial fibrillation and flutter,91,Lead exposure,1,Number,2017,27.79788393,90.72033401,-4.574051649
1,All Population,3,YLDs (Years Lived with Disability),4875,West Bengal,2,Female,15,50-54 years,500,Atrial fibrillation and flutter,91,Lead exposure,1,Number,2017,20.65818963,63.21312979,-3.273508577
1,All Population,3,YLDs (Years Lived with Disability),4869,Sikkim,1,Male,15,50-54 years,493,Ischemic heart disease,91,Lead exposure,1,Number,2018,6.17406425,9.163194081,3.634986072
1,All Population,3,YLDs (Years Lived with Disability),4869,Sikkim,2,Female,15,50-54 years,493,Ischemic heart disease,91,Lead exposure,1,Number,2018,3.419629688,5.13513693,2.162134866
1,All Population,3,YLDs (Years Lived with Disability),4873,Uttar Pradesh,1,Male,15,50-54 years,494,Stroke,380,Particulate matter pollution,1,Number,2018,4661.064512,7015.673404,2815.94607
1,All Population,3,YLDs (Years Lived with Disability),4873,Uttar Pradesh,2,Female,15,50-54 years,494,Stroke,380,Particulate matter pollution,1,Number,2018,5018.876602,7552.268131,2881.024532
1,All Population,3,YLDs (Years Lived with Disability),4857,Kerala,1,Male,15,50-54 years,498,Hypertensive heart disease,91,Lead exposure,1,Number,2020,6.015499502,15.19756862,0
1,All Population,3,YLDs (Years Lived with Disability),4857,Kerala,2,Female,15,50-54 years,498,Hypertensive heart disease,91,Lead exposure,1,Number,2020,16.27809739,37.48935265,0
1,All Population,3,YLDs (Years Lived with Disability),4851,Gujarat,1,Male,15,50-54 years,493,Ischemic heart disease,91,Lead exposure,1,Number,2018,1015.043508,1527.734949,620.9682458
1,All Population,3,YLDs (Years Lived with Disability),4851,Gujarat,2,Female,15,50-54 years,493,Ischemic heart disease,91,Lead exposure,1,Number,2018,554.268555,783.6637121,339.4007461
1,All Population,3,YLDs (Years Lived with Disability),4841,Andhra Pradesh,1,Male,15,50-54 years,502,Lower extremity peripheral arterial disease,91,Lead exposure,1,Number,2018,0.116591408,0.414531849,-0.012898306
1,All Population,3,YLDs (Years Lived with Disability),4841,Andhra Pradesh,2,Female,15,50-54 years,502,Lower extremity peripheral arterial disease,91,Lead exposure,1,Number,2018,0.14605237,0.491153547,-0.014888322
1,All Population,3,YLDs (Years Lived with Disability),44538,Other Union Territories,1,Male,15,50-54 years,493,Ischemic heart disease,380,Particulate matter pollution,1,Number,2018,44.83437174,68.3442386,24.60986612
1,All Population,3,YLDs (Years Lived with Disability),44538,Other Union Territories,2,Female,15,50-54 years,493,Ischemic heart disease,380,Particulate matter pollution,1,Number,2018,25.72741287,39.50544927,15.03296317
1,All Population,3,YLDs (Years Lived with Disability),4875,West Bengal,1,Male,15,50-54 years,494,Stroke,380,Particulate matter pollution,1,Number,2018,3615.386227,5408.012378,2099.809809
1,All Population,3,YLDs (Years Lived with Disability),4875,West Bengal,2,Female,15,50-54 years,494,Stroke,380,Particulate matter pollution,1,Number,2018,3218.941461,4862.125323,1972.379722
1,All Population,3,YLDs (Years Lived with Disability),4862,Meghalaya,1,Male,15,50-54 years,498,Hypertensive heart disease,91,Lead exposure,1,Number,2018,0.701820343,1.710612172,0
1,All Population,3,YLDs (Years Lived with Disability),4862,Meghalaya,2,Female,15,50-54 years,498,Hypertensive heart disease,91,Lead exposure,1,Number,2018,0.971362735,2.491101817,0
1,All Population,3,YLDs (Years Lived with Disability),4855,Jharkhand,1,Male,15,50-54 years,494,Stroke,380,Particulate matter pollution,1,Number,2020,653.7598237,959.7944339,372.6067575
1,All Population,3,YLDs (Years Lived with Disability),4855,Jharkhand,2,Female,15,50-54 years,494,Stroke,380,Particulate matter pollution,1,Number,2020,741.5248106,1156.026022,429.0522005
1,All Population,3,YLDs (Years Lived with Disability),4849,Delhi,1,Male,15,50-54 years,493,Ischemic heart disease,380,Particulate matter pollution,1,Number,2018,289.9068072,453.9066737,161.1824117
1,All Population,3,YLDs (Years Lived with Disability),4849,Delhi,2,Female,15,50-54 years,493,Ischemic heart disease,380,Particulate matter pollution,1,Number,2018,178.2912277,275.3864015,103.483222
1,All Population,3,YLDs (Years Lived with Disability),4849,Delhi,1,Male,15,50-54 years,494,Stroke,91,Lead exposure,1,Number,2018,45.04841406,130.8221781,-5.021698759
1,All Population,3,YLDs (Years Lived with Disability),4849,Delhi,2,Female,15,50-54 years,494,Stroke,91,Lead exposure,1,Number,2018,37.52995286,105.7785117,-3.549037495
1,All Population,3,YLDs (Years Lived with Disability),4869,Sikkim,1,Male,15,50-54 years,500,Atrial fibrillation and flutter,91,Lead exposure,1,Number,2020,0.19070203,0.57832445,-0.021067115
1,All Population,3,YLDs (Years Lived with Disability),4869,Sikkim,2,Female,15,50-54 years,500,Atrial fibrillation and flutter,91,Lead exposure,1,Number,2020,0.12557878,0.424164111,-0.014319315
1,All Population,3,YLDs (Years Lived with Disability),4869,Sikkim,1,Male,15,50-54 years,502,Lower extremity peripheral arterial disease,91,Lead exposure,1,Number,2020,0.00119469,0.004024366,-0.000131185
1,All Population,3,YLDs (Years Lived with Disability),4869,Sikkim,2,Female,15,50-54 years,502,Lower extremity peripheral arterial disease,91,Lead exposure,1,Number,2020,0.001134841,0.004144429,-0.000112904
1,All Population,3,YLDs (Years Lived with Disability),4864,Nagaland,1,Male,15,50-54 years,493,Ischemic heart disease,91,Lead exposure,1,Number,2020,13.21583954,19.26786769,8.053497064
1,All Population,3,YLDs (Years Lived with Disability),4864,Nagaland,2,Female,15,50-54 years,493,Ischemic heart disease,91,Lead exposure,1,Number,2020,7.969685757,11.45024313,4.580653977
1,All Population,3,YLDs (Years Lived with Disability),4855,Jharkhand,1,Male,15,50-54 years,500,Atrial fibrillation and flutter,91,Lead exposure,1,Number,2020,8.295889677,27.34478057,-1.119245691
1,All Population,3,YLDs (Years Lived with Disability),4855,Jharkhand,2,Female,15,50-54 years,500,Atrial fibrillation and flutter,91,Lead exposure,1,Number,2020,5.710528399,17.97969829,-0.712061864
1,All Population,3,YLDs (Years Lived with Disability),4875,West Bengal,1,Male,15,50-54 years,500,Atrial fibrillation and flutter,91,Lead exposure,1,Number,2018,28.48426658,92.00440312,-4.619128772
1,All Population,3,YLDs (Years Lived with Disability),4875,West Bengal,2,Female,15,50-54 years,500,Atrial fibrillation and flutter,91,Lead exposure,1,Number,2018,21.01269183,67.6559713,-3.06880713
1,All Population,3,YLDs (Years Lived with Disability),4855,Jharkhand,1,Male,15,50-54 years,502,Lower extremity peripheral arterial disease,91,Lead exposure,1,Number,2018,0.066853334,0.237223529,-0.006561547
1,All Population,3,YLDs (Years Lived with Disability),4855,Jharkhand,2,Female,15,50-54 years,502,Lower extremity peripheral arterial disease,91,Lead exposure,1,Number,2018,0.078189228,0.286020799,-0.009867916
1,All Population,3,YLDs (Years Lived with Disability),4851,Gujarat,1,Male,15,50-54 years,500,Atrial fibrillation and flutter,91,Lead exposure,1,Number,2018,20.81675983,68.32402777,-2.676143142
1,All Population,3,YLDs (Years Lived with Disability),4851,Gujarat,2,Female,15,50-54 years,500,Atrial fibrillation and flutter,91,Lead exposure,1,Number,2018,16.24780653,49.77881274,-2.103335321
1,All Population,3,YLDs (Years Lived with Disability),4850,Goa,1,Male,15,50-54 years,494,Stroke,91,Lead exposure,1,Number,2018,6.252802371,16.51655832,-1.099838833
1,All Population,3,YLDs (Years Lived with Disability),4850,Goa,2,Female,15,50-54 years,494,Stroke,91,Lead exposure,1,Number,2018,5.217099055,14.75149479,-0.921837775
1,All Population,3,YLDs (Years Lived with Disability),4873,Uttar Pradesh,1,Male,15,50-54 years,500,Atrial fibrillation and flutter,91,Lead exposure,1,Number,2018,52.54293769,149.7371329,-5.120168356
1,All Population,3,YLDs (Years Lived with Disability),4873,Uttar Pradesh,2,Female,15,50-54 years,500,Atrial fibrillation and flutter,91,Lead exposure,1,Number,2018,36.19188066,104.7728936,-4.242364842
1,All Population,3,YLDs (Years Lived with Disability),4867,Punjab,1,Male,15,50-54 years,502,Lower extremity peripheral arterial disease,91,Lead exposure,1,Number,2020,0.037314081,0.117393933,-0.004213394
1,All Population,3,YLDs (Years Lived with Disability),4867,Punjab,2,Female,15,50-54 years,502,Lower extremity peripheral arterial disease,91,Lead exposure,1,Number,2020,0.062105323,0.208900833,-0.005992128
1,All Population,3,YLDs (Years Lived with Disability),4871,Telangana,1,Male,15,50-54 years,493,Ischemic heart disease,380,Particulate matter pollution,1,Number,2018,476.7183133,733.3058232,265.073141
1,All Population,3,YLDs (Years Lived with Disability),4871,Telangana,2,Female,15,50-54 years,493,Ischemic heart disease,380,Particulate matter pollution,1,Number,2018,307.3658503,463.2557706,182.0178418
1,All Population,3,YLDs (Years Lived with Disability),4871,Telangana,1,Male,15,50-54 years,494,Stroke,91,Lead exposure,1,Number,2018,115.2750843,271.7348434,-16.16136945
1,All Population,3,YLDs (Years Lived with Disability),4871,Telangana,2,Female,15,50-54 years,494,Stroke,91,Lead exposure,1,Number,2018,77.50244812,189.3337307,-10.51756495
1,All Population,3,YLDs (Years Lived with Disability),4846,Chhattisgarh,1,Male,15,50-54 years,494,Stroke,380,Particulate matter pollution,1,Number,2018,867.8569856,1283.947734,495.6985636
1,All Population,3,YLDs (Years Lived with Disability),4846,Chhattisgarh,2,Female,15,50-54 years,494,Stroke,380,Particulate matter pollution,1,Number,2018,654.7781803,967.0286717,366.4298862
1,All Population,3,YLDs (Years Lived with Disability),4873,Uttar Pradesh,1,Male,15,50-54 years,502,Lower extremity peripheral arterial disease,91,Lead exposure,1,Number,2018,0.534079968,1.735789813,-0.05584379
1,All Population,3,YLDs (Years Lived with Disability),4873,Uttar Pradesh,2,Female,15,50-54 years,502,Lower extremity peripheral arterial disease,91,Lead exposure,1,Number,2018,0.613266779,2.133287331,-0.074426571
1,All Population,3,YLDs (Years Lived with Disability),4850,Goa,1,Male,15,50-54 years,498,Hypertensive heart disease,91,Lead exposure,1,Number,2018,0.323151591,0.785278601,0
1,All Population,3,YLDs (Years Lived with Disability),4850,Goa,2,Female,15,50-54 years,498,Hypertensive heart disease,91,Lead exposure,1,Number,2018,0.492196671,1.142416204,0
1,All Population,3,YLDs (Years Lived with Disability),4859,Madhya Pradesh,1,Male,15,50-54 years,502,Lower extremity peripheral arterial disease,91,Lead exposure,1,Number,2018,0.185006473,0.623727157,-0.026965739
1,All Population,3,YLDs (Years Lived with Disability),4859,Madhya Pradesh,2,Female,15,50-54 years,502,Lower extremity peripheral arterial disease,91,Lead exposure,1,Number,2018,0.209123181,0.710823522,-0.022896328
1,All Population,3,YLDs (Years Lived with Disability),4871,Telangana,1,Male,15,50-54 years,494,Stroke,380,Particulate matter pollution,1,Number,2020,532.6266727,837.3939776,290.1034453
1,All Population,3,YLDs (Years Lived with Disability),4871,Telangana,2,Female,15,50-54 years,494,Stroke,380,Particulate matter pollution,1,Number,2020,444.3765607,654.1917056,245.7225124
1,All Population,3,YLDs (Years Lived with Disability),4871,Telangana,1,Male,15,50-54 years,500,Atrial fibrillation and flutter,91,Lead exposure,1,Number,2020,9.343920729,31.27983137,-1.3883202
1,All Population,3,YLDs (Years Lived with Disability),4871,Telangana,2,Female,15,50-54 years,500,Atrial fibrillation and flutter,91,Lead exposure,1,Number,2020,6.526167261,19.55273678,-1.016202139
1,All Population,3,YLDs (Years Lived with Disability),4846,Chhattisgarh,1,Male,15,50-54 years,500,Atrial fibrillation and flutter,91,Lead exposure,1,Number,2018,7.051489037,21.71095579,-0.798937424
1,All Population,3,YLDs (Years Lived with Disability),4846,Chhattisgarh,2,Female,15,50-54 years,500,Atrial fibrillation and flutter,91,Lead exposure,1,Number,2018,4.981784591,15.5146625,-0.601697574
1,All Population,3,YLDs (Years Lived with Disability),4873,Uttar Pradesh,1,Male,15,50-54 years,494,Stroke,91,Lead exposure,1,Number,2020,929.4101033,2254.908468,-111.0056274
1,All Population,3,YLDs (Years Lived with Disability),4873,Uttar Pradesh,2,Female,15,50-54 years,494,Stroke,91,Lead exposure,1,Number,2020,827.3430134,2055.4801,-102.4108987
1,All Population,3,YLDs (Years Lived with Disability),4853,Himachal Pradesh,1,Male,15,50-54 years,494,Stroke,380,Particulate matter pollution,1,Number,2018,135.8506461,211.4019666,68.26146191
1,All Population,3,YLDs (Years Lived with Disability),4853,Himachal Pradesh,2,Female,15,50-54 years,494,Stroke,380,Particulate matter pollution,1,Number,2018,122.4986115,182.4493026,66.34746079
1,All Population,3,YLDs (Years Lived with Disability),4853,Himachal Pradesh,1,Male,15,50-54 years,498,Hypertensive heart disease,91,Lead exposure,1,Number,2018,1.394420961,3.591691702,0
1,All Population,3,YLDs (Years Lived with Disability),4853,Himachal Pradesh,2,Female,15,50-54 years,498,Hypertensive heart disease,91,Lead exposure,1,Number,2018,2.345834339,6.370375785,0
1,All Population,3,YLDs (Years Lived with Disability),4842,Arunachal Pradesh,1,Male,15,50-54 years,493,Ischemic heart disease,91,Lead exposure,1,Number,2018,11.99376891,17.11102044,7.393496525
1,All Population,3,YLDs (Years Lived with Disability),4842,Arunachal Pradesh,2,Female,15,50-54 years,493,Ischemic heart disease,91,Lead exposure,1,Number,2018,5.325757091,7.83925257,3.166765453
1,All Population,3,YLDs (Years Lived with Disability),4844,Bihar,1,Male,15,50-54 years,493,Ischemic heart disease,91,Lead exposure,1,Number,2018,941.6824206,1376.143872,575.0126196
1,All Population,3,YLDs (Years Lived with Disability),4844,Bihar,2,Female,15,50-54 years,493,Ischemic heart disease,91,Lead exposure,1,Number,2018,554.5189714,814.7419712,329.8413578
1,All Population,3,YLDs (Years Lived with Disability),4871,Telangana,1,Male,15,50-54 years,498,Hypertensive heart disease,91,Lead exposure,1,Number,2018,5.116704029,12.21303751,0
1,All Population,3,YLDs (Years Lived with Disability),4871,Telangana,2,Female,15,50-54 years,498,Hypertensive heart disease,91,Lead exposure,1,Number,2018,9.500176216,22.70079377,0
1,All Population,3,YLDs (Years Lived with Disability),4875,West Bengal,1,Male,15,50-54 years,493,Ischemic heart disease,380,Particulate matter pollution,1,Number,2020,1596.271598,2443.092691,899.3554929
1,All Population,3,YLDs (Years Lived with Disability),4875,West Bengal,2,Female,15,50-54 years,493,Ischemic heart disease,380,Particulate matter pollution,1,Number,2020,1115.598506,1660.729043,644.5585872
1,All Population,3,YLDs (Years Lived with Disability),4875,West Bengal,1,Male,15,50-54 years,494,Stroke,91,Lead exposure,1,Number,2020,585.5873392,1372.153103,-80.06237944
1,All Population,3,YLDs (Years Lived with Disability),4875,West Bengal,2,Female,15,50-54 years,494,Stroke,91,Lead exposure,1,Number,2020,489.9072222,1235.840217,-62.49776466
1,All Population,3,YLDs (Years Lived with Disability),4873,Uttar Pradesh,1,Male,15,50-54 years,498,Hypertensive heart disease,91,Lead exposure,1,Number,2020,50.24820526,127.9329799,0
1,All Population,3,YLDs (Years Lived with Disability),4873,Uttar Pradesh,2,Female,15,50-54 years,498,Hypertensive heart disease,91,Lead exposure,1,Number,2020,74.14707803,188.944445,0
1,All Population,3,YLDs (Years Lived with Disability),4873,Uttar Pradesh,1,Male,15,50-54 years,494,Stroke,380,Particulate matter pollution,1,Number,2017,4423.1241,6566.294195,2584.206187
1,All Population,3,YLDs (Years Lived with Disability),4873,Uttar Pradesh,2,Female,15,50-54 years,494,Stroke,380,Particulate matter pollution,1,Number,2017,4770.6702,7160.305005,2743.359649
1,All Population,3,YLDs (Years Lived with Disability),4875,West Bengal,1,Male,15,50-54 years,498,Hypertensive heart disease,91,Lead exposure,1,Number,2020,18.54289695,47.58092631,0
1,All Population,3,YLDs (Years Lived with Disability),4875,West Bengal,2,Female,15,50-54 years,498,Hypertensive heart disease,91,Lead exposure,1,Number,2020,30.78761188,74.19065097,0
1,All Population,3,YLDs (Years Lived with Disability),4873,Uttar Pradesh,1,Male,15,50-54 years,500,Atrial fibrillation and flutter,91,Lead exposure,1,Number,2017,48.61046305,138.6299823,-5.479372702
1,All Population,3,YLDs (Years Lived with Disability),4873,Uttar Pradesh,2,Female,15,50-54 years,500,Atrial fibrillation and flutter,91,Lead exposure,1,Number,2017,35.90227461,101.6770537,-4.183356116
1,All Population,3,YLDs (Years Lived with Disability),4844,Bihar,1,Male,15,50-54 years,502,Lower extremity peripheral arterial disease,91,Lead exposure,1,Number,2018,0.240441027,0.791183342,-0.030587444
1,All Population,3,YLDs (Years Lived with Disability),4844,Bihar,2,Female,15,50-54 years,502,Lower extremity peripheral arterial disease,91,Lead exposure,1,Number,2018,0.264586806,0.851126042,-0.031870595
1,All Population,3,YLDs (Years Lived with Disability),4863,Mizoram,1,Male,15,50-54 years,494,Stroke,380,Particulate matter pollution,1,Number,2018,14.71833553,23.14452829,8.349443653
1,All Population,3,YLDs (Years Lived with Disability),4863,Mizoram,2,Female,15,50-54 years,494,Stroke,380,Particulate matter pollution,1,Number,2018,12.93421535,20.46633639,7.202584702
1,All Population,3,YLDs (Years Lived with Disability),4863,Mizoram,1,Male,15,50-54 years,500,Atrial fibrillation and flutter,91,Lead exposure,1,Number,2018,0.298872572,0.982800082,-0.052683788
1,All Population,3,YLDs (Years Lived with Disability),4863,Mizoram,2,Female,15,50-54 years,500,Atrial fibrillation and flutter,91,Lead exposure,1,Number,2018,0.198153176,0.685650509,-0.035352845
1,All Population,3,YLDs (Years Lived with Disability),4852,Haryana,1,Male,15,50-54 years,493,Ischemic heart disease,380,Particulate matter pollution,1,Number,2018,427.7847753,633.9516106,237.9327982
1,All Population,3,YLDs (Years Lived with Disability),4852,Haryana,2,Female,15,50-54 years,493,Ischemic heart disease,380,Particulate matter pollution,1,Number,2018,234.7858119,347.1563534,135.2608489
1,All Population,3,YLDs (Years Lived with Disability),4872,Tripura,1,Male,15,50-54 years,493,Ischemic heart disease,91,Lead exposure,1,Number,2018,47.35100199,68.44415646,28.89197665
1,All Population,3,YLDs (Years Lived with Disability),4872,Tripura,2,Female,15,50-54 years,493,Ischemic heart disease,91,Lead exposure,1,Number,2018,26.79319404,39.55888362,16.42747578
1,All Population,3,YLDs (Years Lived with Disability),4843,Assam,1,Male,15,50-54 years,500,Atrial fibrillation and flutter,91,Lead exposure,1,Number,2018,8.547068519,25.17323592,-1.332019383
1,All Population,3,YLDs (Years Lived with Disability),4843,Assam,2,Female,15,50-54 years,500,Atrial fibrillation and flutter,91,Lead exposure,1,Number,2018,5.852716104,18.60125372,-0.719505583
1,All Population,3,YLDs (Years Lived with Disability),4843,Assam,1,Male,15,50-54 years,502,Lower extremity peripheral arterial disease,91,Lead exposure,1,Number,2018,0.072270053,0.241950867,-0.008459439
1,All Population,3,YLDs (Years Lived with Disability),4843,Assam,2,Female,15,50-54 years,502,Lower extremity peripheral arterial disease,91,Lead exposure,1,Number,2018,0.084079733,0.247926691,-0.010494151
1,All Population,3,YLDs (Years Lived with Disability),4862,Meghalaya,1,Male,15,50-54 years,493,Ischemic heart disease,91,Lead exposure,1,Number,2018,20.11111728,30.18496242,11.85833897
1,All Population,3,YLDs (Years Lived with Disability),4862,Meghalaya,2,Female,15,50-54 years,493,Ischemic heart disease,91,Lead exposure,1,Number,2018,13.18496828,19.48247832,8.372181252
1,All Population,3,YLDs (Years Lived with Disability),4864,Nagaland,1,Male,15,50-54 years,500,Atrial fibrillation and flutter,91,Lead exposure,1,Number,2018,0.446593444,1.43632122,-0.073101534
1,All Population,3,YLDs (Years Lived with Disability),4864,Nagaland,2,Female,15,50-54 years,500,Atrial fibrillation and flutter,91,Lead exposure,1,Number,2018,0.279921143,0.946892694,-0.035718386
1,All Population,3,YLDs (Years Lived with Disability),4862,Meghalaya,1,Male,15,50-54 years,502,Lower extremity peripheral arterial disease,91,Lead exposure,1,Number,2018,0.005985778,0.018414168,-0.0007451
1,All Population,3,YLDs (Years Lived with Disability),4862,Meghalaya,2,Female,15,50-54 years,502,Lower extremity peripheral arterial disease,91,Lead exposure,1,Number,2018,0.007388116,0.022396144,-0.00082374
1,All Population,3,YLDs (Years Lived with Disability),44538,Other Union Territories,1,Male,15,50-54 years,494,Stroke,380,Particulate matter pollution,1,Number,2018,48.33791563,80.28782065,23.9057808
1,All Population,3,YLDs (Years Lived with Disability),44538,Other Union Territories,2,Female,15,50-54 years,494,Stroke,380,Particulate matter pollution,1,Number,2018,44.53866619,71.19431235,23.7181728
1,All Population,3,YLDs (Years Lived with Disability),4864,Nagaland,1,Male,15,50-54 years,502,Lower extremity peripheral arterial disease,91,Lead exposure,1,Number,2018,0.002854711,0.010529361,-0.000330084
1,All Population,3,YLDs (Years Lived with Disability),4864,Nagaland,2,Female,15,50-54 years,502,Lower extremity peripheral arterial disease,91,Lead exposure,1,Number,2018,0.002824026,0.009883518,-0.000361658
1,All Population,3,YLDs (Years Lived with Disability),4873,Uttar Pradesh,1,Male,15,50-54 years,502,Lower extremity peripheral arterial disease,91,Lead exposure,1,Number,2017,0.527814446,1.677146079,-0.062152635
1,All Population,3,YLDs (Years Lived with Disability),4873,Uttar Pradesh,2,Female,15,50-54 years,502,Lower extremity peripheral arterial disease,91,Lead exposure,1,Number,2017,0.620637788,2.019963889,-0.079907704
1,All Population,3,YLDs (Years Lived with Disability),4852,Haryana,1,Male,15,50-54 years,494,Stroke,91,Lead exposure,1,Number,2018,107.4581574,282.3938151,-15.04627975
1,All Population,3,YLDs (Years Lived with Disability),4852,Haryana,2,Female,15,50-54 years,494,Stroke,91,Lead exposure,1,Number,2018,80.03587026,207.5412875,-10.91856595
1,All Population,3,YLDs (Years Lived with Disability),4860,Maharashtra,1,Male,15,50-54 years,493,Ischemic heart disease,91,Lead exposure,1,Number,2018,1301.089788,1908.941825,758.23086
1,All Population,3,YLDs (Years Lived with Disability),4860,Maharashtra,2,Female,15,50-54 years,493,Ischemic heart disease,91,Lead exposure,1,Number,2018,755.2335522,1096.583373,468.0674923
1,All Population,3,YLDs (Years Lived with Disability),4852,Haryana,1,Male,15,50-54 years,498,Hypertensive heart disease,91,Lead exposure,1,Number,2018,3.669959376,9.117861311,0
1,All Population,3,YLDs (Years Lived with Disability),4852,Haryana,2,Female,15,50-54 years,498,Hypertensive heart disease,91,Lead exposure,1,Number,2018,6.503617274,15.41830854,0
1,All Population,3,YLDs (Years Lived with Disability),44538,Other Union Territories,1,Male,15,50-54 years,500,Atrial fibrillation and flutter,91,Lead exposure,1,Number,2018,1.083983937,3.233070797,-0.173735953
1,All Population,3,YLDs (Years Lived with Disability),44538,Other Union Territories,2,Female,15,50-54 years,500,Atrial fibrillation and flutter,91,Lead exposure,1,Number,2018,0.727788052,2.512784535,-0.13704399
1,All Population,3,YLDs (Years Lived with Disability),4873,Uttar Pradesh,1,Male,15,50-54 years,493,Ischemic heart disease,380,Particulate matter pollution,1,Number,2018,2928.892414,4482.497972,1693.743092
1,All Population,3,YLDs (Years Lived with Disability),4873,Uttar Pradesh,2,Female,15,50-54 years,493,Ischemic heart disease,380,Particulate matter pollution,1,Number,2018,1997.333119,3035.463836,1168.282955
1,All Population,3,YLDs (Years Lived with Disability),44538,Other Union Territories,1,Male,15,50-54 years,493,Ischemic heart disease,91,Lead exposure,1,Number,2020,51.81620725,76.35397023,30.37853732
1,All Population,3,YLDs (Years Lived with Disability),44538,Other Union Territories,2,Female,15,50-54 years,493,Ischemic heart disease,91,Lead exposure,1,Number,2020,27.26237437,39.86760372,16.33901249
1,All Population,3,YLDs (Years Lived with Disability),4855,Jharkhand,1,Male,15,50-54 years,493,Ischemic heart disease,380,Particulate matter pollution,1,Number,2018,264.2119326,401.7918553,152.332905
1,All Population,3,YLDs (Years Lived with Disability),4855,Jharkhand,2,Female,15,50-54 years,493,Ischemic heart disease,380,Particulate matter pollution,1,Number,2018,224.4148043,336.485581,131.3822486
1,All Population,3,YLDs (Years Lived with Disability),44538,Other Union Territories,1,Male,15,50-54 years,502,Lower extremity peripheral arterial disease,91,Lead exposure,1,Number,2018,0.00947341,0.033486846,-0.001421475
1,All Population,3,YLDs (Years Lived with Disability),44538,Other Union Territories,2,Female,15,50-54 years,502,Lower extremity peripheral arterial disease,91,Lead exposure,1,Number,2018,0.011415406,0.035333486,-0.001604537
1,All Population,3,YLDs (Years Lived with Disability),4855,Jharkhand,1,Male,15,50-54 years,494,Stroke,91,Lead exposure,1,Number,2018,108.7967118,279.019503,-16.31486638
1,All Population,3,YLDs (Years Lived with Disability),4855,Jharkhand,2,Female,15,50-54 years,494,Stroke,91,Lead exposure,1,Number,2018,102.0787849,254.4847174,-14.66481162
1,All Population,3,YLDs (Years Lived with Disability),4849,Delhi,1,Male,15,50-54 years,500,Atrial fibrillation and flutter,91,Lead exposure,1,Number,2018,3.640623125,12.088328,-0.509618699
1,All Population,3,YLDs (Years Lived with Disability),4849,Delhi,2,Female,15,50-54 years,500,Atrial fibrillation and flutter,91,Lead exposure,1,Number,2018,2.461842823,7.679836961,-0.328392495
1,All Population,3,YLDs (Years Lived with Disability),4849,Delhi,1,Male,15,50-54 years,502,Lower extremity peripheral arterial disease,91,Lead exposure,1,Number,2018,0.027941076,0.08410546,-0.002949288
1,All Population,3,YLDs (Years Lived with Disability),4849,Delhi,2,Female,15,50-54 years,502,Lower extremity peripheral arterial disease,91,Lead exposure,1,Number,2018,0.033336968,0.111483312,-0.003109959
1,All Population,3,YLDs (Years Lived with Disability),4867,Punjab,1,Male,15,50-54 years,494,Stroke,380,Particulate matter pollution,1,Number,2018,583.0086355,898.3890807,345.0344903
1,All Population,3,YLDs (Years Lived with Disability),4867,Punjab,2,Female,15,50-54 years,494,Stroke,380,Particulate matter pollution,1,Number,2018,521.0012957,821.5358946,298.5859681
1,All Population,3,YLDs (Years Lived with Disability),4855,Jharkhand,1,Male,15,50-54 years,498,Hypertensive heart disease,91,Lead exposure,1,Number,2018,6.1676622,15.1956723,0
1,All Population,3,YLDs (Years Lived with Disability),4855,Jharkhand,2,Female,15,50-54 years,498,Hypertensive heart disease,91,Lead exposure,1,Number,2018,8.502496221,22.03220275,0
1,All Population,3,YLDs (Years Lived with Disability),4875,West Bengal,1,Male,15,50-54 years,493,Ischemic heart disease,91,Lead exposure,1,Number,2018,1265.479442,1855.662948,765.7423578
1,All Population,3,YLDs (Years Lived with Disability),4875,West Bengal,2,Female,15,50-54 years,493,Ischemic heart disease,91,Lead exposure,1,Number,2018,828.7800543,1195.340851,499.5376341
1,All Population,3,YLDs (Years Lived with Disability),4868,Rajasthan,1,Male,15,50-54 years,493,Ischemic heart disease,380,Particulate matter pollution,1,Number,2018,1279.816943,1926.124613,759.1019704
1,All Population,3,YLDs (Years Lived with Disability),4868,Rajasthan,2,Female,15,50-54 years,493,Ischemic heart disease,380,Particulate matter pollution,1,Number,2018,686.64875,1038.593143,409.8481762
1,All Population,3,YLDs (Years Lived with Disability),4868,Rajasthan,1,Male,15,50-54 years,494,Stroke,91,Lead exposure,1,Number,2018,134.71179,338.9420788,-18.63290016
1,All Population,3,YLDs (Years Lived with Disability),4868,Rajasthan,2,Female,15,50-54 years,494,Stroke,91,Lead exposure,1,Number,2018,87.38764792,244.629335,-13.00081901
1,All Population,3,YLDs (Years Lived with Disability),4868,Rajasthan,1,Male,15,50-54 years,498,Hypertensive heart disease,91,Lead exposure,1,Number,2018,7.336297454,18.46449044,0
1,All Population,3,YLDs (Years Lived with Disability),4868,Rajasthan,2,Female,15,50-54 years,498,Hypertensive heart disease,91,Lead exposure,1,Number,2018,12.83355231,30.67549307,0
1,All Population,3,YLDs (Years Lived with Disability),4874,Uttarakhand,1,Male,15,50-54 years,502,Lower extremity peripheral arterial disease,91,Lead exposure,1,Number,2018,0.023446125,0.074432158,-0.002441925
1,All Population,3,YLDs (Years Lived with Disability),4874,Uttarakhand,2,Female,15,50-54 years,502,Lower extremity peripheral arterial disease,91,Lead exposure,1,Number,2018,0.032045473,0.110966848,-0.00311375
1,All Population,3,YLDs (Years Lived with Disability),4867,Punjab,1,Male,15,50-54 years,500,Atrial fibrillation and flutter,91,Lead exposure,1,Number,2018,6.95342014,23.4935689,-0.925475842
1,All Population,3,YLDs (Years Lived with Disability),4867,Punjab,2,Female,15,50-54 years,500,Atrial fibrillation and flutter,91,Lead exposure,1,Number,2018,5.440962563,17.31373419,-0.724189566
1,All Population,3,YLDs (Years Lived with Disability),4841,Andhra Pradesh,1,Male,15,50-54 years,494,Stroke,380,Particulate matter pollution,1,Number,2018,816.1187643,1285.701977,417.4207049
1,All Population,3,YLDs (Years Lived with Disability),4841,Andhra Pradesh,2,Female,15,50-54 years,494,Stroke,380,Particulate matter pollution,1,Number,2018,753.6997784,1199.806826,408.8682732
1,All Population,3,YLDs (Years Lived with Disability),4868,Rajasthan,1,Male,15,50-54 years,493,Ischemic heart disease,91,Lead exposure,1,Number,2018,710.8719056,1051.195205,436.0902201
1,All Population,3,YLDs (Years Lived with Disability),4868,Rajasthan,2,Female,15,50-54 years,493,Ischemic heart disease,91,Lead exposure,1,Number,2018,306.8868156,458.7453037,185.0097819
1,All Population,3,YLDs (Years Lived with Disability),4869,Sikkim,1,Male,15,50-54 years,494,Stroke,380,Particulate matter pollution,1,Number,2018,11.74866705,18.4790859,6.785001717
1,All Population,3,YLDs (Years Lived with Disability),4869,Sikkim,2,Female,15,50-54 years,494,Stroke,380,Particulate matter pollution,1,Number,2018,9.433149537,14.54023748,5.110543865
1,All Population,3,YLDs (Years Lived with Disability),4841,Andhra Pradesh,1,Male,15,50-54 years,493,Ischemic heart disease,91,Lead exposure,1,Number,2018,753.843958,1095.533671,443.3206277
1,All Population,3,YLDs (Years Lived with Disability),4841,Andhra Pradesh,2,Female,15,50-54 years,493,Ischemic heart disease,91,Lead exposure,1,Number,2018,421.2024974,625.7569145,258.2818475
1,All Population,3,YLDs (Years Lived with Disability),4857,Kerala,1,Male,15,50-54 years,493,Ischemic heart disease,380,Particulate matter pollution,1,Number,2018,595.2897381,919.9899633,330.9805575
1,All Population,3,YLDs (Years Lived with Disability),4857,Kerala,2,Female,15,50-54 years,493,Ischemic heart disease,380,Particulate matter pollution,1,Number,2018,358.0945496,529.2520104,213.0068972
1,All Population,3,YLDs (Years Lived with Disability),4869,Sikkim,1,Male,15,50-54 years,498,Hypertensive heart disease,91,Lead exposure,1,Number,2018,0.120623782,0.311824251,0
1,All Population,3,YLDs (Years Lived with Disability),4869,Sikkim,2,Female,15,50-54 years,498,Hypertensive heart disease,91,Lead exposure,1,Number,2018,0.134275402,0.321368719,0
1,All Population,3,YLDs (Years Lived with Disability),4841,Andhra Pradesh,1,Male,15,50-54 years,500,Atrial fibrillation and flutter,91,Lead exposure,1,Number,2018,14.23882357,44.7306753,-1.703268343
1,All Population,3,YLDs (Years Lived with Disability),4841,Andhra Pradesh,2,Female,15,50-54 years,500,Atrial fibrillation and flutter,91,Lead exposure,1,Number,2018,10.74314697,32.50602167,-1.36215894
1,All Population,3,YLDs (Years Lived with Disability),4861,Manipur,1,Male,15,50-54 years,494,Stroke,380,Particulate matter pollution,1,Number,2018,71.65925524,113.2319108,39.48307529
1,All Population,3,YLDs (Years Lived with Disability),4861,Manipur,2,Female,15,50-54 years,494,Stroke,380,Particulate matter pollution,1,Number,2018,55.70743568,88.14092904,32.38245418
1,All Population,3,YLDs (Years Lived with Disability),4861,Manipur,1,Male,15,50-54 years,498,Hypertensive heart disease,91,Lead exposure,1,Number,2018,0.906774744,2.194398637,0
1,All Population,3,YLDs (Years Lived with Disability),4861,Manipur,2,Female,15,50-54 years,498,Hypertensive heart disease,91,Lead exposure,1,Number,2018,1.351937671,3.307198092,0
1,All Population,3,YLDs (Years Lived with Disability),4843,Assam,1,Male,15,50-54 years,494,Stroke,380,Particulate matter pollution,1,Number,2018,961.2574333,1449.348912,534.4864476
1,All Population,3,YLDs (Years Lived with Disability),4843,Assam,2,Female,15,50-54 years,494,Stroke,380,Particulate matter pollution,1,Number,2018,626.2354752,920.8378787,346.2344667
1,All Population,3,YLDs (Years Lived with Disability),4865,Odisha,1,Male,15,50-54 years,494,Stroke,91,Lead exposure,1,Number,2018,203.0363524,526.8702234,-31.24845689
1,All Population,3,YLDs (Years Lived with Disability),4865,Odisha,2,Female,15,50-54 years,494,Stroke,91,Lead exposure,1,Number,2018,147.0131225,413.8075394,-19.49523931
1,All Population,3,YLDs (Years Lived with Disability),4865,Odisha,1,Male,15,50-54 years,498,Hypertensive heart disease,91,Lead exposure,1,Number,2018,14.99833095,38.67229086,0
1,All Population,3,YLDs (Years Lived with Disability),4865,Odisha,2,Female,15,50-54 years,498,Hypertensive heart disease,91,Lead exposure,1,Number,2018,19.06251433,52.68109986,0
1,All Population,3,YLDs (Years Lived with Disability),4843,Assam,1,Male,15,50-54 years,498,Hypertensive heart disease,91,Lead exposure,1,Number,2018,9.503292454,25.62223006,0
1,All Population,3,YLDs (Years Lived with Disability),4843,Assam,2,Female,15,50-54 years,498,Hypertensive heart disease,91,Lead exposure,1,Number,2018,9.773553874,23.61994629,0
1,All Population,3,YLDs (Years Lived with Disability),4846,Chhattisgarh,1,Male,15,50-54 years,493,Ischemic heart disease,380,Particulate matter pollution,1,Number,2018,418.6639621,611.9386136,243.0738835
1,All Population,3,YLDs (Years Lived with Disability),4846,Chhattisgarh,2,Female,15,50-54 years,493,Ischemic heart disease,380,Particulate matter pollution,1,Number,2018,258.2364833,381.9983672,146.5872158
1,All Population,3,YLDs (Years Lived with Disability),4846,Chhattisgarh,1,Male,15,50-54 years,494,Stroke,91,Lead exposure,1,Number,2018,139.130743,362.1717656,-22.097804
1,All Population,3,YLDs (Years Lived with Disability),4846,Chhattisgarh,2,Female,15,50-54 years,494,Stroke,91,Lead exposure,1,Number,2018,87.14567403,248.1677274,-13.25097368
1,All Population,3,YLDs (Years Lived with Disability),4846,Chhattisgarh,1,Male,15,50-54 years,498,Hypertensive heart disease,91,Lead exposure,1,Number,2018,6.547507784,17.51338844,0
1,All Population,3,YLDs (Years Lived with Disability),4846,Chhattisgarh,2,Female,15,50-54 years,498,Hypertensive heart disease,91,Lead exposure,1,Number,2018,8.674840022,22.818732,0
1,All Population,3,YLDs (Years Lived with Disability),4859,Madhya Pradesh,1,Male,15,50-54 years,494,Stroke,380,Particulate matter pollution,1,Number,2018,1598.859001,2415.334724,909.5329229
1,All Population,3,YLDs (Years Lived with Disability),4859,Madhya Pradesh,2,Female,15,50-54 years,494,Stroke,380,Particulate matter pollution,1,Number,2018,1376.025269,2143.883353,807.6823907
1,All Population,3,YLDs (Years Lived with Disability),4861,Manipur,1,Male,15,50-54 years,500,Atrial fibrillation and flutter,91,Lead exposure,1,Number,2018,0.981648066,2.995518469,-0.150223957
1,All Population,3,YLDs (Years Lived with Disability),4861,Manipur,2,Female,15,50-54 years,500,Atrial fibrillation and flutter,91,Lead exposure,1,Number,2018,0.714654365,2.242780548,-0.122240187
1,All Population,3,YLDs (Years Lived with Disability),4861,Manipur,1,Male,15,50-54 years,502,Lower extremity peripheral arterial disease,91,Lead exposure,1,Number,2018,0.00897621,0.025672671,-0.001019004
1,All Population,3,YLDs (Years Lived with Disability),4861,Manipur,2,Female,15,50-54 years,502,Lower extremity peripheral arterial disease,91,Lead exposure,1,Number,2018,0.011878577,0.034486827,-0.001752617
1,All Population,3,YLDs (Years Lived with Disability),4872,Tripura,1,Male,15,50-54 years,500,Atrial fibrillation and flutter,91,Lead exposure,1,Number,2018,1.209251849,3.812459182,-0.157912264
1,All Population,3,YLDs (Years Lived with Disability),4872,Tripura,2,Female,15,50-54 years,500,Atrial fibrillation and flutter,91,Lead exposure,1,Number,2018,0.842700931,2.581601974,-0.114392397
1,All Population,3,YLDs (Years Lived with Disability),4872,Tripura,1,Male,15,50-54 years,502,Lower extremity peripheral arterial disease,91,Lead exposure,1,Number,2018,0.010623631,0.033208655,-0.001235194
1,All Population,3,YLDs (Years Lived with Disability),4872,Tripura,2,Female,15,50-54 years,502,Lower extremity peripheral arterial disease,91,Lead exposure,1,Number,2018,0.012440497,0.040519164,-0.001335863
1,All Population,3,YLDs (Years Lived with Disability),4857,Kerala,1,Male,15,50-54 years,493,Ischemic heart disease,91,Lead exposure,1,Number,2018,669.463143,992.2733665,401.0453622
1,All Population,3,YLDs (Years Lived with Disability),4857,Kerala,2,Female,15,50-54 years,493,Ischemic heart disease,91,Lead exposure,1,Number,2018,362.2079605,528.0269278,213.3326192
1,All Population,3,YLDs (Years Lived with Disability),4859,Madhya Pradesh,1,Male,15,50-54 years,500,Atrial fibrillation and flutter,91,Lead exposure,1,Number,2018,19.53761679,60.10268388,-2.973586206
1,All Population,3,YLDs (Years Lived with Disability),4859,Madhya Pradesh,2,Female,15,50-54 years,500,Atrial fibrillation and flutter,91,Lead exposure,1,Number,2018,13.44222262,39.14891063,-2.007447413
1,All Population,3,YLDs (Years Lived with Disability),4842,Arunachal Pradesh,1,Male,15,50-54 years,502,Lower extremity peripheral arterial disease,91,Lead exposure,1,Number,2018,0.002906351,0.009036919,-0.000368681
1,All Population,3,YLDs (Years Lived with Disability),4842,Arunachal Pradesh,2,Female,15,50-54 years,502,Lower extremity peripheral arterial disease,91,Lead exposure,1,Number,2018,0.003260436,0.010967634,-0.000394885
1,All Population,3,YLDs (Years Lived with Disability),4863,Mizoram,1,Male,15,50-54 years,502,Lower extremity peripheral arterial disease,91,Lead exposure,1,Number,2018,0.002761226,0.009127093,-0.000318106
1,All Population,3,YLDs (Years Lived with Disability),4863,Mizoram,2,Female,15,50-54 years,502,Lower extremity peripheral arterial disease,91,Lead exposure,1,Number,2018,0.003337296,0.011395795,-0.000341777
1,All Population,3,YLDs (Years Lived with Disability),4874,Uttarakhand,1,Male,15,50-54 years,494,Stroke,380,Particulate matter pollution,1,Number,2018,230.8809978,350.0605396,132.1790579
1,All Population,3,YLDs (Years Lived with Disability),4874,Uttarakhand,2,Female,15,50-54 years,494,Stroke,380,Particulate matter pollution,1,Number,2018,183.1102653,280.3278358,101.7127917
1,All Population,3,YLDs (Years Lived with Disability),4852,Haryana,1,Male,15,50-54 years,494,Stroke,380,Particulate matter pollution,1,Number,2018,665.4106412,1045.158387,384.8837667
1,All Population,3,YLDs (Years Lived with Disability),4852,Haryana,2,Female,15,50-54 years,494,Stroke,380,Particulate matter pollution,1,Number,2018,610.4324884,927.9005862,336.7403604
1,All Population,3,YLDs (Years Lived with Disability),4870,Tamil Nadu,1,Male,15,50-54 years,493,Ischemic heart disease,91,Lead exposure,1,Number,2018,1534.29801,2346.829392,937.0636999
1,All Population,3,YLDs (Years Lived with Disability),4870,Tamil Nadu,2,Female,15,50-54 years,493,Ischemic heart disease,91,Lead exposure,1,Number,2018,808.5913735,1182.388375,487.3966039
1,All Population,3,YLDs (Years Lived with Disability),4864,Nagaland,1,Male,15,50-54 years,494,Stroke,380,Particulate matter pollution,1,Number,2018,40.17434372,60.39600005,22.55989398
1,All Population,3,YLDs (Years Lived with Disability),4864,Nagaland,2,Female,15,50-54 years,494,Stroke,380,Particulate matter pollution,1,Number,2018,23.74743485,37.74552732,13.31741333
1,All Population,3,YLDs (Years Lived with Disability),4864,Nagaland,1,Male,15,50-54 years,498,Hypertensive heart disease,91,Lead exposure,1,Number,2018,0.341138868,0.915886647,0
1,All Population,3,YLDs (Years Lived with Disability),4864,Nagaland,2,Female,15,50-54 years,498,Hypertensive heart disease,91,Lead exposure,1,Number,2018,0.379944677,1.054260997,0
1,All Population,3,YLDs (Years Lived with Disability),4852,Haryana,1,Male,15,50-54 years,500,Atrial fibrillation and flutter,91,Lead exposure,1,Number,2018,6.54972061,19.46958375,-0.924474665
1,All Population,3,YLDs (Years Lived with Disability),4852,Haryana,2,Female,15,50-54 years,500,Atrial fibrillation and flutter,91,Lead exposure,1,Number,2018,4.551445954,14.36623683,-0.624703508
1,All Population,3,YLDs (Years Lived with Disability),4874,Uttarakhand,1,Male,15,50-54 years,500,Atrial fibrillation and flutter,91,Lead exposure,1,Number,2018,2.729776219,8.127695535,-0.317048639
1,All Population,3,YLDs (Years Lived with Disability),4874,Uttarakhand,2,Female,15,50-54 years,500,Atrial fibrillation and flutter,91,Lead exposure,1,Number,2018,2.126036341,6.897067264,-0.245357877
1,All Population,3,YLDs (Years Lived with Disability),4865,Odisha,1,Male,15,50-54 years,494,Stroke,380,Particulate matter pollution,1,Number,2018,1179.657695,1798.959161,686.7190858
1,All Population,3,YLDs (Years Lived with Disability),4865,Odisha,2,Female,15,50-54 years,494,Stroke,380,Particulate matter pollution,1,Number,2018,1020.308876,1546.654038,604.326484
1,All Population,3,YLDs (Years Lived with Disability),4850,Goa,1,Male,15,50-54 years,493,Ischemic heart disease,380,Particulate matter pollution,1,Number,2018,21.05868408,32.72335346,11.89587942
1,All Population,3,YLDs (Years Lived with Disability),4850,Goa,2,Female,15,50-54 years,493,Ischemic heart disease,380,Particulate matter pollution,1,Number,2018,14.21478006,22.41670859,7.796207694
1,All Population,3,YLDs (Years Lived with Disability),4870,Tamil Nadu,1,Male,15,50-54 years,502,Lower extremity peripheral arterial disease,91,Lead exposure,1,Number,2018,0.263566955,0.87740051,-0.022059513
1,All Population,3,YLDs (Years Lived with Disability),4870,Tamil Nadu,2,Female,15,50-54 years,502,Lower extremity peripheral arterial disease,91,Lead exposure,1,Number,2018,0.342416161,1.148782574,-0.038831723
1,All Population,3,YLDs (Years Lived with Disability),4865,Odisha,1,Male,15,50-54 years,500,Atrial fibrillation and flutter,91,Lead exposure,1,Number,2018,12.03545076,40.24295174,-1.885800595
1,All Population,3,YLDs (Years Lived with Disability),4865,Odisha,2,Female,15,50-54 years,500,Atrial fibrillation and flutter,91,Lead exposure,1,Number,2018,8.968879309,29.59715936,-1.268185781
1,All Population,3,YLDs (Years Lived with Disability),4860,Maharashtra,1,Male,15,50-54 years,502,Lower extremity peripheral arterial disease,91,Lead exposure,1,Number,2018,0.247368302,0.84095439,-0.036329192
1,All Population,3,YLDs (Years Lived with Disability),4860,Maharashtra,2,Female,15,50-54 years,502,Lower extremity peripheral arterial disease,91,Lead exposure,1,Number,2018,0.309483238,1.03475696,-0.034084718
1,All Population,3,YLDs (Years Lived with Disability),4843,Assam,1,Male,15,50-54 years,493,Ischemic heart disease,91,Lead exposure,1,Number,2018,294.3294662,446.1844528,178.7102703
1,All Population,3,YLDs (Years Lived with Disability),4843,Assam,2,Female,15,50-54 years,493,Ischemic heart disease,91,Lead exposure,1,Number,2018,166.0281423,241.7360687,100.7973558
1,All Population,3,YLDs (Years Lived with Disability),4865,Odisha,1,Male,15,50-54 years,502,Lower extremity peripheral arterial disease,91,Lead exposure,1,Number,2018,0.106222117,0.386164806,-0.012580006
1,All Population,3,YLDs (Years Lived with Disability),4865,Odisha,2,Female,15,50-54 years,502,Lower extremity peripheral arterial disease,91,Lead exposure,1,Number,2018,0.129969361,0.463482373,-0.016663017
1,All Population,3,YLDs (Years Lived with Disability),4865,Odisha,1,Male,15,50-54 years,493,Ischemic heart disease,380,Particulate matter pollution,1,Number,2018,492.2393314,742.4088945,294.1281006
1,All Population,3,YLDs (Years Lived with Disability),4865,Odisha,2,Female,15,50-54 years,493,Ischemic heart disease,380,Particulate matter pollution,1,Number,2018,324.3853817,499.321998,182.5678957
1,All Population,3,YLDs (Years Lived with Disability),44538,Other Union Territories,1,Male,15,50-54 years,494,Stroke,91,Lead exposure,1,Number,2018,12.43380537,31.0153571,-2.667941875
1,All Population,3,YLDs (Years Lived with Disability),44538,Other Union Territories,2,Female,15,50-54 years,494,Stroke,91,Lead exposure,1,Number,2018,9.512988096,22.81929925,-1.655097351
1,All Population,3,YLDs (Years Lived with Disability),44538,Other Union Territories,1,Male,15,50-54 years,498,Hypertensive heart disease,91,Lead exposure,1,Number,2018,0.684920145,1.726766769,0
1,All Population,3,YLDs (Years Lived with Disability),44538,Other Union Territories,2,Female,15,50-54 years,498,Hypertensive heart disease,91,Lead exposure,1,Number,2018,1.139719072,2.73584666,0
1,All Population,3,YLDs (Years Lived with Disability),4856,Karnataka,1,Male,15,50-54 years,500,Atrial fibrillation and flutter,91,Lead exposure,1,Number,2018,23.24664397,69.06186317,-3.38302146
1,All Population,3,YLDs (Years Lived with Disability),4856,Karnataka,2,Female,15,50-54 years,500,Atrial fibrillation and flutter,91,Lead exposure,1,Number,2018,17.8837079,53.93557839,-2.209031315
1,All Population,3,YLDs (Years Lived with Disability),4851,Gujarat,1,Male,15,50-54 years,493,Ischemic heart disease,380,Particulate matter pollution,1,Number,2018,1028.082726,1528.724554,600.3126753
1,All Population,3,YLDs (Years Lived with Disability),4851,Gujarat,2,Female,15,50-54 years,493,Ischemic heart disease,380,Particulate matter pollution,1,Number,2018,583.5007442,865.7208975,346.9324083
1,All Population,3,YLDs (Years Lived with Disability),4851,Gujarat,1,Male,15,50-54 years,494,Stroke,91,Lead exposure,1,Number,2018,343.0255627,917.4978467,-58.61950077
1,All Population,3,YLDs (Years Lived with Disability),4851,Gujarat,2,Female,15,50-54 years,494,Stroke,91,Lead exposure,1,Number,2018,278.8966025,735.0430544,-42.363379
1,All Population,3,YLDs (Years Lived with Disability),4854,Jammu & Kashmir and Ladakh,1,Male,15,50-54 years,493,Ischemic heart disease,91,Lead exposure,1,Number,2018,138.7750889,203.3240352,80.28990428
1,All Population,3,YLDs (Years Lived with Disability),4854,Jammu & Kashmir and Ladakh,2,Female,15,50-54 years,493,Ischemic heart disease,91,Lead exposure,1,Number,2018,83.84642444,123.959655,50.31451878
1,All Population,3,YLDs (Years Lived with Disability),4856,Karnataka,1,Male,15,50-54 years,502,Lower extremity peripheral arterial disease,91,Lead exposure,1,Number,2018,0.186184429,0.604944093,-0.015981629
1,All Population,3,YLDs (Years Lived with Disability),4856,Karnataka,2,Female,15,50-54 years,502,Lower extremity peripheral arterial disease,91,Lead exposure,1,Number,2018,0.252842659,0.795210669,-0.029651113
1,All Population,3,YLDs (Years Lived with Disability),4841,Andhra Pradesh,1,Male,15,50-54 years,500,Atrial fibrillation and flutter,91,Lead exposure,1,Number,2019,14.48846714,45.38697272,-1.598845638
1,All Population,3,YLDs (Years Lived with Disability),4841,Andhra Pradesh,2,Female,15,50-54 years,500,Atrial fibrillation and flutter,91,Lead exposure,1,Number,2019,10.79013106,31.26281545,-1.414646267
1,All Population,3,YLDs (Years Lived with Disability),4851,Gujarat,1,Male,15,50-54 years,498,Hypertensive heart disease,91,Lead exposure,1,Number,2018,12.31304541,29.78949354,0
1,All Population,3,YLDs (Years Lived with Disability),4851,Gujarat,2,Female,15,50-54 years,498,Hypertensive heart disease,91,Lead exposure,1,Number,2018,23.60428055,57.55878381,0
1,All Population,3,YLDs (Years Lived with Disability),4869,Sikkim,1,Male,15,50-54 years,493,Ischemic heart disease,380,Particulate matter pollution,1,Number,2018,6.967549366,10.44490175,4.060580326
1,All Population,3,YLDs (Years Lived with Disability),4869,Sikkim,2,Female,15,50-54 years,493,Ischemic heart disease,380,Particulate matter pollution,1,Number,2018,4.277262079,6.610583496,2.546630098
1,All Population,3,YLDs (Years Lived with Disability),4869,Sikkim,1,Male,15,50-54 years,494,Stroke,91,Lead exposure,1,Number,2018,2.325240151,5.860313658,-0.354505413
1,All Population,3,YLDs (Years Lived with Disability),4869,Sikkim,2,Female,15,50-54 years,494,Stroke,91,Lead exposure,1,Number,2018,1.573658575,4.002625913,-0.212857013
1,All Population,3,YLDs (Years Lived with Disability),4874,Uttarakhand,1,Male,15,50-54 years,493,Ischemic heart disease,91,Lead exposure,1,Number,2018,163.1234397,241.9956646,97.47912139
1,All Population,3,YLDs (Years Lived with Disability),4874,Uttarakhand,2,Female,15,50-54 years,493,Ischemic heart disease,91,Lead exposure,1,Number,2018,86.29321596,125.1296734,52.32313415
1,All Population,3,YLDs (Years Lived with Disability),4863,Mizoram,1,Male,15,50-54 years,493,Ischemic heart disease,380,Particulate matter pollution,1,Number,2018,7.202495151,10.94024664,4.123417365
1,All Population,3,YLDs (Years Lived with Disability),4863,Mizoram,2,Female,15,50-54 years,493,Ischemic heart disease,380,Particulate matter pollution,1,Number,2018,4.347247848,6.741488452,2.48553737
1,All Population,3,YLDs (Years Lived with Disability),4863,Mizoram,1,Male,15,50-54 years,494,Stroke,91,Lead exposure,1,Number,2018,3.447912465,9.05162052,-0.626395164
1,All Population,3,YLDs (Years Lived with Disability),4863,Mizoram,2,Female,15,50-54 years,494,Stroke,91,Lead exposure,1,Number,2018,2.23524328,6.242832788,-0.399030221
1,All Population,3,YLDs (Years Lived with Disability),4841,Andhra Pradesh,1,Male,15,50-54 years,493,Ischemic heart disease,380,Particulate matter pollution,1,Number,2021,737.9062939,1123.032748,424.8738947
1,All Population,3,YLDs (Years Lived with Disability),4841,Andhra Pradesh,2,Female,15,50-54 years,493,Ischemic heart disease,380,Particulate matter pollution,1,Number,2021,447.8841435,668.9826176,264.9201842
1,All Population,3,YLDs (Years Lived with Disability),4841,Andhra Pradesh,1,Male,15,50-54 years,494,Stroke,91,Lead exposure,1,Number,2021,181.3912613,485.3321267,-24.76249509
1,All Population,3,YLDs (Years Lived with Disability),4841,Andhra Pradesh,2,Female,15,50-54 years,494,Stroke,91,Lead exposure,1,Number,2021,144.2873853,388.725338,-17.57346685
1,All Population,3,YLDs (Years Lived with Disability),4849,Delhi,1,Male,15,50-54 years,494,Stroke,380,Particulate matter pollution,1,Number,2018,339.1318455,553.804831,176.799245
1,All Population,3,YLDs (Years Lived with Disability),4849,Delhi,2,Female,15,50-54 years,494,Stroke,380,Particulate matter pollution,1,Number,2018,353.7831049,546.2797778,184.5665078
1,All Population,3,YLDs (Years Lived with Disability),4849,Delhi,1,Male,15,50-54 years,498,Hypertensive heart disease,91,Lead exposure,1,Number,2018,2.455037236,7.49767639,0
1,All Population,3,YLDs (Years Lived with Disability),4849,Delhi,2,Female,15,50-54 years,498,Hypertensive heart disease,91,Lead exposure,1,Number,2018,3.150781165,10.15687323,0
1,All Population,3,YLDs (Years Lived with Disability),4855,Jharkhand,1,Male,15,50-54 years,493,Ischemic heart disease,91,Lead exposure,1,Number,2018,211.3594138,312.7875091,123.7559404
1,All Population,3,YLDs (Years Lived with Disability),4855,Jharkhand,2,Female,15,50-54 years,493,Ischemic heart disease,91,Lead exposure,1,Number,2018,163.0723365,236.8328507,99.86224123
1,All Population,3,YLDs (Years Lived with Disability),4854,Jammu & Kashmir and Ladakh,1,Male,15,50-54 years,502,Lower extremity peripheral arterial disease,91,Lead exposure,1,Number,2018,0.022513397,0.071708358,-0.002888541
1,All Population,3,YLDs (Years Lived with Disability),4854,Jammu & Kashmir and Ladakh,2,Female,15,50-54 years,502,Lower extremity peripheral arterial disease,91,Lead exposure,1,Number,2018,0.027310147,0.091557549,-0.003574286
1,All Population,3,YLDs (Years Lived with Disability),4850,Goa,1,Male,15,50-54 years,494,Stroke,380,Particulate matter pollution,1,Number,2019,26.99389477,40.62686429,14.27780234
1,All Population,3,YLDs (Years Lived with Disability),4850,Goa,2,Female,15,50-54 years,494,Stroke,380,Particulate matter pollution,1,Number,2019,27.18646094,42.48412811,14.65142835
1,All Population,3,YLDs (Years Lived with Disability),4850,Goa,1,Male,15,50-54 years,494,Stroke,380,Particulate matter pollution,1,Number,2018,26.56822074,42.65323041,14.66576137
1,All Population,3,YLDs (Years Lived with Disability),4850,Goa,2,Female,15,50-54 years,494,Stroke,380,Particulate matter pollution,1,Number,2018,26.56179633,41.9252764,15.30353238
1,All Population,3,YLDs (Years Lived with Disability),4841,Andhra Pradesh,1,Male,15,50-54 years,498,Hypertensive heart disease,91,Lead exposure,1,Number,2021,7.96072432,19.56104523,0
1,All Population,3,YLDs (Years Lived with Disability),4841,Andhra Pradesh,2,Female,15,50-54 years,498,Hypertensive heart disease,91,Lead exposure,1,Number,2021,14.74732983,35.87576679,0
1,All Population,3,YLDs (Years Lived with Disability),4841,Andhra Pradesh,1,Male,15,50-54 years,493,Ischemic heart disease,91,Lead exposure,1,Number,2019,753.1100714,1106.286727,451.3397836
1,All Population,3,YLDs (Years Lived with Disability),4841,Andhra Pradesh,2,Female,15,50-54 years,493,Ischemic heart disease,91,Lead exposure,1,Number,2019,418.0611533,615.8048845,259.6089079
1,All Population,3,YLDs (Years Lived with Disability),4844,Bihar,1,Male,15,50-54 years,494,Stroke,380,Particulate matter pollution,1,Number,2018,1672.782816,2546.168309,992.0539104
1,All Population,3,YLDs (Years Lived with Disability),4844,Bihar,2,Female,15,50-54 years,494,Stroke,380,Particulate matter pollution,1,Number,2018,1535.89234,2379.598699,815.4078219
1,All Population,3,YLDs (Years Lived with Disability),4850,Goa,1,Male,15,50-54 years,500,Atrial fibrillation and flutter,91,Lead exposure,1,Number,2019,0.49074417,1.77923613,-0.06411109
1,All Population,3,YLDs (Years Lived with Disability),4850,Goa,2,Female,15,50-54 years,500,Atrial fibrillation and flutter,91,Lead exposure,1,Number,2019,0.379666552,1.325182612,-0.058542591
1,All Population,3,YLDs (Years Lived with Disability),4872,Tripura,1,Male,15,50-54 years,493,Ischemic heart disease,380,Particulate matter pollution,1,Number,2018,58.20800564,87.58077752,33.75308512
1,All Population,3,YLDs (Years Lived with Disability),4872,Tripura,2,Female,15,50-54 years,493,Ischemic heart disease,380,Particulate matter pollution,1,Number,2018,36.08720345,54.84758409,21.52127321
1,All Population,3,YLDs (Years Lived with Disability),4872,Tripura,1,Male,15,50-54 years,494,Stroke,91,Lead exposure,1,Number,2018,24.20848276,58.33840937,-3.864608291
1,All Population,3,YLDs (Years Lived with Disability),4872,Tripura,2,Female,15,50-54 years,494,Stroke,91,Lead exposure,1,Number,2018,14.73044153,37.18268679,-2.219677636
1,All Population,3,YLDs (Years Lived with Disability),4846,Chhattisgarh,1,Male,15,50-54 years,502,Lower extremity peripheral arterial disease,91,Lead exposure,1,Number,2018,0.063921754,0.243110058,-0.00521796
1,All Population,3,YLDs (Years Lived with Disability),4846,Chhattisgarh,2,Female,15,50-54 years,502,Lower extremity peripheral arterial disease,91,Lead exposure,1,Number,2018,0.079675562,0.269103066,-0.008706549
1,All Population,3,YLDs (Years Lived with Disability),4846,Chhattisgarh,1,Male,15,50-54 years,502,Lower extremity peripheral arterial disease,91,Lead exposure,1,Number,2019,0.059753076,0.197287058,-0.004693308
1,All Population,3,YLDs (Years Lived with Disability),4846,Chhattisgarh,2,Female,15,50-54 years,502,Lower extremity peripheral arterial disease,91,Lead exposure,1,Number,2019,0.078559546,0.29092275,-0.008131121
1,All Population,3,YLDs (Years Lived with Disability),4873,Uttar Pradesh,1,Male,15,50-54 years,493,Ischemic heart disease,91,Lead exposure,1,Number,2018,2450.713687,3648.292179,1530.480026
1,All Population,3,YLDs (Years Lived with Disability),4873,Uttar Pradesh,2,Female,15,50-54 years,493,Ischemic heart disease,91,Lead exposure,1,Number,2018,1572.340964,2315.949221,980.0720455
1,All Population,3,YLDs (Years Lived with Disability),4843,Assam,1,Male,15,50-54 years,493,Ischemic heart disease,380,Particulate matter pollution,1,Number,2021,341.3248937,533.6813029,189.9458898
1,All Population,3,YLDs (Years Lived with Disability),4843,Assam,2,Female,15,50-54 years,493,Ischemic heart disease,380,Particulate matter pollution,1,Number,2021,209.1664863,312.5602637,121.0418483
1,All Population,3,YLDs (Years Lived with Disability),4843,Assam,1,Male,15,50-54 years,494,Stroke,91,Lead exposure,1,Number,2021,187.8860429,524.1732793,-27.84823941
1,All Population,3,YLDs (Years Lived with Disability),4843,Assam,2,Female,15,50-54 years,494,Stroke,91,Lead exposure,1,Number,2021,103.9831833,267.3208687,-16.49620596
1,All Population,3,YLDs (Years Lived with Disability),4850,Goa,1,Male,15,50-54 years,502,Lower extremity peripheral arterial disease,91,Lead exposure,1,Number,2019,0.003660063,0.013549421,-0.000418815
1,All Population,3,YLDs (Years Lived with Disability),4850,Goa,2,Female,15,50-54 years,502,Lower extremity peripheral arterial disease,91,Lead exposure,1,Number,2019,0.00470065,0.018154722,-0.000556957
1,All Population,3,YLDs (Years Lived with Disability),4861,Manipur,1,Male,15,50-54 years,493,Ischemic heart disease,91,Lead exposure,1,Number,2018,29.96203873,44.60172337,17.48202754
1,All Population,3,YLDs (Years Lived with Disability),4861,Manipur,2,Female,15,50-54 years,493,Ischemic heart disease,91,Lead exposure,1,Number,2018,20.81712929,29.31516814,11.93710713
1,All Population,3,YLDs (Years Lived with Disability),4844,Bihar,1,Male,15,50-54 years,494,Stroke,380,Particulate matter pollution,1,Number,2019,1722.728626,2716.894785,973.0251782
1,All Population,3,YLDs (Years Lived with Disability),4844,Bihar,2,Female,15,50-54 years,494,Stroke,380,Particulate matter pollution,1,Number,2019,1576.296284,2433.472954,927.9558264
1,All Population,3,YLDs (Years Lived with Disability),4859,Madhya Pradesh,1,Male,15,50-54 years,493,Ischemic heart disease,91,Lead exposure,1,Number,2018,1016.207489,1477.228672,621.3443064
1,All Population,3,YLDs (Years Lived with Disability),4859,Madhya Pradesh,2,Female,15,50-54 years,493,Ischemic heart disease,91,Lead exposure,1,Number,2018,480.0682821,716.0135987,284.7389004
1,All Population,3,YLDs (Years Lived with Disability),4844,Bihar,1,Male,15,50-54 years,500,Atrial fibrillation and flutter,91,Lead exposure,1,Number,2018,25.48721555,90.31828972,-4.418082813
1,All Population,3,YLDs (Years Lived with Disability),4844,Bihar,2,Female,15,50-54 years,500,Atrial fibrillation and flutter,91,Lead exposure,1,Number,2018,17.86218067,65.65366741,-2.495109134
1,All Population,3,YLDs (Years Lived with Disability),4854,Jammu & Kashmir and Ladakh,1,Male,15,50-54 years,493,Ischemic heart disease,380,Particulate matter pollution,1,Number,2019,155.0282028,236.2007669,87.94692374
1,All Population,3,YLDs (Years Lived with Disability),4854,Jammu & Kashmir and Ladakh,2,Female,15,50-54 years,493,Ischemic heart disease,380,Particulate matter pollution,1,Number,2019,100.4908798,150.7038314,59.66263559
1,All Population,3,YLDs (Years Lived with Disability),4854,Jammu & Kashmir and Ladakh,1,Male,15,50-54 years,494,Stroke,91,Lead exposure,1,Number,2019,31.93307212,79.7426268,-5.801906868
1,All Population,3,YLDs (Years Lived with Disability),4854,Jammu & Kashmir and Ladakh,2,Female,15,50-54 years,494,Stroke,91,Lead exposure,1,Number,2019,23.84989347,58.87822694,-3.982535375
1,All Population,3,YLDs (Years Lived with Disability),4850,Goa,1,Male,15,50-54 years,493,Ischemic heart disease,91,Lead exposure,1,Number,2021,22.32236916,32.17117289,13.30740299
1,All Population,3,YLDs (Years Lived with Disability),4850,Goa,2,Female,15,50-54 years,493,Ischemic heart disease,91,Lead exposure,1,Number,2021,13.17811464,19.32001849,7.864912556
1,All Population,3,YLDs (Years Lived with Disability),4850,Goa,1,Male,15,50-54 years,500,Atrial fibrillation and flutter,91,Lead exposure,1,Number,2018,0.492658514,1.670616808,-0.063009947
1,All Population,3,YLDs (Years Lived with Disability),4850,Goa,2,Female,15,50-54 years,500,Atrial fibrillation and flutter,91,Lead exposure,1,Number,2018,0.370782407,1.267051221,-0.051565132
1,All Population,3,YLDs (Years Lived with Disability),4863,Mizoram,1,Male,15,50-54 years,498,Hypertensive heart disease,91,Lead exposure,1,Number,2018,0.35577938,0.820554936,0
1,All Population,3,YLDs (Years Lived with Disability),4863,Mizoram,2,Female,15,50-54 years,498,Hypertensive heart disease,91,Lead exposure,1,Number,2018,0.631172728,1.418844491,0
1,All Population,3,YLDs (Years Lived with Disability),4846,Chhattisgarh,1,Male,15,50-54 years,493,Ischemic heart disease,91,Lead exposure,1,Number,2021,337.3229329,506.361166,200.8297561
1,All Population,3,YLDs (Years Lived with Disability),4846,Chhattisgarh,2,Female,15,50-54 years,493,Ischemic heart disease,91,Lead exposure,1,Number,2021,180.6854128,261.084083,109.1798415
1,All Population,3,YLDs (Years Lived with Disability),4854,Jammu & Kashmir and Ladakh,1,Male,15,50-54 years,493,Ischemic heart disease,380,Particulate matter pollution,1,Number,2018,155.230514,236.7323762,88.22111632
1,All Population,3,YLDs (Years Lived with Disability),4854,Jammu & Kashmir and Ladakh,2,Female,15,50-54 years,493,Ischemic heart disease,380,Particulate matter pollution,1,Number,2018,100.888519,151.4478413,60.88478486
1,All Population,3,YLDs (Years Lived with Disability),4854,Jammu & Kashmir and Ladakh,1,Male,15,50-54 years,494,Stroke,91,Lead exposure,1,Number,2018,31.34749754,76.4065742,-5.868809402
1,All Population,3,YLDs (Years Lived with Disability),4854,Jammu & Kashmir and Ladakh,2,Female,15,50-54 years,494,Stroke,91,Lead exposure,1,Number,2018,23.4115551,58.53527484,-3.873024525
1,All Population,3,YLDs (Years Lived with Disability),4843,Assam,1,Male,15,50-54 years,493,Ischemic heart disease,91,Lead exposure,1,Number,2019,292.2217041,429.6501911,174.9368434
1,All Population,3,YLDs (Years Lived with Disability),4843,Assam,2,Female,15,50-54 years,493,Ischemic heart disease,91,Lead exposure,1,Number,2019,165.2657175,244.9677678,101.1839317
1,All Population,3,YLDs (Years Lived with Disability),4854,Jammu & Kashmir and Ladakh,1,Male,15,50-54 years,498,Hypertensive heart disease,91,Lead exposure,1,Number,2019,1.787694309,4.525677026,0
1,All Population,3,YLDs (Years Lived with Disability),4854,Jammu & Kashmir and Ladakh,2,Female,15,50-54 years,498,Hypertensive heart disease,91,Lead exposure,1,Number,2019,2.552053387,6.065676913,0
1,All Population,3,YLDs (Years Lived with Disability),4852,Haryana,1,Male,15,50-54 years,494,Stroke,380,Particulate matter pollution,1,Number,2019,700.5258912,1048.117407,394.179701
1,All Population,3,YLDs (Years Lived with Disability),4852,Haryana,2,Female,15,50-54 years,494,Stroke,380,Particulate matter pollution,1,Number,2019,637.619169,975.365153,369.029968
1,All Population,3,YLDs (Years Lived with Disability),4850,Goa,1,Male,15,50-54 years,502,Lower extremity peripheral arterial disease,91,Lead exposure,1,Number,2018,0.003650014,0.013793524,-0.000572324
1,All Population,3,YLDs (Years Lived with Disability),4850,Goa,2,Female,15,50-54 years,502,Lower extremity peripheral arterial disease,91,Lead exposure,1,Number,2018,0.004698588,0.016678255,-0.000576954
1,All Population,3,YLDs (Years Lived with Disability),4852,Haryana,1,Male,15,50-54 years,500,Atrial fibrillation and flutter,91,Lead exposure,1,Number,2019,6.77087428,25.8893598,-1.008542604
1,All Population,3,YLDs (Years Lived with Disability),4852,Haryana,2,Female,15,50-54 years,500,Atrial fibrillation and flutter,91,Lead exposure,1,Number,2019,4.615814519,14.3292892,-0.657886556
1,All Population,3,YLDs (Years Lived with Disability),4844,Bihar,1,Male,15,50-54 years,500,Atrial fibrillation and flutter,91,Lead exposure,1,Number,2019,25.80740435,90.64405536,-4.095559315
1,All Population,3,YLDs (Years Lived with Disability),4844,Bihar,2,Female,15,50-54 years,500,Atrial fibrillation and flutter,91,Lead exposure,1,Number,2019,18.09620109,58.20832303,-2.678775387
1,All Population,3,YLDs (Years Lived with Disability),4853,Himachal Pradesh,1,Male,15,50-54 years,493,Ischemic heart disease,380,Particulate matter pollution,1,Number,2018,126.4947229,196.2403642,72.92940617
1,All Population,3,YLDs (Years Lived with Disability),4853,Himachal Pradesh,2,Female,15,50-54 years,493,Ischemic heart disease,380,Particulate matter pollution,1,Number,2018,66.16175588,102.5347495,36.88868408
1,All Population,3,YLDs (Years Lived with Disability),4862,Meghalaya,1,Male,15,50-54 years,494,Stroke,380,Particulate matter pollution,1,Number,2018,46.67249047,71.50897401,25.87985078
1,All Population,3,YLDs (Years Lived with Disability),4862,Meghalaya,2,Female,15,50-54 years,494,Stroke,380,Particulate matter pollution,1,Number,2018,40.14838697,62.99568798,22.29546439
1,All Population,3,YLDs (Years Lived with Disability),4842,Arunachal Pradesh,1,Male,15,50-54 years,502,Lower extremity peripheral arterial disease,91,Lead exposure,1,Number,2019,0.00286132,0.009707263,-0.000336472
1,All Population,3,YLDs (Years Lived with Disability),4842,Arunachal Pradesh,2,Female,15,50-54 years,502,Lower extremity peripheral arterial disease,91,Lead exposure,1,Number,2019,0.003178648,0.010319828,-0.000439551
1,All Population,3,YLDs (Years Lived with Disability),4856,Karnataka,1,Male,15,50-54 years,493,Ischemic heart disease,380,Particulate matter pollution,1,Number,2019,908.4663627,1380.902682,496.266777
1,All Population,3,YLDs (Years Lived with Disability),4856,Karnataka,2,Female,15,50-54 years,493,Ischemic heart disease,380,Particulate matter pollution,1,Number,2019,616.8358295,905.8624986,345.2272871
1,All Population,3,YLDs (Years Lived with Disability),4852,Haryana,1,Male,15,50-54 years,493,Ischemic heart disease,91,Lead exposure,1,Number,2018,330.4114052,484.6451833,201.9118451
1,All Population,3,YLDs (Years Lived with Disability),4852,Haryana,2,Female,15,50-54 years,493,Ischemic heart disease,91,Lead exposure,1,Number,2018,165.1452634,232.2094939,96.54307968
1,All Population,3,YLDs (Years Lived with Disability),4851,Gujarat,1,Male,15,50-54 years,493,Ischemic heart disease,380,Particulate matter pollution,1,Number,2019,1009.695915,1498.773223,572.7855181
1,All Population,3,YLDs (Years Lived with Disability),4851,Gujarat,2,Female,15,50-54 years,493,Ischemic heart disease,380,Particulate matter pollution,1,Number,2019,575.3400658,877.159694,346.0131479
1,All Population,3,YLDs (Years Lived with Disability),4851,Gujarat,1,Male,15,50-54 years,494,Stroke,91,Lead exposure,1,Number,2019,346.404464,887.7465951,-57.60143909
1,All Population,3,YLDs (Years Lived with Disability),4851,Gujarat,2,Female,15,50-54 years,494,Stroke,91,Lead exposure,1,Number,2019,282.1371748,726.0000109,-47.31120769
1,All Population,3,YLDs (Years Lived with Disability),4856,Karnataka,1,Male,15,50-54 years,494,Stroke,91,Lead exposure,1,Number,2019,304.5408703,799.2525364,-55.41033899
1,All Population,3,YLDs (Years Lived with Disability),4856,Karnataka,2,Female,15,50-54 years,494,Stroke,91,Lead exposure,1,Number,2019,232.1787118,588.8417811,-36.3056124
1,All Population,3,YLDs (Years Lived with Disability),4851,Gujarat,1,Male,15,50-54 years,498,Hypertensive heart disease,91,Lead exposure,1,Number,2019,12.63428231,29.96807957,0
1,All Population,3,YLDs (Years Lived with Disability),4851,Gujarat,2,Female,15,50-54 years,498,Hypertensive heart disease,91,Lead exposure,1,Number,2019,24.43677918,57.21724582,0
1,All Population,3,YLDs (Years Lived with Disability),4849,Delhi,1,Male,15,50-54 years,494,Stroke,380,Particulate matter pollution,1,Number,2019,345.6103932,567.205002,178.8532794
1,All Population,3,YLDs (Years Lived with Disability),4849,Delhi,2,Female,15,50-54 years,494,Stroke,380,Particulate matter pollution,1,Number,2019,364.2378297,574.2114104,193.0102901
1,All Population,3,YLDs (Years Lived with Disability),4849,Delhi,1,Male,15,50-54 years,498,Hypertensive heart disease,91,Lead exposure,1,Number,2019,2.417396946,6.881332009,0
1,All Population,3,YLDs (Years Lived with Disability),4849,Delhi,2,Female,15,50-54 years,498,Hypertensive heart disease,91,Lead exposure,1,Number,2019,3.369890233,8.874372891,0
1,All Population,3,YLDs (Years Lived with Disability),4862,Meghalaya,1,Male,15,50-54 years,500,Atrial fibrillation and flutter,91,Lead exposure,1,Number,2018,0.700333233,2.133280056,-0.096522638
1,All Population,3,YLDs (Years Lived with Disability),4862,Meghalaya,2,Female,15,50-54 years,500,Atrial fibrillation and flutter,91,Lead exposure,1,Number,2018,0.53410941,1.7423908,-0.067346035
1,All Population,3,YLDs (Years Lived with Disability),4855,Jharkhand,1,Male,15,50-54 years,493,Ischemic heart disease,91,Lead exposure,1,Number,2019,201.353075,294.1074382,122.2956849
1,All Population,3,YLDs (Years Lived with Disability),4855,Jharkhand,2,Female,15,50-54 years,493,Ischemic heart disease,91,Lead exposure,1,Number,2019,157.6660661,226.2787701,98.9995827
1,All Population,3,YLDs (Years Lived with Disability),4856,Karnataka,1,Male,15,50-54 years,494,Stroke,380,Particulate matter pollution,1,Number,2021,1156.890581,1758.481927,599.9674965
1,All Population,3,YLDs (Years Lived with Disability),4856,Karnataka,2,Female,15,50-54 years,494,Stroke,380,Particulate matter pollution,1,Number,2021,988.4233012,1527.995044,527.4776503
1,All Population,3,YLDs (Years Lived with Disability),4856,Karnataka,1,Male,15,50-54 years,498,Hypertensive heart disease,91,Lead exposure,1,Number,2021,12.40420579,30.85318751,0
1,All Population,3,YLDs (Years Lived with Disability),4856,Karnataka,2,Female,15,50-54 years,498,Hypertensive heart disease,91,Lead exposure,1,Number,2021,22.20501063,52.07777998,0
1,All Population,3,YLDs (Years Lived with Disability),4865,Odisha,1,Male,15,50-54 years,494,Stroke,380,Particulate matter pollution,1,Number,2019,1205.995905,1830.100831,663.3657778
1,All Population,3,YLDs (Years Lived with Disability),4865,Odisha,2,Female,15,50-54 years,494,Stroke,380,Particulate matter pollution,1,Number,2019,1038.017635,1530.355088,636.7680095
1,All Population,3,YLDs (Years Lived with Disability),4861,Manipur,1,Male,15,50-54 years,493,Ischemic heart disease,380,Particulate matter pollution,1,Number,2021,30.0163144,46.80927365,17.04172376
1,All Population,3,YLDs (Years Lived with Disability),4861,Manipur,2,Female,15,50-54 years,493,Ischemic heart disease,380,Particulate matter pollution,1,Number,2021,22.86006564,33.03362821,12.96967266
1,All Population,3,YLDs (Years Lived with Disability),4861,Manipur,1,Male,15,50-54 years,494,Stroke,91,Lead exposure,1,Number,2021,16.69867301,44.86443402,-2.994803679
1,All Population,3,YLDs (Years Lived with Disability),4861,Manipur,2,Female,15,50-54 years,494,Stroke,91,Lead exposure,1,Number,2021,10.89650294,28.29838942,-1.844938286
1,All Population,3,YLDs (Years Lived with Disability),4867,Punjab,1,Male,15,50-54 years,493,Ischemic heart disease,380,Particulate matter pollution,1,Number,2018,578.8320161,856.6486951,337.77859
1,All Population,3,YLDs (Years Lived with Disability),4867,Punjab,2,Female,15,50-54 years,493,Ischemic heart disease,380,Particulate matter pollution,1,Number,2018,391.6126073,569.6709266,228.4434368
1,All Population,3,YLDs (Years Lived with Disability),4867,Punjab,1,Male,15,50-54 years,494,Stroke,91,Lead exposure,1,Number,2018,82.23966623,201.0289679,-13.45703089
1,All Population,3,YLDs (Years Lived with Disability),4867,Punjab,2,Female,15,50-54 years,494,Stroke,91,Lead exposure,1,Number,2018,65.56898115,166.869001,-10.91835694
1,All Population,3,YLDs (Years Lived with Disability),4865,Odisha,1,Male,15,50-54 years,500,Atrial fibrillation and flutter,91,Lead exposure,1,Number,2019,12.18114175,41.40980863,-1.528039714
1,All Population,3,YLDs (Years Lived with Disability),4865,Odisha,2,Female,15,50-54 years,500,Atrial fibrillation and flutter,91,Lead exposure,1,Number,2019,8.84809681,31.48901365,-1.271749075
1,All Population,3,YLDs (Years Lived with Disability),4854,Jammu & Kashmir and Ladakh,1,Male,15,50-54 years,498,Hypertensive heart disease,91,Lead exposure,1,Number,2018,1.772027745,4.522959497,0
1,All Population,3,YLDs (Years Lived with Disability),4854,Jammu & Kashmir and Ladakh,2,Female,15,50-54 years,498,Hypertensive heart disease,91,Lead exposure,1,Number,2018,2.513125066,6.123501682,0
1,All Population,3,YLDs (Years Lived with Disability),4861,Manipur,1,Male,15,50-54 years,493,Ischemic heart disease,91,Lead exposure,1,Number,2019,29.8222739,44.19216343,18.45692923
1,All Population,3,YLDs (Years Lived with Disability),4861,Manipur,2,Female,15,50-54 years,493,Ischemic heart disease,91,Lead exposure,1,Number,2019,20.95477355,30.71663321,12.87816554
1,All Population,3,YLDs (Years Lived with Disability),4863,Mizoram,1,Male,15,50-54 years,493,Ischemic heart disease,91,Lead exposure,1,Number,2021,7.827651054,11.66886397,4.457073493
1,All Population,3,YLDs (Years Lived with Disability),4863,Mizoram,2,Female,15,50-54 years,493,Ischemic heart disease,91,Lead exposure,1,Number,2021,4.330406689,6.183349123,2.678371653
1,All Population,3,YLDs (Years Lived with Disability),4867,Punjab,1,Male,15,50-54 years,498,Hypertensive heart disease,91,Lead exposure,1,Number,2018,2.941954238,7.377829881,0
1,All Population,3,YLDs (Years Lived with Disability),4867,Punjab,2,Female,15,50-54 years,498,Hypertensive heart disease,91,Lead exposure,1,Number,2018,4.583086828,11.22527009,0
1,All Population,3,YLDs (Years Lived with Disability),4865,Odisha,1,Male,15,50-54 years,493,Ischemic heart disease,91,Lead exposure,1,Number,2021,405.7065398,585.2858835,242.038878
1,All Population,3,YLDs (Years Lived with Disability),4865,Odisha,2,Female,15,50-54 years,493,Ischemic heart disease,91,Lead exposure,1,Number,2021,239.450847,356.0552163,141.4996853
1,All Population,3,YLDs (Years Lived with Disability),4853,Himachal Pradesh,1,Male,15,50-54 years,494,Stroke,91,Lead exposure,1,Number,2018,26.09695251,67.39649359,-5.12606476
1,All Population,3,YLDs (Years Lived with Disability),4853,Himachal Pradesh,2,Female,15,50-54 years,494,Stroke,91,Lead exposure,1,Number,2018,19.41643717,55.578511,-3.521548907
1,All Population,3,YLDs (Years Lived with Disability),4870,Tamil Nadu,1,Male,15,50-54 years,493,Ischemic heart disease,380,Particulate matter pollution,1,Number,2018,1178.772923,1785.168734,708.2389918
1,All Population,3,YLDs (Years Lived with Disability),4870,Tamil Nadu,2,Female,15,50-54 years,493,Ischemic heart disease,380,Particulate matter pollution,1,Number,2018,681.9334902,1024.90751,397.7068092
1,All Population,3,YLDs (Years Lived with Disability),4870,Tamil Nadu,1,Male,15,50-54 years,494,Stroke,91,Lead exposure,1,Number,2018,418.7046546,1083.635571,-71.24580596
1,All Population,3,YLDs (Years Lived with Disability),4870,Tamil Nadu,2,Female,15,50-54 years,494,Stroke,91,Lead exposure,1,Number,2018,334.5339663,862.8659165,-48.86897369
1,All Population,3,YLDs (Years Lived with Disability),4865,Odisha,1,Male,15,50-54 years,502,Lower extremity peripheral arterial disease,91,Lead exposure,1,Number,2019,0.109257289,0.378300984,-0.012674972
1,All Population,3,YLDs (Years Lived with Disability),4865,Odisha,2,Female,15,50-54 years,502,Lower extremity peripheral arterial disease,91,Lead exposure,1,Number,2019,0.131167994,0.478246945,-0.01867383
1,All Population,3,YLDs (Years Lived with Disability),4875,West Bengal,1,Male,15,50-54 years,502,Lower extremity peripheral arterial disease,91,Lead exposure,1,Number,2018,0.227661225,0.792799356,-0.023474531
1,All Population,3,YLDs (Years Lived with Disability),4875,West Bengal,2,Female,15,50-54 years,502,Lower extremity peripheral arterial disease,91,Lead exposure,1,Number,2018,0.283237969,0.916292774,-0.031488761
1,All Population,3,YLDs (Years Lived with Disability),4867,Punjab,1,Male,15,50-54 years,493,Ischemic heart disease,380,Particulate matter pollution,1,Number,2019,575.7022684,871.9360806,340.3340601
1,All Population,3,YLDs (Years Lived with Disability),4867,Punjab,2,Female,15,50-54 years,493,Ischemic heart disease,380,Particulate matter pollution,1,Number,2019,394.0379897,580.5732597,228.8961595
1,All Population,3,YLDs (Years Lived with Disability),4867,Punjab,1,Male,15,50-54 years,494,Stroke,91,Lead exposure,1,Number,2019,83.82068351,207.6290565,-14.01909577
1,All Population,3,YLDs (Years Lived with Disability),4867,Punjab,2,Female,15,50-54 years,494,Stroke,91,Lead exposure,1,Number,2019,65.59284644,164.514873,-10.83817472
1,All Population,3,YLDs (Years Lived with Disability),4862,Meghalaya,1,Male,15,50-54 years,494,Stroke,380,Particulate matter pollution,1,Number,2019,47.746156,73.92737008,25.85306646
1,All Population,3,YLDs (Years Lived with Disability),4862,Meghalaya,2,Female,15,50-54 years,494,Stroke,380,Particulate matter pollution,1,Number,2019,40.84862059,61.60693334,22.0847115
1,All Population,3,YLDs (Years Lived with Disability),4852,Haryana,1,Male,15,50-54 years,502,Lower extremity peripheral arterial disease,91,Lead exposure,1,Number,2021,0.052227209,0.173082056,-0.005236786
1,All Population,3,YLDs (Years Lived with Disability),4852,Haryana,2,Female,15,50-54 years,502,Lower extremity peripheral arterial disease,91,Lead exposure,1,Number,2021,0.069224567,0.255968227,-0.007075812
1,All Population,3,YLDs (Years Lived with Disability),4853,Himachal Pradesh,1,Male,15,50-54 years,493,Ischemic heart disease,380,Particulate matter pollution,1,Number,2019,125.6235958,194.1408136,73.27421373
1,All Population,3,YLDs (Years Lived with Disability),4853,Himachal Pradesh,2,Female,15,50-54 years,493,Ischemic heart disease,380,Particulate matter pollution,1,Number,2019,64.68563042,94.67161424,38.73630637
1,All Population,3,YLDs (Years Lived with Disability),4853,Himachal Pradesh,1,Male,15,50-54 years,494,Stroke,91,Lead exposure,1,Number,2019,26.66412041,74.22420567,-4.635714585
1,All Population,3,YLDs (Years Lived with Disability),4853,Himachal Pradesh,2,Female,15,50-54 years,494,Stroke,91,Lead exposure,1,Number,2019,19.54055577,56.48974216,-3.39932255
1,All Population,3,YLDs (Years Lived with Disability),4864,Nagaland,1,Male,15,50-54 years,494,Stroke,380,Particulate matter pollution,1,Number,2019,40.49844454,62.06850906,22.67927696
1,All Population,3,YLDs (Years Lived with Disability),4864,Nagaland,2,Female,15,50-54 years,494,Stroke,380,Particulate matter pollution,1,Number,2019,23.90040488,38.1559033,13.14220777
1,All Population,3,YLDs (Years Lived with Disability),4864,Nagaland,1,Male,15,50-54 years,498,Hypertensive heart disease,91,Lead exposure,1,Number,2019,0.353133386,0.98008196,0
1,All Population,3,YLDs (Years Lived with Disability),4864,Nagaland,2,Female,15,50-54 years,498,Hypertensive heart disease,91,Lead exposure,1,Number,2019,0.392690143,0.903804857,0
1,All Population,3,YLDs (Years Lived with Disability),4862,Meghalaya,1,Male,15,50-54 years,500,Atrial fibrillation and flutter,91,Lead exposure,1,Number,2019,0.713686735,2.346600387,-0.096907862
1,All Population,3,YLDs (Years Lived with Disability),4862,Meghalaya,2,Female,15,50-54 years,500,Atrial fibrillation and flutter,91,Lead exposure,1,Number,2019,0.560735646,1.825095491,-0.083789031
1,All Population,3,YLDs (Years Lived with Disability),4857,Kerala,1,Male,15,50-54 years,493,Ischemic heart disease,91,Lead exposure,1,Number,2019,638.5377479,917.5820554,393.8092619
1,All Population,3,YLDs (Years Lived with Disability),4857,Kerala,2,Female,15,50-54 years,493,Ischemic heart disease,91,Lead exposure,1,Number,2019,353.8501032,505.6046346,218.2795161
1,All Population,3,YLDs (Years Lived with Disability),4871,Telangana,1,Male,15,50-54 years,493,Ischemic heart disease,91,Lead exposure,1,Number,2019,499.2309814,742.3910706,306.0761326
1,All Population,3,YLDs (Years Lived with Disability),4871,Telangana,2,Female,15,50-54 years,493,Ischemic heart disease,91,Lead exposure,1,Number,2019,278.2198266,400.7308037,181.4960879
1,All Population,3,YLDs (Years Lived with Disability),4869,Sikkim,1,Male,15,50-54 years,493,Ischemic heart disease,380,Particulate matter pollution,1,Number,2019,6.554430648,9.691466231,3.850523697
1,All Population,3,YLDs (Years Lived with Disability),4869,Sikkim,2,Female,15,50-54 years,493,Ischemic heart disease,380,Particulate matter pollution,1,Number,2019,4.202929944,6.132711849,2.430508916
1,All Population,3,YLDs (Years Lived with Disability),4869,Sikkim,1,Male,15,50-54 years,494,Stroke,91,Lead exposure,1,Number,2019,2.354202472,6.212020309,-0.366270615
1,All Population,3,YLDs (Years Lived with Disability),4869,Sikkim,2,Female,15,50-54 years,494,Stroke,91,Lead exposure,1,Number,2019,1.611567555,4.123565826,-0.223017674
1,All Population,3,YLDs (Years Lived with Disability),4854,Jammu & Kashmir and Ladakh,1,Male,15,50-54 years,494,Stroke,380,Particulate matter pollution,1,Number,2021,175.3182712,267.2326371,94.7286333
1,All Population,3,YLDs (Years Lived with Disability),4854,Jammu & Kashmir and Ladakh,2,Female,15,50-54 years,494,Stroke,380,Particulate matter pollution,1,Number,2021,147.4322405,235.6536998,73.10522262
1,All Population,3,YLDs (Years Lived with Disability),4870,Tamil Nadu,1,Male,15,50-54 years,494,Stroke,380,Particulate matter pollution,1,Number,2021,1451.666662,2355.503483,767.6844536
1,All Population,3,YLDs (Years Lived with Disability),4870,Tamil Nadu,2,Female,15,50-54 years,494,Stroke,380,Particulate matter pollution,1,Number,2021,1435.761385,2268.291807,789.2752052
1,All Population,3,YLDs (Years Lived with Disability),4859,Madhya Pradesh,1,Male,15,50-54 years,493,Ischemic heart disease,91,Lead exposure,1,Number,2019,1037.091504,1523.534806,636.0125658
1,All Population,3,YLDs (Years Lived with Disability),4859,Madhya Pradesh,2,Female,15,50-54 years,493,Ischemic heart disease,91,Lead exposure,1,Number,2019,483.8131982,710.1115974,288.343944
1,All Population,3,YLDs (Years Lived with Disability),4863,Mizoram,1,Male,15,50-54 years,502,Lower extremity peripheral arterial disease,91,Lead exposure,1,Number,2019,0.002779907,0.009402832,-0.000269728
1,All Population,3,YLDs (Years Lived with Disability),4863,Mizoram,2,Female,15,50-54 years,502,Lower extremity peripheral arterial disease,91,Lead exposure,1,Number,2019,0.003270918,0.011080783,-0.000394852
1,All Population,3,YLDs (Years Lived with Disability),4842,Arunachal Pradesh,1,Male,15,50-54 years,493,Ischemic heart disease,380,Particulate matter pollution,1,Number,2021,11.0082529,17.43436958,6.07324575
1,All Population,3,YLDs (Years Lived with Disability),4842,Arunachal Pradesh,2,Female,15,50-54 years,493,Ischemic heart disease,380,Particulate matter pollution,1,Number,2021,5.813454815,8.676840529,3.386101779
1,All Population,3,YLDs (Years Lived with Disability),4842,Arunachal Pradesh,1,Male,15,50-54 years,494,Stroke,91,Lead exposure,1,Number,2021,5.393967607,13.74459928,-0.686808131
1,All Population,3,YLDs (Years Lived with Disability),4842,Arunachal Pradesh,2,Female,15,50-54 years,494,Stroke,91,Lead exposure,1,Number,2021,3.240655508,8.549249469,-0.481246887
1,All Population,3,YLDs (Years Lived with Disability),4849,Delhi,1,Male,15,50-54 years,493,Ischemic heart disease,91,Lead exposure,1,Number,2021,196.1260932,283.0758393,120.1341038
1,All Population,3,YLDs (Years Lived with Disability),4849,Delhi,2,Female,15,50-54 years,493,Ischemic heart disease,91,Lead exposure,1,Number,2021,102.135322,145.9488737,62.83132106
1,All Population,3,YLDs (Years Lived with Disability),4870,Tamil Nadu,1,Male,15,50-54 years,498,Hypertensive heart disease,91,Lead exposure,1,Number,2018,13.731349,37.35878805,0
1,All Population,3,YLDs (Years Lived with Disability),4870,Tamil Nadu,2,Female,15,50-54 years,498,Hypertensive heart disease,91,Lead exposure,1,Number,2018,26.11254318,63.49984628,0
1,All Population,3,YLDs (Years Lived with Disability),4873,Uttar Pradesh,1,Male,15,50-54 years,493,Ischemic heart disease,91,Lead exposure,1,Number,2019,2490.854219,3726.648406,1513.832466
1,All Population,3,YLDs (Years Lived with Disability),4873,Uttar Pradesh,2,Female,15,50-54 years,493,Ischemic heart disease,91,Lead exposure,1,Number,2019,1578.272462,2291.744665,972.7925037
1,All Population,3,YLDs (Years Lived with Disability),4870,Tamil Nadu,1,Male,15,50-54 years,500,Atrial fibrillation and flutter,91,Lead exposure,1,Number,2021,30.47720344,97.73070563,-4.664170197
1,All Population,3,YLDs (Years Lived with Disability),4870,Tamil Nadu,2,Female,15,50-54 years,500,Atrial fibrillation and flutter,91,Lead exposure,1,Number,2021,24.01790171,80.73715552,-3.57823921
1,All Population,3,YLDs (Years Lived with Disability),4860,Maharashtra,1,Male,15,50-54 years,502,Lower extremity peripheral arterial disease,91,Lead exposure,1,Number,2019,0.25878227,0.861338894,-0.030478616
1,All Population,3,YLDs (Years Lived with Disability),4860,Maharashtra,2,Female,15,50-54 years,502,Lower extremity peripheral arterial disease,91,Lead exposure,1,Number,2019,0.307627009,0.933970971,-0.039068222
1,All Population,3,YLDs (Years Lived with Disability),4859,Madhya Pradesh,1,Male,15,50-54 years,493,Ischemic heart disease,380,Particulate matter pollution,1,Number,2021,1310.708426,1982.494391,768.1569559
1,All Population,3,YLDs (Years Lived with Disability),4859,Madhya Pradesh,2,Female,15,50-54 years,493,Ischemic heart disease,380,Particulate matter pollution,1,Number,2021,666.9934989,997.3567726,380.4216981
1,All Population,3,YLDs (Years Lived with Disability),4859,Madhya Pradesh,1,Male,15,50-54 years,494,Stroke,91,Lead exposure,1,Number,2021,297.1068404,738.9017738,-55.34376837
1,All Population,3,YLDs (Years Lived with Disability),4859,Madhya Pradesh,2,Female,15,50-54 years,494,Stroke,91,Lead exposure,1,Number,2021,209.4806078,502.4512878,-37.31858883
1,All Population,3,YLDs (Years Lived with Disability),4872,Tripura,1,Male,15,50-54 years,493,Ischemic heart disease,380,Particulate matter pollution,1,Number,2019,58.62345885,87.58628331,34.86470452
1,All Population,3,YLDs (Years Lived with Disability),4872,Tripura,2,Female,15,50-54 years,493,Ischemic heart disease,380,Particulate matter pollution,1,Number,2019,36.34596646,53.55376276,22.09574563
1,All Population,3,YLDs (Years Lived with Disability),4872,Tripura,1,Male,15,50-54 years,494,Stroke,91,Lead exposure,1,Number,2019,24.63285624,63.01942773,-3.834828958
1,All Population,3,YLDs (Years Lived with Disability),4872,Tripura,2,Female,15,50-54 years,494,Stroke,91,Lead exposure,1,Number,2019,14.98798171,37.29905614,-2.419292806
1,All Population,3,YLDs (Years Lived with Disability),4842,Arunachal Pradesh,1,Male,15,50-54 years,498,Hypertensive heart disease,91,Lead exposure,1,Number,2021,0.33348384,0.828004713,0
1,All Population,3,YLDs (Years Lived with Disability),4842,Arunachal Pradesh,2,Female,15,50-54 years,498,Hypertensive heart disease,91,Lead exposure,1,Number,2021,0.479011311,1.192842022,0
1,All Population,3,YLDs (Years Lived with Disability),4859,Madhya Pradesh,1,Male,15,50-54 years,498,Hypertensive heart disease,91,Lead exposure,1,Number,2021,13.39949849,31.44420344,0
1,All Population,3,YLDs (Years Lived with Disability),4859,Madhya Pradesh,2,Female,15,50-54 years,498,Hypertensive heart disease,91,Lead exposure,1,Number,2021,27.78535523,69.21787314,0
1,All Population,3,YLDs (Years Lived with Disability),4854,Jammu & Kashmir and Ladakh,1,Male,15,50-54 years,500,Atrial fibrillation and flutter,91,Lead exposure,1,Number,2021,2.640690875,8.489465061,-0.364511315
1,All Population,3,YLDs (Years Lived with Disability),4854,Jammu & Kashmir and Ladakh,2,Female,15,50-54 years,500,Atrial fibrillation and flutter,91,Lead exposure,1,Number,2021,1.998388423,6.28272031,-0.330937298
1,All Population,3,YLDs (Years Lived with Disability),4875,West Bengal,1,Male,15,50-54 years,502,Lower extremity peripheral arterial disease,91,Lead exposure,1,Number,2019,0.227812807,0.693123966,-0.02521198
1,All Population,3,YLDs (Years Lived with Disability),4875,West Bengal,2,Female,15,50-54 years,502,Lower extremity peripheral arterial disease,91,Lead exposure,1,Number,2019,0.286763098,0.931670888,-0.0332847
1,All Population,3,YLDs (Years Lived with Disability),4851,Gujarat,1,Male,15,50-54 years,502,Lower extremity peripheral arterial disease,91,Lead exposure,1,Number,2021,0.178796131,0.622069302,-0.02221594
1,All Population,3,YLDs (Years Lived with Disability),4851,Gujarat,2,Female,15,50-54 years,502,Lower extremity peripheral arterial disease,91,Lead exposure,1,Number,2021,0.233335249,0.776742553,-0.02604504
1,All Population,3,YLDs (Years Lived with Disability),4867,Punjab,1,Male,15,50-54 years,498,Hypertensive heart disease,91,Lead exposure,1,Number,2019,3.021520707,7.825511075,0
1,All Population,3,YLDs (Years Lived with Disability),4867,Punjab,2,Female,15,50-54 years,498,Hypertensive heart disease,91,Lead exposure,1,Number,2019,4.703254613,12.06956403,0
1,All Population,3,YLDs (Years Lived with Disability),4871,Telangana,1,Male,15,50-54 years,493,Ischemic heart disease,91,Lead exposure,1,Number,2018,495.4849525,734.7429502,303.3891126
1,All Population,3,YLDs (Years Lived with Disability),4871,Telangana,2,Female,15,50-54 years,493,Ischemic heart disease,91,Lead exposure,1,Number,2018,279.2371987,403.206789,171.217137
1,All Population,3,YLDs (Years Lived with Disability),4868,Rajasthan,1,Male,15,50-54 years,494,Stroke,380,Particulate matter pollution,1,Number,2019,1349.410433,2069.332723,766.6458383
1,All Population,3,YLDs (Years Lived with Disability),4868,Rajasthan,2,Female,15,50-54 years,494,Stroke,380,Particulate matter pollution,1,Number,2019,1207.434886,1777.0192,741.4362812
1,All Population,3,YLDs (Years Lived with Disability),4870,Tamil Nadu,1,Male,15,50-54 years,493,Ischemic heart disease,380,Particulate matter pollution,1,Number,2019,1168.629776,1799.139429,663.3944557
1,All Population,3,YLDs (Years Lived with Disability),4870,Tamil Nadu,2,Female,15,50-54 years,493,Ischemic heart disease,380,Particulate matter pollution,1,Number,2019,672.9841817,1020.514316,401.8888035
1,All Population,3,YLDs (Years Lived with Disability),4870,Tamil Nadu,1,Male,15,50-54 years,494,Stroke,91,Lead exposure,1,Number,2019,425.9134891,1142.506862,-67.81884156
1,All Population,3,YLDs (Years Lived with Disability),4870,Tamil Nadu,2,Female,15,50-54 years,494,Stroke,91,Lead exposure,1,Number,2019,342.1708041,899.8676673,-59.37144296
1,All Population,3,YLDs (Years Lived with Disability),4864,Nagaland,1,Male,15,50-54 years,493,Ischemic heart disease,91,Lead exposure,1,Number,2021,13.33328679,19.80746562,8.14934718
1,All Population,3,YLDs (Years Lived with Disability),4864,Nagaland,2,Female,15,50-54 years,493,Ischemic heart disease,91,Lead exposure,1,Number,2021,7.993063461,11.88492967,4.911713076
1,All Population,3,YLDs (Years Lived with Disability),4874,Uttarakhand,1,Male,15,50-54 years,493,Ischemic heart disease,91,Lead exposure,1,Number,2019,165.8646447,249.970684,99.1664744
1,All Population,3,YLDs (Years Lived with Disability),4874,Uttarakhand,2,Female,15,50-54 years,493,Ischemic heart disease,91,Lead exposure,1,Number,2019,86.63237908,124.6684135,52.16356143
1,All Population,3,YLDs (Years Lived with Disability),4868,Rajasthan,1,Male,15,50-54 years,502,Lower extremity peripheral arterial disease,91,Lead exposure,1,Number,2021,0.095423439,0.319927862,-0.012671149
1,All Population,3,YLDs (Years Lived with Disability),4868,Rajasthan,2,Female,15,50-54 years,502,Lower extremity peripheral arterial disease,91,Lead exposure,1,Number,2021,0.102825484,0.336134238,-0.012316299
1,All Population,3,YLDs (Years Lived with Disability),4868,Rajasthan,1,Male,15,50-54 years,500,Atrial fibrillation and flutter,91,Lead exposure,1,Number,2019,10.89841969,32.27360265,-1.470217157
1,All Population,3,YLDs (Years Lived with Disability),4868,Rajasthan,2,Female,15,50-54 years,500,Atrial fibrillation and flutter,91,Lead exposure,1,Number,2019,6.797968202,21.84514486,-0.89055888
1,All Population,3,YLDs (Years Lived with Disability),4870,Tamil Nadu,1,Male,15,50-54 years,498,Hypertensive heart disease,91,Lead exposure,1,Number,2019,13.96338311,34.99624796,0
1,All Population,3,YLDs (Years Lived with Disability),4870,Tamil Nadu,2,Female,15,50-54 years,498,Hypertensive heart disease,91,Lead exposure,1,Number,2019,26.6157143,60.83743223,0
1,All Population,3,YLDs (Years Lived with Disability),4868,Rajasthan,1,Male,15,50-54 years,494,Stroke,380,Particulate matter pollution,1,Number,2018,1308.292988,1960.687806,753.3499287
1,All Population,3,YLDs (Years Lived with Disability),4868,Rajasthan,2,Female,15,50-54 years,494,Stroke,380,Particulate matter pollution,1,Number,2018,1177.049922,1880.063714,674.3813526
1,All Population,3,YLDs (Years Lived with Disability),4856,Karnataka,1,Male,15,50-54 years,493,Ischemic heart disease,380,Particulate matter pollution,1,Number,2018,918.316083,1367.851086,506.9055463
1,All Population,3,YLDs (Years Lived with Disability),4856,Karnataka,2,Female,15,50-54 years,493,Ischemic heart disease,380,Particulate matter pollution,1,Number,2018,622.0307449,939.1678424,361.5102621
1,All Population,3,YLDs (Years Lived with Disability),4856,Karnataka,1,Male,15,50-54 years,494,Stroke,91,Lead exposure,1,Number,2018,296.4954525,741.3150962,-52.47047884
1,All Population,3,YLDs (Years Lived with Disability),4856,Karnataka,2,Female,15,50-54 years,494,Stroke,91,Lead exposure,1,Number,2018,225.6886277,606.6038521,-36.04235427
1,All Population,3,YLDs (Years Lived with Disability),4872,Tripura,1,Male,15,50-54 years,494,Stroke,380,Particulate matter pollution,1,Number,2021,148.0741752,218.7994842,82.55220236
1,All Population,3,YLDs (Years Lived with Disability),4872,Tripura,2,Female,15,50-54 years,494,Stroke,380,Particulate matter pollution,1,Number,2021,107.2271414,162.8185955,60.69404318
1,All Population,3,YLDs (Years Lived with Disability),4874,Uttarakhand,1,Male,15,50-54 years,493,Ischemic heart disease,380,Particulate matter pollution,1,Number,2021,196.3880657,299.764978,112.7217819
1,All Population,3,YLDs (Years Lived with Disability),4874,Uttarakhand,2,Female,15,50-54 years,493,Ischemic heart disease,380,Particulate matter pollution,1,Number,2021,110.2646396,162.5362469,65.27439447
1,All Population,3,YLDs (Years Lived with Disability),4874,Uttarakhand,1,Male,15,50-54 years,494,Stroke,91,Lead exposure,1,Number,2021,45.60012604,112.1981351,-7.682282674
1,All Population,3,YLDs (Years Lived with Disability),4874,Uttarakhand,2,Female,15,50-54 years,494,Stroke,91,Lead exposure,1,Number,2021,29.93837715,72.31485518,-4.519599826
1,All Population,3,YLDs (Years Lived with Disability),4872,Tripura,1,Male,15,50-54 years,498,Hypertensive heart disease,91,Lead exposure,1,Number,2021,0.937321563,2.602751005,0
1,All Population,3,YLDs (Years Lived with Disability),4872,Tripura,2,Female,15,50-54 years,498,Hypertensive heart disease,91,Lead exposure,1,Number,2021,1.355394394,3.264841188,0
1,All Population,3,YLDs (Years Lived with Disability),4874,Uttarakhand,1,Male,15,50-54 years,498,Hypertensive heart disease,91,Lead exposure,1,Number,2021,1.69468583,4.454767457,0
1,All Population,3,YLDs (Years Lived with Disability),4874,Uttarakhand,2,Female,15,50-54 years,498,Hypertensive heart disease,91,Lead exposure,1,Number,2021,2.989832984,7.381103971,0
1,All Population,3,YLDs (Years Lived with Disability),4867,Punjab,1,Male,15,50-54 years,502,Lower extremity peripheral arterial disease,91,Lead exposure,1,Number,2021,0.036581998,0.128150963,-0.003787957
1,All Population,3,YLDs (Years Lived with Disability),4867,Punjab,2,Female,15,50-54 years,502,Lower extremity peripheral arterial disease,91,Lead exposure,1,Number,2021,0.062653339,0.204150238,-0.004695924
1,All Population,3,YLDs (Years Lived with Disability),4857,Kerala,1,Male,15,50-54 years,494,Stroke,91,Lead exposure,1,Number,2021,204.1937806,509.5275812,-31.66590169
1,All Population,3,YLDs (Years Lived with Disability),4857,Kerala,2,Female,15,50-54 years,494,Stroke,91,Lead exposure,1,Number,2021,181.1891344,456.8994384,-25.46784925
1,All Population,3,YLDs (Years Lived with Disability),4857,Kerala,1,Male,15,50-54 years,498,Hypertensive heart disease,91,Lead exposure,1,Number,2021,5.838521517,15.84449759,0
1,All Population,3,YLDs (Years Lived with Disability),4857,Kerala,2,Female,15,50-54 years,498,Hypertensive heart disease,91,Lead exposure,1,Number,2021,15.66986316,40.9426462,0
1,All Population,3,YLDs (Years Lived with Disability),4868,Rajasthan,1,Male,15,50-54 years,500,Atrial fibrillation and flutter,91,Lead exposure,1,Number,2018,10.54132556,31.92981163,-1.525189835
1,All Population,3,YLDs (Years Lived with Disability),4868,Rajasthan,2,Female,15,50-54 years,500,Atrial fibrillation and flutter,91,Lead exposure,1,Number,2018,6.687676106,21.03828231,-0.881717965
1,All Population,3,YLDs (Years Lived with Disability),4871,Telangana,1,Male,15,50-54 years,494,Stroke,380,Particulate matter pollution,1,Number,2021,527.6573967,820.5079936,294.6199232
1,All Population,3,YLDs (Years Lived with Disability),4871,Telangana,2,Female,15,50-54 years,494,Stroke,380,Particulate matter pollution,1,Number,2021,458.783757,748.5042132,248.816719
1,All Population,3,YLDs (Years Lived with Disability),4855,Jharkhand,1,Male,15,50-54 years,494,Stroke,380,Particulate matter pollution,1,Number,2021,654.5210949,954.8820992,376.0738002
1,All Population,3,YLDs (Years Lived with Disability),4855,Jharkhand,2,Female,15,50-54 years,494,Stroke,380,Particulate matter pollution,1,Number,2021,761.9022403,1152.694552,431.3781181
1,All Population,3,YLDs (Years Lived with Disability),4855,Jharkhand,1,Male,15,50-54 years,500,Atrial fibrillation and flutter,91,Lead exposure,1,Number,2021,8.389551789,26.64884638,-1.16689548
1,All Population,3,YLDs (Years Lived with Disability),4855,Jharkhand,2,Female,15,50-54 years,500,Atrial fibrillation and flutter,91,Lead exposure,1,Number,2021,5.936680238,21.0066684,-0.729006455
1,All Population,3,YLDs (Years Lived with Disability),4853,Himachal Pradesh,1,Male,15,50-54 years,500,Atrial fibrillation and flutter,91,Lead exposure,1,Number,2021,2.373107307,7.751352723,-0.297348826
1,All Population,3,YLDs (Years Lived with Disability),4853,Himachal Pradesh,2,Female,15,50-54 years,500,Atrial fibrillation and flutter,91,Lead exposure,1,Number,2021,1.783996089,6.173817503,-0.222841618
1,All Population,3,YLDs (Years Lived with Disability),4871,Telangana,1,Male,15,50-54 years,500,Atrial fibrillation and flutter,91,Lead exposure,1,Number,2021,9.440545677,30.18670368,-1.560360697
1,All Population,3,YLDs (Years Lived with Disability),4871,Telangana,2,Female,15,50-54 years,500,Atrial fibrillation and flutter,91,Lead exposure,1,Number,2021,6.701425852,20.57334556,-0.981086406
1,All Population,3,YLDs (Years Lived with Disability),4860,Maharashtra,1,Male,15,50-54 years,493,Ischemic heart disease,380,Particulate matter pollution,1,Number,2021,1363.113611,2019.263937,787.5321234
1,All Population,3,YLDs (Years Lived with Disability),4860,Maharashtra,2,Female,15,50-54 years,493,Ischemic heart disease,380,Particulate matter pollution,1,Number,2021,867.3486986,1293.315652,505.3865758
1,All Population,3,YLDs (Years Lived with Disability),4860,Maharashtra,1,Male,15,50-54 years,494,Stroke,91,Lead exposure,1,Number,2021,551.833255,1540.571107,-81.83574315
1,All Population,3,YLDs (Years Lived with Disability),4860,Maharashtra,2,Female,15,50-54 years,494,Stroke,91,Lead exposure,1,Number,2021,389.6991443,1035.180204,-63.12131803
1,All Population,3,YLDs (Years Lived with Disability),4864,Nagaland,1,Male,15,50-54 years,493,Ischemic heart disease,380,Particulate matter pollution,1,Number,2019,14.4911016,22.03240736,8.333527776
1,All Population,3,YLDs (Years Lived with Disability),4864,Nagaland,2,Female,15,50-54 years,493,Ischemic heart disease,380,Particulate matter pollution,1,Number,2019,9.723205975,14.77915504,5.641020942
1,All Population,3,YLDs (Years Lived with Disability),4864,Nagaland,1,Male,15,50-54 years,494,Stroke,91,Lead exposure,1,Number,2019,8.12939201,19.32410089,-1.153109641
1,All Population,3,YLDs (Years Lived with Disability),4864,Nagaland,2,Female,15,50-54 years,494,Stroke,91,Lead exposure,1,Number,2019,3.903311206,10.03435565,-0.558313381
1,All Population,3,YLDs (Years Lived with Disability),4853,Himachal Pradesh,1,Male,15,50-54 years,502,Lower extremity peripheral arterial disease,91,Lead exposure,1,Number,2021,0.017813274,0.061097287,-0.002512334
1,All Population,3,YLDs (Years Lived with Disability),4853,Himachal Pradesh,2,Female,15,50-54 years,502,Lower extremity peripheral arterial disease,91,Lead exposure,1,Number,2021,0.022512459,0.067375541,-0.002741201
1,All Population,3,YLDs (Years Lived with Disability),4860,Maharashtra,1,Male,15,50-54 years,498,Hypertensive heart disease,91,Lead exposure,1,Number,2021,21.44470213,56.72830832,0
1,All Population,3,YLDs (Years Lived with Disability),4860,Maharashtra,2,Female,15,50-54 years,498,Hypertensive heart disease,91,Lead exposure,1,Number,2021,40.88542192,100.8080913,0
1,All Population,3,YLDs (Years Lived with Disability),4851,Gujarat,1,Male,15,50-54 years,493,Ischemic heart disease,91,Lead exposure,1,Number,2019,997.9198518,1440.998877,603.4244651
1,All Population,3,YLDs (Years Lived with Disability),4851,Gujarat,2,Female,15,50-54 years,493,Ischemic heart disease,91,Lead exposure,1,Number,2019,547.5724391,801.1036457,349.801456
1,All Population,3,YLDs (Years Lived with Disability),4869,Sikkim,1,Male,15,50-54 years,500,Atrial fibrillation and flutter,91,Lead exposure,1,Number,2021,0.192439343,0.61821001,-0.022432147
1,All Population,3,YLDs (Years Lived with Disability),4869,Sikkim,2,Female,15,50-54 years,500,Atrial fibrillation and flutter,91,Lead exposure,1,Number,2021,0.126537862,0.404970311,-0.012381733
1,All Population,3,YLDs (Years Lived with Disability),4869,Sikkim,1,Male,15,50-54 years,502,Lower extremity peripheral arterial disease,91,Lead exposure,1,Number,2021,0.001205526,0.004266843,-0.000121013
1,All Population,3,YLDs (Years Lived with Disability),4869,Sikkim,2,Female,15,50-54 years,502,Lower extremity peripheral arterial disease,91,Lead exposure,1,Number,2021,0.001150511,0.004265306,-0.000105313
1,All Population,3,YLDs (Years Lived with Disability),4849,Delhi,1,Male,15,50-54 years,493,Ischemic heart disease,380,Particulate matter pollution,1,Number,2019,290.7970291,450.2798833,158.4301843
1,All Population,3,YLDs (Years Lived with Disability),4849,Delhi,2,Female,15,50-54 years,493,Ischemic heart disease,380,Particulate matter pollution,1,Number,2019,180.5234217,282.6508915,105.9997338
1,All Population,3,YLDs (Years Lived with Disability),4849,Delhi,1,Male,15,50-54 years,494,Stroke,91,Lead exposure,1,Number,2019,45.74799499,132.2029636,-5.067447353
1,All Population,3,YLDs (Years Lived with Disability),4849,Delhi,2,Female,15,50-54 years,494,Stroke,91,Lead exposure,1,Number,2019,38.64620967,109.8521339,-4.233450733
1,All Population,3,YLDs (Years Lived with Disability),4873,Uttar Pradesh,1,Male,15,50-54 years,494,Stroke,91,Lead exposure,1,Number,2021,993.8947698,2650.495503,-139.6196362
1,All Population,3,YLDs (Years Lived with Disability),4873,Uttar Pradesh,2,Female,15,50-54 years,494,Stroke,91,Lead exposure,1,Number,2021,870.6060294,2169.895073,-120.3611022
1,All Population,3,YLDs (Years Lived with Disability),4867,Punjab,1,Male,15,50-54 years,493,Ischemic heart disease,91,Lead exposure,1,Number,2019,416.8525063,607.5891742,255.5141813
1,All Population,3,YLDs (Years Lived with Disability),4867,Punjab,2,Female,15,50-54 years,493,Ischemic heart disease,91,Lead exposure,1,Number,2019,263.2693926,374.3509353,157.8061744
1,All Population,3,YLDs (Years Lived with Disability),4875,West Bengal,1,Male,15,50-54 years,493,Ischemic heart disease,380,Particulate matter pollution,1,Number,2021,1593.051344,2447.476633,949.2165498
1,All Population,3,YLDs (Years Lived with Disability),4875,West Bengal,2,Female,15,50-54 years,493,Ischemic heart disease,380,Particulate matter pollution,1,Number,2021,1108.020467,1664.052351,668.0334995
1,All Population,3,YLDs (Years Lived with Disability),4875,West Bengal,1,Male,15,50-54 years,494,Stroke,91,Lead exposure,1,Number,2021,582.445162,1393.118861,-83.9083037
1,All Population,3,YLDs (Years Lived with Disability),4875,West Bengal,2,Female,15,50-54 years,494,Stroke,91,Lead exposure,1,Number,2021,496.8198447,1180.879035,-64.96406633
1,All Population,3,YLDs (Years Lived with Disability),4841,Andhra Pradesh,1,Male,15,50-54 years,502,Lower extremity peripheral arterial disease,91,Lead exposure,1,Number,2019,0.112797534,0.347030577,-0.011763723
1,All Population,3,YLDs (Years Lived with Disability),4841,Andhra Pradesh,2,Female,15,50-54 years,502,Lower extremity peripheral arterial disease,91,Lead exposure,1,Number,2019,0.142501996,0.466492093,-0.016380003
1,All Population,3,YLDs (Years Lived with Disability),4873,Uttar Pradesh,1,Male,15,50-54 years,498,Hypertensive heart disease,91,Lead exposure,1,Number,2021,54.75227039,141.8107394,0
1,All Population,3,YLDs (Years Lived with Disability),4873,Uttar Pradesh,2,Female,15,50-54 years,498,Hypertensive heart disease,91,Lead exposure,1,Number,2021,76.60024756,188.875956,0
1,All Population,3,YLDs (Years Lived with Disability),4851,Gujarat,1,Male,15,50-54 years,494,Stroke,380,Particulate matter pollution,1,Number,2019,1575.981874,2386.954627,919.0587248
1,All Population,3,YLDs (Years Lived with Disability),4851,Gujarat,2,Female,15,50-54 years,494,Stroke,380,Particulate matter pollution,1,Number,2019,1406.464646,2194.463225,796.6881563
1,All Population,3,YLDs (Years Lived with Disability),4875,West Bengal,1,Male,15,50-54 years,498,Hypertensive heart disease,91,Lead exposure,1,Number,2021,18.65024142,44.50825484,0
1,All Population,3,YLDs (Years Lived with Disability),4875,West Bengal,2,Female,15,50-54 years,498,Hypertensive heart disease,91,Lead exposure,1,Number,2021,29.42121961,67.33355089,0
1,All Population,3,YLDs (Years Lived with Disability),4853,Himachal Pradesh,1,Male,15,50-54 years,493,Ischemic heart disease,91,Lead exposure,1,Number,2019,114.1619068,166.8245625,68.72743954
1,All Population,3,YLDs (Years Lived with Disability),4853,Himachal Pradesh,2,Female,15,50-54 years,493,Ischemic heart disease,91,Lead exposure,1,Number,2019,52.15470374,76.23931224,31.10865346
1,All Population,3,YLDs (Years Lived with Disability),4849,Delhi,1,Male,15,50-54 years,500,Atrial fibrillation and flutter,91,Lead exposure,1,Number,2019,3.732974722,12.12710928,-0.458633662
1,All Population,3,YLDs (Years Lived with Disability),4849,Delhi,2,Female,15,50-54 years,500,Atrial fibrillation and flutter,91,Lead exposure,1,Number,2019,2.459168076,7.872531374,-0.289779909
1,All Population,3,YLDs (Years Lived with Disability),4849,Delhi,1,Male,15,50-54 years,502,Lower extremity peripheral arterial disease,91,Lead exposure,1,Number,2019,0.028202047,0.102086299,-0.002214799
1,All Population,3,YLDs (Years Lived with Disability),4849,Delhi,2,Female,15,50-54 years,502,Lower extremity peripheral arterial disease,91,Lead exposure,1,Number,2019,0.033728528,0.117507878,-0.003392758
1,All Population,3,YLDs (Years Lived with Disability),4844,Bihar,1,Male,15,50-54 years,493,Ischemic heart disease,380,Particulate matter pollution,1,Number,2019,1112.987089,1769.161323,656.0504795
1,All Population,3,YLDs (Years Lived with Disability),4844,Bihar,2,Female,15,50-54 years,493,Ischemic heart disease,380,Particulate matter pollution,1,Number,2019,710.8876717,1084.017743,403.2038935
1,All Population,3,YLDs (Years Lived with Disability),4844,Bihar,1,Male,15,50-54 years,494,Stroke,91,Lead exposure,1,Number,2019,309.6873972,804.7079615,-51.67293516
1,All Population,3,YLDs (Years Lived with Disability),4844,Bihar,2,Female,15,50-54 years,494,Stroke,91,Lead exposure,1,Number,2019,244.5653799,692.6366302,-36.59267384
1,All Population,3,YLDs (Years Lived with Disability),4843,Assam,1,Male,15,50-54 years,500,Atrial fibrillation and flutter,91,Lead exposure,1,Number,2019,8.628233554,27.11126306,-1.307285346
1,All Population,3,YLDs (Years Lived with Disability),4843,Assam,2,Female,15,50-54 years,500,Atrial fibrillation and flutter,91,Lead exposure,1,Number,2019,6.005713411,20.70981194,-0.879779636
1,All Population,3,YLDs (Years Lived with Disability),4843,Assam,1,Male,15,50-54 years,502,Lower extremity peripheral arterial disease,91,Lead exposure,1,Number,2019,0.075228101,0.273309452,-0.008865019
1,All Population,3,YLDs (Years Lived with Disability),4843,Assam,2,Female,15,50-54 years,502,Lower extremity peripheral arterial disease,91,Lead exposure,1,Number,2019,0.086397401,0.292721281,-0.009141454
1,All Population,3,YLDs (Years Lived with Disability),4844,Bihar,1,Male,15,50-54 years,498,Hypertensive heart disease,91,Lead exposure,1,Number,2019,25.40791968,68.73170277,0
1,All Population,3,YLDs (Years Lived with Disability),4844,Bihar,2,Female,15,50-54 years,498,Hypertensive heart disease,91,Lead exposure,1,Number,2019,32.65502857,82.62019634,0
1,All Population,3,YLDs (Years Lived with Disability),44538,Other Union Territories,1,Male,15,50-54 years,493,Ischemic heart disease,91,Lead exposure,1,Number,2021,52.45663046,76.86102456,31.47657791
1,All Population,3,YLDs (Years Lived with Disability),44538,Other Union Territories,2,Female,15,50-54 years,493,Ischemic heart disease,91,Lead exposure,1,Number,2021,27.31963705,39.92020372,15.6198966
1,All Population,3,YLDs (Years Lived with Disability),4844,Bihar,1,Male,15,50-54 years,493,Ischemic heart disease,91,Lead exposure,1,Number,2019,941.9083526,1433.711526,571.5585795
1,All Population,3,YLDs (Years Lived with Disability),4844,Bihar,2,Female,15,50-54 years,493,Ischemic heart disease,91,Lead exposure,1,Number,2019,550.5110887,790.7832803,335.4890908
1,All Population,3,YLDs (Years Lived with Disability),4844,Bihar,1,Male,15,50-54 years,502,Lower extremity peripheral arterial disease,91,Lead exposure,1,Number,2019,0.235236181,0.804246202,-0.023290886
1,All Population,3,YLDs (Years Lived with Disability),4844,Bihar,2,Female,15,50-54 years,502,Lower extremity peripheral arterial disease,91,Lead exposure,1,Number,2019,0.269560452,0.932118476,-0.032038834
1,All Population,3,YLDs (Years Lived with Disability),4868,Rajasthan,1,Male,15,50-54 years,493,Ischemic heart disease,380,Particulate matter pollution,1,Number,2019,1306.434055,1957.560162,764.2177613
1,All Population,3,YLDs (Years Lived with Disability),4868,Rajasthan,2,Female,15,50-54 years,493,Ischemic heart disease,380,Particulate matter pollution,1,Number,2019,698.1751031,1019.099209,413.2427094
1,All Population,3,YLDs (Years Lived with Disability),4868,Rajasthan,1,Male,15,50-54 years,494,Stroke,91,Lead exposure,1,Number,2019,138.6427541,349.1999791,-22.65546324
1,All Population,3,YLDs (Years Lived with Disability),4868,Rajasthan,2,Female,15,50-54 years,494,Stroke,91,Lead exposure,1,Number,2019,90.19867975,254.9478376,-12.82809835
1,All Population,3,YLDs (Years Lived with Disability),4855,Jharkhand,1,Male,15,50-54 years,493,Ischemic heart disease,380,Particulate matter pollution,1,Number,2019,252.1673225,382.2039393,146.6366347
1,All Population,3,YLDs (Years Lived with Disability),4855,Jharkhand,2,Female,15,50-54 years,493,Ischemic heart disease,380,Particulate matter pollution,1,Number,2019,217.517463,320.3595308,128.3754395
1,All Population,3,YLDs (Years Lived with Disability),4862,Meghalaya,1,Male,15,50-54 years,493,Ischemic heart disease,380,Particulate matter pollution,1,Number,2019,22.11465381,33.70867325,12.88018744
1,All Population,3,YLDs (Years Lived with Disability),4862,Meghalaya,2,Female,15,50-54 years,493,Ischemic heart disease,380,Particulate matter pollution,1,Number,2019,15.59430741,23.02128123,9.005408285
1,All Population,3,YLDs (Years Lived with Disability),4862,Meghalaya,1,Male,15,50-54 years,494,Stroke,91,Lead exposure,1,Number,2019,9.446153015,25.86634267,-1.483496516
1,All Population,3,YLDs (Years Lived with Disability),4862,Meghalaya,2,Female,15,50-54 years,494,Stroke,91,Lead exposure,1,Number,2019,6.971248291,19.1677252,-1.147461676
1,All Population,3,YLDs (Years Lived with Disability),4855,Jharkhand,1,Male,15,50-54 years,494,Stroke,91,Lead exposure,1,Number,2019,110.3227825,275.3993836,-17.95659976
1,All Population,3,YLDs (Years Lived with Disability),4855,Jharkhand,2,Female,15,50-54 years,494,Stroke,91,Lead exposure,1,Number,2019,103.4885213,249.0857861,-13.44181832
1,All Population,3,YLDs (Years Lived with Disability),4862,Meghalaya,1,Male,15,50-54 years,498,Hypertensive heart disease,91,Lead exposure,1,Number,2019,0.684191089,1.597391199,0
1,All Population,3,YLDs (Years Lived with Disability),4862,Meghalaya,2,Female,15,50-54 years,498,Hypertensive heart disease,91,Lead exposure,1,Number,2019,1.010733204,2.599932797,0
1,All Population,3,YLDs (Years Lived with Disability),4852,Haryana,1,Male,15,50-54 years,493,Ischemic heart disease,380,Particulate matter pollution,1,Number,2019,424.4687608,633.5815194,241.6572941
1,All Population,3,YLDs (Years Lived with Disability),4852,Haryana,2,Female,15,50-54 years,493,Ischemic heart disease,380,Particulate matter pollution,1,Number,2019,235.9668267,346.2690764,142.3751731
1,All Population,3,YLDs (Years Lived with Disability),4868,Rajasthan,1,Male,15,50-54 years,498,Hypertensive heart disease,91,Lead exposure,1,Number,2019,7.188947145,17.59383875,0
1,All Population,3,YLDs (Years Lived with Disability),4868,Rajasthan,2,Female,15,50-54 years,498,Hypertensive heart disease,91,Lead exposure,1,Number,2019,12.87908695,32.7751945,0
1,All Population,3,YLDs (Years Lived with Disability),4852,Haryana,1,Male,15,50-54 years,494,Stroke,91,Lead exposure,1,Number,2019,112.0955546,287.2081102,-15.22653407
1,All Population,3,YLDs (Years Lived with Disability),4852,Haryana,2,Female,15,50-54 years,494,Stroke,91,Lead exposure,1,Number,2019,82.50139917,207.6586236,-10.25020837
1,All Population,3,YLDs (Years Lived with Disability),4852,Haryana,1,Male,15,50-54 years,498,Hypertensive heart disease,91,Lead exposure,1,Number,2019,3.725074904,9.4248101,0
1,All Population,3,YLDs (Years Lived with Disability),4852,Haryana,2,Female,15,50-54 years,498,Hypertensive heart disease,91,Lead exposure,1,Number,2019,6.569854465,15.66831103,0
1,All Population,3,YLDs (Years Lived with Disability),4855,Jharkhand,1,Male,15,50-54 years,498,Hypertensive heart disease,91,Lead exposure,1,Number,2019,6.259162647,17.46427576,0
1,All Population,3,YLDs (Years Lived with Disability),4855,Jharkhand,2,Female,15,50-54 years,498,Hypertensive heart disease,91,Lead exposure,1,Number,2019,8.907471782,21.14035123,0
1,All Population,3,YLDs (Years Lived with Disability),4874,Uttarakhand,1,Male,15,50-54 years,502,Lower extremity peripheral arterial disease,91,Lead exposure,1,Number,2019,0.023493468,0.076380823,-0.002418627
1,All Population,3,YLDs (Years Lived with Disability),4874,Uttarakhand,2,Female,15,50-54 years,502,Lower extremity peripheral arterial disease,91,Lead exposure,1,Number,2019,0.033099996,0.109850148,-0.003386506
1,All Population,3,YLDs (Years Lived with Disability),4851,Gujarat,1,Male,15,50-54 years,500,Atrial fibrillation and flutter,91,Lead exposure,1,Number,2019,21.24458063,62.2946593,-3.105824685
1,All Population,3,YLDs (Years Lived with Disability),4851,Gujarat,2,Female,15,50-54 years,500,Atrial fibrillation and flutter,91,Lead exposure,1,Number,2019,16.26419768,52.72695486,-2.115547857
1,All Population,3,YLDs (Years Lived with Disability),4869,Sikkim,1,Male,15,50-54 years,493,Ischemic heart disease,91,Lead exposure,1,Number,2019,5.783308855,8.328048265,3.514608019
1,All Population,3,YLDs (Years Lived with Disability),4869,Sikkim,2,Female,15,50-54 years,493,Ischemic heart disease,91,Lead exposure,1,Number,2019,3.354051932,4.954026399,2.156512389
1,All Population,3,YLDs (Years Lived with Disability),4853,Himachal Pradesh,1,Male,15,50-54 years,494,Stroke,380,Particulate matter pollution,1,Number,2019,137.6664433,212.4174076,72.74838912
1,All Population,3,YLDs (Years Lived with Disability),4853,Himachal Pradesh,2,Female,15,50-54 years,494,Stroke,380,Particulate matter pollution,1,Number,2019,123.183896,192.1451211,69.61945446
1,All Population,3,YLDs (Years Lived with Disability),4853,Himachal Pradesh,1,Male,15,50-54 years,498,Hypertensive heart disease,91,Lead exposure,1,Number,2019,1.380413364,3.847097544,0
1,All Population,3,YLDs (Years Lived with Disability),4853,Himachal Pradesh,2,Female,15,50-54 years,498,Hypertensive heart disease,91,Lead exposure,1,Number,2019,2.367399525,6.023159174,0
1,All Population,3,YLDs (Years Lived with Disability),44538,Other Union Territories,1,Male,15,50-54 years,494,Stroke,380,Particulate matter pollution,1,Number,2019,49.56473138,81.20977051,24.34028347
1,All Population,3,YLDs (Years Lived with Disability),44538,Other Union Territories,2,Female,15,50-54 years,494,Stroke,380,Particulate matter pollution,1,Number,2019,45.8631982,75.77816888,23.22643393
1,All Population,3,YLDs (Years Lived with Disability),4861,Manipur,1,Male,15,50-54 years,500,Atrial fibrillation and flutter,91,Lead exposure,1,Number,2019,0.994023689,3.21411638,-0.181322423
1,All Population,3,YLDs (Years Lived with Disability),4861,Manipur,2,Female,15,50-54 years,500,Atrial fibrillation and flutter,91,Lead exposure,1,Number,2019,0.740406168,2.367880279,-0.116648601
1,All Population,3,YLDs (Years Lived with Disability),44538,Other Union Territories,1,Male,15,50-54 years,500,Atrial fibrillation and flutter,91,Lead exposure,1,Number,2019,1.113500237,3.490718573,-0.166079949
1,All Population,3,YLDs (Years Lived with Disability),44538,Other Union Territories,2,Female,15,50-54 years,500,Atrial fibrillation and flutter,91,Lead exposure,1,Number,2019,0.758038843,2.349661111,-0.119489262
1,All Population,3,YLDs (Years Lived with Disability),4871,Telangana,1,Male,15,50-54 years,502,Lower extremity peripheral arterial disease,91,Lead exposure,1,Number,2019,0.079014927,0.269329915,-0.00775939
1,All Population,3,YLDs (Years Lived with Disability),4871,Telangana,2,Female,15,50-54 years,502,Lower extremity peripheral arterial disease,91,Lead exposure,1,Number,2019,0.092143364,0.335514953,-0.011782011
1,All Population,3,YLDs (Years Lived with Disability),4857,Kerala,1,Male,15,50-54 years,493,Ischemic heart disease,380,Particulate matter pollution,1,Number,2019,555.473096,850.1373315,313.6901924
1,All Population,3,YLDs (Years Lived with Disability),4857,Kerala,2,Female,15,50-54 years,493,Ischemic heart disease,380,Particulate matter pollution,1,Number,2019,342.9534724,507.2698887,203.5595428
1,All Population,3,YLDs (Years Lived with Disability),4867,Punjab,1,Male,15,50-54 years,494,Stroke,380,Particulate matter pollution,1,Number,2019,594.5923464,910.853293,360.2276216
1,All Population,3,YLDs (Years Lived with Disability),4867,Punjab,2,Female,15,50-54 years,494,Stroke,380,Particulate matter pollution,1,Number,2019,528.5591956,811.6053141,288.4915822
1,All Population,3,YLDs (Years Lived with Disability),4842,Arunachal Pradesh,1,Male,15,50-54 years,493,Ischemic heart disease,91,Lead exposure,1,Number,2019,12.02646358,17.72525503,7.297642251
1,All Population,3,YLDs (Years Lived with Disability),4842,Arunachal Pradesh,2,Female,15,50-54 years,493,Ischemic heart disease,91,Lead exposure,1,Number,2019,5.300046571,7.691548826,3.138028265
1,All Population,3,YLDs (Years Lived with Disability),44538,Other Union Territories,1,Male,15,50-54 years,502,Lower extremity peripheral arterial disease,91,Lead exposure,1,Number,2019,0.009356322,0.030444745,-0.001272459
1,All Population,3,YLDs (Years Lived with Disability),44538,Other Union Territories,2,Female,15,50-54 years,502,Lower extremity peripheral arterial disease,91,Lead exposure,1,Number,2019,0.011364294,0.038039334,-0.001622418
1,All Population,3,YLDs (Years Lived with Disability),4863,Mizoram,1,Male,15,50-54 years,494,Stroke,380,Particulate matter pollution,1,Number,2019,15.03569893,23.70641332,8.353375943
1,All Population,3,YLDs (Years Lived with Disability),4863,Mizoram,2,Female,15,50-54 years,494,Stroke,380,Particulate matter pollution,1,Number,2019,13.23391644,20.53504251,7.558517344
1,All Population,3,YLDs (Years Lived with Disability),4867,Punjab,1,Male,15,50-54 years,500,Atrial fibrillation and flutter,91,Lead exposure,1,Number,2019,6.954285468,21.40255271,-0.942174785
1,All Population,3,YLDs (Years Lived with Disability),4867,Punjab,2,Female,15,50-54 years,500,Atrial fibrillation and flutter,91,Lead exposure,1,Number,2019,5.60430264,17.18425627,-0.760064469
1,All Population,3,YLDs (Years Lived with Disability),4860,Maharashtra,1,Male,15,50-54 years,494,Stroke,380,Particulate matter pollution,1,Number,2019,2616.718554,4049.762121,1465.181943
1,All Population,3,YLDs (Years Lived with Disability),4860,Maharashtra,2,Female,15,50-54 years,494,Stroke,380,Particulate matter pollution,1,Number,2019,2130.304141,3140.028493,1176.133975
1,All Population,3,YLDs (Years Lived with Disability),4873,Uttar Pradesh,1,Male,15,50-54 years,494,Stroke,380,Particulate matter pollution,1,Number,2019,4886.658164,7078.321219,2693.317563
1,All Population,3,YLDs (Years Lived with Disability),4873,Uttar Pradesh,2,Female,15,50-54 years,494,Stroke,380,Particulate matter pollution,1,Number,2019,5260.311792,7879.267757,3116.681029
1,All Population,3,YLDs (Years Lived with Disability),4855,Jharkhand,1,Male,15,50-54 years,502,Lower extremity peripheral arterial disease,91,Lead exposure,1,Number,2019,0.062694002,0.242136674,-0.0072937
1,All Population,3,YLDs (Years Lived with Disability),4855,Jharkhand,2,Female,15,50-54 years,502,Lower extremity peripheral arterial disease,91,Lead exposure,1,Number,2019,0.077372256,0.278357532,-0.007772296
1,All Population,3,YLDs (Years Lived with Disability),4861,Manipur,1,Male,15,50-54 years,502,Lower extremity peripheral arterial disease,91,Lead exposure,1,Number,2019,0.009178242,0.028541158,-0.001223454
1,All Population,3,YLDs (Years Lived with Disability),4861,Manipur,2,Female,15,50-54 years,502,Lower extremity peripheral arterial disease,91,Lead exposure,1,Number,2019,0.011781523,0.035719689,-0.00175051
1,All Population,3,YLDs (Years Lived with Disability),4857,Kerala,1,Male,15,50-54 years,494,Stroke,380,Particulate matter pollution,1,Number,2019,841.5761935,1366.091916,455.5252261
1,All Population,3,YLDs (Years Lived with Disability),4857,Kerala,2,Female,15,50-54 years,494,Stroke,380,Particulate matter pollution,1,Number,2019,849.4263471,1349.386148,468.5124036
1,All Population,3,YLDs (Years Lived with Disability),4860,Maharashtra,1,Male,15,50-54 years,500,Atrial fibrillation and flutter,91,Lead exposure,1,Number,2019,32.04488948,93.75643415,-4.526881011
1,All Population,3,YLDs (Years Lived with Disability),4860,Maharashtra,2,Female,15,50-54 years,500,Atrial fibrillation and flutter,91,Lead exposure,1,Number,2019,23.79479147,69.94190676,-3.44486041
1,All Population,3,YLDs (Years Lived with Disability),4857,Kerala,1,Male,15,50-54 years,500,Atrial fibrillation and flutter,91,Lead exposure,1,Number,2019,11.52943205,40.39256541,-1.744751601
1,All Population,3,YLDs (Years Lived with Disability),4857,Kerala,2,Female,15,50-54 years,500,Atrial fibrillation and flutter,91,Lead exposure,1,Number,2019,10.53553886,34.07213046,-1.473832924
1,All Population,3,YLDs (Years Lived with Disability),4850,Goa,1,Male,15,50-54 years,494,Stroke,91,Lead exposure,1,Number,2019,6.254822623,16.84863505,-1.014261085
1,All Population,3,YLDs (Years Lived with Disability),4850,Goa,2,Female,15,50-54 years,494,Stroke,91,Lead exposure,1,Number,2019,5.222569547,14.42462131,-0.881671395
1,All Population,3,YLDs (Years Lived with Disability),4856,Karnataka,1,Male,15,50-54 years,493,Ischemic heart disease,91,Lead exposure,1,Number,2019,1017.40387,1522.585128,627.4476444
1,All Population,3,YLDs (Years Lived with Disability),4856,Karnataka,2,Female,15,50-54 years,493,Ischemic heart disease,91,Lead exposure,1,Number,2019,663.8216122,959.1527714,409.9144134
1,All Population,3,YLDs (Years Lived with Disability),4863,Mizoram,1,Male,15,50-54 years,500,Atrial fibrillation and flutter,91,Lead exposure,1,Number,2019,0.303758983,1.086401316,-0.040544359
1,All Population,3,YLDs (Years Lived with Disability),4863,Mizoram,2,Female,15,50-54 years,500,Atrial fibrillation and flutter,91,Lead exposure,1,Number,2019,0.200146402,0.708364204,-0.039079628
1,All Population,3,YLDs (Years Lived with Disability),4871,Telangana,1,Male,15,50-54 years,493,Ischemic heart disease,380,Particulate matter pollution,1,Number,2019,480.4786565,735.3781167,270.5315884
1,All Population,3,YLDs (Years Lived with Disability),4871,Telangana,2,Female,15,50-54 years,493,Ischemic heart disease,380,Particulate matter pollution,1,Number,2019,305.6223617,451.1351297,179.1943969
1,All Population,3,YLDs (Years Lived with Disability),4871,Telangana,1,Male,15,50-54 years,494,Stroke,91,Lead exposure,1,Number,2019,116.4437814,277.9143191,-15.68953602
1,All Population,3,YLDs (Years Lived with Disability),4871,Telangana,2,Female,15,50-54 years,494,Stroke,91,Lead exposure,1,Number,2019,78.09185908,196.29841,-10.80956488
1,All Population,3,YLDs (Years Lived with Disability),4864,Nagaland,1,Male,15,50-54 years,500,Atrial fibrillation and flutter,91,Lead exposure,1,Number,2019,0.448661942,1.61434058,-0.059268333
1,All Population,3,YLDs (Years Lived with Disability),4864,Nagaland,2,Female,15,50-54 years,500,Atrial fibrillation and flutter,91,Lead exposure,1,Number,2019,0.285330282,0.940368171,-0.039880916
1,All Population,3,YLDs (Years Lived with Disability),4850,Goa,1,Male,15,50-54 years,498,Hypertensive heart disease,91,Lead exposure,1,Number,2019,0.322016466,0.776186156,0
1,All Population,3,YLDs (Years Lived with Disability),4850,Goa,2,Female,15,50-54 years,498,Hypertensive heart disease,91,Lead exposure,1,Number,2019,0.496051921,1.217642064,0
1,All Population,3,YLDs (Years Lived with Disability),4875,West Bengal,1,Male,15,50-54 years,493,Ischemic heart disease,91,Lead exposure,1,Number,2019,1251.855008,1861.117047,755.9945089
1,All Population,3,YLDs (Years Lived with Disability),4875,West Bengal,2,Female,15,50-54 years,493,Ischemic heart disease,91,Lead exposure,1,Number,2019,832.0663294,1172.746913,523.108292
1,All Population,3,YLDs (Years Lived with Disability),4873,Uttar Pradesh,1,Male,15,50-54 years,500,Atrial fibrillation and flutter,91,Lead exposure,1,Number,2019,54.26571065,157.5694985,-5.252090221
1,All Population,3,YLDs (Years Lived with Disability),4873,Uttar Pradesh,2,Female,15,50-54 years,500,Atrial fibrillation and flutter,91,Lead exposure,1,Number,2019,37.69739581,107.0236395,-4.479671637
1,All Population,3,YLDs (Years Lived with Disability),4846,Chhattisgarh,1,Male,15,50-54 years,494,Stroke,380,Particulate matter pollution,1,Number,2019,910.3679323,1372.53793,536.1176084
1,All Population,3,YLDs (Years Lived with Disability),4846,Chhattisgarh,2,Female,15,50-54 years,494,Stroke,380,Particulate matter pollution,1,Number,2019,681.525083,1031.192533,395.4396354
1,All Population,3,YLDs (Years Lived with Disability),4857,Kerala,1,Male,15,50-54 years,502,Lower extremity peripheral arterial disease,91,Lead exposure,1,Number,2019,0.082922605,0.260732674,-0.010362669
1,All Population,3,YLDs (Years Lived with Disability),4857,Kerala,2,Female,15,50-54 years,502,Lower extremity peripheral arterial disease,91,Lead exposure,1,Number,2019,0.125038459,0.418807901,-0.012538031
1,All Population,3,YLDs (Years Lived with Disability),4865,Odisha,1,Male,15,50-54 years,494,Stroke,91,Lead exposure,1,Number,2019,207.4921954,572.8869303,-32.05719354
1,All Population,3,YLDs (Years Lived with Disability),4865,Odisha,2,Female,15,50-54 years,494,Stroke,91,Lead exposure,1,Number,2019,146.6917495,365.401154,-22.29741308
1,All Population,3,YLDs (Years Lived with Disability),4864,Nagaland,1,Male,15,50-54 years,502,Lower extremity peripheral arterial disease,91,Lead exposure,1,Number,2019,0.002807982,0.01068265,-0.000438911
1,All Population,3,YLDs (Years Lived with Disability),4864,Nagaland,2,Female,15,50-54 years,502,Lower extremity peripheral arterial disease,91,Lead exposure,1,Number,2019,0.002737657,0.009299482,-0.000328674
1,All Population,3,YLDs (Years Lived with Disability),4872,Tripura,1,Male,15,50-54 years,493,Ischemic heart disease,91,Lead exposure,1,Number,2019,47.4430419,68.4895723,28.87610546
1,All Population,3,YLDs (Years Lived with Disability),4872,Tripura,2,Female,15,50-54 years,493,Ischemic heart disease,91,Lead exposure,1,Number,2019,26.83849253,39.39326114,16.47084653
1,All Population,3,YLDs (Years Lived with Disability),4871,Telangana,1,Male,15,50-54 years,498,Hypertensive heart disease,91,Lead exposure,1,Number,2019,5.406384324,13.22332045,0
1,All Population,3,YLDs (Years Lived with Disability),4871,Telangana,2,Female,15,50-54 years,498,Hypertensive heart disease,91,Lead exposure,1,Number,2019,9.904471219,23.58367224,0
1,All Population,3,YLDs (Years Lived with Disability),4865,Odisha,1,Male,15,50-54 years,498,Hypertensive heart disease,91,Lead exposure,1,Number,2019,15.08322247,35.44909636,0
1,All Population,3,YLDs (Years Lived with Disability),4865,Odisha,2,Female,15,50-54 years,498,Hypertensive heart disease,91,Lead exposure,1,Number,2019,18.6194273,45.56286787,0
1,All Population,3,YLDs (Years Lived with Disability),4859,Madhya Pradesh,1,Male,15,50-54 years,502,Lower extremity peripheral arterial disease,91,Lead exposure,1,Number,2019,0.181560387,0.661559558,-0.01707948
1,All Population,3,YLDs (Years Lived with Disability),4859,Madhya Pradesh,2,Female,15,50-54 years,502,Lower extremity peripheral arterial disease,91,Lead exposure,1,Number,2019,0.212432267,0.690090277,-0.023548464
1,All Population,3,YLDs (Years Lived with Disability),4873,Uttar Pradesh,1,Male,15,50-54 years,493,Ischemic heart disease,380,Particulate matter pollution,1,Number,2019,2982.524063,4603.23951,1779.534586
1,All Population,3,YLDs (Years Lived with Disability),4873,Uttar Pradesh,2,Female,15,50-54 years,493,Ischemic heart disease,380,Particulate matter pollution,1,Number,2019,2010.179389,3014.607363,1159.304713
1,All Population,3,YLDs (Years Lived with Disability),4860,Maharashtra,1,Male,15,50-54 years,493,Ischemic heart disease,91,Lead exposure,1,Number,2019,1275.133438,1853.985525,756.8107601
1,All Population,3,YLDs (Years Lived with Disability),4860,Maharashtra,2,Female,15,50-54 years,493,Ischemic heart disease,91,Lead exposure,1,Number,2019,752.5966976,1117.644422,457.8387817
1,All Population,3,YLDs (Years Lived with Disability),4873,Uttar Pradesh,1,Male,15,50-54 years,502,Lower extremity peripheral arterial disease,91,Lead exposure,1,Number,2019,0.521539859,1.688324118,-0.061626399
1,All Population,3,YLDs (Years Lived with Disability),4873,Uttar Pradesh,2,Female,15,50-54 years,502,Lower extremity peripheral arterial disease,91,Lead exposure,1,Number,2019,0.608824551,1.982507467,-0.085811127
1,All Population,3,YLDs (Years Lived with Disability),4846,Chhattisgarh,1,Male,15,50-54 years,500,Atrial fibrillation and flutter,91,Lead exposure,1,Number,2019,7.322290587,21.27366955,-0.874503804
1,All Population,3,YLDs (Years Lived with Disability),4846,Chhattisgarh,2,Female,15,50-54 years,500,Atrial fibrillation and flutter,91,Lead exposure,1,Number,2019,5.176895959,16.67258819,-0.56076588
1,All Population,3,YLDs (Years Lived with Disability),4862,Meghalaya,1,Male,15,50-54 years,493,Ischemic heart disease,91,Lead exposure,1,Number,2019,20.00123543,30.28072881,12.47751005
1,All Population,3,YLDs (Years Lived with Disability),4862,Meghalaya,2,Female,15,50-54 years,493,Ischemic heart disease,91,Lead exposure,1,Number,2019,13.06222182,18.57060149,8.011094462
1,All Population,3,YLDs (Years Lived with Disability),4875,West Bengal,1,Male,15,50-54 years,494,Stroke,380,Particulate matter pollution,1,Number,2019,3670.908424,5617.41508,2041.19006
1,All Population,3,YLDs (Years Lived with Disability),4875,West Bengal,2,Female,15,50-54 years,494,Stroke,380,Particulate matter pollution,1,Number,2019,3301.062572,4753.672914,1909.898119
1,All Population,3,YLDs (Years Lived with Disability),4842,Arunachal Pradesh,1,Male,15,50-54 years,494,Stroke,380,Particulate matter pollution,1,Number,2019,21.50746587,34.02625897,11.21863469
1,All Population,3,YLDs (Years Lived with Disability),4842,Arunachal Pradesh,2,Female,15,50-54 years,494,Stroke,380,Particulate matter pollution,1,Number,2019,16.12727021,26.37436409,9.053751359
1,All Population,3,YLDs (Years Lived with Disability),4862,Meghalaya,1,Male,15,50-54 years,502,Lower extremity peripheral arterial disease,91,Lead exposure,1,Number,2019,0.006031162,0.020779189,-0.000606447
1,All Population,3,YLDs (Years Lived with Disability),4862,Meghalaya,2,Female,15,50-54 years,502,Lower extremity peripheral arterial disease,91,Lead exposure,1,Number,2019,0.007289415,0.023993505,-0.000712965
1,All Population,3,YLDs (Years Lived with Disability),4875,West Bengal,1,Male,15,50-54 years,500,Atrial fibrillation and flutter,91,Lead exposure,1,Number,2019,28.61604774,99.92672911,-3.867170592
1,All Population,3,YLDs (Years Lived with Disability),4875,West Bengal,2,Female,15,50-54 years,500,Atrial fibrillation and flutter,91,Lead exposure,1,Number,2019,22.04690307,68.32362586,-3.33431947
1,All Population,3,YLDs (Years Lived with Disability),4850,Goa,1,Male,15,50-54 years,493,Ischemic heart disease,380,Particulate matter pollution,1,Number,2019,21.13486251,32.50731405,12.23436471
1,All Population,3,YLDs (Years Lived with Disability),4850,Goa,2,Female,15,50-54 years,493,Ischemic heart disease,380,Particulate matter pollution,1,Number,2019,14.28981307,21.50016199,8.292662247
1,All Population,3,YLDs (Years Lived with Disability),4869,Sikkim,1,Male,15,50-54 years,494,Stroke,380,Particulate matter pollution,1,Number,2019,11.9217284,18.7544892,6.991602784
1,All Population,3,YLDs (Years Lived with Disability),4869,Sikkim,2,Female,15,50-54 years,494,Stroke,380,Particulate matter pollution,1,Number,2019,9.740934606,15.17758624,5.569422581
1,All Population,3,YLDs (Years Lived with Disability),4842,Arunachal Pradesh,1,Male,15,50-54 years,500,Atrial fibrillation and flutter,91,Lead exposure,1,Number,2019,0.395282284,1.277015141,-0.058590932
1,All Population,3,YLDs (Years Lived with Disability),4842,Arunachal Pradesh,2,Female,15,50-54 years,500,Atrial fibrillation and flutter,91,Lead exposure,1,Number,2019,0.240899351,0.772221268,-0.027570706
1,All Population,3,YLDs (Years Lived with Disability),4869,Sikkim,1,Male,15,50-54 years,498,Hypertensive heart disease,91,Lead exposure,1,Number,2019,0.124964675,0.314459182,0
1,All Population,3,YLDs (Years Lived with Disability),4869,Sikkim,2,Female,15,50-54 years,498,Hypertensive heart disease,91,Lead exposure,1,Number,2019,0.139488573,0.335244004,0
1,All Population,3,YLDs (Years Lived with Disability),4842,Arunachal Pradesh,1,Male,15,50-54 years,493,Ischemic heart disease,380,Particulate matter pollution,1,Number,2022,10.80139188,16.40151849,5.871011121
1,All Population,3,YLDs (Years Lived with Disability),4842,Arunachal Pradesh,2,Female,15,50-54 years,493,Ischemic heart disease,380,Particulate matter pollution,1,Number,2022,5.846592182,8.752264585,3.151533339
1,All Population,3,YLDs (Years Lived with Disability),4842,Arunachal Pradesh,1,Male,15,50-54 years,494,Stroke,91,Lead exposure,1,Number,2022,5.499789326,14.69281294,-0.782920022
1,All Population,3,YLDs (Years Lived with Disability),4842,Arunachal Pradesh,2,Female,15,50-54 years,494,Stroke,91,Lead exposure,1,Number,2022,3.359607529,8.826576709,-0.521207341
1,All Population,3,YLDs (Years Lived with Disability),44538,Other Union Territories,1,Male,15,50-54 years,493,Ischemic heart disease,380,Particulate matter pollution,1,Number,2019,45.21350112,69.70453376,25.90109034
1,All Population,3,YLDs (Years Lived with Disability),44538,Other Union Territories,2,Female,15,50-54 years,493,Ischemic heart disease,380,Particulate matter pollution,1,Number,2019,25.97396299,38.69161279,14.86826665
1,All Population,3,YLDs (Years Lived with Disability),4842,Arunachal Pradesh,1,Male,15,50-54 years,498,Hypertensive heart disease,91,Lead exposure,1,Number,2022,0.336895464,0.894662217,0
1,All Population,3,YLDs (Years Lived with Disability),4842,Arunachal Pradesh,2,Female,15,50-54 years,498,Hypertensive heart disease,91,Lead exposure,1,Number,2022,0.493169391,1.297796624,0
1,All Population,3,YLDs (Years Lived with Disability),4849,Delhi,1,Male,15,50-54 years,493,Ischemic heart disease,91,Lead exposure,1,Number,2022,197.3408548,287.188648,113.2091236
1,All Population,3,YLDs (Years Lived with Disability),4849,Delhi,2,Female,15,50-54 years,493,Ischemic heart disease,91,Lead exposure,1,Number,2022,101.660382,148.5549408,61.92277269
1,All Population,3,YLDs (Years Lived with Disability),4851,Gujarat,1,Male,15,50-54 years,502,Lower extremity peripheral arterial disease,91,Lead exposure,1,Number,2022,0.183690191,0.617968025,-0.021490656
1,All Population,3,YLDs (Years Lived with Disability),4851,Gujarat,2,Female,15,50-54 years,502,Lower extremity peripheral arterial disease,91,Lead exposure,1,Number,2022,0.231094987,0.742302681,-0.027482673
1,All Population,3,YLDs (Years Lived with Disability),4855,Jharkhand,1,Male,15,50-54 years,494,Stroke,380,Particulate matter pollution,1,Number,2022,655.2717302,1027.795446,359.7265656
1,All Population,3,YLDs (Years Lived with Disability),4855,Jharkhand,2,Female,15,50-54 years,494,Stroke,380,Particulate matter pollution,1,Number,2022,772.2049193,1160.146421,449.5759047
1,All Population,3,YLDs (Years Lived with Disability),4841,Andhra Pradesh,1,Male,15,50-54 years,494,Stroke,380,Particulate matter pollution,1,Number,2019,813.4589981,1315.853159,437.0355649
1,All Population,3,YLDs (Years Lived with Disability),4841,Andhra Pradesh,2,Female,15,50-54 years,494,Stroke,380,Particulate matter pollution,1,Number,2019,757.6619541,1179.778088,431.3369078
1,All Population,3,YLDs (Years Lived with Disability),4855,Jharkhand,1,Male,15,50-54 years,500,Atrial fibrillation and flutter,91,Lead exposure,1,Number,2022,8.436318804,27.45409444,-1.158306574
1,All Population,3,YLDs (Years Lived with Disability),4855,Jharkhand,2,Female,15,50-54 years,500,Atrial fibrillation and flutter,91,Lead exposure,1,Number,2022,5.868965423,19.47457837,-0.648075396
1,All Population,3,YLDs (Years Lived with Disability),4857,Kerala,1,Male,15,50-54 years,494,Stroke,91,Lead exposure,1,Number,2022,206.7436242,501.0562213,-30.73646928
1,All Population,3,YLDs (Years Lived with Disability),4857,Kerala,2,Female,15,50-54 years,494,Stroke,91,Lead exposure,1,Number,2022,181.7967706,458.7905025,-25.12375257
1,All Population,3,YLDs (Years Lived with Disability),4857,Kerala,1,Male,15,50-54 years,498,Hypertensive heart disease,91,Lead exposure,1,Number,2022,5.732403107,16.05321058,0
1,All Population,3,YLDs (Years Lived with Disability),4857,Kerala,2,Female,15,50-54 years,498,Hypertensive heart disease,91,Lead exposure,1,Number,2022,15.45851903,38.10422009,0
1,All Population,3,YLDs (Years Lived with Disability),4846,Chhattisgarh,1,Male,15,50-54 years,502,Lower extremity peripheral arterial disease,91,Lead exposure,1,Number,2020,0.061881875,0.192837777,-0.005751578
1,All Population,3,YLDs (Years Lived with Disability),4846,Chhattisgarh,2,Female,15,50-54 years,502,Lower extremity peripheral arterial disease,91,Lead exposure,1,Number,2020,0.080255018,0.284094519,-0.007135209
1,All Population,3,YLDs (Years Lived with Disability),4841,Andhra Pradesh,1,Male,15,50-54 years,493,Ischemic heart disease,380,Particulate matter pollution,1,Number,2022,730.4119628,1121.084524,406.5269639
1,All Population,3,YLDs (Years Lived with Disability),4841,Andhra Pradesh,2,Female,15,50-54 years,493,Ischemic heart disease,380,Particulate matter pollution,1,Number,2022,443.6695279,665.2481637,244.8070661
1,All Population,3,YLDs (Years Lived with Disability),4841,Andhra Pradesh,1,Male,15,50-54 years,494,Stroke,91,Lead exposure,1,Number,2022,179.9507203,451.7603248,-26.2367097
1,All Population,3,YLDs (Years Lived with Disability),4841,Andhra Pradesh,2,Female,15,50-54 years,494,Stroke,91,Lead exposure,1,Number,2022,146.0242086,368.8258486,-18.83083378
1,All Population,3,YLDs (Years Lived with Disability),4846,Chhattisgarh,1,Male,15,50-54 years,493,Ischemic heart disease,380,Particulate matter pollution,1,Number,2019,423.1039415,638.7036452,243.4383828
1,All Population,3,YLDs (Years Lived with Disability),4846,Chhattisgarh,2,Female,15,50-54 years,493,Ischemic heart disease,380,Particulate matter pollution,1,Number,2019,256.8294066,381.3408255,152.0747414
1,All Population,3,YLDs (Years Lived with Disability),4846,Chhattisgarh,1,Male,15,50-54 years,494,Stroke,91,Lead exposure,1,Number,2019,145.3882987,377.9652353,-23.05520682
1,All Population,3,YLDs (Years Lived with Disability),4846,Chhattisgarh,2,Female,15,50-54 years,494,Stroke,91,Lead exposure,1,Number,2019,89.57582722,234.6546344,-13.89746198
1,All Population,3,YLDs (Years Lived with Disability),4841,Andhra Pradesh,1,Male,15,50-54 years,498,Hypertensive heart disease,91,Lead exposure,1,Number,2022,8.301729937,21.39004996,0
1,All Population,3,YLDs (Years Lived with Disability),4841,Andhra Pradesh,2,Female,15,50-54 years,498,Hypertensive heart disease,91,Lead exposure,1,Number,2022,15.32774094,39.2346801,0
1,All Population,3,YLDs (Years Lived with Disability),4853,Himachal Pradesh,1,Male,15,50-54 years,500,Atrial fibrillation and flutter,91,Lead exposure,1,Number,2022,2.379349037,7.618109511,-0.316432275
1,All Population,3,YLDs (Years Lived with Disability),4853,Himachal Pradesh,2,Female,15,50-54 years,500,Atrial fibrillation and flutter,91,Lead exposure,1,Number,2022,1.812429325,6.370125436,-0.297674095
1,All Population,3,YLDs (Years Lived with Disability),4860,Maharashtra,1,Male,15,50-54 years,493,Ischemic heart disease,380,Particulate matter pollution,1,Number,2022,1372.963313,2118.325959,776.1469874
1,All Population,3,YLDs (Years Lived with Disability),4860,Maharashtra,2,Female,15,50-54 years,493,Ischemic heart disease,380,Particulate matter pollution,1,Number,2022,875.1339604,1314.803568,504.73184
1,All Population,3,YLDs (Years Lived with Disability),4860,Maharashtra,1,Male,15,50-54 years,494,Stroke,91,Lead exposure,1,Number,2022,558.4470022,1447.264949,-91.62454778
1,All Population,3,YLDs (Years Lived with Disability),4860,Maharashtra,2,Female,15,50-54 years,494,Stroke,91,Lead exposure,1,Number,2022,405.1397843,1053.952179,-53.13360427
1,All Population,3,YLDs (Years Lived with Disability),4854,Jammu & Kashmir and Ladakh,1,Male,15,50-54 years,493,Ischemic heart disease,380,Particulate matter pollution,1,Number,2020,154.9943269,232.0006451,88.34768687
1,All Population,3,YLDs (Years Lived with Disability),4854,Jammu & Kashmir and Ladakh,2,Female,15,50-54 years,493,Ischemic heart disease,380,Particulate matter pollution,1,Number,2020,99.74745138,148.0756914,58.32427201
1,All Population,3,YLDs (Years Lived with Disability),4854,Jammu & Kashmir and Ladakh,1,Male,15,50-54 years,494,Stroke,91,Lead exposure,1,Number,2020,32.23140823,75.21057053,-6.060595332
1,All Population,3,YLDs (Years Lived with Disability),4854,Jammu & Kashmir and Ladakh,2,Female,15,50-54 years,494,Stroke,91,Lead exposure,1,Number,2020,24.04167758,59.79286068,-3.585966806
1,All Population,3,YLDs (Years Lived with Disability),4865,Odisha,1,Male,15,50-54 years,493,Ischemic heart disease,380,Particulate matter pollution,1,Number,2019,489.5514173,739.6041869,283.8159908
1,All Population,3,YLDs (Years Lived with Disability),4865,Odisha,2,Female,15,50-54 years,493,Ischemic heart disease,380,Particulate matter pollution,1,Number,2019,322.9065732,486.5746374,188.5613687
1,All Population,3,YLDs (Years Lived with Disability),4853,Himachal Pradesh,1,Male,15,50-54 years,502,Lower extremity peripheral arterial disease,91,Lead exposure,1,Number,2022,0.018727408,0.067668925,-0.002694164
1,All Population,3,YLDs (Years Lived with Disability),4853,Himachal Pradesh,2,Female,15,50-54 years,502,Lower extremity peripheral arterial disease,91,Lead exposure,1,Number,2022,0.022483499,0.066442688,-0.002834283
1,All Population,3,YLDs (Years Lived with Disability),4860,Maharashtra,1,Male,15,50-54 years,498,Hypertensive heart disease,91,Lead exposure,1,Number,2022,22.06243446,59.12917108,0
1,All Population,3,YLDs (Years Lived with Disability),4860,Maharashtra,2,Female,15,50-54 years,498,Hypertensive heart disease,91,Lead exposure,1,Number,2022,40.74726009,100.7997109,0
1,All Population,3,YLDs (Years Lived with Disability),4867,Punjab,1,Male,15,50-54 years,502,Lower extremity peripheral arterial disease,91,Lead exposure,1,Number,2022,0.035414653,0.108239801,-0.003525123
1,All Population,3,YLDs (Years Lived with Disability),4867,Punjab,2,Female,15,50-54 years,502,Lower extremity peripheral arterial disease,91,Lead exposure,1,Number,2022,0.060891914,0.199617979,-0.005161621
1,All Population,3,YLDs (Years Lived with Disability),4843,Assam,1,Male,15,50-54 years,493,Ischemic heart disease,91,Lead exposure,1,Number,2020,297.1697341,444.1468588,180.9681588
1,All Population,3,YLDs (Years Lived with Disability),4843,Assam,2,Female,15,50-54 years,493,Ischemic heart disease,91,Lead exposure,1,Number,2020,165.6839791,241.7356107,101.2376025
1,All Population,3,YLDs (Years Lived with Disability),4864,Nagaland,1,Male,15,50-54 years,493,Ischemic heart disease,91,Lead exposure,1,Number,2022,13.46002071,19.65902483,7.991763622
1,All Population,3,YLDs (Years Lived with Disability),4864,Nagaland,2,Female,15,50-54 years,493,Ischemic heart disease,91,Lead exposure,1,Number,2022,8.082924339,12.00398166,4.705619585
1,All Population,3,YLDs (Years Lived with Disability),4856,Karnataka,1,Male,15,50-54 years,494,Stroke,380,Particulate matter pollution,1,Number,2022,1179.513723,1865.516675,577.1318051
1,All Population,3,YLDs (Years Lived with Disability),4856,Karnataka,2,Female,15,50-54 years,494,Stroke,380,Particulate matter pollution,1,Number,2022,1028.516742,1577.445544,546.6804344
1,All Population,3,YLDs (Years Lived with Disability),4856,Karnataka,1,Male,15,50-54 years,498,Hypertensive heart disease,91,Lead exposure,1,Number,2022,12.83685145,33.66599383,0
1,All Population,3,YLDs (Years Lived with Disability),4856,Karnataka,2,Female,15,50-54 years,498,Hypertensive heart disease,91,Lead exposure,1,Number,2022,23.89971316,59.19773403,0
1,All Population,3,YLDs (Years Lived with Disability),4871,Telangana,1,Male,15,50-54 years,494,Stroke,380,Particulate matter pollution,1,Number,2022,535.8835426,837.913447,292.823364
1,All Population,3,YLDs (Years Lived with Disability),4871,Telangana,2,Female,15,50-54 years,494,Stroke,380,Particulate matter pollution,1,Number,2022,467.5796928,719.394096,239.7305966
1,All Population,3,YLDs (Years Lived with Disability),4841,Andhra Pradesh,1,Male,15,50-54 years,493,Ischemic heart disease,91,Lead exposure,1,Number,2020,754.6751345,1099.094793,454.159905
1,All Population,3,YLDs (Years Lived with Disability),4841,Andhra Pradesh,2,Female,15,50-54 years,493,Ischemic heart disease,91,Lead exposure,1,Number,2020,415.6083174,608.8141787,254.1634958
1,All Population,3,YLDs (Years Lived with Disability),4854,Jammu & Kashmir and Ladakh,1,Male,15,50-54 years,498,Hypertensive heart disease,91,Lead exposure,1,Number,2020,1.876292178,5.261038473,0
1,All Population,3,YLDs (Years Lived with Disability),4854,Jammu & Kashmir and Ladakh,2,Female,15,50-54 years,498,Hypertensive heart disease,91,Lead exposure,1,Number,2020,2.523450018,6.458165569,0
1,All Population,3,YLDs (Years Lived with Disability),4871,Telangana,1,Male,15,50-54 years,500,Atrial fibrillation and flutter,91,Lead exposure,1,Number,2022,9.406570524,28.32679809,-1.360225914
1,All Population,3,YLDs (Years Lived with Disability),4871,Telangana,2,Female,15,50-54 years,500,Atrial fibrillation and flutter,91,Lead exposure,1,Number,2022,6.620902752,20.25883469,-1.043437851
1,All Population,3,YLDs (Years Lived with Disability),4859,Madhya Pradesh,1,Male,15,50-54 years,493,Ischemic heart disease,380,Particulate matter pollution,1,Number,2022,1330.594347,2058.661303,748.9577746
1,All Population,3,YLDs (Years Lived with Disability),4859,Madhya Pradesh,2,Female,15,50-54 years,493,Ischemic heart disease,380,Particulate matter pollution,1,Number,2022,684.3159294,1025.144512,382.5790582
1,All Population,3,YLDs (Years Lived with Disability),4859,Madhya Pradesh,1,Male,15,50-54 years,494,Stroke,91,Lead exposure,1,Number,2022,309.623428,734.612173,-57.66061998
1,All Population,3,YLDs (Years Lived with Disability),4859,Madhya Pradesh,2,Female,15,50-54 years,494,Stroke,91,Lead exposure,1,Number,2022,220.7223323,519.6349115,-40.79440044
1,All Population,3,YLDs (Years Lived with Disability),4852,Haryana,1,Male,15,50-54 years,502,Lower extremity peripheral arterial disease,91,Lead exposure,1,Number,2022,0.053180697,0.194459186,-0.006830949
1,All Population,3,YLDs (Years Lived with Disability),4852,Haryana,2,Female,15,50-54 years,502,Lower extremity peripheral arterial disease,91,Lead exposure,1,Number,2022,0.068764712,0.229127701,-0.005605652
1,All Population,3,YLDs (Years Lived with Disability),4869,Sikkim,1,Male,15,50-54 years,500,Atrial fibrillation and flutter,91,Lead exposure,1,Number,2022,0.19167414,0.603699425,-0.02076678
1,All Population,3,YLDs (Years Lived with Disability),4869,Sikkim,2,Female,15,50-54 years,500,Atrial fibrillation and flutter,91,Lead exposure,1,Number,2022,0.129139525,0.440243544,-0.013163533
1,All Population,3,YLDs (Years Lived with Disability),4869,Sikkim,1,Male,15,50-54 years,502,Lower extremity peripheral arterial disease,91,Lead exposure,1,Number,2022,0.001224131,0.00458824,-0.000116255
1,All Population,3,YLDs (Years Lived with Disability),4869,Sikkim,2,Female,15,50-54 years,502,Lower extremity peripheral arterial disease,91,Lead exposure,1,Number,2022,0.001193196,0.004820587,-0.000129896
1,All Population,3,YLDs (Years Lived with Disability),4859,Madhya Pradesh,1,Male,15,50-54 years,498,Hypertensive heart disease,91,Lead exposure,1,Number,2022,13.75407228,36.91222756,0
1,All Population,3,YLDs (Years Lived with Disability),4859,Madhya Pradesh,2,Female,15,50-54 years,498,Hypertensive heart disease,91,Lead exposure,1,Number,2022,27.29557679,68.33729934,0
1,All Population,3,YLDs (Years Lived with Disability),4856,Karnataka,1,Male,15,50-54 years,493,Ischemic heart disease,380,Particulate matter pollution,1,Number,2020,902.9137121,1415.221988,501.3045136
1,All Population,3,YLDs (Years Lived with Disability),4856,Karnataka,2,Female,15,50-54 years,493,Ischemic heart disease,380,Particulate matter pollution,1,Number,2020,621.9616925,927.1240602,337.319536
1,All Population,3,YLDs (Years Lived with Disability),4875,West Bengal,1,Male,15,50-54 years,493,Ischemic heart disease,380,Particulate matter pollution,1,Number,2022,1573.135072,2385.323783,911.7974664
1,All Population,3,YLDs (Years Lived with Disability),4875,West Bengal,2,Female,15,50-54 years,493,Ischemic heart disease,380,Particulate matter pollution,1,Number,2022,1091.18487,1625.536346,616.9486473
1,All Population,3,YLDs (Years Lived with Disability),4875,West Bengal,1,Male,15,50-54 years,494,Stroke,91,Lead exposure,1,Number,2022,573.8349865,1378.204782,-76.47060792
1,All Population,3,YLDs (Years Lived with Disability),4875,West Bengal,2,Female,15,50-54 years,494,Stroke,91,Lead exposure,1,Number,2022,500.8496336,1307.266746,-65.92284042
1,All Population,3,YLDs (Years Lived with Disability),4873,Uttar Pradesh,1,Male,15,50-54 years,494,Stroke,91,Lead exposure,1,Number,2022,1038.656095,2392.842854,-139.449025
1,All Population,3,YLDs (Years Lived with Disability),4873,Uttar Pradesh,2,Female,15,50-54 years,494,Stroke,91,Lead exposure,1,Number,2022,913.9009297,2199.320767,-126.9849856
1,All Population,3,YLDs (Years Lived with Disability),4843,Assam,1,Male,15,50-54 years,493,Ischemic heart disease,380,Particulate matter pollution,1,Number,2022,333.4843967,515.0937026,192.1942746
1,All Population,3,YLDs (Years Lived with Disability),4843,Assam,2,Female,15,50-54 years,493,Ischemic heart disease,380,Particulate matter pollution,1,Number,2022,204.9685013,312.0199125,121.06978
1,All Population,3,YLDs (Years Lived with Disability),4843,Assam,1,Male,15,50-54 years,494,Stroke,91,Lead exposure,1,Number,2022,189.5011846,504.3796959,-27.02436741
1,All Population,3,YLDs (Years Lived with Disability),4843,Assam,2,Female,15,50-54 years,494,Stroke,91,Lead exposure,1,Number,2022,106.0134232,272.7091821,-16.70852048
1,All Population,3,YLDs (Years Lived with Disability),4846,Chhattisgarh,1,Male,15,50-54 years,498,Hypertensive heart disease,91,Lead exposure,1,Number,2019,6.578362312,19.21549433,0
1,All Population,3,YLDs (Years Lived with Disability),4846,Chhattisgarh,2,Female,15,50-54 years,498,Hypertensive heart disease,91,Lead exposure,1,Number,2019,8.920388696,21.38965315,0
1,All Population,3,YLDs (Years Lived with Disability),4875,West Bengal,1,Male,15,50-54 years,498,Hypertensive heart disease,91,Lead exposure,1,Number,2022,18.71945791,51.00850634,0
1,All Population,3,YLDs (Years Lived with Disability),4875,West Bengal,2,Female,15,50-54 years,498,Hypertensive heart disease,91,Lead exposure,1,Number,2022,29.62796019,71.8959052,0
1,All Population,3,YLDs (Years Lived with Disability),4854,Jammu & Kashmir and Ladakh,1,Male,15,50-54 years,493,Ischemic heart disease,91,Lead exposure,1,Number,2019,139.2929426,202.4314913,80.99314523
1,All Population,3,YLDs (Years Lived with Disability),4854,Jammu & Kashmir and Ladakh,2,Female,15,50-54 years,493,Ischemic heart disease,91,Lead exposure,1,Number,2019,84.07969284,124.8227393,51.17722368
1,All Population,3,YLDs (Years Lived with Disability),4861,Manipur,1,Male,15,50-54 years,494,Stroke,380,Particulate matter pollution,1,Number,2019,73.41331928,113.9750789,41.54084703
1,All Population,3,YLDs (Years Lived with Disability),4861,Manipur,2,Female,15,50-54 years,494,Stroke,380,Particulate matter pollution,1,Number,2019,56.78359656,87.55225281,31.03657952
1,All Population,3,YLDs (Years Lived with Disability),4861,Manipur,1,Male,15,50-54 years,498,Hypertensive heart disease,91,Lead exposure,1,Number,2019,0.92387379,2.161667703,0
1,All Population,3,YLDs (Years Lived with Disability),4861,Manipur,2,Female,15,50-54 years,498,Hypertensive heart disease,91,Lead exposure,1,Number,2019,1.398283102,3.245477955,0
1,All Population,3,YLDs (Years Lived with Disability),4856,Karnataka,1,Male,15,50-54 years,494,Stroke,91,Lead exposure,1,Number,2020,310.8727915,861.1603928,-55.01899915
1,All Population,3,YLDs (Years Lived with Disability),4856,Karnataka,2,Female,15,50-54 years,494,Stroke,91,Lead exposure,1,Number,2020,236.9928788,647.3051989,-37.87239807
1,All Population,3,YLDs (Years Lived with Disability),4872,Tripura,1,Male,15,50-54 years,500,Atrial fibrillation and flutter,91,Lead exposure,1,Number,2019,1.217666252,3.949827931,-0.163718457
1,All Population,3,YLDs (Years Lived with Disability),4872,Tripura,2,Female,15,50-54 years,500,Atrial fibrillation and flutter,91,Lead exposure,1,Number,2019,0.86873596,2.77702707,-0.119967727
1,All Population,3,YLDs (Years Lived with Disability),4872,Tripura,1,Male,15,50-54 years,502,Lower extremity peripheral arterial disease,91,Lead exposure,1,Number,2019,0.010503875,0.031780177,-0.001094692
1,All Population,3,YLDs (Years Lived with Disability),4872,Tripura,2,Female,15,50-54 years,502,Lower extremity peripheral arterial disease,91,Lead exposure,1,Number,2019,0.012362003,0.041915656,-0.001369311
1,All Population,3,YLDs (Years Lived with Disability),4852,Haryana,1,Male,15,50-54 years,493,Ischemic heart disease,91,Lead exposure,1,Number,2019,325.9925474,477.4313729,200.0438206
1,All Population,3,YLDs (Years Lived with Disability),4852,Haryana,2,Female,15,50-54 years,493,Ischemic heart disease,91,Lead exposure,1,Number,2019,164.9921259,243.5527193,102.7817295
1,All Population,3,YLDs (Years Lived with Disability),4852,Haryana,1,Male,15,50-54 years,494,Stroke,380,Particulate matter pollution,1,Number,2020,722.8104676,1090.240939,405.2856989
1,All Population,3,YLDs (Years Lived with Disability),4852,Haryana,2,Female,15,50-54 years,494,Stroke,380,Particulate matter pollution,1,Number,2020,656.9598207,995.1233878,377.6078414
1,All Population,3,YLDs (Years Lived with Disability),4873,Uttar Pradesh,1,Male,15,50-54 years,498,Hypertensive heart disease,91,Lead exposure,1,Number,2022,55.49168989,144.1842982,0
1,All Population,3,YLDs (Years Lived with Disability),4873,Uttar Pradesh,2,Female,15,50-54 years,498,Hypertensive heart disease,91,Lead exposure,1,Number,2022,79.44283311,199.4387718,0
1,All Population,3,YLDs (Years Lived with Disability),4852,Haryana,1,Male,15,50-54 years,500,Atrial fibrillation and flutter,91,Lead exposure,1,Number,2020,6.884767226,22.29315475,-0.922208444
1,All Population,3,YLDs (Years Lived with Disability),4852,Haryana,2,Female,15,50-54 years,500,Atrial fibrillation and flutter,91,Lead exposure,1,Number,2020,4.726580193,16.50903085,-0.670558147
1,All Population,3,YLDs (Years Lived with Disability),4863,Mizoram,1,Male,15,50-54 years,493,Ischemic heart disease,380,Particulate matter pollution,1,Number,2019,7.119998704,10.9030848,4.047964146
1,All Population,3,YLDs (Years Lived with Disability),4863,Mizoram,2,Female,15,50-54 years,493,Ischemic heart disease,380,Particulate matter pollution,1,Number,2019,4.252783736,6.341391231,2.301250035
1,All Population,3,YLDs (Years Lived with Disability),4863,Mizoram,1,Male,15,50-54 years,494,Stroke,91,Lead exposure,1,Number,2019,3.49543507,9.239937195,-0.616175338
1,All Population,3,YLDs (Years Lived with Disability),4863,Mizoram,2,Female,15,50-54 years,494,Stroke,91,Lead exposure,1,Number,2019,2.24384745,5.921609921,-0.36241393
1,All Population,3,YLDs (Years Lived with Disability),4850,Goa,1,Male,15,50-54 years,493,Ischemic heart disease,91,Lead exposure,1,Number,2022,22.28290467,32.16847149,13.59453523
1,All Population,3,YLDs (Years Lived with Disability),4850,Goa,2,Female,15,50-54 years,493,Ischemic heart disease,91,Lead exposure,1,Number,2022,13.06979192,19.00910866,7.568595067
1,All Population,3,YLDs (Years Lived with Disability),4859,Madhya Pradesh,1,Male,15,50-54 years,493,Ischemic heart disease,91,Lead exposure,1,Number,2020,1062.705898,1530.418777,632.1684507
1,All Population,3,YLDs (Years Lived with Disability),4859,Madhya Pradesh,2,Female,15,50-54 years,493,Ischemic heart disease,91,Lead exposure,1,Number,2020,494.1976547,721.4237803,286.2744654
1,All Population,3,YLDs (Years Lived with Disability),4854,Jammu & Kashmir and Ladakh,1,Male,15,50-54 years,502,Lower extremity peripheral arterial disease,91,Lead exposure,1,Number,2019,0.02242669,0.068299591,-0.002757502
1,All Population,3,YLDs (Years Lived with Disability),4854,Jammu & Kashmir and Ladakh,2,Female,15,50-54 years,502,Lower extremity peripheral arterial disease,91,Lead exposure,1,Number,2019,0.027351109,0.095518438,-0.003361895
1,All Population,3,YLDs (Years Lived with Disability),4863,Mizoram,1,Male,15,50-54 years,493,Ischemic heart disease,91,Lead exposure,1,Number,2022,8.058775189,11.79524075,4.685336972
1,All Population,3,YLDs (Years Lived with Disability),4863,Mizoram,2,Female,15,50-54 years,493,Ischemic heart disease,91,Lead exposure,1,Number,2022,4.458207513,6.436635482,2.496542353
1,All Population,3,YLDs (Years Lived with Disability),4846,Chhattisgarh,1,Male,15,50-54 years,493,Ischemic heart disease,91,Lead exposure,1,Number,2022,340.8208588,508.2783332,197.8469501
1,All Population,3,YLDs (Years Lived with Disability),4846,Chhattisgarh,2,Female,15,50-54 years,493,Ischemic heart disease,91,Lead exposure,1,Number,2022,180.3078266,269.0205613,106.7078105
1,All Population,3,YLDs (Years Lived with Disability),4850,Goa,1,Male,15,50-54 years,494,Stroke,380,Particulate matter pollution,1,Number,2020,27.4069572,44.02914943,15.22989496
1,All Population,3,YLDs (Years Lived with Disability),4850,Goa,2,Female,15,50-54 years,494,Stroke,380,Particulate matter pollution,1,Number,2020,27.41932,43.45154852,14.60824578
1,All Population,3,YLDs (Years Lived with Disability),4874,Uttarakhand,1,Male,15,50-54 years,494,Stroke,380,Particulate matter pollution,1,Number,2019,235.6283635,360.1962751,136.3907133
1,All Population,3,YLDs (Years Lived with Disability),4874,Uttarakhand,2,Female,15,50-54 years,494,Stroke,380,Particulate matter pollution,1,Number,2019,187.5935207,281.5470973,107.3696713
1,All Population,3,YLDs (Years Lived with Disability),4868,Rajasthan,1,Male,15,50-54 years,493,Ischemic heart disease,91,Lead exposure,1,Number,2019,725.0611843,1076.545727,437.2561238
1,All Population,3,YLDs (Years Lived with Disability),4868,Rajasthan,2,Female,15,50-54 years,493,Ischemic heart disease,91,Lead exposure,1,Number,2019,312.3747395,459.0134858,192.3568109
1,All Population,3,YLDs (Years Lived with Disability),4850,Goa,1,Male,15,50-54 years,500,Atrial fibrillation and flutter,91,Lead exposure,1,Number,2020,0.496992443,1.546709577,-0.064220221
1,All Population,3,YLDs (Years Lived with Disability),4850,Goa,2,Female,15,50-54 years,500,Atrial fibrillation and flutter,91,Lead exposure,1,Number,2020,0.370926389,1.345577302,-0.057352287
1,All Population,3,YLDs (Years Lived with Disability),4850,Goa,1,Male,15,50-54 years,502,Lower extremity peripheral arterial disease,91,Lead exposure,1,Number,2020,0.003669136,0.013612881,-0.000381876
1,All Population,3,YLDs (Years Lived with Disability),4850,Goa,2,Female,15,50-54 years,502,Lower extremity peripheral arterial disease,91,Lead exposure,1,Number,2020,0.004645385,0.016085477,-0.00053212
1,All Population,3,YLDs (Years Lived with Disability),4874,Uttarakhand,1,Male,15,50-54 years,500,Atrial fibrillation and flutter,91,Lead exposure,1,Number,2019,2.790781756,8.417720921,-0.33181403
1,All Population,3,YLDs (Years Lived with Disability),4874,Uttarakhand,2,Female,15,50-54 years,500,Atrial fibrillation and flutter,91,Lead exposure,1,Number,2019,2.165823448,6.408504697,-0.240646366
1,All Population,3,YLDs (Years Lived with Disability),4859,Madhya Pradesh,1,Male,15,50-54 years,494,Stroke,380,Particulate matter pollution,1,Number,2019,1679.426605,2481.014598,940.4817321
1,All Population,3,YLDs (Years Lived with Disability),4859,Madhya Pradesh,2,Female,15,50-54 years,494,Stroke,380,Particulate matter pollution,1,Number,2019,1414.159119,2107.218496,837.8122511
1,All Population,3,YLDs (Years Lived with Disability),4861,Manipur,1,Male,15,50-54 years,493,Ischemic heart disease,91,Lead exposure,1,Number,2020,30.369138,45.23951694,18.69331403
1,All Population,3,YLDs (Years Lived with Disability),4861,Manipur,2,Female,15,50-54 years,493,Ischemic heart disease,91,Lead exposure,1,Number,2020,20.84208771,31.47399945,12.31062607
1,All Population,3,YLDs (Years Lived with Disability),4874,Uttarakhand,1,Male,15,50-54 years,493,Ischemic heart disease,91,Lead exposure,1,Number,2020,168.7471247,252.5629151,104.783537
1,All Population,3,YLDs (Years Lived with Disability),4874,Uttarakhand,2,Female,15,50-54 years,493,Ischemic heart disease,91,Lead exposure,1,Number,2020,86.52631827,127.6674217,53.73580916
1,All Population,3,YLDs (Years Lived with Disability),4868,Rajasthan,1,Male,15,50-54 years,502,Lower extremity peripheral arterial disease,91,Lead exposure,1,Number,2022,0.095273172,0.334795761,-0.011438659
1,All Population,3,YLDs (Years Lived with Disability),4868,Rajasthan,2,Female,15,50-54 years,502,Lower extremity peripheral arterial disease,91,Lead exposure,1,Number,2022,0.105227256,0.355846331,-0.010545052
1,All Population,3,YLDs (Years Lived with Disability),4859,Madhya Pradesh,1,Male,15,50-54 years,500,Atrial fibrillation and flutter,91,Lead exposure,1,Number,2019,19.87487552,60.19902445,-3.258168417
1,All Population,3,YLDs (Years Lived with Disability),4859,Madhya Pradesh,2,Female,15,50-54 years,500,Atrial fibrillation and flutter,91,Lead exposure,1,Number,2019,13.88500329,41.37441387,-2.139060298
1,All Population,3,YLDs (Years Lived with Disability),4872,Tripura,1,Male,15,50-54 years,494,Stroke,380,Particulate matter pollution,1,Number,2022,145.7668354,222.07142,80.52169725
1,All Population,3,YLDs (Years Lived with Disability),4872,Tripura,2,Female,15,50-54 years,494,Stroke,380,Particulate matter pollution,1,Number,2022,108.6525861,163.0239849,63.73391923
1,All Population,3,YLDs (Years Lived with Disability),4863,Mizoram,1,Male,15,50-54 years,498,Hypertensive heart disease,91,Lead exposure,1,Number,2019,0.360837339,0.881708885,0
1,All Population,3,YLDs (Years Lived with Disability),4863,Mizoram,2,Female,15,50-54 years,498,Hypertensive heart disease,91,Lead exposure,1,Number,2019,0.636548373,1.493805268,0
1,All Population,3,YLDs (Years Lived with Disability),4856,Karnataka,1,Male,15,50-54 years,500,Atrial fibrillation and flutter,91,Lead exposure,1,Number,2019,22.86811841,69.5865188,-3.008489134
1,All Population,3,YLDs (Years Lived with Disability),4856,Karnataka,2,Female,15,50-54 years,500,Atrial fibrillation and flutter,91,Lead exposure,1,Number,2019,18.63559565,56.29273092,-2.43083416
1,All Population,3,YLDs (Years Lived with Disability),4872,Tripura,1,Male,15,50-54 years,498,Hypertensive heart disease,91,Lead exposure,1,Number,2022,0.929366772,2.339958965,0
1,All Population,3,YLDs (Years Lived with Disability),4872,Tripura,2,Female,15,50-54 years,498,Hypertensive heart disease,91,Lead exposure,1,Number,2022,1.369835647,3.476971068,0
1,All Population,3,YLDs (Years Lived with Disability),4863,Mizoram,1,Male,15,50-54 years,502,Lower extremity peripheral arterial disease,91,Lead exposure,1,Number,2020,0.002723019,0.009050677,-0.000326928
1,All Population,3,YLDs (Years Lived with Disability),4863,Mizoram,2,Female,15,50-54 years,502,Lower extremity peripheral arterial disease,91,Lead exposure,1,Number,2020,0.003290826,0.011445862,-0.000409609
1,All Population,3,YLDs (Years Lived with Disability),4870,Tamil Nadu,1,Male,15,50-54 years,493,Ischemic heart disease,380,Particulate matter pollution,1,Number,2020,1162.171932,1783.500895,690.4142753
1,All Population,3,YLDs (Years Lived with Disability),4870,Tamil Nadu,2,Female,15,50-54 years,493,Ischemic heart disease,380,Particulate matter pollution,1,Number,2020,671.6729373,1013.911598,383.6358672
1,All Population,3,YLDs (Years Lived with Disability),4870,Tamil Nadu,1,Male,15,50-54 years,494,Stroke,91,Lead exposure,1,Number,2020,430.2870954,1090.142305,-71.4746182
1,All Population,3,YLDs (Years Lived with Disability),4870,Tamil Nadu,2,Female,15,50-54 years,494,Stroke,91,Lead exposure,1,Number,2020,350.7164828,930.4980185,-55.58799311
1,All Population,3,YLDs (Years Lived with Disability),4861,Manipur,1,Male,15,50-54 years,493,Ischemic heart disease,380,Particulate matter pollution,1,Number,2022,29.75368385,46.70500739,16.60202221
1,All Population,3,YLDs (Years Lived with Disability),4861,Manipur,2,Female,15,50-54 years,493,Ischemic heart disease,380,Particulate matter pollution,1,Number,2022,22.55106584,35.1983317,13.02791748
1,All Population,3,YLDs (Years Lived with Disability),4861,Manipur,1,Male,15,50-54 years,494,Stroke,91,Lead exposure,1,Number,2022,16.90439382,45.62365982,-2.976208548
1,All Population,3,YLDs (Years Lived with Disability),4861,Manipur,2,Female,15,50-54 years,494,Stroke,91,Lead exposure,1,Number,2022,11.31732938,31.81021097,-1.905975562
1,All Population,3,YLDs (Years Lived with Disability),4856,Karnataka,1,Male,15,50-54 years,502,Lower extremity peripheral arterial disease,91,Lead exposure,1,Number,2019,0.17862015,0.590481211,-0.018354041
1,All Population,3,YLDs (Years Lived with Disability),4856,Karnataka,2,Female,15,50-54 years,502,Lower extremity peripheral arterial disease,91,Lead exposure,1,Number,2019,0.258307846,0.806339723,-0.027466647
1,All Population,3,YLDs (Years Lived with Disability),4870,Tamil Nadu,1,Male,15,50-54 years,498,Hypertensive heart disease,91,Lead exposure,1,Number,2020,13.95609646,36.06285082,0
1,All Population,3,YLDs (Years Lived with Disability),4870,Tamil Nadu,2,Female,15,50-54 years,498,Hypertensive heart disease,91,Lead exposure,1,Number,2020,27.28265145,59.82936519,0
1,All Population,3,YLDs (Years Lived with Disability),4870,Tamil Nadu,1,Male,15,50-54 years,494,Stroke,380,Particulate matter pollution,1,Number,2022,1512.644174,2528.627389,823.3461867
1,All Population,3,YLDs (Years Lived with Disability),4870,Tamil Nadu,2,Female,15,50-54 years,494,Stroke,380,Particulate matter pollution,1,Number,2022,1499.957972,2362.27962,805.3240062
1,All Population,3,YLDs (Years Lived with Disability),4872,Tripura,1,Male,15,50-54 years,493,Ischemic heart disease,380,Particulate matter pollution,1,Number,2020,59.31821311,90.66279618,34.57325696
1,All Population,3,YLDs (Years Lived with Disability),4872,Tripura,2,Female,15,50-54 years,493,Ischemic heart disease,380,Particulate matter pollution,1,Number,2020,36.94270741,55.74866678,21.62509444
1,All Population,3,YLDs (Years Lived with Disability),4872,Tripura,1,Male,15,50-54 years,494,Stroke,91,Lead exposure,1,Number,2020,24.64750148,61.51799767,-3.93110505
1,All Population,3,YLDs (Years Lived with Disability),4872,Tripura,2,Female,15,50-54 years,494,Stroke,91,Lead exposure,1,Number,2020,15.09923807,38.80545262,-2.500842179
1,All Population,3,YLDs (Years Lived with Disability),4865,Odisha,1,Male,15,50-54 years,493,Ischemic heart disease,91,Lead exposure,1,Number,2022,412.8020292,621.5692889,246.9981146
1,All Population,3,YLDs (Years Lived with Disability),4865,Odisha,2,Female,15,50-54 years,493,Ischemic heart disease,91,Lead exposure,1,Number,2022,241.2381859,355.5430358,145.6867672
1,All Population,3,YLDs (Years Lived with Disability),4865,Odisha,1,Male,15,50-54 years,494,Stroke,380,Particulate matter pollution,1,Number,2020,1207.118337,1804.84741,675.9175571
1,All Population,3,YLDs (Years Lived with Disability),4865,Odisha,2,Female,15,50-54 years,494,Stroke,380,Particulate matter pollution,1,Number,2020,1059.406906,1685.70486,580.7643088
1,All Population,3,YLDs (Years Lived with Disability),4854,Jammu & Kashmir and Ladakh,1,Male,15,50-54 years,494,Stroke,380,Particulate matter pollution,1,Number,2022,174.9147256,273.0126422,96.0490495
1,All Population,3,YLDs (Years Lived with Disability),4854,Jammu & Kashmir and Ladakh,2,Female,15,50-54 years,494,Stroke,380,Particulate matter pollution,1,Number,2022,148.6390387,234.2531549,77.13221501
1,All Population,3,YLDs (Years Lived with Disability),4870,Tamil Nadu,1,Male,15,50-54 years,500,Atrial fibrillation and flutter,91,Lead exposure,1,Number,2022,30.76304326,98.12653313,-4.873181262
1,All Population,3,YLDs (Years Lived with Disability),4870,Tamil Nadu,2,Female,15,50-54 years,500,Atrial fibrillation and flutter,91,Lead exposure,1,Number,2022,24.14296003,75.9483739,-3.359654621
1,All Population,3,YLDs (Years Lived with Disability),4870,Tamil Nadu,1,Male,15,50-54 years,493,Ischemic heart disease,91,Lead exposure,1,Number,2019,1527.22312,2249.136846,922.1236214
1,All Population,3,YLDs (Years Lived with Disability),4870,Tamil Nadu,2,Female,15,50-54 years,493,Ischemic heart disease,91,Lead exposure,1,Number,2019,802.351783,1185.95437,504.6825032
1,All Population,3,YLDs (Years Lived with Disability),4854,Jammu & Kashmir and Ladakh,1,Male,15,50-54 years,500,Atrial fibrillation and flutter,91,Lead exposure,1,Number,2022,2.709491644,8.72283589,-0.337028545
1,All Population,3,YLDs (Years Lived with Disability),4854,Jammu & Kashmir and Ladakh,2,Female,15,50-54 years,500,Atrial fibrillation and flutter,91,Lead exposure,1,Number,2022,1.990629267,5.879783686,-0.318035894
1,All Population,3,YLDs (Years Lived with Disability),4870,Tamil Nadu,1,Male,15,50-54 years,502,Lower extremity peripheral arterial disease,91,Lead exposure,1,Number,2019,0.260823041,0.795428369,-0.02918425
1,All Population,3,YLDs (Years Lived with Disability),4870,Tamil Nadu,2,Female,15,50-54 years,502,Lower extremity peripheral arterial disease,91,Lead exposure,1,Number,2019,0.339537415,1.079870535,-0.042850292
1,All Population,3,YLDs (Years Lived with Disability),4865,Odisha,1,Male,15,50-54 years,500,Atrial fibrillation and flutter,91,Lead exposure,1,Number,2020,12.36430001,38.15166406,-1.596539879
1,All Population,3,YLDs (Years Lived with Disability),4865,Odisha,2,Female,15,50-54 years,500,Atrial fibrillation and flutter,91,Lead exposure,1,Number,2020,9.045423228,30.69192855,-1.347208388
1,All Population,3,YLDs (Years Lived with Disability),4843,Assam,1,Male,15,50-54 years,494,Stroke,380,Particulate matter pollution,1,Number,2019,1001.396791,1525.727955,585.2869278
1,All Population,3,YLDs (Years Lived with Disability),4843,Assam,2,Female,15,50-54 years,494,Stroke,380,Particulate matter pollution,1,Number,2019,646.2510988,985.8942517,384.245053
1,All Population,3,YLDs (Years Lived with Disability),4843,Assam,1,Male,15,50-54 years,498,Hypertensive heart disease,91,Lead exposure,1,Number,2019,9.331268681,22.97059763,0
1,All Population,3,YLDs (Years Lived with Disability),4843,Assam,2,Female,15,50-54 years,498,Hypertensive heart disease,91,Lead exposure,1,Number,2019,10.1309966,24.76549357,0
1,All Population,3,YLDs (Years Lived with Disability),4874,Uttarakhand,1,Male,15,50-54 years,493,Ischemic heart disease,380,Particulate matter pollution,1,Number,2022,198.9903276,305.8200214,110.4396921
1,All Population,3,YLDs (Years Lived with Disability),4874,Uttarakhand,2,Female,15,50-54 years,493,Ischemic heart disease,380,Particulate matter pollution,1,Number,2022,111.302034,166.7185665,63.75421758
1,All Population,3,YLDs (Years Lived with Disability),4874,Uttarakhand,1,Male,15,50-54 years,494,Stroke,91,Lead exposure,1,Number,2022,45.40123462,110.0177117,-7.490086231
1,All Population,3,YLDs (Years Lived with Disability),4874,Uttarakhand,2,Female,15,50-54 years,494,Stroke,91,Lead exposure,1,Number,2022,30.3647421,71.99203407,-5.081845586
1,All Population,3,YLDs (Years Lived with Disability),4850,Goa,1,Male,15,50-54 years,493,Ischemic heart disease,380,Particulate matter pollution,1,Number,2020,21.3553891,32.13644885,12.0375685
1,All Population,3,YLDs (Years Lived with Disability),4850,Goa,2,Female,15,50-54 years,493,Ischemic heart disease,380,Particulate matter pollution,1,Number,2020,14.15890959,21.64217771,8.118367333
1,All Population,3,YLDs (Years Lived with Disability),4865,Odisha,1,Male,15,50-54 years,502,Lower extremity peripheral arterial disease,91,Lead exposure,1,Number,2020,0.108253622,0.415016613,-0.009230834
1,All Population,3,YLDs (Years Lived with Disability),4865,Odisha,2,Female,15,50-54 years,502,Lower extremity peripheral arterial disease,91,Lead exposure,1,Number,2020,0.133351829,0.444597671,-0.015077678
1,All Population,3,YLDs (Years Lived with Disability),4874,Uttarakhand,1,Male,15,50-54 years,498,Hypertensive heart disease,91,Lead exposure,1,Number,2022,1.676566275,4.6410765,0
1,All Population,3,YLDs (Years Lived with Disability),4874,Uttarakhand,2,Female,15,50-54 years,498,Hypertensive heart disease,91,Lead exposure,1,Number,2022,2.998763258,7.338548111,0
1,All Population,3,YLDs (Years Lived with Disability),4859,Madhya Pradesh,1,Male,15,50-54 years,494,Stroke,380,Particulate matter pollution,1,Number,2020,1729.062571,2666.707531,999.2436825
1,All Population,3,YLDs (Years Lived with Disability),4859,Madhya Pradesh,2,Female,15,50-54 years,494,Stroke,380,Particulate matter pollution,1,Number,2020,1466.720604,2231.813246,840.1684529
1,All Population,3,YLDs (Years Lived with Disability),4865,Odisha,1,Male,15,50-54 years,493,Ischemic heart disease,380,Particulate matter pollution,1,Number,2020,489.9774962,750.1699452,286.1689873
1,All Population,3,YLDs (Years Lived with Disability),4865,Odisha,2,Female,15,50-54 years,493,Ischemic heart disease,380,Particulate matter pollution,1,Number,2020,323.1842172,487.3788022,194.8836965
1,All Population,3,YLDs (Years Lived with Disability),4868,Rajasthan,1,Male,15,50-54 years,494,Stroke,380,Particulate matter pollution,1,Number,2020,1388.002848,2116.462808,769.0752747
1,All Population,3,YLDs (Years Lived with Disability),4868,Rajasthan,2,Female,15,50-54 years,494,Stroke,380,Particulate matter pollution,1,Number,2020,1234.114845,1850.64306,713.8009363
1,All Population,3,YLDs (Years Lived with Disability),4856,Karnataka,1,Male,15,50-54 years,500,Atrial fibrillation and flutter,91,Lead exposure,1,Number,2020,23.37682475,68.1763081,-2.985804251
1,All Population,3,YLDs (Years Lived with Disability),4856,Karnataka,2,Female,15,50-54 years,500,Atrial fibrillation and flutter,91,Lead exposure,1,Number,2020,18.57881433,54.96873403,-2.491207316
1,All Population,3,YLDs (Years Lived with Disability),4859,Madhya Pradesh,1,Male,15,50-54 years,500,Atrial fibrillation and flutter,91,Lead exposure,1,Number,2020,20.55957934,64.59307031,-2.915117882
1,All Population,3,YLDs (Years Lived with Disability),4859,Madhya Pradesh,2,Female,15,50-54 years,500,Atrial fibrillation and flutter,91,Lead exposure,1,Number,2020,14.39846217,44.40292408,-2.173102376
1,All Population,3,YLDs (Years Lived with Disability),4863,Mizoram,1,Male,15,50-54 years,493,Ischemic heart disease,380,Particulate matter pollution,1,Number,2020,7.137081422,11.51778044,4.011020213
1,All Population,3,YLDs (Years Lived with Disability),4863,Mizoram,2,Female,15,50-54 years,493,Ischemic heart disease,380,Particulate matter pollution,1,Number,2020,4.279722183,6.343988863,2.336810055
1,All Population,3,YLDs (Years Lived with Disability),4863,Mizoram,1,Male,15,50-54 years,494,Stroke,91,Lead exposure,1,Number,2020,3.569652406,9.359472584,-0.629293848
1,All Population,3,YLDs (Years Lived with Disability),4863,Mizoram,2,Female,15,50-54 years,494,Stroke,91,Lead exposure,1,Number,2020,2.31386824,6.197379607,-0.305547761
1,All Population,3,YLDs (Years Lived with Disability),4855,Jharkhand,1,Male,15,50-54 years,493,Ischemic heart disease,91,Lead exposure,1,Number,2020,193.1881661,275.0502241,115.7865785
1,All Population,3,YLDs (Years Lived with Disability),4855,Jharkhand,2,Female,15,50-54 years,493,Ischemic heart disease,91,Lead exposure,1,Number,2020,154.8033399,222.2611265,92.83533576
1,All Population,3,YLDs (Years Lived with Disability),4868,Rajasthan,1,Male,15,50-54 years,500,Atrial fibrillation and flutter,91,Lead exposure,1,Number,2020,11.17838391,35.7122289,-1.356386096
1,All Population,3,YLDs (Years Lived with Disability),4868,Rajasthan,2,Female,15,50-54 years,500,Atrial fibrillation and flutter,91,Lead exposure,1,Number,2020,7.000383863,23.80838179,-1.013424531
1,All Population,3,YLDs (Years Lived with Disability),4872,Tripura,1,Male,15,50-54 years,500,Atrial fibrillation and flutter,91,Lead exposure,1,Number,2020,1.23294663,3.887167642,-0.174042191
1,All Population,3,YLDs (Years Lived with Disability),4872,Tripura,2,Female,15,50-54 years,500,Atrial fibrillation and flutter,91,Lead exposure,1,Number,2020,0.882278803,2.76019734,-0.119570238
1,All Population,3,YLDs (Years Lived with Disability),4872,Tripura,1,Male,15,50-54 years,502,Lower extremity peripheral arterial disease,91,Lead exposure,1,Number,2020,0.010704615,0.033390861,-0.001099817
1,All Population,3,YLDs (Years Lived with Disability),4872,Tripura,2,Female,15,50-54 years,502,Lower extremity peripheral arterial disease,91,Lead exposure,1,Number,2020,0.012359149,0.038755319,-0.001175264
1,All Population,3,YLDs (Years Lived with Disability),4856,Karnataka,1,Male,15,50-54 years,502,Lower extremity peripheral arterial disease,91,Lead exposure,1,Number,2020,0.176737848,0.532144329,-0.020594339
1,All Population,3,YLDs (Years Lived with Disability),4856,Karnataka,2,Female,15,50-54 years,502,Lower extremity peripheral arterial disease,91,Lead exposure,1,Number,2020,0.259091199,0.860832093,-0.02994777
1,All Population,3,YLDs (Years Lived with Disability),4846,Chhattisgarh,1,Male,15,50-54 years,493,Ischemic heart disease,380,Particulate matter pollution,1,Number,2020,433.1441309,643.6157562,260.4393774
1,All Population,3,YLDs (Years Lived with Disability),4846,Chhattisgarh,2,Female,15,50-54 years,493,Ischemic heart disease,380,Particulate matter pollution,1,Number,2020,260.4417402,388.7530277,151.4901413
1,All Population,3,YLDs (Years Lived with Disability),4846,Chhattisgarh,1,Male,15,50-54 years,494,Stroke,91,Lead exposure,1,Number,2020,147.3395092,387.3252282,-22.61218498
1,All Population,3,YLDs (Years Lived with Disability),4846,Chhattisgarh,2,Female,15,50-54 years,494,Stroke,91,Lead exposure,1,Number,2020,91.21142082,240.9328666,-14.54966996
1,All Population,3,YLDs (Years Lived with Disability),4873,Uttar Pradesh,1,Male,15,50-54 years,493,Ischemic heart disease,91,Lead exposure,1,Number,2020,2545.131276,3711.62135,1552.937824
1,All Population,3,YLDs (Years Lived with Disability),4873,Uttar Pradesh,2,Female,15,50-54 years,493,Ischemic heart disease,91,Lead exposure,1,Number,2020,1622.376852,2329.882817,976.3245893
1,All Population,3,YLDs (Years Lived with Disability),4868,Rajasthan,1,Male,15,50-54 years,493,Ischemic heart disease,91,Lead exposure,1,Number,2020,741.2964959,1083.327865,442.2479199
1,All Population,3,YLDs (Years Lived with Disability),4868,Rajasthan,2,Female,15,50-54 years,493,Ischemic heart disease,91,Lead exposure,1,Number,2020,319.8154541,480.4140307,196.4777633
1,All Population,3,YLDs (Years Lived with Disability),4851,Gujarat,1,Male,15,50-54 years,493,Ischemic heart disease,380,Particulate matter pollution,1,Number,2020,1002.276347,1493.922304,556.9710249
1,All Population,3,YLDs (Years Lived with Disability),4851,Gujarat,2,Female,15,50-54 years,493,Ischemic heart disease,380,Particulate matter pollution,1,Number,2020,570.8667743,851.9381148,340.6889051
1,All Population,3,YLDs (Years Lived with Disability),4851,Gujarat,1,Male,15,50-54 years,494,Stroke,91,Lead exposure,1,Number,2020,355.8280115,942.8091634,-57.73305498
1,All Population,3,YLDs (Years Lived with Disability),4851,Gujarat,2,Female,15,50-54 years,494,Stroke,91,Lead exposure,1,Number,2020,289.5357134,774.503861,-43.33232706
1,All Population,3,YLDs (Years Lived with Disability),4874,Uttarakhand,1,Male,15,50-54 years,494,Stroke,380,Particulate matter pollution,1,Number,2020,239.9896088,378.1075075,131.2223523
1,All Population,3,YLDs (Years Lived with Disability),4874,Uttarakhand,2,Female,15,50-54 years,494,Stroke,380,Particulate matter pollution,1,Number,2020,191.3510759,281.9780601,107.1264611
1,All Population,3,YLDs (Years Lived with Disability),4870,Tamil Nadu,1,Male,15,50-54 years,493,Ischemic heart disease,91,Lead exposure,1,Number,2020,1519.893786,2266.890911,920.6252956
1,All Population,3,YLDs (Years Lived with Disability),4870,Tamil Nadu,2,Female,15,50-54 years,493,Ischemic heart disease,91,Lead exposure,1,Number,2020,801.8769474,1185.52071,470.0168205
1,All Population,3,YLDs (Years Lived with Disability),4870,Tamil Nadu,1,Male,15,50-54 years,502,Lower extremity peripheral arterial disease,91,Lead exposure,1,Number,2020,0.261365239,0.88832534,-0.035401507
1,All Population,3,YLDs (Years Lived with Disability),4870,Tamil Nadu,2,Female,15,50-54 years,502,Lower extremity peripheral arterial disease,91,Lead exposure,1,Number,2020,0.340978323,1.101765329,-0.034490783
1,All Population,3,YLDs (Years Lived with Disability),4843,Assam,1,Male,15,50-54 years,494,Stroke,380,Particulate matter pollution,1,Number,2020,1003.709721,1510.806685,555.205376
1,All Population,3,YLDs (Years Lived with Disability),4843,Assam,2,Female,15,50-54 years,494,Stroke,380,Particulate matter pollution,1,Number,2020,660.702554,988.3055882,380.1806054
1,All Population,3,YLDs (Years Lived with Disability),4846,Chhattisgarh,1,Male,15,50-54 years,498,Hypertensive heart disease,91,Lead exposure,1,Number,2020,6.841216934,17.47455759,0
1,All Population,3,YLDs (Years Lived with Disability),4846,Chhattisgarh,2,Female,15,50-54 years,498,Hypertensive heart disease,91,Lead exposure,1,Number,2020,8.745163417,22.03604049,0
1,All Population,3,YLDs (Years Lived with Disability),4854,Jammu & Kashmir and Ladakh,1,Male,15,50-54 years,493,Ischemic heart disease,91,Lead exposure,1,Number,2020,140.1496462,206.2781036,85.29228473
1,All Population,3,YLDs (Years Lived with Disability),4854,Jammu & Kashmir and Ladakh,2,Female,15,50-54 years,493,Ischemic heart disease,91,Lead exposure,1,Number,2020,84.30796819,121.184956,50.44840652
1,All Population,3,YLDs (Years Lived with Disability),4869,Sikkim,1,Male,15,50-54 years,493,Ischemic heart disease,380,Particulate matter pollution,1,Number,2020,6.260884853,9.326037258,3.504898709
1,All Population,3,YLDs (Years Lived with Disability),4869,Sikkim,2,Female,15,50-54 years,493,Ischemic heart disease,380,Particulate matter pollution,1,Number,2020,4.226325386,6.329033378,2.491125538
1,All Population,3,YLDs (Years Lived with Disability),4869,Sikkim,1,Male,15,50-54 years,494,Stroke,91,Lead exposure,1,Number,2020,2.351961352,6.018368287,-0.335531576
1,All Population,3,YLDs (Years Lived with Disability),4869,Sikkim,2,Female,15,50-54 years,494,Stroke,91,Lead exposure,1,Number,2020,1.649901913,4.274209528,-0.233036876
1,All Population,3,YLDs (Years Lived with Disability),4874,Uttarakhand,1,Male,15,50-54 years,500,Atrial fibrillation and flutter,91,Lead exposure,1,Number,2020,2.908370667,9.009397459,-0.305964321
1,All Population,3,YLDs (Years Lived with Disability),4874,Uttarakhand,2,Female,15,50-54 years,500,Atrial fibrillation and flutter,91,Lead exposure,1,Number,2020,2.187605474,6.166605065,-0.269034714
1,All Population,3,YLDs (Years Lived with Disability),4852,Haryana,1,Male,15,50-54 years,493,Ischemic heart disease,91,Lead exposure,1,Number,2020,321.1594349,473.1164013,194.1631113
1,All Population,3,YLDs (Years Lived with Disability),4852,Haryana,2,Female,15,50-54 years,493,Ischemic heart disease,91,Lead exposure,1,Number,2020,163.6002869,239.305231,97.89240211
1,All Population,3,YLDs (Years Lived with Disability),4843,Assam,1,Male,15,50-54 years,498,Hypertensive heart disease,91,Lead exposure,1,Number,2020,10.0646955,23.77582894,0
1,All Population,3,YLDs (Years Lived with Disability),4843,Assam,2,Female,15,50-54 years,498,Hypertensive heart disease,91,Lead exposure,1,Number,2020,10.39169402,26.86376722,0
1,All Population,3,YLDs (Years Lived with Disability),4864,Nagaland,1,Male,15,50-54 years,494,Stroke,380,Particulate matter pollution,1,Number,2020,40.39291593,62.03602085,22.07470548
1,All Population,3,YLDs (Years Lived with Disability),4864,Nagaland,2,Female,15,50-54 years,494,Stroke,380,Particulate matter pollution,1,Number,2020,24.12266712,36.4623187,13.22544556
1,All Population,3,YLDs (Years Lived with Disability),4864,Nagaland,1,Male,15,50-54 years,498,Hypertensive heart disease,91,Lead exposure,1,Number,2020,0.367808312,0.977717495,0
1,All Population,3,YLDs (Years Lived with Disability),4864,Nagaland,2,Female,15,50-54 years,498,Hypertensive heart disease,91,Lead exposure,1,Number,2020,0.400921375,0.965752419,0
1,All Population,3,YLDs (Years Lived with Disability),4854,Jammu & Kashmir and Ladakh,1,Male,15,50-54 years,502,Lower extremity peripheral arterial disease,91,Lead exposure,1,Number,2020,0.02102096,0.076755633,-0.003108136
1,All Population,3,YLDs (Years Lived with Disability),4854,Jammu & Kashmir and Ladakh,2,Female,15,50-54 years,502,Lower extremity peripheral arterial disease,91,Lead exposure,1,Number,2020,0.02762234,0.105550189,-0.00364804
1,All Population,3,YLDs (Years Lived with Disability),4863,Mizoram,1,Male,15,50-54 years,498,Hypertensive heart disease,91,Lead exposure,1,Number,2020,0.357893262,0.89000181,0
1,All Population,3,YLDs (Years Lived with Disability),4863,Mizoram,2,Female,15,50-54 years,498,Hypertensive heart disease,91,Lead exposure,1,Number,2020,0.644891304,1.499158252,0
1,All Population,3,YLDs (Years Lived with Disability),4857,Kerala,1,Male,15,50-54 years,493,Ischemic heart disease,91,Lead exposure,1,Number,2020,621.6696093,906.1589956,379.7334286
1,All Population,3,YLDs (Years Lived with Disability),4857,Kerala,2,Female,15,50-54 years,493,Ischemic heart disease,91,Lead exposure,1,Number,2020,349.8669003,496.2904897,205.642183
1,All Population,3,YLDs (Years Lived with Disability),4875,West Bengal,1,Male,15,50-54 years,502,Lower extremity peripheral arterial disease,91,Lead exposure,1,Number,2020,0.222362171,0.733261857,-0.024350129
1,All Population,3,YLDs (Years Lived with Disability),4875,West Bengal,2,Female,15,50-54 years,502,Lower extremity peripheral arterial disease,91,Lead exposure,1,Number,2020,0.29832804,1.007163845,-0.037043781
1,All Population,3,YLDs (Years Lived with Disability),44538,Other Union Territories,1,Male,15,50-54 years,494,Stroke,91,Lead exposure,1,Number,2020,13.01296925,30.80736842,-2.913043881
1,All Population,3,YLDs (Years Lived with Disability),44538,Other Union Territories,2,Female,15,50-54 years,494,Stroke,91,Lead exposure,1,Number,2020,10.07466315,24.87258472,-1.70102939
1,All Population,3,YLDs (Years Lived with Disability),4853,Himachal Pradesh,1,Male,15,50-54 years,493,Ischemic heart disease,380,Particulate matter pollution,1,Number,2020,125.4846928,195.0769115,67.690179
1,All Population,3,YLDs (Years Lived with Disability),4853,Himachal Pradesh,2,Female,15,50-54 years,493,Ischemic heart disease,380,Particulate matter pollution,1,Number,2020,64.02990827,99.16043019,37.92746
1,All Population,3,YLDs (Years Lived with Disability),4867,Punjab,1,Male,15,50-54 years,493,Ischemic heart disease,380,Particulate matter pollution,1,Number,2020,580.5080198,864.378943,321.0376913
1,All Population,3,YLDs (Years Lived with Disability),4867,Punjab,2,Female,15,50-54 years,493,Ischemic heart disease,380,Particulate matter pollution,1,Number,2020,392.9960963,575.7818269,233.8616323
1,All Population,3,YLDs (Years Lived with Disability),4867,Punjab,1,Male,15,50-54 years,494,Stroke,91,Lead exposure,1,Number,2020,84.35128558,216.2552539,-13.45257161
1,All Population,3,YLDs (Years Lived with Disability),4867,Punjab,2,Female,15,50-54 years,494,Stroke,91,Lead exposure,1,Number,2020,65.92029174,162.4070841,-10.8142999
1,All Population,3,YLDs (Years Lived with Disability),4853,Himachal Pradesh,1,Male,15,50-54 years,494,Stroke,91,Lead exposure,1,Number,2020,27.18378436,72.61183331,-4.385605666
1,All Population,3,YLDs (Years Lived with Disability),4853,Himachal Pradesh,2,Female,15,50-54 years,494,Stroke,91,Lead exposure,1,Number,2020,19.704782,52.65320641,-3.671469946
1,All Population,3,YLDs (Years Lived with Disability),4844,Bihar,1,Male,15,50-54 years,493,Ischemic heart disease,91,Lead exposure,1,Number,2020,965.9491604,1429.254032,596.5238645
1,All Population,3,YLDs (Years Lived with Disability),4844,Bihar,2,Female,15,50-54 years,493,Ischemic heart disease,91,Lead exposure,1,Number,2020,556.0894065,808.8401936,314.7058034
1,All Population,3,YLDs (Years Lived with Disability),4851,Gujarat,1,Male,15,50-54 years,498,Hypertensive heart disease,91,Lead exposure,1,Number,2020,13.1788471,31.14673331,0
1,All Population,3,YLDs (Years Lived with Disability),4851,Gujarat,2,Female,15,50-54 years,498,Hypertensive heart disease,91,Lead exposure,1,Number,2020,24.47304571,59.78859942,0
1,All Population,3,YLDs (Years Lived with Disability),4871,Telangana,1,Male,15,50-54 years,493,Ischemic heart disease,91,Lead exposure,1,Number,2020,499.6744475,734.9388283,297.6545344
1,All Population,3,YLDs (Years Lived with Disability),4871,Telangana,2,Female,15,50-54 years,493,Ischemic heart disease,91,Lead exposure,1,Number,2020,280.1128807,405.5883806,169.6160493
1,All Population,3,YLDs (Years Lived with Disability),4841,Andhra Pradesh,1,Male,15,50-54 years,494,Stroke,380,Particulate matter pollution,1,Number,2020,825.5308731,1280.071466,440.0146068
1,All Population,3,YLDs (Years Lived with Disability),4841,Andhra Pradesh,2,Female,15,50-54 years,494,Stroke,380,Particulate matter pollution,1,Number,2020,774.1033696,1205.746594,394.2539478
1,All Population,3,YLDs (Years Lived with Disability),4842,Arunachal Pradesh,1,Male,15,50-54 years,502,Lower extremity peripheral arterial disease,91,Lead exposure,1,Number,2020,0.00284632,0.009419778,-0.000396234
1,All Population,3,YLDs (Years Lived with Disability),4842,Arunachal Pradesh,2,Female,15,50-54 years,502,Lower extremity peripheral arterial disease,91,Lead exposure,1,Number,2020,0.003353391,0.011452011,-0.000406093
1,All Population,3,YLDs (Years Lived with Disability),4844,Bihar,1,Male,15,50-54 years,502,Lower extremity peripheral arterial disease,91,Lead exposure,1,Number,2020,0.23096812,0.802913766,-0.022741682
1,All Population,3,YLDs (Years Lived with Disability),4844,Bihar,2,Female,15,50-54 years,502,Lower extremity peripheral arterial disease,91,Lead exposure,1,Number,2020,0.255741353,0.855547174,-0.028231417
1,All Population,3,YLDs (Years Lived with Disability),4861,Manipur,1,Male,15,50-54 years,494,Stroke,380,Particulate matter pollution,1,Number,2020,73.81480563,119.0753453,40.09846421
1,All Population,3,YLDs (Years Lived with Disability),4861,Manipur,2,Female,15,50-54 years,494,Stroke,380,Particulate matter pollution,1,Number,2020,58.11052948,91.76857314,30.85252643
1,All Population,3,YLDs (Years Lived with Disability),4861,Manipur,1,Male,15,50-54 years,498,Hypertensive heart disease,91,Lead exposure,1,Number,2020,0.94219597,2.340209092,0
1,All Population,3,YLDs (Years Lived with Disability),4861,Manipur,2,Female,15,50-54 years,498,Hypertensive heart disease,91,Lead exposure,1,Number,2020,1.400249319,3.423800154,0
1,All Population,3,YLDs (Years Lived with Disability),4867,Punjab,1,Male,15,50-54 years,498,Hypertensive heart disease,91,Lead exposure,1,Number,2020,3.093807933,7.506750544,0
1,All Population,3,YLDs (Years Lived with Disability),4867,Punjab,2,Female,15,50-54 years,498,Hypertensive heart disease,91,Lead exposure,1,Number,2020,4.905018377,13.27252602,0
1,All Population,3,YLDs (Years Lived with Disability),44538,Other Union Territories,1,Male,15,50-54 years,494,Stroke,91,Lead exposure,1,Number,2019,12.77069904,29.45245942,-2.447340849
1,All Population,3,YLDs (Years Lived with Disability),44538,Other Union Territories,2,Female,15,50-54 years,494,Stroke,91,Lead exposure,1,Number,2019,9.744001606,23.55277757,-1.911217671
1,All Population,3,YLDs (Years Lived with Disability),44538,Other Union Territories,1,Male,15,50-54 years,498,Hypertensive heart disease,91,Lead exposure,1,Number,2019,0.696288316,1.636444862,0
1,All Population,3,YLDs (Years Lived with Disability),44538,Other Union Territories,2,Female,15,50-54 years,498,Hypertensive heart disease,91,Lead exposure,1,Number,2019,1.158533625,2.945073613,0
1,All Population,3,YLDs (Years Lived with Disability),44538,Other Union Territories,1,Male,15,50-54 years,498,Hypertensive heart disease,91,Lead exposure,1,Number,2020,0.702732206,1.697580406,0
1,All Population,3,YLDs (Years Lived with Disability),44538,Other Union Territories,2,Female,15,50-54 years,498,Hypertensive heart disease,91,Lead exposure,1,Number,2020,1.196599656,2.803733262,0
1,All Population,3,YLDs (Years Lived with Disability),4862,Meghalaya,1,Male,15,50-54 years,493,Ischemic heart disease,91,Lead exposure,1,Number,2020,20.23190023,29.72598651,12.64998848
1,All Population,3,YLDs (Years Lived with Disability),4862,Meghalaya,2,Female,15,50-54 years,493,Ischemic heart disease,91,Lead exposure,1,Number,2020,13.1779892,18.89109834,7.743778588
1,All Population,3,YLDs (Years Lived with Disability),4857,Kerala,1,Male,15,50-54 years,493,Ischemic heart disease,380,Particulate matter pollution,1,Number,2020,534.0834898,825.3915014,304.8671265
1,All Population,3,YLDs (Years Lived with Disability),4857,Kerala,2,Female,15,50-54 years,493,Ischemic heart disease,380,Particulate matter pollution,1,Number,2020,335.0499991,500.8129518,193.3541206
1,All Population,3,YLDs (Years Lived with Disability),4862,Meghalaya,1,Male,15,50-54 years,502,Lower extremity peripheral arterial disease,91,Lead exposure,1,Number,2020,0.005754421,0.019283547,-0.000646909
1,All Population,3,YLDs (Years Lived with Disability),4862,Meghalaya,2,Female,15,50-54 years,502,Lower extremity peripheral arterial disease,91,Lead exposure,1,Number,2020,0.007600073,0.024097817,-0.000794445
1,All Population,3,YLDs (Years Lived with Disability),4862,Meghalaya,1,Male,15,50-54 years,494,Stroke,380,Particulate matter pollution,1,Number,2020,48.30521223,79.28449439,26.21748089
1,All Population,3,YLDs (Years Lived with Disability),4862,Meghalaya,2,Female,15,50-54 years,494,Stroke,380,Particulate matter pollution,1,Number,2020,41.75338222,63.2483415,23.8129456
1,All Population,3,YLDs (Years Lived with Disability),4862,Meghalaya,1,Male,15,50-54 years,500,Atrial fibrillation and flutter,91,Lead exposure,1,Number,2020,0.715823531,2.00662316,-0.086810607
1,All Population,3,YLDs (Years Lived with Disability),4862,Meghalaya,2,Female,15,50-54 years,500,Atrial fibrillation and flutter,91,Lead exposure,1,Number,2020,0.570806553,1.955762519,-0.070315928
1,All Population,3,YLDs (Years Lived with Disability),4844,Bihar,1,Male,15,50-54 years,494,Stroke,380,Particulate matter pollution,1,Number,2020,1788.556213,2670.13349,985.0269076
1,All Population,3,YLDs (Years Lived with Disability),4844,Bihar,2,Female,15,50-54 years,494,Stroke,380,Particulate matter pollution,1,Number,2020,1629.232349,2406.203271,928.4737898
1,All Population,3,YLDs (Years Lived with Disability),4851,Gujarat,1,Male,15,50-54 years,494,Stroke,380,Particulate matter pollution,1,Number,2020,1626.449452,2458.657478,888.0987481
1,All Population,3,YLDs (Years Lived with Disability),4851,Gujarat,2,Female,15,50-54 years,494,Stroke,380,Particulate matter pollution,1,Number,2020,1444.359427,2186.816848,812.1264523
1,All Population,3,YLDs (Years Lived with Disability),4842,Arunachal Pradesh,1,Male,15,50-54 years,493,Ischemic heart disease,91,Lead exposure,1,Number,2020,12.13921046,18.04892402,7.226077661
1,All Population,3,YLDs (Years Lived with Disability),4842,Arunachal Pradesh,2,Female,15,50-54 years,493,Ischemic heart disease,91,Lead exposure,1,Number,2020,5.424578607,8.090343973,3.15396089
1,All Population,3,YLDs (Years Lived with Disability),4849,Delhi,1,Male,15,50-54 years,494,Stroke,380,Particulate matter pollution,1,Number,2020,355.0484443,562.9995209,181.6889241
1,All Population,3,YLDs (Years Lived with Disability),4849,Delhi,2,Female,15,50-54 years,494,Stroke,380,Particulate matter pollution,1,Number,2020,369.2735766,575.325042,189.1568719
1,All Population,3,YLDs (Years Lived with Disability),4849,Delhi,1,Male,15,50-54 years,498,Hypertensive heart disease,91,Lead exposure,1,Number,2020,2.294337379,6.136860654,0
1,All Population,3,YLDs (Years Lived with Disability),4849,Delhi,2,Female,15,50-54 years,498,Hypertensive heart disease,91,Lead exposure,1,Number,2020,3.231489721,8.55816519,0
1,All Population,3,YLDs (Years Lived with Disability),4841,Andhra Pradesh,1,Male,15,50-54 years,500,Atrial fibrillation and flutter,91,Lead exposure,1,Number,2020,14.67947017,42.88013571,-1.626135223
1,All Population,3,YLDs (Years Lived with Disability),4841,Andhra Pradesh,2,Female,15,50-54 years,500,Atrial fibrillation and flutter,91,Lead exposure,1,Number,2020,10.81875012,33.51809774,-1.435350146
1,All Population,3,YLDs (Years Lived with Disability),4864,Nagaland,1,Male,15,50-54 years,500,Atrial fibrillation and flutter,91,Lead exposure,1,Number,2020,0.456696593,1.598303559,-0.061467898
1,All Population,3,YLDs (Years Lived with Disability),4864,Nagaland,2,Female,15,50-54 years,500,Atrial fibrillation and flutter,91,Lead exposure,1,Number,2020,0.291158891,0.95200037,-0.042471569
1,All Population,3,YLDs (Years Lived with Disability),4844,Bihar,1,Male,15,50-54 years,500,Atrial fibrillation and flutter,91,Lead exposure,1,Number,2020,26.87748133,91.98680934,-3.862649404
1,All Population,3,YLDs (Years Lived with Disability),4844,Bihar,2,Female,15,50-54 years,500,Atrial fibrillation and flutter,91,Lead exposure,1,Number,2020,18.24451445,62.86609694,-2.212768678
1,All Population,3,YLDs (Years Lived with Disability),4842,Arunachal Pradesh,1,Male,15,50-54 years,493,Ischemic heart disease,91,Lead exposure,1,Number,2021,12.47404751,18.3463337,7.502906668
1,All Population,3,YLDs (Years Lived with Disability),4842,Arunachal Pradesh,2,Female,15,50-54 years,493,Ischemic heart disease,91,Lead exposure,1,Number,2021,5.600915556,8.225217859,3.334443022
1,All Population,3,YLDs (Years Lived with Disability),4864,Nagaland,1,Male,15,50-54 years,502,Lower extremity peripheral arterial disease,91,Lead exposure,1,Number,2020,0.002731795,0.009473017,-0.000347187
1,All Population,3,YLDs (Years Lived with Disability),4864,Nagaland,2,Female,15,50-54 years,502,Lower extremity peripheral arterial disease,91,Lead exposure,1,Number,2020,0.002733115,0.008803403,-0.000307859
1,All Population,3,YLDs (Years Lived with Disability),4851,Gujarat,1,Male,15,50-54 years,500,Atrial fibrillation and flutter,91,Lead exposure,1,Number,2020,21.66303511,69.23923496,-2.476424683
1,All Population,3,YLDs (Years Lived with Disability),4851,Gujarat,2,Female,15,50-54 years,500,Atrial fibrillation and flutter,91,Lead exposure,1,Number,2020,16.58764693,53.5046491,-2.286819287
1,All Population,3,YLDs (Years Lived with Disability),4849,Delhi,1,Male,15,50-54 years,500,Atrial fibrillation and flutter,91,Lead exposure,1,Number,2021,3.913779555,11.31828986,-0.484045818
1,All Population,3,YLDs (Years Lived with Disability),4849,Delhi,2,Female,15,50-54 years,500,Atrial fibrillation and flutter,91,Lead exposure,1,Number,2021,2.542161315,8.59796899,-0.34793996
1,All Population,3,YLDs (Years Lived with Disability),4849,Delhi,1,Male,15,50-54 years,502,Lower extremity peripheral arterial disease,91,Lead exposure,1,Number,2021,0.027381371,0.094954444,-0.002635743
1,All Population,3,YLDs (Years Lived with Disability),4849,Delhi,2,Female,15,50-54 years,502,Lower extremity peripheral arterial disease,91,Lead exposure,1,Number,2021,0.033191055,0.101812029,-0.004241892
1,All Population,3,YLDs (Years Lived with Disability),4853,Himachal Pradesh,1,Male,15,50-54 years,494,Stroke,380,Particulate matter pollution,1,Number,2020,139.8014059,222.2410474,73.9105295
1,All Population,3,YLDs (Years Lived with Disability),4853,Himachal Pradesh,2,Female,15,50-54 years,494,Stroke,380,Particulate matter pollution,1,Number,2020,124.738678,201.1245003,72.23588337
1,All Population,3,YLDs (Years Lived with Disability),4853,Himachal Pradesh,1,Male,15,50-54 years,498,Hypertensive heart disease,91,Lead exposure,1,Number,2020,1.462777924,4.038829956,0
1,All Population,3,YLDs (Years Lived with Disability),4853,Himachal Pradesh,2,Female,15,50-54 years,498,Hypertensive heart disease,91,Lead exposure,1,Number,2020,2.477798664,5.921180905,0
1,All Population,3,YLDs (Years Lived with Disability),4855,Jharkhand,1,Male,15,50-54 years,493,Ischemic heart disease,380,Particulate matter pollution,1,Number,2020,242.4704857,364.0781993,140.0424523
1,All Population,3,YLDs (Years Lived with Disability),4855,Jharkhand,2,Female,15,50-54 years,493,Ischemic heart disease,380,Particulate matter pollution,1,Number,2020,213.9658508,307.5684967,123.8741182
1,All Population,3,YLDs (Years Lived with Disability),44538,Other Union Territories,1,Male,15,50-54 years,493,Ischemic heart disease,91,Lead exposure,1,Number,2022,53.23650277,79.94333493,31.97139337
1,All Population,3,YLDs (Years Lived with Disability),44538,Other Union Territories,2,Female,15,50-54 years,493,Ischemic heart disease,91,Lead exposure,1,Number,2022,27.45176169,39.9227778,16.95135483
1,All Population,3,YLDs (Years Lived with Disability),4860,Maharashtra,1,Male,15,50-54 years,493,Ischemic heart disease,91,Lead exposure,1,Number,2020,1283.85692,1876.79397,759.0597952
1,All Population,3,YLDs (Years Lived with Disability),4860,Maharashtra,2,Female,15,50-54 years,493,Ischemic heart disease,91,Lead exposure,1,Number,2020,749.8524377,1120.052613,460.3571482
1,All Population,3,YLDs (Years Lived with Disability),4855,Jharkhand,1,Male,15,50-54 years,494,Stroke,91,Lead exposure,1,Number,2020,111.1958259,279.2653931,-18.12477085
1,All Population,3,YLDs (Years Lived with Disability),4855,Jharkhand,2,Female,15,50-54 years,494,Stroke,91,Lead exposure,1,Number,2020,103.5162589,255.7349764,-15.23380501
1,All Population,3,YLDs (Years Lived with Disability),4844,Bihar,1,Male,15,50-54 years,493,Ischemic heart disease,91,Lead exposure,1,Number,2021,985.2779845,1461.559407,592.1252659
1,All Population,3,YLDs (Years Lived with Disability),4844,Bihar,2,Female,15,50-54 years,493,Ischemic heart disease,91,Lead exposure,1,Number,2021,553.6229468,835.9822955,323.7099858
1,All Population,3,YLDs (Years Lived with Disability),4844,Bihar,1,Male,15,50-54 years,502,Lower extremity peripheral arterial disease,91,Lead exposure,1,Number,2021,0.237041692,0.789928914,-0.02543918
1,All Population,3,YLDs (Years Lived with Disability),4844,Bihar,2,Female,15,50-54 years,502,Lower extremity peripheral arterial disease,91,Lead exposure,1,Number,2021,0.255962358,0.820003852,-0.023526826
1,All Population,3,YLDs (Years Lived with Disability),4873,Uttar Pradesh,1,Male,15,50-54 years,493,Ischemic heart disease,380,Particulate matter pollution,1,Number,2020,3054.604047,4492.600028,1790.861471
1,All Population,3,YLDs (Years Lived with Disability),4873,Uttar Pradesh,2,Female,15,50-54 years,493,Ischemic heart disease,380,Particulate matter pollution,1,Number,2020,2072.459577,2993.791987,1223.110105
1,All Population,3,YLDs (Years Lived with Disability),4855,Jharkhand,1,Male,15,50-54 years,498,Hypertensive heart disease,91,Lead exposure,1,Number,2020,6.229527653,16.53767004,0
1,All Population,3,YLDs (Years Lived with Disability),4855,Jharkhand,2,Female,15,50-54 years,498,Hypertensive heart disease,91,Lead exposure,1,Number,2020,8.906467395,22.20300922,0
1,All Population,3,YLDs (Years Lived with Disability),4851,Gujarat,1,Male,15,50-54 years,494,Stroke,380,Particulate matter pollution,1,Number,2021,1673.535687,2540.353271,920.4214318
1,All Population,3,YLDs (Years Lived with Disability),4851,Gujarat,2,Female,15,50-54 years,494,Stroke,380,Particulate matter pollution,1,Number,2021,1495.015142,2242.38513,817.138531
1,All Population,3,YLDs (Years Lived with Disability),4853,Himachal Pradesh,1,Male,15,50-54 years,494,Stroke,380,Particulate matter pollution,1,Number,2021,140.3830905,225.1181108,71.98557391
1,All Population,3,YLDs (Years Lived with Disability),4853,Himachal Pradesh,2,Female,15,50-54 years,494,Stroke,380,Particulate matter pollution,1,Number,2021,127.6206463,205.2219428,66.28620124
1,All Population,3,YLDs (Years Lived with Disability),4853,Himachal Pradesh,1,Male,15,50-54 years,498,Hypertensive heart disease,91,Lead exposure,1,Number,2021,1.455569188,4.312771439,0
1,All Population,3,YLDs (Years Lived with Disability),4853,Himachal Pradesh,2,Female,15,50-54 years,498,Hypertensive heart disease,91,Lead exposure,1,Number,2021,2.437296927,7.015151264,0
1,All Population,3,YLDs (Years Lived with Disability),4860,Maharashtra,1,Male,15,50-54 years,502,Lower extremity peripheral arterial disease,91,Lead exposure,1,Number,2020,0.254982364,0.9028931,-0.029153315
1,All Population,3,YLDs (Years Lived with Disability),4860,Maharashtra,2,Female,15,50-54 years,502,Lower extremity peripheral arterial disease,91,Lead exposure,1,Number,2020,0.324242747,1.240366537,-0.03300175
1,All Population,3,YLDs (Years Lived with Disability),44538,Other Union Territories,1,Male,15,50-54 years,494,Stroke,380,Particulate matter pollution,1,Number,2020,50.75717445,79.80169024,26.14748886
1,All Population,3,YLDs (Years Lived with Disability),44538,Other Union Territories,2,Female,15,50-54 years,494,Stroke,380,Particulate matter pollution,1,Number,2020,47.36980931,75.59072871,24.22924786
1,All Population,3,YLDs (Years Lived with Disability),4867,Punjab,1,Male,15,50-54 years,494,Stroke,380,Particulate matter pollution,1,Number,2020,604.4343082,914.8510797,349.0214256
1,All Population,3,YLDs (Years Lived with Disability),4867,Punjab,2,Female,15,50-54 years,494,Stroke,380,Particulate matter pollution,1,Number,2020,536.7289221,833.9082449,301.9698608
1,All Population,3,YLDs (Years Lived with Disability),4857,Kerala,1,Male,15,50-54 years,493,Ischemic heart disease,380,Particulate matter pollution,1,Number,2021,526.9272106,805.4879363,297.0208118
1,All Population,3,YLDs (Years Lived with Disability),4857,Kerala,2,Female,15,50-54 years,493,Ischemic heart disease,380,Particulate matter pollution,1,Number,2021,329.4985959,496.5596651,184.2845206
1,All Population,3,YLDs (Years Lived with Disability),4860,Maharashtra,1,Male,15,50-54 years,493,Ischemic heart disease,91,Lead exposure,1,Number,2021,1285.254114,1883.602469,768.5099543
1,All Population,3,YLDs (Years Lived with Disability),4860,Maharashtra,2,Female,15,50-54 years,493,Ischemic heart disease,91,Lead exposure,1,Number,2021,750.1422945,1106.208376,452.690351
1,All Population,3,YLDs (Years Lived with Disability),4867,Punjab,1,Male,15,50-54 years,493,Ischemic heart disease,91,Lead exposure,1,Number,2020,418.6156662,614.9144352,247.4450594
1,All Population,3,YLDs (Years Lived with Disability),4867,Punjab,2,Female,15,50-54 years,493,Ischemic heart disease,91,Lead exposure,1,Number,2020,261.5427229,371.0350575,156.7571893
1,All Population,3,YLDs (Years Lived with Disability),4851,Gujarat,1,Male,15,50-54 years,500,Atrial fibrillation and flutter,91,Lead exposure,1,Number,2021,21.32370529,66.96455514,-2.823741248
1,All Population,3,YLDs (Years Lived with Disability),4851,Gujarat,2,Female,15,50-54 years,500,Atrial fibrillation and flutter,91,Lead exposure,1,Number,2021,17.08303752,52.72657828,-2.167211575
1,All Population,3,YLDs (Years Lived with Disability),44538,Other Union Territories,1,Male,15,50-54 years,500,Atrial fibrillation and flutter,91,Lead exposure,1,Number,2020,1.126775076,3.514738747,-0.191622072
1,All Population,3,YLDs (Years Lived with Disability),44538,Other Union Territories,2,Female,15,50-54 years,500,Atrial fibrillation and flutter,91,Lead exposure,1,Number,2020,0.770137865,2.695172601,-0.114744984
1,All Population,3,YLDs (Years Lived with Disability),4841,Andhra Pradesh,1,Male,15,50-54 years,502,Lower extremity peripheral arterial disease,91,Lead exposure,1,Number,2020,0.116911019,0.424047543,-0.011081327
1,All Population,3,YLDs (Years Lived with Disability),4841,Andhra Pradesh,2,Female,15,50-54 years,502,Lower extremity peripheral arterial disease,91,Lead exposure,1,Number,2020,0.146370057,0.458166058,-0.012648241
1,All Population,3,YLDs (Years Lived with Disability),4855,Jharkhand,1,Male,15,50-54 years,493,Ischemic heart disease,380,Particulate matter pollution,1,Number,2021,238.3641487,355.5185305,135.9642834
1,All Population,3,YLDs (Years Lived with Disability),4855,Jharkhand,2,Female,15,50-54 years,493,Ischemic heart disease,380,Particulate matter pollution,1,Number,2021,210.651355,313.8836784,118.6641669
1,All Population,3,YLDs (Years Lived with Disability),4864,Nagaland,1,Male,15,50-54 years,500,Atrial fibrillation and flutter,91,Lead exposure,1,Number,2021,0.452268478,1.593366756,-0.062196751
1,All Population,3,YLDs (Years Lived with Disability),4864,Nagaland,2,Female,15,50-54 years,500,Atrial fibrillation and flutter,91,Lead exposure,1,Number,2021,0.289869071,0.915508783,-0.044041346
1,All Population,3,YLDs (Years Lived with Disability),44538,Other Union Territories,1,Male,15,50-54 years,502,Lower extremity peripheral arterial disease,91,Lead exposure,1,Number,2020,0.009455155,0.031049599,-0.001552247
1,All Population,3,YLDs (Years Lived with Disability),44538,Other Union Territories,2,Female,15,50-54 years,502,Lower extremity peripheral arterial disease,91,Lead exposure,1,Number,2020,0.011266914,0.034435209,-0.001556657
1,All Population,3,YLDs (Years Lived with Disability),4855,Jharkhand,1,Male,15,50-54 years,494,Stroke,91,Lead exposure,1,Number,2021,111.9770255,285.2110051,-17.36112765
1,All Population,3,YLDs (Years Lived with Disability),4855,Jharkhand,2,Female,15,50-54 years,494,Stroke,91,Lead exposure,1,Number,2021,105.8363873,265.3814904,-16.0147127
1,All Population,3,YLDs (Years Lived with Disability),4864,Nagaland,1,Male,15,50-54 years,502,Lower extremity peripheral arterial disease,91,Lead exposure,1,Number,2021,0.002845777,0.009017494,-0.000378547
1,All Population,3,YLDs (Years Lived with Disability),4864,Nagaland,2,Female,15,50-54 years,502,Lower extremity peripheral arterial disease,91,Lead exposure,1,Number,2021,0.002822449,0.008878602,-0.000314008
1,All Population,3,YLDs (Years Lived with Disability),4869,Sikkim,1,Male,15,50-54 years,494,Stroke,380,Particulate matter pollution,1,Number,2021,11.9887042,18.69652135,6.562909701
1,All Population,3,YLDs (Years Lived with Disability),4869,Sikkim,2,Female,15,50-54 years,494,Stroke,380,Particulate matter pollution,1,Number,2021,10.21994275,15.27998029,5.903956632
1,All Population,3,YLDs (Years Lived with Disability),4871,Telangana,1,Male,15,50-54 years,493,Ischemic heart disease,380,Particulate matter pollution,1,Number,2020,479.9038908,730.327343,260.7853825
1,All Population,3,YLDs (Years Lived with Disability),4871,Telangana,2,Female,15,50-54 years,493,Ischemic heart disease,380,Particulate matter pollution,1,Number,2020,307.6456937,464.965316,174.0931032
1,All Population,3,YLDs (Years Lived with Disability),4871,Telangana,1,Male,15,50-54 years,494,Stroke,91,Lead exposure,1,Number,2020,119.4738886,304.8110418,-17.63638064
1,All Population,3,YLDs (Years Lived with Disability),4871,Telangana,2,Female,15,50-54 years,494,Stroke,91,Lead exposure,1,Number,2020,77.78438009,186.1274694,-9.795316012
1,All Population,3,YLDs (Years Lived with Disability),4867,Punjab,1,Male,15,50-54 years,500,Atrial fibrillation and flutter,91,Lead exposure,1,Number,2020,6.908275926,20.88504702,-0.913571774
1,All Population,3,YLDs (Years Lived with Disability),4867,Punjab,2,Female,15,50-54 years,500,Atrial fibrillation and flutter,91,Lead exposure,1,Number,2020,5.634618865,18.19037588,-0.842955003
1,All Population,3,YLDs (Years Lived with Disability),4862,Meghalaya,1,Male,15,50-54 years,493,Ischemic heart disease,91,Lead exposure,1,Number,2021,20.45420081,30.07890241,12.16038693
1,All Population,3,YLDs (Years Lived with Disability),4862,Meghalaya,2,Female,15,50-54 years,493,Ischemic heart disease,91,Lead exposure,1,Number,2021,13.34634306,19.4240392,8.109167529
1,All Population,3,YLDs (Years Lived with Disability),4855,Jharkhand,1,Male,15,50-54 years,498,Hypertensive heart disease,91,Lead exposure,1,Number,2021,6.352912173,17.57807742,0
1,All Population,3,YLDs (Years Lived with Disability),4855,Jharkhand,2,Female,15,50-54 years,498,Hypertensive heart disease,91,Lead exposure,1,Number,2021,9.299679337,25.70552876,0
1,All Population,3,YLDs (Years Lived with Disability),4875,West Bengal,1,Male,15,50-54 years,493,Ischemic heart disease,91,Lead exposure,1,Number,2020,1257.46824,1842.325557,751.6831128
1,All Population,3,YLDs (Years Lived with Disability),4875,West Bengal,2,Female,15,50-54 years,493,Ischemic heart disease,91,Lead exposure,1,Number,2020,833.6129826,1221.16506,503.3827814
1,All Population,3,YLDs (Years Lived with Disability),4869,Sikkim,1,Male,15,50-54 years,494,Stroke,380,Particulate matter pollution,1,Number,2020,12.04178426,18.08110589,6.612284562
1,All Population,3,YLDs (Years Lived with Disability),4869,Sikkim,2,Female,15,50-54 years,494,Stroke,380,Particulate matter pollution,1,Number,2020,10.00621061,14.89422362,5.834435601
1,All Population,3,YLDs (Years Lived with Disability),4871,Telangana,1,Male,15,50-54 years,498,Hypertensive heart disease,91,Lead exposure,1,Number,2020,5.281087407,12.22995125,0
1,All Population,3,YLDs (Years Lived with Disability),4871,Telangana,2,Female,15,50-54 years,498,Hypertensive heart disease,91,Lead exposure,1,Number,2020,9.834769701,24.5527264,0
1,All Population,3,YLDs (Years Lived with Disability),4867,Punjab,1,Male,15,50-54 years,494,Stroke,380,Particulate matter pollution,1,Number,2021,611.7287283,893.952227,343.2636759
1,All Population,3,YLDs (Years Lived with Disability),4867,Punjab,2,Female,15,50-54 years,494,Stroke,380,Particulate matter pollution,1,Number,2021,549.9158848,816.5929846,311.8764889
1,All Population,3,YLDs (Years Lived with Disability),4869,Sikkim,1,Male,15,50-54 years,498,Hypertensive heart disease,91,Lead exposure,1,Number,2021,0.126475488,0.323610701,0
1,All Population,3,YLDs (Years Lived with Disability),4869,Sikkim,2,Female,15,50-54 years,498,Hypertensive heart disease,91,Lead exposure,1,Number,2021,0.14789422,0.349986139,0
1,All Population,3,YLDs (Years Lived with Disability),4867,Punjab,1,Male,15,50-54 years,500,Atrial fibrillation and flutter,91,Lead exposure,1,Number,2021,7.088014249,20.67859447,-0.928445938
1,All Population,3,YLDs (Years Lived with Disability),4867,Punjab,2,Female,15,50-54 years,500,Atrial fibrillation and flutter,91,Lead exposure,1,Number,2021,5.65320889,17.32523766,-0.696386893
1,All Population,3,YLDs (Years Lived with Disability),4869,Sikkim,1,Male,15,50-54 years,498,Hypertensive heart disease,91,Lead exposure,1,Number,2020,0.12461482,0.356839284,0
1,All Population,3,YLDs (Years Lived with Disability),4869,Sikkim,2,Female,15,50-54 years,498,Hypertensive heart disease,91,Lead exposure,1,Number,2020,0.141426027,0.328775323,0
1,All Population,3,YLDs (Years Lived with Disability),4869,Sikkim,1,Male,15,50-54 years,493,Ischemic heart disease,91,Lead exposure,1,Number,2020,5.506909463,7.914550796,3.296346804
1,All Population,3,YLDs (Years Lived with Disability),4869,Sikkim,2,Female,15,50-54 years,493,Ischemic heart disease,91,Lead exposure,1,Number,2020,3.362309032,4.961550397,2.060329579
1,All Population,3,YLDs (Years Lived with Disability),4862,Meghalaya,1,Male,15,50-54 years,502,Lower extremity peripheral arterial disease,91,Lead exposure,1,Number,2021,0.00630772,0.020446436,-0.000637116
1,All Population,3,YLDs (Years Lived with Disability),4862,Meghalaya,2,Female,15,50-54 years,502,Lower extremity peripheral arterial disease,91,Lead exposure,1,Number,2021,0.00747529,0.023571091,-0.000745294
1,All Population,3,YLDs (Years Lived with Disability),4868,Rajasthan,1,Male,15,50-54 years,493,Ischemic heart disease,380,Particulate matter pollution,1,Number,2020,1337.540159,1973.2292,769.8690389
1,All Population,3,YLDs (Years Lived with Disability),4868,Rajasthan,2,Female,15,50-54 years,493,Ischemic heart disease,380,Particulate matter pollution,1,Number,2020,715.2929741,1070.585468,415.3021344
1,All Population,3,YLDs (Years Lived with Disability),4868,Rajasthan,1,Male,15,50-54 years,494,Stroke,91,Lead exposure,1,Number,2020,142.7632243,360.0625749,-23.40997497
1,All Population,3,YLDs (Years Lived with Disability),4868,Rajasthan,2,Female,15,50-54 years,494,Stroke,91,Lead exposure,1,Number,2020,91.29514928,250.4132306,-12.02819276
1,All Population,3,YLDs (Years Lived with Disability),4871,Telangana,1,Male,15,50-54 years,498,Hypertensive heart disease,91,Lead exposure,1,Number,2021,5.215956893,14.65793855,0
1,All Population,3,YLDs (Years Lived with Disability),4871,Telangana,2,Female,15,50-54 years,498,Hypertensive heart disease,91,Lead exposure,1,Number,2021,10.10039396,24.44004578,0
1,All Population,3,YLDs (Years Lived with Disability),4851,Gujarat,1,Male,15,50-54 years,493,Ischemic heart disease,380,Particulate matter pollution,1,Number,2023,1017.238715,1581.432769,600.5440718
1,All Population,3,YLDs (Years Lived with Disability),4851,Gujarat,2,Female,15,50-54 years,493,Ischemic heart disease,380,Particulate matter pollution,1,Number,2023,575.1994395,852.993682,328.3275141
1,All Population,3,YLDs (Years Lived with Disability),4851,Gujarat,1,Male,15,50-54 years,493,Ischemic heart disease,91,Lead exposure,1,Number,2020,989.9273966,1485.543216,609.3027194
1,All Population,3,YLDs (Years Lived with Disability),4851,Gujarat,2,Female,15,50-54 years,493,Ischemic heart disease,91,Lead exposure,1,Number,2020,543.0149906,810.5988245,340.1003392
1,All Population,3,YLDs (Years Lived with Disability),4842,Arunachal Pradesh,1,Male,15,50-54 years,494,Stroke,380,Particulate matter pollution,1,Number,2023,22.34160673,35.82652692,10.96581274
1,All Population,3,YLDs (Years Lived with Disability),4842,Arunachal Pradesh,2,Female,15,50-54 years,494,Stroke,380,Particulate matter pollution,1,Number,2023,18.0004266,27.50063283,9.085205729
1,All Population,3,YLDs (Years Lived with Disability),4851,Gujarat,1,Male,15,50-54 years,494,Stroke,91,Lead exposure,1,Number,2023,374.0864133,1001.876389,-62.41539297
1,All Population,3,YLDs (Years Lived with Disability),4851,Gujarat,2,Female,15,50-54 years,494,Stroke,91,Lead exposure,1,Number,2023,308.2883188,832.2308623,-50.89119472
1,All Population,3,YLDs (Years Lived with Disability),4841,Andhra Pradesh,1,Male,15,50-54 years,500,Atrial fibrillation and flutter,91,Lead exposure,1,Number,2023,14.68994361,42.60405735,-1.822776528
1,All Population,3,YLDs (Years Lived with Disability),4841,Andhra Pradesh,2,Female,15,50-54 years,500,Atrial fibrillation and flutter,91,Lead exposure,1,Number,2023,11.10325041,35.80683028,-1.439556558
1,All Population,3,YLDs (Years Lived with Disability),4841,Andhra Pradesh,1,Male,15,50-54 years,502,Lower extremity peripheral arterial disease,91,Lead exposure,1,Number,2023,0.1155147,0.407263654,-0.011745325
1,All Population,3,YLDs (Years Lived with Disability),4841,Andhra Pradesh,2,Female,15,50-54 years,502,Lower extremity peripheral arterial disease,91,Lead exposure,1,Number,2023,0.14332451,0.490046885,-0.012974381
1,All Population,3,YLDs (Years Lived with Disability),4868,Rajasthan,1,Male,15,50-54 years,498,Hypertensive heart disease,91,Lead exposure,1,Number,2020,7.597051113,19.29596063,0
1,All Population,3,YLDs (Years Lived with Disability),4868,Rajasthan,2,Female,15,50-54 years,498,Hypertensive heart disease,91,Lead exposure,1,Number,2020,13.14939728,31.83427109,0
1,All Population,3,YLDs (Years Lived with Disability),4857,Kerala,1,Male,15,50-54 years,494,Stroke,380,Particulate matter pollution,1,Number,2020,819.0455773,1295.24115,414.7257256
1,All Population,3,YLDs (Years Lived with Disability),4857,Kerala,2,Female,15,50-54 years,494,Stroke,380,Particulate matter pollution,1,Number,2020,847.0790357,1320.639134,442.8098957
1,All Population,3,YLDs (Years Lived with Disability),4844,Bihar,1,Male,15,50-54 years,494,Stroke,380,Particulate matter pollution,1,Number,2023,1984.80459,3078.205109,1091.96539
1,All Population,3,YLDs (Years Lived with Disability),4844,Bihar,2,Female,15,50-54 years,494,Stroke,380,Particulate matter pollution,1,Number,2023,1823.631599,2743.22158,1005.096301
1,All Population,3,YLDs (Years Lived with Disability),4842,Arunachal Pradesh,1,Male,15,50-54 years,500,Atrial fibrillation and flutter,91,Lead exposure,1,Number,2023,0.422659404,1.457378668,-0.059584557
1,All Population,3,YLDs (Years Lived with Disability),4842,Arunachal Pradesh,2,Female,15,50-54 years,500,Atrial fibrillation and flutter,91,Lead exposure,1,Number,2023,0.27123962,1.005028734,-0.039842943
1,All Population,3,YLDs (Years Lived with Disability),4842,Arunachal Pradesh,1,Male,15,50-54 years,502,Lower extremity peripheral arterial disease,91,Lead exposure,1,Number,2023,0.002775349,0.010733931,-0.000302907
1,All Population,3,YLDs (Years Lived with Disability),4842,Arunachal Pradesh,2,Female,15,50-54 years,502,Lower extremity peripheral arterial disease,91,Lead exposure,1,Number,2023,0.003502439,0.01101098,-0.000395903
1,All Population,3,YLDs (Years Lived with Disability),4855,Jharkhand,1,Male,15,50-54 years,493,Ischemic heart disease,91,Lead exposure,1,Number,2023,193.3761411,291.1926379,114.3649656
1,All Population,3,YLDs (Years Lived with Disability),4855,Jharkhand,2,Female,15,50-54 years,493,Ischemic heart disease,91,Lead exposure,1,Number,2023,152.2449763,234.9054025,89.91350931
1,All Population,3,YLDs (Years Lived with Disability),4844,Bihar,1,Male,15,50-54 years,498,Hypertensive heart disease,91,Lead exposure,1,Number,2023,27.80333741,74.79611678,0
1,All Population,3,YLDs (Years Lived with Disability),4844,Bihar,2,Female,15,50-54 years,498,Hypertensive heart disease,91,Lead exposure,1,Number,2023,37.01787865,100.3421692,0
1,All Population,3,YLDs (Years Lived with Disability),4849,Delhi,1,Male,15,50-54 years,493,Ischemic heart disease,380,Particulate matter pollution,1,Number,2023,315.1135686,480.309566,171.3278492
1,All Population,3,YLDs (Years Lived with Disability),4849,Delhi,2,Female,15,50-54 years,493,Ischemic heart disease,380,Particulate matter pollution,1,Number,2023,188.6720043,290.6835265,103.0995638
1,All Population,3,YLDs (Years Lived with Disability),4849,Delhi,1,Male,15,50-54 years,494,Stroke,91,Lead exposure,1,Number,2023,46.30064176,126.7693908,-4.87924455
1,All Population,3,YLDs (Years Lived with Disability),4849,Delhi,2,Female,15,50-54 years,494,Stroke,91,Lead exposure,1,Number,2023,39.81249135,102.0987437,-4.170657046
1,All Population,3,YLDs (Years Lived with Disability),4843,Assam,1,Male,15,50-54 years,493,Ischemic heart disease,91,Lead exposure,1,Number,2021,305.1634894,451.1882609,173.7362331
1,All Population,3,YLDs (Years Lived with Disability),4843,Assam,2,Female,15,50-54 years,493,Ischemic heart disease,91,Lead exposure,1,Number,2021,167.0894873,245.2400576,96.11654268
1,All Population,3,YLDs (Years Lived with Disability),4844,Bihar,1,Male,15,50-54 years,500,Atrial fibrillation and flutter,91,Lead exposure,1,Number,2023,29.2781189,96.44061292,-3.976520069
1,All Population,3,YLDs (Years Lived with Disability),4844,Bihar,2,Female,15,50-54 years,500,Atrial fibrillation and flutter,91,Lead exposure,1,Number,2023,19.59906631,65.91111746,-2.024533857
1,All Population,3,YLDs (Years Lived with Disability),4849,Delhi,1,Male,15,50-54 years,498,Hypertensive heart disease,91,Lead exposure,1,Number,2023,2.332022041,6.44363775,0
1,All Population,3,YLDs (Years Lived with Disability),4849,Delhi,2,Female,15,50-54 years,498,Hypertensive heart disease,91,Lead exposure,1,Number,2023,3.20367257,9.254439249,0
1,All Population,3,YLDs (Years Lived with Disability),4857,Kerala,1,Male,15,50-54 years,500,Atrial fibrillation and flutter,91,Lead exposure,1,Number,2020,11.5268223,42.67326441,-1.755638083
1,All Population,3,YLDs (Years Lived with Disability),4857,Kerala,2,Female,15,50-54 years,500,Atrial fibrillation and flutter,91,Lead exposure,1,Number,2020,10.47875888,35.8666118,-1.536548382
1,All Population,3,YLDs (Years Lived with Disability),4871,Telangana,1,Male,15,50-54 years,502,Lower extremity peripheral arterial disease,91,Lead exposure,1,Number,2020,0.077688805,0.254482112,-0.008676887
1,All Population,3,YLDs (Years Lived with Disability),4871,Telangana,2,Female,15,50-54 years,502,Lower extremity peripheral arterial disease,91,Lead exposure,1,Number,2020,0.092479913,0.288165371,-0.009471621
1,All Population,3,YLDs (Years Lived with Disability),4849,Delhi,1,Male,15,50-54 years,493,Ischemic heart disease,380,Particulate matter pollution,1,Number,2020,298.0376142,468.2604662,162.541819
1,All Population,3,YLDs (Years Lived with Disability),4849,Delhi,2,Female,15,50-54 years,493,Ischemic heart disease,380,Particulate matter pollution,1,Number,2020,179.453914,278.3277284,102.4658881
1,All Population,3,YLDs (Years Lived with Disability),4849,Delhi,1,Male,15,50-54 years,494,Stroke,91,Lead exposure,1,Number,2020,46.42024811,124.4427245,-4.680727252
1,All Population,3,YLDs (Years Lived with Disability),4849,Delhi,2,Female,15,50-54 years,494,Stroke,91,Lead exposure,1,Number,2020,38.88615377,97.96736215,-4.361620526
1,All Population,3,YLDs (Years Lived with Disability),4857,Kerala,1,Male,15,50-54 years,502,Lower extremity peripheral arterial disease,91,Lead exposure,1,Number,2023,0.080459339,0.277625603,-0.010160866
1,All Population,3,YLDs (Years Lived with Disability),4857,Kerala,2,Female,15,50-54 years,502,Lower extremity peripheral arterial disease,91,Lead exposure,1,Number,2023,0.118431631,0.424365067,-0.011913176
1,All Population,3,YLDs (Years Lived with Disability),4841,Andhra Pradesh,1,Male,15,50-54 years,493,Ischemic heart disease,91,Lead exposure,1,Number,2021,758.5052664,1106.346194,474.9222108
1,All Population,3,YLDs (Years Lived with Disability),4841,Andhra Pradesh,2,Female,15,50-54 years,493,Ischemic heart disease,91,Lead exposure,1,Number,2021,414.1257415,593.6278734,248.2418822
1,All Population,3,YLDs (Years Lived with Disability),4862,Meghalaya,1,Male,15,50-54 years,494,Stroke,380,Particulate matter pollution,1,Number,2023,49.28045466,75.47597204,27.05929275
1,All Population,3,YLDs (Years Lived with Disability),4862,Meghalaya,2,Female,15,50-54 years,494,Stroke,380,Particulate matter pollution,1,Number,2023,44.44224569,70.35104312,26.35050651
1,All Population,3,YLDs (Years Lived with Disability),4862,Meghalaya,1,Male,15,50-54 years,498,Hypertensive heart disease,91,Lead exposure,1,Number,2023,0.705117022,1.890885823,0
1,All Population,3,YLDs (Years Lived with Disability),4862,Meghalaya,2,Female,15,50-54 years,498,Hypertensive heart disease,91,Lead exposure,1,Number,2023,1.018578496,2.492089539,0
1,All Population,3,YLDs (Years Lived with Disability),4853,Himachal Pradesh,1,Male,15,50-54 years,493,Ischemic heart disease,91,Lead exposure,1,Number,2023,117.7127373,173.8536127,73.51023097
1,All Population,3,YLDs (Years Lived with Disability),4853,Himachal Pradesh,2,Female,15,50-54 years,493,Ischemic heart disease,91,Lead exposure,1,Number,2023,52.6467707,78.39795984,30.6767363
1,All Population,3,YLDs (Years Lived with Disability),4860,Maharashtra,1,Male,15,50-54 years,494,Stroke,380,Particulate matter pollution,1,Number,2023,2933.475456,4454.586074,1592.247375
1,All Population,3,YLDs (Years Lived with Disability),4860,Maharashtra,2,Female,15,50-54 years,494,Stroke,380,Particulate matter pollution,1,Number,2023,2477.32449,3885.00831,1367.926928
1,All Population,3,YLDs (Years Lived with Disability),4849,Delhi,1,Male,15,50-54 years,500,Atrial fibrillation and flutter,91,Lead exposure,1,Number,2020,3.812365154,11.78721655,-0.595920631
1,All Population,3,YLDs (Years Lived with Disability),4849,Delhi,2,Female,15,50-54 years,500,Atrial fibrillation and flutter,91,Lead exposure,1,Number,2020,2.556912108,7.538589734,-0.319032807
1,All Population,3,YLDs (Years Lived with Disability),4849,Delhi,1,Male,15,50-54 years,502,Lower extremity peripheral arterial disease,91,Lead exposure,1,Number,2020,0.027422248,0.107231765,-0.003174178
1,All Population,3,YLDs (Years Lived with Disability),4849,Delhi,2,Female,15,50-54 years,502,Lower extremity peripheral arterial disease,91,Lead exposure,1,Number,2020,0.032767564,0.117597633,-0.002684661
1,All Population,3,YLDs (Years Lived with Disability),4853,Himachal Pradesh,1,Male,15,50-54 years,493,Ischemic heart disease,91,Lead exposure,1,Number,2020,114.6307673,168.7300195,65.98055683
1,All Population,3,YLDs (Years Lived with Disability),4853,Himachal Pradesh,2,Female,15,50-54 years,493,Ischemic heart disease,91,Lead exposure,1,Number,2020,51.83739681,75.89160098,30.20161009
1,All Population,3,YLDs (Years Lived with Disability),4862,Meghalaya,1,Male,15,50-54 years,500,Atrial fibrillation and flutter,91,Lead exposure,1,Number,2023,0.726988934,2.360680037,-0.086914067
1,All Population,3,YLDs (Years Lived with Disability),4862,Meghalaya,2,Female,15,50-54 years,500,Atrial fibrillation and flutter,91,Lead exposure,1,Number,2023,0.579811221,1.710021097,-0.075835232
1,All Population,3,YLDs (Years Lived with Disability),4860,Maharashtra,1,Male,15,50-54 years,500,Atrial fibrillation and flutter,91,Lead exposure,1,Number,2023,33.75143405,100.5666684,-5.167211736
1,All Population,3,YLDs (Years Lived with Disability),4860,Maharashtra,2,Female,15,50-54 years,500,Atrial fibrillation and flutter,91,Lead exposure,1,Number,2023,24.06070755,68.95558532,-3.54131013
1,All Population,3,YLDs (Years Lived with Disability),4864,Nagaland,1,Male,15,50-54 years,493,Ischemic heart disease,380,Particulate matter pollution,1,Number,2023,14.70393371,22.53942084,8.639142262
1,All Population,3,YLDs (Years Lived with Disability),4864,Nagaland,2,Female,15,50-54 years,493,Ischemic heart disease,380,Particulate matter pollution,1,Number,2023,9.876125587,14.72413532,5.554202552
1,All Population,3,YLDs (Years Lived with Disability),4864,Nagaland,1,Male,15,50-54 years,494,Stroke,91,Lead exposure,1,Number,2023,8.366677361,22.53018998,-1.243112901
1,All Population,3,YLDs (Years Lived with Disability),4864,Nagaland,2,Female,15,50-54 years,494,Stroke,91,Lead exposure,1,Number,2023,4.205387039,10.78347828,-0.559365024
1,All Population,3,YLDs (Years Lived with Disability),4860,Maharashtra,1,Male,15,50-54 years,502,Lower extremity peripheral arterial disease,91,Lead exposure,1,Number,2023,0.259378508,0.971216301,-0.035176993
1,All Population,3,YLDs (Years Lived with Disability),4860,Maharashtra,2,Female,15,50-54 years,502,Lower extremity peripheral arterial disease,91,Lead exposure,1,Number,2023,0.307582515,1.001870402,-0.029585779
1,All Population,3,YLDs (Years Lived with Disability),4850,Goa,1,Male,15,50-54 years,494,Stroke,91,Lead exposure,1,Number,2020,6.196529167,15.82235635,-1.126689576
1,All Population,3,YLDs (Years Lived with Disability),4850,Goa,2,Female,15,50-54 years,494,Stroke,91,Lead exposure,1,Number,2020,5.133605401,13.57466222,-0.87196596
1,All Population,3,YLDs (Years Lived with Disability),44538,Other Union Territories,1,Male,15,50-54 years,493,Ischemic heart disease,380,Particulate matter pollution,1,Number,2020,45.56306028,71.0480882,25.78336245
1,All Population,3,YLDs (Years Lived with Disability),44538,Other Union Territories,2,Female,15,50-54 years,493,Ischemic heart disease,380,Particulate matter pollution,1,Number,2020,26.11953571,39.14887567,14.49206381
1,All Population,3,YLDs (Years Lived with Disability),4873,Uttar Pradesh,1,Male,15,50-54 years,494,Stroke,380,Particulate matter pollution,1,Number,2020,5105.358572,7761.013027,2821.808901
1,All Population,3,YLDs (Years Lived with Disability),4873,Uttar Pradesh,2,Female,15,50-54 years,494,Stroke,380,Particulate matter pollution,1,Number,2020,5445.779081,8241.626791,3203.301366
1,All Population,3,YLDs (Years Lived with Disability),4860,Maharashtra,1,Male,15,50-54 years,494,Stroke,380,Particulate matter pollution,1,Number,2020,2687.11546,4086.491263,1463.028432
1,All Population,3,YLDs (Years Lived with Disability),4860,Maharashtra,2,Female,15,50-54 years,494,Stroke,380,Particulate matter pollution,1,Number,2020,2208.931365,3384.154775,1227.129458
1,All Population,3,YLDs (Years Lived with Disability),4864,Nagaland,1,Male,15,50-54 years,498,Hypertensive heart disease,91,Lead exposure,1,Number,2023,0.35170393,0.885741911,0
1,All Population,3,YLDs (Years Lived with Disability),4864,Nagaland,2,Female,15,50-54 years,498,Hypertensive heart disease,91,Lead exposure,1,Number,2023,0.405192075,1.022681495,0
1,All Population,3,YLDs (Years Lived with Disability),4843,Assam,1,Male,15,50-54 years,500,Atrial fibrillation and flutter,91,Lead exposure,1,Number,2020,8.885446906,26.07324779,-1.393167122
1,All Population,3,YLDs (Years Lived with Disability),4843,Assam,2,Female,15,50-54 years,500,Atrial fibrillation and flutter,91,Lead exposure,1,Number,2020,5.944817951,19.92776472,-0.834138765
1,All Population,3,YLDs (Years Lived with Disability),4843,Assam,1,Male,15,50-54 years,502,Lower extremity peripheral arterial disease,91,Lead exposure,1,Number,2020,0.075035507,0.262039729,-0.008367081
1,All Population,3,YLDs (Years Lived with Disability),4843,Assam,2,Female,15,50-54 years,502,Lower extremity peripheral arterial disease,91,Lead exposure,1,Number,2020,0.085329364,0.269086938,-0.009379051
1,All Population,3,YLDs (Years Lived with Disability),4873,Uttar Pradesh,1,Male,15,50-54 years,500,Atrial fibrillation and flutter,91,Lead exposure,1,Number,2020,54.47016886,160.1283215,-7.296618183
1,All Population,3,YLDs (Years Lived with Disability),4873,Uttar Pradesh,2,Female,15,50-54 years,500,Atrial fibrillation and flutter,91,Lead exposure,1,Number,2020,38.60372697,120.5130137,-4.560666021
1,All Population,3,YLDs (Years Lived with Disability),4857,Kerala,1,Male,15,50-54 years,502,Lower extremity peripheral arterial disease,91,Lead exposure,1,Number,2020,0.085188324,0.290779644,-0.008929317
1,All Population,3,YLDs (Years Lived with Disability),4857,Kerala,2,Female,15,50-54 years,502,Lower extremity peripheral arterial disease,91,Lead exposure,1,Number,2020,0.123248989,0.424208552,-0.01103266
1,All Population,3,YLDs (Years Lived with Disability),4860,Maharashtra,1,Male,15,50-54 years,500,Atrial fibrillation and flutter,91,Lead exposure,1,Number,2020,32.17881568,90.21971335,-4.291619754
1,All Population,3,YLDs (Years Lived with Disability),4860,Maharashtra,2,Female,15,50-54 years,500,Atrial fibrillation and flutter,91,Lead exposure,1,Number,2020,23.81939701,72.77068595,-2.972069384
1,All Population,3,YLDs (Years Lived with Disability),4850,Goa,1,Male,15,50-54 years,494,Stroke,380,Particulate matter pollution,1,Number,2021,27.77694455,43.64654763,14.96873705
1,All Population,3,YLDs (Years Lived with Disability),4850,Goa,2,Female,15,50-54 years,494,Stroke,380,Particulate matter pollution,1,Number,2021,28.18019325,43.90376407,15.74649935
1,All Population,3,YLDs (Years Lived with Disability),4846,Chhattisgarh,1,Male,15,50-54 years,502,Lower extremity peripheral arterial disease,91,Lead exposure,1,Number,2021,0.061146168,0.216853025,-0.005312838
1,All Population,3,YLDs (Years Lived with Disability),4846,Chhattisgarh,2,Female,15,50-54 years,502,Lower extremity peripheral arterial disease,91,Lead exposure,1,Number,2021,0.080630568,0.29831305,-0.008887964
1,All Population,3,YLDs (Years Lived with Disability),4856,Karnataka,1,Male,15,50-54 years,493,Ischemic heart disease,91,Lead exposure,1,Number,2023,1072.116462,1564.481473,659.3077484
1,All Population,3,YLDs (Years Lived with Disability),4856,Karnataka,2,Female,15,50-54 years,493,Ischemic heart disease,91,Lead exposure,1,Number,2023,708.3829083,1021.851072,449.5672579
1,All Population,3,YLDs (Years Lived with Disability),4875,West Bengal,1,Male,15,50-54 years,494,Stroke,380,Particulate matter pollution,1,Number,2020,3697.488155,5664.768938,2151.192446
1,All Population,3,YLDs (Years Lived with Disability),4875,West Bengal,2,Female,15,50-54 years,494,Stroke,380,Particulate matter pollution,1,Number,2020,3371.701657,4974.817044,1939.352596
1,All Population,3,YLDs (Years Lived with Disability),4856,Karnataka,1,Male,15,50-54 years,502,Lower extremity peripheral arterial disease,91,Lead exposure,1,Number,2023,0.189458896,0.625374684,-0.019237599
1,All Population,3,YLDs (Years Lived with Disability),4856,Karnataka,2,Female,15,50-54 years,502,Lower extremity peripheral arterial disease,91,Lead exposure,1,Number,2023,0.272603136,0.915170065,-0.028987333
1,All Population,3,YLDs (Years Lived with Disability),4856,Karnataka,1,Male,15,50-54 years,493,Ischemic heart disease,91,Lead exposure,1,Number,2020,1020.545923,1545.21698,647.968584
1,All Population,3,YLDs (Years Lived with Disability),4856,Karnataka,2,Female,15,50-54 years,493,Ischemic heart disease,91,Lead exposure,1,Number,2020,675.8016368,984.3563953,409.8388186
1,All Population,3,YLDs (Years Lived with Disability),4873,Uttar Pradesh,1,Male,15,50-54 years,502,Lower extremity peripheral arterial disease,91,Lead exposure,1,Number,2020,0.52428142,1.717015876,-0.050046779
1,All Population,3,YLDs (Years Lived with Disability),4873,Uttar Pradesh,2,Female,15,50-54 years,502,Lower extremity peripheral arterial disease,91,Lead exposure,1,Number,2020,0.631242254,2.051086516,-0.077883233
1,All Population,3,YLDs (Years Lived with Disability),4844,Bihar,1,Male,15,50-54 years,493,Ischemic heart disease,380,Particulate matter pollution,1,Number,2020,1143.316021,1713.312464,682.4346289
1,All Population,3,YLDs (Years Lived with Disability),4844,Bihar,2,Female,15,50-54 years,493,Ischemic heart disease,380,Particulate matter pollution,1,Number,2020,718.82804,1068.388332,410.4514333
1,All Population,3,YLDs (Years Lived with Disability),4844,Bihar,1,Male,15,50-54 years,494,Stroke,91,Lead exposure,1,Number,2020,317.1551849,798.9819904,-49.15814227
1,All Population,3,YLDs (Years Lived with Disability),4844,Bihar,2,Female,15,50-54 years,494,Stroke,91,Lead exposure,1,Number,2020,249.0227056,692.0889718,-39.17058651
1,All Population,3,YLDs (Years Lived with Disability),4852,Haryana,1,Male,15,50-54 years,493,Ischemic heart disease,380,Particulate matter pollution,1,Number,2020,420.4201731,625.8604623,240.5392725
1,All Population,3,YLDs (Years Lived with Disability),4852,Haryana,2,Female,15,50-54 years,493,Ischemic heart disease,380,Particulate matter pollution,1,Number,2020,235.541043,353.898918,137.7476325
1,All Population,3,YLDs (Years Lived with Disability),4850,Goa,1,Male,15,50-54 years,493,Ischemic heart disease,380,Particulate matter pollution,1,Number,2023,21.73569022,33.08739032,12.0000215
1,All Population,3,YLDs (Years Lived with Disability),4850,Goa,2,Female,15,50-54 years,493,Ischemic heart disease,380,Particulate matter pollution,1,Number,2023,14.39188764,21.48795221,7.984730867
1,All Population,3,YLDs (Years Lived with Disability),4850,Goa,1,Male,15,50-54 years,494,Stroke,91,Lead exposure,1,Number,2023,6.024217741,15.68527259,-1.09853005
1,All Population,3,YLDs (Years Lived with Disability),4850,Goa,2,Female,15,50-54 years,494,Stroke,91,Lead exposure,1,Number,2023,5.230298596,13.73332137,-0.809990668
1,All Population,3,YLDs (Years Lived with Disability),4862,Meghalaya,1,Male,15,50-54 years,493,Ischemic heart disease,380,Particulate matter pollution,1,Number,2020,22.25012556,33.77511205,12.54658099
1,All Population,3,YLDs (Years Lived with Disability),4862,Meghalaya,2,Female,15,50-54 years,493,Ischemic heart disease,380,Particulate matter pollution,1,Number,2020,15.66319071,24.05636212,9.159670682
1,All Population,3,YLDs (Years Lived with Disability),4862,Meghalaya,1,Male,15,50-54 years,494,Stroke,91,Lead exposure,1,Number,2020,9.529444457,25.91152611,-1.660558766
1,All Population,3,YLDs (Years Lived with Disability),4862,Meghalaya,2,Female,15,50-54 years,494,Stroke,91,Lead exposure,1,Number,2020,7.059703009,18.24343713,-1.174025303
1,All Population,3,YLDs (Years Lived with Disability),4867,Punjab,1,Male,15,50-54 years,493,Ischemic heart disease,380,Particulate matter pollution,1,Number,2023,588.9952595,878.5859836,331.4272481
1,All Population,3,YLDs (Years Lived with Disability),4867,Punjab,2,Female,15,50-54 years,493,Ischemic heart disease,380,Particulate matter pollution,1,Number,2023,388.7000066,585.5847637,221.5922187
1,All Population,3,YLDs (Years Lived with Disability),4867,Punjab,1,Male,15,50-54 years,494,Stroke,91,Lead exposure,1,Number,2023,83.93024305,208.4621284,-12.89045594
1,All Population,3,YLDs (Years Lived with Disability),4867,Punjab,2,Female,15,50-54 years,494,Stroke,91,Lead exposure,1,Number,2023,67.09287181,170.792023,-9.985612027
1,All Population,3,YLDs (Years Lived with Disability),4850,Goa,1,Male,15,50-54 years,498,Hypertensive heart disease,91,Lead exposure,1,Number,2023,0.325769791,0.820083968,0
1,All Population,3,YLDs (Years Lived with Disability),4850,Goa,2,Female,15,50-54 years,498,Hypertensive heart disease,91,Lead exposure,1,Number,2023,0.49147148,1.256276894,0
1,All Population,3,YLDs (Years Lived with Disability),4852,Haryana,1,Male,15,50-54 years,494,Stroke,91,Lead exposure,1,Number,2020,113.9894794,280.1911312,-14.89006126
1,All Population,3,YLDs (Years Lived with Disability),4852,Haryana,2,Female,15,50-54 years,494,Stroke,91,Lead exposure,1,Number,2020,84.2138668,212.6202977,-10.2476034
1,All Population,3,YLDs (Years Lived with Disability),4871,Telangana,1,Male,15,50-54 years,493,Ischemic heart disease,91,Lead exposure,1,Number,2023,506.454594,733.8375226,298.3140027
1,All Population,3,YLDs (Years Lived with Disability),4871,Telangana,2,Female,15,50-54 years,493,Ischemic heart disease,91,Lead exposure,1,Number,2023,283.0187101,415.5431143,174.1757124
1,All Population,3,YLDs (Years Lived with Disability),4875,West Bengal,1,Male,15,50-54 years,494,Stroke,380,Particulate matter pollution,1,Number,2023,3702.42675,5759.043309,2081.177962
1,All Population,3,YLDs (Years Lived with Disability),4875,West Bengal,2,Female,15,50-54 years,494,Stroke,380,Particulate matter pollution,1,Number,2023,3564.689916,5264.700283,2046.981248
1,All Population,3,YLDs (Years Lived with Disability),4852,Haryana,1,Male,15,50-54 years,498,Hypertensive heart disease,91,Lead exposure,1,Number,2020,3.832681625,10.03946037,0
1,All Population,3,YLDs (Years Lived with Disability),4852,Haryana,2,Female,15,50-54 years,498,Hypertensive heart disease,91,Lead exposure,1,Number,2020,6.716438465,16.40853875,0
1,All Population,3,YLDs (Years Lived with Disability),4859,Madhya Pradesh,1,Male,15,50-54 years,500,Atrial fibrillation and flutter,91,Lead exposure,1,Number,2023,21.7722665,64.26280488,-3.264773509
1,All Population,3,YLDs (Years Lived with Disability),4859,Madhya Pradesh,2,Female,15,50-54 years,500,Atrial fibrillation and flutter,91,Lead exposure,1,Number,2023,14.76466033,44.80178602,-2.374384702
1,All Population,3,YLDs (Years Lived with Disability),4875,West Bengal,1,Male,15,50-54 years,500,Atrial fibrillation and flutter,91,Lead exposure,1,Number,2020,28.17447836,93.95371214,-4.857734003
1,All Population,3,YLDs (Years Lived with Disability),4875,West Bengal,2,Female,15,50-54 years,500,Atrial fibrillation and flutter,91,Lead exposure,1,Number,2020,22.3760639,74.11718021,-4.402829835
1,All Population,3,YLDs (Years Lived with Disability),4850,Goa,1,Male,15,50-54 years,500,Atrial fibrillation and flutter,91,Lead exposure,1,Number,2021,0.482358254,1.590706961,-0.066839786
1,All Population,3,YLDs (Years Lived with Disability),4850,Goa,2,Female,15,50-54 years,500,Atrial fibrillation and flutter,91,Lead exposure,1,Number,2021,0.381253072,1.20181023,-0.05053173
1,All Population,3,YLDs (Years Lived with Disability),4859,Madhya Pradesh,1,Male,15,50-54 years,502,Lower extremity peripheral arterial disease,91,Lead exposure,1,Number,2023,0.186668562,0.651159996,-0.018247215
1,All Population,3,YLDs (Years Lived with Disability),4859,Madhya Pradesh,2,Female,15,50-54 years,502,Lower extremity peripheral arterial disease,91,Lead exposure,1,Number,2023,0.224063564,0.730315582,-0.028081646
1,All Population,3,YLDs (Years Lived with Disability),4852,Haryana,1,Male,15,50-54 years,493,Ischemic heart disease,380,Particulate matter pollution,1,Number,2023,429.1161564,643.674907,245.4669918
1,All Population,3,YLDs (Years Lived with Disability),4852,Haryana,2,Female,15,50-54 years,493,Ischemic heart disease,380,Particulate matter pollution,1,Number,2023,243.7581111,364.0075093,135.4150403
1,All Population,3,YLDs (Years Lived with Disability),4875,West Bengal,1,Male,15,50-54 years,500,Atrial fibrillation and flutter,91,Lead exposure,1,Number,2023,29.04164656,97.83119746,-4.433486175
1,All Population,3,YLDs (Years Lived with Disability),4875,West Bengal,2,Female,15,50-54 years,500,Atrial fibrillation and flutter,91,Lead exposure,1,Number,2023,22.44520648,70.6935836,-3.332794372
1,All Population,3,YLDs (Years Lived with Disability),4850,Goa,1,Male,15,50-54 years,502,Lower extremity peripheral arterial disease,91,Lead exposure,1,Number,2021,0.003553984,0.012420467,-0.000398627
1,All Population,3,YLDs (Years Lived with Disability),4850,Goa,2,Female,15,50-54 years,502,Lower extremity peripheral arterial disease,91,Lead exposure,1,Number,2021,0.004610909,0.014919189,-0.000587674
1,All Population,3,YLDs (Years Lived with Disability),4859,Madhya Pradesh,1,Male,15,50-54 years,502,Lower extremity peripheral arterial disease,91,Lead exposure,1,Number,2020,0.182943817,0.648897091,-0.020064329
1,All Population,3,YLDs (Years Lived with Disability),4859,Madhya Pradesh,2,Female,15,50-54 years,502,Lower extremity peripheral arterial disease,91,Lead exposure,1,Number,2020,0.215519165,0.781302916,-0.024217695
1,All Population,3,YLDs (Years Lived with Disability),4869,Sikkim,1,Male,15,50-54 years,493,Ischemic heart disease,91,Lead exposure,1,Number,2023,5.504371815,8.049816743,3.292470022
1,All Population,3,YLDs (Years Lived with Disability),4869,Sikkim,2,Female,15,50-54 years,493,Ischemic heart disease,91,Lead exposure,1,Number,2023,3.460964928,5.028759744,2.069899337
1,All Population,3,YLDs (Years Lived with Disability),4875,West Bengal,1,Male,15,50-54 years,502,Lower extremity peripheral arterial disease,91,Lead exposure,1,Number,2023,0.225223112,0.761546801,-0.025752218
1,All Population,3,YLDs (Years Lived with Disability),4875,West Bengal,2,Female,15,50-54 years,502,Lower extremity peripheral arterial disease,91,Lead exposure,1,Number,2023,0.289543756,0.973490692,-0.02959874
1,All Population,3,YLDs (Years Lived with Disability),4865,Odisha,1,Male,15,50-54 years,494,Stroke,91,Lead exposure,1,Number,2020,209.550511,505.7546992,-33.69042032
1,All Population,3,YLDs (Years Lived with Disability),4865,Odisha,2,Female,15,50-54 years,494,Stroke,91,Lead exposure,1,Number,2020,148.7759574,378.3250844,-20.60747884
1,All Population,3,YLDs (Years Lived with Disability),4844,Bihar,1,Male,15,50-54 years,498,Hypertensive heart disease,91,Lead exposure,1,Number,2020,28.05604377,78.20067796,0
1,All Population,3,YLDs (Years Lived with Disability),4844,Bihar,2,Female,15,50-54 years,498,Hypertensive heart disease,91,Lead exposure,1,Number,2020,34.64863869,93.21024467,0
1,All Population,3,YLDs (Years Lived with Disability),4862,Meghalaya,1,Male,15,50-54 years,498,Hypertensive heart disease,91,Lead exposure,1,Number,2020,0.70704668,1.89645635,0
1,All Population,3,YLDs (Years Lived with Disability),4862,Meghalaya,2,Female,15,50-54 years,498,Hypertensive heart disease,91,Lead exposure,1,Number,2020,1.024429109,2.586091656,0
1,All Population,3,YLDs (Years Lived with Disability),4863,Mizoram,1,Male,15,50-54 years,494,Stroke,380,Particulate matter pollution,1,Number,2020,15.38247489,24.93827678,8.23676397
1,All Population,3,YLDs (Years Lived with Disability),4863,Mizoram,2,Female,15,50-54 years,494,Stroke,380,Particulate matter pollution,1,Number,2020,13.61549101,21.07693267,7.407126195
1,All Population,3,YLDs (Years Lived with Disability),4850,Goa,1,Male,15,50-54 years,498,Hypertensive heart disease,91,Lead exposure,1,Number,2020,0.323220415,0.800418257,0
1,All Population,3,YLDs (Years Lived with Disability),4850,Goa,2,Female,15,50-54 years,498,Hypertensive heart disease,91,Lead exposure,1,Number,2020,0.50705235,1.278021862,0
1,All Population,3,YLDs (Years Lived with Disability),4863,Mizoram,1,Male,15,50-54 years,500,Atrial fibrillation and flutter,91,Lead exposure,1,Number,2020,0.307248974,0.97147494,-0.054674253
1,All Population,3,YLDs (Years Lived with Disability),4863,Mizoram,2,Female,15,50-54 years,500,Atrial fibrillation and flutter,91,Lead exposure,1,Number,2020,0.20669999,0.715353947,-0.03386661
1,All Population,3,YLDs (Years Lived with Disability),4843,Assam,1,Male,15,50-54 years,494,Stroke,380,Particulate matter pollution,1,Number,2023,1031.716578,1588.426985,573.4729007
1,All Population,3,YLDs (Years Lived with Disability),4843,Assam,2,Female,15,50-54 years,494,Stroke,380,Particulate matter pollution,1,Number,2023,709.097633,1083.103961,384.4485316
1,All Population,3,YLDs (Years Lived with Disability),4865,Odisha,1,Male,15,50-54 years,493,Ischemic heart disease,380,Particulate matter pollution,1,Number,2023,506.17605,775.8958774,281.5755241
1,All Population,3,YLDs (Years Lived with Disability),4865,Odisha,2,Female,15,50-54 years,493,Ischemic heart disease,380,Particulate matter pollution,1,Number,2023,329.9551378,482.7763161,191.1404842
1,All Population,3,YLDs (Years Lived with Disability),4865,Odisha,1,Male,15,50-54 years,494,Stroke,91,Lead exposure,1,Number,2023,213.3168256,535.276295,-33.71548097
1,All Population,3,YLDs (Years Lived with Disability),4865,Odisha,2,Female,15,50-54 years,494,Stroke,91,Lead exposure,1,Number,2023,152.888056,397.4523034,-24.6478564
1,All Population,3,YLDs (Years Lived with Disability),4873,Uttar Pradesh,1,Male,15,50-54 years,502,Lower extremity peripheral arterial disease,91,Lead exposure,1,Number,2023,0.563023457,1.828374697,-0.067245053
1,All Population,3,YLDs (Years Lived with Disability),4873,Uttar Pradesh,2,Female,15,50-54 years,502,Lower extremity peripheral arterial disease,91,Lead exposure,1,Number,2023,0.649773227,2.073588826,-0.072069813
1,All Population,3,YLDs (Years Lived with Disability),4865,Odisha,1,Male,15,50-54 years,498,Hypertensive heart disease,91,Lead exposure,1,Number,2023,14.99619654,39.94462189,0
1,All Population,3,YLDs (Years Lived with Disability),4865,Odisha,2,Female,15,50-54 years,498,Hypertensive heart disease,91,Lead exposure,1,Number,2023,18.42945841,47.96942052,0
1,All Population,3,YLDs (Years Lived with Disability),4854,Jammu & Kashmir and Ladakh,1,Male,15,50-54 years,493,Ischemic heart disease,380,Particulate matter pollution,1,Number,2021,154.6629397,235.6304974,87.53691541
1,All Population,3,YLDs (Years Lived with Disability),4854,Jammu & Kashmir and Ladakh,2,Female,15,50-54 years,493,Ischemic heart disease,380,Particulate matter pollution,1,Number,2021,98.26142557,149.3120201,58.24946871
1,All Population,3,YLDs (Years Lived with Disability),4854,Jammu & Kashmir and Ladakh,1,Male,15,50-54 years,494,Stroke,91,Lead exposure,1,Number,2021,33.05510187,81.17452474,-5.81541139
1,All Population,3,YLDs (Years Lived with Disability),4854,Jammu & Kashmir and Ladakh,2,Female,15,50-54 years,494,Stroke,91,Lead exposure,1,Number,2021,24.52075588,62.19273739,-3.817337381
1,All Population,3,YLDs (Years Lived with Disability),4863,Mizoram,1,Male,15,50-54 years,498,Hypertensive heart disease,91,Lead exposure,1,Number,2023,0.358702392,0.873275843,0
1,All Population,3,YLDs (Years Lived with Disability),4863,Mizoram,2,Female,15,50-54 years,498,Hypertensive heart disease,91,Lead exposure,1,Number,2023,0.656668372,1.655544327,0
1,All Population,3,YLDs (Years Lived with Disability),4843,Assam,1,Male,15,50-54 years,500,Atrial fibrillation and flutter,91,Lead exposure,1,Number,2023,9.041146095,29.24936317,-1.735213581
1,All Population,3,YLDs (Years Lived with Disability),4843,Assam,2,Female,15,50-54 years,500,Atrial fibrillation and flutter,91,Lead exposure,1,Number,2023,6.207173188,19.08251873,-0.77751263
1,All Population,3,YLDs (Years Lived with Disability),4846,Chhattisgarh,1,Male,15,50-54 years,498,Hypertensive heart disease,91,Lead exposure,1,Number,2023,6.715011081,18.16508281,0
1,All Population,3,YLDs (Years Lived with Disability),4846,Chhattisgarh,2,Female,15,50-54 years,498,Hypertensive heart disease,91,Lead exposure,1,Number,2023,9.013391896,22.91848561,0
1,All Population,3,YLDs (Years Lived with Disability),4854,Jammu & Kashmir and Ladakh,1,Male,15,50-54 years,498,Hypertensive heart disease,91,Lead exposure,1,Number,2021,1.867063564,4.666313898,0
1,All Population,3,YLDs (Years Lived with Disability),4854,Jammu & Kashmir and Ladakh,2,Female,15,50-54 years,498,Hypertensive heart disease,91,Lead exposure,1,Number,2021,2.613346413,6.196264191,0
1,All Population,3,YLDs (Years Lived with Disability),4864,Nagaland,1,Male,15,50-54 years,493,Ischemic heart disease,380,Particulate matter pollution,1,Number,2020,14.38040721,22.46507462,8.357047835
1,All Population,3,YLDs (Years Lived with Disability),4864,Nagaland,2,Female,15,50-54 years,493,Ischemic heart disease,380,Particulate matter pollution,1,Number,2020,9.622472722,14.20283445,5.600011135
1,All Population,3,YLDs (Years Lived with Disability),4864,Nagaland,1,Male,15,50-54 years,494,Stroke,91,Lead exposure,1,Number,2020,8.191940268,20.91737144,-1.220157376
1,All Population,3,YLDs (Years Lived with Disability),4864,Nagaland,2,Female,15,50-54 years,494,Stroke,91,Lead exposure,1,Number,2020,3.966787043,10.16883748,-0.562148534
1,All Population,3,YLDs (Years Lived with Disability),4841,Andhra Pradesh,1,Male,15,50-54 years,502,Lower extremity peripheral arterial disease,91,Lead exposure,1,Number,2021,0.115949745,0.41602575,-0.010936688
1,All Population,3,YLDs (Years Lived with Disability),4841,Andhra Pradesh,2,Female,15,50-54 years,502,Lower extremity peripheral arterial disease,91,Lead exposure,1,Number,2021,0.147350151,0.475533761,-0.010892427
1,All Population,3,YLDs (Years Lived with Disability),4861,Manipur,1,Male,15,50-54 years,494,Stroke,380,Particulate matter pollution,1,Number,2023,76.4591359,122.3026558,41.92161822
1,All Population,3,YLDs (Years Lived with Disability),4861,Manipur,2,Female,15,50-54 years,494,Stroke,380,Particulate matter pollution,1,Number,2023,62.47971811,99.05819383,33.40343762
1,All Population,3,YLDs (Years Lived with Disability),4861,Manipur,1,Male,15,50-54 years,500,Atrial fibrillation and flutter,91,Lead exposure,1,Number,2023,1.072470851,3.261054727,-0.202786512
1,All Population,3,YLDs (Years Lived with Disability),4861,Manipur,2,Female,15,50-54 years,500,Atrial fibrillation and flutter,91,Lead exposure,1,Number,2023,0.787735196,2.803489783,-0.138033028
1,All Population,3,YLDs (Years Lived with Disability),4865,Odisha,1,Male,15,50-54 years,494,Stroke,380,Particulate matter pollution,1,Number,2021,1216.280998,1885.195255,672.6688232
1,All Population,3,YLDs (Years Lived with Disability),4865,Odisha,2,Female,15,50-54 years,494,Stroke,380,Particulate matter pollution,1,Number,2021,1059.051821,1632.441825,613.9400557
1,All Population,3,YLDs (Years Lived with Disability),4865,Odisha,1,Male,15,50-54 years,500,Atrial fibrillation and flutter,91,Lead exposure,1,Number,2021,12.37048738,38.25789902,-1.639304243
1,All Population,3,YLDs (Years Lived with Disability),4865,Odisha,2,Female,15,50-54 years,500,Atrial fibrillation and flutter,91,Lead exposure,1,Number,2021,8.967622362,29.60222225,-1.09473348
1,All Population,3,YLDs (Years Lived with Disability),4865,Odisha,1,Male,15,50-54 years,502,Lower extremity peripheral arterial disease,91,Lead exposure,1,Number,2021,0.107368096,0.387507544,-0.014664978
1,All Population,3,YLDs (Years Lived with Disability),4865,Odisha,2,Female,15,50-54 years,502,Lower extremity peripheral arterial disease,91,Lead exposure,1,Number,2021,0.130289572,0.460419845,-0.019499102
1,All Population,3,YLDs (Years Lived with Disability),4854,Jammu & Kashmir and Ladakh,1,Male,15,50-54 years,493,Ischemic heart disease,91,Lead exposure,1,Number,2023,145.5170546,213.5681887,88.96757324
1,All Population,3,YLDs (Years Lived with Disability),4854,Jammu & Kashmir and Ladakh,2,Female,15,50-54 years,493,Ischemic heart disease,91,Lead exposure,1,Number,2023,86.86311688,125.0224044,51.07578455
1,All Population,3,YLDs (Years Lived with Disability),4843,Assam,1,Male,15,50-54 years,500,Atrial fibrillation and flutter,91,Lead exposure,1,Number,2021,9.07386687,28.96610457,-1.184917365
1,All Population,3,YLDs (Years Lived with Disability),4843,Assam,2,Female,15,50-54 years,500,Atrial fibrillation and flutter,91,Lead exposure,1,Number,2021,6.143626055,20.35118233,-0.968951845
1,All Population,3,YLDs (Years Lived with Disability),4843,Assam,1,Male,15,50-54 years,502,Lower extremity peripheral arterial disease,91,Lead exposure,1,Number,2021,0.073654748,0.243764579,-0.008594983
1,All Population,3,YLDs (Years Lived with Disability),4843,Assam,2,Female,15,50-54 years,502,Lower extremity peripheral arterial disease,91,Lead exposure,1,Number,2021,0.085454891,0.301449961,-0.00890053
1,All Population,3,YLDs (Years Lived with Disability),4865,Odisha,1,Male,15,50-54 years,498,Hypertensive heart disease,91,Lead exposure,1,Number,2020,15.04257066,39.33836049,0
1,All Population,3,YLDs (Years Lived with Disability),4865,Odisha,2,Female,15,50-54 years,498,Hypertensive heart disease,91,Lead exposure,1,Number,2020,18.7955715,51.36951206,0
1,All Population,3,YLDs (Years Lived with Disability),4846,Chhattisgarh,1,Male,15,50-54 years,494,Stroke,380,Particulate matter pollution,1,Number,2020,928.1714321,1451.091086,497.5191703
1,All Population,3,YLDs (Years Lived with Disability),4846,Chhattisgarh,2,Female,15,50-54 years,494,Stroke,380,Particulate matter pollution,1,Number,2020,697.1045297,1031.393801,398.1078733
1,All Population,3,YLDs (Years Lived with Disability),4842,Arunachal Pradesh,1,Male,15,50-54 years,494,Stroke,380,Particulate matter pollution,1,Number,2020,21.72926768,34.50717575,11.0437307
1,All Population,3,YLDs (Years Lived with Disability),4842,Arunachal Pradesh,2,Female,15,50-54 years,494,Stroke,380,Particulate matter pollution,1,Number,2020,16.31063349,26.39194625,9.140374383
1,All Population,3,YLDs (Years Lived with Disability),4846,Chhattisgarh,1,Male,15,50-54 years,494,Stroke,380,Particulate matter pollution,1,Number,2021,941.5923161,1419.511532,541.110669
1,All Population,3,YLDs (Years Lived with Disability),4846,Chhattisgarh,2,Female,15,50-54 years,494,Stroke,380,Particulate matter pollution,1,Number,2021,702.0107553,1073.373451,409.9799138
1,All Population,3,YLDs (Years Lived with Disability),4870,Tamil Nadu,1,Male,15,50-54 years,493,Ischemic heart disease,380,Particulate matter pollution,1,Number,2021,1164.840764,1765.945243,662.4401553
1,All Population,3,YLDs (Years Lived with Disability),4870,Tamil Nadu,2,Female,15,50-54 years,493,Ischemic heart disease,380,Particulate matter pollution,1,Number,2021,673.4317344,1007.545766,396.3997508
1,All Population,3,YLDs (Years Lived with Disability),4870,Tamil Nadu,1,Male,15,50-54 years,494,Stroke,91,Lead exposure,1,Number,2021,440.0236006,1159.308688,-78.93764781
1,All Population,3,YLDs (Years Lived with Disability),4870,Tamil Nadu,2,Female,15,50-54 years,494,Stroke,91,Lead exposure,1,Number,2021,359.0465658,879.6457545,-49.67327096
1,All Population,3,YLDs (Years Lived with Disability),4872,Tripura,1,Male,15,50-54 years,493,Ischemic heart disease,91,Lead exposure,1,Number,2020,47.77766137,69.93748895,28.97035367
1,All Population,3,YLDs (Years Lived with Disability),4872,Tripura,2,Female,15,50-54 years,493,Ischemic heart disease,91,Lead exposure,1,Number,2020,27.12402503,39.10386001,16.6232884
1,All Population,3,YLDs (Years Lived with Disability),4850,Goa,1,Male,15,50-54 years,498,Hypertensive heart disease,91,Lead exposure,1,Number,2021,0.335984202,0.777446538,0
1,All Population,3,YLDs (Years Lived with Disability),4850,Goa,2,Female,15,50-54 years,498,Hypertensive heart disease,91,Lead exposure,1,Number,2021,0.510589248,1.296183762,0
1,All Population,3,YLDs (Years Lived with Disability),4842,Arunachal Pradesh,1,Male,15,50-54 years,500,Atrial fibrillation and flutter,91,Lead exposure,1,Number,2020,0.409164852,1.416316452,-0.063040372
1,All Population,3,YLDs (Years Lived with Disability),4842,Arunachal Pradesh,2,Female,15,50-54 years,500,Atrial fibrillation and flutter,91,Lead exposure,1,Number,2020,0.25113163,0.929657098,-0.039509416
1,All Population,3,YLDs (Years Lived with Disability),4852,Haryana,1,Male,15,50-54 years,494,Stroke,91,Lead exposure,1,Number,2021,116.3484126,297.2279261,-16.75498823
1,All Population,3,YLDs (Years Lived with Disability),4852,Haryana,2,Female,15,50-54 years,494,Stroke,91,Lead exposure,1,Number,2021,88.23789537,224.7436904,-10.89631189
1,All Population,3,YLDs (Years Lived with Disability),4868,Rajasthan,1,Male,15,50-54 years,493,Ischemic heart disease,380,Particulate matter pollution,1,Number,2023,1441.279187,2163.171857,841.0615843
1,All Population,3,YLDs (Years Lived with Disability),4868,Rajasthan,2,Female,15,50-54 years,493,Ischemic heart disease,380,Particulate matter pollution,1,Number,2023,768.1211943,1140.814957,451.5721036
1,All Population,3,YLDs (Years Lived with Disability),4872,Tripura,1,Male,15,50-54 years,502,Lower extremity peripheral arterial disease,91,Lead exposure,1,Number,2023,0.010744303,0.03802008,-0.001250571
1,All Population,3,YLDs (Years Lived with Disability),4872,Tripura,2,Female,15,50-54 years,502,Lower extremity peripheral arterial disease,91,Lead exposure,1,Number,2023,0.012388626,0.042570459,-0.001079322
1,All Population,3,YLDs (Years Lived with Disability),4874,Uttarakhand,1,Male,15,50-54 years,502,Lower extremity peripheral arterial disease,91,Lead exposure,1,Number,2020,0.023477385,0.077349042,-0.002214826
1,All Population,3,YLDs (Years Lived with Disability),4874,Uttarakhand,2,Female,15,50-54 years,502,Lower extremity peripheral arterial disease,91,Lead exposure,1,Number,2020,0.032522191,0.104182246,-0.002956528
1,All Population,3,YLDs (Years Lived with Disability),4863,Mizoram,1,Male,15,50-54 years,502,Lower extremity peripheral arterial disease,91,Lead exposure,1,Number,2021,0.002743013,0.009616183,-0.000324448
1,All Population,3,YLDs (Years Lived with Disability),4863,Mizoram,2,Female,15,50-54 years,502,Lower extremity peripheral arterial disease,91,Lead exposure,1,Number,2021,0.003438699,0.011803662,-0.000368501
1,All Population,3,YLDs (Years Lived with Disability),4846,Chhattisgarh,1,Male,15,50-54 years,500,Atrial fibrillation and flutter,91,Lead exposure,1,Number,2020,7.374953207,21.41011906,-0.981212112
1,All Population,3,YLDs (Years Lived with Disability),4846,Chhattisgarh,2,Female,15,50-54 years,500,Atrial fibrillation and flutter,91,Lead exposure,1,Number,2020,5.272389769,14.94928447,-0.664540792
1,All Population,3,YLDs (Years Lived with Disability),4855,Jharkhand,1,Male,15,50-54 years,502,Lower extremity peripheral arterial disease,91,Lead exposure,1,Number,2020,0.061900107,0.231000304,-0.006627448
1,All Population,3,YLDs (Years Lived with Disability),4855,Jharkhand,2,Female,15,50-54 years,502,Lower extremity peripheral arterial disease,91,Lead exposure,1,Number,2020,0.077114023,0.260667368,-0.007070367
1,All Population,3,YLDs (Years Lived with Disability),4859,Madhya Pradesh,1,Male,15,50-54 years,493,Ischemic heart disease,91,Lead exposure,1,Number,2021,1077.699271,1596.406985,677.0940255
1,All Population,3,YLDs (Years Lived with Disability),4859,Madhya Pradesh,2,Female,15,50-54 years,493,Ischemic heart disease,91,Lead exposure,1,Number,2021,498.0818015,728.1528156,288.6586453
1,All Population,3,YLDs (Years Lived with Disability),4859,Madhya Pradesh,1,Male,15,50-54 years,502,Lower extremity peripheral arterial disease,91,Lead exposure,1,Number,2021,0.183439953,0.593052586,-0.017299985
1,All Population,3,YLDs (Years Lived with Disability),4859,Madhya Pradesh,2,Female,15,50-54 years,502,Lower extremity peripheral arterial disease,91,Lead exposure,1,Number,2021,0.217814759,0.771923367,-0.025099661
1,All Population,3,YLDs (Years Lived with Disability),4852,Haryana,1,Male,15,50-54 years,498,Hypertensive heart disease,91,Lead exposure,1,Number,2021,3.852534837,9.612688156,0
1,All Population,3,YLDs (Years Lived with Disability),4852,Haryana,2,Female,15,50-54 years,498,Hypertensive heart disease,91,Lead exposure,1,Number,2021,7.037077761,16.26953444,0
1,All Population,3,YLDs (Years Lived with Disability),4861,Manipur,1,Male,15,50-54 years,500,Atrial fibrillation and flutter,91,Lead exposure,1,Number,2020,1.028621239,3.078305248,-0.19507109
1,All Population,3,YLDs (Years Lived with Disability),4861,Manipur,2,Female,15,50-54 years,500,Atrial fibrillation and flutter,91,Lead exposure,1,Number,2020,0.760202782,2.366290605,-0.114101356
1,All Population,3,YLDs (Years Lived with Disability),4852,Haryana,1,Male,15,50-54 years,494,Stroke,380,Particulate matter pollution,1,Number,2021,743.1883775,1127.719679,430.1727705
1,All Population,3,YLDs (Years Lived with Disability),4852,Haryana,2,Female,15,50-54 years,494,Stroke,380,Particulate matter pollution,1,Number,2021,695.4381078,1059.913667,404.9536964
1,All Population,3,YLDs (Years Lived with Disability),4872,Tripura,1,Male,15,50-54 years,493,Ischemic heart disease,380,Particulate matter pollution,1,Number,2021,59.89637488,91.00202964,35.18326642
1,All Population,3,YLDs (Years Lived with Disability),4872,Tripura,2,Female,15,50-54 years,493,Ischemic heart disease,380,Particulate matter pollution,1,Number,2021,37.07849305,54.74973442,21.78976076
1,All Population,3,YLDs (Years Lived with Disability),4872,Tripura,1,Male,15,50-54 years,494,Stroke,91,Lead exposure,1,Number,2021,24.74827946,61.16564573,-3.839984
1,All Population,3,YLDs (Years Lived with Disability),4872,Tripura,2,Female,15,50-54 years,494,Stroke,91,Lead exposure,1,Number,2021,15.31360094,39.3502556,-2.183927747
1,All Population,3,YLDs (Years Lived with Disability),4846,Chhattisgarh,1,Male,15,50-54 years,500,Atrial fibrillation and flutter,91,Lead exposure,1,Number,2021,7.44601142,22.99163199,-0.805691089
1,All Population,3,YLDs (Years Lived with Disability),4846,Chhattisgarh,2,Female,15,50-54 years,500,Atrial fibrillation and flutter,91,Lead exposure,1,Number,2021,5.316074487,16.02711699,-0.659249497
1,All Population,3,YLDs (Years Lived with Disability),4870,Tamil Nadu,1,Male,15,50-54 years,493,Ischemic heart disease,91,Lead exposure,1,Number,2023,1532.088394,2227.145578,898.2581205
1,All Population,3,YLDs (Years Lived with Disability),4870,Tamil Nadu,2,Female,15,50-54 years,493,Ischemic heart disease,91,Lead exposure,1,Number,2023,805.0023066,1180.816633,486.4005396
1,All Population,3,YLDs (Years Lived with Disability),4852,Haryana,1,Male,15,50-54 years,500,Atrial fibrillation and flutter,91,Lead exposure,1,Number,2021,6.869397513,23.51934471,-0.947491832
1,All Population,3,YLDs (Years Lived with Disability),4852,Haryana,2,Female,15,50-54 years,500,Atrial fibrillation and flutter,91,Lead exposure,1,Number,2021,4.789847001,14.89249983,-0.653676632
1,All Population,3,YLDs (Years Lived with Disability),4861,Manipur,1,Male,15,50-54 years,502,Lower extremity peripheral arterial disease,91,Lead exposure,1,Number,2020,0.009276646,0.028933848,-0.001027287
1,All Population,3,YLDs (Years Lived with Disability),4861,Manipur,2,Female,15,50-54 years,502,Lower extremity peripheral arterial disease,91,Lead exposure,1,Number,2020,0.011888861,0.038245966,-0.001398125
1,All Population,3,YLDs (Years Lived with Disability),4870,Tamil Nadu,1,Male,15,50-54 years,498,Hypertensive heart disease,91,Lead exposure,1,Number,2021,15.5897207,38.367219,0
1,All Population,3,YLDs (Years Lived with Disability),4870,Tamil Nadu,2,Female,15,50-54 years,498,Hypertensive heart disease,91,Lead exposure,1,Number,2021,28.09383337,69.5633095,0
1,All Population,3,YLDs (Years Lived with Disability),4868,Rajasthan,1,Male,15,50-54 years,494,Stroke,380,Particulate matter pollution,1,Number,2021,1434.145596,2236.307587,810.2009124
1,All Population,3,YLDs (Years Lived with Disability),4868,Rajasthan,2,Female,15,50-54 years,494,Stroke,380,Particulate matter pollution,1,Number,2021,1292.50627,1927.69229,732.4867293
1,All Population,3,YLDs (Years Lived with Disability),44538,Other Union Territories,1,Male,15,50-54 years,502,Lower extremity peripheral arterial disease,91,Lead exposure,1,Number,2023,0.009602657,0.031638094,-0.001399823
1,All Population,3,YLDs (Years Lived with Disability),44538,Other Union Territories,2,Female,15,50-54 years,502,Lower extremity peripheral arterial disease,91,Lead exposure,1,Number,2023,0.011203279,0.036760508,-0.001661671
1,All Population,3,YLDs (Years Lived with Disability),4868,Rajasthan,1,Male,15,50-54 years,500,Atrial fibrillation and flutter,91,Lead exposure,1,Number,2021,11.23409038,34.65837315,-1.4036643
1,All Population,3,YLDs (Years Lived with Disability),4868,Rajasthan,2,Female,15,50-54 years,500,Atrial fibrillation and flutter,91,Lead exposure,1,Number,2021,7.305747356,25.41725566,-1.025168802
1,All Population,3,YLDs (Years Lived with Disability),4861,Manipur,1,Male,15,50-54 years,502,Lower extremity peripheral arterial disease,91,Lead exposure,1,Number,2021,0.009328603,0.029698892,-0.001265175
1,All Population,3,YLDs (Years Lived with Disability),4861,Manipur,2,Female,15,50-54 years,502,Lower extremity peripheral arterial disease,91,Lead exposure,1,Number,2021,0.011857567,0.037732799,-0.001676759
1,All Population,3,YLDs (Years Lived with Disability),4874,Uttarakhand,1,Male,15,50-54 years,500,Atrial fibrillation and flutter,91,Lead exposure,1,Number,2023,2.825199175,9.015289821,-0.374783146
1,All Population,3,YLDs (Years Lived with Disability),4874,Uttarakhand,2,Female,15,50-54 years,500,Atrial fibrillation and flutter,91,Lead exposure,1,Number,2023,2.236314016,6.3174527,-0.28628732
1,All Population,3,YLDs (Years Lived with Disability),4861,Manipur,1,Male,15,50-54 years,493,Ischemic heart disease,91,Lead exposure,1,Number,2021,30.74924791,45.51178689,19.75865251
1,All Population,3,YLDs (Years Lived with Disability),4861,Manipur,2,Female,15,50-54 years,493,Ischemic heart disease,91,Lead exposure,1,Number,2021,21.24151126,30.47394978,12.4368153
1,All Population,3,YLDs (Years Lived with Disability),4856,Karnataka,1,Male,15,50-54 years,493,Ischemic heart disease,380,Particulate matter pollution,1,Number,2021,912.6784656,1351.668521,495.029824
1,All Population,3,YLDs (Years Lived with Disability),4856,Karnataka,2,Female,15,50-54 years,493,Ischemic heart disease,380,Particulate matter pollution,1,Number,2021,622.1429574,936.0693782,356.0275332
1,All Population,3,YLDs (Years Lived with Disability),4874,Uttarakhand,1,Male,15,50-54 years,502,Lower extremity peripheral arterial disease,91,Lead exposure,1,Number,2023,0.022977586,0.075001582,-0.002197737
1,All Population,3,YLDs (Years Lived with Disability),4874,Uttarakhand,2,Female,15,50-54 years,502,Lower extremity peripheral arterial disease,91,Lead exposure,1,Number,2023,0.032140071,0.105115994,-0.002689618
1,All Population,3,YLDs (Years Lived with Disability),4856,Karnataka,1,Male,15,50-54 years,494,Stroke,91,Lead exposure,1,Number,2021,311.6354559,794.4221955,-50.39453335
1,All Population,3,YLDs (Years Lived with Disability),4856,Karnataka,2,Female,15,50-54 years,494,Stroke,91,Lead exposure,1,Number,2021,241.3192236,653.798465,-40.60413206
1,All Population,3,YLDs (Years Lived with Disability),4842,Arunachal Pradesh,1,Male,15,50-54 years,493,Ischemic heart disease,91,Lead exposure,1,Number,2022,12.76191186,18.58642268,7.547215484
1,All Population,3,YLDs (Years Lived with Disability),4842,Arunachal Pradesh,2,Female,15,50-54 years,493,Ischemic heart disease,91,Lead exposure,1,Number,2022,5.819976613,8.479251231,3.640203987
1,All Population,3,YLDs (Years Lived with Disability),4874,Uttarakhand,1,Male,15,50-54 years,493,Ischemic heart disease,91,Lead exposure,1,Number,2021,169.5923115,254.7088835,100.5997825
1,All Population,3,YLDs (Years Lived with Disability),4874,Uttarakhand,2,Female,15,50-54 years,493,Ischemic heart disease,91,Lead exposure,1,Number,2021,86.08197803,126.7224518,52.91142448
1,All Population,3,YLDs (Years Lived with Disability),4842,Arunachal Pradesh,1,Male,15,50-54 years,502,Lower extremity peripheral arterial disease,91,Lead exposure,1,Number,2021,0.002884558,0.010116988,-0.000444952
1,All Population,3,YLDs (Years Lived with Disability),4842,Arunachal Pradesh,2,Female,15,50-54 years,502,Lower extremity peripheral arterial disease,91,Lead exposure,1,Number,2021,0.00350587,0.012415244,-0.000376464
1,All Population,3,YLDs (Years Lived with Disability),4841,Andhra Pradesh,1,Male,15,50-54 years,494,Stroke,380,Particulate matter pollution,1,Number,2021,817.9638511,1259.677065,439.8700546
1,All Population,3,YLDs (Years Lived with Disability),4841,Andhra Pradesh,2,Female,15,50-54 years,494,Stroke,380,Particulate matter pollution,1,Number,2021,783.1749199,1218.345552,427.4253826
1,All Population,3,YLDs (Years Lived with Disability),4841,Andhra Pradesh,1,Male,15,50-54 years,500,Atrial fibrillation and flutter,91,Lead exposure,1,Number,2021,14.38341293,41.08694529,-1.875435016
1,All Population,3,YLDs (Years Lived with Disability),4841,Andhra Pradesh,2,Female,15,50-54 years,500,Atrial fibrillation and flutter,91,Lead exposure,1,Number,2021,10.95211599,32.5834284,-1.461670846
1,All Population,3,YLDs (Years Lived with Disability),4843,Assam,1,Male,15,50-54 years,494,Stroke,380,Particulate matter pollution,1,Number,2021,993.1946843,1523.911476,534.7415584
1,All Population,3,YLDs (Years Lived with Disability),4843,Assam,2,Female,15,50-54 years,494,Stroke,380,Particulate matter pollution,1,Number,2021,661.696663,1014.280599,367.2557713
1,All Population,3,YLDs (Years Lived with Disability),4857,Kerala,1,Male,15,50-54 years,493,Ischemic heart disease,91,Lead exposure,1,Number,2021,615.7283369,886.8678783,375.7589861
1,All Population,3,YLDs (Years Lived with Disability),4857,Kerala,2,Female,15,50-54 years,493,Ischemic heart disease,91,Lead exposure,1,Number,2021,345.5315187,515.5487686,213.9242253
1,All Population,3,YLDs (Years Lived with Disability),4851,Gujarat,1,Male,15,50-54 years,494,Stroke,380,Particulate matter pollution,1,Number,2022,1733.831039,2633.598147,959.8195487
1,All Population,3,YLDs (Years Lived with Disability),4851,Gujarat,2,Female,15,50-54 years,494,Stroke,380,Particulate matter pollution,1,Number,2022,1559.743839,2347.573947,877.0682172
1,All Population,3,YLDs (Years Lived with Disability),4868,Rajasthan,1,Male,15,50-54 years,493,Ischemic heart disease,91,Lead exposure,1,Number,2021,760.3339237,1093.732049,453.402269
1,All Population,3,YLDs (Years Lived with Disability),4868,Rajasthan,2,Female,15,50-54 years,493,Ischemic heart disease,91,Lead exposure,1,Number,2021,326.093739,484.3205935,186.6962195
1,All Population,3,YLDs (Years Lived with Disability),4843,Assam,1,Male,15,50-54 years,498,Hypertensive heart disease,91,Lead exposure,1,Number,2021,10.47847685,27.43897035,0
1,All Population,3,YLDs (Years Lived with Disability),4843,Assam,2,Female,15,50-54 years,498,Hypertensive heart disease,91,Lead exposure,1,Number,2021,10.04697692,24.54820224,0
1,All Population,3,YLDs (Years Lived with Disability),4851,Gujarat,1,Male,15,50-54 years,500,Atrial fibrillation and flutter,91,Lead exposure,1,Number,2022,21.70888013,65.57473153,-2.710660312
1,All Population,3,YLDs (Years Lived with Disability),4851,Gujarat,2,Female,15,50-54 years,500,Atrial fibrillation and flutter,91,Lead exposure,1,Number,2022,17.13909502,53.17615958,-2.100934053
1,All Population,3,YLDs (Years Lived with Disability),4854,Jammu & Kashmir and Ladakh,1,Male,15,50-54 years,493,Ischemic heart disease,91,Lead exposure,1,Number,2021,141.5995631,201.356241,87.73172602
1,All Population,3,YLDs (Years Lived with Disability),4854,Jammu & Kashmir and Ladakh,2,Female,15,50-54 years,493,Ischemic heart disease,91,Lead exposure,1,Number,2021,84.25016479,125.6002397,49.82854952
1,All Population,3,YLDs (Years Lived with Disability),4844,Bihar,1,Male,15,50-54 years,493,Ischemic heart disease,91,Lead exposure,1,Number,2022,1009.810365,1495.830086,598.6111097
1,All Population,3,YLDs (Years Lived with Disability),4844,Bihar,2,Female,15,50-54 years,493,Ischemic heart disease,91,Lead exposure,1,Number,2022,562.8882863,838.5633437,326.2733728
1,All Population,3,YLDs (Years Lived with Disability),4872,Tripura,1,Male,15,50-54 years,500,Atrial fibrillation and flutter,91,Lead exposure,1,Number,2021,1.238823489,3.809903888,-0.14670441
1,All Population,3,YLDs (Years Lived with Disability),4872,Tripura,2,Female,15,50-54 years,500,Atrial fibrillation and flutter,91,Lead exposure,1,Number,2021,0.892643718,2.743844544,-0.11432955
1,All Population,3,YLDs (Years Lived with Disability),4872,Tripura,1,Male,15,50-54 years,502,Lower extremity peripheral arterial disease,91,Lead exposure,1,Number,2021,0.010873709,0.03943212,-0.001118735
1,All Population,3,YLDs (Years Lived with Disability),4872,Tripura,2,Female,15,50-54 years,502,Lower extremity peripheral arterial disease,91,Lead exposure,1,Number,2021,0.012421938,0.041079831,-0.00146164
1,All Population,3,YLDs (Years Lived with Disability),4853,Himachal Pradesh,1,Male,15,50-54 years,494,Stroke,380,Particulate matter pollution,1,Number,2022,142.6658262,221.1175466,73.76106007
1,All Population,3,YLDs (Years Lived with Disability),4853,Himachal Pradesh,2,Female,15,50-54 years,494,Stroke,380,Particulate matter pollution,1,Number,2022,127.7882158,197.8849896,69.66654978
1,All Population,3,YLDs (Years Lived with Disability),4853,Himachal Pradesh,1,Male,15,50-54 years,498,Hypertensive heart disease,91,Lead exposure,1,Number,2022,1.520031282,4.333867064,0
1,All Population,3,YLDs (Years Lived with Disability),4853,Himachal Pradesh,2,Female,15,50-54 years,498,Hypertensive heart disease,91,Lead exposure,1,Number,2022,2.436115143,5.609289083,0
1,All Population,3,YLDs (Years Lived with Disability),4854,Jammu & Kashmir and Ladakh,1,Male,15,50-54 years,502,Lower extremity peripheral arterial disease,91,Lead exposure,1,Number,2021,0.021772731,0.073949831,-0.003347957
1,All Population,3,YLDs (Years Lived with Disability),4854,Jammu & Kashmir and Ladakh,2,Female,15,50-54 years,502,Lower extremity peripheral arterial disease,91,Lead exposure,1,Number,2021,0.027328173,0.093097826,-0.003995259
1,All Population,3,YLDs (Years Lived with Disability),4875,West Bengal,1,Male,15,50-54 years,502,Lower extremity peripheral arterial disease,91,Lead exposure,1,Number,2021,0.229794867,0.732800473,-0.027089434
1,All Population,3,YLDs (Years Lived with Disability),4875,West Bengal,2,Female,15,50-54 years,502,Lower extremity peripheral arterial disease,91,Lead exposure,1,Number,2021,0.290133686,1.005772613,-0.030563192
1,All Population,3,YLDs (Years Lived with Disability),4844,Bihar,1,Male,15,50-54 years,502,Lower extremity peripheral arterial disease,91,Lead exposure,1,Number,2022,0.239446384,0.860614498,-0.026708058
1,All Population,3,YLDs (Years Lived with Disability),4844,Bihar,2,Female,15,50-54 years,502,Lower extremity peripheral arterial disease,91,Lead exposure,1,Number,2022,0.266577579,0.835935643,-0.030418734
1,All Population,3,YLDs (Years Lived with Disability),4869,Sikkim,1,Male,15,50-54 years,493,Ischemic heart disease,380,Particulate matter pollution,1,Number,2021,6.102128491,8.90131758,3.49999116
1,All Population,3,YLDs (Years Lived with Disability),4869,Sikkim,2,Female,15,50-54 years,493,Ischemic heart disease,380,Particulate matter pollution,1,Number,2021,4.185048883,6.23802236,2.480546872
1,All Population,3,YLDs (Years Lived with Disability),4869,Sikkim,1,Male,15,50-54 years,494,Stroke,91,Lead exposure,1,Number,2021,2.361988868,6.10601144,-0.346608748
1,All Population,3,YLDs (Years Lived with Disability),4869,Sikkim,2,Female,15,50-54 years,494,Stroke,91,Lead exposure,1,Number,2021,1.703366648,4.386140537,-0.210490094
1,All Population,3,YLDs (Years Lived with Disability),4856,Karnataka,1,Male,15,50-54 years,500,Atrial fibrillation and flutter,91,Lead exposure,1,Number,2021,23.94812055,70.76768655,-3.085469365
1,All Population,3,YLDs (Years Lived with Disability),4856,Karnataka,2,Female,15,50-54 years,500,Atrial fibrillation and flutter,91,Lead exposure,1,Number,2021,19.34964435,60.09138829,-2.645028441
1,All Population,3,YLDs (Years Lived with Disability),4851,Gujarat,1,Male,15,50-54 years,493,Ischemic heart disease,380,Particulate matter pollution,1,Number,2021,999.8853782,1497.290909,587.3033137
1,All Population,3,YLDs (Years Lived with Disability),4851,Gujarat,2,Female,15,50-54 years,493,Ischemic heart disease,380,Particulate matter pollution,1,Number,2021,566.2348523,827.5212609,330.3307881
1,All Population,3,YLDs (Years Lived with Disability),4851,Gujarat,1,Male,15,50-54 years,494,Stroke,91,Lead exposure,1,Number,2021,361.522998,906.6032144,-59.46519744
1,All Population,3,YLDs (Years Lived with Disability),4851,Gujarat,2,Female,15,50-54 years,494,Stroke,91,Lead exposure,1,Number,2021,295.7016405,777.273978,-50.81085592
1,All Population,3,YLDs (Years Lived with Disability),4859,Madhya Pradesh,1,Male,15,50-54 years,494,Stroke,380,Particulate matter pollution,1,Number,2021,1768.618454,2789.2116,1020.35381
1,All Population,3,YLDs (Years Lived with Disability),4859,Madhya Pradesh,2,Female,15,50-54 years,494,Stroke,380,Particulate matter pollution,1,Number,2021,1501.384752,2255.309293,870.1256032
1,All Population,3,YLDs (Years Lived with Disability),4859,Madhya Pradesh,1,Male,15,50-54 years,500,Atrial fibrillation and flutter,91,Lead exposure,1,Number,2021,20.98132983,62.82617141,-3.155053944
1,All Population,3,YLDs (Years Lived with Disability),4859,Madhya Pradesh,2,Female,15,50-54 years,500,Atrial fibrillation and flutter,91,Lead exposure,1,Number,2021,14.73812514,41.82396936,-2.205943901
1,All Population,3,YLDs (Years Lived with Disability),4851,Gujarat,1,Male,15,50-54 years,498,Hypertensive heart disease,91,Lead exposure,1,Number,2021,13.9050603,34.72432565,0
1,All Population,3,YLDs (Years Lived with Disability),4851,Gujarat,2,Female,15,50-54 years,498,Hypertensive heart disease,91,Lead exposure,1,Number,2021,24.37322867,58.99190206,0
1,All Population,3,YLDs (Years Lived with Disability),4874,Uttarakhand,1,Male,15,50-54 years,494,Stroke,380,Particulate matter pollution,1,Number,2021,245.3461617,377.6950704,130.5314364
1,All Population,3,YLDs (Years Lived with Disability),4874,Uttarakhand,2,Female,15,50-54 years,494,Stroke,380,Particulate matter pollution,1,Number,2021,199.5634531,302.7737462,108.782786
1,All Population,3,YLDs (Years Lived with Disability),4867,Punjab,1,Male,15,50-54 years,493,Ischemic heart disease,380,Particulate matter pollution,1,Number,2021,576.2725572,846.0225072,329.9891139
1,All Population,3,YLDs (Years Lived with Disability),4867,Punjab,2,Female,15,50-54 years,493,Ischemic heart disease,380,Particulate matter pollution,1,Number,2021,385.2157977,558.5080313,233.7520466
1,All Population,3,YLDs (Years Lived with Disability),4867,Punjab,1,Male,15,50-54 years,494,Stroke,91,Lead exposure,1,Number,2021,84.40614229,204.5737004,-13.47812477
1,All Population,3,YLDs (Years Lived with Disability),4867,Punjab,2,Female,15,50-54 years,494,Stroke,91,Lead exposure,1,Number,2021,67.15981691,161.5156752,-10.32766413
1,All Population,3,YLDs (Years Lived with Disability),4873,Uttar Pradesh,1,Male,15,50-54 years,493,Ischemic heart disease,91,Lead exposure,1,Number,2021,2645.24632,3920.870661,1618.711151
1,All Population,3,YLDs (Years Lived with Disability),4873,Uttar Pradesh,2,Female,15,50-54 years,493,Ischemic heart disease,91,Lead exposure,1,Number,2021,1658.089959,2360.122772,1055.195876
1,All Population,3,YLDs (Years Lived with Disability),4856,Karnataka,1,Male,15,50-54 years,502,Lower extremity peripheral arterial disease,91,Lead exposure,1,Number,2021,0.1826513,0.586009554,-0.015977317
1,All Population,3,YLDs (Years Lived with Disability),4856,Karnataka,2,Female,15,50-54 years,502,Lower extremity peripheral arterial disease,91,Lead exposure,1,Number,2021,0.263964496,0.897633486,-0.0269297
1,All Population,3,YLDs (Years Lived with Disability),44538,Other Union Territories,1,Male,15,50-54 years,494,Stroke,380,Particulate matter pollution,1,Number,2021,51.65816506,80.61845182,27.13531813
1,All Population,3,YLDs (Years Lived with Disability),44538,Other Union Territories,2,Female,15,50-54 years,494,Stroke,380,Particulate matter pollution,1,Number,2021,47.88197536,76.09844072,23.98357406
1,All Population,3,YLDs (Years Lived with Disability),4871,Telangana,1,Male,15,50-54 years,493,Ischemic heart disease,380,Particulate matter pollution,1,Number,2021,479.1366241,740.6704287,263.5070135
1,All Population,3,YLDs (Years Lived with Disability),4871,Telangana,2,Female,15,50-54 years,493,Ischemic heart disease,380,Particulate matter pollution,1,Number,2021,303.6558348,474.8542588,177.3024001
1,All Population,3,YLDs (Years Lived with Disability),4871,Telangana,1,Male,15,50-54 years,494,Stroke,91,Lead exposure,1,Number,2021,119.1589779,286.4943869,-17.07652827
1,All Population,3,YLDs (Years Lived with Disability),4871,Telangana,2,Female,15,50-54 years,494,Stroke,91,Lead exposure,1,Number,2021,80.73264724,192.920757,-10.58436465
1,All Population,3,YLDs (Years Lived with Disability),4865,Odisha,1,Male,15,50-54 years,493,Ischemic heart disease,380,Particulate matter pollution,1,Number,2021,490.6041824,751.7064585,286.1417446
1,All Population,3,YLDs (Years Lived with Disability),4865,Odisha,2,Female,15,50-54 years,493,Ischemic heart disease,380,Particulate matter pollution,1,Number,2021,323.7501455,482.9765057,188.5412316
1,All Population,3,YLDs (Years Lived with Disability),4873,Uttar Pradesh,1,Male,15,50-54 years,493,Ischemic heart disease,380,Particulate matter pollution,1,Number,2021,3180.216146,4745.332961,1793.99952
1,All Population,3,YLDs (Years Lived with Disability),4873,Uttar Pradesh,2,Female,15,50-54 years,493,Ischemic heart disease,380,Particulate matter pollution,1,Number,2021,2122.414609,3154.735894,1213.537808
1,All Population,3,YLDs (Years Lived with Disability),44538,Other Union Territories,1,Male,15,50-54 years,494,Stroke,91,Lead exposure,1,Number,2021,13.17245861,33.07681287,-2.689094215
1,All Population,3,YLDs (Years Lived with Disability),44538,Other Union Territories,2,Female,15,50-54 years,494,Stroke,91,Lead exposure,1,Number,2021,10.08275609,23.95639226,-1.756138457
1,All Population,3,YLDs (Years Lived with Disability),4874,Uttarakhand,1,Male,15,50-54 years,500,Atrial fibrillation and flutter,91,Lead exposure,1,Number,2021,2.875672601,9.164400984,-0.425485491
1,All Population,3,YLDs (Years Lived with Disability),4874,Uttarakhand,2,Female,15,50-54 years,500,Atrial fibrillation and flutter,91,Lead exposure,1,Number,2021,2.176669817,6.510578877,-0.273717532
1,All Population,3,YLDs (Years Lived with Disability),4850,Goa,1,Male,15,50-54 years,493,Ischemic heart disease,380,Particulate matter pollution,1,Number,2021,21.39689543,31.17955982,12.22677269
1,All Population,3,YLDs (Years Lived with Disability),4850,Goa,2,Female,15,50-54 years,493,Ischemic heart disease,380,Particulate matter pollution,1,Number,2021,14.09932039,21.38631994,8.042263855
1,All Population,3,YLDs (Years Lived with Disability),4864,Nagaland,1,Male,15,50-54 years,494,Stroke,380,Particulate matter pollution,1,Number,2021,39.55552443,59.75916666,21.38538446
1,All Population,3,YLDs (Years Lived with Disability),4864,Nagaland,2,Female,15,50-54 years,494,Stroke,380,Particulate matter pollution,1,Number,2021,24.35926751,38.08224437,14.22501438
1,All Population,3,YLDs (Years Lived with Disability),4864,Nagaland,1,Male,15,50-54 years,498,Hypertensive heart disease,91,Lead exposure,1,Number,2021,0.353822858,0.948276591,0
1,All Population,3,YLDs (Years Lived with Disability),4864,Nagaland,2,Female,15,50-54 years,498,Hypertensive heart disease,91,Lead exposure,1,Number,2021,0.396295431,0.979200136,0
1,All Population,3,YLDs (Years Lived with Disability),44538,Other Union Territories,1,Male,15,50-54 years,498,Hypertensive heart disease,91,Lead exposure,1,Number,2021,0.719558425,1.638431415,0
1,All Population,3,YLDs (Years Lived with Disability),44538,Other Union Territories,2,Female,15,50-54 years,498,Hypertensive heart disease,91,Lead exposure,1,Number,2021,1.169024806,2.774591502,0
1,All Population,3,YLDs (Years Lived with Disability),4863,Mizoram,1,Male,15,50-54 years,493,Ischemic heart disease,380,Particulate matter pollution,1,Number,2021,7.123585595,10.91398152,3.916429314
1,All Population,3,YLDs (Years Lived with Disability),4863,Mizoram,2,Female,15,50-54 years,493,Ischemic heart disease,380,Particulate matter pollution,1,Number,2021,4.290442303,6.446677917,2.400082248
1,All Population,3,YLDs (Years Lived with Disability),4863,Mizoram,1,Male,15,50-54 years,494,Stroke,91,Lead exposure,1,Number,2021,3.565144846,9.610244449,-0.650233307
1,All Population,3,YLDs (Years Lived with Disability),4863,Mizoram,2,Female,15,50-54 years,494,Stroke,91,Lead exposure,1,Number,2021,2.380423243,6.379976208,-0.379131753
1,All Population,3,YLDs (Years Lived with Disability),4867,Punjab,1,Male,15,50-54 years,498,Hypertensive heart disease,91,Lead exposure,1,Number,2021,3.178598846,8.122148523,0
1,All Population,3,YLDs (Years Lived with Disability),4867,Punjab,2,Female,15,50-54 years,498,Hypertensive heart disease,91,Lead exposure,1,Number,2021,5.113029827,13.36004394,0
1,All Population,3,YLDs (Years Lived with Disability),4870,Tamil Nadu,1,Male,15,50-54 years,493,Ischemic heart disease,91,Lead exposure,1,Number,2021,1513.227795,2240.264671,901.0277175
1,All Population,3,YLDs (Years Lived with Disability),4870,Tamil Nadu,2,Female,15,50-54 years,493,Ischemic heart disease,91,Lead exposure,1,Number,2021,799.1861808,1177.093749,483.2553355
1,All Population,3,YLDs (Years Lived with Disability),4870,Tamil Nadu,1,Male,15,50-54 years,502,Lower extremity peripheral arterial disease,91,Lead exposure,1,Number,2021,0.25051051,0.845119234,-0.030067566
1,All Population,3,YLDs (Years Lived with Disability),4870,Tamil Nadu,2,Female,15,50-54 years,502,Lower extremity peripheral arterial disease,91,Lead exposure,1,Number,2021,0.340275813,0.997490077,-0.034171155
1,All Population,3,YLDs (Years Lived with Disability),4852,Haryana,1,Male,15,50-54 years,493,Ischemic heart disease,91,Lead exposure,1,Number,2021,318.3902174,456.9175004,195.6627429
1,All Population,3,YLDs (Years Lived with Disability),4852,Haryana,2,Female,15,50-54 years,493,Ischemic heart disease,91,Lead exposure,1,Number,2021,161.6188214,236.7792566,94.22919828
1,All Population,3,YLDs (Years Lived with Disability),4855,Jharkhand,1,Male,15,50-54 years,493,Ischemic heart disease,91,Lead exposure,1,Number,2021,190.3250736,273.3607729,118.7840269
1,All Population,3,YLDs (Years Lived with Disability),4855,Jharkhand,2,Female,15,50-54 years,493,Ischemic heart disease,91,Lead exposure,1,Number,2021,152.4803719,224.5173674,91.36207345
1,All Population,3,YLDs (Years Lived with Disability),4863,Mizoram,1,Male,15,50-54 years,498,Hypertensive heart disease,91,Lead exposure,1,Number,2021,0.369430621,0.91198202,0
1,All Population,3,YLDs (Years Lived with Disability),4863,Mizoram,2,Female,15,50-54 years,498,Hypertensive heart disease,91,Lead exposure,1,Number,2021,0.656051146,1.689102854,0
1,All Population,3,YLDs (Years Lived with Disability),4855,Jharkhand,1,Male,15,50-54 years,493,Ischemic heart disease,380,Particulate matter pollution,1,Number,2022,237.4327441,355.2615833,134.7289928
1,All Population,3,YLDs (Years Lived with Disability),4855,Jharkhand,2,Female,15,50-54 years,493,Ischemic heart disease,380,Particulate matter pollution,1,Number,2022,206.846377,307.4879212,115.1480845
1,All Population,3,YLDs (Years Lived with Disability),4849,Delhi,1,Male,15,50-54 years,494,Stroke,380,Particulate matter pollution,1,Number,2021,358.267807,566.6491562,193.7756097
1,All Population,3,YLDs (Years Lived with Disability),4849,Delhi,2,Female,15,50-54 years,494,Stroke,380,Particulate matter pollution,1,Number,2021,378.5102358,559.762405,203.0915715
1,All Population,3,YLDs (Years Lived with Disability),4849,Delhi,1,Male,15,50-54 years,498,Hypertensive heart disease,91,Lead exposure,1,Number,2021,2.254446556,6.461245556,0
1,All Population,3,YLDs (Years Lived with Disability),4849,Delhi,2,Female,15,50-54 years,498,Hypertensive heart disease,91,Lead exposure,1,Number,2021,3.30108569,8.994183323,0
1,All Population,3,YLDs (Years Lived with Disability),44538,Other Union Territories,1,Male,15,50-54 years,500,Atrial fibrillation and flutter,91,Lead exposure,1,Number,2021,1.152248298,4.245752874,-0.166952187
1,All Population,3,YLDs (Years Lived with Disability),44538,Other Union Territories,2,Female,15,50-54 years,500,Atrial fibrillation and flutter,91,Lead exposure,1,Number,2021,0.773081656,2.502553011,-0.133598381
1,All Population,3,YLDs (Years Lived with Disability),44538,Other Union Territories,1,Male,15,50-54 years,502,Lower extremity peripheral arterial disease,91,Lead exposure,1,Number,2021,0.009605595,0.030128517,-0.001468837
1,All Population,3,YLDs (Years Lived with Disability),44538,Other Union Territories,2,Female,15,50-54 years,502,Lower extremity peripheral arterial disease,91,Lead exposure,1,Number,2021,0.011376878,0.036900612,-0.001577009
1,All Population,3,YLDs (Years Lived with Disability),4841,Andhra Pradesh,1,Male,15,50-54 years,493,Ischemic heart disease,91,Lead exposure,1,Number,2022,765.5456305,1128.4308,457.8735793
1,All Population,3,YLDs (Years Lived with Disability),4841,Andhra Pradesh,2,Female,15,50-54 years,493,Ischemic heart disease,91,Lead exposure,1,Number,2022,417.5521965,598.1874576,246.7459341
1,All Population,3,YLDs (Years Lived with Disability),4846,Chhattisgarh,1,Male,15,50-54 years,493,Ischemic heart disease,380,Particulate matter pollution,1,Number,2021,436.0037009,654.6301578,249.5843008
1,All Population,3,YLDs (Years Lived with Disability),4846,Chhattisgarh,2,Female,15,50-54 years,493,Ischemic heart disease,380,Particulate matter pollution,1,Number,2021,259.049683,385.8942313,151.3201522
1,All Population,3,YLDs (Years Lived with Disability),4846,Chhattisgarh,1,Male,15,50-54 years,494,Stroke,91,Lead exposure,1,Number,2021,149.359394,376.6175425,-22.65333014
1,All Population,3,YLDs (Years Lived with Disability),4846,Chhattisgarh,2,Female,15,50-54 years,494,Stroke,91,Lead exposure,1,Number,2021,91.56320426,246.2835384,-14.26191597
1,All Population,3,YLDs (Years Lived with Disability),4844,Bihar,1,Male,15,50-54 years,494,Stroke,380,Particulate matter pollution,1,Number,2021,1848.267249,2836.741541,1041.951593
1,All Population,3,YLDs (Years Lived with Disability),4844,Bihar,2,Female,15,50-54 years,494,Stroke,380,Particulate matter pollution,1,Number,2021,1686.775374,2580.965326,1002.56035
1,All Population,3,YLDs (Years Lived with Disability),4855,Jharkhand,1,Male,15,50-54 years,494,Stroke,91,Lead exposure,1,Number,2022,112.6430507,286.3707928,-16.85376993
1,All Population,3,YLDs (Years Lived with Disability),4855,Jharkhand,2,Female,15,50-54 years,494,Stroke,91,Lead exposure,1,Number,2022,108.3098583,274.1826246,-19.24256568
1,All Population,3,YLDs (Years Lived with Disability),4855,Jharkhand,1,Male,15,50-54 years,498,Hypertensive heart disease,91,Lead exposure,1,Number,2022,6.406491547,16.96815304,0
1,All Population,3,YLDs (Years Lived with Disability),4855,Jharkhand,2,Female,15,50-54 years,498,Hypertensive heart disease,91,Lead exposure,1,Number,2022,9.212453504,23.877562,0
1,All Population,3,YLDs (Years Lived with Disability),4844,Bihar,1,Male,15,50-54 years,500,Atrial fibrillation and flutter,91,Lead exposure,1,Number,2021,27.49283854,92.95235967,-3.907211565
1,All Population,3,YLDs (Years Lived with Disability),4844,Bihar,2,Female,15,50-54 years,500,Atrial fibrillation and flutter,91,Lead exposure,1,Number,2021,18.63028243,66.60863986,-2.391126812
1,All Population,3,YLDs (Years Lived with Disability),4861,Manipur,1,Male,15,50-54 years,494,Stroke,380,Particulate matter pollution,1,Number,2021,72.77767372,115.9454794,40.52786205
1,All Population,3,YLDs (Years Lived with Disability),4861,Manipur,2,Female,15,50-54 years,494,Stroke,380,Particulate matter pollution,1,Number,2021,58.56472038,93.52789742,31.54935124
1,All Population,3,YLDs (Years Lived with Disability),4861,Manipur,1,Male,15,50-54 years,498,Hypertensive heart disease,91,Lead exposure,1,Number,2021,0.986979235,2.607164654,0
1,All Population,3,YLDs (Years Lived with Disability),4861,Manipur,2,Female,15,50-54 years,498,Hypertensive heart disease,91,Lead exposure,1,Number,2021,1.400525787,3.33112859,0
1,All Population,3,YLDs (Years Lived with Disability),4871,Telangana,1,Male,15,50-54 years,493,Ischemic heart disease,380,Particulate matter pollution,1,Number,2022,475.7133217,725.0701979,265.7425449
1,All Population,3,YLDs (Years Lived with Disability),4871,Telangana,2,Female,15,50-54 years,493,Ischemic heart disease,380,Particulate matter pollution,1,Number,2022,301.4189609,445.9066929,178.1426177
1,All Population,3,YLDs (Years Lived with Disability),4871,Telangana,1,Male,15,50-54 years,494,Stroke,91,Lead exposure,1,Number,2022,121.1711737,294.6628505,-18.37340473
1,All Population,3,YLDs (Years Lived with Disability),4871,Telangana,2,Female,15,50-54 years,494,Stroke,91,Lead exposure,1,Number,2022,82.35166309,212.0837398,-12.21712205
1,All Population,3,YLDs (Years Lived with Disability),4864,Nagaland,1,Male,15,50-54 years,500,Atrial fibrillation and flutter,91,Lead exposure,1,Number,2022,0.452138284,1.610765423,-0.053456259
1,All Population,3,YLDs (Years Lived with Disability),4864,Nagaland,2,Female,15,50-54 years,500,Atrial fibrillation and flutter,91,Lead exposure,1,Number,2022,0.297494431,1.096366238,-0.038274754
1,All Population,3,YLDs (Years Lived with Disability),4857,Kerala,1,Male,15,50-54 years,493,Ischemic heart disease,380,Particulate matter pollution,1,Number,2022,520.6348885,817.2853258,291.002822
1,All Population,3,YLDs (Years Lived with Disability),4857,Kerala,2,Female,15,50-54 years,493,Ischemic heart disease,380,Particulate matter pollution,1,Number,2022,325.0853594,493.412273,186.8581334
1,All Population,3,YLDs (Years Lived with Disability),4853,Himachal Pradesh,1,Male,15,50-54 years,493,Ischemic heart disease,380,Particulate matter pollution,1,Number,2021,125.3029609,191.9821466,69.85009089
1,All Population,3,YLDs (Years Lived with Disability),4853,Himachal Pradesh,2,Female,15,50-54 years,493,Ischemic heart disease,380,Particulate matter pollution,1,Number,2021,64.04694761,95.96743949,37.57774457
1,All Population,3,YLDs (Years Lived with Disability),4860,Maharashtra,1,Male,15,50-54 years,502,Lower extremity peripheral arterial disease,91,Lead exposure,1,Number,2021,0.264329623,0.902914415,-0.025805378
1,All Population,3,YLDs (Years Lived with Disability),4860,Maharashtra,2,Female,15,50-54 years,502,Lower extremity peripheral arterial disease,91,Lead exposure,1,Number,2021,0.3194084,1.263491152,-0.033884559
1,All Population,3,YLDs (Years Lived with Disability),4853,Himachal Pradesh,1,Male,15,50-54 years,494,Stroke,91,Lead exposure,1,Number,2021,27.14793131,76.70476765,-5.258448889
1,All Population,3,YLDs (Years Lived with Disability),4853,Himachal Pradesh,2,Female,15,50-54 years,494,Stroke,91,Lead exposure,1,Number,2021,20.12369542,54.6510853,-3.660458228
1,All Population,3,YLDs (Years Lived with Disability),4871,Telangana,1,Male,15,50-54 years,493,Ischemic heart disease,91,Lead exposure,1,Number,2021,501.2185352,728.9642224,297.6501324
1,All Population,3,YLDs (Years Lived with Disability),4871,Telangana,2,Female,15,50-54 years,493,Ischemic heart disease,91,Lead exposure,1,Number,2021,278.0388359,402.7611082,169.9809418
1,All Population,3,YLDs (Years Lived with Disability),4871,Telangana,1,Male,15,50-54 years,498,Hypertensive heart disease,91,Lead exposure,1,Number,2022,5.496240862,14.59625462,0
1,All Population,3,YLDs (Years Lived with Disability),4871,Telangana,2,Female,15,50-54 years,498,Hypertensive heart disease,91,Lead exposure,1,Number,2022,10.12165758,25.10268274,0
1,All Population,3,YLDs (Years Lived with Disability),4867,Punjab,1,Male,15,50-54 years,494,Stroke,380,Particulate matter pollution,1,Number,2022,618.0992497,938.6241816,337.661557
1,All Population,3,YLDs (Years Lived with Disability),4867,Punjab,2,Female,15,50-54 years,494,Stroke,380,Particulate matter pollution,1,Number,2022,558.0814031,860.6424503,302.7770492
1,All Population,3,YLDs (Years Lived with Disability),4862,Meghalaya,1,Male,15,50-54 years,494,Stroke,380,Particulate matter pollution,1,Number,2021,47.79738161,71.37325311,27.15062649
1,All Population,3,YLDs (Years Lived with Disability),4862,Meghalaya,2,Female,15,50-54 years,494,Stroke,380,Particulate matter pollution,1,Number,2021,42.76933614,66.26951631,22.67765163
1,All Population,3,YLDs (Years Lived with Disability),4846,Chhattisgarh,1,Male,15,50-54 years,498,Hypertensive heart disease,91,Lead exposure,1,Number,2021,6.813489901,17.26843725,0
1,All Population,3,YLDs (Years Lived with Disability),4846,Chhattisgarh,2,Female,15,50-54 years,498,Hypertensive heart disease,91,Lead exposure,1,Number,2021,8.947269046,21.99119234,0
1,All Population,3,YLDs (Years Lived with Disability),4869,Sikkim,1,Male,15,50-54 years,494,Stroke,380,Particulate matter pollution,1,Number,2022,11.72096755,18.68833099,6.174124053
1,All Population,3,YLDs (Years Lived with Disability),4869,Sikkim,2,Female,15,50-54 years,494,Stroke,380,Particulate matter pollution,1,Number,2022,10.29808485,16.73520701,5.264961649
1,All Population,3,YLDs (Years Lived with Disability),4862,Meghalaya,1,Male,15,50-54 years,500,Atrial fibrillation and flutter,91,Lead exposure,1,Number,2021,0.723146582,2.124165014,-0.107210655
1,All Population,3,YLDs (Years Lived with Disability),4862,Meghalaya,2,Female,15,50-54 years,500,Atrial fibrillation and flutter,91,Lead exposure,1,Number,2021,0.581351935,1.924382822,-0.070091884
1,All Population,3,YLDs (Years Lived with Disability),4849,Delhi,1,Male,15,50-54 years,500,Atrial fibrillation and flutter,91,Lead exposure,1,Number,2022,3.834583181,11.16079048,-0.448625138
1,All Population,3,YLDs (Years Lived with Disability),4849,Delhi,2,Female,15,50-54 years,500,Atrial fibrillation and flutter,91,Lead exposure,1,Number,2022,2.639969824,8.674281688,-0.315168088
1,All Population,3,YLDs (Years Lived with Disability),4849,Delhi,1,Male,15,50-54 years,502,Lower extremity peripheral arterial disease,91,Lead exposure,1,Number,2022,0.02713042,0.094242476,-0.002156925
1,All Population,3,YLDs (Years Lived with Disability),4849,Delhi,2,Female,15,50-54 years,502,Lower extremity peripheral arterial disease,91,Lead exposure,1,Number,2022,0.032406277,0.109085058,-0.002738926
1,All Population,3,YLDs (Years Lived with Disability),4860,Maharashtra,1,Male,15,50-54 years,493,Ischemic heart disease,91,Lead exposure,1,Number,2022,1293.356435,1915.922676,799.8721229
1,All Population,3,YLDs (Years Lived with Disability),4860,Maharashtra,2,Female,15,50-54 years,493,Ischemic heart disease,91,Lead exposure,1,Number,2022,756.4374397,1112.181668,453.8625911
1,All Population,3,YLDs (Years Lived with Disability),4867,Punjab,1,Male,15,50-54 years,500,Atrial fibrillation and flutter,91,Lead exposure,1,Number,2022,7.035097215,21.40000748,-0.985951026
1,All Population,3,YLDs (Years Lived with Disability),4867,Punjab,2,Female,15,50-54 years,500,Atrial fibrillation and flutter,91,Lead exposure,1,Number,2022,5.694364529,16.99878323,-0.73758689
1,All Population,3,YLDs (Years Lived with Disability),44538,Other Union Territories,1,Male,15,50-54 years,494,Stroke,380,Particulate matter pollution,1,Number,2022,52.92903743,83.43685676,27.28118461
1,All Population,3,YLDs (Years Lived with Disability),44538,Other Union Territories,2,Female,15,50-54 years,494,Stroke,380,Particulate matter pollution,1,Number,2022,50.27485607,79.51902566,26.30746358
1,All Population,3,YLDs (Years Lived with Disability),4862,Meghalaya,1,Male,15,50-54 years,493,Ischemic heart disease,91,Lead exposure,1,Number,2022,20.82657423,31.10001909,12.32885275
1,All Population,3,YLDs (Years Lived with Disability),4862,Meghalaya,2,Female,15,50-54 years,493,Ischemic heart disease,91,Lead exposure,1,Number,2022,13.62838405,19.93711878,8.380341431
1,All Population,3,YLDs (Years Lived with Disability),4875,West Bengal,1,Male,15,50-54 years,493,Ischemic heart disease,91,Lead exposure,1,Number,2022,1267.373802,1880.208,764.3619222
1,All Population,3,YLDs (Years Lived with Disability),4875,West Bengal,2,Female,15,50-54 years,493,Ischemic heart disease,91,Lead exposure,1,Number,2022,834.4587324,1210.220757,503.3545635
1,All Population,3,YLDs (Years Lived with Disability),4869,Sikkim,1,Male,15,50-54 years,498,Hypertensive heart disease,91,Lead exposure,1,Number,2022,0.129077791,0.354910068,0
1,All Population,3,YLDs (Years Lived with Disability),4869,Sikkim,2,Female,15,50-54 years,498,Hypertensive heart disease,91,Lead exposure,1,Number,2022,0.149405871,0.355225066,0
1,All Population,3,YLDs (Years Lived with Disability),4862,Meghalaya,1,Male,15,50-54 years,502,Lower extremity peripheral arterial disease,91,Lead exposure,1,Number,2022,0.005969544,0.019099204,-0.000733052
1,All Population,3,YLDs (Years Lived with Disability),4862,Meghalaya,2,Female,15,50-54 years,502,Lower extremity peripheral arterial disease,91,Lead exposure,1,Number,2022,0.007620227,0.024379232,-0.000853522
1,All Population,3,YLDs (Years Lived with Disability),4873,Uttar Pradesh,1,Male,15,50-54 years,493,Ischemic heart disease,380,Particulate matter pollution,1,Number,2022,3295.115486,4896.563001,1924.459687
1,All Population,3,YLDs (Years Lived with Disability),4873,Uttar Pradesh,2,Female,15,50-54 years,493,Ischemic heart disease,380,Particulate matter pollution,1,Number,2022,2167.826372,3288.02396,1277.480037
1,All Population,3,YLDs (Years Lived with Disability),4841,Andhra Pradesh,1,Male,15,50-54 years,494,Stroke,380,Particulate matter pollution,1,Number,2014,781.8210596,1205.05715,454.2766188
1,All Population,3,YLDs (Years Lived with Disability),4841,Andhra Pradesh,2,Female,15,50-54 years,494,Stroke,380,Particulate matter pollution,1,Number,2014,718.557897,1089.577638,397.6543425
1,All Population,3,YLDs (Years Lived with Disability),4864,Nagaland,1,Male,15,50-54 years,502,Lower extremity peripheral arterial disease,91,Lead exposure,1,Number,2022,0.002794408,0.010371156,-0.000373509
1,All Population,3,YLDs (Years Lived with Disability),4864,Nagaland,2,Female,15,50-54 years,502,Lower extremity peripheral arterial disease,91,Lead exposure,1,Number,2022,0.002860394,0.008785531,-0.000307597
1,All Population,3,YLDs (Years Lived with Disability),4841,Andhra Pradesh,1,Male,15,50-54 years,500,Atrial fibrillation and flutter,91,Lead exposure,1,Number,2014,13.57858879,40.5840278,-1.690131283
1,All Population,3,YLDs (Years Lived with Disability),4841,Andhra Pradesh,2,Female,15,50-54 years,500,Atrial fibrillation and flutter,91,Lead exposure,1,Number,2014,10.27862755,29.6477015,-1.224148905
1,All Population,3,YLDs (Years Lived with Disability),4841,Andhra Pradesh,1,Male,15,50-54 years,502,Lower extremity peripheral arterial disease,91,Lead exposure,1,Number,2014,0.11741061,0.461532412,-0.011233106
1,All Population,3,YLDs (Years Lived with Disability),4841,Andhra Pradesh,2,Female,15,50-54 years,502,Lower extremity peripheral arterial disease,91,Lead exposure,1,Number,2014,0.141355356,0.48626737,-0.015060743
1,All Population,3,YLDs (Years Lived with Disability),44538,Other Union Territories,1,Male,15,50-54 years,500,Atrial fibrillation and flutter,91,Lead exposure,1,Number,2022,1.113262119,3.471808108,-0.19340546
1,All Population,3,YLDs (Years Lived with Disability),44538,Other Union Territories,2,Female,15,50-54 years,500,Atrial fibrillation and flutter,91,Lead exposure,1,Number,2022,0.774567636,2.294223619,-0.125181638
1,All Population,3,YLDs (Years Lived with Disability),4843,Assam,1,Male,15,50-54 years,493,Ischemic heart disease,91,Lead exposure,1,Number,2022,311.7787088,452.4031852,183.504182
1,All Population,3,YLDs (Years Lived with Disability),4843,Assam,2,Female,15,50-54 years,493,Ischemic heart disease,91,Lead exposure,1,Number,2022,170.364824,253.1536098,101.5117908
1,All Population,3,YLDs (Years Lived with Disability),44538,Other Union Territories,1,Male,15,50-54 years,502,Lower extremity peripheral arterial disease,91,Lead exposure,1,Number,2022,0.00967053,0.030211429,-0.001330508
1,All Population,3,YLDs (Years Lived with Disability),44538,Other Union Territories,2,Female,15,50-54 years,502,Lower extremity peripheral arterial disease,91,Lead exposure,1,Number,2022,0.011335461,0.03679141,-0.001569382
1,All Population,3,YLDs (Years Lived with Disability),4842,Arunachal Pradesh,1,Male,15,50-54 years,494,Stroke,380,Particulate matter pollution,1,Number,2021,21.66635827,33.32374549,11.22077786
1,All Population,3,YLDs (Years Lived with Disability),4842,Arunachal Pradesh,2,Female,15,50-54 years,494,Stroke,380,Particulate matter pollution,1,Number,2021,16.96796978,26.73169669,9.254885126
1,All Population,3,YLDs (Years Lived with Disability),4854,Jammu & Kashmir and Ladakh,1,Male,15,50-54 years,493,Ischemic heart disease,380,Particulate matter pollution,1,Number,2022,154.0627142,236.0901238,89.09472702
1,All Population,3,YLDs (Years Lived with Disability),4854,Jammu & Kashmir and Ladakh,2,Female,15,50-54 years,493,Ischemic heart disease,380,Particulate matter pollution,1,Number,2022,97.52302907,147.2403472,57.67281441
1,All Population,3,YLDs (Years Lived with Disability),4854,Jammu & Kashmir and Ladakh,1,Male,15,50-54 years,494,Stroke,91,Lead exposure,1,Number,2022,33.70711793,85.05084793,-5.992016922
1,All Population,3,YLDs (Years Lived with Disability),4854,Jammu & Kashmir and Ladakh,2,Female,15,50-54 years,494,Stroke,91,Lead exposure,1,Number,2022,25.18027839,61.23257378,-4.300406169
1,All Population,3,YLDs (Years Lived with Disability),4850,Goa,1,Male,15,50-54 years,493,Ischemic heart disease,380,Particulate matter pollution,1,Number,2014,21.33830565,33.45957802,11.68456345
1,All Population,3,YLDs (Years Lived with Disability),4850,Goa,2,Female,15,50-54 years,493,Ischemic heart disease,380,Particulate matter pollution,1,Number,2014,14.27324948,22.67897039,7.884156758
1,All Population,3,YLDs (Years Lived with Disability),4850,Goa,1,Male,15,50-54 years,494,Stroke,91,Lead exposure,1,Number,2014,6.140973469,16.97645028,-1.16238873
1,All Population,3,YLDs (Years Lived with Disability),4850,Goa,2,Female,15,50-54 years,494,Stroke,91,Lead exposure,1,Number,2014,5.131280471,13.97232925,-0.86287904
1,All Population,3,YLDs (Years Lived with Disability),4846,Chhattisgarh,1,Male,15,50-54 years,493,Ischemic heart disease,380,Particulate matter pollution,1,Number,2014,391.7676693,598.3451148,224.7335266
1,All Population,3,YLDs (Years Lived with Disability),4846,Chhattisgarh,2,Female,15,50-54 years,493,Ischemic heart disease,380,Particulate matter pollution,1,Number,2014,252.1637877,368.900764,149.0940719
1,All Population,3,YLDs (Years Lived with Disability),4842,Arunachal Pradesh,1,Male,15,50-54 years,494,Stroke,380,Particulate matter pollution,1,Number,2014,20.02287594,30.92137035,11.26468882
1,All Population,3,YLDs (Years Lived with Disability),4842,Arunachal Pradesh,2,Female,15,50-54 years,494,Stroke,380,Particulate matter pollution,1,Number,2014,13.93304731,21.43999624,7.542960324
1,All Population,3,YLDs (Years Lived with Disability),4846,Chhattisgarh,1,Male,15,50-54 years,494,Stroke,91,Lead exposure,1,Number,2014,122.4416513,328.2547384,-18.95681391
1,All Population,3,YLDs (Years Lived with Disability),4846,Chhattisgarh,2,Female,15,50-54 years,494,Stroke,91,Lead exposure,1,Number,2014,77.89550972,211.0298575,-11.31886127
1,All Population,3,YLDs (Years Lived with Disability),4852,Haryana,1,Male,15,50-54 years,494,Stroke,380,Particulate matter pollution,1,Number,2022,772.7348887,1196.878907,435.2164386
1,All Population,3,YLDs (Years Lived with Disability),4852,Haryana,2,Female,15,50-54 years,494,Stroke,380,Particulate matter pollution,1,Number,2022,723.4621582,1110.257594,393.0354016
1,All Population,3,YLDs (Years Lived with Disability),4846,Chhattisgarh,1,Male,15,50-54 years,498,Hypertensive heart disease,91,Lead exposure,1,Number,2014,6.114003486,16.61038543,0
1,All Population,3,YLDs (Years Lived with Disability),4846,Chhattisgarh,2,Female,15,50-54 years,498,Hypertensive heart disease,91,Lead exposure,1,Number,2014,7.581287348,20.13322782,0
1,All Population,3,YLDs (Years Lived with Disability),4842,Arunachal Pradesh,1,Male,15,50-54 years,500,Atrial fibrillation and flutter,91,Lead exposure,1,Number,2014,0.353727901,1.185931693,-0.054843767
1,All Population,3,YLDs (Years Lived with Disability),4842,Arunachal Pradesh,2,Female,15,50-54 years,500,Atrial fibrillation and flutter,91,Lead exposure,1,Number,2014,0.199044706,0.659388133,-0.028311322
1,All Population,3,YLDs (Years Lived with Disability),4875,West Bengal,1,Male,15,50-54 years,493,Ischemic heart disease,91,Lead exposure,1,Number,2021,1263.73342,1831.67167,754.7184122
1,All Population,3,YLDs (Years Lived with Disability),4875,West Bengal,2,Female,15,50-54 years,493,Ischemic heart disease,91,Lead exposure,1,Number,2021,834.0490218,1238.12227,483.0670688
1,All Population,3,YLDs (Years Lived with Disability),4842,Arunachal Pradesh,1,Male,15,50-54 years,500,Atrial fibrillation and flutter,91,Lead exposure,1,Number,2021,0.404457725,1.276503506,-0.059319855
1,All Population,3,YLDs (Years Lived with Disability),4842,Arunachal Pradesh,2,Female,15,50-54 years,500,Atrial fibrillation and flutter,91,Lead exposure,1,Number,2021,0.259718147,0.858899653,-0.038366224
1,All Population,3,YLDs (Years Lived with Disability),4854,Jammu & Kashmir and Ladakh,1,Male,15,50-54 years,498,Hypertensive heart disease,91,Lead exposure,1,Number,2022,1.860055579,4.789074324,0
1,All Population,3,YLDs (Years Lived with Disability),4854,Jammu & Kashmir and Ladakh,2,Female,15,50-54 years,498,Hypertensive heart disease,91,Lead exposure,1,Number,2022,2.647452644,7.317814146,0
1,All Population,3,YLDs (Years Lived with Disability),4856,Karnataka,1,Male,15,50-54 years,494,Stroke,380,Particulate matter pollution,1,Number,2014,1130.827455,1756.117183,645.8460226
1,All Population,3,YLDs (Years Lived with Disability),4856,Karnataka,2,Female,15,50-54 years,494,Stroke,380,Particulate matter pollution,1,Number,2014,909.7797588,1388.878241,500.0101391
1,All Population,3,YLDs (Years Lived with Disability),4856,Karnataka,1,Male,15,50-54 years,498,Hypertensive heart disease,91,Lead exposure,1,Number,2014,10.9628515,27.50692443,0
1,All Population,3,YLDs (Years Lived with Disability),4856,Karnataka,2,Female,15,50-54 years,498,Hypertensive heart disease,91,Lead exposure,1,Number,2014,18.23579352,44.82323702,0
1,All Population,3,YLDs (Years Lived with Disability),4852,Haryana,1,Male,15,50-54 years,500,Atrial fibrillation and flutter,91,Lead exposure,1,Number,2022,6.941041,20.75913325,-1.047841086
1,All Population,3,YLDs (Years Lived with Disability),4852,Haryana,2,Female,15,50-54 years,500,Atrial fibrillation and flutter,91,Lead exposure,1,Number,2022,4.782023721,15.06628224,-0.643179151
1,All Population,3,YLDs (Years Lived with Disability),4859,Madhya Pradesh,1,Male,15,50-54 years,493,Ischemic heart disease,380,Particulate matter pollution,1,Number,2014,1138.892113,1747.929742,668.2248055
1,All Population,3,YLDs (Years Lived with Disability),4859,Madhya Pradesh,2,Female,15,50-54 years,493,Ischemic heart disease,380,Particulate matter pollution,1,Number,2014,607.8724355,910.2230483,369.8228081
1,All Population,3,YLDs (Years Lived with Disability),4859,Madhya Pradesh,1,Male,15,50-54 years,494,Stroke,91,Lead exposure,1,Number,2014,245.6154604,563.6175841,-45.64997108
1,All Population,3,YLDs (Years Lived with Disability),4859,Madhya Pradesh,2,Female,15,50-54 years,494,Stroke,91,Lead exposure,1,Number,2014,173.9627478,399.9909052,-29.40716104
1,All Population,3,YLDs (Years Lived with Disability),4844,Bihar,1,Male,15,50-54 years,493,Ischemic heart disease,380,Particulate matter pollution,1,Number,2021,1168.040851,1766.43042,655.1635546
1,All Population,3,YLDs (Years Lived with Disability),4844,Bihar,2,Female,15,50-54 years,493,Ischemic heart disease,380,Particulate matter pollution,1,Number,2021,717.7602861,1094.78792,428.7265411
1,All Population,3,YLDs (Years Lived with Disability),4844,Bihar,1,Male,15,50-54 years,494,Stroke,91,Lead exposure,1,Number,2021,324.6913826,786.4848109,-47.57850797
1,All Population,3,YLDs (Years Lived with Disability),4844,Bihar,2,Female,15,50-54 years,494,Stroke,91,Lead exposure,1,Number,2021,254.9332549,701.467359,-42.83314165
1,All Population,3,YLDs (Years Lived with Disability),4843,Assam,1,Male,15,50-54 years,494,Stroke,380,Particulate matter pollution,1,Number,2014,886.8772127,1324.96057,502.0293907
1,All Population,3,YLDs (Years Lived with Disability),4843,Assam,2,Female,15,50-54 years,494,Stroke,380,Particulate matter pollution,1,Number,2014,571.9639774,852.9357674,327.7608765
1,All Population,3,YLDs (Years Lived with Disability),4859,Madhya Pradesh,1,Male,15,50-54 years,498,Hypertensive heart disease,91,Lead exposure,1,Number,2014,11.44024075,31.72424891,0
1,All Population,3,YLDs (Years Lived with Disability),4859,Madhya Pradesh,2,Female,15,50-54 years,498,Hypertensive heart disease,91,Lead exposure,1,Number,2014,21.08357982,50.01418347,0
1,All Population,3,YLDs (Years Lived with Disability),4843,Assam,1,Male,15,50-54 years,500,Atrial fibrillation and flutter,91,Lead exposure,1,Number,2014,8.067640105,25.13916562,-1.386116232
1,All Population,3,YLDs (Years Lived with Disability),4843,Assam,2,Female,15,50-54 years,500,Atrial fibrillation and flutter,91,Lead exposure,1,Number,2014,5.270551761,16.49679912,-0.720913265
1,All Population,3,YLDs (Years Lived with Disability),4863,Mizoram,1,Male,15,50-54 years,493,Ischemic heart disease,91,Lead exposure,1,Number,2014,8.23871244,11.89498973,4.965058024
1,All Population,3,YLDs (Years Lived with Disability),4863,Mizoram,2,Female,15,50-54 years,493,Ischemic heart disease,91,Lead exposure,1,Number,2014,4.687904045,6.973248617,2.809954401
1,All Population,3,YLDs (Years Lived with Disability),4869,Sikkim,1,Male,15,50-54 years,493,Ischemic heart disease,91,Lead exposure,1,Number,2021,5.421718127,7.75714898,3.215396849
1,All Population,3,YLDs (Years Lived with Disability),4869,Sikkim,2,Female,15,50-54 years,493,Ischemic heart disease,91,Lead exposure,1,Number,2021,3.366442578,4.925495229,1.946517926
1,All Population,3,YLDs (Years Lived with Disability),4868,Rajasthan,1,Male,15,50-54 years,502,Lower extremity peripheral arterial disease,91,Lead exposure,1,Number,2014,0.093881543,0.294364733,-0.013100918
1,All Population,3,YLDs (Years Lived with Disability),4868,Rajasthan,2,Female,15,50-54 years,502,Lower extremity peripheral arterial disease,91,Lead exposure,1,Number,2014,0.092469314,0.289581967,-0.012682304
1,All Population,3,YLDs (Years Lived with Disability),4861,Manipur,1,Male,15,50-54 years,493,Ischemic heart disease,380,Particulate matter pollution,1,Number,2014,31.94397062,47.93579148,18.50212423
1,All Population,3,YLDs (Years Lived with Disability),4861,Manipur,2,Female,15,50-54 years,493,Ischemic heart disease,380,Particulate matter pollution,1,Number,2014,23.8391441,35.9719336,13.70821555
1,All Population,3,YLDs (Years Lived with Disability),4852,Haryana,1,Male,15,50-54 years,493,Ischemic heart disease,91,Lead exposure,1,Number,2014,357.2256009,529.2650042,213.9905412
1,All Population,3,YLDs (Years Lived with Disability),4852,Haryana,2,Female,15,50-54 years,493,Ischemic heart disease,91,Lead exposure,1,Number,2014,169.6675684,251.2015803,101.1639369
1,All Population,3,YLDs (Years Lived with Disability),4860,Maharashtra,1,Male,15,50-54 years,494,Stroke,380,Particulate matter pollution,1,Number,2021,2776.21572,4284.412908,1545.933858
1,All Population,3,YLDs (Years Lived with Disability),4860,Maharashtra,2,Female,15,50-54 years,494,Stroke,380,Particulate matter pollution,1,Number,2021,2299.682546,3660.326192,1236.915346
1,All Population,3,YLDs (Years Lived with Disability),44538,Other Union Territories,1,Male,15,50-54 years,493,Ischemic heart disease,380,Particulate matter pollution,1,Number,2021,46.23286534,69.21559151,26.17946899
1,All Population,3,YLDs (Years Lived with Disability),44538,Other Union Territories,2,Female,15,50-54 years,493,Ischemic heart disease,380,Particulate matter pollution,1,Number,2021,26.26812852,39.45454818,14.68585906
1,All Population,3,YLDs (Years Lived with Disability),4865,Odisha,1,Male,15,50-54 years,493,Ischemic heart disease,91,Lead exposure,1,Number,2014,415.5323965,605.0361339,246.0933031
1,All Population,3,YLDs (Years Lived with Disability),4865,Odisha,2,Female,15,50-54 years,493,Ischemic heart disease,91,Lead exposure,1,Number,2014,240.4214142,352.8194064,143.981662
1,All Population,3,YLDs (Years Lived with Disability),4860,Maharashtra,1,Male,15,50-54 years,500,Atrial fibrillation and flutter,91,Lead exposure,1,Number,2021,32.95204851,96.95803636,-3.957793553
1,All Population,3,YLDs (Years Lived with Disability),4860,Maharashtra,2,Female,15,50-54 years,500,Atrial fibrillation and flutter,91,Lead exposure,1,Number,2021,23.99141613,70.1325665,-3.412564778
1,All Population,3,YLDs (Years Lived with Disability),4865,Odisha,1,Male,15,50-54 years,502,Lower extremity peripheral arterial disease,91,Lead exposure,1,Number,2014,0.114639723,0.377742809,-0.011166808
1,All Population,3,YLDs (Years Lived with Disability),4865,Odisha,2,Female,15,50-54 years,502,Lower extremity peripheral arterial disease,91,Lead exposure,1,Number,2014,0.127455786,0.430298067,-0.015027657
1,All Population,3,YLDs (Years Lived with Disability),4854,Jammu & Kashmir and Ladakh,1,Male,15,50-54 years,494,Stroke,380,Particulate matter pollution,1,Number,2014,163.4061588,253.1355755,89.14947544
1,All Population,3,YLDs (Years Lived with Disability),4854,Jammu & Kashmir and Ladakh,2,Female,15,50-54 years,494,Stroke,380,Particulate matter pollution,1,Number,2014,132.5426393,204.0144924,66.80308388
1,All Population,3,YLDs (Years Lived with Disability),4844,Bihar,1,Male,15,50-54 years,498,Hypertensive heart disease,91,Lead exposure,1,Number,2021,27.67774768,69.17877082,0
1,All Population,3,YLDs (Years Lived with Disability),4844,Bihar,2,Female,15,50-54 years,498,Hypertensive heart disease,91,Lead exposure,1,Number,2021,35.25153854,85.47734975,0
1,All Population,3,YLDs (Years Lived with Disability),4854,Jammu & Kashmir and Ladakh,1,Male,15,50-54 years,500,Atrial fibrillation and flutter,91,Lead exposure,1,Number,2014,2.415738053,7.012950502,-0.352387623
1,All Population,3,YLDs (Years Lived with Disability),4854,Jammu & Kashmir and Ladakh,2,Female,15,50-54 years,500,Atrial fibrillation and flutter,91,Lead exposure,1,Number,2014,1.673381953,4.877546914,-0.21439228
1,All Population,3,YLDs (Years Lived with Disability),4851,Gujarat,1,Male,15,50-54 years,493,Ischemic heart disease,91,Lead exposure,1,Number,2021,984.6981879,1490.967825,606.1831744
1,All Population,3,YLDs (Years Lived with Disability),4851,Gujarat,2,Female,15,50-54 years,493,Ischemic heart disease,91,Lead exposure,1,Number,2021,537.0926023,772.7723527,317.7036442
1,All Population,3,YLDs (Years Lived with Disability),4873,Uttar Pradesh,1,Male,15,50-54 years,494,Stroke,380,Particulate matter pollution,1,Number,2021,5456.362919,8451.842163,3121.71022
1,All Population,3,YLDs (Years Lived with Disability),4873,Uttar Pradesh,2,Female,15,50-54 years,494,Stroke,380,Particulate matter pollution,1,Number,2021,5759.538333,8637.326345,3223.975004
1,All Population,3,YLDs (Years Lived with Disability),4855,Jharkhand,1,Male,15,50-54 years,502,Lower extremity peripheral arterial disease,91,Lead exposure,1,Number,2021,0.06199902,0.238893604,-0.006704212
1,All Population,3,YLDs (Years Lived with Disability),4855,Jharkhand,2,Female,15,50-54 years,502,Lower extremity peripheral arterial disease,91,Lead exposure,1,Number,2021,0.075512917,0.248386979,-0.00832842
1,All Population,3,YLDs (Years Lived with Disability),4851,Gujarat,1,Male,15,50-54 years,493,Ischemic heart disease,380,Particulate matter pollution,1,Number,2014,1108.027121,1672.565202,638.7243689
1,All Population,3,YLDs (Years Lived with Disability),4851,Gujarat,2,Female,15,50-54 years,493,Ischemic heart disease,380,Particulate matter pollution,1,Number,2014,611.4263747,924.6350369,359.6040586
1,All Population,3,YLDs (Years Lived with Disability),4861,Manipur,1,Male,15,50-54 years,493,Ischemic heart disease,91,Lead exposure,1,Number,2022,31.40577421,44.64303638,19.7284404
1,All Population,3,YLDs (Years Lived with Disability),4861,Manipur,2,Female,15,50-54 years,493,Ischemic heart disease,91,Lead exposure,1,Number,2022,21.53159579,31.5674817,12.69667093
1,All Population,3,YLDs (Years Lived with Disability),4859,Madhya Pradesh,1,Male,15,50-54 years,493,Ischemic heart disease,91,Lead exposure,1,Number,2022,1094.100045,1676.038243,632.2326387
1,All Population,3,YLDs (Years Lived with Disability),4859,Madhya Pradesh,2,Female,15,50-54 years,493,Ischemic heart disease,91,Lead exposure,1,Number,2022,510.8384896,766.5254122,304.1319661
1,All Population,3,YLDs (Years Lived with Disability),4852,Haryana,1,Male,15,50-54 years,493,Ischemic heart disease,380,Particulate matter pollution,1,Number,2021,418.5147761,619.2453559,244.8238229
1,All Population,3,YLDs (Years Lived with Disability),4852,Haryana,2,Female,15,50-54 years,493,Ischemic heart disease,380,Particulate matter pollution,1,Number,2021,233.7341153,349.4777164,131.8759742
1,All Population,3,YLDs (Years Lived with Disability),4873,Uttar Pradesh,1,Male,15,50-54 years,500,Atrial fibrillation and flutter,91,Lead exposure,1,Number,2021,57.08258572,163.6201248,-6.683179888
1,All Population,3,YLDs (Years Lived with Disability),4873,Uttar Pradesh,2,Female,15,50-54 years,500,Atrial fibrillation and flutter,91,Lead exposure,1,Number,2021,39.72396967,120.91742,-4.451251593
1,All Population,3,YLDs (Years Lived with Disability),4860,Maharashtra,1,Male,15,50-54 years,493,Ischemic heart disease,380,Particulate matter pollution,1,Number,2014,1521.135394,2356.611989,858.5876058
1,All Population,3,YLDs (Years Lived with Disability),4860,Maharashtra,2,Female,15,50-54 years,493,Ischemic heart disease,380,Particulate matter pollution,1,Number,2014,901.8729745,1329.463477,508.6133236
1,All Population,3,YLDs (Years Lived with Disability),4860,Maharashtra,1,Male,15,50-54 years,494,Stroke,91,Lead exposure,1,Number,2014,463.1736067,1280.507037,-76.01006107
1,All Population,3,YLDs (Years Lived with Disability),4860,Maharashtra,2,Female,15,50-54 years,494,Stroke,91,Lead exposure,1,Number,2014,312.7473757,819.8612395,-47.4154097
1,All Population,3,YLDs (Years Lived with Disability),4870,Tamil Nadu,1,Male,15,50-54 years,494,Stroke,380,Particulate matter pollution,1,Number,2014,1367.110668,2072.257313,733.0669604
1,All Population,3,YLDs (Years Lived with Disability),4870,Tamil Nadu,2,Female,15,50-54 years,494,Stroke,380,Particulate matter pollution,1,Number,2014,1238.058973,1947.023143,641.4316087
1,All Population,3,YLDs (Years Lived with Disability),4846,Chhattisgarh,1,Male,15,50-54 years,502,Lower extremity peripheral arterial disease,91,Lead exposure,1,Number,2022,0.059253265,0.217185947,-0.006044496
1,All Population,3,YLDs (Years Lived with Disability),4846,Chhattisgarh,2,Female,15,50-54 years,502,Lower extremity peripheral arterial disease,91,Lead exposure,1,Number,2022,0.078442744,0.273558615,-0.007291497
1,All Population,3,YLDs (Years Lived with Disability),4867,Punjab,1,Male,15,50-54 years,493,Ischemic heart disease,91,Lead exposure,1,Number,2021,412.7305307,617.9199867,245.0866251
1,All Population,3,YLDs (Years Lived with Disability),4867,Punjab,2,Female,15,50-54 years,493,Ischemic heart disease,91,Lead exposure,1,Number,2021,254.8673912,366.8589652,157.2320678
1,All Population,3,YLDs (Years Lived with Disability),4870,Tamil Nadu,1,Male,15,50-54 years,500,Atrial fibrillation and flutter,91,Lead exposure,1,Number,2014,28.29966054,89.62456266,-4.260470818
1,All Population,3,YLDs (Years Lived with Disability),4870,Tamil Nadu,2,Female,15,50-54 years,500,Atrial fibrillation and flutter,91,Lead exposure,1,Number,2014,21.20255879,66.05927378,-3.024389003
1,All Population,3,YLDs (Years Lived with Disability),4869,Sikkim,1,Male,15,50-54 years,494,Stroke,380,Particulate matter pollution,1,Number,2014,10.92023489,16.96407696,6.124136642
1,All Population,3,YLDs (Years Lived with Disability),4869,Sikkim,2,Female,15,50-54 years,494,Stroke,380,Particulate matter pollution,1,Number,2014,8.089631063,12.51863543,4.72327057
1,All Population,3,YLDs (Years Lived with Disability),4873,Uttar Pradesh,1,Male,15,50-54 years,502,Lower extremity peripheral arterial disease,91,Lead exposure,1,Number,2021,0.560310783,1.677566139,-0.055072799
1,All Population,3,YLDs (Years Lived with Disability),4873,Uttar Pradesh,2,Female,15,50-54 years,502,Lower extremity peripheral arterial disease,91,Lead exposure,1,Number,2021,0.662385298,2.254947583,-0.077249504
1,All Population,3,YLDs (Years Lived with Disability),4874,Uttarakhand,1,Male,15,50-54 years,502,Lower extremity peripheral arterial disease,91,Lead exposure,1,Number,2021,0.02348074,0.076528034,-0.002242786
1,All Population,3,YLDs (Years Lived with Disability),4874,Uttarakhand,2,Female,15,50-54 years,502,Lower extremity peripheral arterial disease,91,Lead exposure,1,Number,2021,0.032352707,0.10516943,-0.00295079
1,All Population,3,YLDs (Years Lived with Disability),4874,Uttarakhand,1,Male,15,50-54 years,493,Ischemic heart disease,380,Particulate matter pollution,1,Number,2014,185.3176087,287.7566551,107.2111963
1,All Population,3,YLDs (Years Lived with Disability),4874,Uttarakhand,2,Female,15,50-54 years,493,Ischemic heart disease,380,Particulate matter pollution,1,Number,2014,110.0585026,167.7539477,61.83633944
1,All Population,3,YLDs (Years Lived with Disability),4874,Uttarakhand,1,Male,15,50-54 years,494,Stroke,91,Lead exposure,1,Number,2014,40.32001275,102.2203545,-6.895222987
1,All Population,3,YLDs (Years Lived with Disability),4874,Uttarakhand,2,Female,15,50-54 years,494,Stroke,91,Lead exposure,1,Number,2014,26.62602641,68.13754463,-4.175205063
1,All Population,3,YLDs (Years Lived with Disability),4849,Delhi,1,Male,15,50-54 years,493,Ischemic heart disease,380,Particulate matter pollution,1,Number,2014,297.0511041,470.2198174,170.9960139
1,All Population,3,YLDs (Years Lived with Disability),4849,Delhi,2,Female,15,50-54 years,493,Ischemic heart disease,380,Particulate matter pollution,1,Number,2014,173.4377074,263.3463591,100.921386
1,All Population,3,YLDs (Years Lived with Disability),4869,Sikkim,1,Male,15,50-54 years,500,Atrial fibrillation and flutter,91,Lead exposure,1,Number,2014,0.180450026,0.607955965,-0.020927443
1,All Population,3,YLDs (Years Lived with Disability),4869,Sikkim,2,Female,15,50-54 years,500,Atrial fibrillation and flutter,91,Lead exposure,1,Number,2014,0.104612856,0.338033093,-0.010491577
1,All Population,3,YLDs (Years Lived with Disability),4874,Uttarakhand,1,Male,15,50-54 years,498,Hypertensive heart disease,91,Lead exposure,1,Number,2014,1.442466129,3.589497787,0
1,All Population,3,YLDs (Years Lived with Disability),4874,Uttarakhand,2,Female,15,50-54 years,498,Hypertensive heart disease,91,Lead exposure,1,Number,2014,2.513567481,6.083630827,0
1,All Population,3,YLDs (Years Lived with Disability),4849,Delhi,1,Male,15,50-54 years,494,Stroke,91,Lead exposure,1,Number,2014,42.68471435,114.920393,-5.00724929
1,All Population,3,YLDs (Years Lived with Disability),4849,Delhi,2,Female,15,50-54 years,494,Stroke,91,Lead exposure,1,Number,2014,34.83612709,96.74018365,-3.288889934
1,All Population,3,YLDs (Years Lived with Disability),4869,Sikkim,1,Male,15,50-54 years,502,Lower extremity peripheral arterial disease,91,Lead exposure,1,Number,2014,0.001227146,0.004934619,-0.000136671
1,All Population,3,YLDs (Years Lived with Disability),4869,Sikkim,2,Female,15,50-54 years,502,Lower extremity peripheral arterial disease,91,Lead exposure,1,Number,2014,0.00094224,0.003578143,-0.000107807
1,All Population,3,YLDs (Years Lived with Disability),4857,Kerala,1,Male,15,50-54 years,494,Stroke,380,Particulate matter pollution,1,Number,2021,812.1137938,1306.899277,412.1057642
1,All Population,3,YLDs (Years Lived with Disability),4857,Kerala,2,Female,15,50-54 years,494,Stroke,380,Particulate matter pollution,1,Number,2021,856.9761099,1361.52278,450.095385
1,All Population,3,YLDs (Years Lived with Disability),4857,Kerala,1,Male,15,50-54 years,493,Ischemic heart disease,380,Particulate matter pollution,1,Number,2014,794.8584127,1240.481868,444.7264172
1,All Population,3,YLDs (Years Lived with Disability),4857,Kerala,2,Female,15,50-54 years,493,Ischemic heart disease,380,Particulate matter pollution,1,Number,2014,405.8773863,610.5242646,224.8886934
1,All Population,3,YLDs (Years Lived with Disability),4857,Kerala,1,Male,15,50-54 years,494,Stroke,91,Lead exposure,1,Number,2014,214.3231457,514.441725,-33.04064822
1,All Population,3,YLDs (Years Lived with Disability),4857,Kerala,2,Female,15,50-54 years,494,Stroke,91,Lead exposure,1,Number,2014,167.2220211,425.1559415,-22.83481872
1,All Population,3,YLDs (Years Lived with Disability),4849,Delhi,1,Male,15,50-54 years,498,Hypertensive heart disease,91,Lead exposure,1,Number,2014,2.393250084,7.417855791,0
1,All Population,3,YLDs (Years Lived with Disability),4849,Delhi,2,Female,15,50-54 years,498,Hypertensive heart disease,91,Lead exposure,1,Number,2014,2.796099011,7.887155878,0
1,All Population,3,YLDs (Years Lived with Disability),4853,Himachal Pradesh,1,Male,15,50-54 years,493,Ischemic heart disease,91,Lead exposure,1,Number,2021,115.0419131,169.4500145,67.78762851
1,All Population,3,YLDs (Years Lived with Disability),4853,Himachal Pradesh,2,Female,15,50-54 years,493,Ischemic heart disease,91,Lead exposure,1,Number,2021,51.97036409,76.84837609,31.95299134
1,All Population,3,YLDs (Years Lived with Disability),4856,Karnataka,1,Male,15,50-54 years,493,Ischemic heart disease,380,Particulate matter pollution,1,Number,2022,923.7038601,1414.468057,520.765834
1,All Population,3,YLDs (Years Lived with Disability),4856,Karnataka,2,Female,15,50-54 years,493,Ischemic heart disease,380,Particulate matter pollution,1,Number,2022,629.2749634,963.4626576,355.2085182
1,All Population,3,YLDs (Years Lived with Disability),4872,Tripura,1,Male,15,50-54 years,493,Ischemic heart disease,380,Particulate matter pollution,1,Number,2022,59.75798277,87.49869633,34.64330721
1,All Population,3,YLDs (Years Lived with Disability),4872,Tripura,2,Female,15,50-54 years,493,Ischemic heart disease,380,Particulate matter pollution,1,Number,2022,36.94261125,53.78156275,21.93991954
1,All Population,3,YLDs (Years Lived with Disability),4872,Tripura,1,Male,15,50-54 years,494,Stroke,91,Lead exposure,1,Number,2022,24.51655695,61.49662649,-4.069655969
1,All Population,3,YLDs (Years Lived with Disability),4872,Tripura,2,Female,15,50-54 years,494,Stroke,91,Lead exposure,1,Number,2022,15.76528461,39.95918344,-2.320792916
1,All Population,3,YLDs (Years Lived with Disability),4857,Kerala,1,Male,15,50-54 years,498,Hypertensive heart disease,91,Lead exposure,1,Number,2014,5.957915076,15.87907993,0
1,All Population,3,YLDs (Years Lived with Disability),4857,Kerala,2,Female,15,50-54 years,498,Hypertensive heart disease,91,Lead exposure,1,Number,2014,14.52670932,33.91711586,0
1,All Population,3,YLDs (Years Lived with Disability),4857,Kerala,1,Male,15,50-54 years,500,Atrial fibrillation and flutter,91,Lead exposure,1,Number,2021,11.41512833,39.4716146,-1.56674991
1,All Population,3,YLDs (Years Lived with Disability),4857,Kerala,2,Female,15,50-54 years,500,Atrial fibrillation and flutter,91,Lead exposure,1,Number,2021,10.34184675,33.44991035,-1.343575897
1,All Population,3,YLDs (Years Lived with Disability),4850,Goa,1,Male,15,50-54 years,494,Stroke,91,Lead exposure,1,Number,2022,6.185331883,16.3007898,-1.074477799
1,All Population,3,YLDs (Years Lived with Disability),4850,Goa,2,Female,15,50-54 years,494,Stroke,91,Lead exposure,1,Number,2022,5.169227738,14.12424745,-0.843111889
1,All Population,3,YLDs (Years Lived with Disability),4850,Goa,1,Male,15,50-54 years,494,Stroke,91,Lead exposure,1,Number,2021,6.25520739,17.79707405,-1.082877986
1,All Population,3,YLDs (Years Lived with Disability),4850,Goa,2,Female,15,50-54 years,494,Stroke,91,Lead exposure,1,Number,2021,5.190193226,13.25186716,-0.845744075
1,All Population,3,YLDs (Years Lived with Disability),4856,Karnataka,1,Male,15,50-54 years,493,Ischemic heart disease,91,Lead exposure,1,Number,2021,1035.452849,1496.72351,646.3084782
1,All Population,3,YLDs (Years Lived with Disability),4856,Karnataka,2,Female,15,50-54 years,493,Ischemic heart disease,91,Lead exposure,1,Number,2021,678.7778401,975.5057192,425.2586635
1,All Population,3,YLDs (Years Lived with Disability),4851,Gujarat,1,Male,15,50-54 years,493,Ischemic heart disease,91,Lead exposure,1,Number,2022,985.1734962,1429.161026,580.4809697
1,All Population,3,YLDs (Years Lived with Disability),4851,Gujarat,2,Female,15,50-54 years,493,Ischemic heart disease,91,Lead exposure,1,Number,2022,536.1072329,770.6940333,317.3349287
1,All Population,3,YLDs (Years Lived with Disability),4868,Rajasthan,1,Male,15,50-54 years,493,Ischemic heart disease,380,Particulate matter pollution,1,Number,2021,1372.770335,2083.348892,809.8306417
1,All Population,3,YLDs (Years Lived with Disability),4868,Rajasthan,2,Female,15,50-54 years,493,Ischemic heart disease,380,Particulate matter pollution,1,Number,2021,729.4275391,1083.713739,427.7586561
1,All Population,3,YLDs (Years Lived with Disability),4868,Rajasthan,1,Male,15,50-54 years,494,Stroke,91,Lead exposure,1,Number,2021,147.6022616,381.1557889,-23.61196117
1,All Population,3,YLDs (Years Lived with Disability),4868,Rajasthan,2,Female,15,50-54 years,494,Stroke,91,Lead exposure,1,Number,2021,95.45842625,271.8024012,-13.5552435
1,All Population,3,YLDs (Years Lived with Disability),4872,Tripura,1,Male,15,50-54 years,494,Stroke,380,Particulate matter pollution,1,Number,2014,128.751222,199.9302018,75.77273942
1,All Population,3,YLDs (Years Lived with Disability),4872,Tripura,2,Female,15,50-54 years,494,Stroke,380,Particulate matter pollution,1,Number,2014,86.62708825,126.8058984,51.31651348
1,All Population,3,YLDs (Years Lived with Disability),4872,Tripura,1,Male,15,50-54 years,498,Hypertensive heart disease,91,Lead exposure,1,Number,2014,0.747833373,1.931769179,0
1,All Population,3,YLDs (Years Lived with Disability),4872,Tripura,2,Female,15,50-54 years,498,Hypertensive heart disease,91,Lead exposure,1,Number,2014,1.06249674,2.686138957,0
1,All Population,3,YLDs (Years Lived with Disability),4861,Manipur,1,Male,15,50-54 years,500,Atrial fibrillation and flutter,91,Lead exposure,1,Number,2021,1.021644295,3.079391733,-0.158034257
1,All Population,3,YLDs (Years Lived with Disability),4861,Manipur,2,Female,15,50-54 years,500,Atrial fibrillation and flutter,91,Lead exposure,1,Number,2021,0.764828326,2.17140789,-0.095015171
1,All Population,3,YLDs (Years Lived with Disability),4872,Tripura,1,Male,15,50-54 years,493,Ischemic heart disease,91,Lead exposure,1,Number,2021,48.49323834,72.21224008,28.92311552
1,All Population,3,YLDs (Years Lived with Disability),4872,Tripura,2,Female,15,50-54 years,493,Ischemic heart disease,91,Lead exposure,1,Number,2021,27.33044764,39.17788606,16.98966874
1,All Population,3,YLDs (Years Lived with Disability),4841,Andhra Pradesh,1,Male,15,50-54 years,502,Lower extremity peripheral arterial disease,91,Lead exposure,1,Number,2022,0.113257822,0.404325289,-0.009970091
1,All Population,3,YLDs (Years Lived with Disability),4841,Andhra Pradesh,2,Female,15,50-54 years,502,Lower extremity peripheral arterial disease,91,Lead exposure,1,Number,2022,0.143763337,0.485986759,-0.015776536
1,All Population,3,YLDs (Years Lived with Disability),4846,Chhattisgarh,1,Male,15,50-54 years,494,Stroke,380,Particulate matter pollution,1,Number,2022,951.1519615,1464.048368,543.1586237
1,All Population,3,YLDs (Years Lived with Disability),4846,Chhattisgarh,2,Female,15,50-54 years,494,Stroke,380,Particulate matter pollution,1,Number,2022,721.4549091,1116.739967,402.9791667
1,All Population,3,YLDs (Years Lived with Disability),4865,Odisha,1,Male,15,50-54 years,494,Stroke,91,Lead exposure,1,Number,2021,211.9925187,537.8469161,-39.33292391
1,All Population,3,YLDs (Years Lived with Disability),4865,Odisha,2,Female,15,50-54 years,494,Stroke,91,Lead exposure,1,Number,2021,149.3752338,372.2777398,-23.36719303
1,All Population,3,YLDs (Years Lived with Disability),4857,Kerala,1,Male,15,50-54 years,502,Lower extremity peripheral arterial disease,91,Lead exposure,1,Number,2021,0.082668092,0.25965413,-0.010044608
1,All Population,3,YLDs (Years Lived with Disability),4857,Kerala,2,Female,15,50-54 years,502,Lower extremity peripheral arterial disease,91,Lead exposure,1,Number,2021,0.123476499,0.404127456,-0.014414415
1,All Population,3,YLDs (Years Lived with Disability),4856,Karnataka,1,Male,15,50-54 years,494,Stroke,91,Lead exposure,1,Number,2022,315.8798824,843.0876315,-53.34836811
1,All Population,3,YLDs (Years Lived with Disability),4856,Karnataka,2,Female,15,50-54 years,494,Stroke,91,Lead exposure,1,Number,2022,251.7525016,690.5531791,-41.22920392
1,All Population,3,YLDs (Years Lived with Disability),4865,Odisha,1,Male,15,50-54 years,498,Hypertensive heart disease,91,Lead exposure,1,Number,2021,15.54577707,40.49322145,0
1,All Population,3,YLDs (Years Lived with Disability),4865,Odisha,2,Female,15,50-54 years,498,Hypertensive heart disease,91,Lead exposure,1,Number,2021,18.67651625,43.57864679,0
1,All Population,3,YLDs (Years Lived with Disability),4864,Nagaland,1,Male,15,50-54 years,493,Ischemic heart disease,91,Lead exposure,1,Number,2014,15.62626356,22.98569299,9.145860361
1,All Population,3,YLDs (Years Lived with Disability),4864,Nagaland,2,Female,15,50-54 years,493,Ischemic heart disease,91,Lead exposure,1,Number,2014,9.30775029,13.86921513,5.458685571
1,All Population,3,YLDs (Years Lived with Disability),4867,Punjab,1,Male,15,50-54 years,502,Lower extremity peripheral arterial disease,91,Lead exposure,1,Number,2014,0.039449545,0.130311429,-0.004303235
1,All Population,3,YLDs (Years Lived with Disability),4867,Punjab,2,Female,15,50-54 years,502,Lower extremity peripheral arterial disease,91,Lead exposure,1,Number,2014,0.054987721,0.173675438,-0.006083014
1,All Population,3,YLDs (Years Lived with Disability),4846,Chhattisgarh,1,Male,15,50-54 years,500,Atrial fibrillation and flutter,91,Lead exposure,1,Number,2022,7.37288652,22.7840206,-0.906174264
1,All Population,3,YLDs (Years Lived with Disability),4846,Chhattisgarh,2,Female,15,50-54 years,500,Atrial fibrillation and flutter,91,Lead exposure,1,Number,2022,5.314657808,16.36631768,-0.601859941
1,All Population,3,YLDs (Years Lived with Disability),4864,Nagaland,1,Male,15,50-54 years,493,Ischemic heart disease,380,Particulate matter pollution,1,Number,2021,14.26001767,22.08966527,8.169467449
1,All Population,3,YLDs (Years Lived with Disability),4864,Nagaland,2,Female,15,50-54 years,493,Ischemic heart disease,380,Particulate matter pollution,1,Number,2021,9.507797904,14.29290847,5.638264229
1,All Population,3,YLDs (Years Lived with Disability),4864,Nagaland,1,Male,15,50-54 years,494,Stroke,91,Lead exposure,1,Number,2021,8.065852284,20.37180214,-1.237856919
1,All Population,3,YLDs (Years Lived with Disability),4864,Nagaland,2,Female,15,50-54 years,494,Stroke,91,Lead exposure,1,Number,2021,4.008135629,10.0209406,-0.557181967
1,All Population,3,YLDs (Years Lived with Disability),4862,Meghalaya,1,Male,15,50-54 years,493,Ischemic heart disease,91,Lead exposure,1,Number,2014,20.97532465,31.13033714,12.56178484
1,All Population,3,YLDs (Years Lived with Disability),4862,Meghalaya,2,Female,15,50-54 years,493,Ischemic heart disease,91,Lead exposure,1,Number,2014,13.02931056,19.14000595,7.241882297
1,All Population,3,YLDs (Years Lived with Disability),4863,Mizoram,1,Male,15,50-54 years,502,Lower extremity peripheral arterial disease,91,Lead exposure,1,Number,2022,0.002752257,0.009536283,-0.00030148
1,All Population,3,YLDs (Years Lived with Disability),4863,Mizoram,2,Female,15,50-54 years,502,Lower extremity peripheral arterial disease,91,Lead exposure,1,Number,2022,0.00337568,0.011584051,-0.000360131
1,All Population,3,YLDs (Years Lived with Disability),4868,Rajasthan,1,Male,15,50-54 years,498,Hypertensive heart disease,91,Lead exposure,1,Number,2021,8.131543503,21.43708123,0
1,All Population,3,YLDs (Years Lived with Disability),4868,Rajasthan,2,Female,15,50-54 years,498,Hypertensive heart disease,91,Lead exposure,1,Number,2021,13.49784906,34.75755119,0
1,All Population,3,YLDs (Years Lived with Disability),4844,Bihar,1,Male,15,50-54 years,494,Stroke,380,Particulate matter pollution,1,Number,2014,1488.024789,2233.182751,843.390828
1,All Population,3,YLDs (Years Lived with Disability),4844,Bihar,2,Female,15,50-54 years,494,Stroke,380,Particulate matter pollution,1,Number,2014,1405.945906,2214.957205,734.5454032
1,All Population,3,YLDs (Years Lived with Disability),4844,Bihar,1,Male,15,50-54 years,498,Hypertensive heart disease,91,Lead exposure,1,Number,2014,22.17377233,61.69951851,0
1,All Population,3,YLDs (Years Lived with Disability),4844,Bihar,2,Female,15,50-54 years,498,Hypertensive heart disease,91,Lead exposure,1,Number,2014,26.96314328,61.29597473,0
1,All Population,3,YLDs (Years Lived with Disability),4850,Goa,1,Male,15,50-54 years,498,Hypertensive heart disease,91,Lead exposure,1,Number,2022,0.322477595,0.83642382,0
1,All Population,3,YLDs (Years Lived with Disability),4850,Goa,2,Female,15,50-54 years,498,Hypertensive heart disease,91,Lead exposure,1,Number,2022,0.514600312,1.284979222,0
1,All Population,3,YLDs (Years Lived with Disability),4873,Uttar Pradesh,1,Male,15,50-54 years,494,Stroke,380,Particulate matter pollution,1,Number,2022,5715.481194,8741.02913,3280.937318
1,All Population,3,YLDs (Years Lived with Disability),4873,Uttar Pradesh,2,Female,15,50-54 years,494,Stroke,380,Particulate matter pollution,1,Number,2022,6136.315984,9384.750512,3624.668837
1,All Population,3,YLDs (Years Lived with Disability),4860,Maharashtra,1,Male,15,50-54 years,494,Stroke,380,Particulate matter pollution,1,Number,2022,2843.184291,4488.37557,1549.064772
1,All Population,3,YLDs (Years Lived with Disability),4860,Maharashtra,2,Female,15,50-54 years,494,Stroke,380,Particulate matter pollution,1,Number,2022,2397.290871,3753.038272,1272.443346
1,All Population,3,YLDs (Years Lived with Disability),4855,Jharkhand,1,Male,15,50-54 years,494,Stroke,380,Particulate matter pollution,1,Number,2014,585.9724312,882.9415271,341.9510581
1,All Population,3,YLDs (Years Lived with Disability),4855,Jharkhand,2,Female,15,50-54 years,494,Stroke,380,Particulate matter pollution,1,Number,2014,653.9043521,990.6643577,380.398201
1,All Population,3,YLDs (Years Lived with Disability),4842,Arunachal Pradesh,1,Male,15,50-54 years,494,Stroke,380,Particulate matter pollution,1,Number,2022,21.22804518,33.73163204,10.79006016
1,All Population,3,YLDs (Years Lived with Disability),4842,Arunachal Pradesh,2,Female,15,50-54 years,494,Stroke,380,Particulate matter pollution,1,Number,2022,17.0609289,27.23302236,9.150274563
1,All Population,3,YLDs (Years Lived with Disability),4853,Himachal Pradesh,1,Male,15,50-54 years,493,Ischemic heart disease,91,Lead exposure,1,Number,2022,115.8401952,169.7560558,67.30496245
1,All Population,3,YLDs (Years Lived with Disability),4853,Himachal Pradesh,2,Female,15,50-54 years,493,Ischemic heart disease,91,Lead exposure,1,Number,2022,52.00712414,78.57317807,30.59884481
1,All Population,3,YLDs (Years Lived with Disability),4850,Goa,1,Male,15,50-54 years,494,Stroke,380,Particulate matter pollution,1,Number,2022,27.89957669,44.75377872,15.16592932
1,All Population,3,YLDs (Years Lived with Disability),4850,Goa,2,Female,15,50-54 years,494,Stroke,380,Particulate matter pollution,1,Number,2022,28.27809369,43.19769148,15.57089194
1,All Population,3,YLDs (Years Lived with Disability),4853,Himachal Pradesh,1,Male,15,50-54 years,493,Ischemic heart disease,91,Lead exposure,1,Number,2014,114.3130931,165.4676691,67.38781537
1,All Population,3,YLDs (Years Lived with Disability),4853,Himachal Pradesh,2,Female,15,50-54 years,493,Ischemic heart disease,91,Lead exposure,1,Number,2014,57.73923306,83.85722529,34.32043904
1,All Population,3,YLDs (Years Lived with Disability),4843,Assam,1,Male,15,50-54 years,500,Atrial fibrillation and flutter,91,Lead exposure,1,Number,2022,9.190232758,29.48846315,-1.486778896
1,All Population,3,YLDs (Years Lived with Disability),4843,Assam,2,Female,15,50-54 years,500,Atrial fibrillation and flutter,91,Lead exposure,1,Number,2022,6.346257705,19.7314226,-1.063844072
1,All Population,3,YLDs (Years Lived with Disability),4843,Assam,1,Male,15,50-54 years,502,Lower extremity peripheral arterial disease,91,Lead exposure,1,Number,2022,0.073298248,0.230164081,-0.008627238
1,All Population,3,YLDs (Years Lived with Disability),4843,Assam,2,Female,15,50-54 years,502,Lower extremity peripheral arterial disease,91,Lead exposure,1,Number,2022,0.084303909,0.310614437,-0.009659243
1,All Population,3,YLDs (Years Lived with Disability),4855,Jharkhand,1,Male,15,50-54 years,500,Atrial fibrillation and flutter,91,Lead exposure,1,Number,2014,7.585910873,23.14253224,-1.079298974
1,All Population,3,YLDs (Years Lived with Disability),4855,Jharkhand,2,Female,15,50-54 years,500,Atrial fibrillation and flutter,91,Lead exposure,1,Number,2014,5.497645568,16.78252119,-0.750639604
1,All Population,3,YLDs (Years Lived with Disability),4868,Rajasthan,1,Male,15,50-54 years,493,Ischemic heart disease,380,Particulate matter pollution,1,Number,2022,1410.154746,2097.912718,794.4987253
1,All Population,3,YLDs (Years Lived with Disability),4868,Rajasthan,2,Female,15,50-54 years,493,Ischemic heart disease,380,Particulate matter pollution,1,Number,2022,744.7578538,1124.495107,431.3539189
1,All Population,3,YLDs (Years Lived with Disability),4868,Rajasthan,1,Male,15,50-54 years,494,Stroke,91,Lead exposure,1,Number,2022,151.5936804,405.222109,-20.97122864
1,All Population,3,YLDs (Years Lived with Disability),4868,Rajasthan,2,Female,15,50-54 years,494,Stroke,91,Lead exposure,1,Number,2022,99.69291208,268.9664027,-14.96177154
1,All Population,3,YLDs (Years Lived with Disability),4873,Uttar Pradesh,1,Male,15,50-54 years,500,Atrial fibrillation and flutter,91,Lead exposure,1,Number,2022,59.6362658,183.1455804,-6.686646915
1,All Population,3,YLDs (Years Lived with Disability),4873,Uttar Pradesh,2,Female,15,50-54 years,500,Atrial fibrillation and flutter,91,Lead exposure,1,Number,2022,40.75122115,120.1945522,-5.360972705
1,All Population,3,YLDs (Years Lived with Disability),4860,Maharashtra,1,Male,15,50-54 years,500,Atrial fibrillation and flutter,91,Lead exposure,1,Number,2022,32.97584221,97.96329448,-5.246869977
1,All Population,3,YLDs (Years Lived with Disability),4860,Maharashtra,2,Female,15,50-54 years,500,Atrial fibrillation and flutter,91,Lead exposure,1,Number,2022,23.94416016,73.42589463,-3.547405548
1,All Population,3,YLDs (Years Lived with Disability),4844,Bihar,1,Male,15,50-54 years,493,Ischemic heart disease,380,Particulate matter pollution,1,Number,2022,1200.66792,1828.291849,675.4936207
1,All Population,3,YLDs (Years Lived with Disability),4844,Bihar,2,Female,15,50-54 years,493,Ischemic heart disease,380,Particulate matter pollution,1,Number,2022,732.7003453,1117.455866,419.80007
1,All Population,3,YLDs (Years Lived with Disability),4844,Bihar,1,Male,15,50-54 years,494,Stroke,91,Lead exposure,1,Number,2022,336.0921453,868.6066192,-61.72463568
1,All Population,3,YLDs (Years Lived with Disability),4844,Bihar,2,Female,15,50-54 years,494,Stroke,91,Lead exposure,1,Number,2022,262.1835036,708.3950226,-40.80019062
1,All Population,3,YLDs (Years Lived with Disability),4873,Uttar Pradesh,1,Male,15,50-54 years,502,Lower extremity peripheral arterial disease,91,Lead exposure,1,Number,2022,0.546254192,1.926782433,-0.068574494
1,All Population,3,YLDs (Years Lived with Disability),4873,Uttar Pradesh,2,Female,15,50-54 years,502,Lower extremity peripheral arterial disease,91,Lead exposure,1,Number,2022,0.665615359,2.071863733,-0.086021115
1,All Population,3,YLDs (Years Lived with Disability),4857,Kerala,1,Male,15,50-54 years,494,Stroke,380,Particulate matter pollution,1,Number,2022,819.1857294,1326.637579,429.751655
1,All Population,3,YLDs (Years Lived with Disability),4857,Kerala,2,Female,15,50-54 years,494,Stroke,380,Particulate matter pollution,1,Number,2022,860.0145373,1342.008316,456.5296195
1,All Population,3,YLDs (Years Lived with Disability),4852,Haryana,1,Male,15,50-54 years,493,Ischemic heart disease,380,Particulate matter pollution,1,Number,2022,418.3374748,634.8854625,230.9269954
1,All Population,3,YLDs (Years Lived with Disability),4852,Haryana,2,Female,15,50-54 years,493,Ischemic heart disease,380,Particulate matter pollution,1,Number,2022,234.7773132,348.6361756,131.6031665
1,All Population,3,YLDs (Years Lived with Disability),4855,Jharkhand,1,Male,15,50-54 years,502,Lower extremity peripheral arterial disease,91,Lead exposure,1,Number,2022,0.064667695,0.250176554,-0.006810902
1,All Population,3,YLDs (Years Lived with Disability),4855,Jharkhand,2,Female,15,50-54 years,502,Lower extremity peripheral arterial disease,91,Lead exposure,1,Number,2022,0.077023012,0.307163032,-0.008825421
1,All Population,3,YLDs (Years Lived with Disability),4852,Haryana,1,Male,15,50-54 years,494,Stroke,91,Lead exposure,1,Number,2022,119.1882615,296.1227818,-15.8517983
1,All Population,3,YLDs (Years Lived with Disability),4852,Haryana,2,Female,15,50-54 years,494,Stroke,91,Lead exposure,1,Number,2022,90.78600784,226.6484207,-11.12130773
1,All Population,3,YLDs (Years Lived with Disability),4849,Delhi,1,Male,15,50-54 years,493,Ischemic heart disease,380,Particulate matter pollution,1,Number,2021,304.8104463,468.2858752,168.3863634
1,All Population,3,YLDs (Years Lived with Disability),4849,Delhi,2,Female,15,50-54 years,493,Ischemic heart disease,380,Particulate matter pollution,1,Number,2021,182.0290004,274.1083596,100.7542563
1,All Population,3,YLDs (Years Lived with Disability),4849,Delhi,1,Male,15,50-54 years,494,Stroke,91,Lead exposure,1,Number,2021,45.58543016,130.5855804,-4.961132537
1,All Population,3,YLDs (Years Lived with Disability),4849,Delhi,2,Female,15,50-54 years,494,Stroke,91,Lead exposure,1,Number,2021,38.87222809,102.8345738,-4.064249136
1,All Population,3,YLDs (Years Lived with Disability),4856,Karnataka,1,Male,15,50-54 years,493,Ischemic heart disease,91,Lead exposure,1,Number,2022,1050.280836,1555.333136,642.7074957
1,All Population,3,YLDs (Years Lived with Disability),4856,Karnataka,2,Female,15,50-54 years,493,Ischemic heart disease,91,Lead exposure,1,Number,2022,687.0179453,987.4753026,411.0112867
1,All Population,3,YLDs (Years Lived with Disability),4868,Rajasthan,1,Male,15,50-54 years,498,Hypertensive heart disease,91,Lead exposure,1,Number,2022,8.459453122,23.23033239,0
1,All Population,3,YLDs (Years Lived with Disability),4868,Rajasthan,2,Female,15,50-54 years,498,Hypertensive heart disease,91,Lead exposure,1,Number,2022,13.80214499,37.21868437,0
1,All Population,3,YLDs (Years Lived with Disability),4842,Arunachal Pradesh,1,Male,15,50-54 years,500,Atrial fibrillation and flutter,91,Lead exposure,1,Number,2022,0.413186429,1.409215192,-0.063210489
1,All Population,3,YLDs (Years Lived with Disability),4842,Arunachal Pradesh,2,Female,15,50-54 years,500,Atrial fibrillation and flutter,91,Lead exposure,1,Number,2022,0.263885481,0.861446905,-0.041774184
1,All Population,3,YLDs (Years Lived with Disability),4867,Punjab,1,Male,15,50-54 years,493,Ischemic heart disease,91,Lead exposure,1,Number,2022,411.5730963,609.3545944,243.4257444
1,All Population,3,YLDs (Years Lived with Disability),4867,Punjab,2,Female,15,50-54 years,493,Ischemic heart disease,91,Lead exposure,1,Number,2022,250.6438965,373.9209643,148.0868867
1,All Population,3,YLDs (Years Lived with Disability),4844,Bihar,1,Male,15,50-54 years,498,Hypertensive heart disease,91,Lead exposure,1,Number,2022,28.20560665,72.02030871,0
1,All Population,3,YLDs (Years Lived with Disability),4844,Bihar,2,Female,15,50-54 years,498,Hypertensive heart disease,91,Lead exposure,1,Number,2022,35.05408258,88.36107584,0
1,All Population,3,YLDs (Years Lived with Disability),4864,Nagaland,1,Male,15,50-54 years,493,Ischemic heart disease,380,Particulate matter pollution,1,Number,2022,14.05055653,21.25253912,8.037447729
1,All Population,3,YLDs (Years Lived with Disability),4864,Nagaland,2,Female,15,50-54 years,493,Ischemic heart disease,380,Particulate matter pollution,1,Number,2022,9.413277501,13.89659482,5.400857244
1,All Population,3,YLDs (Years Lived with Disability),4864,Nagaland,1,Male,15,50-54 years,494,Stroke,91,Lead exposure,1,Number,2022,8.229085107,21.22297059,-1.139928378
1,All Population,3,YLDs (Years Lived with Disability),4864,Nagaland,2,Female,15,50-54 years,494,Stroke,91,Lead exposure,1,Number,2022,4.132883302,10.63897838,-0.589696056
1,All Population,3,YLDs (Years Lived with Disability),4862,Meghalaya,1,Male,15,50-54 years,493,Ischemic heart disease,380,Particulate matter pollution,1,Number,2021,22.06389559,34.53960424,12.11998729
1,All Population,3,YLDs (Years Lived with Disability),4862,Meghalaya,2,Female,15,50-54 years,493,Ischemic heart disease,380,Particulate matter pollution,1,Number,2021,15.51952572,23.66653836,9.231740796
1,All Population,3,YLDs (Years Lived with Disability),4862,Meghalaya,1,Male,15,50-54 years,494,Stroke,91,Lead exposure,1,Number,2021,9.592080681,26.3381375,-1.614390361
1,All Population,3,YLDs (Years Lived with Disability),4862,Meghalaya,2,Female,15,50-54 years,494,Stroke,91,Lead exposure,1,Number,2021,7.318690938,20.22719654,-1.220571518
1,All Population,3,YLDs (Years Lived with Disability),4852,Haryana,1,Male,15,50-54 years,498,Hypertensive heart disease,91,Lead exposure,1,Number,2022,3.83085852,10.00011401,0
1,All Population,3,YLDs (Years Lived with Disability),4852,Haryana,2,Female,15,50-54 years,498,Hypertensive heart disease,91,Lead exposure,1,Number,2022,6.81809915,16.08663977,0
1,All Population,3,YLDs (Years Lived with Disability),4861,Manipur,1,Male,15,50-54 years,500,Atrial fibrillation and flutter,91,Lead exposure,1,Number,2022,1.045765593,3.147095742,-0.155492906
1,All Population,3,YLDs (Years Lived with Disability),4861,Manipur,2,Female,15,50-54 years,500,Atrial fibrillation and flutter,91,Lead exposure,1,Number,2022,0.774650063,2.383485753,-0.130325923
1,All Population,3,YLDs (Years Lived with Disability),4865,Odisha,1,Male,15,50-54 years,494,Stroke,91,Lead exposure,1,Number,2022,212.552063,521.4470207,-35.78881495
1,All Population,3,YLDs (Years Lived with Disability),4865,Odisha,2,Female,15,50-54 years,494,Stroke,91,Lead exposure,1,Number,2022,152.4967574,396.3582918,-23.96274998
1,All Population,3,YLDs (Years Lived with Disability),4861,Manipur,1,Male,15,50-54 years,502,Lower extremity peripheral arterial disease,91,Lead exposure,1,Number,2022,0.009278057,0.026856924,-0.001127008
1,All Population,3,YLDs (Years Lived with Disability),4861,Manipur,2,Female,15,50-54 years,502,Lower extremity peripheral arterial disease,91,Lead exposure,1,Number,2022,0.012335944,0.03952791,-0.001491281
1,All Population,3,YLDs (Years Lived with Disability),4850,Goa,1,Male,15,50-54 years,500,Atrial fibrillation and flutter,91,Lead exposure,1,Number,2022,0.472406807,1.666657678,-0.074309467
1,All Population,3,YLDs (Years Lived with Disability),4850,Goa,2,Female,15,50-54 years,500,Atrial fibrillation and flutter,91,Lead exposure,1,Number,2022,0.370480872,1.383266386,-0.050313379
1,All Population,3,YLDs (Years Lived with Disability),4875,West Bengal,1,Male,15,50-54 years,493,Ischemic heart disease,380,Particulate matter pollution,1,Number,2014,1668.501756,2521.851426,970.8133848
1,All Population,3,YLDs (Years Lived with Disability),4875,West Bengal,2,Female,15,50-54 years,493,Ischemic heart disease,380,Particulate matter pollution,1,Number,2014,1046.695526,1581.10665,621.9759187
1,All Population,3,YLDs (Years Lived with Disability),4850,Goa,1,Male,15,50-54 years,502,Lower extremity peripheral arterial disease,91,Lead exposure,1,Number,2022,0.003580204,0.013091738,-0.000419177
1,All Population,3,YLDs (Years Lived with Disability),4850,Goa,2,Female,15,50-54 years,502,Lower extremity peripheral arterial disease,91,Lead exposure,1,Number,2022,0.004648923,0.015888001,-0.000452288
1,All Population,3,YLDs (Years Lived with Disability),4875,West Bengal,1,Male,15,50-54 years,494,Stroke,91,Lead exposure,1,Number,2014,558.8938476,1373.531965,-77.61485712
1,All Population,3,YLDs (Years Lived with Disability),4875,West Bengal,2,Female,15,50-54 years,494,Stroke,91,Lead exposure,1,Number,2014,429.6397409,1014.821442,-59.35395779
1,All Population,3,YLDs (Years Lived with Disability),4849,Delhi,1,Male,15,50-54 years,493,Ischemic heart disease,380,Particulate matter pollution,1,Number,2022,313.8109944,479.7671254,155.221334
1,All Population,3,YLDs (Years Lived with Disability),4849,Delhi,2,Female,15,50-54 years,493,Ischemic heart disease,380,Particulate matter pollution,1,Number,2022,185.3455807,280.5264166,98.07370073
1,All Population,3,YLDs (Years Lived with Disability),4849,Delhi,1,Male,15,50-54 years,494,Stroke,91,Lead exposure,1,Number,2022,45.95660701,130.13011,-5.444644183
1,All Population,3,YLDs (Years Lived with Disability),4849,Delhi,2,Female,15,50-54 years,494,Stroke,91,Lead exposure,1,Number,2022,38.69252994,96.91010989,-4.049289221
1,All Population,3,YLDs (Years Lived with Disability),4862,Meghalaya,1,Male,15,50-54 years,493,Ischemic heart disease,380,Particulate matter pollution,1,Number,2022,21.69137051,33.64600453,11.78636557
1,All Population,3,YLDs (Years Lived with Disability),4862,Meghalaya,2,Female,15,50-54 years,493,Ischemic heart disease,380,Particulate matter pollution,1,Number,2022,15.32519392,23.13153127,8.776411997
1,All Population,3,YLDs (Years Lived with Disability),4862,Meghalaya,1,Male,15,50-54 years,494,Stroke,91,Lead exposure,1,Number,2022,9.653273709,25.76024338,-1.576648227
1,All Population,3,YLDs (Years Lived with Disability),4862,Meghalaya,2,Female,15,50-54 years,494,Stroke,91,Lead exposure,1,Number,2022,7.516661455,20.34699874,-1.290024393
1,All Population,3,YLDs (Years Lived with Disability),4857,Kerala,1,Male,15,50-54 years,500,Atrial fibrillation and flutter,91,Lead exposure,1,Number,2022,11.09985991,38.91825858,-1.562055746
1,All Population,3,YLDs (Years Lived with Disability),4857,Kerala,2,Female,15,50-54 years,500,Atrial fibrillation and flutter,91,Lead exposure,1,Number,2022,10.40723909,36.84347186,-1.41107887
1,All Population,3,YLDs (Years Lived with Disability),4868,Rajasthan,1,Male,15,50-54 years,494,Stroke,380,Particulate matter pollution,1,Number,2022,1463.670692,2245.366409,810.4436687
1,All Population,3,YLDs (Years Lived with Disability),4868,Rajasthan,2,Female,15,50-54 years,494,Stroke,380,Particulate matter pollution,1,Number,2022,1350.902603,1995.202562,767.0458501
1,All Population,3,YLDs (Years Lived with Disability),4862,Meghalaya,1,Male,15,50-54 years,498,Hypertensive heart disease,91,Lead exposure,1,Number,2022,0.725741056,1.912977729,0
1,All Population,3,YLDs (Years Lived with Disability),4862,Meghalaya,2,Female,15,50-54 years,498,Hypertensive heart disease,91,Lead exposure,1,Number,2022,1.019961965,2.423555071,0
1,All Population,3,YLDs (Years Lived with Disability),4863,Mizoram,1,Male,15,50-54 years,494,Stroke,380,Particulate matter pollution,1,Number,2021,14.94103373,23.10082589,8.166043251
1,All Population,3,YLDs (Years Lived with Disability),4863,Mizoram,2,Female,15,50-54 years,494,Stroke,380,Particulate matter pollution,1,Number,2021,13.67651912,20.98969985,7.404610056
1,All Population,3,YLDs (Years Lived with Disability),4862,Meghalaya,1,Male,15,50-54 years,498,Hypertensive heart disease,91,Lead exposure,1,Number,2021,0.741263453,1.919035928,0
1,All Population,3,YLDs (Years Lived with Disability),4862,Meghalaya,2,Female,15,50-54 years,498,Hypertensive heart disease,91,Lead exposure,1,Number,2021,1.006149384,2.36222424,0
1,All Population,3,YLDs (Years Lived with Disability),4871,Telangana,1,Male,15,50-54 years,502,Lower extremity peripheral arterial disease,91,Lead exposure,1,Number,2022,0.078800064,0.273003879,-0.008756793
1,All Population,3,YLDs (Years Lived with Disability),4871,Telangana,2,Female,15,50-54 years,502,Lower extremity peripheral arterial disease,91,Lead exposure,1,Number,2022,0.090968767,0.294159665,-0.00986151
1,All Population,3,YLDs (Years Lived with Disability),4863,Mizoram,1,Male,15,50-54 years,500,Atrial fibrillation and flutter,91,Lead exposure,1,Number,2021,0.306853318,0.977988646,-0.045074222
1,All Population,3,YLDs (Years Lived with Disability),4863,Mizoram,2,Female,15,50-54 years,500,Atrial fibrillation and flutter,91,Lead exposure,1,Number,2021,0.210283954,0.765285712,-0.034701068
1,All Population,3,YLDs (Years Lived with Disability),4875,West Bengal,1,Male,15,50-54 years,494,Stroke,380,Particulate matter pollution,1,Number,2022,3565.720169,5498.078292,2022.788413
1,All Population,3,YLDs (Years Lived with Disability),4875,West Bengal,2,Female,15,50-54 years,494,Stroke,380,Particulate matter pollution,1,Number,2022,3400.009674,5254.85336,1899.340336
1,All Population,3,YLDs (Years Lived with Disability),4871,Telangana,1,Male,15,50-54 years,494,Stroke,380,Particulate matter pollution,1,Number,2014,500.0427577,767.2545518,281.6266816
1,All Population,3,YLDs (Years Lived with Disability),4871,Telangana,2,Female,15,50-54 years,494,Stroke,380,Particulate matter pollution,1,Number,2014,420.5916201,635.3083004,242.8932128
1,All Population,3,YLDs (Years Lived with Disability),4857,Kerala,1,Male,15,50-54 years,502,Lower extremity peripheral arterial disease,91,Lead exposure,1,Number,2022,0.080879455,0.254473668,-0.008328388
1,All Population,3,YLDs (Years Lived with Disability),4857,Kerala,2,Female,15,50-54 years,502,Lower extremity peripheral arterial disease,91,Lead exposure,1,Number,2022,0.119468904,0.386445026,-0.01422565
1,All Population,3,YLDs (Years Lived with Disability),4874,Uttarakhand,1,Male,15,50-54 years,493,Ischemic heart disease,91,Lead exposure,1,Number,2022,170.4427119,254.6655845,104.2647578
1,All Population,3,YLDs (Years Lived with Disability),4874,Uttarakhand,2,Female,15,50-54 years,493,Ischemic heart disease,91,Lead exposure,1,Number,2022,86.07734738,126.2615588,52.47215022
1,All Population,3,YLDs (Years Lived with Disability),4875,West Bengal,1,Male,15,50-54 years,494,Stroke,380,Particulate matter pollution,1,Number,2021,3673.052382,5577.674879,2121.087396
1,All Population,3,YLDs (Years Lived with Disability),4875,West Bengal,2,Female,15,50-54 years,494,Stroke,380,Particulate matter pollution,1,Number,2021,3411.549308,5069.72017,2016.88292
1,All Population,3,YLDs (Years Lived with Disability),4868,Rajasthan,1,Male,15,50-54 years,500,Atrial fibrillation and flutter,91,Lead exposure,1,Number,2022,11.55569929,35.94427262,-1.400854018
1,All Population,3,YLDs (Years Lived with Disability),4868,Rajasthan,2,Female,15,50-54 years,500,Atrial fibrillation and flutter,91,Lead exposure,1,Number,2022,7.216880869,23.44298529,-0.985026764
1,All Population,3,YLDs (Years Lived with Disability),4875,West Bengal,1,Male,15,50-54 years,500,Atrial fibrillation and flutter,91,Lead exposure,1,Number,2022,28.45740578,91.11641191,-4.603676748
1,All Population,3,YLDs (Years Lived with Disability),4875,West Bengal,2,Female,15,50-54 years,500,Atrial fibrillation and flutter,91,Lead exposure,1,Number,2022,22.70590154,75.6250649,-3.046543082
1,All Population,3,YLDs (Years Lived with Disability),4871,Telangana,1,Male,15,50-54 years,502,Lower extremity peripheral arterial disease,91,Lead exposure,1,Number,2021,0.078987104,0.255943746,-0.008495904
1,All Population,3,YLDs (Years Lived with Disability),4871,Telangana,2,Female,15,50-54 years,502,Lower extremity peripheral arterial disease,91,Lead exposure,1,Number,2021,0.090732566,0.313498215,-0.009957382
1,All Population,3,YLDs (Years Lived with Disability),4875,West Bengal,1,Male,15,50-54 years,500,Atrial fibrillation and flutter,91,Lead exposure,1,Number,2021,28.67419827,98.52216057,-4.278579033
1,All Population,3,YLDs (Years Lived with Disability),4875,West Bengal,2,Female,15,50-54 years,500,Atrial fibrillation and flutter,91,Lead exposure,1,Number,2021,22.35925667,74.44982688,-3.092557294
1,All Population,3,YLDs (Years Lived with Disability),4871,Telangana,1,Male,15,50-54 years,500,Atrial fibrillation and flutter,91,Lead exposure,1,Number,2014,8.540424956,26.25882211,-1.204073239
1,All Population,3,YLDs (Years Lived with Disability),4871,Telangana,2,Female,15,50-54 years,500,Atrial fibrillation and flutter,91,Lead exposure,1,Number,2014,5.956360845,18.72294708,-0.872798781
1,All Population,3,YLDs (Years Lived with Disability),4870,Tamil Nadu,1,Male,15,50-54 years,493,Ischemic heart disease,380,Particulate matter pollution,1,Number,2022,1183.747766,1793.894394,661.9183413
1,All Population,3,YLDs (Years Lived with Disability),4870,Tamil Nadu,2,Female,15,50-54 years,493,Ischemic heart disease,380,Particulate matter pollution,1,Number,2022,682.3210728,1007.911787,392.6370449
1,All Population,3,YLDs (Years Lived with Disability),4870,Tamil Nadu,1,Male,15,50-54 years,494,Stroke,91,Lead exposure,1,Number,2022,450.3789555,1205.530509,-77.33006284
1,All Population,3,YLDs (Years Lived with Disability),4870,Tamil Nadu,2,Female,15,50-54 years,494,Stroke,91,Lead exposure,1,Number,2022,369.9737274,908.8770767,-50.65872957
1,All Population,3,YLDs (Years Lived with Disability),4874,Uttarakhand,1,Male,15,50-54 years,502,Lower extremity peripheral arterial disease,91,Lead exposure,1,Number,2022,0.022832569,0.075714573,-0.001937176
1,All Population,3,YLDs (Years Lived with Disability),4874,Uttarakhand,2,Female,15,50-54 years,502,Lower extremity peripheral arterial disease,91,Lead exposure,1,Number,2022,0.032753156,0.108170513,-0.003130873
1,All Population,3,YLDs (Years Lived with Disability),4865,Odisha,1,Male,15,50-54 years,494,Stroke,380,Particulate matter pollution,1,Number,2022,1184.860593,1877.577405,631.9347749
1,All Population,3,YLDs (Years Lived with Disability),4865,Odisha,2,Female,15,50-54 years,494,Stroke,380,Particulate matter pollution,1,Number,2022,1053.927076,1578.318154,547.2956853
1,All Population,3,YLDs (Years Lived with Disability),4863,Mizoram,1,Male,15,50-54 years,494,Stroke,380,Particulate matter pollution,1,Number,2022,14.30609028,22.7480464,7.542584931
1,All Population,3,YLDs (Years Lived with Disability),4863,Mizoram,2,Female,15,50-54 years,494,Stroke,380,Particulate matter pollution,1,Number,2022,13.12106331,20.58420652,7.077870512
1,All Population,3,YLDs (Years Lived with Disability),4863,Mizoram,1,Male,15,50-54 years,500,Atrial fibrillation and flutter,91,Lead exposure,1,Number,2022,0.303638614,1.058952371,-0.054294963
1,All Population,3,YLDs (Years Lived with Disability),4863,Mizoram,2,Female,15,50-54 years,500,Atrial fibrillation and flutter,91,Lead exposure,1,Number,2022,0.215251937,0.748362619,-0.040495479
1,All Population,3,YLDs (Years Lived with Disability),4872,Tripura,1,Male,15,50-54 years,493,Ischemic heart disease,91,Lead exposure,1,Number,2022,49.12019787,71.26828389,29.08683389
1,All Population,3,YLDs (Years Lived with Disability),4872,Tripura,2,Female,15,50-54 years,493,Ischemic heart disease,91,Lead exposure,1,Number,2022,27.6286576,40.36382834,16.95106638
1,All Population,3,YLDs (Years Lived with Disability),4865,Odisha,1,Male,15,50-54 years,498,Hypertensive heart disease,91,Lead exposure,1,Number,2022,15.3082413,36.73137694,0
1,All Population,3,YLDs (Years Lived with Disability),4865,Odisha,2,Female,15,50-54 years,498,Hypertensive heart disease,91,Lead exposure,1,Number,2022,18.49767557,47.33117584,0
1,All Population,3,YLDs (Years Lived with Disability),4865,Odisha,1,Male,15,50-54 years,500,Atrial fibrillation and flutter,91,Lead exposure,1,Number,2022,12.69717869,39.69038121,-1.59028532
1,All Population,3,YLDs (Years Lived with Disability),4865,Odisha,2,Female,15,50-54 years,500,Atrial fibrillation and flutter,91,Lead exposure,1,Number,2022,9.162445431,32.17459228,-1.294442747
1,All Population,3,YLDs (Years Lived with Disability),4870,Tamil Nadu,1,Male,15,50-54 years,498,Hypertensive heart disease,91,Lead exposure,1,Number,2022,15.63946138,37.93419693,0
1,All Population,3,YLDs (Years Lived with Disability),4870,Tamil Nadu,2,Female,15,50-54 years,498,Hypertensive heart disease,91,Lead exposure,1,Number,2022,28.10609953,64.77043724,0
1,All Population,3,YLDs (Years Lived with Disability),4865,Odisha,1,Male,15,50-54 years,502,Lower extremity peripheral arterial disease,91,Lead exposure,1,Number,2022,0.103993806,0.373724513,-0.012394031
1,All Population,3,YLDs (Years Lived with Disability),4865,Odisha,2,Female,15,50-54 years,502,Lower extremity peripheral arterial disease,91,Lead exposure,1,Number,2022,0.132375522,0.481634027,-0.015506353
1,All Population,3,YLDs (Years Lived with Disability),4873,Uttar Pradesh,1,Male,15,50-54 years,493,Ischemic heart disease,380,Particulate matter pollution,1,Number,2014,2875.854584,4232.831648,1689.299442
1,All Population,3,YLDs (Years Lived with Disability),4873,Uttar Pradesh,2,Female,15,50-54 years,493,Ischemic heart disease,380,Particulate matter pollution,1,Number,2014,1932.338109,2878.298691,1135.500287
1,All Population,3,YLDs (Years Lived with Disability),4842,Arunachal Pradesh,1,Male,15,50-54 years,494,Stroke,91,Lead exposure,1,Number,2023,5.529294097,14.41330791,-0.855172647
1,All Population,3,YLDs (Years Lived with Disability),4842,Arunachal Pradesh,2,Female,15,50-54 years,494,Stroke,91,Lead exposure,1,Number,2023,3.444429114,8.99727112,-0.512965998
1,All Population,3,YLDs (Years Lived with Disability),4873,Uttar Pradesh,1,Male,15,50-54 years,494,Stroke,91,Lead exposure,1,Number,2014,722.4886094,1766.126816,-90.06316449
1,All Population,3,YLDs (Years Lived with Disability),4873,Uttar Pradesh,2,Female,15,50-54 years,494,Stroke,91,Lead exposure,1,Number,2014,697.073529,1702.927875,-89.24495331
1,All Population,3,YLDs (Years Lived with Disability),4873,Uttar Pradesh,1,Male,15,50-54 years,498,Hypertensive heart disease,91,Lead exposure,1,Number,2014,47.17673047,125.6282427,0
1,All Population,3,YLDs (Years Lived with Disability),4873,Uttar Pradesh,2,Female,15,50-54 years,498,Hypertensive heart disease,91,Lead exposure,1,Number,2014,58.88345883,151.700692,0
1,All Population,3,YLDs (Years Lived with Disability),44538,Other Union Territories,1,Male,15,50-54 years,494,Stroke,380,Particulate matter pollution,1,Number,2014,45.26563765,70.05196237,23.72047987
1,All Population,3,YLDs (Years Lived with Disability),44538,Other Union Territories,2,Female,15,50-54 years,494,Stroke,380,Particulate matter pollution,1,Number,2014,40.67176721,65.20015462,22.87216809
1,All Population,3,YLDs (Years Lived with Disability),44538,Other Union Territories,1,Male,15,50-54 years,498,Hypertensive heart disease,91,Lead exposure,1,Number,2014,0.623507533,1.514052489,0
1,All Population,3,YLDs (Years Lived with Disability),44538,Other Union Territories,2,Female,15,50-54 years,498,Hypertensive heart disease,91,Lead exposure,1,Number,2014,1.047572955,2.321480084,0
1,All Population,3,YLDs (Years Lived with Disability),4869,Sikkim,1,Male,15,50-54 years,493,Ischemic heart disease,91,Lead exposure,1,Number,2022,5.41469067,7.999574574,3.43987192
1,All Population,3,YLDs (Years Lived with Disability),4869,Sikkim,2,Female,15,50-54 years,493,Ischemic heart disease,91,Lead exposure,1,Number,2022,3.390565191,4.886319951,2.078104596
1,All Population,3,YLDs (Years Lived with Disability),4842,Arunachal Pradesh,1,Male,15,50-54 years,498,Hypertensive heart disease,91,Lead exposure,1,Number,2023,0.344275411,0.905129571,0
1,All Population,3,YLDs (Years Lived with Disability),4842,Arunachal Pradesh,2,Female,15,50-54 years,498,Hypertensive heart disease,91,Lead exposure,1,Number,2023,0.490434319,1.147059586,0
1,All Population,3,YLDs (Years Lived with Disability),4844,Bihar,1,Male,15,50-54 years,493,Ischemic heart disease,380,Particulate matter pollution,1,Number,2023,1253.14347,1898.405023,709.4183829
1,All Population,3,YLDs (Years Lived with Disability),4844,Bihar,2,Female,15,50-54 years,493,Ischemic heart disease,380,Particulate matter pollution,1,Number,2023,756.7053428,1127.790069,434.3718454
1,All Population,3,YLDs (Years Lived with Disability),4844,Bihar,1,Male,15,50-54 years,494,Stroke,91,Lead exposure,1,Number,2023,346.6755475,926.9967427,-51.14113637
1,All Population,3,YLDs (Years Lived with Disability),4844,Bihar,2,Female,15,50-54 years,494,Stroke,91,Lead exposure,1,Number,2023,272.2434036,716.5944318,-44.83638349
1,All Population,3,YLDs (Years Lived with Disability),4859,Madhya Pradesh,1,Male,15,50-54 years,502,Lower extremity peripheral arterial disease,91,Lead exposure,1,Number,2022,0.188539976,0.682469206,-0.018025025
1,All Population,3,YLDs (Years Lived with Disability),4859,Madhya Pradesh,2,Female,15,50-54 years,502,Lower extremity peripheral arterial disease,91,Lead exposure,1,Number,2022,0.225083821,0.770765488,-0.023955358
1,All Population,3,YLDs (Years Lived with Disability),4851,Gujarat,1,Male,15,50-54 years,493,Ischemic heart disease,91,Lead exposure,1,Number,2023,998.2314479,1457.419942,603.8926904
1,All Population,3,YLDs (Years Lived with Disability),4851,Gujarat,2,Female,15,50-54 years,493,Ischemic heart disease,91,Lead exposure,1,Number,2023,542.8919923,799.1413058,341.9164758
1,All Population,3,YLDs (Years Lived with Disability),4851,Gujarat,1,Male,15,50-54 years,493,Ischemic heart disease,380,Particulate matter pollution,1,Number,2022,1004.779373,1497.902544,568.8822206
1,All Population,3,YLDs (Years Lived with Disability),4851,Gujarat,2,Female,15,50-54 years,493,Ischemic heart disease,380,Particulate matter pollution,1,Number,2022,568.2066739,844.9229612,335.0794762
1,All Population,3,YLDs (Years Lived with Disability),4851,Gujarat,1,Male,15,50-54 years,494,Stroke,91,Lead exposure,1,Number,2022,371.9894824,977.1074759,-59.01871091
1,All Population,3,YLDs (Years Lived with Disability),4851,Gujarat,2,Female,15,50-54 years,494,Stroke,91,Lead exposure,1,Number,2022,303.9572334,800.4632392,-51.89060732
1,All Population,3,YLDs (Years Lived with Disability),4849,Delhi,1,Male,15,50-54 years,494,Stroke,380,Particulate matter pollution,1,Number,2022,367.8927177,571.5917976,199.7363722
1,All Population,3,YLDs (Years Lived with Disability),4849,Delhi,2,Female,15,50-54 years,494,Stroke,380,Particulate matter pollution,1,Number,2022,387.643049,601.5401435,218.1657333
1,All Population,3,YLDs (Years Lived with Disability),4849,Delhi,1,Male,15,50-54 years,498,Hypertensive heart disease,91,Lead exposure,1,Number,2022,2.396904706,7.493584788,0
1,All Population,3,YLDs (Years Lived with Disability),4849,Delhi,2,Female,15,50-54 years,498,Hypertensive heart disease,91,Lead exposure,1,Number,2022,3.364145588,9.195798847,0
1,All Population,3,YLDs (Years Lived with Disability),4841,Andhra Pradesh,1,Male,15,50-54 years,494,Stroke,380,Particulate matter pollution,1,Number,2023,825.7280388,1285.194925,429.7441425
1,All Population,3,YLDs (Years Lived with Disability),4841,Andhra Pradesh,2,Female,15,50-54 years,494,Stroke,380,Particulate matter pollution,1,Number,2023,788.6151819,1193.786892,420.8883042
1,All Population,3,YLDs (Years Lived with Disability),4841,Andhra Pradesh,1,Male,15,50-54 years,498,Hypertensive heart disease,91,Lead exposure,1,Number,2023,8.350179645,22.8398859,0
1,All Population,3,YLDs (Years Lived with Disability),4841,Andhra Pradesh,2,Female,15,50-54 years,498,Hypertensive heart disease,91,Lead exposure,1,Number,2023,14.77775597,39.03630183,0
1,All Population,3,YLDs (Years Lived with Disability),4869,Sikkim,1,Male,15,50-54 years,493,Ischemic heart disease,380,Particulate matter pollution,1,Number,2022,5.945993582,9.14780972,3.367498036
1,All Population,3,YLDs (Years Lived with Disability),4869,Sikkim,2,Female,15,50-54 years,493,Ischemic heart disease,380,Particulate matter pollution,1,Number,2022,4.110696862,6.099181069,2.370584575
1,All Population,3,YLDs (Years Lived with Disability),4869,Sikkim,1,Male,15,50-54 years,494,Stroke,91,Lead exposure,1,Number,2022,2.355119645,6.334631265,-0.348131408
1,All Population,3,YLDs (Years Lived with Disability),4869,Sikkim,2,Female,15,50-54 years,494,Stroke,91,Lead exposure,1,Number,2022,1.741638061,4.236306233,-0.242340028
1,All Population,3,YLDs (Years Lived with Disability),4874,Uttarakhand,1,Male,15,50-54 years,494,Stroke,380,Particulate matter pollution,1,Number,2022,248.5436745,381.4388387,126.2310479
1,All Population,3,YLDs (Years Lived with Disability),4874,Uttarakhand,2,Female,15,50-54 years,494,Stroke,380,Particulate matter pollution,1,Number,2022,205.3207732,312.8623997,105.7229361
1,All Population,3,YLDs (Years Lived with Disability),4857,Kerala,1,Male,15,50-54 years,494,Stroke,380,Particulate matter pollution,1,Number,2023,775.9519044,1249.766428,382.4107828
1,All Population,3,YLDs (Years Lived with Disability),4857,Kerala,2,Female,15,50-54 years,494,Stroke,380,Particulate matter pollution,1,Number,2023,830.7736576,1317.713124,448.3880685
1,All Population,3,YLDs (Years Lived with Disability),4851,Gujarat,1,Male,15,50-54 years,498,Hypertensive heart disease,91,Lead exposure,1,Number,2022,13.82357481,34.42625924,0
1,All Population,3,YLDs (Years Lived with Disability),4851,Gujarat,2,Female,15,50-54 years,498,Hypertensive heart disease,91,Lead exposure,1,Number,2022,24.30466793,56.27693756,0
1,All Population,3,YLDs (Years Lived with Disability),4857,Kerala,1,Male,15,50-54 years,500,Atrial fibrillation and flutter,91,Lead exposure,1,Number,2023,11.11182567,37.61086262,-1.719598537
1,All Population,3,YLDs (Years Lived with Disability),4857,Kerala,2,Female,15,50-54 years,500,Atrial fibrillation and flutter,91,Lead exposure,1,Number,2023,10.19256794,37.05003948,-1.46844255
1,All Population,3,YLDs (Years Lived with Disability),4867,Punjab,1,Male,15,50-54 years,493,Ischemic heart disease,91,Lead exposure,1,Number,2023,416.9889426,610.4701544,246.4886244
1,All Population,3,YLDs (Years Lived with Disability),4867,Punjab,2,Female,15,50-54 years,493,Ischemic heart disease,91,Lead exposure,1,Number,2023,254.5156652,372.9847488,153.7675422
1,All Population,3,YLDs (Years Lived with Disability),4854,Jammu & Kashmir and Ladakh,1,Male,15,50-54 years,493,Ischemic heart disease,91,Lead exposure,1,Number,2022,143.5984167,212.3920938,83.44238883
1,All Population,3,YLDs (Years Lived with Disability),4854,Jammu & Kashmir and Ladakh,2,Female,15,50-54 years,493,Ischemic heart disease,91,Lead exposure,1,Number,2022,85.08969175,123.8367155,49.92260945
1,All Population,3,YLDs (Years Lived with Disability),4862,Meghalaya,1,Male,15,50-54 years,494,Stroke,380,Particulate matter pollution,1,Number,2022,46.494902,74.03795682,27.20127744
1,All Population,3,YLDs (Years Lived with Disability),4862,Meghalaya,2,Female,15,50-54 years,494,Stroke,380,Particulate matter pollution,1,Number,2022,42.44733833,63.00295495,23.44894386
1,All Population,3,YLDs (Years Lived with Disability),4861,Manipur,1,Male,15,50-54 years,494,Stroke,380,Particulate matter pollution,1,Number,2022,71.88979784,109.6844944,38.02314639
1,All Population,3,YLDs (Years Lived with Disability),4861,Manipur,2,Female,15,50-54 years,494,Stroke,380,Particulate matter pollution,1,Number,2022,59.19243049,95.29223543,32.69692087
1,All Population,3,YLDs (Years Lived with Disability),4861,Manipur,1,Male,15,50-54 years,498,Hypertensive heart disease,91,Lead exposure,1,Number,2022,0.964415381,2.498986015,0
1,All Population,3,YLDs (Years Lived with Disability),4861,Manipur,2,Female,15,50-54 years,498,Hypertensive heart disease,91,Lead exposure,1,Number,2022,1.421949499,3.501242403,0
1,All Population,3,YLDs (Years Lived with Disability),4862,Meghalaya,1,Male,15,50-54 years,500,Atrial fibrillation and flutter,91,Lead exposure,1,Number,2022,0.723904063,2.161255757,-0.098991007
1,All Population,3,YLDs (Years Lived with Disability),4862,Meghalaya,2,Female,15,50-54 years,500,Atrial fibrillation and flutter,91,Lead exposure,1,Number,2022,0.58919977,1.942201143,-0.087673526
1,All Population,3,YLDs (Years Lived with Disability),4841,Andhra Pradesh,1,Male,15,50-54 years,494,Stroke,380,Particulate matter pollution,1,Number,2022,804.3461099,1312.074271,442.2024849
1,All Population,3,YLDs (Years Lived with Disability),4841,Andhra Pradesh,2,Female,15,50-54 years,494,Stroke,380,Particulate matter pollution,1,Number,2022,782.5325582,1266.559295,433.9562876
1,All Population,3,YLDs (Years Lived with Disability),4874,Uttarakhand,1,Male,15,50-54 years,500,Atrial fibrillation and flutter,91,Lead exposure,1,Number,2022,2.89522835,8.605336267,-0.344141632
1,All Population,3,YLDs (Years Lived with Disability),4874,Uttarakhand,2,Female,15,50-54 years,500,Atrial fibrillation and flutter,91,Lead exposure,1,Number,2022,2.209179805,7.015256941,-0.255650568
1,All Population,3,YLDs (Years Lived with Disability),4868,Rajasthan,1,Male,15,50-54 years,493,Ischemic heart disease,91,Lead exposure,1,Number,2022,780.2050373,1142.335031,434.1792758
1,All Population,3,YLDs (Years Lived with Disability),4868,Rajasthan,2,Female,15,50-54 years,493,Ischemic heart disease,91,Lead exposure,1,Number,2022,332.8739912,496.9705603,196.0307648
1,All Population,3,YLDs (Years Lived with Disability),4852,Haryana,1,Male,15,50-54 years,493,Ischemic heart disease,91,Lead exposure,1,Number,2022,317.163516,471.2410467,186.5048379
1,All Population,3,YLDs (Years Lived with Disability),4852,Haryana,2,Female,15,50-54 years,493,Ischemic heart disease,91,Lead exposure,1,Number,2022,161.6791405,242.3688238,96.65321101
1,All Population,3,YLDs (Years Lived with Disability),4862,Meghalaya,1,Male,15,50-54 years,493,Ischemic heart disease,380,Particulate matter pollution,1,Number,2023,22.90762655,35.05078799,13.18578481
1,All Population,3,YLDs (Years Lived with Disability),4862,Meghalaya,2,Female,15,50-54 years,493,Ischemic heart disease,380,Particulate matter pollution,1,Number,2023,16.2597799,24.63855854,8.941549703
1,All Population,3,YLDs (Years Lived with Disability),4862,Meghalaya,1,Male,15,50-54 years,494,Stroke,91,Lead exposure,1,Number,2023,9.734769058,26.46807607,-1.745328167
1,All Population,3,YLDs (Years Lived with Disability),4862,Meghalaya,2,Female,15,50-54 years,494,Stroke,91,Lead exposure,1,Number,2023,7.519748649,20.22725871,-1.26379539
1,All Population,3,YLDs (Years Lived with Disability),4856,Karnataka,1,Male,15,50-54 years,500,Atrial fibrillation and flutter,91,Lead exposure,1,Number,2022,24.85704088,76.68977799,-3.228079727
1,All Population,3,YLDs (Years Lived with Disability),4856,Karnataka,2,Female,15,50-54 years,500,Atrial fibrillation and flutter,91,Lead exposure,1,Number,2022,19.90304686,60.24635479,-2.169037554
1,All Population,3,YLDs (Years Lived with Disability),4844,Bihar,1,Male,15,50-54 years,494,Stroke,380,Particulate matter pollution,1,Number,2022,1929.225804,3087.792853,1055.94175
1,All Population,3,YLDs (Years Lived with Disability),4844,Bihar,2,Female,15,50-54 years,494,Stroke,380,Particulate matter pollution,1,Number,2022,1745.172545,2612.020682,1002.237235
1,All Population,3,YLDs (Years Lived with Disability),4853,Himachal Pradesh,1,Male,15,50-54 years,502,Lower extremity peripheral arterial disease,91,Lead exposure,1,Number,2023,0.017747834,0.058155494,-0.002690704
1,All Population,3,YLDs (Years Lived with Disability),4853,Himachal Pradesh,2,Female,15,50-54 years,502,Lower extremity peripheral arterial disease,91,Lead exposure,1,Number,2023,0.022626587,0.071708224,-0.003098413
1,All Population,3,YLDs (Years Lived with Disability),4854,Jammu & Kashmir and Ladakh,1,Male,15,50-54 years,502,Lower extremity peripheral arterial disease,91,Lead exposure,1,Number,2022,0.022619743,0.084203801,-0.002373407
1,All Population,3,YLDs (Years Lived with Disability),4854,Jammu & Kashmir and Ladakh,2,Female,15,50-54 years,502,Lower extremity peripheral arterial disease,91,Lead exposure,1,Number,2022,0.027130911,0.100347502,-0.00403714
1,All Population,3,YLDs (Years Lived with Disability),4856,Karnataka,1,Male,15,50-54 years,502,Lower extremity peripheral arterial disease,91,Lead exposure,1,Number,2022,0.187159915,0.646539224,-0.019416852
1,All Population,3,YLDs (Years Lived with Disability),4856,Karnataka,2,Female,15,50-54 years,502,Lower extremity peripheral arterial disease,91,Lead exposure,1,Number,2022,0.264851812,0.801657525,-0.030919543
1,All Population,3,YLDs (Years Lived with Disability),4843,Assam,1,Male,15,50-54 years,494,Stroke,380,Particulate matter pollution,1,Number,2022,961.2947891,1496.035326,497.4585856
1,All Population,3,YLDs (Years Lived with Disability),4843,Assam,2,Female,15,50-54 years,494,Stroke,380,Particulate matter pollution,1,Number,2022,652.7407002,1009.605135,365.1904723
1,All Population,3,YLDs (Years Lived with Disability),4841,Andhra Pradesh,1,Male,15,50-54 years,500,Atrial fibrillation and flutter,91,Lead exposure,1,Number,2022,14.56555009,43.84321845,-1.59860939
1,All Population,3,YLDs (Years Lived with Disability),4841,Andhra Pradesh,2,Female,15,50-54 years,500,Atrial fibrillation and flutter,91,Lead exposure,1,Number,2022,11.18887461,32.81893888,-1.162411568
1,All Population,3,YLDs (Years Lived with Disability),4842,Arunachal Pradesh,1,Male,15,50-54 years,502,Lower extremity peripheral arterial disease,91,Lead exposure,1,Number,2022,0.002898764,0.010336605,-0.00029192
1,All Population,3,YLDs (Years Lived with Disability),4842,Arunachal Pradesh,2,Female,15,50-54 years,502,Lower extremity peripheral arterial disease,91,Lead exposure,1,Number,2022,0.003619341,0.013031246,-0.000360451
1,All Population,3,YLDs (Years Lived with Disability),4846,Chhattisgarh,1,Male,15,50-54 years,493,Ischemic heart disease,380,Particulate matter pollution,1,Number,2022,440.1581552,664.1370212,254.5268798
1,All Population,3,YLDs (Years Lived with Disability),4846,Chhattisgarh,2,Female,15,50-54 years,493,Ischemic heart disease,380,Particulate matter pollution,1,Number,2022,258.6490093,387.9737376,151.7998698
1,All Population,3,YLDs (Years Lived with Disability),4846,Chhattisgarh,1,Male,15,50-54 years,494,Stroke,91,Lead exposure,1,Number,2022,149.7473408,393.1857165,-24.23543043
1,All Population,3,YLDs (Years Lived with Disability),4846,Chhattisgarh,2,Female,15,50-54 years,494,Stroke,91,Lead exposure,1,Number,2022,92.51116029,230.5164219,-13.82931755
1,All Population,3,YLDs (Years Lived with Disability),4843,Assam,1,Male,15,50-54 years,498,Hypertensive heart disease,91,Lead exposure,1,Number,2022,10.2249955,25.99677475,0
1,All Population,3,YLDs (Years Lived with Disability),4843,Assam,2,Female,15,50-54 years,498,Hypertensive heart disease,91,Lead exposure,1,Number,2022,10.90833567,28.25995009,0
1,All Population,3,YLDs (Years Lived with Disability),44538,Other Union Territories,1,Male,15,50-54 years,494,Stroke,380,Particulate matter pollution,1,Number,2023,52.33006865,83.883234,26.96336875
1,All Population,3,YLDs (Years Lived with Disability),44538,Other Union Territories,2,Female,15,50-54 years,494,Stroke,380,Particulate matter pollution,1,Number,2023,49.01496065,78.7361341,26.19035692
1,All Population,3,YLDs (Years Lived with Disability),4844,Bihar,1,Male,15,50-54 years,500,Atrial fibrillation and flutter,91,Lead exposure,1,Number,2022,27.81630778,86.71096811,-3.816713702
1,All Population,3,YLDs (Years Lived with Disability),4844,Bihar,2,Female,15,50-54 years,500,Atrial fibrillation and flutter,91,Lead exposure,1,Number,2022,18.96511394,64.27316906,-2.568305464
1,All Population,3,YLDs (Years Lived with Disability),4873,Uttar Pradesh,1,Male,15,50-54 years,493,Ischemic heart disease,91,Lead exposure,1,Number,2022,2737.636705,4054.628748,1606.807204
1,All Population,3,YLDs (Years Lived with Disability),4873,Uttar Pradesh,2,Female,15,50-54 years,493,Ischemic heart disease,91,Lead exposure,1,Number,2022,1688.886804,2493.526082,1011.614052
1,All Population,3,YLDs (Years Lived with Disability),4875,West Bengal,1,Male,15,50-54 years,494,Stroke,91,Lead exposure,1,Number,2023,573.4596212,1432.666404,-80.67333898
1,All Population,3,YLDs (Years Lived with Disability),4875,West Bengal,2,Female,15,50-54 years,494,Stroke,91,Lead exposure,1,Number,2023,508.9068043,1283.551749,-65.29820747
1,All Population,3,YLDs (Years Lived with Disability),4855,Jharkhand,1,Male,15,50-54 years,494,Stroke,380,Particulate matter pollution,1,Number,2023,684.9933862,1077.788321,385.9531617
1,All Population,3,YLDs (Years Lived with Disability),4855,Jharkhand,2,Female,15,50-54 years,494,Stroke,380,Particulate matter pollution,1,Number,2023,793.5595541,1180.774688,450.3502401
1,All Population,3,YLDs (Years Lived with Disability),4846,Chhattisgarh,1,Male,15,50-54 years,498,Hypertensive heart disease,91,Lead exposure,1,Number,2022,6.858979496,18.17823175,0
1,All Population,3,YLDs (Years Lived with Disability),4846,Chhattisgarh,2,Female,15,50-54 years,498,Hypertensive heart disease,91,Lead exposure,1,Number,2022,9.079754231,24.96401344,0
1,All Population,3,YLDs (Years Lived with Disability),4865,Odisha,1,Male,15,50-54 years,493,Ischemic heart disease,380,Particulate matter pollution,1,Number,2022,487.6518243,743.3466786,273.7364663
1,All Population,3,YLDs (Years Lived with Disability),4865,Odisha,2,Female,15,50-54 years,493,Ischemic heart disease,380,Particulate matter pollution,1,Number,2022,319.7699515,485.5167443,178.9247235
1,All Population,3,YLDs (Years Lived with Disability),4855,Jharkhand,1,Male,15,50-54 years,493,Ischemic heart disease,91,Lead exposure,1,Number,2022,190.736133,276.4362894,114.2778382
1,All Population,3,YLDs (Years Lived with Disability),4855,Jharkhand,2,Female,15,50-54 years,493,Ischemic heart disease,91,Lead exposure,1,Number,2022,150.1947841,220.3007589,84.48972278
1,All Population,3,YLDs (Years Lived with Disability),44538,Other Union Territories,1,Male,15,50-54 years,494,Stroke,91,Lead exposure,1,Number,2022,13.3720918,33.90081104,-2.485976589
1,All Population,3,YLDs (Years Lived with Disability),44538,Other Union Territories,2,Female,15,50-54 years,494,Stroke,91,Lead exposure,1,Number,2022,10.57360674,26.23956544,-1.808575564
1,All Population,3,YLDs (Years Lived with Disability),4873,Uttar Pradesh,1,Male,15,50-54 years,494,Stroke,380,Particulate matter pollution,1,Number,2023,5971.821129,9053.239195,3489.609183
1,All Population,3,YLDs (Years Lived with Disability),4873,Uttar Pradesh,2,Female,15,50-54 years,494,Stroke,380,Particulate matter pollution,1,Number,2023,6404.612237,9890.5387,3661.665756
1,All Population,3,YLDs (Years Lived with Disability),4855,Jharkhand,1,Male,15,50-54 years,500,Atrial fibrillation and flutter,91,Lead exposure,1,Number,2023,8.692722749,28.20394457,-1.13051108
1,All Population,3,YLDs (Years Lived with Disability),4855,Jharkhand,2,Female,15,50-54 years,500,Atrial fibrillation and flutter,91,Lead exposure,1,Number,2023,5.862604124,18.80829826,-0.70594722
1,All Population,3,YLDs (Years Lived with Disability),44538,Other Union Territories,1,Male,15,50-54 years,500,Atrial fibrillation and flutter,91,Lead exposure,1,Number,2023,1.163164819,3.460316418,-0.247506683
1,All Population,3,YLDs (Years Lived with Disability),44538,Other Union Territories,2,Female,15,50-54 years,500,Atrial fibrillation and flutter,91,Lead exposure,1,Number,2023,0.777020111,2.39033591,-0.110002267
1,All Population,3,YLDs (Years Lived with Disability),44538,Other Union Territories,1,Male,15,50-54 years,498,Hypertensive heart disease,91,Lead exposure,1,Number,2022,0.745057063,1.836077244,0
1,All Population,3,YLDs (Years Lived with Disability),44538,Other Union Territories,2,Female,15,50-54 years,498,Hypertensive heart disease,91,Lead exposure,1,Number,2022,1.203279608,2.779392235,0
1,All Population,3,YLDs (Years Lived with Disability),4855,Jharkhand,1,Male,15,50-54 years,502,Lower extremity peripheral arterial disease,91,Lead exposure,1,Number,2023,0.063789954,0.218107094,-0.005752564
1,All Population,3,YLDs (Years Lived with Disability),4855,Jharkhand,2,Female,15,50-54 years,502,Lower extremity peripheral arterial disease,91,Lead exposure,1,Number,2023,0.075181034,0.286776785,-0.006625352
1,All Population,3,YLDs (Years Lived with Disability),4853,Himachal Pradesh,1,Male,15,50-54 years,493,Ischemic heart disease,380,Particulate matter pollution,1,Number,2022,125.6322566,192.2258308,74.00902985
1,All Population,3,YLDs (Years Lived with Disability),4853,Himachal Pradesh,2,Female,15,50-54 years,493,Ischemic heart disease,380,Particulate matter pollution,1,Number,2022,63.97601886,97.33590564,38.40861136
1,All Population,3,YLDs (Years Lived with Disability),4850,Goa,1,Male,15,50-54 years,493,Ischemic heart disease,380,Particulate matter pollution,1,Number,2022,21.33091406,33.32424979,11.24061457
1,All Population,3,YLDs (Years Lived with Disability),4850,Goa,2,Female,15,50-54 years,493,Ischemic heart disease,380,Particulate matter pollution,1,Number,2022,13.98724302,22.21737565,7.883200511
1,All Population,3,YLDs (Years Lived with Disability),4853,Himachal Pradesh,1,Male,15,50-54 years,494,Stroke,91,Lead exposure,1,Number,2022,27.40206863,78.84009097,-5.036064895
1,All Population,3,YLDs (Years Lived with Disability),4853,Himachal Pradesh,2,Female,15,50-54 years,494,Stroke,91,Lead exposure,1,Number,2022,20.49408714,58.80419095,-2.925344047
1,All Population,3,YLDs (Years Lived with Disability),4875,West Bengal,1,Male,15,50-54 years,498,Hypertensive heart disease,91,Lead exposure,1,Number,2023,18.5208065,49.04899973,0
1,All Population,3,YLDs (Years Lived with Disability),4875,West Bengal,2,Female,15,50-54 years,498,Hypertensive heart disease,91,Lead exposure,1,Number,2023,29.31136826,72.24232874,0
1,All Population,3,YLDs (Years Lived with Disability),4859,Madhya Pradesh,1,Male,15,50-54 years,494,Stroke,380,Particulate matter pollution,1,Number,2022,1837.813397,2807.44011,1014.028633
1,All Population,3,YLDs (Years Lived with Disability),4859,Madhya Pradesh,2,Female,15,50-54 years,494,Stroke,380,Particulate matter pollution,1,Number,2022,1574.852178,2352.624221,865.1952871
1,All Population,3,YLDs (Years Lived with Disability),4867,Punjab,1,Male,15,50-54 years,493,Ischemic heart disease,380,Particulate matter pollution,1,Number,2022,578.8780227,866.8111443,331.8092464
1,All Population,3,YLDs (Years Lived with Disability),4867,Punjab,2,Female,15,50-54 years,493,Ischemic heart disease,380,Particulate matter pollution,1,Number,2022,381.4879919,564.3806777,226.5338056
1,All Population,3,YLDs (Years Lived with Disability),4867,Punjab,1,Male,15,50-54 years,494,Stroke,91,Lead exposure,1,Number,2022,84.29584308,215.7668922,-14.55651249
1,All Population,3,YLDs (Years Lived with Disability),4867,Punjab,2,Female,15,50-54 years,494,Stroke,91,Lead exposure,1,Number,2022,67.01863592,168.6200394,-11.08130915
1,All Population,3,YLDs (Years Lived with Disability),4850,Goa,1,Male,15,50-54 years,493,Ischemic heart disease,91,Lead exposure,1,Number,2023,22.23096636,33.27984628,13.23673347
1,All Population,3,YLDs (Years Lived with Disability),4850,Goa,2,Female,15,50-54 years,493,Ischemic heart disease,91,Lead exposure,1,Number,2023,13.16232803,18.93912931,7.847160664
1,All Population,3,YLDs (Years Lived with Disability),4863,Mizoram,1,Male,15,50-54 years,493,Ischemic heart disease,380,Particulate matter pollution,1,Number,2022,6.860090845,10.4536094,3.868592538
1,All Population,3,YLDs (Years Lived with Disability),4863,Mizoram,2,Female,15,50-54 years,493,Ischemic heart disease,380,Particulate matter pollution,1,Number,2022,4.129785742,6.277043813,2.206976046
1,All Population,3,YLDs (Years Lived with Disability),4863,Mizoram,1,Male,15,50-54 years,494,Stroke,91,Lead exposure,1,Number,2022,3.65225429,10.08814714,-0.682224434
1,All Population,3,YLDs (Years Lived with Disability),4863,Mizoram,2,Female,15,50-54 years,494,Stroke,91,Lead exposure,1,Number,2022,2.442752693,6.582790941,-0.406682677
1,All Population,3,YLDs (Years Lived with Disability),4859,Madhya Pradesh,1,Male,15,50-54 years,500,Atrial fibrillation and flutter,91,Lead exposure,1,Number,2022,21.18490054,66.36557317,-3.412939497
1,All Population,3,YLDs (Years Lived with Disability),4859,Madhya Pradesh,2,Female,15,50-54 years,500,Atrial fibrillation and flutter,91,Lead exposure,1,Number,2022,15.02792244,45.33906979,-2.380873138
1,All Population,3,YLDs (Years Lived with Disability),4857,Kerala,1,Male,15,50-54 years,493,Ischemic heart disease,91,Lead exposure,1,Number,2022,607.8239398,897.4112235,355.9157723
1,All Population,3,YLDs (Years Lived with Disability),4857,Kerala,2,Female,15,50-54 years,493,Ischemic heart disease,91,Lead exposure,1,Number,2022,340.559626,500.8962735,214.8841854
1,All Population,3,YLDs (Years Lived with Disability),4864,Nagaland,1,Male,15,50-54 years,494,Stroke,380,Particulate matter pollution,1,Number,2022,39.04549501,60.26360106,20.41152431
1,All Population,3,YLDs (Years Lived with Disability),4864,Nagaland,2,Female,15,50-54 years,494,Stroke,380,Particulate matter pollution,1,Number,2022,24.68999271,38.07379748,13.31131068
1,All Population,3,YLDs (Years Lived with Disability),4864,Nagaland,1,Male,15,50-54 years,498,Hypertensive heart disease,91,Lead exposure,1,Number,2022,0.361932512,0.90026192,0
1,All Population,3,YLDs (Years Lived with Disability),4864,Nagaland,2,Female,15,50-54 years,498,Hypertensive heart disease,91,Lead exposure,1,Number,2022,0.410071413,1.039908682,0
1,All Population,3,YLDs (Years Lived with Disability),4873,Uttar Pradesh,1,Male,15,50-54 years,500,Atrial fibrillation and flutter,91,Lead exposure,1,Number,2023,60.93388058,175.555812,-7.475803421
1,All Population,3,YLDs (Years Lived with Disability),4873,Uttar Pradesh,2,Female,15,50-54 years,500,Atrial fibrillation and flutter,91,Lead exposure,1,Number,2023,41.41391897,116.4682967,-5.524346614
1,All Population,3,YLDs (Years Lived with Disability),4863,Mizoram,1,Male,15,50-54 years,498,Hypertensive heart disease,91,Lead exposure,1,Number,2022,0.367878763,0.907362255,0
1,All Population,3,YLDs (Years Lived with Disability),4863,Mizoram,2,Female,15,50-54 years,498,Hypertensive heart disease,91,Lead exposure,1,Number,2022,0.653609949,1.75217436,0
1,All Population,3,YLDs (Years Lived with Disability),4860,Maharashtra,1,Male,15,50-54 years,494,Stroke,91,Lead exposure,1,Number,2023,565.9325711,1601.866242,-95.09483987
1,All Population,3,YLDs (Years Lived with Disability),4860,Maharashtra,2,Female,15,50-54 years,494,Stroke,91,Lead exposure,1,Number,2023,413.0637181,1128.427726,-67.52003617
1,All Population,3,YLDs (Years Lived with Disability),4860,Maharashtra,1,Male,15,50-54 years,498,Hypertensive heart disease,91,Lead exposure,1,Number,2023,21.93111177,57.22618209,0
1,All Population,3,YLDs (Years Lived with Disability),4860,Maharashtra,2,Female,15,50-54 years,498,Hypertensive heart disease,91,Lead exposure,1,Number,2023,40.21782495,94.07581367,0
1,All Population,3,YLDs (Years Lived with Disability),4871,Telangana,1,Male,15,50-54 years,494,Stroke,380,Particulate matter pollution,1,Number,2023,532.5781179,818.8323294,284.0093266
1,All Population,3,YLDs (Years Lived with Disability),4871,Telangana,2,Female,15,50-54 years,494,Stroke,380,Particulate matter pollution,1,Number,2023,464.5969745,705.3151796,256.4710815
1,All Population,3,YLDs (Years Lived with Disability),4871,Telangana,1,Male,15,50-54 years,500,Atrial fibrillation and flutter,91,Lead exposure,1,Number,2023,9.704630564,34.2388968,-1.46674428
1,All Population,3,YLDs (Years Lived with Disability),4871,Telangana,2,Female,15,50-54 years,500,Atrial fibrillation and flutter,91,Lead exposure,1,Number,2023,6.689708996,20.85660649,-0.881512364
1,All Population,3,YLDs (Years Lived with Disability),4871,Telangana,1,Male,15,50-54 years,502,Lower extremity peripheral arterial disease,91,Lead exposure,1,Number,2023,0.076572387,0.297217864,-0.009990474
1,All Population,3,YLDs (Years Lived with Disability),4871,Telangana,2,Female,15,50-54 years,502,Lower extremity peripheral arterial disease,91,Lead exposure,1,Number,2023,0.090221617,0.318231257,-0.00844102
1,All Population,3,YLDs (Years Lived with Disability),4872,Tripura,1,Male,15,50-54 years,500,Atrial fibrillation and flutter,91,Lead exposure,1,Number,2022,1.22954557,3.751297078,-0.165830444
1,All Population,3,YLDs (Years Lived with Disability),4872,Tripura,2,Female,15,50-54 years,500,Atrial fibrillation and flutter,91,Lead exposure,1,Number,2022,0.892417124,2.916818664,-0.125291192
1,All Population,3,YLDs (Years Lived with Disability),4872,Tripura,1,Male,15,50-54 years,502,Lower extremity peripheral arterial disease,91,Lead exposure,1,Number,2022,0.010790669,0.037120698,-0.000960603
1,All Population,3,YLDs (Years Lived with Disability),4872,Tripura,2,Female,15,50-54 years,502,Lower extremity peripheral arterial disease,91,Lead exposure,1,Number,2022,0.012421874,0.041605053,-0.001012178
1,All Population,3,YLDs (Years Lived with Disability),4867,Punjab,1,Male,15,50-54 years,498,Hypertensive heart disease,91,Lead exposure,1,Number,2022,3.125535386,8.160537607,0
1,All Population,3,YLDs (Years Lived with Disability),4867,Punjab,2,Female,15,50-54 years,498,Hypertensive heart disease,91,Lead exposure,1,Number,2022,5.04254533,13.63151939,0
1,All Population,3,YLDs (Years Lived with Disability),4869,Sikkim,1,Male,15,50-54 years,502,Lower extremity peripheral arterial disease,91,Lead exposure,1,Number,2023,0.001246605,0.004837755,-0.000116557
1,All Population,3,YLDs (Years Lived with Disability),4869,Sikkim,2,Female,15,50-54 years,502,Lower extremity peripheral arterial disease,91,Lead exposure,1,Number,2023,0.001167838,0.004198281,-0.000103179
1,All Population,3,YLDs (Years Lived with Disability),4859,Madhya Pradesh,1,Male,15,50-54 years,494,Stroke,380,Particulate matter pollution,1,Number,2023,1901.244392,2958.901695,1049.962848
1,All Population,3,YLDs (Years Lived with Disability),4859,Madhya Pradesh,2,Female,15,50-54 years,494,Stroke,380,Particulate matter pollution,1,Number,2023,1619.031392,2436.550187,895.7405258
1,All Population,3,YLDs (Years Lived with Disability),4859,Madhya Pradesh,1,Male,15,50-54 years,498,Hypertensive heart disease,91,Lead exposure,1,Number,2023,14.32353832,38.88826819,0
1,All Population,3,YLDs (Years Lived with Disability),4859,Madhya Pradesh,2,Female,15,50-54 years,498,Hypertensive heart disease,91,Lead exposure,1,Number,2023,27.24573313,70.39625472,0
1,All Population,3,YLDs (Years Lived with Disability),4871,Telangana,1,Male,15,50-54 years,493,Ischemic heart disease,91,Lead exposure,1,Number,2022,502.2309931,740.8706111,296.9216357
1,All Population,3,YLDs (Years Lived with Disability),4871,Telangana,2,Female,15,50-54 years,493,Ischemic heart disease,91,Lead exposure,1,Number,2022,278.2037757,401.687888,164.0585126
1,All Population,3,YLDs (Years Lived with Disability),4875,West Bengal,1,Male,15,50-54 years,502,Lower extremity peripheral arterial disease,91,Lead exposure,1,Number,2022,0.218028482,0.697349498,-0.030926928
1,All Population,3,YLDs (Years Lived with Disability),4875,West Bengal,2,Female,15,50-54 years,502,Lower extremity peripheral arterial disease,91,Lead exposure,1,Number,2022,0.293658649,0.939493711,-0.031013885
1,All Population,3,YLDs (Years Lived with Disability),4852,Haryana,1,Male,15,50-54 years,493,Ischemic heart disease,91,Lead exposure,1,Number,2023,321.8449406,476.796954,191.3000906
1,All Population,3,YLDs (Years Lived with Disability),4852,Haryana,2,Female,15,50-54 years,493,Ischemic heart disease,91,Lead exposure,1,Number,2023,165.9658758,238.8703521,96.22943951
1,All Population,3,YLDs (Years Lived with Disability),4846,Chhattisgarh,1,Male,15,50-54 years,493,Ischemic heart disease,380,Particulate matter pollution,1,Number,2023,452.0246395,694.4469571,266.5280304
1,All Population,3,YLDs (Years Lived with Disability),4846,Chhattisgarh,2,Female,15,50-54 years,493,Ischemic heart disease,380,Particulate matter pollution,1,Number,2023,267.4659545,388.4878406,159.4731217
1,All Population,3,YLDs (Years Lived with Disability),4846,Chhattisgarh,1,Male,15,50-54 years,494,Stroke,91,Lead exposure,1,Number,2023,150.1316469,392.05863,-22.34235521
1,All Population,3,YLDs (Years Lived with Disability),4846,Chhattisgarh,2,Female,15,50-54 years,494,Stroke,91,Lead exposure,1,Number,2023,93.35748418,241.4658354,-13.87449152
1,All Population,3,YLDs (Years Lived with Disability),4843,Assam,1,Male,15,50-54 years,493,Ischemic heart disease,380,Particulate matter pollution,1,Number,2023,355.822233,541.5281975,194.6604217
1,All Population,3,YLDs (Years Lived with Disability),4843,Assam,2,Female,15,50-54 years,493,Ischemic heart disease,380,Particulate matter pollution,1,Number,2023,220.5462532,324.3429849,125.5130086
1,All Population,3,YLDs (Years Lived with Disability),4843,Assam,1,Male,15,50-54 years,494,Stroke,91,Lead exposure,1,Number,2023,190.4540665,515.8960154,-29.66375433
1,All Population,3,YLDs (Years Lived with Disability),4843,Assam,2,Female,15,50-54 years,494,Stroke,91,Lead exposure,1,Number,2023,109.2452539,273.7131471,-16.67275371
1,All Population,3,YLDs (Years Lived with Disability),4868,Rajasthan,1,Male,15,50-54 years,493,Ischemic heart disease,91,Lead exposure,1,Number,2023,790.8458458,1215.225175,459.5528058
1,All Population,3,YLDs (Years Lived with Disability),4868,Rajasthan,2,Female,15,50-54 years,493,Ischemic heart disease,91,Lead exposure,1,Number,2023,340.7113576,518.4568056,207.4954517
1,All Population,3,YLDs (Years Lived with Disability),4870,Tamil Nadu,1,Male,15,50-54 years,493,Ischemic heart disease,91,Lead exposure,1,Number,2022,1515.575993,2176.438374,894.7515716
1,All Population,3,YLDs (Years Lived with Disability),4870,Tamil Nadu,2,Female,15,50-54 years,493,Ischemic heart disease,91,Lead exposure,1,Number,2022,798.9203476,1142.945503,463.4674464
1,All Population,3,YLDs (Years Lived with Disability),4870,Tamil Nadu,1,Male,15,50-54 years,502,Lower extremity peripheral arterial disease,91,Lead exposure,1,Number,2022,0.253906684,0.832971025,-0.028932544
1,All Population,3,YLDs (Years Lived with Disability),4870,Tamil Nadu,2,Female,15,50-54 years,502,Lower extremity peripheral arterial disease,91,Lead exposure,1,Number,2022,0.336600865,1.025114598,-0.032697231
1,All Population,3,YLDs (Years Lived with Disability),4843,Assam,1,Male,15,50-54 years,498,Hypertensive heart disease,91,Lead exposure,1,Number,2023,10.1913989,27.32369502,0
1,All Population,3,YLDs (Years Lived with Disability),4843,Assam,2,Female,15,50-54 years,498,Hypertensive heart disease,91,Lead exposure,1,Number,2023,10.4146735,25.54136322,0
1,All Population,3,YLDs (Years Lived with Disability),4841,Andhra Pradesh,1,Male,15,50-54 years,493,Ischemic heart disease,380,Particulate matter pollution,1,Number,2023,744.1488545,1112.362586,417.0178051
1,All Population,3,YLDs (Years Lived with Disability),4841,Andhra Pradesh,2,Female,15,50-54 years,493,Ischemic heart disease,380,Particulate matter pollution,1,Number,2023,447.8789969,673.5901946,258.3699036
1,All Population,3,YLDs (Years Lived with Disability),4841,Andhra Pradesh,1,Male,15,50-54 years,494,Stroke,91,Lead exposure,1,Number,2023,183.1856181,492.5508566,-25.51408673
1,All Population,3,YLDs (Years Lived with Disability),4841,Andhra Pradesh,2,Female,15,50-54 years,494,Stroke,91,Lead exposure,1,Number,2023,145.7013977,378.2728414,-17.66945571
1,All Population,3,YLDs (Years Lived with Disability),4860,Maharashtra,1,Male,15,50-54 years,502,Lower extremity peripheral arterial disease,91,Lead exposure,1,Number,2022,0.256780467,0.744438188,-0.035588187
1,All Population,3,YLDs (Years Lived with Disability),4860,Maharashtra,2,Female,15,50-54 years,502,Lower extremity peripheral arterial disease,91,Lead exposure,1,Number,2022,0.316931892,1.032184011,-0.039954897
1,All Population,3,YLDs (Years Lived with Disability),4846,Chhattisgarh,1,Male,15,50-54 years,493,Ischemic heart disease,91,Lead exposure,1,Number,2023,344.5378197,506.050608,203.9953685
1,All Population,3,YLDs (Years Lived with Disability),4846,Chhattisgarh,2,Female,15,50-54 years,493,Ischemic heart disease,91,Lead exposure,1,Number,2023,183.6512897,264.3564838,110.607064
1,All Population,3,YLDs (Years Lived with Disability),4843,Assam,1,Male,15,50-54 years,493,Ischemic heart disease,91,Lead exposure,1,Number,2023,315.2931805,463.0589055,189.7100976
1,All Population,3,YLDs (Years Lived with Disability),4843,Assam,2,Female,15,50-54 years,493,Ischemic heart disease,91,Lead exposure,1,Number,2023,174.6786669,255.4024907,105.0389119
1,All Population,3,YLDs (Years Lived with Disability),4849,Delhi,1,Male,15,50-54 years,494,Stroke,380,Particulate matter pollution,1,Number,2023,373.7052767,559.7572167,213.2568475
1,All Population,3,YLDs (Years Lived with Disability),4849,Delhi,2,Female,15,50-54 years,494,Stroke,380,Particulate matter pollution,1,Number,2023,399.1616584,598.863475,207.3515466
1,All Population,3,YLDs (Years Lived with Disability),4865,Odisha,1,Male,15,50-54 years,493,Ischemic heart disease,91,Lead exposure,1,Number,2023,412.9490842,611.9862417,234.2310557
1,All Population,3,YLDs (Years Lived with Disability),4865,Odisha,2,Female,15,50-54 years,493,Ischemic heart disease,91,Lead exposure,1,Number,2023,240.7090685,348.8745306,145.9442282
1,All Population,3,YLDs (Years Lived with Disability),4856,Karnataka,1,Male,15,50-54 years,493,Ischemic heart disease,380,Particulate matter pollution,1,Number,2023,918.0707719,1481.513113,513.9291612
1,All Population,3,YLDs (Years Lived with Disability),4856,Karnataka,2,Female,15,50-54 years,493,Ischemic heart disease,380,Particulate matter pollution,1,Number,2023,631.0554747,950.3337807,349.2844877
1,All Population,3,YLDs (Years Lived with Disability),4856,Karnataka,1,Male,15,50-54 years,494,Stroke,91,Lead exposure,1,Number,2023,319.2763572,825.7669215,-61.69038048
1,All Population,3,YLDs (Years Lived with Disability),4856,Karnataka,2,Female,15,50-54 years,494,Stroke,91,Lead exposure,1,Number,2023,258.4925198,745.5878706,-42.59810692
1,All Population,3,YLDs (Years Lived with Disability),4849,Delhi,1,Male,15,50-54 years,500,Atrial fibrillation and flutter,91,Lead exposure,1,Number,2023,3.740149053,11.60538745,-0.522939025
1,All Population,3,YLDs (Years Lived with Disability),4849,Delhi,2,Female,15,50-54 years,500,Atrial fibrillation and flutter,91,Lead exposure,1,Number,2023,2.599669251,8.876058027,-0.338891627
1,All Population,3,YLDs (Years Lived with Disability),4842,Arunachal Pradesh,1,Male,15,50-54 years,493,Ischemic heart disease,91,Lead exposure,1,Number,2023,12.94287987,19.06039619,7.793265611
1,All Population,3,YLDs (Years Lived with Disability),4842,Arunachal Pradesh,2,Female,15,50-54 years,493,Ischemic heart disease,91,Lead exposure,1,Number,2023,6.02775571,8.846527746,3.477398962
1,All Population,3,YLDs (Years Lived with Disability),4856,Karnataka,1,Male,15,50-54 years,498,Hypertensive heart disease,91,Lead exposure,1,Number,2023,13.19367613,37.35114422,0
1,All Population,3,YLDs (Years Lived with Disability),4856,Karnataka,2,Female,15,50-54 years,498,Hypertensive heart disease,91,Lead exposure,1,Number,2023,23.66091728,63.20717587,0
1,All Population,3,YLDs (Years Lived with Disability),44538,Other Union Territories,1,Male,15,50-54 years,493,Ischemic heart disease,380,Particulate matter pollution,1,Number,2022,47.14426831,71.28933819,27.11018052
1,All Population,3,YLDs (Years Lived with Disability),44538,Other Union Territories,2,Female,15,50-54 years,493,Ischemic heart disease,380,Particulate matter pollution,1,Number,2022,26.5167383,39.55032134,14.92239754
1,All Population,3,YLDs (Years Lived with Disability),4854,Jammu & Kashmir and Ladakh,1,Male,15,50-54 years,494,Stroke,380,Particulate matter pollution,1,Number,2023,178.6722132,280.8725526,91.80376944
1,All Population,3,YLDs (Years Lived with Disability),4854,Jammu & Kashmir and Ladakh,2,Female,15,50-54 years,494,Stroke,380,Particulate matter pollution,1,Number,2023,152.6784628,240.7780924,78.80730294
1,All Population,3,YLDs (Years Lived with Disability),4854,Jammu & Kashmir and Ladakh,1,Male,15,50-54 years,498,Hypertensive heart disease,91,Lead exposure,1,Number,2023,1.926941789,5.998173852,0
1,All Population,3,YLDs (Years Lived with Disability),4854,Jammu & Kashmir and Ladakh,2,Female,15,50-54 years,498,Hypertensive heart disease,91,Lead exposure,1,Number,2023,2.554212091,6.332690623,0
1,All Population,3,YLDs (Years Lived with Disability),4854,Jammu & Kashmir and Ladakh,1,Male,15,50-54 years,502,Lower extremity peripheral arterial disease,91,Lead exposure,1,Number,2023,0.022103385,0.074020457,-0.002813541
1,All Population,3,YLDs (Years Lived with Disability),4854,Jammu & Kashmir and Ladakh,2,Female,15,50-54 years,502,Lower extremity peripheral arterial disease,91,Lead exposure,1,Number,2023,0.027791803,0.092999749,-0.003303715
1,All Population,3,YLDs (Years Lived with Disability),4854,Jammu & Kashmir and Ladakh,1,Male,15,50-54 years,500,Atrial fibrillation and flutter,91,Lead exposure,1,Number,2023,2.760450885,8.760527676,-0.441272344
1,All Population,3,YLDs (Years Lived with Disability),4854,Jammu & Kashmir and Ladakh,2,Female,15,50-54 years,500,Atrial fibrillation and flutter,91,Lead exposure,1,Number,2023,2.003305132,6.174808563,-0.266156981
1,All Population,3,YLDs (Years Lived with Disability),4852,Haryana,1,Male,15,50-54 years,494,Stroke,380,Particulate matter pollution,1,Number,2023,794.0893728,1182.949798,457.533028
1,All Population,3,YLDs (Years Lived with Disability),4852,Haryana,2,Female,15,50-54 years,494,Stroke,380,Particulate matter pollution,1,Number,2023,749.9418958,1123.066962,445.2641659
1,All Population,3,YLDs (Years Lived with Disability),4850,Goa,1,Male,15,50-54 years,502,Lower extremity peripheral arterial disease,91,Lead exposure,1,Number,2023,0.003384013,0.012908583,-0.000414252
1,All Population,3,YLDs (Years Lived with Disability),4850,Goa,2,Female,15,50-54 years,502,Lower extremity peripheral arterial disease,91,Lead exposure,1,Number,2023,0.004487832,0.014402661,-0.000445539
1,All Population,3,YLDs (Years Lived with Disability),4868,Rajasthan,1,Male,15,50-54 years,494,Stroke,380,Particulate matter pollution,1,Number,2023,1500.854933,2303.560214,804.2800415
1,All Population,3,YLDs (Years Lived with Disability),4868,Rajasthan,2,Female,15,50-54 years,494,Stroke,380,Particulate matter pollution,1,Number,2023,1379.658605,2110.61009,765.3107279
1,All Population,3,YLDs (Years Lived with Disability),4852,Haryana,1,Male,15,50-54 years,500,Atrial fibrillation and flutter,91,Lead exposure,1,Number,2023,6.958864239,23.5078571,-1.147676384
1,All Population,3,YLDs (Years Lived with Disability),4852,Haryana,2,Female,15,50-54 years,500,Atrial fibrillation and flutter,91,Lead exposure,1,Number,2023,4.86572362,16.56154691,-0.687093374
1,All Population,3,YLDs (Years Lived with Disability),4856,Karnataka,1,Male,15,50-54 years,494,Stroke,380,Particulate matter pollution,1,Number,2023,1165.325255,1857.99627,593.627146
1,All Population,3,YLDs (Years Lived with Disability),4856,Karnataka,2,Female,15,50-54 years,494,Stroke,380,Particulate matter pollution,1,Number,2023,1031.73396,1593.981112,565.2095815
1,All Population,3,YLDs (Years Lived with Disability),4868,Rajasthan,1,Male,15,50-54 years,500,Atrial fibrillation and flutter,91,Lead exposure,1,Number,2023,11.78833628,35.98292676,-1.421676028
1,All Population,3,YLDs (Years Lived with Disability),4868,Rajasthan,2,Female,15,50-54 years,500,Atrial fibrillation and flutter,91,Lead exposure,1,Number,2023,7.359321761,22.89836159,-0.907823204
1,All Population,3,YLDs (Years Lived with Disability),4868,Rajasthan,1,Male,15,50-54 years,502,Lower extremity peripheral arterial disease,91,Lead exposure,1,Number,2023,0.093024695,0.30140393,-0.014718634
1,All Population,3,YLDs (Years Lived with Disability),4868,Rajasthan,2,Female,15,50-54 years,502,Lower extremity peripheral arterial disease,91,Lead exposure,1,Number,2023,0.10905303,0.367428401,-0.010216387
1,All Population,3,YLDs (Years Lived with Disability),4873,Uttar Pradesh,1,Male,15,50-54 years,493,Ischemic heart disease,91,Lead exposure,1,Number,2023,2807.192851,4136.970756,1658.238161
1,All Population,3,YLDs (Years Lived with Disability),4873,Uttar Pradesh,2,Female,15,50-54 years,493,Ischemic heart disease,91,Lead exposure,1,Number,2023,1757.468865,2644.762907,1054.524384
1,All Population,3,YLDs (Years Lived with Disability),4856,Karnataka,1,Male,15,50-54 years,500,Atrial fibrillation and flutter,91,Lead exposure,1,Number,2023,25.07256477,76.89957062,-3.387554794
1,All Population,3,YLDs (Years Lived with Disability),4856,Karnataka,2,Female,15,50-54 years,500,Atrial fibrillation and flutter,91,Lead exposure,1,Number,2023,19.86964518,62.45870634,-2.321406428
1,All Population,3,YLDs (Years Lived with Disability),4853,Himachal Pradesh,1,Male,15,50-54 years,493,Ischemic heart disease,380,Particulate matter pollution,1,Number,2023,129.0701367,208.6910746,72.26089263
1,All Population,3,YLDs (Years Lived with Disability),4853,Himachal Pradesh,2,Female,15,50-54 years,493,Ischemic heart disease,380,Particulate matter pollution,1,Number,2023,65.35416488,96.10902271,35.95020376
1,All Population,3,YLDs (Years Lived with Disability),4874,Uttarakhand,1,Male,15,50-54 years,493,Ischemic heart disease,380,Particulate matter pollution,1,Number,2023,204.1561646,310.6845275,117.2780358
1,All Population,3,YLDs (Years Lived with Disability),4874,Uttarakhand,2,Female,15,50-54 years,493,Ischemic heart disease,380,Particulate matter pollution,1,Number,2023,114.0238859,165.1546317,65.36003661
1,All Population,3,YLDs (Years Lived with Disability),4874,Uttarakhand,1,Male,15,50-54 years,494,Stroke,91,Lead exposure,1,Number,2023,45.87987351,107.6875711,-8.072263113
1,All Population,3,YLDs (Years Lived with Disability),4874,Uttarakhand,2,Female,15,50-54 years,494,Stroke,91,Lead exposure,1,Number,2023,30.67252991,76.45941489,-4.481257357
1,All Population,3,YLDs (Years Lived with Disability),4875,West Bengal,1,Male,15,50-54 years,493,Ischemic heart disease,91,Lead exposure,1,Number,2023,1275.536821,1861.124033,755.9329176
1,All Population,3,YLDs (Years Lived with Disability),4875,West Bengal,2,Female,15,50-54 years,493,Ischemic heart disease,91,Lead exposure,1,Number,2023,855.4558461,1299.56213,515.279755
1,All Population,3,YLDs (Years Lived with Disability),4852,Haryana,1,Male,15,50-54 years,502,Lower extremity peripheral arterial disease,91,Lead exposure,1,Number,2023,0.05001883,0.15515955,-0.006266368
1,All Population,3,YLDs (Years Lived with Disability),4852,Haryana,2,Female,15,50-54 years,502,Lower extremity peripheral arterial disease,91,Lead exposure,1,Number,2023,0.065871951,0.22435048,-0.006443523
1,All Population,3,YLDs (Years Lived with Disability),4872,Tripura,1,Male,15,50-54 years,494,Stroke,380,Particulate matter pollution,1,Number,2023,152.8073931,237.2573613,86.57799023
1,All Population,3,YLDs (Years Lived with Disability),4872,Tripura,2,Female,15,50-54 years,494,Stroke,380,Particulate matter pollution,1,Number,2023,111.4375232,176.745372,58.95992731
1,All Population,3,YLDs (Years Lived with Disability),4861,Manipur,1,Male,15,50-54 years,493,Ischemic heart disease,91,Lead exposure,1,Number,2023,32.15547949,47.96067434,18.86441194
1,All Population,3,YLDs (Years Lived with Disability),4861,Manipur,2,Female,15,50-54 years,493,Ischemic heart disease,91,Lead exposure,1,Number,2023,22.02156532,32.11908686,12.96075598
1,All Population,3,YLDs (Years Lived with Disability),4863,Mizoram,1,Male,15,50-54 years,493,Ischemic heart disease,91,Lead exposure,1,Number,2023,8.135164145,11.92211144,4.84457385
1,All Population,3,YLDs (Years Lived with Disability),4863,Mizoram,2,Female,15,50-54 years,493,Ischemic heart disease,91,Lead exposure,1,Number,2023,4.618789134,6.712522475,2.657441919
1,All Population,3,YLDs (Years Lived with Disability),44538,Other Union Territories,1,Male,15,50-54 years,493,Ischemic heart disease,91,Lead exposure,1,Number,2023,54.40138653,79.9510534,32.52659272
1,All Population,3,YLDs (Years Lived with Disability),44538,Other Union Territories,2,Female,15,50-54 years,493,Ischemic heart disease,91,Lead exposure,1,Number,2023,28.06356725,41.0472512,16.7138359
1,All Population,3,YLDs (Years Lived with Disability),4871,Telangana,1,Male,15,50-54 years,493,Ischemic heart disease,380,Particulate matter pollution,1,Number,2023,475.4787607,731.003833,271.2852335
1,All Population,3,YLDs (Years Lived with Disability),4871,Telangana,2,Female,15,50-54 years,493,Ischemic heart disease,380,Particulate matter pollution,1,Number,2023,303.7209097,457.8349209,171.107089
1,All Population,3,YLDs (Years Lived with Disability),4871,Telangana,1,Male,15,50-54 years,494,Stroke,91,Lead exposure,1,Number,2023,122.221655,282.9212043,-17.64312206
1,All Population,3,YLDs (Years Lived with Disability),4871,Telangana,2,Female,15,50-54 years,494,Stroke,91,Lead exposure,1,Number,2023,82.52657961,208.3755237,-11.11527446
1,All Population,3,YLDs (Years Lived with Disability),4861,Manipur,1,Male,15,50-54 years,493,Ischemic heart disease,380,Particulate matter pollution,1,Number,2023,31.55772594,48.81107751,17.52108966
1,All Population,3,YLDs (Years Lived with Disability),4861,Manipur,2,Female,15,50-54 years,493,Ischemic heart disease,380,Particulate matter pollution,1,Number,2023,23.88262479,36.17931633,13.78534959
1,All Population,3,YLDs (Years Lived with Disability),4855,Jharkhand,1,Male,15,50-54 years,493,Ischemic heart disease,380,Particulate matter pollution,1,Number,2023,245.7210336,374.4863137,143.0630081
1,All Population,3,YLDs (Years Lived with Disability),4855,Jharkhand,2,Female,15,50-54 years,493,Ischemic heart disease,380,Particulate matter pollution,1,Number,2023,213.8887997,330.3959652,118.6158846
1,All Population,3,YLDs (Years Lived with Disability),4855,Jharkhand,1,Male,15,50-54 years,494,Stroke,91,Lead exposure,1,Number,2023,115.2094564,275.3167959,-19.79732338
1,All Population,3,YLDs (Years Lived with Disability),4855,Jharkhand,2,Female,15,50-54 years,494,Stroke,91,Lead exposure,1,Number,2023,107.4904196,283.5368935,-16.06880801
1,All Population,3,YLDs (Years Lived with Disability),4851,Gujarat,1,Male,15,50-54 years,494,Stroke,380,Particulate matter pollution,1,Number,2023,1755.300307,2593.372515,949.0024802
1,All Population,3,YLDs (Years Lived with Disability),4851,Gujarat,2,Female,15,50-54 years,494,Stroke,380,Particulate matter pollution,1,Number,2023,1582.856685,2412.285558,869.8001208
1,All Population,3,YLDs (Years Lived with Disability),4851,Gujarat,1,Male,15,50-54 years,498,Hypertensive heart disease,91,Lead exposure,1,Number,2023,14.11692134,33.64438468,0
1,All Population,3,YLDs (Years Lived with Disability),4851,Gujarat,2,Female,15,50-54 years,498,Hypertensive heart disease,91,Lead exposure,1,Number,2023,24.97384979,59.57915919,0
1,All Population,3,YLDs (Years Lived with Disability),4874,Uttarakhand,1,Male,15,50-54 years,494,Stroke,380,Particulate matter pollution,1,Number,2023,255.4713941,395.5322998,141.911165
1,All Population,3,YLDs (Years Lived with Disability),4874,Uttarakhand,2,Female,15,50-54 years,494,Stroke,380,Particulate matter pollution,1,Number,2023,209.6666673,317.1332391,120.6379109
1,All Population,3,YLDs (Years Lived with Disability),4870,Tamil Nadu,1,Male,15,50-54 years,502,Lower extremity peripheral arterial disease,91,Lead exposure,1,Number,2023,0.250442322,0.835431318,-0.024658755
1,All Population,3,YLDs (Years Lived with Disability),4870,Tamil Nadu,2,Female,15,50-54 years,502,Lower extremity peripheral arterial disease,91,Lead exposure,1,Number,2023,0.33034498,1.036903913,-0.036194078
1,All Population,3,YLDs (Years Lived with Disability),4844,Bihar,1,Male,15,50-54 years,502,Lower extremity peripheral arterial disease,91,Lead exposure,1,Number,2023,0.257474386,1.031446502,-0.024868874
1,All Population,3,YLDs (Years Lived with Disability),4844,Bihar,2,Female,15,50-54 years,502,Lower extremity peripheral arterial disease,91,Lead exposure,1,Number,2023,0.2709017,0.842951003,-0.030018708
1,All Population,3,YLDs (Years Lived with Disability),4872,Tripura,1,Male,15,50-54 years,500,Atrial fibrillation and flutter,91,Lead exposure,1,Number,2023,1.241864777,3.584792763,-0.183131587
1,All Population,3,YLDs (Years Lived with Disability),4872,Tripura,2,Female,15,50-54 years,500,Atrial fibrillation and flutter,91,Lead exposure,1,Number,2023,0.900231837,2.676385595,-0.131011941
1,All Population,3,YLDs (Years Lived with Disability),4860,Maharashtra,1,Male,15,50-54 years,493,Ischemic heart disease,91,Lead exposure,1,Number,2023,1322.571956,1910.47751,815.3468094
1,All Population,3,YLDs (Years Lived with Disability),4860,Maharashtra,2,Female,15,50-54 years,493,Ischemic heart disease,91,Lead exposure,1,Number,2023,775.8616402,1140.938119,466.1074758
1,All Population,3,YLDs (Years Lived with Disability),4861,Manipur,1,Male,15,50-54 years,494,Stroke,91,Lead exposure,1,Number,2023,17.24137767,48.03870365,-2.989646726
1,All Population,3,YLDs (Years Lived with Disability),4861,Manipur,2,Female,15,50-54 years,494,Stroke,91,Lead exposure,1,Number,2023,11.50412386,31.00147048,-1.64262552
1,All Population,3,YLDs (Years Lived with Disability),4862,Meghalaya,1,Male,15,50-54 years,502,Lower extremity peripheral arterial disease,91,Lead exposure,1,Number,2023,0.005972852,0.02057622,-0.000756787
1,All Population,3,YLDs (Years Lived with Disability),4862,Meghalaya,2,Female,15,50-54 years,502,Lower extremity peripheral arterial disease,91,Lead exposure,1,Number,2023,0.007487536,0.024158058,-0.000743304
1,All Population,3,YLDs (Years Lived with Disability),4864,Nagaland,1,Male,15,50-54 years,494,Stroke,380,Particulate matter pollution,1,Number,2023,41.49208376,65.94794067,21.9759645
1,All Population,3,YLDs (Years Lived with Disability),4864,Nagaland,2,Female,15,50-54 years,494,Stroke,380,Particulate matter pollution,1,Number,2023,25.79814504,41.73262286,13.76902185
1,All Population,3,YLDs (Years Lived with Disability),4861,Manipur,1,Male,15,50-54 years,498,Hypertensive heart disease,91,Lead exposure,1,Number,2023,0.953938426,2.364767297,0
1,All Population,3,YLDs (Years Lived with Disability),4861,Manipur,2,Female,15,50-54 years,498,Hypertensive heart disease,91,Lead exposure,1,Number,2023,1.442127724,3.12255206,0
1,All Population,3,YLDs (Years Lived with Disability),4853,Himachal Pradesh,1,Male,15,50-54 years,494,Stroke,91,Lead exposure,1,Number,2023,27.54999107,72.76454869,-4.767725074
1,All Population,3,YLDs (Years Lived with Disability),4853,Himachal Pradesh,2,Female,15,50-54 years,494,Stroke,91,Lead exposure,1,Number,2023,20.53490774,52.44475153,-3.583251358
1,All Population,3,YLDs (Years Lived with Disability),4874,Uttarakhand,1,Male,15,50-54 years,498,Hypertensive heart disease,91,Lead exposure,1,Number,2023,1.709314328,4.353392598,0
1,All Population,3,YLDs (Years Lived with Disability),4874,Uttarakhand,2,Female,15,50-54 years,498,Hypertensive heart disease,91,Lead exposure,1,Number,2023,3.086931561,7.685441562,0
1,All Population,3,YLDs (Years Lived with Disability),4864,Nagaland,1,Male,15,50-54 years,500,Atrial fibrillation and flutter,91,Lead exposure,1,Number,2023,0.449676473,1.412236661,-0.066553193
1,All Population,3,YLDs (Years Lived with Disability),4864,Nagaland,2,Female,15,50-54 years,500,Atrial fibrillation and flutter,91,Lead exposure,1,Number,2023,0.2968858,1.029603379,-0.044539646
1,All Population,3,YLDs (Years Lived with Disability),4872,Tripura,1,Male,15,50-54 years,493,Ischemic heart disease,380,Particulate matter pollution,1,Number,2023,62.4339166,94.13299994,36.32573349
1,All Population,3,YLDs (Years Lived with Disability),4872,Tripura,2,Female,15,50-54 years,493,Ischemic heart disease,380,Particulate matter pollution,1,Number,2023,38.84638586,57.19543787,22.04659273
1,All Population,3,YLDs (Years Lived with Disability),4872,Tripura,1,Male,15,50-54 years,494,Stroke,91,Lead exposure,1,Number,2023,24.78669406,61.510691,-3.793795525
1,All Population,3,YLDs (Years Lived with Disability),4872,Tripura,2,Female,15,50-54 years,494,Stroke,91,Lead exposure,1,Number,2023,15.55094719,38.44469517,-2.486047085
1,All Population,3,YLDs (Years Lived with Disability),4857,Kerala,1,Male,15,50-54 years,493,Ischemic heart disease,91,Lead exposure,1,Number,2023,599.4837782,878.0050089,352.5362222
1,All Population,3,YLDs (Years Lived with Disability),4857,Kerala,2,Female,15,50-54 years,493,Ischemic heart disease,91,Lead exposure,1,Number,2023,341.3549319,503.9172806,194.9148817
1,All Population,3,YLDs (Years Lived with Disability),4870,Tamil Nadu,1,Male,15,50-54 years,494,Stroke,380,Particulate matter pollution,1,Number,2023,1405.530263,2284.461352,745.0345701
1,All Population,3,YLDs (Years Lived with Disability),4870,Tamil Nadu,2,Female,15,50-54 years,494,Stroke,380,Particulate matter pollution,1,Number,2023,1415.128114,2228.888081,746.8283742
1,All Population,3,YLDs (Years Lived with Disability),4867,Punjab,1,Male,15,50-54 years,494,Stroke,380,Particulate matter pollution,1,Number,2023,620.4702242,965.0244459,342.7024489
1,All Population,3,YLDs (Years Lived with Disability),4867,Punjab,2,Female,15,50-54 years,494,Stroke,380,Particulate matter pollution,1,Number,2023,562.2025779,895.0954936,331.3541485
1,All Population,3,YLDs (Years Lived with Disability),4870,Tamil Nadu,1,Male,15,50-54 years,498,Hypertensive heart disease,91,Lead exposure,1,Number,2023,14.9929459,37.20889566,0
1,All Population,3,YLDs (Years Lived with Disability),4870,Tamil Nadu,2,Female,15,50-54 years,498,Hypertensive heart disease,91,Lead exposure,1,Number,2023,27.4115767,67.39615682,0
1,All Population,3,YLDs (Years Lived with Disability),4872,Tripura,1,Male,15,50-54 years,498,Hypertensive heart disease,91,Lead exposure,1,Number,2023,0.918374571,2.268658401,0
1,All Population,3,YLDs (Years Lived with Disability),4872,Tripura,2,Female,15,50-54 years,498,Hypertensive heart disease,91,Lead exposure,1,Number,2023,1.371947051,3.500114857,0
1,All Population,3,YLDs (Years Lived with Disability),4870,Tamil Nadu,1,Male,15,50-54 years,500,Atrial fibrillation and flutter,91,Lead exposure,1,Number,2023,30.56535445,105.0309355,-4.970097308
1,All Population,3,YLDs (Years Lived with Disability),4870,Tamil Nadu,2,Female,15,50-54 years,500,Atrial fibrillation and flutter,91,Lead exposure,1,Number,2023,24.63720878,76.62550568,-3.812865995
1,All Population,3,YLDs (Years Lived with Disability),4867,Punjab,1,Male,15,50-54 years,498,Hypertensive heart disease,91,Lead exposure,1,Number,2023,3.132625462,8.559534671,0
1,All Population,3,YLDs (Years Lived with Disability),4867,Punjab,2,Female,15,50-54 years,498,Hypertensive heart disease,91,Lead exposure,1,Number,2023,4.992240187,11.9672525,0
1,All Population,3,YLDs (Years Lived with Disability),4852,Haryana,1,Male,15,50-54 years,502,Lower extremity peripheral arterial disease,91,Lead exposure,1,Number,2014,0.055029565,0.195797295,-0.005504861
1,All Population,3,YLDs (Years Lived with Disability),4852,Haryana,2,Female,15,50-54 years,502,Lower extremity peripheral arterial disease,91,Lead exposure,1,Number,2014,0.062742207,0.221411445,-0.005893827
1,All Population,3,YLDs (Years Lived with Disability),4853,Himachal Pradesh,1,Male,15,50-54 years,498,Hypertensive heart disease,91,Lead exposure,1,Number,2023,1.534167415,4.306426019,0
1,All Population,3,YLDs (Years Lived with Disability),4853,Himachal Pradesh,2,Female,15,50-54 years,498,Hypertensive heart disease,91,Lead exposure,1,Number,2023,2.418076286,6.788515574,0
1,All Population,3,YLDs (Years Lived with Disability),4869,Sikkim,1,Male,15,50-54 years,493,Ischemic heart disease,380,Particulate matter pollution,1,Number,2023,6.36687482,9.480792317,3.646217262
1,All Population,3,YLDs (Years Lived with Disability),4869,Sikkim,2,Female,15,50-54 years,493,Ischemic heart disease,380,Particulate matter pollution,1,Number,2023,4.439971662,6.307883816,2.598082725
1,All Population,3,YLDs (Years Lived with Disability),4869,Sikkim,1,Male,15,50-54 years,494,Stroke,91,Lead exposure,1,Number,2023,2.401217915,6.451085486,-0.356122903
1,All Population,3,YLDs (Years Lived with Disability),4869,Sikkim,2,Female,15,50-54 years,494,Stroke,91,Lead exposure,1,Number,2023,1.763090274,4.447914471,-0.249646832
1,All Population,3,YLDs (Years Lived with Disability),4865,Odisha,1,Male,15,50-54 years,502,Lower extremity peripheral arterial disease,91,Lead exposure,1,Number,2023,0.105224705,0.341851249,-0.012653248
1,All Population,3,YLDs (Years Lived with Disability),4865,Odisha,2,Female,15,50-54 years,502,Lower extremity peripheral arterial disease,91,Lead exposure,1,Number,2023,0.128415746,0.445402873,-0.013557386
1,All Population,3,YLDs (Years Lived with Disability),4844,Bihar,1,Male,15,50-54 years,493,Ischemic heart disease,91,Lead exposure,1,Number,2023,1048.910461,1530.729188,632.0293248
1,All Population,3,YLDs (Years Lived with Disability),4844,Bihar,2,Female,15,50-54 years,493,Ischemic heart disease,91,Lead exposure,1,Number,2023,579.1738004,843.4685072,331.2175613
1,All Population,3,YLDs (Years Lived with Disability),4856,Karnataka,1,Male,15,50-54 years,493,Ischemic heart disease,380,Particulate matter pollution,1,Number,2014,1000.458185,1506.895766,573.5175466
1,All Population,3,YLDs (Years Lived with Disability),4856,Karnataka,2,Female,15,50-54 years,493,Ischemic heart disease,380,Particulate matter pollution,1,Number,2014,638.4876297,962.8001821,362.5413192
1,All Population,3,YLDs (Years Lived with Disability),4856,Karnataka,1,Male,15,50-54 years,494,Stroke,91,Lead exposure,1,Number,2014,287.0324801,785.5417503,-46.9611119
1,All Population,3,YLDs (Years Lived with Disability),4856,Karnataka,2,Female,15,50-54 years,494,Stroke,91,Lead exposure,1,Number,2014,213.056558,563.5901797,-36.80752337
1,All Population,3,YLDs (Years Lived with Disability),4859,Madhya Pradesh,1,Male,15,50-54 years,493,Ischemic heart disease,380,Particulate matter pollution,1,Number,2023,1375.700838,2084.687594,795.4214038
1,All Population,3,YLDs (Years Lived with Disability),4859,Madhya Pradesh,2,Female,15,50-54 years,493,Ischemic heart disease,380,Particulate matter pollution,1,Number,2023,703.8099913,1050.165986,410.5436462
1,All Population,3,YLDs (Years Lived with Disability),4859,Madhya Pradesh,1,Male,15,50-54 years,494,Stroke,91,Lead exposure,1,Number,2023,315.2115965,749.1670375,-57.77620498
1,All Population,3,YLDs (Years Lived with Disability),4859,Madhya Pradesh,2,Female,15,50-54 years,494,Stroke,91,Lead exposure,1,Number,2023,222.0840213,528.9576677,-37.28634467
1,All Population,3,YLDs (Years Lived with Disability),4863,Mizoram,1,Male,15,50-54 years,493,Ischemic heart disease,380,Particulate matter pollution,1,Number,2023,7.374629765,11.26027245,4.054746626
1,All Population,3,YLDs (Years Lived with Disability),4863,Mizoram,2,Female,15,50-54 years,493,Ischemic heart disease,380,Particulate matter pollution,1,Number,2023,4.565153129,6.934359034,2.488532289
1,All Population,3,YLDs (Years Lived with Disability),4863,Mizoram,1,Male,15,50-54 years,494,Stroke,91,Lead exposure,1,Number,2023,3.651376589,9.714366664,-0.681383429
1,All Population,3,YLDs (Years Lived with Disability),4863,Mizoram,2,Female,15,50-54 years,494,Stroke,91,Lead exposure,1,Number,2023,2.517531347,6.761327246,-0.412421926
1,All Population,3,YLDs (Years Lived with Disability),4869,Sikkim,1,Male,15,50-54 years,498,Hypertensive heart disease,91,Lead exposure,1,Number,2023,0.125667155,0.339243867,0
1,All Population,3,YLDs (Years Lived with Disability),4869,Sikkim,2,Female,15,50-54 years,498,Hypertensive heart disease,91,Lead exposure,1,Number,2023,0.148347011,0.338214007,0
1,All Population,3,YLDs (Years Lived with Disability),4854,Jammu & Kashmir and Ladakh,1,Male,15,50-54 years,493,Ischemic heart disease,380,Particulate matter pollution,1,Number,2014,159.8209043,244.1087437,92.52551859
1,All Population,3,YLDs (Years Lived with Disability),4854,Jammu & Kashmir and Ladakh,2,Female,15,50-54 years,493,Ischemic heart disease,380,Particulate matter pollution,1,Number,2014,103.6893439,158.3539564,59.10016768
1,All Population,3,YLDs (Years Lived with Disability),4849,Delhi,1,Male,15,50-54 years,493,Ischemic heart disease,91,Lead exposure,1,Number,2023,196.9598084,290.2597967,117.8003112
1,All Population,3,YLDs (Years Lived with Disability),4849,Delhi,2,Female,15,50-54 years,493,Ischemic heart disease,91,Lead exposure,1,Number,2023,102.8125107,151.6867963,59.66102055
1,All Population,3,YLDs (Years Lived with Disability),4859,Madhya Pradesh,1,Male,15,50-54 years,493,Ischemic heart disease,91,Lead exposure,1,Number,2014,947.4820473,1437.911965,574.2626253
1,All Population,3,YLDs (Years Lived with Disability),4859,Madhya Pradesh,2,Female,15,50-54 years,493,Ischemic heart disease,91,Lead exposure,1,Number,2014,460.5371831,676.968819,278.8619897
1,All Population,3,YLDs (Years Lived with Disability),4861,Manipur,1,Male,15,50-54 years,493,Ischemic heart disease,91,Lead exposure,1,Number,2014,30.5524582,44.87827957,18.28095732
1,All Population,3,YLDs (Years Lived with Disability),4861,Manipur,2,Female,15,50-54 years,493,Ischemic heart disease,91,Lead exposure,1,Number,2014,20.82702421,30.69330978,12.16418624
1,All Population,3,YLDs (Years Lived with Disability),4849,Delhi,1,Male,15,50-54 years,502,Lower extremity peripheral arterial disease,91,Lead exposure,1,Number,2023,0.025265768,0.071957975,-0.002391754
1,All Population,3,YLDs (Years Lived with Disability),4849,Delhi,2,Female,15,50-54 years,502,Lower extremity peripheral arterial disease,91,Lead exposure,1,Number,2023,0.032420995,0.105666231,-0.003498771
1,All Population,3,YLDs (Years Lived with Disability),4874,Uttarakhand,1,Male,15,50-54 years,493,Ischemic heart disease,91,Lead exposure,1,Number,2014,158.7447078,239.6599108,94.76310754
1,All Population,3,YLDs (Years Lived with Disability),4874,Uttarakhand,2,Female,15,50-54 years,493,Ischemic heart disease,91,Lead exposure,1,Number,2014,85.77250656,124.5511522,50.3971669
1,All Population,3,YLDs (Years Lived with Disability),4865,Odisha,1,Male,15,50-54 years,494,Stroke,380,Particulate matter pollution,1,Number,2014,1093.874897,1665.429019,615.9644792
1,All Population,3,YLDs (Years Lived with Disability),4865,Odisha,2,Female,15,50-54 years,494,Stroke,380,Particulate matter pollution,1,Number,2014,910.9507212,1313.246856,543.3099613
1,All Population,3,YLDs (Years Lived with Disability),4854,Jammu & Kashmir and Ladakh,1,Male,15,50-54 years,494,Stroke,91,Lead exposure,1,Number,2014,29.34716378,71.0926435,-5.224050157
1,All Population,3,YLDs (Years Lived with Disability),4854,Jammu & Kashmir and Ladakh,2,Female,15,50-54 years,494,Stroke,91,Lead exposure,1,Number,2014,20.83773628,53.42952274,-3.70099254
1,All Population,3,YLDs (Years Lived with Disability),4870,Tamil Nadu,1,Male,15,50-54 years,493,Ischemic heart disease,380,Particulate matter pollution,1,Number,2014,1283.247565,1969.738084,739.5171032
1,All Population,3,YLDs (Years Lived with Disability),4870,Tamil Nadu,2,Female,15,50-54 years,493,Ischemic heart disease,380,Particulate matter pollution,1,Number,2014,741.7035683,1151.968569,425.9786224
1,All Population,3,YLDs (Years Lived with Disability),4870,Tamil Nadu,1,Male,15,50-54 years,494,Stroke,91,Lead exposure,1,Number,2014,391.7220013,1024.333175,-57.55817829
1,All Population,3,YLDs (Years Lived with Disability),4870,Tamil Nadu,2,Female,15,50-54 years,494,Stroke,91,Lead exposure,1,Number,2014,297.9913069,778.0103846,-44.99144459
1,All Population,3,YLDs (Years Lived with Disability),4863,Mizoram,1,Male,15,50-54 years,502,Lower extremity peripheral arterial disease,91,Lead exposure,1,Number,2014,0.002793389,0.009208623,-0.000331426
1,All Population,3,YLDs (Years Lived with Disability),4863,Mizoram,2,Female,15,50-54 years,502,Lower extremity peripheral arterial disease,91,Lead exposure,1,Number,2014,0.003326119,0.010407797,-0.000374632
1,All Population,3,YLDs (Years Lived with Disability),4868,Rajasthan,1,Male,15,50-54 years,494,Stroke,380,Particulate matter pollution,1,Number,2014,1159.877727,1689.432771,675.3857708
1,All Population,3,YLDs (Years Lived with Disability),4868,Rajasthan,2,Female,15,50-54 years,494,Stroke,380,Particulate matter pollution,1,Number,2014,1022.219191,1515.196658,601.2326155
1,All Population,3,YLDs (Years Lived with Disability),4870,Tamil Nadu,1,Male,15,50-54 years,498,Hypertensive heart disease,91,Lead exposure,1,Number,2014,13.44794248,33.39889482,0
1,All Population,3,YLDs (Years Lived with Disability),4870,Tamil Nadu,2,Female,15,50-54 years,498,Hypertensive heart disease,91,Lead exposure,1,Number,2014,23.2999053,55.17845496,0
1,All Population,3,YLDs (Years Lived with Disability),4865,Odisha,1,Male,15,50-54 years,500,Atrial fibrillation and flutter,91,Lead exposure,1,Number,2014,11.66254659,39.91846633,-1.699619431
1,All Population,3,YLDs (Years Lived with Disability),4865,Odisha,2,Female,15,50-54 years,500,Atrial fibrillation and flutter,91,Lead exposure,1,Number,2014,8.349878508,27.61747208,-1.100764314
1,All Population,3,YLDs (Years Lived with Disability),4843,Assam,1,Male,15,50-54 years,502,Lower extremity peripheral arterial disease,91,Lead exposure,1,Number,2023,0.075848733,0.260239083,-0.009145752
1,All Population,3,YLDs (Years Lived with Disability),4843,Assam,2,Female,15,50-54 years,502,Lower extremity peripheral arterial disease,91,Lead exposure,1,Number,2023,0.084566133,0.301951632,-0.009222023
1,All Population,3,YLDs (Years Lived with Disability),4868,Rajasthan,1,Male,15,50-54 years,498,Hypertensive heart disease,91,Lead exposure,1,Number,2014,6.89725718,18.20851951,0
1,All Population,3,YLDs (Years Lived with Disability),4868,Rajasthan,2,Female,15,50-54 years,498,Hypertensive heart disease,91,Lead exposure,1,Number,2014,10.62939479,26.76757875,0
1,All Population,3,YLDs (Years Lived with Disability),4843,Assam,1,Male,15,50-54 years,493,Ischemic heart disease,380,Particulate matter pollution,1,Number,2014,356.8918229,537.7320389,200.6318678
1,All Population,3,YLDs (Years Lived with Disability),4843,Assam,2,Female,15,50-54 years,493,Ischemic heart disease,380,Particulate matter pollution,1,Number,2014,222.7532352,338.61183,121.779322
1,All Population,3,YLDs (Years Lived with Disability),4843,Assam,1,Male,15,50-54 years,494,Stroke,91,Lead exposure,1,Number,2014,166.5773946,461.1790907,-27.1408268
1,All Population,3,YLDs (Years Lived with Disability),4843,Assam,2,Female,15,50-54 years,494,Stroke,91,Lead exposure,1,Number,2014,90.69509855,232.4542741,-12.02821871
1,All Population,3,YLDs (Years Lived with Disability),4872,Tripura,1,Male,15,50-54 years,493,Ischemic heart disease,380,Particulate matter pollution,1,Number,2014,59.52325905,88.14261742,34.92301226
1,All Population,3,YLDs (Years Lived with Disability),4872,Tripura,2,Female,15,50-54 years,493,Ischemic heart disease,380,Particulate matter pollution,1,Number,2014,35.84013096,53.84359539,20.20289557
1,All Population,3,YLDs (Years Lived with Disability),4872,Tripura,1,Male,15,50-54 years,494,Stroke,91,Lead exposure,1,Number,2014,23.47200213,58.64980415,-3.426780967
1,All Population,3,YLDs (Years Lived with Disability),4872,Tripura,2,Female,15,50-54 years,494,Stroke,91,Lead exposure,1,Number,2014,13.57818991,36.97603266,-1.823654493
1,All Population,3,YLDs (Years Lived with Disability),4854,Jammu & Kashmir and Ladakh,1,Male,15,50-54 years,498,Hypertensive heart disease,91,Lead exposure,1,Number,2014,1.704217031,4.251535618,0
1,All Population,3,YLDs (Years Lived with Disability),4854,Jammu & Kashmir and Ladakh,2,Female,15,50-54 years,498,Hypertensive heart disease,91,Lead exposure,1,Number,2014,2.192834995,5.725531211,0
1,All Population,3,YLDs (Years Lived with Disability),4843,Assam,1,Male,15,50-54 years,498,Hypertensive heart disease,91,Lead exposure,1,Number,2014,8.480321485,22.87733352,0
1,All Population,3,YLDs (Years Lived with Disability),4843,Assam,2,Female,15,50-54 years,498,Hypertensive heart disease,91,Lead exposure,1,Number,2014,8.75024105,22.67077734,0
1,All Population,3,YLDs (Years Lived with Disability),4841,Andhra Pradesh,1,Male,15,50-54 years,494,Stroke,91,Lead exposure,1,Number,2014,167.8689148,456.9444116,-24.30010803
1,All Population,3,YLDs (Years Lived with Disability),4841,Andhra Pradesh,2,Female,15,50-54 years,494,Stroke,91,Lead exposure,1,Number,2014,131.6868371,364.447925,-17.40580278
1,All Population,3,YLDs (Years Lived with Disability),4868,Rajasthan,1,Male,15,50-54 years,500,Atrial fibrillation and flutter,91,Lead exposure,1,Number,2014,9.546005129,30.17468565,-1.366576137
1,All Population,3,YLDs (Years Lived with Disability),4868,Rajasthan,2,Female,15,50-54 years,500,Atrial fibrillation and flutter,91,Lead exposure,1,Number,2014,5.916194201,19.46421913,-0.806349842
1,All Population,3,YLDs (Years Lived with Disability),4841,Andhra Pradesh,1,Male,15,50-54 years,498,Hypertensive heart disease,91,Lead exposure,1,Number,2014,7.049455971,19.03725908,0
1,All Population,3,YLDs (Years Lived with Disability),4841,Andhra Pradesh,2,Female,15,50-54 years,498,Hypertensive heart disease,91,Lead exposure,1,Number,2014,12.26730222,27.52283796,0
1,All Population,3,YLDs (Years Lived with Disability),4841,Andhra Pradesh,1,Male,15,50-54 years,493,Ischemic heart disease,91,Lead exposure,1,Number,2023,776.6485239,1133.890135,470.4784558
1,All Population,3,YLDs (Years Lived with Disability),4841,Andhra Pradesh,2,Female,15,50-54 years,493,Ischemic heart disease,91,Lead exposure,1,Number,2023,419.9394111,599.3784182,253.3772403
1,All Population,3,YLDs (Years Lived with Disability),4850,Goa,1,Male,15,50-54 years,494,Stroke,380,Particulate matter pollution,1,Number,2023,27.84644582,44.62642232,15.36928152
1,All Population,3,YLDs (Years Lived with Disability),4850,Goa,2,Female,15,50-54 years,494,Stroke,380,Particulate matter pollution,1,Number,2023,29.31347387,46.88652034,16.74441086
1,All Population,3,YLDs (Years Lived with Disability),4850,Goa,1,Male,15,50-54 years,500,Atrial fibrillation and flutter,91,Lead exposure,1,Number,2023,0.482343796,1.55447633,-0.065957368
1,All Population,3,YLDs (Years Lived with Disability),4850,Goa,2,Female,15,50-54 years,500,Atrial fibrillation and flutter,91,Lead exposure,1,Number,2023,0.359750166,1.214099259,-0.049410576
1,All Population,3,YLDs (Years Lived with Disability),4872,Tripura,1,Male,15,50-54 years,493,Ischemic heart disease,91,Lead exposure,1,Number,2023,49.89808164,73.61539417,30.86170114
1,All Population,3,YLDs (Years Lived with Disability),4872,Tripura,2,Female,15,50-54 years,493,Ischemic heart disease,91,Lead exposure,1,Number,2023,28.22678167,40.84133465,16.43713596
1,All Population,3,YLDs (Years Lived with Disability),4857,Kerala,1,Male,15,50-54 years,493,Ischemic heart disease,380,Particulate matter pollution,1,Number,2023,496.9119307,778.4061673,281.3945588
1,All Population,3,YLDs (Years Lived with Disability),4857,Kerala,2,Female,15,50-54 years,493,Ischemic heart disease,380,Particulate matter pollution,1,Number,2023,316.7923214,486.5569263,175.96194
1,All Population,3,YLDs (Years Lived with Disability),4857,Kerala,1,Male,15,50-54 years,494,Stroke,91,Lead exposure,1,Number,2023,201.4113169,499.1454383,-30.17877815
1,All Population,3,YLDs (Years Lived with Disability),4857,Kerala,2,Female,15,50-54 years,494,Stroke,91,Lead exposure,1,Number,2023,178.0252563,437.5147757,-27.06759424
1,All Population,3,YLDs (Years Lived with Disability),4874,Uttarakhand,1,Male,15,50-54 years,493,Ischemic heart disease,91,Lead exposure,1,Number,2023,173.7309183,260.2955317,100.3214917
1,All Population,3,YLDs (Years Lived with Disability),4874,Uttarakhand,2,Female,15,50-54 years,493,Ischemic heart disease,91,Lead exposure,1,Number,2023,87.54932515,126.9470207,52.75621768
1,All Population,3,YLDs (Years Lived with Disability),4855,Jharkhand,1,Male,15,50-54 years,498,Hypertensive heart disease,91,Lead exposure,1,Number,2023,6.251413918,16.57618677,0
1,All Population,3,YLDs (Years Lived with Disability),4855,Jharkhand,2,Female,15,50-54 years,498,Hypertensive heart disease,91,Lead exposure,1,Number,2023,9.250599651,22.27562731,0
1,All Population,3,YLDs (Years Lived with Disability),4864,Nagaland,1,Male,15,50-54 years,493,Ischemic heart disease,91,Lead exposure,1,Number,2023,13.69110012,20.28550042,8.367129843
1,All Population,3,YLDs (Years Lived with Disability),4864,Nagaland,2,Female,15,50-54 years,493,Ischemic heart disease,91,Lead exposure,1,Number,2023,8.24378848,11.93122814,4.658547934
1,All Population,3,YLDs (Years Lived with Disability),4846,Chhattisgarh,1,Male,15,50-54 years,494,Stroke,380,Particulate matter pollution,1,Number,2023,976.9718476,1475.019906,550.5582005
1,All Population,3,YLDs (Years Lived with Disability),4846,Chhattisgarh,2,Female,15,50-54 years,494,Stroke,380,Particulate matter pollution,1,Number,2023,739.6345786,1155.649232,436.6877704
1,All Population,3,YLDs (Years Lived with Disability),4857,Kerala,1,Male,15,50-54 years,498,Hypertensive heart disease,91,Lead exposure,1,Number,2023,5.634367815,15.03678169,0
1,All Population,3,YLDs (Years Lived with Disability),4857,Kerala,2,Female,15,50-54 years,498,Hypertensive heart disease,91,Lead exposure,1,Number,2023,15.28482559,36.05447549,0
1,All Population,3,YLDs (Years Lived with Disability),4842,Arunachal Pradesh,1,Male,15,50-54 years,493,Ischemic heart disease,380,Particulate matter pollution,1,Number,2023,11.30045805,17.00548333,6.646621024
1,All Population,3,YLDs (Years Lived with Disability),4842,Arunachal Pradesh,2,Female,15,50-54 years,493,Ischemic heart disease,380,Particulate matter pollution,1,Number,2023,6.214859975,9.659524278,3.455431508
1,All Population,3,YLDs (Years Lived with Disability),4869,Sikkim,1,Male,15,50-54 years,494,Stroke,380,Particulate matter pollution,1,Number,2023,12.69058042,19.81241849,7.163220981
1,All Population,3,YLDs (Years Lived with Disability),4869,Sikkim,2,Female,15,50-54 years,494,Stroke,380,Particulate matter pollution,1,Number,2023,11.18517424,17.09429338,6.098832159
1,All Population,3,YLDs (Years Lived with Disability),4846,Chhattisgarh,1,Male,15,50-54 years,500,Atrial fibrillation and flutter,91,Lead exposure,1,Number,2023,7.495874023,25.0181975,-0.86441211
1,All Population,3,YLDs (Years Lived with Disability),4846,Chhattisgarh,2,Female,15,50-54 years,500,Atrial fibrillation and flutter,91,Lead exposure,1,Number,2023,5.332051671,16.74478316,-0.677901804
1,All Population,3,YLDs (Years Lived with Disability),4846,Chhattisgarh,1,Male,15,50-54 years,502,Lower extremity peripheral arterial disease,91,Lead exposure,1,Number,2023,0.061270491,0.231098826,-0.004858211
1,All Population,3,YLDs (Years Lived with Disability),4846,Chhattisgarh,2,Female,15,50-54 years,502,Lower extremity peripheral arterial disease,91,Lead exposure,1,Number,2023,0.076182837,0.253243563,-0.007782267
1,All Population,3,YLDs (Years Lived with Disability),4853,Himachal Pradesh,1,Male,15,50-54 years,502,Lower extremity peripheral arterial disease,91,Lead exposure,1,Number,2014,0.017920997,0.056188835,-0.002375999
1,All Population,3,YLDs (Years Lived with Disability),4853,Himachal Pradesh,2,Female,15,50-54 years,502,Lower extremity peripheral arterial disease,91,Lead exposure,1,Number,2014,0.021230006,0.062635289,-0.003072146
1,All Population,3,YLDs (Years Lived with Disability),4864,Nagaland,1,Male,15,50-54 years,502,Lower extremity peripheral arterial disease,91,Lead exposure,1,Number,2023,0.002741127,0.009518235,-0.000289821
1,All Population,3,YLDs (Years Lived with Disability),4864,Nagaland,2,Female,15,50-54 years,502,Lower extremity peripheral arterial disease,91,Lead exposure,1,Number,2023,0.002917527,0.010732078,-0.000287354
1,All Population,3,YLDs (Years Lived with Disability),4868,Rajasthan,1,Male,15,50-54 years,494,Stroke,91,Lead exposure,1,Number,2023,154.1131664,427.4584914,-24.77398806
1,All Population,3,YLDs (Years Lived with Disability),4868,Rajasthan,2,Female,15,50-54 years,494,Stroke,91,Lead exposure,1,Number,2023,100.8695432,274.1271253,-12.67857954
1,All Population,3,YLDs (Years Lived with Disability),4859,Madhya Pradesh,1,Male,15,50-54 years,493,Ischemic heart disease,91,Lead exposure,1,Number,2023,1117.655315,1649.436761,671.5149603
1,All Population,3,YLDs (Years Lived with Disability),4859,Madhya Pradesh,2,Female,15,50-54 years,493,Ischemic heart disease,91,Lead exposure,1,Number,2023,518.7590003,770.5141991,305.3918279
1,All Population,3,YLDs (Years Lived with Disability),4853,Himachal Pradesh,1,Male,15,50-54 years,494,Stroke,380,Particulate matter pollution,1,Number,2023,145.3384351,231.2433988,69.67156285
1,All Population,3,YLDs (Years Lived with Disability),4853,Himachal Pradesh,2,Female,15,50-54 years,494,Stroke,380,Particulate matter pollution,1,Number,2023,132.6779133,203.4927977,69.75790789
1,All Population,3,YLDs (Years Lived with Disability),44538,Other Union Territories,1,Male,15,50-54 years,493,Ischemic heart disease,380,Particulate matter pollution,1,Number,2014,46.07445033,70.92793805,26.44832113
1,All Population,3,YLDs (Years Lived with Disability),44538,Other Union Territories,2,Female,15,50-54 years,493,Ischemic heart disease,380,Particulate matter pollution,1,Number,2014,26.16964273,39.91327143,15.19688385
1,All Population,3,YLDs (Years Lived with Disability),4869,Sikkim,1,Male,15,50-54 years,500,Atrial fibrillation and flutter,91,Lead exposure,1,Number,2023,0.191636036,0.637330163,-0.024521369
1,All Population,3,YLDs (Years Lived with Disability),4869,Sikkim,2,Female,15,50-54 years,500,Atrial fibrillation and flutter,91,Lead exposure,1,Number,2023,0.127800094,0.408552948,-0.012449208
1,All Population,3,YLDs (Years Lived with Disability),44538,Other Union Territories,1,Male,15,50-54 years,494,Stroke,91,Lead exposure,1,Number,2014,11.5359406,29.7161,-2.226693567
1,All Population,3,YLDs (Years Lived with Disability),44538,Other Union Territories,2,Female,15,50-54 years,494,Stroke,91,Lead exposure,1,Number,2014,8.538590917,21.22146073,-1.565069082
1,All Population,3,YLDs (Years Lived with Disability),4860,Maharashtra,1,Male,15,50-54 years,493,Ischemic heart disease,380,Particulate matter pollution,1,Number,2023,1419.625062,2126.625522,829.4491377
1,All Population,3,YLDs (Years Lived with Disability),4860,Maharashtra,2,Female,15,50-54 years,493,Ischemic heart disease,380,Particulate matter pollution,1,Number,2023,908.2958739,1395.49681,523.5412782
1,All Population,3,YLDs (Years Lived with Disability),4871,Telangana,1,Male,15,50-54 years,493,Ischemic heart disease,380,Particulate matter pollution,1,Number,2014,489.1080682,761.6755815,288.6571787
1,All Population,3,YLDs (Years Lived with Disability),4871,Telangana,2,Female,15,50-54 years,493,Ischemic heart disease,380,Particulate matter pollution,1,Number,2014,319.9202496,476.7614408,183.5784467
1,All Population,3,YLDs (Years Lived with Disability),4871,Telangana,1,Male,15,50-54 years,494,Stroke,91,Lead exposure,1,Number,2014,111.7654137,267.93242,-15.25286356
1,All Population,3,YLDs (Years Lived with Disability),4871,Telangana,2,Female,15,50-54 years,494,Stroke,91,Lead exposure,1,Number,2014,75.36515381,181.8637075,-8.044156256
1,All Population,3,YLDs (Years Lived with Disability),4868,Rajasthan,1,Male,15,50-54 years,498,Hypertensive heart disease,91,Lead exposure,1,Number,2023,8.401483565,24.57158726,0
1,All Population,3,YLDs (Years Lived with Disability),4868,Rajasthan,2,Female,15,50-54 years,498,Hypertensive heart disease,91,Lead exposure,1,Number,2023,13.71098163,36.43507173,0
1,All Population,3,YLDs (Years Lived with Disability),4871,Telangana,1,Male,15,50-54 years,498,Hypertensive heart disease,91,Lead exposure,1,Number,2014,4.815355185,12.01204293,0
1,All Population,3,YLDs (Years Lived with Disability),4871,Telangana,2,Female,15,50-54 years,498,Hypertensive heart disease,91,Lead exposure,1,Number,2014,8.696496166,20.61307726,0
1,All Population,3,YLDs (Years Lived with Disability),4875,West Bengal,1,Male,15,50-54 years,493,Ischemic heart disease,380,Particulate matter pollution,1,Number,2023,1630.212625,2429.836494,942.6711347
1,All Population,3,YLDs (Years Lived with Disability),4875,West Bengal,2,Female,15,50-54 years,493,Ischemic heart disease,380,Particulate matter pollution,1,Number,2023,1151.118869,1693.363348,676.231202
1,All Population,3,YLDs (Years Lived with Disability),4862,Meghalaya,1,Male,15,50-54 years,502,Lower extremity peripheral arterial disease,91,Lead exposure,1,Number,2014,0.005910213,0.01834243,-0.000703062
1,All Population,3,YLDs (Years Lived with Disability),4862,Meghalaya,2,Female,15,50-54 years,502,Lower extremity peripheral arterial disease,91,Lead exposure,1,Number,2014,0.006642538,0.020183115,-0.00087216
1,All Population,3,YLDs (Years Lived with Disability),44538,Other Union Territories,1,Male,15,50-54 years,493,Ischemic heart disease,380,Particulate matter pollution,1,Number,2023,46.82212718,71.36860954,24.68377384
1,All Population,3,YLDs (Years Lived with Disability),44538,Other Union Territories,2,Female,15,50-54 years,493,Ischemic heart disease,380,Particulate matter pollution,1,Number,2023,26.36846529,39.22478196,14.57880243
1,All Population,3,YLDs (Years Lived with Disability),44538,Other Union Territories,1,Male,15,50-54 years,494,Stroke,91,Lead exposure,1,Number,2023,13.64426449,35.42981873,-3.061638873
1,All Population,3,YLDs (Years Lived with Disability),44538,Other Union Territories,2,Female,15,50-54 years,494,Stroke,91,Lead exposure,1,Number,2023,10.58103864,26.88580631,-1.715783807
1,All Population,3,YLDs (Years Lived with Disability),4852,Haryana,1,Male,15,50-54 years,494,Stroke,91,Lead exposure,1,Number,2023,121.0648544,305.6371489,-15.93441296
1,All Population,3,YLDs (Years Lived with Disability),4852,Haryana,2,Female,15,50-54 years,494,Stroke,91,Lead exposure,1,Number,2023,92.05509459,235.0549382,-12.07359226
1,All Population,3,YLDs (Years Lived with Disability),4863,Mizoram,1,Male,15,50-54 years,494,Stroke,380,Particulate matter pollution,1,Number,2023,15.59252196,24.51016374,8.225190302
1,All Population,3,YLDs (Years Lived with Disability),4863,Mizoram,2,Female,15,50-54 years,494,Stroke,380,Particulate matter pollution,1,Number,2023,14.48910088,22.79834259,7.57801783
1,All Population,3,YLDs (Years Lived with Disability),4853,Himachal Pradesh,1,Male,15,50-54 years,500,Atrial fibrillation and flutter,91,Lead exposure,1,Number,2023,2.476564899,8.609156855,-0.311396302
1,All Population,3,YLDs (Years Lived with Disability),4853,Himachal Pradesh,2,Female,15,50-54 years,500,Atrial fibrillation and flutter,91,Lead exposure,1,Number,2023,1.815550996,5.86677567,-0.245991696
1,All Population,3,YLDs (Years Lived with Disability),4860,Maharashtra,1,Male,15,50-54 years,493,Ischemic heart disease,91,Lead exposure,1,Number,2014,1422.832091,2120.789671,876.5798011
1,All Population,3,YLDs (Years Lived with Disability),4860,Maharashtra,2,Female,15,50-54 years,493,Ischemic heart disease,91,Lead exposure,1,Number,2014,772.4902755,1149.245485,453.2547255
1,All Population,3,YLDs (Years Lived with Disability),4870,Tamil Nadu,1,Male,15,50-54 years,493,Ischemic heart disease,380,Particulate matter pollution,1,Number,2023,1110.025771,1705.516627,623.7403934
1,All Population,3,YLDs (Years Lived with Disability),4870,Tamil Nadu,2,Female,15,50-54 years,493,Ischemic heart disease,380,Particulate matter pollution,1,Number,2023,640.2864998,941.1418684,376.7989128
1,All Population,3,YLDs (Years Lived with Disability),4870,Tamil Nadu,1,Male,15,50-54 years,494,Stroke,91,Lead exposure,1,Number,2023,447.1398929,1123.326773,-68.4946152
1,All Population,3,YLDs (Years Lived with Disability),4870,Tamil Nadu,2,Female,15,50-54 years,494,Stroke,91,Lead exposure,1,Number,2023,375.5682653,968.8863592,-55.95191455
1,All Population,3,YLDs (Years Lived with Disability),4861,Manipur,1,Male,15,50-54 years,502,Lower extremity peripheral arterial disease,91,Lead exposure,1,Number,2023,0.009401261,0.031582128,-0.001250438
1,All Population,3,YLDs (Years Lived with Disability),4861,Manipur,2,Female,15,50-54 years,502,Lower extremity peripheral arterial disease,91,Lead exposure,1,Number,2023,0.011883528,0.036416968,-0.001693184
1,All Population,3,YLDs (Years Lived with Disability),4851,Gujarat,1,Male,15,50-54 years,500,Atrial fibrillation and flutter,91,Lead exposure,1,Number,2023,22.43793918,70.42880327,-2.50129738
1,All Population,3,YLDs (Years Lived with Disability),4851,Gujarat,2,Female,15,50-54 years,500,Atrial fibrillation and flutter,91,Lead exposure,1,Number,2023,17.28635902,57.24495996,-2.207717485
1,All Population,3,YLDs (Years Lived with Disability),4855,Jharkhand,1,Male,15,50-54 years,493,Ischemic heart disease,380,Particulate matter pollution,1,Number,2014,335.3052768,500.7878699,199.2799194
1,All Population,3,YLDs (Years Lived with Disability),4855,Jharkhand,2,Female,15,50-54 years,493,Ischemic heart disease,380,Particulate matter pollution,1,Number,2014,257.8280357,385.5196096,155.2574324
1,All Population,3,YLDs (Years Lived with Disability),4855,Jharkhand,1,Male,15,50-54 years,494,Stroke,91,Lead exposure,1,Number,2014,103.3926925,248.8411492,-15.04011162
1,All Population,3,YLDs (Years Lived with Disability),4855,Jharkhand,2,Female,15,50-54 years,494,Stroke,91,Lead exposure,1,Number,2014,98.02219545,238.5435895,-16.55487735
1,All Population,3,YLDs (Years Lived with Disability),4863,Mizoram,1,Male,15,50-54 years,500,Atrial fibrillation and flutter,91,Lead exposure,1,Number,2023,0.309561613,0.957682869,-0.051137994
1,All Population,3,YLDs (Years Lived with Disability),4863,Mizoram,2,Female,15,50-54 years,500,Atrial fibrillation and flutter,91,Lead exposure,1,Number,2023,0.219089675,0.782589061,-0.038218759
1,All Population,3,YLDs (Years Lived with Disability),4867,Punjab,1,Male,15,50-54 years,494,Stroke,380,Particulate matter pollution,1,Number,2014,563.440677,841.83202,330.6081875
1,All Population,3,YLDs (Years Lived with Disability),4867,Punjab,2,Female,15,50-54 years,494,Stroke,380,Particulate matter pollution,1,Number,2014,480.1454043,721.0106662,284.6491816
1,All Population,3,YLDs (Years Lived with Disability),4869,Sikkim,1,Male,15,50-54 years,494,Stroke,91,Lead exposure,1,Number,2014,2.231240037,5.773061385,-0.290340613
1,All Population,3,YLDs (Years Lived with Disability),4869,Sikkim,2,Female,15,50-54 years,494,Stroke,91,Lead exposure,1,Number,2014,1.393996782,3.61047592,-0.178514338
1,All Population,3,YLDs (Years Lived with Disability),4863,Mizoram,1,Male,15,50-54 years,502,Lower extremity peripheral arterial disease,91,Lead exposure,1,Number,2023,0.0026714,0.008621978,-0.000328119
1,All Population,3,YLDs (Years Lived with Disability),4863,Mizoram,2,Female,15,50-54 years,502,Lower extremity peripheral arterial disease,91,Lead exposure,1,Number,2023,0.003413664,0.01130335,-0.000407454
1,All Population,3,YLDs (Years Lived with Disability),44538,Other Union Territories,1,Male,15,50-54 years,498,Hypertensive heart disease,91,Lead exposure,1,Number,2023,0.74281323,2.247891979,0
1,All Population,3,YLDs (Years Lived with Disability),44538,Other Union Territories,2,Female,15,50-54 years,498,Hypertensive heart disease,91,Lead exposure,1,Number,2023,1.188108411,3.161196831,0
1,All Population,3,YLDs (Years Lived with Disability),4855,Jharkhand,1,Male,15,50-54 years,498,Hypertensive heart disease,91,Lead exposure,1,Number,2014,5.6796409,14.97272179,0
1,All Population,3,YLDs (Years Lived with Disability),4855,Jharkhand,2,Female,15,50-54 years,498,Hypertensive heart disease,91,Lead exposure,1,Number,2014,7.787017863,18.42186182,0
1,All Population,3,YLDs (Years Lived with Disability),4875,West Bengal,1,Male,15,50-54 years,493,Ischemic heart disease,91,Lead exposure,1,Number,2014,1338.104348,2008.937952,784.6317163
1,All Population,3,YLDs (Years Lived with Disability),4875,West Bengal,2,Female,15,50-54 years,493,Ischemic heart disease,91,Lead exposure,1,Number,2014,791.6717308,1167.246648,452.8430544
1,All Population,3,YLDs (Years Lived with Disability),4851,Gujarat,1,Male,15,50-54 years,502,Lower extremity peripheral arterial disease,91,Lead exposure,1,Number,2023,0.178760671,0.628313853,-0.023262966
1,All Population,3,YLDs (Years Lived with Disability),4851,Gujarat,2,Female,15,50-54 years,502,Lower extremity peripheral arterial disease,91,Lead exposure,1,Number,2023,0.232856667,0.787114122,-0.029089697
1,All Population,3,YLDs (Years Lived with Disability),4867,Punjab,1,Male,15,50-54 years,500,Atrial fibrillation and flutter,91,Lead exposure,1,Number,2014,6.728484145,20.70154907,-0.916468912
1,All Population,3,YLDs (Years Lived with Disability),4867,Punjab,2,Female,15,50-54 years,500,Atrial fibrillation and flutter,91,Lead exposure,1,Number,2014,5.090166011,15.8430362,-0.596277064
1,All Population,3,YLDs (Years Lived with Disability),4864,Nagaland,1,Male,15,50-54 years,500,Atrial fibrillation and flutter,91,Lead exposure,1,Number,2014,0.454015264,1.60251505,-0.05819829
1,All Population,3,YLDs (Years Lived with Disability),4864,Nagaland,2,Female,15,50-54 years,500,Atrial fibrillation and flutter,91,Lead exposure,1,Number,2014,0.27897056,0.883468544,-0.035737368
1,All Population,3,YLDs (Years Lived with Disability),4864,Nagaland,1,Male,15,50-54 years,502,Lower extremity peripheral arterial disease,91,Lead exposure,1,Number,2014,0.003182999,0.011444926,-0.000432878
1,All Population,3,YLDs (Years Lived with Disability),4864,Nagaland,2,Female,15,50-54 years,502,Lower extremity peripheral arterial disease,91,Lead exposure,1,Number,2014,0.002975972,0.01010618,-0.000403094
1,All Population,3,YLDs (Years Lived with Disability),4844,Bihar,1,Male,15,50-54 years,493,Ischemic heart disease,380,Particulate matter pollution,1,Number,2014,1119.973007,1680.770647,631.5256216
1,All Population,3,YLDs (Years Lived with Disability),4844,Bihar,2,Female,15,50-54 years,493,Ischemic heart disease,380,Particulate matter pollution,1,Number,2014,732.0350947,1117.167109,418.5588618
1,All Population,3,YLDs (Years Lived with Disability),4862,Meghalaya,1,Male,15,50-54 years,493,Ischemic heart disease,91,Lead exposure,1,Number,2023,21.0792742,31.50536712,11.93423466
1,All Population,3,YLDs (Years Lived with Disability),4862,Meghalaya,2,Female,15,50-54 years,493,Ischemic heart disease,91,Lead exposure,1,Number,2023,13.84251624,20.35266748,8.12019589
1,All Population,3,YLDs (Years Lived with Disability),4849,Delhi,1,Male,15,50-54 years,493,Ischemic heart disease,91,Lead exposure,1,Number,2014,199.937466,300.7559781,115.419195
1,All Population,3,YLDs (Years Lived with Disability),4849,Delhi,2,Female,15,50-54 years,493,Ischemic heart disease,91,Lead exposure,1,Number,2014,101.7697891,150.1261411,59.26666387
1,All Population,3,YLDs (Years Lived with Disability),4869,Sikkim,1,Male,15,50-54 years,498,Hypertensive heart disease,91,Lead exposure,1,Number,2014,0.114290852,0.324488524,0
1,All Population,3,YLDs (Years Lived with Disability),4869,Sikkim,2,Female,15,50-54 years,498,Hypertensive heart disease,91,Lead exposure,1,Number,2014,0.112511214,0.268805399,0
1,All Population,3,YLDs (Years Lived with Disability),4852,Haryana,1,Male,15,50-54 years,498,Hypertensive heart disease,91,Lead exposure,1,Number,2023,3.95409535,10.64840821,0
1,All Population,3,YLDs (Years Lived with Disability),4852,Haryana,2,Female,15,50-54 years,498,Hypertensive heart disease,91,Lead exposure,1,Number,2023,7.036118449,16.81002652,0
1,All Population,3,YLDs (Years Lived with Disability),4865,Odisha,1,Male,15,50-54 years,494,Stroke,380,Particulate matter pollution,1,Number,2023,1244.544728,1931.860112,710.4276203
1,All Population,3,YLDs (Years Lived with Disability),4865,Odisha,2,Female,15,50-54 years,494,Stroke,380,Particulate matter pollution,1,Number,2023,1101.322972,1701.900118,601.5390358
1,All Population,3,YLDs (Years Lived with Disability),4865,Odisha,1,Male,15,50-54 years,500,Atrial fibrillation and flutter,91,Lead exposure,1,Number,2023,12.57750186,43.3134877,-1.651710064
1,All Population,3,YLDs (Years Lived with Disability),4865,Odisha,2,Female,15,50-54 years,500,Atrial fibrillation and flutter,91,Lead exposure,1,Number,2023,9.082908187,32.21050527,-1.248784097
1,All Population,3,YLDs (Years Lived with Disability),4854,Jammu & Kashmir and Ladakh,1,Male,15,50-54 years,493,Ischemic heart disease,380,Particulate matter pollution,1,Number,2023,157.7214777,240.6874773,91.34535454
1,All Population,3,YLDs (Years Lived with Disability),4854,Jammu & Kashmir and Ladakh,2,Female,15,50-54 years,493,Ischemic heart disease,380,Particulate matter pollution,1,Number,2023,100.3100121,147.0389093,56.96391412
1,All Population,3,YLDs (Years Lived with Disability),4873,Uttar Pradesh,1,Male,15,50-54 years,493,Ischemic heart disease,380,Particulate matter pollution,1,Number,2023,3400.240258,5105.864937,1920.279377
1,All Population,3,YLDs (Years Lived with Disability),4873,Uttar Pradesh,2,Female,15,50-54 years,493,Ischemic heart disease,380,Particulate matter pollution,1,Number,2023,2270.374585,3453.139673,1318.198985
1,All Population,3,YLDs (Years Lived with Disability),4873,Uttar Pradesh,1,Male,15,50-54 years,494,Stroke,91,Lead exposure,1,Number,2023,1071.113774,2651.604291,-153.1064269
1,All Population,3,YLDs (Years Lived with Disability),4873,Uttar Pradesh,2,Female,15,50-54 years,494,Stroke,91,Lead exposure,1,Number,2023,949.5223606,2415.489208,-116.0287584
1,All Population,3,YLDs (Years Lived with Disability),4867,Punjab,1,Male,15,50-54 years,500,Atrial fibrillation and flutter,91,Lead exposure,1,Number,2023,7.016567953,22.81845747,-0.877453456
1,All Population,3,YLDs (Years Lived with Disability),4867,Punjab,2,Female,15,50-54 years,500,Atrial fibrillation and flutter,91,Lead exposure,1,Number,2023,5.580761978,16.77677929,-0.777627357
1,All Population,3,YLDs (Years Lived with Disability),4873,Uttar Pradesh,1,Male,15,50-54 years,498,Hypertensive heart disease,91,Lead exposure,1,Number,2023,56.78770495,138.1265432,0
1,All Population,3,YLDs (Years Lived with Disability),4873,Uttar Pradesh,2,Female,15,50-54 years,498,Hypertensive heart disease,91,Lead exposure,1,Number,2023,75.53963106,190.6400172,0
1,All Population,3,YLDs (Years Lived with Disability),4867,Punjab,1,Male,15,50-54 years,502,Lower extremity peripheral arterial disease,91,Lead exposure,1,Number,2023,0.036910279,0.118668037,-0.002986179
1,All Population,3,YLDs (Years Lived with Disability),4867,Punjab,2,Female,15,50-54 years,502,Lower extremity peripheral arterial disease,91,Lead exposure,1,Number,2023,0.060101536,0.179964187,-0.004769254
1,All Population,3,YLDs (Years Lived with Disability),4871,Telangana,1,Male,15,50-54 years,498,Hypertensive heart disease,91,Lead exposure,1,Number,2023,5.499373364,12.15420238,0
1,All Population,3,YLDs (Years Lived with Disability),4871,Telangana,2,Female,15,50-54 years,498,Hypertensive heart disease,91,Lead exposure,1,Number,2023,10.17045289,24.65011994,0
1,All Population,3,YLDs (Years Lived with Disability),4854,Jammu & Kashmir and Ladakh,1,Male,15,50-54 years,494,Stroke,91,Lead exposure,1,Number,2023,33.76414564,80.92203762,-6.778251948
1,All Population,3,YLDs (Years Lived with Disability),4854,Jammu & Kashmir and Ladakh,2,Female,15,50-54 years,494,Stroke,91,Lead exposure,1,Number,2023,25.64378586,66.01612423,-4.401820447
1,All Population,3,YLDs (Years Lived with Disability),4844,Bihar,1,Male,15,50-54 years,494,Stroke,91,Lead exposure,1,Number,2014,275.4536419,738.9268124,-49.99289615
1,All Population,3,YLDs (Years Lived with Disability),4844,Bihar,2,Female,15,50-54 years,494,Stroke,91,Lead exposure,1,Number,2014,226.2274988,579.3252645,-38.37588876
1,All Population,3,YLDs (Years Lived with Disability),4864,Nagaland,1,Male,15,50-54 years,494,Stroke,380,Particulate matter pollution,1,Number,2014,41.23579925,62.69380819,23.39169531
1,All Population,3,YLDs (Years Lived with Disability),4864,Nagaland,2,Female,15,50-54 years,494,Stroke,380,Particulate matter pollution,1,Number,2014,24.0627545,36.62480266,13.57852972
1,All Population,3,YLDs (Years Lived with Disability),4864,Nagaland,1,Male,15,50-54 years,498,Hypertensive heart disease,91,Lead exposure,1,Number,2014,0.356355782,0.868777946,0
1,All Population,3,YLDs (Years Lived with Disability),4864,Nagaland,2,Female,15,50-54 years,498,Hypertensive heart disease,91,Lead exposure,1,Number,2014,0.372280715,0.937286161,0
1,All Population,3,YLDs (Years Lived with Disability),4867,Punjab,1,Male,15,50-54 years,493,Ischemic heart disease,380,Particulate matter pollution,1,Number,2014,604.2281609,927.0599641,336.7733922
1,All Population,3,YLDs (Years Lived with Disability),4867,Punjab,2,Female,15,50-54 years,493,Ischemic heart disease,380,Particulate matter pollution,1,Number,2014,383.3013398,562.4477418,223.6414632
1,All Population,3,YLDs (Years Lived with Disability),4867,Punjab,1,Male,15,50-54 years,494,Stroke,91,Lead exposure,1,Number,2014,81.04121233,204.9279163,-12.43136872
1,All Population,3,YLDs (Years Lived with Disability),4867,Punjab,2,Female,15,50-54 years,494,Stroke,91,Lead exposure,1,Number,2014,61.46664628,148.8286605,-9.231265064
1,All Population,3,YLDs (Years Lived with Disability),4844,Bihar,1,Male,15,50-54 years,493,Ischemic heart disease,91,Lead exposure,1,Number,2014,945.8908408,1392.466234,549.4124869
1,All Population,3,YLDs (Years Lived with Disability),4844,Bihar,2,Female,15,50-54 years,493,Ischemic heart disease,91,Lead exposure,1,Number,2014,567.4427546,872.3495616,333.1472247
1,All Population,3,YLDs (Years Lived with Disability),4855,Jharkhand,1,Male,15,50-54 years,493,Ischemic heart disease,91,Lead exposure,1,Number,2014,270.8830594,399.5737851,164.1008095
1,All Population,3,YLDs (Years Lived with Disability),4855,Jharkhand,2,Female,15,50-54 years,493,Ischemic heart disease,91,Lead exposure,1,Number,2014,189.5194987,274.7443794,111.482859
1,All Population,3,YLDs (Years Lived with Disability),4867,Punjab,1,Male,15,50-54 years,498,Hypertensive heart disease,91,Lead exposure,1,Number,2014,3.004120787,7.992085225,0
1,All Population,3,YLDs (Years Lived with Disability),4867,Punjab,2,Female,15,50-54 years,498,Hypertensive heart disease,91,Lead exposure,1,Number,2014,4.324862405,11.27366869,0
1,All Population,3,YLDs (Years Lived with Disability),4869,Sikkim,1,Male,15,50-54 years,493,Ischemic heart disease,380,Particulate matter pollution,1,Number,2014,8.270266827,12.43381822,4.598142067
1,All Population,3,YLDs (Years Lived with Disability),4869,Sikkim,2,Female,15,50-54 years,493,Ischemic heart disease,380,Particulate matter pollution,1,Number,2014,4.424909333,6.800783185,2.507130833
1,All Population,3,YLDs (Years Lived with Disability),4871,Telangana,1,Male,15,50-54 years,493,Ischemic heart disease,91,Lead exposure,1,Number,2014,500.9731732,728.0426135,305.059028
1,All Population,3,YLDs (Years Lived with Disability),4871,Telangana,2,Female,15,50-54 years,493,Ischemic heart disease,91,Lead exposure,1,Number,2014,285.7295489,419.6315917,170.0936937
1,All Population,3,YLDs (Years Lived with Disability),4842,Arunachal Pradesh,1,Male,15,50-54 years,493,Ischemic heart disease,91,Lead exposure,1,Number,2014,12.36423678,17.6600454,7.521844784
1,All Population,3,YLDs (Years Lived with Disability),4842,Arunachal Pradesh,2,Female,15,50-54 years,493,Ischemic heart disease,91,Lead exposure,1,Number,2014,5.474106348,8.180109959,3.22202722
1,All Population,3,YLDs (Years Lived with Disability),4857,Kerala,1,Male,15,50-54 years,493,Ischemic heart disease,91,Lead exposure,1,Number,2014,816.2986776,1190.14164,485.3363095
1,All Population,3,YLDs (Years Lived with Disability),4857,Kerala,2,Female,15,50-54 years,493,Ischemic heart disease,91,Lead exposure,1,Number,2014,378.0830929,561.2270189,211.7610176
1,All Population,3,YLDs (Years Lived with Disability),4841,Andhra Pradesh,1,Male,15,50-54 years,493,Ischemic heart disease,91,Lead exposure,1,Number,2014,768.4059767,1122.716652,449.5897637
1,All Population,3,YLDs (Years Lived with Disability),4841,Andhra Pradesh,2,Female,15,50-54 years,493,Ischemic heart disease,91,Lead exposure,1,Number,2014,430.9195892,636.7036701,255.7708149
1,All Population,3,YLDs (Years Lived with Disability),44538,Other Union Territories,1,Male,15,50-54 years,493,Ischemic heart disease,91,Lead exposure,1,Number,2014,51.49423347,74.82996008,30.26564317
1,All Population,3,YLDs (Years Lived with Disability),44538,Other Union Territories,2,Female,15,50-54 years,493,Ischemic heart disease,91,Lead exposure,1,Number,2014,26.88386403,38.76827502,16.11320575
1,All Population,3,YLDs (Years Lived with Disability),4857,Kerala,1,Male,15,50-54 years,502,Lower extremity peripheral arterial disease,91,Lead exposure,1,Number,2014,0.092422312,0.33255178,-0.013249712
1,All Population,3,YLDs (Years Lived with Disability),4857,Kerala,2,Female,15,50-54 years,502,Lower extremity peripheral arterial disease,91,Lead exposure,1,Number,2014,0.126438131,0.422987994,-0.016263743
1,All Population,3,YLDs (Years Lived with Disability),4854,Jammu & Kashmir and Ladakh,1,Male,15,50-54 years,502,Lower extremity peripheral arterial disease,91,Lead exposure,1,Number,2014,0.022090414,0.074685694,-0.002976194
1,All Population,3,YLDs (Years Lived with Disability),4854,Jammu & Kashmir and Ladakh,2,Female,15,50-54 years,502,Lower extremity peripheral arterial disease,91,Lead exposure,1,Number,2014,0.025518303,0.088216717,-0.003041275
1,All Population,3,YLDs (Years Lived with Disability),4843,Assam,1,Male,15,50-54 years,502,Lower extremity peripheral arterial disease,91,Lead exposure,1,Number,2014,0.072229491,0.218949732,-0.008068081
1,All Population,3,YLDs (Years Lived with Disability),4843,Assam,2,Female,15,50-54 years,502,Lower extremity peripheral arterial disease,91,Lead exposure,1,Number,2014,0.075934759,0.236417242,-0.008988638
1,All Population,3,YLDs (Years Lived with Disability),4861,Manipur,1,Male,15,50-54 years,494,Stroke,91,Lead exposure,1,Number,2014,14.62674018,39.30542914,-2.678820413
1,All Population,3,YLDs (Years Lived with Disability),4861,Manipur,2,Female,15,50-54 years,494,Stroke,91,Lead exposure,1,Number,2014,9.177118965,23.66823802,-1.441486632
1,All Population,3,YLDs (Years Lived with Disability),4873,Uttar Pradesh,1,Male,15,50-54 years,493,Ischemic heart disease,91,Lead exposure,1,Number,2014,2420.756858,3512.54773,1497.78422
1,All Population,3,YLDs (Years Lived with Disability),4873,Uttar Pradesh,2,Female,15,50-54 years,493,Ischemic heart disease,91,Lead exposure,1,Number,2014,1534.041494,2228.533875,954.6298331
1,All Population,3,YLDs (Years Lived with Disability),4862,Meghalaya,1,Male,15,50-54 years,494,Stroke,380,Particulate matter pollution,1,Number,2014,42.51878424,66.65548228,23.19302741
1,All Population,3,YLDs (Years Lived with Disability),4862,Meghalaya,2,Female,15,50-54 years,494,Stroke,380,Particulate matter pollution,1,Number,2014,34.67170909,52.42962272,19.85173246
1,All Population,3,YLDs (Years Lived with Disability),4849,Delhi,1,Male,15,50-54 years,502,Lower extremity peripheral arterial disease,91,Lead exposure,1,Number,2014,0.030628013,0.087213155,-0.00345049
1,All Population,3,YLDs (Years Lived with Disability),4849,Delhi,2,Female,15,50-54 years,502,Lower extremity peripheral arterial disease,91,Lead exposure,1,Number,2014,0.033870897,0.104792138,-0.003478332
1,All Population,3,YLDs (Years Lived with Disability),4861,Manipur,1,Male,15,50-54 years,498,Hypertensive heart disease,91,Lead exposure,1,Number,2014,0.803560293,2.124310679,0
1,All Population,3,YLDs (Years Lived with Disability),4861,Manipur,2,Female,15,50-54 years,498,Hypertensive heart disease,91,Lead exposure,1,Number,2014,1.142483582,2.57919011,0
1,All Population,3,YLDs (Years Lived with Disability),4873,Uttar Pradesh,1,Male,15,50-54 years,502,Lower extremity peripheral arterial disease,91,Lead exposure,1,Number,2014,0.493485968,1.640736571,-0.060851009
1,All Population,3,YLDs (Years Lived with Disability),4873,Uttar Pradesh,2,Female,15,50-54 years,502,Lower extremity peripheral arterial disease,91,Lead exposure,1,Number,2014,0.584270417,1.894324403,-0.07612758
1,All Population,3,YLDs (Years Lived with Disability),4875,West Bengal,1,Male,15,50-54 years,500,Atrial fibrillation and flutter,91,Lead exposure,1,Number,2014,26.97028645,86.38138801,-3.924554594
1,All Population,3,YLDs (Years Lived with Disability),4875,West Bengal,2,Female,15,50-54 years,500,Atrial fibrillation and flutter,91,Lead exposure,1,Number,2014,19.11420161,63.98948971,-3.150548022
1,All Population,3,YLDs (Years Lived with Disability),4875,West Bengal,1,Male,15,50-54 years,502,Lower extremity peripheral arterial disease,91,Lead exposure,1,Number,2014,0.237848662,0.807065664,-0.026560803
1,All Population,3,YLDs (Years Lived with Disability),4875,West Bengal,2,Female,15,50-54 years,502,Lower extremity peripheral arterial disease,91,Lead exposure,1,Number,2014,0.257045231,0.852360865,-0.033993981
1,All Population,3,YLDs (Years Lived with Disability),4862,Meghalaya,1,Male,15,50-54 years,500,Atrial fibrillation and flutter,91,Lead exposure,1,Number,2014,0.648672058,2.070923856,-0.07849719
1,All Population,3,YLDs (Years Lived with Disability),4862,Meghalaya,2,Female,15,50-54 years,500,Atrial fibrillation and flutter,91,Lead exposure,1,Number,2014,0.470901326,1.559362087,-0.069398665
1,All Population,3,YLDs (Years Lived with Disability),4853,Himachal Pradesh,1,Male,15,50-54 years,494,Stroke,380,Particulate matter pollution,1,Number,2014,127.904685,194.9500642,71.63675793
1,All Population,3,YLDs (Years Lived with Disability),4853,Himachal Pradesh,2,Female,15,50-54 years,494,Stroke,380,Particulate matter pollution,1,Number,2014,115.6230586,184.4017269,62.77679738
1,All Population,3,YLDs (Years Lived with Disability),4860,Maharashtra,1,Male,15,50-54 years,502,Lower extremity peripheral arterial disease,91,Lead exposure,1,Number,2014,0.256394601,0.802794086,-0.032584202
1,All Population,3,YLDs (Years Lived with Disability),4860,Maharashtra,2,Female,15,50-54 years,502,Lower extremity peripheral arterial disease,91,Lead exposure,1,Number,2014,0.291030371,0.885903728,-0.034602357
1,All Population,3,YLDs (Years Lived with Disability),4853,Himachal Pradesh,1,Male,15,50-54 years,500,Atrial fibrillation and flutter,91,Lead exposure,1,Number,2014,2.145425809,7.738681761,-0.301604245
1,All Population,3,YLDs (Years Lived with Disability),4853,Himachal Pradesh,2,Female,15,50-54 years,500,Atrial fibrillation and flutter,91,Lead exposure,1,Number,2014,1.606550287,5.154433029,-0.216912317
1,All Population,3,YLDs (Years Lived with Disability),4859,Madhya Pradesh,1,Male,15,50-54 years,494,Stroke,380,Particulate matter pollution,1,Number,2014,1420.685721,2226.145624,825.0676333
1,All Population,3,YLDs (Years Lived with Disability),4859,Madhya Pradesh,2,Female,15,50-54 years,494,Stroke,380,Particulate matter pollution,1,Number,2014,1176.287454,1792.189738,658.3191778
1,All Population,3,YLDs (Years Lived with Disability),4863,Mizoram,1,Male,15,50-54 years,493,Ischemic heart disease,380,Particulate matter pollution,1,Number,2014,7.876784413,12.1338167,4.482376301
1,All Population,3,YLDs (Years Lived with Disability),4863,Mizoram,2,Female,15,50-54 years,493,Ischemic heart disease,380,Particulate matter pollution,1,Number,2014,4.832195645,7.418680082,2.593253755
1,All Population,3,YLDs (Years Lived with Disability),4863,Mizoram,1,Male,15,50-54 years,494,Stroke,91,Lead exposure,1,Number,2014,3.317764417,8.801177917,-0.535991283
1,All Population,3,YLDs (Years Lived with Disability),4863,Mizoram,2,Female,15,50-54 years,494,Stroke,91,Lead exposure,1,Number,2014,2.139835135,5.727110274,-0.329567175
1,All Population,3,YLDs (Years Lived with Disability),4850,Goa,1,Male,15,50-54 years,494,Stroke,380,Particulate matter pollution,1,Number,2014,24.59753118,38.79356779,13.32267374
1,All Population,3,YLDs (Years Lived with Disability),4850,Goa,2,Female,15,50-54 years,494,Stroke,380,Particulate matter pollution,1,Number,2014,24.32252317,37.01962808,12.76461889
1,All Population,3,YLDs (Years Lived with Disability),4850,Goa,1,Male,15,50-54 years,498,Hypertensive heart disease,91,Lead exposure,1,Number,2014,0.309361071,0.779556969,0
1,All Population,3,YLDs (Years Lived with Disability),4850,Goa,2,Female,15,50-54 years,498,Hypertensive heart disease,91,Lead exposure,1,Number,2014,0.436053061,1.027418584,0
1,All Population,3,YLDs (Years Lived with Disability),4859,Madhya Pradesh,1,Male,15,50-54 years,500,Atrial fibrillation and flutter,91,Lead exposure,1,Number,2014,17.45744951,52.02452808,-2.771209705
1,All Population,3,YLDs (Years Lived with Disability),4859,Madhya Pradesh,2,Female,15,50-54 years,500,Atrial fibrillation and flutter,91,Lead exposure,1,Number,2014,11.97488884,38.83189817,-1.666860273
1,All Population,3,YLDs (Years Lived with Disability),4851,Gujarat,1,Male,15,50-54 years,494,Stroke,380,Particulate matter pollution,1,Number,2014,1428.515483,2238.286621,833.3208284
1,All Population,3,YLDs (Years Lived with Disability),4851,Gujarat,2,Female,15,50-54 years,494,Stroke,380,Particulate matter pollution,1,Number,2014,1189.34135,1717.91543,672.886786
1,All Population,3,YLDs (Years Lived with Disability),4851,Gujarat,1,Male,15,50-54 years,500,Atrial fibrillation and flutter,91,Lead exposure,1,Number,2014,19.63363476,60.78492404,-2.429523239
1,All Population,3,YLDs (Years Lived with Disability),4851,Gujarat,2,Female,15,50-54 years,500,Atrial fibrillation and flutter,91,Lead exposure,1,Number,2014,15.08847864,47.13668223,-1.784042778
1,All Population,3,YLDs (Years Lived with Disability),4851,Gujarat,1,Male,15,50-54 years,502,Lower extremity peripheral arterial disease,91,Lead exposure,1,Number,2014,0.182417655,0.61405953,-0.025179327
1,All Population,3,YLDs (Years Lived with Disability),4851,Gujarat,2,Female,15,50-54 years,502,Lower extremity peripheral arterial disease,91,Lead exposure,1,Number,2014,0.216342737,0.760659876,-0.022497003
1,All Population,3,YLDs (Years Lived with Disability),4852,Haryana,1,Male,15,50-54 years,493,Ischemic heart disease,380,Particulate matter pollution,1,Number,2014,455.1896919,701.4893881,259.0255101
1,All Population,3,YLDs (Years Lived with Disability),4852,Haryana,2,Female,15,50-54 years,493,Ischemic heart disease,380,Particulate matter pollution,1,Number,2014,236.7466906,355.458513,135.2945977
1,All Population,3,YLDs (Years Lived with Disability),4852,Haryana,1,Male,15,50-54 years,494,Stroke,91,Lead exposure,1,Number,2014,96.35445371,248.2684623,-12.75537753
1,All Population,3,YLDs (Years Lived with Disability),4852,Haryana,2,Female,15,50-54 years,494,Stroke,91,Lead exposure,1,Number,2014,71.29418865,190.828747,-9.371410414
1,All Population,3,YLDs (Years Lived with Disability),4852,Haryana,1,Male,15,50-54 years,498,Hypertensive heart disease,91,Lead exposure,1,Number,2014,3.418090501,8.240310962,0
1,All Population,3,YLDs (Years Lived with Disability),4852,Haryana,2,Female,15,50-54 years,498,Hypertensive heart disease,91,Lead exposure,1,Number,2014,5.579042833,14.26276764,0
1,All Population,3,YLDs (Years Lived with Disability),4863,Mizoram,1,Male,15,50-54 years,498,Hypertensive heart disease,91,Lead exposure,1,Number,2014,0.315362079,0.82328862,0
1,All Population,3,YLDs (Years Lived with Disability),4863,Mizoram,2,Female,15,50-54 years,498,Hypertensive heart disease,91,Lead exposure,1,Number,2014,0.538718349,1.233624363,0
1,All Population,3,YLDs (Years Lived with Disability),4841,Andhra Pradesh,1,Male,15,50-54 years,493,Ischemic heart disease,380,Particulate matter pollution,1,Number,2014,779.5746641,1203.121845,443.0388036
1,All Population,3,YLDs (Years Lived with Disability),4841,Andhra Pradesh,2,Female,15,50-54 years,493,Ischemic heart disease,380,Particulate matter pollution,1,Number,2014,487.8368688,735.6419567,279.0245937
1,All Population,3,YLDs (Years Lived with Disability),4846,Chhattisgarh,1,Male,15,50-54 years,494,Stroke,380,Particulate matter pollution,1,Number,2014,745.1669886,1141.286761,434.9689836
1,All Population,3,YLDs (Years Lived with Disability),4846,Chhattisgarh,2,Female,15,50-54 years,494,Stroke,380,Particulate matter pollution,1,Number,2014,565.8202884,869.9030622,331.5420798
1,All Population,3,YLDs (Years Lived with Disability),4846,Chhattisgarh,1,Male,15,50-54 years,500,Atrial fibrillation and flutter,91,Lead exposure,1,Number,2014,6.284566626,17.56785996,-0.842497483
1,All Population,3,YLDs (Years Lived with Disability),4846,Chhattisgarh,2,Female,15,50-54 years,500,Atrial fibrillation and flutter,91,Lead exposure,1,Number,2014,4.471991482,14.67995843,-0.536848165
1,All Population,3,YLDs (Years Lived with Disability),4850,Goa,1,Male,15,50-54 years,493,Ischemic heart disease,91,Lead exposure,1,Number,2014,23.5968148,34.61026345,14.1110082
1,All Population,3,YLDs (Years Lived with Disability),4850,Goa,2,Female,15,50-54 years,493,Ischemic heart disease,91,Lead exposure,1,Number,2014,14.20675387,21.40637479,8.514949997
1,All Population,3,YLDs (Years Lived with Disability),4868,Rajasthan,1,Male,15,50-54 years,493,Ischemic heart disease,91,Lead exposure,1,Number,2014,663.7120258,1007.552463,385.6234006
1,All Population,3,YLDs (Years Lived with Disability),4868,Rajasthan,2,Female,15,50-54 years,493,Ischemic heart disease,91,Lead exposure,1,Number,2014,284.0577765,408.8917148,164.9579094
1,All Population,3,YLDs (Years Lived with Disability),4865,Odisha,1,Male,15,50-54 years,493,Ischemic heart disease,380,Particulate matter pollution,1,Number,2014,507.1166193,755.0974545,286.1389732
1,All Population,3,YLDs (Years Lived with Disability),4865,Odisha,2,Female,15,50-54 years,493,Ischemic heart disease,380,Particulate matter pollution,1,Number,2014,326.5395516,492.228459,184.8706086
1,All Population,3,YLDs (Years Lived with Disability),4865,Odisha,1,Male,15,50-54 years,494,Stroke,91,Lead exposure,1,Number,2014,192.3891634,515.6777471,-31.88200304
1,All Population,3,YLDs (Years Lived with Disability),4865,Odisha,2,Female,15,50-54 years,494,Stroke,91,Lead exposure,1,Number,2014,137.2090876,359.9425781,-20.41979808
1,All Population,3,YLDs (Years Lived with Disability),4874,Uttarakhand,1,Male,15,50-54 years,494,Stroke,380,Particulate matter pollution,1,Number,2014,214.5297818,320.4535147,123.2211155
1,All Population,3,YLDs (Years Lived with Disability),4874,Uttarakhand,2,Female,15,50-54 years,494,Stroke,380,Particulate matter pollution,1,Number,2014,170.169,265.6050702,97.54287879
1,All Population,3,YLDs (Years Lived with Disability),4868,Rajasthan,1,Male,15,50-54 years,493,Ischemic heart disease,380,Particulate matter pollution,1,Number,2014,1195.884917,1857.377761,709.4782379
1,All Population,3,YLDs (Years Lived with Disability),4868,Rajasthan,2,Female,15,50-54 years,493,Ischemic heart disease,380,Particulate matter pollution,1,Number,2014,637.6194772,952.1383754,383.3346463
1,All Population,3,YLDs (Years Lived with Disability),4868,Rajasthan,1,Male,15,50-54 years,494,Stroke,91,Lead exposure,1,Number,2014,117.8048255,301.909454,-17.26743762
1,All Population,3,YLDs (Years Lived with Disability),4868,Rajasthan,2,Female,15,50-54 years,494,Stroke,91,Lead exposure,1,Number,2014,76.81061722,192.07528,-10.84240278
1,All Population,3,YLDs (Years Lived with Disability),4865,Odisha,1,Male,15,50-54 years,498,Hypertensive heart disease,91,Lead exposure,1,Number,2014,14.91481622,38.48959941,0
1,All Population,3,YLDs (Years Lived with Disability),4865,Odisha,2,Female,15,50-54 years,498,Hypertensive heart disease,91,Lead exposure,1,Number,2014,15.89147651,39.04577196,0
1,All Population,3,YLDs (Years Lived with Disability),4842,Arunachal Pradesh,1,Male,15,50-54 years,493,Ischemic heart disease,380,Particulate matter pollution,1,Number,2014,12.00778754,18.11193914,6.727659396
1,All Population,3,YLDs (Years Lived with Disability),4842,Arunachal Pradesh,2,Female,15,50-54 years,493,Ischemic heart disease,380,Particulate matter pollution,1,Number,2014,6.172046296,9.475673961,3.371741458
1,All Population,3,YLDs (Years Lived with Disability),4842,Arunachal Pradesh,1,Male,15,50-54 years,494,Stroke,91,Lead exposure,1,Number,2014,4.629295224,12.20917632,-0.698778307
1,All Population,3,YLDs (Years Lived with Disability),4842,Arunachal Pradesh,2,Female,15,50-54 years,494,Stroke,91,Lead exposure,1,Number,2014,2.59051361,6.663840322,-0.339814555
1,All Population,3,YLDs (Years Lived with Disability),4842,Arunachal Pradesh,1,Male,15,50-54 years,498,Hypertensive heart disease,91,Lead exposure,1,Number,2014,0.295499947,0.801336668,0
1,All Population,3,YLDs (Years Lived with Disability),4842,Arunachal Pradesh,2,Female,15,50-54 years,498,Hypertensive heart disease,91,Lead exposure,1,Number,2014,0.349947088,0.858502059,0
1,All Population,3,YLDs (Years Lived with Disability),4859,Madhya Pradesh,1,Male,15,50-54 years,502,Lower extremity peripheral arterial disease,91,Lead exposure,1,Number,2014,0.171165237,0.60134888,-0.017928813
1,All Population,3,YLDs (Years Lived with Disability),4859,Madhya Pradesh,2,Female,15,50-54 years,502,Lower extremity peripheral arterial disease,91,Lead exposure,1,Number,2014,0.196731226,0.673346494,-0.025030759
1,All Population,3,YLDs (Years Lived with Disability),4874,Uttarakhand,1,Male,15,50-54 years,500,Atrial fibrillation and flutter,91,Lead exposure,1,Number,2014,2.6113489,8.394123216,-0.276376587
1,All Population,3,YLDs (Years Lived with Disability),4874,Uttarakhand,2,Female,15,50-54 years,500,Atrial fibrillation and flutter,91,Lead exposure,1,Number,2014,1.944619896,6.054959901,-0.224872642
1,All Population,3,YLDs (Years Lived with Disability),4872,Tripura,1,Male,15,50-54 years,500,Atrial fibrillation and flutter,91,Lead exposure,1,Number,2014,1.164240653,4.08011258,-0.176819816
1,All Population,3,YLDs (Years Lived with Disability),4872,Tripura,2,Female,15,50-54 years,500,Atrial fibrillation and flutter,91,Lead exposure,1,Number,2014,0.775039042,2.287985216,-0.115483746
1,All Population,3,YLDs (Years Lived with Disability),4870,Tamil Nadu,1,Male,15,50-54 years,502,Lower extremity peripheral arterial disease,91,Lead exposure,1,Number,2014,0.269981443,0.910968271,-0.024706488
1,All Population,3,YLDs (Years Lived with Disability),4870,Tamil Nadu,2,Female,15,50-54 years,502,Lower extremity peripheral arterial disease,91,Lead exposure,1,Number,2014,0.326435928,1.048094543,-0.034976817
1,All Population,3,YLDs (Years Lived with Disability),4846,Chhattisgarh,1,Male,15,50-54 years,493,Ischemic heart disease,91,Lead exposure,1,Number,2014,311.2839159,469.4865801,186.9087244
1,All Population,3,YLDs (Years Lived with Disability),4846,Chhattisgarh,2,Female,15,50-54 years,493,Ischemic heart disease,91,Lead exposure,1,Number,2014,181.1835318,269.3187499,106.5139856
1,All Population,3,YLDs (Years Lived with Disability),4872,Tripura,1,Male,15,50-54 years,502,Lower extremity peripheral arterial disease,91,Lead exposure,1,Number,2014,0.010356812,0.036151368,-0.001019637
1,All Population,3,YLDs (Years Lived with Disability),4872,Tripura,2,Female,15,50-54 years,502,Lower extremity peripheral arterial disease,91,Lead exposure,1,Number,2014,0.010580192,0.034000891,-0.001198636
1,All Population,3,YLDs (Years Lived with Disability),4851,Gujarat,1,Male,15,50-54 years,493,Ischemic heart disease,91,Lead exposure,1,Number,2014,1086.405735,1587.184093,642.5781974
1,All Population,3,YLDs (Years Lived with Disability),4851,Gujarat,2,Female,15,50-54 years,493,Ischemic heart disease,91,Lead exposure,1,Number,2014,574.5954696,824.2363529,357.8586186
1,All Population,3,YLDs (Years Lived with Disability),4870,Tamil Nadu,1,Male,15,50-54 years,493,Ischemic heart disease,91,Lead exposure,1,Number,2014,1603.098001,2391.821118,970.6448347
1,All Population,3,YLDs (Years Lived with Disability),4870,Tamil Nadu,2,Female,15,50-54 years,493,Ischemic heart disease,91,Lead exposure,1,Number,2014,838.3484075,1224.317426,511.5362532
1,All Population,3,YLDs (Years Lived with Disability),4856,Karnataka,1,Male,15,50-54 years,493,Ischemic heart disease,91,Lead exposure,1,Number,2014,1050.896479,1592.245718,639.0516053
1,All Population,3,YLDs (Years Lived with Disability),4856,Karnataka,2,Female,15,50-54 years,493,Ischemic heart disease,91,Lead exposure,1,Number,2014,643.661474,926.8852697,387.6679399
1,All Population,3,YLDs (Years Lived with Disability),4872,Tripura,1,Male,15,50-54 years,493,Ischemic heart disease,91,Lead exposure,1,Number,2014,49.20531402,71.60751131,29.07681434
1,All Population,3,YLDs (Years Lived with Disability),4872,Tripura,2,Female,15,50-54 years,493,Ischemic heart disease,91,Lead exposure,1,Number,2014,27.06175409,39.32012401,15.5870805
1,All Population,3,YLDs (Years Lived with Disability),4843,Assam,1,Male,15,50-54 years,493,Ischemic heart disease,91,Lead exposure,1,Number,2014,306.0767503,455.4147898,176.2039409
1,All Population,3,YLDs (Years Lived with Disability),4843,Assam,2,Female,15,50-54 years,493,Ischemic heart disease,91,Lead exposure,1,Number,2014,172.1928604,254.1354099,102.9361155
1,All Population,3,YLDs (Years Lived with Disability),4856,Karnataka,1,Male,15,50-54 years,500,Atrial fibrillation and flutter,91,Lead exposure,1,Number,2014,21.79967391,64.73096556,-2.793005556
1,All Population,3,YLDs (Years Lived with Disability),4856,Karnataka,2,Female,15,50-54 years,500,Atrial fibrillation and flutter,91,Lead exposure,1,Number,2014,16.81499342,50.90931354,-2.61154103
1,All Population,3,YLDs (Years Lived with Disability),4874,Uttarakhand,1,Male,15,50-54 years,502,Lower extremity peripheral arterial disease,91,Lead exposure,1,Number,2014,0.023760762,0.076111897,-0.002358917
1,All Population,3,YLDs (Years Lived with Disability),4874,Uttarakhand,2,Female,15,50-54 years,502,Lower extremity peripheral arterial disease,91,Lead exposure,1,Number,2014,0.030499718,0.097207763,-0.003017146
1,All Population,3,YLDs (Years Lived with Disability),4863,Mizoram,1,Male,15,50-54 years,494,Stroke,380,Particulate matter pollution,1,Number,2014,13.77806824,21.58925512,7.505027362
1,All Population,3,YLDs (Years Lived with Disability),4863,Mizoram,2,Female,15,50-54 years,494,Stroke,380,Particulate matter pollution,1,Number,2014,11.64729175,18.28749633,6.439647218
1,All Population,3,YLDs (Years Lived with Disability),4854,Jammu & Kashmir and Ladakh,1,Male,15,50-54 years,493,Ischemic heart disease,91,Lead exposure,1,Number,2014,140.0328599,212.902926,82.69982919
1,All Population,3,YLDs (Years Lived with Disability),4854,Jammu & Kashmir and Ladakh,2,Female,15,50-54 years,493,Ischemic heart disease,91,Lead exposure,1,Number,2014,83.8966633,123.5763589,48.74991401
1,All Population,3,YLDs (Years Lived with Disability),4863,Mizoram,1,Male,15,50-54 years,500,Atrial fibrillation and flutter,91,Lead exposure,1,Number,2014,0.29275614,0.996135722,-0.049910398
1,All Population,3,YLDs (Years Lived with Disability),4863,Mizoram,2,Female,15,50-54 years,500,Atrial fibrillation and flutter,91,Lead exposure,1,Number,2014,0.199617307,0.659953574,-0.040952575
1,All Population,3,YLDs (Years Lived with Disability),4850,Goa,1,Male,15,50-54 years,500,Atrial fibrillation and flutter,91,Lead exposure,1,Number,2014,0.479872309,1.649589584,-0.06651525
1,All Population,3,YLDs (Years Lived with Disability),4850,Goa,2,Female,15,50-54 years,500,Atrial fibrillation and flutter,91,Lead exposure,1,Number,2014,0.356826725,1.161742303,-0.048223316
1,All Population,3,YLDs (Years Lived with Disability),4856,Karnataka,1,Male,15,50-54 years,502,Lower extremity peripheral arterial disease,91,Lead exposure,1,Number,2014,0.189981616,0.64853198,-0.023385531
1,All Population,3,YLDs (Years Lived with Disability),4856,Karnataka,2,Female,15,50-54 years,502,Lower extremity peripheral arterial disease,91,Lead exposure,1,Number,2014,0.240834114,0.75673456,-0.031249002
1,All Population,3,YLDs (Years Lived with Disability),4850,Goa,1,Male,15,50-54 years,502,Lower extremity peripheral arterial disease,91,Lead exposure,1,Number,2014,0.00364562,0.013570438,-0.000514864
1,All Population,3,YLDs (Years Lived with Disability),4850,Goa,2,Female,15,50-54 years,502,Lower extremity peripheral arterial disease,91,Lead exposure,1,Number,2014,0.004425232,0.015768874,-0.000625289
1,All Population,3,YLDs (Years Lived with Disability),4861,Manipur,1,Male,15,50-54 years,494,Stroke,380,Particulate matter pollution,1,Number,2014,65.67137494,103.2337219,37.07293576
1,All Population,3,YLDs (Years Lived with Disability),4861,Manipur,2,Female,15,50-54 years,494,Stroke,380,Particulate matter pollution,1,Number,2014,50.31858848,76.84277941,28.81681621
1,All Population,3,YLDs (Years Lived with Disability),4861,Manipur,1,Male,15,50-54 years,500,Atrial fibrillation and flutter,91,Lead exposure,1,Number,2014,0.885177562,2.84914017,-0.141792367
1,All Population,3,YLDs (Years Lived with Disability),4861,Manipur,2,Female,15,50-54 years,500,Atrial fibrillation and flutter,91,Lead exposure,1,Number,2014,0.639142525,1.970000765,-0.116745893
1,All Population,3,YLDs (Years Lived with Disability),4861,Manipur,1,Male,15,50-54 years,502,Lower extremity peripheral arterial disease,91,Lead exposure,1,Number,2014,0.00849931,0.029205532,-0.001553189
1,All Population,3,YLDs (Years Lived with Disability),4861,Manipur,2,Female,15,50-54 years,502,Lower extremity peripheral arterial disease,91,Lead exposure,1,Number,2014,0.010958092,0.033259467,-0.001735546
1,All Population,3,YLDs (Years Lived with Disability),4852,Haryana,1,Male,15,50-54 years,494,Stroke,380,Particulate matter pollution,1,Number,2014,583.8234477,879.3607892,339.4227201
1,All Population,3,YLDs (Years Lived with Disability),4852,Haryana,2,Female,15,50-54 years,494,Stroke,380,Particulate matter pollution,1,Number,2014,513.5749272,784.8442983,293.7915208
1,All Population,3,YLDs (Years Lived with Disability),4852,Haryana,1,Male,15,50-54 years,500,Atrial fibrillation and flutter,91,Lead exposure,1,Number,2014,6.110457124,19.61285493,-0.817596519
1,All Population,3,YLDs (Years Lived with Disability),4852,Haryana,2,Female,15,50-54 years,500,Atrial fibrillation and flutter,91,Lead exposure,1,Number,2014,4.128689089,13.50466707,-0.672690035
1,All Population,3,YLDs (Years Lived with Disability),4846,Chhattisgarh,1,Male,15,50-54 years,502,Lower extremity peripheral arterial disease,91,Lead exposure,1,Number,2014,0.063014675,0.198558798,-0.006596963
1,All Population,3,YLDs (Years Lived with Disability),4846,Chhattisgarh,2,Female,15,50-54 years,502,Lower extremity peripheral arterial disease,91,Lead exposure,1,Number,2014,0.07408229,0.265375066,-0.007699837
1,All Population,3,YLDs (Years Lived with Disability),4862,Meghalaya,1,Male,15,50-54 years,493,Ischemic heart disease,380,Particulate matter pollution,1,Number,2014,23.2799849,35.9937081,14.08285548
1,All Population,3,YLDs (Years Lived with Disability),4862,Meghalaya,2,Female,15,50-54 years,493,Ischemic heart disease,380,Particulate matter pollution,1,Number,2014,15.61750011,23.95425935,8.675109231
1,All Population,3,YLDs (Years Lived with Disability),4862,Meghalaya,1,Male,15,50-54 years,494,Stroke,91,Lead exposure,1,Number,2014,8.503665491,22.88300544,-1.566711326
1,All Population,3,YLDs (Years Lived with Disability),4862,Meghalaya,2,Female,15,50-54 years,494,Stroke,91,Lead exposure,1,Number,2014,6.064576316,15.98304186,-0.994538277
1,All Population,3,YLDs (Years Lived with Disability),4862,Meghalaya,1,Male,15,50-54 years,498,Hypertensive heart disease,91,Lead exposure,1,Number,2014,0.623503796,1.471028696,0
1,All Population,3,YLDs (Years Lived with Disability),4862,Meghalaya,2,Female,15,50-54 years,498,Hypertensive heart disease,91,Lead exposure,1,Number,2014,0.818788849,1.993916536,0
1,All Population,3,YLDs (Years Lived with Disability),4842,Arunachal Pradesh,1,Male,15,50-54 years,502,Lower extremity peripheral arterial disease,91,Lead exposure,1,Number,2014,0.002930935,0.009917293,-0.000348089
1,All Population,3,YLDs (Years Lived with Disability),4842,Arunachal Pradesh,2,Female,15,50-54 years,502,Lower extremity peripheral arterial disease,91,Lead exposure,1,Number,2014,0.002918686,0.009717561,-0.000382866
1,All Population,3,YLDs (Years Lived with Disability),4844,Bihar,1,Male,15,50-54 years,500,Atrial fibrillation and flutter,91,Lead exposure,1,Number,2014,23.82018855,81.18916342,-3.722982649
1,All Population,3,YLDs (Years Lived with Disability),4844,Bihar,2,Female,15,50-54 years,500,Atrial fibrillation and flutter,91,Lead exposure,1,Number,2014,16.52867233,60.51376045,-1.86551317
1,All Population,3,YLDs (Years Lived with Disability),4844,Bihar,1,Male,15,50-54 years,502,Lower extremity peripheral arterial disease,91,Lead exposure,1,Number,2014,0.222877294,0.795533054,-0.02477335
1,All Population,3,YLDs (Years Lived with Disability),4844,Bihar,2,Female,15,50-54 years,502,Lower extremity peripheral arterial disease,91,Lead exposure,1,Number,2014,0.248167464,0.940076055,-0.03079162
1,All Population,3,YLDs (Years Lived with Disability),4853,Himachal Pradesh,1,Male,15,50-54 years,493,Ischemic heart disease,380,Particulate matter pollution,1,Number,2014,129.4842627,196.1192483,74.74442879
1,All Population,3,YLDs (Years Lived with Disability),4853,Himachal Pradesh,2,Female,15,50-54 years,493,Ischemic heart disease,380,Particulate matter pollution,1,Number,2014,73.27171751,109.953819,42.9574859
1,All Population,3,YLDs (Years Lived with Disability),4853,Himachal Pradesh,1,Male,15,50-54 years,494,Stroke,91,Lead exposure,1,Number,2014,24.3585888,70.81660289,-4.533057695
1,All Population,3,YLDs (Years Lived with Disability),4853,Himachal Pradesh,2,Female,15,50-54 years,494,Stroke,91,Lead exposure,1,Number,2014,18.47549419,51.04515983,-3.083183344
1,All Population,3,YLDs (Years Lived with Disability),4853,Himachal Pradesh,1,Male,15,50-54 years,498,Hypertensive heart disease,91,Lead exposure,1,Number,2014,1.28111348,3.720771729,0
1,All Population,3,YLDs (Years Lived with Disability),4853,Himachal Pradesh,2,Female,15,50-54 years,498,Hypertensive heart disease,91,Lead exposure,1,Number,2014,2.061957766,5.266086383,0
1,All Population,3,YLDs (Years Lived with Disability),4860,Maharashtra,1,Male,15,50-54 years,494,Stroke,380,Particulate matter pollution,1,Number,2014,2305.20863,3736.219179,1300.083747
1,All Population,3,YLDs (Years Lived with Disability),4860,Maharashtra,2,Female,15,50-54 years,494,Stroke,380,Particulate matter pollution,1,Number,2014,1794.064081,2745.55707,994.9932247
1,All Population,3,YLDs (Years Lived with Disability),4860,Maharashtra,1,Male,15,50-54 years,498,Hypertensive heart disease,91,Lead exposure,1,Number,2014,17.90824872,46.58700926,0
1,All Population,3,YLDs (Years Lived with Disability),4860,Maharashtra,2,Female,15,50-54 years,498,Hypertensive heart disease,91,Lead exposure,1,Number,2014,33.31085348,75.57736154,0
1,All Population,3,YLDs (Years Lived with Disability),4860,Maharashtra,1,Male,15,50-54 years,500,Atrial fibrillation and flutter,91,Lead exposure,1,Number,2014,29.92633163,86.89624695,-4.532591282
1,All Population,3,YLDs (Years Lived with Disability),4860,Maharashtra,2,Female,15,50-54 years,500,Atrial fibrillation and flutter,91,Lead exposure,1,Number,2014,20.89910249,61.09904346,-3.128915935
1,All Population,3,YLDs (Years Lived with Disability),4855,Jharkhand,1,Male,15,50-54 years,502,Lower extremity peripheral arterial disease,91,Lead exposure,1,Number,2014,0.067023585,0.246245201,-0.006890747
1,All Population,3,YLDs (Years Lived with Disability),4855,Jharkhand,2,Female,15,50-54 years,502,Lower extremity peripheral arterial disease,91,Lead exposure,1,Number,2014,0.078663916,0.263362789,-0.00904493
1,All Population,3,YLDs (Years Lived with Disability),4864,Nagaland,1,Male,15,50-54 years,493,Ischemic heart disease,380,Particulate matter pollution,1,Number,2014,17.51765276,26.36714807,10.21067404
1,All Population,3,YLDs (Years Lived with Disability),4864,Nagaland,2,Female,15,50-54 years,493,Ischemic heart disease,380,Particulate matter pollution,1,Number,2014,11.53301712,17.19454143,6.586422743
1,All Population,3,YLDs (Years Lived with Disability),4864,Nagaland,1,Male,15,50-54 years,494,Stroke,91,Lead exposure,1,Number,2014,8.183016114,20.09472277,-1.176305527
1,All Population,3,YLDs (Years Lived with Disability),4864,Nagaland,2,Female,15,50-54 years,494,Stroke,91,Lead exposure,1,Number,2014,3.960272613,10.68887666,-0.531859881
1,All Population,3,YLDs (Years Lived with Disability),4851,Gujarat,1,Male,15,50-54 years,494,Stroke,91,Lead exposure,1,Number,2014,318.9159387,819.583105,-54.43613304
1,All Population,3,YLDs (Years Lived with Disability),4851,Gujarat,2,Female,15,50-54 years,494,Stroke,91,Lead exposure,1,Number,2014,249.236589,641.3602787,-38.18100135
1,All Population,3,YLDs (Years Lived with Disability),4867,Punjab,1,Male,15,50-54 years,493,Ischemic heart disease,91,Lead exposure,1,Number,2014,440.5171986,664.5962171,255.1816806
1,All Population,3,YLDs (Years Lived with Disability),4867,Punjab,2,Female,15,50-54 years,493,Ischemic heart disease,91,Lead exposure,1,Number,2014,257.657803,372.9901804,150.7739653
1,All Population,3,YLDs (Years Lived with Disability),4851,Gujarat,1,Male,15,50-54 years,498,Hypertensive heart disease,91,Lead exposure,1,Number,2014,11.08654605,25.82738783,0
1,All Population,3,YLDs (Years Lived with Disability),4851,Gujarat,2,Female,15,50-54 years,498,Hypertensive heart disease,91,Lead exposure,1,Number,2014,21.01789386,50.95818166,0
1,All Population,3,YLDs (Years Lived with Disability),4871,Telangana,1,Male,15,50-54 years,502,Lower extremity peripheral arterial disease,91,Lead exposure,1,Number,2014,0.080201323,0.302044859,-0.007621461
1,All Population,3,YLDs (Years Lived with Disability),4871,Telangana,2,Female,15,50-54 years,502,Lower extremity peripheral arterial disease,91,Lead exposure,1,Number,2014,0.094304371,0.358868546,-0.011245229
1,All Population,3,YLDs (Years Lived with Disability),4873,Uttar Pradesh,1,Male,15,50-54 years,494,Stroke,380,Particulate matter pollution,1,Number,2014,3935.664946,6046.761827,2238.797655
1,All Population,3,YLDs (Years Lived with Disability),4873,Uttar Pradesh,2,Female,15,50-54 years,494,Stroke,380,Particulate matter pollution,1,Number,2014,4264.831147,6589.921098,2514.081308
1,All Population,3,YLDs (Years Lived with Disability),4873,Uttar Pradesh,1,Male,15,50-54 years,500,Atrial fibrillation and flutter,91,Lead exposure,1,Number,2014,47.11979298,125.6677937,-4.854808044
1,All Population,3,YLDs (Years Lived with Disability),4873,Uttar Pradesh,2,Female,15,50-54 years,500,Atrial fibrillation and flutter,91,Lead exposure,1,Number,2014,34.48551329,102.6379397,-3.931745818
1,All Population,3,YLDs (Years Lived with Disability),4849,Delhi,1,Male,15,50-54 years,494,Stroke,380,Particulate matter pollution,1,Number,2014,318.0214108,493.5828792,167.023207
1,All Population,3,YLDs (Years Lived with Disability),4849,Delhi,2,Female,15,50-54 years,494,Stroke,380,Particulate matter pollution,1,Number,2014,317.6473475,497.8445168,176.9271811
1,All Population,3,YLDs (Years Lived with Disability),4869,Sikkim,1,Male,15,50-54 years,493,Ischemic heart disease,91,Lead exposure,1,Number,2014,7.469063191,11.06814002,4.49743316
1,All Population,3,YLDs (Years Lived with Disability),4869,Sikkim,2,Female,15,50-54 years,493,Ischemic heart disease,91,Lead exposure,1,Number,2014,3.594643144,5.344044433,2.127206996
1,All Population,3,YLDs (Years Lived with Disability),4849,Delhi,1,Male,15,50-54 years,500,Atrial fibrillation and flutter,91,Lead exposure,1,Number,2014,3.469920072,10.43285352,-0.459773693
1,All Population,3,YLDs (Years Lived with Disability),4849,Delhi,2,Female,15,50-54 years,500,Atrial fibrillation and flutter,91,Lead exposure,1,Number,2014,2.171368471,7.105871723,-0.256386403
1,All Population,3,YLDs (Years Lived with Disability),4857,Kerala,1,Male,15,50-54 years,494,Stroke,380,Particulate matter pollution,1,Number,2014,964.6986611,1459.123082,506.4728096
1,All Population,3,YLDs (Years Lived with Disability),4857,Kerala,2,Female,15,50-54 years,494,Stroke,380,Particulate matter pollution,1,Number,2014,877.5244609,1360.530866,432.5236871
1,All Population,3,YLDs (Years Lived with Disability),4875,West Bengal,1,Male,15,50-54 years,494,Stroke,380,Particulate matter pollution,1,Number,2014,3367.68235,4996.70576,1892.063819
1,All Population,3,YLDs (Years Lived with Disability),4875,West Bengal,2,Female,15,50-54 years,494,Stroke,380,Particulate matter pollution,1,Number,2014,2832.720732,4289.078814,1647.870594
1,All Population,3,YLDs (Years Lived with Disability),4875,West Bengal,1,Male,15,50-54 years,498,Hypertensive heart disease,91,Lead exposure,1,Number,2014,17.1505911,43.8974417,0
1,All Population,3,YLDs (Years Lived with Disability),4875,West Bengal,2,Female,15,50-54 years,498,Hypertensive heart disease,91,Lead exposure,1,Number,2014,24.1051499,54.32648368,0
1,All Population,3,YLDs (Years Lived with Disability),4857,Kerala,1,Male,15,50-54 years,500,Atrial fibrillation and flutter,91,Lead exposure,1,Number,2014,12.0538595,39.60145381,-1.737489465
1,All Population,3,YLDs (Years Lived with Disability),4857,Kerala,2,Female,15,50-54 years,500,Atrial fibrillation and flutter,91,Lead exposure,1,Number,2014,9.908986295,31.71805699,-1.394736792
1,All Population,3,YLDs (Years Lived with Disability),44538,Other Union Territories,1,Male,15,50-54 years,500,Atrial fibrillation and flutter,91,Lead exposure,1,Number,2014,0.99566508,3.262332328,-0.137531523
1,All Population,3,YLDs (Years Lived with Disability),44538,Other Union Territories,2,Female,15,50-54 years,500,Atrial fibrillation and flutter,91,Lead exposure,1,Number,2014,0.642100883,2.101072834,-0.096056646
1,All Population,3,YLDs (Years Lived with Disability),44538,Other Union Territories,1,Male,15,50-54 years,502,Lower extremity peripheral arterial disease,91,Lead exposure,1,Number,2014,0.009261674,0.033075565,-0.00120736
1,All Population,3,YLDs (Years Lived with Disability),44538,Other Union Territories,2,Female,15,50-54 years,502,Lower extremity peripheral arterial disease,91,Lead exposure,1,Number,2014,0.010330344,0.031335207,-0.001707855
