population_group_id,population_group_name,measure_id,measure_name,location_id,location_name,sex_id,sex_name,age_id,age_name,cause_id,cause_name,rei_id,rei_name,metric_id,metric_name,year,val,upper,lower
1,All Population,3,YLDs (Years Lived with Disability),4843,Assam,1,Male,9,20-24 years,493,Ischemic heart disease,108,High body-mass index,1,Number,2013,8.6179601710485,16.366333286961233,2.5936309086950207
1,All Population,3,YLDs (Years Lived with Disability),4843,Assam,2,Female,9,20-24 years,493,Ischemic heart disease,108,High body-mass index,1,Number,2013,7.506853315680426,15.564631555260556,2.04852721175822
1,All Population,3,YLDs (Years Lived with Disability),4870,Tamil Nadu,1,Male,9,20-24 years,494,Stroke,108,High body-mass index,1,Number,2013,9.267001812823919,43.99015418824997,-22.84302603344672
1,All Population,3,YLDs (Years Lived with Disability),4870,Tamil Nadu,2,Female,9,20-24 years,494,Stroke,108,High body-mass index,1,Number,2013,29.910228661603583,91.39051112266631,-14.914586850616567
1,All Population,3,YLDs (Years Lived with Disability),4841,Andhra Pradesh,1,Male,9,20-24 years,493,Ischemic heart disease,108,High body-mass index,1,Number,2013,24.563465643595286,50.85111406004371,6.549483253410179
1,All Population,3,YLDs (Years Lived with Disability),4841,Andhra Pradesh,2,Female,9,20-24 years,493,Ischemic heart disease,108,High body-mass index,1,Number,2013,23.925507674394147,55.09020134631141,7.632449705697338
1,All Population,3,YLDs (Years Lived with Disability),4861,Manipur,1,Male,9,20-24 years,493,Ischemic heart disease,108,High body-mass index,1,Number,2013,0.8894482958343987,2.0206342876019425,0.21124399187565107
1,All Population,3,YLDs (Years Lived with Disability),4861,Manipur,2,Female,9,20-24 years,493,Ischemic heart disease,108,High body-mass index,1,Number,2013,1.2352783216797352,2.5246833687850394,0.3960909659229378
1,All Population,3,YLDs (Years Lived with Disability),4870,Tamil Nadu,1,Male,9,20-24 years,498,Hypertensive heart disease,107,High systolic blood pressure,1,Number,2013,6.039550106458629,9.75741867650364,3.4813744711977916
1,All Population,3,YLDs (Years Lived with Disability),4870,Tamil Nadu,2,Female,9,20-24 years,498,Hypertensive heart disease,107,High systolic blood pressure,1,Number,2013,16.28385892977021,27.505433793231823,9.636692679672622
1,All Population,3,YLDs (Years Lived with Disability),4870,Tamil Nadu,1,Male,9,20-24 years,498,Hypertensive heart disease,108,High body-mass index,1,Number,2013,1.804408799971907,3.6762897770750396,0.623918840912796
1,All Population,3,YLDs (Years Lived with Disability),4870,Tamil Nadu,2,Female,9,20-24 years,498,Hypertensive heart disease,108,High body-mass index,1,Number,2013,7.067016870958771,13.052007095108907,2.8948350985571847
1,All Population,3,YLDs (Years Lived with Disability),4859,Madhya Pradesh,1,Male,9,20-24 years,493,Ischemic heart disease,108,High body-mass index,1,Number,2013,14.712827489790827,32.05932620957042,4.279824580534889
1,All Population,3,YLDs (Years Lived with Disability),4859,Madhya Pradesh,2,Female,9,20-24 years,493,Ischemic heart disease,108,High body-mass index,1,Number,2013,16.457588180751916,36.826567123760185,4.763328006398691
1,All Population,3,YLDs (Years Lived with Disability),4868,Rajasthan,1,Male,9,20-24 years,498,Hypertensive heart disease,107,High systolic blood pressure,1,Number,2013,8.377667019037892,13.915573403724085,4.932177062009617
1,All Population,3,YLDs (Years Lived with Disability),4868,Rajasthan,2,Female,9,20-24 years,498,Hypertensive heart disease,107,High systolic blood pressure,1,Number,2013,20.343622801588374,33.0260352156292,12.109865453966483
1,All Population,3,YLDs (Years Lived with Disability),4868,Rajasthan,1,Male,9,20-24 years,498,Hypertensive heart disease,108,High body-mass index,1,Number,2013,1.9870403415549855,4.403559758988193,0.6239070556545496
1,All Population,3,YLDs (Years Lived with Disability),4868,Rajasthan,2,Female,9,20-24 years,498,Hypertensive heart disease,108,High body-mass index,1,Number,2013,5.290159807874018,11.291141332164871,1.5467003051002135
1,All Population,3,YLDs (Years Lived with Disability),4870,Tamil Nadu,1,Male,9,20-24 years,493,Ischemic heart disease,108,High body-mass index,1,Number,2013,31.4970191630359,65.61503989086341,8.304020452848825
1,All Population,3,YLDs (Years Lived with Disability),4870,Tamil Nadu,2,Female,9,20-24 years,493,Ischemic heart disease,108,High body-mass index,1,Number,2013,48.420906656280046,97.89870015002228,15.10791876584664
1,All Population,3,YLDs (Years Lived with Disability),4854,Jammu & Kashmir and Ladakh,1,Male,9,20-24 years,494,Stroke,108,High body-mass index,1,Number,2013,1.4611968090104068,7.838195771169176,-5.505440814313342
1,All Population,3,YLDs (Years Lived with Disability),4854,Jammu & Kashmir and Ladakh,2,Female,9,20-24 years,494,Stroke,108,High body-mass index,1,Number,2013,2.339348162204879,9.71496022090308,-4.932644424624031
1,All Population,3,YLDs (Years Lived with Disability),4854,Jammu & Kashmir and Ladakh,1,Male,9,20-24 years,498,Hypertensive heart disease,107,High systolic blood pressure,1,Number,2013,1.617352154970987,2.6766018332689185,0.9381498587531781
1,All Population,3,YLDs (Years Lived with Disability),4854,Jammu & Kashmir and Ladakh,2,Female,9,20-24 years,498,Hypertensive heart disease,107,High systolic blood pressure,1,Number,2013,3.54964526999666,5.796004248912,2.061392580163818
1,All Population,3,YLDs (Years Lived with Disability),4854,Jammu & Kashmir and Ladakh,1,Male,9,20-24 years,498,Hypertensive heart disease,108,High body-mass index,1,Number,2013,0.5676455925384167,1.0741932613507725,0.21878263163981748
1,All Population,3,YLDs (Years Lived with Disability),4854,Jammu & Kashmir and Ladakh,2,Female,9,20-24 years,498,Hypertensive heart disease,108,High body-mass index,1,Number,2013,1.4450119678812814,2.7035089765462894,0.5368977279376578
1,All Population,3,YLDs (Years Lived with Disability),4874,Uttarakhand,1,Male,9,20-24 years,493,Ischemic heart disease,108,High body-mass index,1,Number,2013,5.072923208135079,11.506232744132129,1.0607030604443894
1,All Population,3,YLDs (Years Lived with Disability),4874,Uttarakhand,2,Female,9,20-24 years,493,Ischemic heart disease,108,High body-mass index,1,Number,2013,4.4936334907687225,9.48151762414566,1.263683949880209
1,All Population,3,YLDs (Years Lived with Disability),4852,Haryana,1,Male,9,20-24 years,498,Hypertensive heart disease,107,High systolic blood pressure,1,Number,2013,3.5912013493470973,5.995303982636768,2.1168065483037224
1,All Population,3,YLDs (Years Lived with Disability),4852,Haryana,2,Female,9,20-24 years,498,Hypertensive heart disease,107,High systolic blood pressure,1,Number,2013,7.0288531543923565,11.396722739553809,4.053674258728034
1,All Population,3,YLDs (Years Lived with Disability),4852,Haryana,1,Male,9,20-24 years,498,Hypertensive heart disease,108,High body-mass index,1,Number,2013,1.589067677876129,2.987472622177157,0.5636349790392238
1,All Population,3,YLDs (Years Lived with Disability),4852,Haryana,2,Female,9,20-24 years,498,Hypertensive heart disease,108,High body-mass index,1,Number,2013,2.6252728288552825,5.463154611608703,0.9478933233704323
1,All Population,3,YLDs (Years Lived with Disability),4872,Tripura,1,Male,9,20-24 years,493,Ischemic heart disease,108,High body-mass index,1,Number,2013,1.033451099757342,2.037077763541524,0.31494066499330925
1,All Population,3,YLDs (Years Lived with Disability),4872,Tripura,2,Female,9,20-24 years,493,Ischemic heart disease,108,High body-mass index,1,Number,2013,1.3189184762505302,2.78676036489039,0.3622742692246215
1,All Population,3,YLDs (Years Lived with Disability),4865,Odisha,1,Male,9,20-24 years,494,Stroke,108,High body-mass index,1,Number,2013,-1.0915998126253188,11.128640995044098,-20.26915952231098
1,All Population,3,YLDs (Years Lived with Disability),4865,Odisha,2,Female,9,20-24 years,494,Stroke,108,High body-mass index,1,Number,2013,0.9244807669953133,18.91274794988071,-18.11789935661583
1,All Population,3,YLDs (Years Lived with Disability),4852,Haryana,1,Male,9,20-24 years,494,Stroke,108,High body-mass index,1,Number,2013,11.659516694231272,33.724518202424875,-6.253597813177814
1,All Population,3,YLDs (Years Lived with Disability),4852,Haryana,2,Female,9,20-24 years,494,Stroke,108,High body-mass index,1,Number,2013,6.852275703168982,25.770055569338517,-9.591552033466547
1,All Population,3,YLDs (Years Lived with Disability),4854,Jammu & Kashmir and Ladakh,1,Male,9,20-24 years,493,Ischemic heart disease,108,High body-mass index,1,Number,2013,5.180055578391443,11.036209597393887,1.677147592483665
1,All Population,3,YLDs (Years Lived with Disability),4854,Jammu & Kashmir and Ladakh,2,Female,9,20-24 years,493,Ischemic heart disease,108,High body-mass index,1,Number,2013,7.950621037900829,16.935315318061463,2.36374011383919
1,All Population,3,YLDs (Years Lived with Disability),4871,Telangana,1,Male,9,20-24 years,494,Stroke,108,High body-mass index,1,Number,2013,9.464223278563669,29.303081907780054,-8.067488504369773
1,All Population,3,YLDs (Years Lived with Disability),4871,Telangana,2,Female,9,20-24 years,494,Stroke,108,High body-mass index,1,Number,2013,7.890792165161952,35.722883643421355,-8.396613294506219
1,All Population,3,YLDs (Years Lived with Disability),4868,Rajasthan,1,Male,9,20-24 years,494,Stroke,108,High body-mass index,1,Number,2013,1.0888623732944762,18.704210834755138,-24.271052925796187
1,All Population,3,YLDs (Years Lived with Disability),4868,Rajasthan,2,Female,9,20-24 years,494,Stroke,108,High body-mass index,1,Number,2013,1.4626793176113815,24.36589414652444,-33.16984997990093
1,All Population,3,YLDs (Years Lived with Disability),4871,Telangana,1,Male,9,20-24 years,498,Hypertensive heart disease,107,High systolic blood pressure,1,Number,2013,3.5642955991632794,6.0452594919137495,2.0623167636603594
1,All Population,3,YLDs (Years Lived with Disability),4871,Telangana,2,Female,9,20-24 years,498,Hypertensive heart disease,107,High systolic blood pressure,1,Number,2013,10.460875060858147,17.081122495998827,6.118981436636142
1,All Population,3,YLDs (Years Lived with Disability),4871,Telangana,1,Male,9,20-24 years,498,Hypertensive heart disease,108,High body-mass index,1,Number,2013,1.288642016248284,2.4722126556631654,0.44021376607273277
1,All Population,3,YLDs (Years Lived with Disability),4871,Telangana,2,Female,9,20-24 years,498,Hypertensive heart disease,108,High body-mass index,1,Number,2013,3.725493988520673,7.581898790423295,1.3055657035715742
1,All Population,3,YLDs (Years Lived with Disability),4850,Goa,1,Male,9,20-24 years,494,Stroke,108,High body-mass index,1,Number,2013,1.2344525042138956,3.7097616071438786,-0.10629670691383332
1,All Population,3,YLDs (Years Lived with Disability),4850,Goa,2,Female,9,20-24 years,494,Stroke,108,High body-mass index,1,Number,2013,0.8837230031590942,2.686755103012228,-0.13692749257632292
1,All Population,3,YLDs (Years Lived with Disability),4856,Karnataka,1,Male,9,20-24 years,493,Ischemic heart disease,108,High body-mass index,1,Number,2013,21.454393569147697,47.57785517935355,5.491481985704383
1,All Population,3,YLDs (Years Lived with Disability),4856,Karnataka,2,Female,9,20-24 years,493,Ischemic heart disease,108,High body-mass index,1,Number,2013,29.132859622548263,64.71276060666054,8.496619256217105
1,All Population,3,YLDs (Years Lived with Disability),4842,Arunachal Pradesh,1,Male,9,20-24 years,493,Ischemic heart disease,108,High body-mass index,1,Number,2013,0.5281069597331066,1.1425122565712023,0.15902400836305575
1,All Population,3,YLDs (Years Lived with Disability),4842,Arunachal Pradesh,2,Female,9,20-24 years,493,Ischemic heart disease,108,High body-mass index,1,Number,2013,0.5405715940589265,1.121644276471435,0.1783888796579019
1,All Population,3,YLDs (Years Lived with Disability),4860,Maharashtra,1,Male,9,20-24 years,493,Ischemic heart disease,108,High body-mass index,1,Number,2013,35.07675545625117,73.1617823088286,9.776975917847839
1,All Population,3,YLDs (Years Lived with Disability),4860,Maharashtra,2,Female,9,20-24 years,493,Ischemic heart disease,108,High body-mass index,1,Number,2013,31.84302618184179,70.77813644330075,10.320835040369445
1,All Population,3,YLDs (Years Lived with Disability),4853,Himachal Pradesh,1,Male,9,20-24 years,494,Stroke,108,High body-mass index,1,Number,2013,0.7183814184227109,4.210226211009981,-3.1479513465092057
1,All Population,3,YLDs (Years Lived with Disability),4853,Himachal Pradesh,2,Female,9,20-24 years,494,Stroke,108,High body-mass index,1,Number,2013,1.011971249428518,4.948450710422632,-2.3124612976419683
1,All Population,3,YLDs (Years Lived with Disability),4869,Sikkim,1,Male,9,20-24 years,494,Stroke,108,High body-mass index,1,Number,2013,0.0745880286320997,0.43945893360543065,-0.3746000761612698
1,All Population,3,YLDs (Years Lived with Disability),4869,Sikkim,2,Female,9,20-24 years,494,Stroke,108,High body-mass index,1,Number,2013,0.372179477457505,1.114755781750985,-0.10521852488730088
1,All Population,3,YLDs (Years Lived with Disability),4875,West Bengal,1,Male,9,20-24 years,493,Ischemic heart disease,108,High body-mass index,1,Number,2013,23.253463279408567,49.23345515219728,5.203758713208894
1,All Population,3,YLDs (Years Lived with Disability),4875,West Bengal,2,Female,9,20-24 years,493,Ischemic heart disease,108,High body-mass index,1,Number,2013,43.28167072248738,106.61765657333537,13.971757930855677
1,All Population,3,YLDs (Years Lived with Disability),4853,Himachal Pradesh,1,Male,9,20-24 years,498,Hypertensive heart disease,107,High systolic blood pressure,1,Number,2013,0.8560045235526348,1.4449678167493143,0.5048596733578612
1,All Population,3,YLDs (Years Lived with Disability),4853,Himachal Pradesh,2,Female,9,20-24 years,498,Hypertensive heart disease,107,High systolic blood pressure,1,Number,2013,2.20949628377657,3.6755918823347082,1.3014246672307284
1,All Population,3,YLDs (Years Lived with Disability),4853,Himachal Pradesh,1,Male,9,20-24 years,498,Hypertensive heart disease,108,High body-mass index,1,Number,2013,0.29982263065602804,0.604872013015213,0.10828488281374038
1,All Population,3,YLDs (Years Lived with Disability),4853,Himachal Pradesh,2,Female,9,20-24 years,498,Hypertensive heart disease,108,High body-mass index,1,Number,2013,0.723930524784483,1.5133281094810278,0.25126015249707284
1,All Population,3,YLDs (Years Lived with Disability),4855,Jharkhand,1,Male,9,20-24 years,494,Stroke,108,High body-mass index,1,Number,2013,0.5124125512642026,9.067067090633671,-11.77669379243955
1,All Population,3,YLDs (Years Lived with Disability),4855,Jharkhand,2,Female,9,20-24 years,494,Stroke,108,High body-mass index,1,Number,2013,-0.9111926123307387,5.988554805856282,-15.2784012082591
1,All Population,3,YLDs (Years Lived with Disability),4867,Punjab,1,Male,9,20-24 years,493,Ischemic heart disease,108,High body-mass index,1,Number,2013,46.08788916835589,91.51204675087702,13.422252744395758
1,All Population,3,YLDs (Years Lived with Disability),4867,Punjab,2,Female,9,20-24 years,493,Ischemic heart disease,108,High body-mass index,1,Number,2013,24.901152853793295,53.17511402161923,7.629681100993109
1,All Population,3,YLDs (Years Lived with Disability),4844,Bihar,1,Male,9,20-24 years,494,Stroke,108,High body-mass index,1,Number,2013,-1.0762732139208435,26.777077436796908,-44.79370026954187
1,All Population,3,YLDs (Years Lived with Disability),4844,Bihar,2,Female,9,20-24 years,494,Stroke,108,High body-mass index,1,Number,2013,0.7688267952455983,29.066077550624552,-35.637535279947876
1,All Population,3,YLDs (Years Lived with Disability),4869,Sikkim,1,Male,9,20-24 years,498,Hypertensive heart disease,107,High systolic blood pressure,1,Number,2013,0.09347900424505771,0.15458272620995872,0.05421974345794131
1,All Population,3,YLDs (Years Lived with Disability),4869,Sikkim,2,Female,9,20-24 years,498,Hypertensive heart disease,107,High systolic blood pressure,1,Number,2013,0.2157545899106967,0.36195925863110673,0.12755344185373568
1,All Population,3,YLDs (Years Lived with Disability),4869,Sikkim,1,Male,9,20-24 years,498,Hypertensive heart disease,108,High body-mass index,1,Number,2013,0.03183096511342208,0.06201482192110946,0.011912266692953335
1,All Population,3,YLDs (Years Lived with Disability),4869,Sikkim,2,Female,9,20-24 years,498,Hypertensive heart disease,108,High body-mass index,1,Number,2013,0.09969099076499735,0.18464164149656384,0.04436945335667285
1,All Population,3,YLDs (Years Lived with Disability),4855,Jharkhand,1,Male,9,20-24 years,498,Hypertensive heart disease,107,High systolic blood pressure,1,Number,2013,3.341085647210544,5.504561049832709,1.930419619082716
1,All Population,3,YLDs (Years Lived with Disability),4855,Jharkhand,2,Female,9,20-24 years,498,Hypertensive heart disease,107,High systolic blood pressure,1,Number,2013,8.53756726716818,14.33983757862839,5.087684313866359
1,All Population,3,YLDs (Years Lived with Disability),4855,Jharkhand,1,Male,9,20-24 years,498,Hypertensive heart disease,108,High body-mass index,1,Number,2013,0.8467970322906243,1.7587531689779423,0.2891614466256152
1,All Population,3,YLDs (Years Lived with Disability),4855,Jharkhand,2,Female,9,20-24 years,498,Hypertensive heart disease,108,High body-mass index,1,Number,2013,1.8164153184211111,3.9001165149971744,0.6187136475105461
1,All Population,3,YLDs (Years Lived with Disability),4857,Kerala,1,Male,9,20-24 years,493,Ischemic heart disease,108,High body-mass index,1,Number,2013,21.600870650478573,44.766994361867816,6.682198080008714
1,All Population,3,YLDs (Years Lived with Disability),4857,Kerala,2,Female,9,20-24 years,493,Ischemic heart disease,108,High body-mass index,1,Number,2013,19.216267627105193,38.177059823385534,6.491596247399505
1,All Population,3,YLDs (Years Lived with Disability),4873,Uttar Pradesh,1,Male,9,20-24 years,493,Ischemic heart disease,108,High body-mass index,1,Number,2013,47.12233038527808,102.30277359314425,13.260096987492208
1,All Population,3,YLDs (Years Lived with Disability),4873,Uttar Pradesh,2,Female,9,20-24 years,493,Ischemic heart disease,108,High body-mass index,1,Number,2013,77.44419403573306,159.48864552603968,21.735737688496144
1,All Population,3,YLDs (Years Lived with Disability),4853,Himachal Pradesh,1,Male,9,20-24 years,493,Ischemic heart disease,108,High body-mass index,1,Number,2013,2.9685446539214375,5.9593296772043045,0.9170952689437327
1,All Population,3,YLDs (Years Lived with Disability),4853,Himachal Pradesh,2,Female,9,20-24 years,493,Ischemic heart disease,108,High body-mass index,1,Number,2013,2.5470472189714304,5.594933682368292,0.7551368262023044
1,All Population,3,YLDs (Years Lived with Disability),4869,Sikkim,1,Male,9,20-24 years,493,Ischemic heart disease,108,High body-mass index,1,Number,2013,0.27448489855847913,0.5307491072217504,0.08554772959713523
1,All Population,3,YLDs (Years Lived with Disability),4869,Sikkim,2,Female,9,20-24 years,493,Ischemic heart disease,108,High body-mass index,1,Number,2013,0.46658880268769143,0.9712251295492363,0.16811044220455018
1,All Population,3,YLDs (Years Lived with Disability),4862,Meghalaya,1,Male,9,20-24 years,494,Stroke,108,High body-mass index,1,Number,2013,0.493247141344107,2.2126782987223885,-0.8432402175551069
1,All Population,3,YLDs (Years Lived with Disability),4862,Meghalaya,2,Female,9,20-24 years,494,Stroke,108,High body-mass index,1,Number,2013,-0.015237270632606867,1.2138755939375416,-2.335522869998595
1,All Population,3,YLDs (Years Lived with Disability),4842,Arunachal Pradesh,1,Male,9,20-24 years,498,Hypertensive heart disease,107,High systolic blood pressure,1,Number,2013,0.19473391531035533,0.3232837948380185,0.11382019592887743
1,All Population,3,YLDs (Years Lived with Disability),4842,Arunachal Pradesh,2,Female,9,20-24 years,498,Hypertensive heart disease,107,High systolic blood pressure,1,Number,2013,0.5523099557855616,0.9285164782353028,0.3268834129762206
1,All Population,3,YLDs (Years Lived with Disability),4842,Arunachal Pradesh,1,Male,9,20-24 years,498,Hypertensive heart disease,108,High body-mass index,1,Number,2013,0.07118847081855492,0.14703048443179545,0.02619997773733673
1,All Population,3,YLDs (Years Lived with Disability),4842,Arunachal Pradesh,2,Female,9,20-24 years,498,Hypertensive heart disease,108,High body-mass index,1,Number,2013,0.22132607895639578,0.4171452352118851,0.09062340151664161
1,All Population,3,YLDs (Years Lived with Disability),4850,Goa,1,Male,9,20-24 years,493,Ischemic heart disease,108,High body-mass index,1,Number,2013,1.4215887458820669,3.2346777948873418,0.43690274317430844
1,All Population,3,YLDs (Years Lived with Disability),4850,Goa,2,Female,9,20-24 years,493,Ischemic heart disease,108,High body-mass index,1,Number,2013,1.0833476129504638,2.300130314264333,0.3682445873823015
1,All Population,3,YLDs (Years Lived with Disability),4875,West Bengal,1,Male,9,20-24 years,498,Hypertensive heart disease,107,High systolic blood pressure,1,Number,2013,9.712362624350154,16.171044162996036,5.614936656934766
1,All Population,3,YLDs (Years Lived with Disability),4875,West Bengal,2,Female,9,20-24 years,498,Hypertensive heart disease,107,High systolic blood pressure,1,Number,2013,26.03730904778181,42.92342560486011,15.286106786639154
1,All Population,3,YLDs (Years Lived with Disability),4875,West Bengal,1,Male,9,20-24 years,498,Hypertensive heart disease,108,High body-mass index,1,Number,2013,2.4419314634340306,5.307316803854081,0.7707773183031826
1,All Population,3,YLDs (Years Lived with Disability),4875,West Bengal,2,Female,9,20-24 years,498,Hypertensive heart disease,108,High body-mass index,1,Number,2013,8.966991246711286,18.73824432069044,3.3526359225646503
1,All Population,3,YLDs (Years Lived with Disability),44538,Other Union Territories,1,Male,9,20-24 years,493,Ischemic heart disease,108,High body-mass index,1,Number,2013,2.582295007837149,5.062826515451947,0.8072105660223448
1,All Population,3,YLDs (Years Lived with Disability),44538,Other Union Territories,2,Female,9,20-24 years,493,Ischemic heart disease,108,High body-mass index,1,Number,2013,2.0555564617459905,3.884880850911032,0.6126687655245541
1,All Population,3,YLDs (Years Lived with Disability),4849,Delhi,1,Male,9,20-24 years,494,Stroke,108,High body-mass index,1,Number,2013,8.994211376914635,28.057927527625957,-6.805908948132058
1,All Population,3,YLDs (Years Lived with Disability),4849,Delhi,2,Female,9,20-24 years,494,Stroke,108,High body-mass index,1,Number,2013,8.24611660161665,29.303286801406816,-5.047836750178905
1,All Population,3,YLDs (Years Lived with Disability),4860,Maharashtra,1,Male,9,20-24 years,498,Hypertensive heart disease,107,High systolic blood pressure,1,Number,2013,12.654041531285417,20.47247409800054,7.585481627245941
1,All Population,3,YLDs (Years Lived with Disability),4860,Maharashtra,2,Female,9,20-24 years,498,Hypertensive heart disease,107,High systolic blood pressure,1,Number,2013,34.487806421655385,57.19389528747411,20.53685439674415
1,All Population,3,YLDs (Years Lived with Disability),4860,Maharashtra,1,Male,9,20-24 years,498,Hypertensive heart disease,108,High body-mass index,1,Number,2013,3.8465755060972726,7.750921290555743,1.4007716089899596
1,All Population,3,YLDs (Years Lived with Disability),4860,Maharashtra,2,Female,9,20-24 years,498,Hypertensive heart disease,108,High body-mass index,1,Number,2013,10.152041970887323,20.699910102143754,3.3777541389535473
1,All Population,3,YLDs (Years Lived with Disability),44538,Other Union Territories,1,Male,9,20-24 years,494,Stroke,108,High body-mass index,1,Number,2013,1.3669467976532084,4.757013852567627,-1.2445308367283137
1,All Population,3,YLDs (Years Lived with Disability),44538,Other Union Territories,2,Female,9,20-24 years,494,Stroke,108,High body-mass index,1,Number,2013,1.3569387738823178,4.120214646797971,-0.910906721593502
1,All Population,3,YLDs (Years Lived with Disability),4864,Nagaland,1,Male,9,20-24 years,494,Stroke,108,High body-mass index,1,Number,2013,0.1298848083279584,1.1209878247096554,-1.354149803140278
1,All Population,3,YLDs (Years Lived with Disability),4864,Nagaland,2,Female,9,20-24 years,494,Stroke,108,High body-mass index,1,Number,2013,-0.17278620974931969,0.5046800637669943,-1.5347320896717938
1,All Population,3,YLDs (Years Lived with Disability),4843,Assam,1,Male,9,20-24 years,494,Stroke,108,High body-mass index,1,Number,2013,1.772920603348718,15.601575792016744,-17.383376035968546
1,All Population,3,YLDs (Years Lived with Disability),4843,Assam,2,Female,9,20-24 years,494,Stroke,108,High body-mass index,1,Number,2013,-2.303896972072593,10.301105879001803,-25.285490519996838
1,All Population,3,YLDs (Years Lived with Disability),4865,Odisha,1,Male,9,20-24 years,493,Ischemic heart disease,108,High body-mass index,1,Number,2013,7.081291820359115,15.463033501367901,1.6848404281849787
1,All Population,3,YLDs (Years Lived with Disability),4865,Odisha,2,Female,9,20-24 years,493,Ischemic heart disease,108,High body-mass index,1,Number,2013,8.821337438481851,19.514485514274906,2.546411260969291
1,All Population,3,YLDs (Years Lived with Disability),4843,Assam,1,Male,9,20-24 years,498,Hypertensive heart disease,107,High systolic blood pressure,1,Number,2013,5.237597302930349,8.696364727418906,3.102446070303166
1,All Population,3,YLDs (Years Lived with Disability),4843,Assam,2,Female,9,20-24 years,498,Hypertensive heart disease,107,High systolic blood pressure,1,Number,2013,10.311933567043312,16.86857664643761,6.1381574436072155
1,All Population,3,YLDs (Years Lived with Disability),4843,Assam,1,Male,9,20-24 years,498,Hypertensive heart disease,108,High body-mass index,1,Number,2013,1.7209388073412646,3.4272276410764606,0.6318496877293693
1,All Population,3,YLDs (Years Lived with Disability),4843,Assam,2,Female,9,20-24 years,498,Hypertensive heart disease,108,High body-mass index,1,Number,2013,2.940230709327874,5.976894861363145,1.0520588797333064
1,All Population,3,YLDs (Years Lived with Disability),4843,Assam,1,Male,9,20-24 years,493,Ischemic heart disease,108,High body-mass index,1,Number,2015,8.954513010244847,18.838382820169482,2.6505098934311837
1,All Population,3,YLDs (Years Lived with Disability),4843,Assam,2,Female,9,20-24 years,493,Ischemic heart disease,108,High body-mass index,1,Number,2015,7.7830717809289895,15.696857334621246,2.220769704530617
1,All Population,3,YLDs (Years Lived with Disability),4864,Nagaland,1,Male,9,20-24 years,493,Ischemic heart disease,108,High body-mass index,1,Number,2013,0.5139965362783496,1.2069413676949976,0.13245332345438002
1,All Population,3,YLDs (Years Lived with Disability),4864,Nagaland,2,Female,9,20-24 years,493,Ischemic heart disease,108,High body-mass index,1,Number,2013,0.47016154525009735,1.08290039215168,0.12441537458082166
1,All Population,3,YLDs (Years Lived with Disability),4841,Andhra Pradesh,1,Male,9,20-24 years,493,Ischemic heart disease,108,High body-mass index,1,Number,2015,24.947012874697485,53.88706128786614,7.758280111221645
1,All Population,3,YLDs (Years Lived with Disability),4841,Andhra Pradesh,2,Female,9,20-24 years,493,Ischemic heart disease,108,High body-mass index,1,Number,2015,26.043412005214524,54.075834677163236,7.497035234988361
1,All Population,3,YLDs (Years Lived with Disability),4874,Uttarakhand,1,Male,9,20-24 years,493,Ischemic heart disease,108,High body-mass index,1,Number,2015,5.441497946292104,12.50797722599325,1.2226005795814403
1,All Population,3,YLDs (Years Lived with Disability),4874,Uttarakhand,2,Female,9,20-24 years,493,Ischemic heart disease,108,High body-mass index,1,Number,2015,4.952429397597252,10.790858674458514,1.4801147852942143
1,All Population,3,YLDs (Years Lived with Disability),4842,Arunachal Pradesh,1,Male,9,20-24 years,494,Stroke,108,High body-mass index,1,Number,2013,0.2362764900634024,1.137832507766579,-0.5018345378496114
1,All Population,3,YLDs (Years Lived with Disability),4842,Arunachal Pradesh,2,Female,9,20-24 years,494,Stroke,108,High body-mass index,1,Number,2013,0.09721970539989039,0.8942079663886855,-1.2698417975267615
1,All Population,3,YLDs (Years Lived with Disability),4857,Kerala,1,Male,9,20-24 years,494,Stroke,108,High body-mass index,1,Number,2013,11.666044904835436,39.51256289406722,-6.461369465177206
1,All Population,3,YLDs (Years Lived with Disability),4857,Kerala,2,Female,9,20-24 years,494,Stroke,108,High body-mass index,1,Number,2013,17.103911024128706,50.331737621900764,-8.00931040085064
1,All Population,3,YLDs (Years Lived with Disability),4862,Meghalaya,1,Male,9,20-24 years,493,Ischemic heart disease,108,High body-mass index,1,Number,2013,0.8993300997352115,2.0470701746596616,0.2135470441572101
1,All Population,3,YLDs (Years Lived with Disability),4862,Meghalaya,2,Female,9,20-24 years,493,Ischemic heart disease,108,High body-mass index,1,Number,2013,0.758208618469794,1.4968945813544656,0.21335918861083863
1,All Population,3,YLDs (Years Lived with Disability),4844,Bihar,1,Male,9,20-24 years,498,Hypertensive heart disease,107,High systolic blood pressure,1,Number,2013,10.88742605530671,18.122414906271445,6.40852096135322
1,All Population,3,YLDs (Years Lived with Disability),4844,Bihar,2,Female,9,20-24 years,498,Hypertensive heart disease,107,High systolic blood pressure,1,Number,2013,25.093060813730045,42.187036828782716,15.009894887348741
1,All Population,3,YLDs (Years Lived with Disability),4844,Bihar,1,Male,9,20-24 years,498,Hypertensive heart disease,108,High body-mass index,1,Number,2013,2.7213806025398037,5.949857779257139,0.9154253366718006
1,All Population,3,YLDs (Years Lived with Disability),4844,Bihar,2,Female,9,20-24 years,498,Hypertensive heart disease,108,High body-mass index,1,Number,2013,5.92880324915217,12.652189212983847,2.0125014092365325
1,All Population,3,YLDs (Years Lived with Disability),4852,Haryana,1,Male,9,20-24 years,498,Hypertensive heart disease,107,High systolic blood pressure,1,Number,2015,3.640489851726336,6.13729073624741,2.079616218010106
1,All Population,3,YLDs (Years Lived with Disability),4852,Haryana,2,Female,9,20-24 years,498,Hypertensive heart disease,107,High systolic blood pressure,1,Number,2015,7.216997334802331,11.61253887761853,4.252285652544783
1,All Population,3,YLDs (Years Lived with Disability),4852,Haryana,1,Male,9,20-24 years,498,Hypertensive heart disease,108,High body-mass index,1,Number,2015,1.6808721933305737,3.0302834160620575,0.5910026869456713
1,All Population,3,YLDs (Years Lived with Disability),4852,Haryana,2,Female,9,20-24 years,498,Hypertensive heart disease,108,High body-mass index,1,Number,2015,2.8424036065641327,5.8123597140706345,1.0153177140741
1,All Population,3,YLDs (Years Lived with Disability),4862,Meghalaya,1,Male,9,20-24 years,498,Hypertensive heart disease,107,High systolic blood pressure,1,Number,2013,0.3949026587145648,0.6393459252186159,0.2340821670482462
1,All Population,3,YLDs (Years Lived with Disability),4862,Meghalaya,2,Female,9,20-24 years,498,Hypertensive heart disease,107,High systolic blood pressure,1,Number,2013,1.2070423701693935,2.0052466470524988,0.7261953222062639
1,All Population,3,YLDs (Years Lived with Disability),4862,Meghalaya,1,Male,9,20-24 years,498,Hypertensive heart disease,108,High body-mass index,1,Number,2013,0.13420751447776622,0.26677269697738293,0.04767752252511939
1,All Population,3,YLDs (Years Lived with Disability),4862,Meghalaya,2,Female,9,20-24 years,498,Hypertensive heart disease,108,High body-mass index,1,Number,2013,0.36052537861531314,0.7394360076358407,0.1265168427557563
1,All Population,3,YLDs (Years Lived with Disability),4844,Bihar,1,Male,9,20-24 years,493,Ischemic heart disease,108,High body-mass index,1,Number,2013,17.327618254172386,35.42146536887015,4.727381264199115
1,All Population,3,YLDs (Years Lived with Disability),4844,Bihar,2,Female,9,20-24 years,493,Ischemic heart disease,108,High body-mass index,1,Number,2013,18.81173957397863,42.499112446628054,4.655461124578244
1,All Population,3,YLDs (Years Lived with Disability),4872,Tripura,1,Male,9,20-24 years,494,Stroke,108,High body-mass index,1,Number,2013,-0.11264381533490098,1.3332606203079909,-2.1115946065047986
1,All Population,3,YLDs (Years Lived with Disability),4872,Tripura,2,Female,9,20-24 years,494,Stroke,108,High body-mass index,1,Number,2013,0.1856015231338929,2.122129610652361,-2.835891986711193
1,All Population,3,YLDs (Years Lived with Disability),4860,Maharashtra,1,Male,9,20-24 years,494,Stroke,108,High body-mass index,1,Number,2013,7.023688437604311,59.37503780229428,-50.737297154104134
1,All Population,3,YLDs (Years Lived with Disability),4860,Maharashtra,2,Female,9,20-24 years,494,Stroke,108,High body-mass index,1,Number,2013,11.107844396053029,62.298581325520765,-41.57851324192893
1,All Population,3,YLDs (Years Lived with Disability),4851,Gujarat,1,Male,9,20-24 years,493,Ischemic heart disease,108,High body-mass index,1,Number,2013,15.57877287286412,35.14860892921504,3.572639933473858
1,All Population,3,YLDs (Years Lived with Disability),4851,Gujarat,2,Female,9,20-24 years,493,Ischemic heart disease,108,High body-mass index,1,Number,2013,22.406417745276883,51.19329901804886,6.819932877346254
1,All Population,3,YLDs (Years Lived with Disability),4870,Tamil Nadu,1,Male,9,20-24 years,494,Stroke,108,High body-mass index,1,Number,2015,8.926225952887963,47.90052789538268,-26.633876362599896
1,All Population,3,YLDs (Years Lived with Disability),4870,Tamil Nadu,2,Female,9,20-24 years,494,Stroke,108,High body-mass index,1,Number,2015,36.98465608822619,110.8529077951898,-7.28037222687753
1,All Population,3,YLDs (Years Lived with Disability),4854,Jammu & Kashmir and Ladakh,1,Male,9,20-24 years,494,Stroke,108,High body-mass index,1,Number,2015,1.5585900000016297,8.797833159694347,-5.673290880818767
1,All Population,3,YLDs (Years Lived with Disability),4854,Jammu & Kashmir and Ladakh,2,Female,9,20-24 years,494,Stroke,108,High body-mass index,1,Number,2015,3.099942819878018,12.964779182063857,-4.639476152903352
1,All Population,3,YLDs (Years Lived with Disability),4846,Chhattisgarh,1,Male,9,20-24 years,494,Stroke,108,High body-mass index,1,Number,2013,-0.891435372996371,5.716071693420424,-11.518846727726546
1,All Population,3,YLDs (Years Lived with Disability),4846,Chhattisgarh,2,Female,9,20-24 years,494,Stroke,108,High body-mass index,1,Number,2013,-0.5873248932743678,8.00650226526258,-12.935776680135636
1,All Population,3,YLDs (Years Lived with Disability),4846,Chhattisgarh,1,Male,9,20-24 years,498,Hypertensive heart disease,107,High systolic blood pressure,1,Number,2013,3.726007043103119,6.147648750699789,2.1709942185220674
1,All Population,3,YLDs (Years Lived with Disability),4846,Chhattisgarh,2,Female,9,20-24 years,498,Hypertensive heart disease,107,High systolic blood pressure,1,Number,2013,7.919520917837158,13.158923621613225,4.720145817271511
1,All Population,3,YLDs (Years Lived with Disability),4846,Chhattisgarh,1,Male,9,20-24 years,498,Hypertensive heart disease,108,High body-mass index,1,Number,2013,0.6893441569845005,1.4556542723855532,0.22918642916458679
1,All Population,3,YLDs (Years Lived with Disability),4846,Chhattisgarh,2,Female,9,20-24 years,498,Hypertensive heart disease,108,High body-mass index,1,Number,2013,1.7998340904025065,3.7739107032560364,0.5756553794040187
1,All Population,3,YLDs (Years Lived with Disability),4863,Mizoram,1,Male,9,20-24 years,494,Stroke,108,High body-mass index,1,Number,2013,0.0903548677196475,0.680354187352364,-0.584810723970576
1,All Population,3,YLDs (Years Lived with Disability),4863,Mizoram,2,Female,9,20-24 years,494,Stroke,108,High body-mass index,1,Number,2013,-0.013858470208971322,0.48340467069852455,-0.703955392144385
1,All Population,3,YLDs (Years Lived with Disability),4863,Mizoram,1,Male,9,20-24 years,498,Hypertensive heart disease,107,High systolic blood pressure,1,Number,2013,0.1660814043509749,0.283954463929753,0.09833127798535238
1,All Population,3,YLDs (Years Lived with Disability),4863,Mizoram,2,Female,9,20-24 years,498,Hypertensive heart disease,107,High systolic blood pressure,1,Number,2013,0.549129975251386,0.9237058921757124,0.3112711093306241
1,All Population,3,YLDs (Years Lived with Disability),4863,Mizoram,1,Male,9,20-24 years,498,Hypertensive heart disease,108,High body-mass index,1,Number,2013,0.05964877665492418,0.12025962338876961,0.02101043772659557
1,All Population,3,YLDs (Years Lived with Disability),4863,Mizoram,2,Female,9,20-24 years,498,Hypertensive heart disease,108,High body-mass index,1,Number,2013,0.18504680680422225,0.3567601122195743,0.07278696675982207
1,All Population,3,YLDs (Years Lived with Disability),4852,Haryana,1,Male,9,20-24 years,493,Ischemic heart disease,108,High body-mass index,1,Number,2015,19.657073445015676,38.892761637029835,5.908186087283399
1,All Population,3,YLDs (Years Lived with Disability),4852,Haryana,2,Female,9,20-24 years,493,Ischemic heart disease,108,High body-mass index,1,Number,2015,12.554895633775327,25.383728008002095,3.806409036452545
1,All Population,3,YLDs (Years Lived with Disability),4850,Goa,1,Male,9,20-24 years,493,Ischemic heart disease,108,High body-mass index,1,Number,2015,1.3394183909577781,2.9847441698154134,0.40987036817397937
1,All Population,3,YLDs (Years Lived with Disability),4850,Goa,2,Female,9,20-24 years,493,Ischemic heart disease,108,High body-mass index,1,Number,2015,1.038090658600634,2.187001164487546,0.3275959244814793
1,All Population,3,YLDs (Years Lived with Disability),4849,Delhi,1,Male,9,20-24 years,493,Ischemic heart disease,108,High body-mass index,1,Number,2013,15.063323628153483,30.050903408875875,3.9999921431240804
1,All Population,3,YLDs (Years Lived with Disability),4849,Delhi,2,Female,9,20-24 years,493,Ischemic heart disease,108,High body-mass index,1,Number,2013,12.251034319396963,25.91975754518206,3.7668870378666917
1,All Population,3,YLDs (Years Lived with Disability),4849,Delhi,1,Male,9,20-24 years,494,Stroke,108,High body-mass index,1,Number,2015,9.522339145220958,27.830063775125865,-5.020182481650298
1,All Population,3,YLDs (Years Lived with Disability),4849,Delhi,2,Female,9,20-24 years,494,Stroke,108,High body-mass index,1,Number,2015,9.642520559038804,33.64517453928607,-4.619817952764848
1,All Population,3,YLDs (Years Lived with Disability),4869,Sikkim,1,Male,9,20-24 years,493,Ischemic heart disease,108,High body-mass index,1,Number,2015,0.2679703442437441,0.530499267035826,0.08569488571524783
1,All Population,3,YLDs (Years Lived with Disability),4869,Sikkim,2,Female,9,20-24 years,493,Ischemic heart disease,108,High body-mass index,1,Number,2015,0.4266958999429545,0.8142759785923491,0.153446444111241
1,All Population,3,YLDs (Years Lived with Disability),4871,Telangana,1,Male,9,20-24 years,493,Ischemic heart disease,108,High body-mass index,1,Number,2013,19.8881722375673,43.08613702335193,5.5365567022201985
1,All Population,3,YLDs (Years Lived with Disability),4871,Telangana,2,Female,9,20-24 years,493,Ischemic heart disease,108,High body-mass index,1,Number,2013,16.22808317018744,34.48676007652967,4.592056441534355
1,All Population,3,YLDs (Years Lived with Disability),4867,Punjab,1,Male,9,20-24 years,494,Stroke,108,High body-mass index,1,Number,2015,32.29389836853051,77.02649701072426,3.874813702892575
1,All Population,3,YLDs (Years Lived with Disability),4867,Punjab,2,Female,9,20-24 years,494,Stroke,108,High body-mass index,1,Number,2015,10.612684341968658,32.99433401751654,-4.769015784814637
1,All Population,3,YLDs (Years Lived with Disability),4865,Odisha,1,Male,9,20-24 years,498,Hypertensive heart disease,107,High systolic blood pressure,1,Number,2013,6.077676235567621,9.898969724701342,3.473226534011327
1,All Population,3,YLDs (Years Lived with Disability),4865,Odisha,2,Female,9,20-24 years,498,Hypertensive heart disease,107,High systolic blood pressure,1,Number,2013,12.675498644272407,21.469675636575364,7.506820744987163
1,All Population,3,YLDs (Years Lived with Disability),4865,Odisha,1,Male,9,20-24 years,498,Hypertensive heart disease,108,High body-mass index,1,Number,2013,1.6092291388291826,3.4743651060982685,0.5113167903368652
1,All Population,3,YLDs (Years Lived with Disability),4865,Odisha,2,Female,9,20-24 years,498,Hypertensive heart disease,108,High body-mass index,1,Number,2013,3.5803106393108095,7.643991555672208,1.2486817388566565
1,All Population,3,YLDs (Years Lived with Disability),4864,Nagaland,1,Male,9,20-24 years,498,Hypertensive heart disease,107,High systolic blood pressure,1,Number,2013,0.2878541800410279,0.47441097870997484,0.16219330636284682
1,All Population,3,YLDs (Years Lived with Disability),4864,Nagaland,2,Female,9,20-24 years,498,Hypertensive heart disease,107,High systolic blood pressure,1,Number,2013,0.7724108661106086,1.2329287226796228,0.46557865681707544
1,All Population,3,YLDs (Years Lived with Disability),4864,Nagaland,1,Male,9,20-24 years,498,Hypertensive heart disease,108,High body-mass index,1,Number,2013,0.09011160416943571,0.1924410513972657,0.029385286823890647
1,All Population,3,YLDs (Years Lived with Disability),4864,Nagaland,2,Female,9,20-24 years,498,Hypertensive heart disease,108,High body-mass index,1,Number,2013,0.20417463491288707,0.42641494561062154,0.07502315876967736
1,All Population,3,YLDs (Years Lived with Disability),4857,Kerala,1,Male,9,20-24 years,493,Ischemic heart disease,108,High body-mass index,1,Number,2015,20.90063465994797,42.23726635822404,6.763304327977056
1,All Population,3,YLDs (Years Lived with Disability),4857,Kerala,2,Female,9,20-24 years,493,Ischemic heart disease,108,High body-mass index,1,Number,2015,19.89909404047153,40.47594182140332,6.122286450297571
1,All Population,3,YLDs (Years Lived with Disability),4871,Telangana,1,Male,9,20-24 years,493,Ischemic heart disease,108,High body-mass index,1,Number,2015,20.035776115100937,41.97511471051688,5.659745343679765
1,All Population,3,YLDs (Years Lived with Disability),4871,Telangana,2,Female,9,20-24 years,493,Ischemic heart disease,108,High body-mass index,1,Number,2015,17.63137263824381,36.96388517760248,5.364429130533715
1,All Population,3,YLDs (Years Lived with Disability),4868,Rajasthan,1,Male,9,20-24 years,498,Hypertensive heart disease,107,High systolic blood pressure,1,Number,2015,8.89949039792903,14.709574843619524,5.2707762809034335
1,All Population,3,YLDs (Years Lived with Disability),4868,Rajasthan,2,Female,9,20-24 years,498,Hypertensive heart disease,107,High systolic blood pressure,1,Number,2015,21.879525711133645,35.804830281692674,12.74930088665927
1,All Population,3,YLDs (Years Lived with Disability),4868,Rajasthan,1,Male,9,20-24 years,498,Hypertensive heart disease,108,High body-mass index,1,Number,2015,2.246476394546911,5.169951316248284,0.6690381182324918
1,All Population,3,YLDs (Years Lived with Disability),4868,Rajasthan,2,Female,9,20-24 years,498,Hypertensive heart disease,108,High body-mass index,1,Number,2015,5.9278351596963255,12.522219743876619,1.82847657488532
1,All Population,3,YLDs (Years Lived with Disability),4855,Jharkhand,1,Male,9,20-24 years,493,Ischemic heart disease,108,High body-mass index,1,Number,2015,5.60452613264082,10.9844444526624,1.7689384790516505
1,All Population,3,YLDs (Years Lived with Disability),4855,Jharkhand,2,Female,9,20-24 years,493,Ischemic heart disease,108,High body-mass index,1,Number,2015,5.287285691539825,11.980396479712526,1.0918868939753001
1,All Population,3,YLDs (Years Lived with Disability),4859,Madhya Pradesh,1,Male,9,20-24 years,493,Ischemic heart disease,108,High body-mass index,1,Number,2015,16.286350700144332,34.68697441979168,3.147606056763715
1,All Population,3,YLDs (Years Lived with Disability),4859,Madhya Pradesh,2,Female,9,20-24 years,493,Ischemic heart disease,108,High body-mass index,1,Number,2015,18.9342078690974,42.10634477820983,5.101426366069688
1,All Population,3,YLDs (Years Lived with Disability),4863,Mizoram,1,Male,9,20-24 years,498,Hypertensive heart disease,107,High systolic blood pressure,1,Number,2015,0.16781682895306188,0.2855346497003369,0.09968286788911056
1,All Population,3,YLDs (Years Lived with Disability),4863,Mizoram,2,Female,9,20-24 years,498,Hypertensive heart disease,107,High systolic blood pressure,1,Number,2015,0.563832390797827,0.9606464562079005,0.33034414035497206
1,All Population,3,YLDs (Years Lived with Disability),4863,Mizoram,1,Male,9,20-24 years,498,Hypertensive heart disease,108,High body-mass index,1,Number,2015,0.06173242566906231,0.12811864323246802,0.021626081061145858
1,All Population,3,YLDs (Years Lived with Disability),4863,Mizoram,2,Female,9,20-24 years,498,Hypertensive heart disease,108,High body-mass index,1,Number,2015,0.20447423354218436,0.3998970826681544,0.07686040583716322
1,All Population,3,YLDs (Years Lived with Disability),4867,Punjab,1,Male,9,20-24 years,493,Ischemic heart disease,108,High body-mass index,1,Number,2015,44.67355633893419,89.31927932896653,12.941035056486665
1,All Population,3,YLDs (Years Lived with Disability),4867,Punjab,2,Female,9,20-24 years,493,Ischemic heart disease,108,High body-mass index,1,Number,2015,24.53255957362193,47.39048699801089,7.4316462927107825
1,All Population,3,YLDs (Years Lived with Disability),4868,Rajasthan,1,Male,9,20-24 years,493,Ischemic heart disease,108,High body-mass index,1,Number,2013,18.16424362618037,39.43285506395517,3.3891508002228043
1,All Population,3,YLDs (Years Lived with Disability),4868,Rajasthan,2,Female,9,20-24 years,493,Ischemic heart disease,108,High body-mass index,1,Number,2013,17.994093809877235,38.78130229726797,4.57181080120373
1,All Population,3,YLDs (Years Lived with Disability),4850,Goa,1,Male,9,20-24 years,498,Hypertensive heart disease,107,High systolic blood pressure,1,Number,2013,0.17473353947039372,0.2829898762058713,0.0987664741919231
1,All Population,3,YLDs (Years Lived with Disability),4850,Goa,2,Female,9,20-24 years,498,Hypertensive heart disease,107,High systolic blood pressure,1,Number,2013,0.3754675591740845,0.6266936491852029,0.21724007589985755
1,All Population,3,YLDs (Years Lived with Disability),4850,Goa,1,Male,9,20-24 years,498,Hypertensive heart disease,108,High body-mass index,1,Number,2013,0.10139192250043609,0.19206189831155948,0.04378998529753009
1,All Population,3,YLDs (Years Lived with Disability),4850,Goa,2,Female,9,20-24 years,498,Hypertensive heart disease,108,High body-mass index,1,Number,2013,0.20091387340548064,0.3772816595150791,0.07848404653330626
1,All Population,3,YLDs (Years Lived with Disability),4861,Manipur,1,Male,9,20-24 years,494,Stroke,108,High body-mass index,1,Number,2013,0.17918710659342083,1.8326574443216204,-1.9128484351874198
1,All Population,3,YLDs (Years Lived with Disability),4861,Manipur,2,Female,9,20-24 years,494,Stroke,108,High body-mass index,1,Number,2013,0.28125392001216026,2.111886402599846,-1.9931179762102258
1,All Population,3,YLDs (Years Lived with Disability),4864,Nagaland,1,Male,9,20-24 years,494,Stroke,108,High body-mass index,1,Number,2015,0.16394967440474614,1.1410409349645223,-1.081020375917066
1,All Population,3,YLDs (Years Lived with Disability),4864,Nagaland,2,Female,9,20-24 years,494,Stroke,108,High body-mass index,1,Number,2015,-0.12127586797255879,0.5823475044762083,-1.3777679535388119
1,All Population,3,YLDs (Years Lived with Disability),4875,West Bengal,1,Male,9,20-24 years,494,Stroke,108,High body-mass index,1,Number,2013,1.7465451347025622,37.30904111024617,-56.10078276295852
1,All Population,3,YLDs (Years Lived with Disability),4875,West Bengal,2,Female,9,20-24 years,494,Stroke,108,High body-mass index,1,Number,2013,28.04854965404688,120.41919334674552,-35.03790736487951
1,All Population,3,YLDs (Years Lived with Disability),4856,Karnataka,1,Male,9,20-24 years,494,Stroke,108,High body-mass index,1,Number,2013,3.5527297832311966,28.382701295753968,-25.94661156196047
1,All Population,3,YLDs (Years Lived with Disability),4856,Karnataka,2,Female,9,20-24 years,494,Stroke,108,High body-mass index,1,Number,2013,12.926516491957978,61.38212304066364,-19.492104735586015
1,All Population,3,YLDs (Years Lived with Disability),4855,Jharkhand,1,Male,9,20-24 years,493,Ischemic heart disease,108,High body-mass index,1,Number,2013,5.916506248442301,12.139426780370886,1.682631171199898
1,All Population,3,YLDs (Years Lived with Disability),4855,Jharkhand,2,Female,9,20-24 years,493,Ischemic heart disease,108,High body-mass index,1,Number,2013,5.105874210155515,11.465380082829386,1.3159088514685031
1,All Population,3,YLDs (Years Lived with Disability),4852,Haryana,1,Male,9,20-24 years,493,Ischemic heart disease,108,High body-mass index,1,Number,2013,19.166835322767522,40.31919295733947,6.441462746163688
1,All Population,3,YLDs (Years Lived with Disability),4852,Haryana,2,Female,9,20-24 years,493,Ischemic heart disease,108,High body-mass index,1,Number,2013,11.910106495308971,26.71884335207419,3.507728177876823
1,All Population,3,YLDs (Years Lived with Disability),4870,Tamil Nadu,1,Male,9,20-24 years,498,Hypertensive heart disease,107,High systolic blood pressure,1,Number,2015,6.0655224594275134,9.809619688562274,3.42419499105079
1,All Population,3,YLDs (Years Lived with Disability),4870,Tamil Nadu,2,Female,9,20-24 years,498,Hypertensive heart disease,107,High systolic blood pressure,1,Number,2015,16.45192510655967,27.11696267555123,9.569235535245305
1,All Population,3,YLDs (Years Lived with Disability),4870,Tamil Nadu,1,Male,9,20-24 years,498,Hypertensive heart disease,108,High body-mass index,1,Number,2015,1.873677137853211,3.7281977043429517,0.6644182137390389
1,All Population,3,YLDs (Years Lived with Disability),4870,Tamil Nadu,2,Female,9,20-24 years,498,Hypertensive heart disease,108,High body-mass index,1,Number,2015,7.558949122094018,14.225288579971194,3.084716175605574
1,All Population,3,YLDs (Years Lived with Disability),4851,Gujarat,1,Male,9,20-24 years,494,Stroke,108,High body-mass index,1,Number,2015,3.5813348590194414,29.57769743020958,-23.737154379042103
1,All Population,3,YLDs (Years Lived with Disability),4851,Gujarat,2,Female,9,20-24 years,494,Stroke,108,High body-mass index,1,Number,2015,14.559201636577235,53.82201646366664,-14.220821084181946
1,All Population,3,YLDs (Years Lived with Disability),4872,Tripura,1,Male,9,20-24 years,498,Hypertensive heart disease,107,High systolic blood pressure,1,Number,2013,0.4152317730134676,0.711978845629792,0.23991014958357273
1,All Population,3,YLDs (Years Lived with Disability),4872,Tripura,2,Female,9,20-24 years,498,Hypertensive heart disease,107,High systolic blood pressure,1,Number,2013,1.2245303430693208,2.03861210912256,0.7197563488573098
1,All Population,3,YLDs (Years Lived with Disability),4872,Tripura,1,Male,9,20-24 years,498,Hypertensive heart disease,108,High body-mass index,1,Number,2013,0.10961438428194,0.24077509700778152,0.03951833535239425
1,All Population,3,YLDs (Years Lived with Disability),4872,Tripura,2,Female,9,20-24 years,498,Hypertensive heart disease,108,High body-mass index,1,Number,2013,0.4091655231960587,0.8024085258975362,0.15636517781531706
1,All Population,3,YLDs (Years Lived with Disability),4863,Mizoram,1,Male,9,20-24 years,493,Ischemic heart disease,108,High body-mass index,1,Number,2015,0.25989382887570156,0.6081735890728521,0.056364221865595684
1,All Population,3,YLDs (Years Lived with Disability),4863,Mizoram,2,Female,9,20-24 years,493,Ischemic heart disease,108,High body-mass index,1,Number,2015,0.27306470170002684,0.5802396029084453,0.0718259104238845
1,All Population,3,YLDs (Years Lived with Disability),4857,Kerala,1,Male,9,20-24 years,498,Hypertensive heart disease,107,High systolic blood pressure,1,Number,2013,2.638988656281646,4.323478241457835,1.5435805357795673
1,All Population,3,YLDs (Years Lived with Disability),4857,Kerala,2,Female,9,20-24 years,498,Hypertensive heart disease,107,High systolic blood pressure,1,Number,2013,9.832868481817078,16.076014542170938,5.811842969683161
1,All Population,3,YLDs (Years Lived with Disability),4857,Kerala,1,Male,9,20-24 years,498,Hypertensive heart disease,108,High body-mass index,1,Number,2013,1.1700447099934397,2.189465489162803,0.46619597377916266
1,All Population,3,YLDs (Years Lived with Disability),4857,Kerala,2,Female,9,20-24 years,498,Hypertensive heart disease,108,High body-mass index,1,Number,2013,4.936234792468796,9.500237872046341,1.9349131430399502
1,All Population,3,YLDs (Years Lived with Disability),4849,Delhi,1,Male,9,20-24 years,498,Hypertensive heart disease,107,High systolic blood pressure,1,Number,2013,2.62213372361201,4.303466366834366,1.4815749032944086
1,All Population,3,YLDs (Years Lived with Disability),4849,Delhi,2,Female,9,20-24 years,498,Hypertensive heart disease,107,High systolic blood pressure,1,Number,2013,5.641566484180928,9.266240238148862,3.317869765209411
1,All Population,3,YLDs (Years Lived with Disability),4849,Delhi,1,Male,9,20-24 years,498,Hypertensive heart disease,108,High body-mass index,1,Number,2013,1.2711428200981405,2.4132360135925017,0.4695164366401564
1,All Population,3,YLDs (Years Lived with Disability),4849,Delhi,2,Female,9,20-24 years,498,Hypertensive heart disease,108,High body-mass index,1,Number,2013,2.5307829955526238,4.741163677060829,0.9663559439525797
1,All Population,3,YLDs (Years Lived with Disability),4861,Manipur,1,Male,9,20-24 years,498,Hypertensive heart disease,107,High systolic blood pressure,1,Number,2015,0.38741302402452216,0.6631812654785914,0.21942838046203544
1,All Population,3,YLDs (Years Lived with Disability),4861,Manipur,2,Female,9,20-24 years,498,Hypertensive heart disease,107,High systolic blood pressure,1,Number,2015,1.0883025006713307,1.786159226046442,0.6471809993815445
1,All Population,3,YLDs (Years Lived with Disability),4861,Manipur,1,Male,9,20-24 years,498,Hypertensive heart disease,108,High body-mass index,1,Number,2015,0.14115908608960007,0.29757121942978504,0.044862750127215564
1,All Population,3,YLDs (Years Lived with Disability),4861,Manipur,2,Female,9,20-24 years,498,Hypertensive heart disease,108,High body-mass index,1,Number,2015,0.4341771264981662,0.8183274884110547,0.16363448823544666
1,All Population,3,YLDs (Years Lived with Disability),4867,Punjab,1,Male,9,20-24 years,494,Stroke,108,High body-mass index,1,Number,2013,29.534849664187234,73.36709976436634,1.9622955015156687
1,All Population,3,YLDs (Years Lived with Disability),4867,Punjab,2,Female,9,20-24 years,494,Stroke,108,High body-mass index,1,Number,2013,10.733726499696317,33.068653679991264,-4.82219510213927
1,All Population,3,YLDs (Years Lived with Disability),4859,Madhya Pradesh,1,Male,9,20-24 years,494,Stroke,108,High body-mass index,1,Number,2013,0.07547171332519384,18.219630759903776,-25.639849532031505
1,All Population,3,YLDs (Years Lived with Disability),4859,Madhya Pradesh,2,Female,9,20-24 years,494,Stroke,108,High body-mass index,1,Number,2013,0.834737874892542,20.872030292744654,-27.982020274586645
1,All Population,3,YLDs (Years Lived with Disability),4859,Madhya Pradesh,1,Male,9,20-24 years,498,Hypertensive heart disease,107,High systolic blood pressure,1,Number,2013,7.704768196137945,12.903148083374997,4.516806528084792
1,All Population,3,YLDs (Years Lived with Disability),4859,Madhya Pradesh,2,Female,9,20-24 years,498,Hypertensive heart disease,107,High systolic blood pressure,1,Number,2013,24.07066506408045,40.94168098225288,14.566000792711524
1,All Population,3,YLDs (Years Lived with Disability),4859,Madhya Pradesh,1,Male,9,20-24 years,498,Hypertensive heart disease,108,High body-mass index,1,Number,2013,1.4977328724235672,3.2906899796970257,0.4472004403615783
1,All Population,3,YLDs (Years Lived with Disability),4859,Madhya Pradesh,2,Female,9,20-24 years,498,Hypertensive heart disease,108,High body-mass index,1,Number,2013,5.091665388335913,11.073283348007545,1.5994008575856715
1,All Population,3,YLDs (Years Lived with Disability),4873,Uttar Pradesh,1,Male,9,20-24 years,494,Stroke,108,High body-mass index,1,Number,2013,-1.3660013973482443,52.10540361854127,-101.95873871246619
1,All Population,3,YLDs (Years Lived with Disability),4873,Uttar Pradesh,2,Female,9,20-24 years,494,Stroke,108,High body-mass index,1,Number,2013,21.10692591644893,114.08015781324612,-65.04868451955096
1,All Population,3,YLDs (Years Lived with Disability),4863,Mizoram,1,Male,9,20-24 years,493,Ischemic heart disease,108,High body-mass index,1,Number,2013,0.2572129450589538,0.5677967200159275,0.07673024445744901
1,All Population,3,YLDs (Years Lived with Disability),4863,Mizoram,2,Female,9,20-24 years,493,Ischemic heart disease,108,High body-mass index,1,Number,2013,0.2515329637030264,0.5768651217899672,0.07101669434580826
1,All Population,3,YLDs (Years Lived with Disability),4846,Chhattisgarh,1,Male,9,20-24 years,493,Ischemic heart disease,108,High body-mass index,1,Number,2013,4.617260312982433,9.916600450969396,0.9245780502976233
1,All Population,3,YLDs (Years Lived with Disability),4846,Chhattisgarh,2,Female,9,20-24 years,493,Ischemic heart disease,108,High body-mass index,1,Number,2013,5.90705367676619,13.486044923782217,1.5931062136600285
1,All Population,3,YLDs (Years Lived with Disability),4861,Manipur,1,Male,9,20-24 years,498,Hypertensive heart disease,107,High systolic blood pressure,1,Number,2013,0.37521439015926356,0.6281028072203682,0.21364595315878937
1,All Population,3,YLDs (Years Lived with Disability),4861,Manipur,2,Female,9,20-24 years,498,Hypertensive heart disease,107,High systolic blood pressure,1,Number,2013,1.0409850279795225,1.7037551073421602,0.6197670875835288
1,All Population,3,YLDs (Years Lived with Disability),4861,Manipur,1,Male,9,20-24 years,498,Hypertensive heart disease,108,High body-mass index,1,Number,2013,0.12943037788123168,0.26743524404289704,0.044546006293026075
1,All Population,3,YLDs (Years Lived with Disability),4861,Manipur,2,Female,9,20-24 years,498,Hypertensive heart disease,108,High body-mass index,1,Number,2013,0.3928808770828366,0.7538966491409204,0.15107914726697164
1,All Population,3,YLDs (Years Lived with Disability),4841,Andhra Pradesh,1,Male,9,20-24 years,494,Stroke,108,High body-mass index,1,Number,2013,13.002106352792612,38.997034035187085,-9.298628681017233
1,All Population,3,YLDs (Years Lived with Disability),4841,Andhra Pradesh,2,Female,9,20-24 years,494,Stroke,108,High body-mass index,1,Number,2013,15.141697110241305,60.06858286618917,-14.005470483916024
1,All Population,3,YLDs (Years Lived with Disability),4851,Gujarat,1,Male,9,20-24 years,494,Stroke,108,High body-mass index,1,Number,2013,2.710722953270907,26.50085352164779,-22.02067926425267
1,All Population,3,YLDs (Years Lived with Disability),4851,Gujarat,2,Female,9,20-24 years,494,Stroke,108,High body-mass index,1,Number,2013,11.214398576404845,38.98346661162761,-14.094042017961117
1,All Population,3,YLDs (Years Lived with Disability),4874,Uttarakhand,1,Male,9,20-24 years,498,Hypertensive heart disease,107,High systolic blood pressure,1,Number,2015,1.3416569700131484,2.236301409747237,0.7781535422184244
1,All Population,3,YLDs (Years Lived with Disability),4874,Uttarakhand,2,Female,9,20-24 years,498,Hypertensive heart disease,107,High systolic blood pressure,1,Number,2015,3.3740094190275762,5.733619220113615,1.954629376419192
1,All Population,3,YLDs (Years Lived with Disability),4874,Uttarakhand,1,Male,9,20-24 years,498,Hypertensive heart disease,108,High body-mass index,1,Number,2015,0.4585603224754516,0.9733739051070136,0.14633403014987137
1,All Population,3,YLDs (Years Lived with Disability),4874,Uttarakhand,2,Female,9,20-24 years,498,Hypertensive heart disease,108,High body-mass index,1,Number,2015,1.1889269322039049,2.291699547918355,0.42510780374126633
1,All Population,3,YLDs (Years Lived with Disability),44538,Other Union Territories,1,Male,9,20-24 years,498,Hypertensive heart disease,107,High systolic blood pressure,1,Number,2013,0.43958825034925947,0.7110284699739908,0.25528558250715766
1,All Population,3,YLDs (Years Lived with Disability),44538,Other Union Territories,2,Female,9,20-24 years,498,Hypertensive heart disease,107,High systolic blood pressure,1,Number,2013,1.0255168869247895,1.6887894788280735,0.6037809062344413
1,All Population,3,YLDs (Years Lived with Disability),44538,Other Union Territories,1,Male,9,20-24 years,498,Hypertensive heart disease,108,High body-mass index,1,Number,2013,0.20062122117015485,0.37235354345810157,0.07886715075451986
1,All Population,3,YLDs (Years Lived with Disability),44538,Other Union Territories,2,Female,9,20-24 years,498,Hypertensive heart disease,108,High body-mass index,1,Number,2013,0.46542861904213906,0.8805314335265519,0.17902976227295808
1,All Population,3,YLDs (Years Lived with Disability),4842,Arunachal Pradesh,1,Male,9,20-24 years,493,Ischemic heart disease,108,High body-mass index,1,Number,2016,0.6070739944452419,1.4439094283248677,0.15279722938535037
1,All Population,3,YLDs (Years Lived with Disability),4842,Arunachal Pradesh,2,Female,9,20-24 years,493,Ischemic heart disease,108,High body-mass index,1,Number,2016,0.5874779521796825,1.2230911172294396,0.16167370354868515
1,All Population,3,YLDs (Years Lived with Disability),4841,Andhra Pradesh,1,Male,9,20-24 years,493,Ischemic heart disease,108,High body-mass index,1,Number,2016,24.979628380525593,54.0905560475257,6.789950579319537
1,All Population,3,YLDs (Years Lived with Disability),4841,Andhra Pradesh,2,Female,9,20-24 years,493,Ischemic heart disease,108,High body-mass index,1,Number,2016,26.751331124227153,55.54063656560299,8.01940248910343
1,All Population,3,YLDs (Years Lived with Disability),4872,Tripura,1,Male,9,20-24 years,498,Hypertensive heart disease,107,High systolic blood pressure,1,Number,2015,0.4124259840159267,0.7168229753822364,0.2334159325120429
1,All Population,3,YLDs (Years Lived with Disability),4872,Tripura,2,Female,9,20-24 years,498,Hypertensive heart disease,107,High systolic blood pressure,1,Number,2015,1.2467409698464673,2.084949540583649,0.7255458952678997
1,All Population,3,YLDs (Years Lived with Disability),4872,Tripura,1,Male,9,20-24 years,498,Hypertensive heart disease,108,High body-mass index,1,Number,2015,0.1160354659494629,0.249680144353375,0.04020577733887164
1,All Population,3,YLDs (Years Lived with Disability),4872,Tripura,2,Female,9,20-24 years,498,Hypertensive heart disease,108,High body-mass index,1,Number,2015,0.4294938557967055,0.8426584871203159,0.15499624618706603
1,All Population,3,YLDs (Years Lived with Disability),4873,Uttar Pradesh,1,Male,9,20-24 years,493,Ischemic heart disease,108,High body-mass index,1,Number,2015,49.69421618183169,108.31620588705461,12.267988713808196
1,All Population,3,YLDs (Years Lived with Disability),4873,Uttar Pradesh,2,Female,9,20-24 years,493,Ischemic heart disease,108,High body-mass index,1,Number,2015,91.82506571040223,215.69382378648748,30.715363846306698
1,All Population,3,YLDs (Years Lived with Disability),4853,Himachal Pradesh,1,Male,9,20-24 years,494,Stroke,108,High body-mass index,1,Number,2015,0.920092482356935,4.628342901232738,-2.9429483719863874
1,All Population,3,YLDs (Years Lived with Disability),4853,Himachal Pradesh,2,Female,9,20-24 years,494,Stroke,108,High body-mass index,1,Number,2015,1.253827436242527,5.549834087083224,-2.470733616674082
1,All Population,3,YLDs (Years Lived with Disability),4873,Uttar Pradesh,1,Male,9,20-24 years,498,Hypertensive heart disease,107,High systolic blood pressure,1,Number,2013,31.664344775439453,53.31641135000611,18.76365025770711
1,All Population,3,YLDs (Years Lived with Disability),4873,Uttar Pradesh,2,Female,9,20-24 years,498,Hypertensive heart disease,107,High systolic blood pressure,1,Number,2013,63.40317889803494,106.7862545094881,37.967795041248586
1,All Population,3,YLDs (Years Lived with Disability),4873,Uttar Pradesh,1,Male,9,20-24 years,498,Hypertensive heart disease,108,High body-mass index,1,Number,2013,7.524127033126678,15.343276541074399,2.5140933322395784
1,All Population,3,YLDs (Years Lived with Disability),4873,Uttar Pradesh,2,Female,9,20-24 years,498,Hypertensive heart disease,108,High body-mass index,1,Number,2013,17.41236162746113,35.59080432729982,6.349402185518789
1,All Population,3,YLDs (Years Lived with Disability),4874,Uttarakhand,1,Male,9,20-24 years,494,Stroke,108,High body-mass index,1,Number,2013,1.426358003851268,8.018722339630129,-5.143607172464532
1,All Population,3,YLDs (Years Lived with Disability),4874,Uttarakhand,2,Female,9,20-24 years,494,Stroke,108,High body-mass index,1,Number,2013,1.1522695619930925,8.710050132911283,-6.588371972017141
1,All Population,3,YLDs (Years Lived with Disability),4874,Uttarakhand,1,Male,9,20-24 years,498,Hypertensive heart disease,107,High systolic blood pressure,1,Number,2013,1.3061627125718385,2.127224560502647,0.7571493278996025
1,All Population,3,YLDs (Years Lived with Disability),4874,Uttarakhand,2,Female,9,20-24 years,498,Hypertensive heart disease,107,High systolic blood pressure,1,Number,2013,3.214371360625231,5.428349558203404,1.9052456243549665
1,All Population,3,YLDs (Years Lived with Disability),4874,Uttarakhand,1,Male,9,20-24 years,498,Hypertensive heart disease,108,High body-mass index,1,Number,2013,0.4226825117412063,0.8576453171862664,0.13522249935542088
1,All Population,3,YLDs (Years Lived with Disability),4874,Uttarakhand,2,Female,9,20-24 years,498,Hypertensive heart disease,108,High body-mass index,1,Number,2013,1.0506091796644466,2.075513644776801,0.38274734078788847
1,All Population,3,YLDs (Years Lived with Disability),4846,Chhattisgarh,1,Male,9,20-24 years,493,Ischemic heart disease,108,High body-mass index,1,Number,2015,4.985049218479927,11.907310535996377,1.0375384874064124
1,All Population,3,YLDs (Years Lived with Disability),4846,Chhattisgarh,2,Female,9,20-24 years,493,Ischemic heart disease,108,High body-mass index,1,Number,2015,6.549333980671266,14.684143830891031,1.9463328421208654
1,All Population,3,YLDs (Years Lived with Disability),4870,Tamil Nadu,1,Male,9,20-24 years,493,Ischemic heart disease,108,High body-mass index,1,Number,2015,30.646468642942743,63.82590330914114,8.447074186352818
1,All Population,3,YLDs (Years Lived with Disability),4870,Tamil Nadu,2,Female,9,20-24 years,493,Ischemic heart disease,108,High body-mass index,1,Number,2015,50.58589034773739,106.96753616732688,15.149953942215314
1,All Population,3,YLDs (Years Lived with Disability),4854,Jammu & Kashmir and Ladakh,1,Male,9,20-24 years,493,Ischemic heart disease,108,High body-mass index,1,Number,2015,5.370895649219314,10.588875817261957,1.576799903168076
1,All Population,3,YLDs (Years Lived with Disability),4854,Jammu & Kashmir and Ladakh,2,Female,9,20-24 years,493,Ischemic heart disease,108,High body-mass index,1,Number,2015,8.607328941861594,17.696039180768157,2.620920082737996
1,All Population,3,YLDs (Years Lived with Disability),4842,Arunachal Pradesh,1,Male,9,20-24 years,498,Hypertensive heart disease,107,High systolic blood pressure,1,Number,2015,0.20757533939106462,0.33487504124329315,0.1231042175685145
1,All Population,3,YLDs (Years Lived with Disability),4842,Arunachal Pradesh,2,Female,9,20-24 years,498,Hypertensive heart disease,107,High systolic blood pressure,1,Number,2015,0.6064918611078491,1.010998557248184,0.3575380675530936
1,All Population,3,YLDs (Years Lived with Disability),4842,Arunachal Pradesh,1,Male,9,20-24 years,498,Hypertensive heart disease,108,High body-mass index,1,Number,2015,0.08028878148441067,0.16864549116028077,0.02729525695596644
1,All Population,3,YLDs (Years Lived with Disability),4842,Arunachal Pradesh,2,Female,9,20-24 years,498,Hypertensive heart disease,108,High body-mass index,1,Number,2015,0.25226456843002254,0.48013748169928205,0.09768557899036621
1,All Population,3,YLDs (Years Lived with Disability),4843,Assam,1,Male,9,20-24 years,494,Stroke,108,High body-mass index,1,Number,2015,2.4080199294642064,17.658981833443136,-17.16742981157804
1,All Population,3,YLDs (Years Lived with Disability),4843,Assam,2,Female,9,20-24 years,494,Stroke,108,High body-mass index,1,Number,2015,-1.6268610151823528,10.40000433150423,-25.77450247448715
1,All Population,3,YLDs (Years Lived with Disability),4853,Himachal Pradesh,1,Male,9,20-24 years,494,Stroke,108,High body-mass index,1,Number,2016,1.0093677731921082,4.359606904121196,-2.6307011676809675
1,All Population,3,YLDs (Years Lived with Disability),4853,Himachal Pradesh,2,Female,9,20-24 years,494,Stroke,108,High body-mass index,1,Number,2016,1.4114878755479614,5.542556240989455,-2.2740324920803197
1,All Population,3,YLDs (Years Lived with Disability),4852,Haryana,1,Male,9,20-24 years,498,Hypertensive heart disease,107,High systolic blood pressure,1,Number,2016,3.668005673901266,6.086826210833044,2.065396745790275
1,All Population,3,YLDs (Years Lived with Disability),4852,Haryana,2,Female,9,20-24 years,498,Hypertensive heart disease,107,High systolic blood pressure,1,Number,2016,7.304677500853474,11.790301783640302,4.326663936535808
1,All Population,3,YLDs (Years Lived with Disability),4852,Haryana,1,Male,9,20-24 years,498,Hypertensive heart disease,108,High body-mass index,1,Number,2016,1.72790037061683,3.1171586507502096,0.6200322657529458
1,All Population,3,YLDs (Years Lived with Disability),4852,Haryana,2,Female,9,20-24 years,498,Hypertensive heart disease,108,High body-mass index,1,Number,2016,2.9786856280320873,6.047351041334229,1.078785598128135
1,All Population,3,YLDs (Years Lived with Disability),4861,Manipur,1,Male,9,20-24 years,493,Ischemic heart disease,108,High body-mass index,1,Number,2015,0.9644531267076293,2.257266883512807,0.21714477927235667
1,All Population,3,YLDs (Years Lived with Disability),4861,Manipur,2,Female,9,20-24 years,493,Ischemic heart disease,108,High body-mass index,1,Number,2015,1.3094251388340847,2.8745643351777197,0.3800023382749892
1,All Population,3,YLDs (Years Lived with Disability),4842,Arunachal Pradesh,1,Male,9,20-24 years,493,Ischemic heart disease,108,High body-mass index,1,Number,2015,0.5877706719864328,1.3513129687709666,0.15754097693094066
1,All Population,3,YLDs (Years Lived with Disability),4842,Arunachal Pradesh,2,Female,9,20-24 years,493,Ischemic heart disease,108,High body-mass index,1,Number,2015,0.5756089683447011,1.163466164399106,0.1861166275647574
1,All Population,3,YLDs (Years Lived with Disability),4871,Telangana,1,Male,9,20-24 years,498,Hypertensive heart disease,107,High systolic blood pressure,1,Number,2016,3.6392324519851122,6.144779494297963,2.0558597509588594
1,All Population,3,YLDs (Years Lived with Disability),4871,Telangana,2,Female,9,20-24 years,498,Hypertensive heart disease,107,High systolic blood pressure,1,Number,2016,10.982149656423365,17.91291810336387,6.415782964394847
1,All Population,3,YLDs (Years Lived with Disability),4871,Telangana,1,Male,9,20-24 years,498,Hypertensive heart disease,108,High body-mass index,1,Number,2016,1.3803998873743317,2.701666683746769,0.49123750874616273
1,All Population,3,YLDs (Years Lived with Disability),4871,Telangana,2,Female,9,20-24 years,498,Hypertensive heart disease,108,High body-mass index,1,Number,2016,4.332231441326446,8.45130917491009,1.5715914191263343
1,All Population,3,YLDs (Years Lived with Disability),4859,Madhya Pradesh,1,Male,9,20-24 years,494,Stroke,108,High body-mass index,1,Number,2015,0.7116383093041188,21.947298578425993,-24.709224342581056
1,All Population,3,YLDs (Years Lived with Disability),4859,Madhya Pradesh,2,Female,9,20-24 years,494,Stroke,108,High body-mass index,1,Number,2015,3.627721195733527,37.45741260008923,-28.64809120580568
1,All Population,3,YLDs (Years Lived with Disability),4841,Andhra Pradesh,1,Male,9,20-24 years,494,Stroke,108,High body-mass index,1,Number,2015,13.708645529026633,42.9471876404832,-9.623498740345998
1,All Population,3,YLDs (Years Lived with Disability),4841,Andhra Pradesh,2,Female,9,20-24 years,494,Stroke,108,High body-mass index,1,Number,2015,18.119692811365102,61.1967238909543,-5.9593219442723555
1,All Population,3,YLDs (Years Lived with Disability),4846,Chhattisgarh,1,Male,9,20-24 years,494,Stroke,108,High body-mass index,1,Number,2015,-0.6727927471600662,5.414381425467096,-10.303724161714005
1,All Population,3,YLDs (Years Lived with Disability),4846,Chhattisgarh,2,Female,9,20-24 years,494,Stroke,108,High body-mass index,1,Number,2015,-0.14420133531033252,9.354781240769974,-13.602021007275766
1,All Population,3,YLDs (Years Lived with Disability),44538,Other Union Territories,1,Male,9,20-24 years,493,Ischemic heart disease,108,High body-mass index,1,Number,2015,2.5440756970407072,5.0665647211575635,0.7912160547918581
1,All Population,3,YLDs (Years Lived with Disability),44538,Other Union Territories,2,Female,9,20-24 years,493,Ischemic heart disease,108,High body-mass index,1,Number,2015,2.117205865397284,4.481585180201754,0.6342249120829531
1,All Population,3,YLDs (Years Lived with Disability),4860,Maharashtra,1,Male,9,20-24 years,498,Hypertensive heart disease,107,High systolic blood pressure,1,Number,2015,12.796101266588446,20.350905917497993,7.517190956303711
1,All Population,3,YLDs (Years Lived with Disability),4860,Maharashtra,2,Female,9,20-24 years,498,Hypertensive heart disease,107,High systolic blood pressure,1,Number,2015,35.48748623413294,59.13912662249432,21.244973691747006
1,All Population,3,YLDs (Years Lived with Disability),4860,Maharashtra,1,Male,9,20-24 years,498,Hypertensive heart disease,108,High body-mass index,1,Number,2015,4.020067523236409,8.188508458951032,1.4734085786903877
1,All Population,3,YLDs (Years Lived with Disability),4860,Maharashtra,2,Female,9,20-24 years,498,Hypertensive heart disease,108,High body-mass index,1,Number,2015,11.241901255602397,22.354367129195182,3.9836489673199527
1,All Population,3,YLDs (Years Lived with Disability),4844,Bihar,1,Male,9,20-24 years,493,Ischemic heart disease,108,High body-mass index,1,Number,2015,18.390534924068746,39.41532242794102,4.713996968782052
1,All Population,3,YLDs (Years Lived with Disability),4844,Bihar,2,Female,9,20-24 years,493,Ischemic heart disease,108,High body-mass index,1,Number,2015,21.0734308771302,49.79891779401991,5.185358854677172
1,All Population,3,YLDs (Years Lived with Disability),4856,Karnataka,1,Male,9,20-24 years,494,Stroke,108,High body-mass index,1,Number,2015,4.34416760080369,32.07808487476052,-22.5188430884804
1,All Population,3,YLDs (Years Lived with Disability),4856,Karnataka,2,Female,9,20-24 years,494,Stroke,108,High body-mass index,1,Number,2015,15.666004369987379,54.49408871149751,-16.62163739910152
1,All Population,3,YLDs (Years Lived with Disability),4862,Meghalaya,1,Male,9,20-24 years,493,Ischemic heart disease,108,High body-mass index,1,Number,2015,0.9262576833799577,2.077117544628383,0.18713586756612846
1,All Population,3,YLDs (Years Lived with Disability),4862,Meghalaya,2,Female,9,20-24 years,493,Ischemic heart disease,108,High body-mass index,1,Number,2015,0.7710895262001611,1.6360039555285775,0.2127881878832224
1,All Population,3,YLDs (Years Lived with Disability),4864,Nagaland,1,Male,9,20-24 years,494,Stroke,108,High body-mass index,1,Number,2016,0.21150870601657434,1.300719338527397,-0.9409173756269006
1,All Population,3,YLDs (Years Lived with Disability),4864,Nagaland,2,Female,9,20-24 years,494,Stroke,108,High body-mass index,1,Number,2016,-0.08336782663366668,0.6385628950354371,-1.2097522578033895
1,All Population,3,YLDs (Years Lived with Disability),4851,Gujarat,1,Male,9,20-24 years,498,Hypertensive heart disease,107,High systolic blood pressure,1,Number,2013,7.962559024212134,13.386930140844859,4.740151469407795
1,All Population,3,YLDs (Years Lived with Disability),4851,Gujarat,2,Female,9,20-24 years,498,Hypertensive heart disease,107,High systolic blood pressure,1,Number,2013,16.899870639242064,27.402385249188093,9.873388412351922
1,All Population,3,YLDs (Years Lived with Disability),4851,Gujarat,1,Male,9,20-24 years,498,Hypertensive heart disease,108,High body-mass index,1,Number,2013,1.984506056107545,4.154212361266403,0.683613668938034
1,All Population,3,YLDs (Years Lived with Disability),4851,Gujarat,2,Female,9,20-24 years,498,Hypertensive heart disease,108,High body-mass index,1,Number,2013,5.599102272611513,11.30577367966145,1.7943355010290585
1,All Population,3,YLDs (Years Lived with Disability),4856,Karnataka,1,Male,9,20-24 years,498,Hypertensive heart disease,107,High systolic blood pressure,1,Number,2013,7.034294077927687,11.849124358556194,4.073345342218931
1,All Population,3,YLDs (Years Lived with Disability),4856,Karnataka,2,Female,9,20-24 years,498,Hypertensive heart disease,107,High systolic blood pressure,1,Number,2013,16.09009527128611,26.623647210819463,9.427210707790888
1,All Population,3,YLDs (Years Lived with Disability),4856,Karnataka,1,Male,9,20-24 years,498,Hypertensive heart disease,108,High body-mass index,1,Number,2013,2.0580034244833088,4.255693536167476,0.665230462514458
1,All Population,3,YLDs (Years Lived with Disability),4856,Karnataka,2,Female,9,20-24 years,498,Hypertensive heart disease,108,High body-mass index,1,Number,2013,5.6052801363980524,11.623992458389793,1.8456517212655728
1,All Population,3,YLDs (Years Lived with Disability),4867,Punjab,1,Male,9,20-24 years,498,Hypertensive heart disease,107,High systolic blood pressure,1,Number,2013,3.7332798379714958,6.213201714431923,2.1457399135045856
1,All Population,3,YLDs (Years Lived with Disability),4867,Punjab,2,Female,9,20-24 years,498,Hypertensive heart disease,107,High systolic blood pressure,1,Number,2013,6.727397698015438,11.000614583266161,3.962069470722965
1,All Population,3,YLDs (Years Lived with Disability),4867,Punjab,1,Male,9,20-24 years,498,Hypertensive heart disease,108,High body-mass index,1,Number,2013,1.9811676848153035,3.7321932854047946,0.8159424709263726
1,All Population,3,YLDs (Years Lived with Disability),4867,Punjab,2,Female,9,20-24 years,498,Hypertensive heart disease,108,High body-mass index,1,Number,2013,2.9410123868454674,5.464203363490249,1.1008847161337838
1,All Population,3,YLDs (Years Lived with Disability),4846,Chhattisgarh,1,Male,9,20-24 years,493,Ischemic heart disease,108,High body-mass index,1,Number,2016,5.060961320716607,12.079585077807607,0.9732937825923982
1,All Population,3,YLDs (Years Lived with Disability),4846,Chhattisgarh,2,Female,9,20-24 years,493,Ischemic heart disease,108,High body-mass index,1,Number,2016,6.717227573984792,14.253612485266238,1.9355063961027825
1,All Population,3,YLDs (Years Lived with Disability),4875,West Bengal,1,Male,9,20-24 years,498,Hypertensive heart disease,107,High systolic blood pressure,1,Number,2015,9.687815536375492,16.16496671929043,5.375904900911102
1,All Population,3,YLDs (Years Lived with Disability),4875,West Bengal,2,Female,9,20-24 years,498,Hypertensive heart disease,107,High systolic blood pressure,1,Number,2015,26.877295560226997,44.53406675235224,15.517220717709046
1,All Population,3,YLDs (Years Lived with Disability),4875,West Bengal,1,Male,9,20-24 years,498,Hypertensive heart disease,108,High body-mass index,1,Number,2015,2.541984276151516,5.594524511256921,0.7871944039395167
1,All Population,3,YLDs (Years Lived with Disability),4875,West Bengal,2,Female,9,20-24 years,498,Hypertensive heart disease,108,High body-mass index,1,Number,2015,9.955600952991007,20.173959409936543,3.208609926700664
1,All Population,3,YLDs (Years Lived with Disability),4851,Gujarat,1,Male,9,20-24 years,493,Ischemic heart disease,108,High body-mass index,1,Number,2015,15.389230089841083,34.53118170493108,3.8431088530451465
1,All Population,3,YLDs (Years Lived with Disability),4851,Gujarat,2,Female,9,20-24 years,493,Ischemic heart disease,108,High body-mass index,1,Number,2015,23.752784182942023,51.660513468090876,6.657094206518295
1,All Population,3,YLDs (Years Lived with Disability),4854,Jammu & Kashmir and Ladakh,1,Male,9,20-24 years,498,Hypertensive heart disease,107,High systolic blood pressure,1,Number,2015,1.6632393018051441,2.7739003574178316,0.964850650623279
1,All Population,3,YLDs (Years Lived with Disability),4854,Jammu & Kashmir and Ladakh,2,Female,9,20-24 years,498,Hypertensive heart disease,107,High systolic blood pressure,1,Number,2015,3.6914991804047466,6.028624253859998,2.1315465171208623
1,All Population,3,YLDs (Years Lived with Disability),4854,Jammu & Kashmir and Ladakh,1,Male,9,20-24 years,498,Hypertensive heart disease,108,High body-mass index,1,Number,2015,0.6025636054360846,1.0949879688914792,0.22110333476097693
1,All Population,3,YLDs (Years Lived with Disability),4854,Jammu & Kashmir and Ladakh,2,Female,9,20-24 years,498,Hypertensive heart disease,108,High body-mass index,1,Number,2015,1.5870092088612353,2.971174090721156,0.6029502772227935
1,All Population,3,YLDs (Years Lived with Disability),4869,Sikkim,1,Male,9,20-24 years,498,Hypertensive heart disease,107,High systolic blood pressure,1,Number,2016,0.0903081195652368,0.14764398003025508,0.049471086701706524
1,All Population,3,YLDs (Years Lived with Disability),4869,Sikkim,2,Female,9,20-24 years,498,Hypertensive heart disease,107,High systolic blood pressure,1,Number,2016,0.21741907276990052,0.3543312137919554,0.12622326747961302
1,All Population,3,YLDs (Years Lived with Disability),4869,Sikkim,1,Male,9,20-24 years,498,Hypertensive heart disease,108,High body-mass index,1,Number,2016,0.031923364801018705,0.06129521065979301,0.01164680930741771
1,All Population,3,YLDs (Years Lived with Disability),4869,Sikkim,2,Female,9,20-24 years,498,Hypertensive heart disease,108,High body-mass index,1,Number,2016,0.09978673991210182,0.19068749930767884,0.04221762843612519
1,All Population,3,YLDs (Years Lived with Disability),4860,Maharashtra,1,Male,9,20-24 years,493,Ischemic heart disease,108,High body-mass index,1,Number,2016,34.25662874546731,72.49864237182335,10.368146135981657
1,All Population,3,YLDs (Years Lived with Disability),4860,Maharashtra,2,Female,9,20-24 years,493,Ischemic heart disease,108,High body-mass index,1,Number,2016,34.70363709277098,75.72849266193643,10.068329084720919
1,All Population,3,YLDs (Years Lived with Disability),4843,Assam,1,Male,9,20-24 years,493,Ischemic heart disease,108,High body-mass index,1,Number,2016,9.121824459339257,20.24084367128158,2.9627776640664365
1,All Population,3,YLDs (Years Lived with Disability),4843,Assam,2,Female,9,20-24 years,493,Ischemic heart disease,108,High body-mass index,1,Number,2016,7.961230340922795,17.6149493151673,2.229439486373489
1,All Population,3,YLDs (Years Lived with Disability),4875,West Bengal,1,Male,9,20-24 years,493,Ischemic heart disease,108,High body-mass index,1,Number,2015,23.628049847694218,52.6271522496204,6.1486359268291295
1,All Population,3,YLDs (Years Lived with Disability),4875,West Bengal,2,Female,9,20-24 years,493,Ischemic heart disease,108,High body-mass index,1,Number,2015,46.851494670341694,105.29238913081072,13.918196797004775
1,All Population,3,YLDs (Years Lived with Disability),4872,Tripura,1,Male,9,20-24 years,494,Stroke,108,High body-mass index,1,Number,2015,-0.013383554849990443,1.6247705914215087,-2.551068339238354
1,All Population,3,YLDs (Years Lived with Disability),4872,Tripura,2,Female,9,20-24 years,494,Stroke,108,High body-mass index,1,Number,2015,0.24759682807149647,2.5395340943431135,-3.2269354177393157
1,All Population,3,YLDs (Years Lived with Disability),4864,Nagaland,1,Male,9,20-24 years,493,Ischemic heart disease,108,High body-mass index,1,Number,2015,0.48742711176730574,1.1339621296090625,0.11223773222224348
1,All Population,3,YLDs (Years Lived with Disability),4864,Nagaland,2,Female,9,20-24 years,493,Ischemic heart disease,108,High body-mass index,1,Number,2015,0.45873836761010267,0.9819593239797022,0.11999069847080174
1,All Population,3,YLDs (Years Lived with Disability),4856,Karnataka,1,Male,9,20-24 years,493,Ischemic heart disease,108,High body-mass index,1,Number,2015,22.672529907866863,49.943096858719116,5.76490408470118
1,All Population,3,YLDs (Years Lived with Disability),4856,Karnataka,2,Female,9,20-24 years,493,Ischemic heart disease,108,High body-mass index,1,Number,2015,31.555991914842256,71.37251074535482,9.523052676412807
1,All Population,3,YLDs (Years Lived with Disability),44538,Other Union Territories,1,Male,9,20-24 years,494,Stroke,108,High body-mass index,1,Number,2015,1.4721516432458088,4.401024290953578,-1.1552983005668418
1,All Population,3,YLDs (Years Lived with Disability),44538,Other Union Territories,2,Female,9,20-24 years,494,Stroke,108,High body-mass index,1,Number,2015,1.7011671118907956,4.842564701322019,-0.7205256877043101
1,All Population,3,YLDs (Years Lived with Disability),4864,Nagaland,1,Male,9,20-24 years,498,Hypertensive heart disease,107,High systolic blood pressure,1,Number,2015,0.2756318033034197,0.44125468312785426,0.15575982383188725
1,All Population,3,YLDs (Years Lived with Disability),4864,Nagaland,2,Female,9,20-24 years,498,Hypertensive heart disease,107,High systolic blood pressure,1,Number,2015,0.7636322204432296,1.217173846992682,0.4547563985001973
1,All Population,3,YLDs (Years Lived with Disability),4864,Nagaland,1,Male,9,20-24 years,498,Hypertensive heart disease,108,High body-mass index,1,Number,2015,0.09026376507767835,0.19161942060845044,0.02834356012727782
1,All Population,3,YLDs (Years Lived with Disability),4864,Nagaland,2,Female,9,20-24 years,498,Hypertensive heart disease,108,High body-mass index,1,Number,2015,0.21246764652898253,0.44710175194308055,0.07700708280088413
1,All Population,3,YLDs (Years Lived with Disability),4872,Tripura,1,Male,9,20-24 years,493,Ischemic heart disease,108,High body-mass index,1,Number,2015,1.0456188323153326,2.216198684553993,0.33879413632171324
1,All Population,3,YLDs (Years Lived with Disability),4872,Tripura,2,Female,9,20-24 years,493,Ischemic heart disease,108,High body-mass index,1,Number,2015,1.3262524681826298,2.819751905147805,0.3964838961733641
1,All Population,3,YLDs (Years Lived with Disability),4871,Telangana,1,Male,9,20-24 years,493,Ischemic heart disease,108,High body-mass index,1,Number,2016,20.5948330827935,43.388795145608334,6.150713171006663
1,All Population,3,YLDs (Years Lived with Disability),4871,Telangana,2,Female,9,20-24 years,493,Ischemic heart disease,108,High body-mass index,1,Number,2016,17.84958198649193,35.66563041470097,5.601810914156246
1,All Population,3,YLDs (Years Lived with Disability),4850,Goa,1,Male,9,20-24 years,493,Ischemic heart disease,108,High body-mass index,1,Number,2016,1.3220704216776797,2.9243400510579773,0.42269652219898585
1,All Population,3,YLDs (Years Lived with Disability),4850,Goa,2,Female,9,20-24 years,493,Ischemic heart disease,108,High body-mass index,1,Number,2016,1.0215553966818698,2.251493851931801,0.2864105680431963
1,All Population,3,YLDs (Years Lived with Disability),4869,Sikkim,1,Male,9,20-24 years,494,Stroke,108,High body-mass index,1,Number,2015,0.0856101292831439,0.4349783600371897,-0.31930958200520215
1,All Population,3,YLDs (Years Lived with Disability),4869,Sikkim,2,Female,9,20-24 years,494,Stroke,108,High body-mass index,1,Number,2015,0.3670146351746397,0.9327333423399939,-0.11867179428832672
1,All Population,3,YLDs (Years Lived with Disability),4852,Haryana,1,Male,9,20-24 years,493,Ischemic heart disease,108,High body-mass index,1,Number,2016,20.078348760329405,41.52514191611263,5.336786682450448
1,All Population,3,YLDs (Years Lived with Disability),4852,Haryana,2,Female,9,20-24 years,493,Ischemic heart disease,108,High body-mass index,1,Number,2016,12.912314637593596,25.900679617958914,3.5511432451694396
1,All Population,3,YLDs (Years Lived with Disability),4865,Odisha,1,Male,9,20-24 years,493,Ischemic heart disease,108,High body-mass index,1,Number,2015,7.533672300607797,18.682253571422166,1.5861090434062528
1,All Population,3,YLDs (Years Lived with Disability),4865,Odisha,2,Female,9,20-24 years,493,Ischemic heart disease,108,High body-mass index,1,Number,2015,9.838291014584701,18.926519427728515,3.052712626112216
1,All Population,3,YLDs (Years Lived with Disability),4860,Maharashtra,1,Male,9,20-24 years,493,Ischemic heart disease,108,High body-mass index,1,Number,2015,34.04353911201843,69.28645209964309,10.605095193949989
1,All Population,3,YLDs (Years Lived with Disability),4860,Maharashtra,2,Female,9,20-24 years,493,Ischemic heart disease,108,High body-mass index,1,Number,2015,34.895093171365154,85.38352372982885,10.34451743081077
1,All Population,3,YLDs (Years Lived with Disability),4851,Gujarat,1,Male,9,20-24 years,498,Hypertensive heart disease,107,High systolic blood pressure,1,Number,2015,8.155117724890138,13.775985766311688,4.773082901037869
1,All Population,3,YLDs (Years Lived with Disability),4851,Gujarat,2,Female,9,20-24 years,498,Hypertensive heart disease,107,High systolic blood pressure,1,Number,2015,17.635509625717255,28.158245373616268,10.087888000057307
1,All Population,3,YLDs (Years Lived with Disability),4851,Gujarat,1,Male,9,20-24 years,498,Hypertensive heart disease,108,High body-mass index,1,Number,2015,2.1402272311567363,4.4938667260465515,0.712289287964681
1,All Population,3,YLDs (Years Lived with Disability),4851,Gujarat,2,Female,9,20-24 years,498,Hypertensive heart disease,108,High body-mass index,1,Number,2015,6.219886382191514,13.322442980905711,2.0287780830004576
1,All Population,3,YLDs (Years Lived with Disability),4841,Andhra Pradesh,1,Male,9,20-24 years,498,Hypertensive heart disease,107,High systolic blood pressure,1,Number,2013,4.711298396088151,7.9528471059972885,2.7470138539943023
1,All Population,3,YLDs (Years Lived with Disability),4841,Andhra Pradesh,2,Female,9,20-24 years,498,Hypertensive heart disease,107,High systolic blood pressure,1,Number,2013,14.114026106243633,22.564699802829026,8.355469235863
1,All Population,3,YLDs (Years Lived with Disability),4841,Andhra Pradesh,1,Male,9,20-24 years,498,Hypertensive heart disease,108,High body-mass index,1,Number,2013,1.6732273440353065,3.433660143442719,0.5622908476809849
1,All Population,3,YLDs (Years Lived with Disability),4841,Andhra Pradesh,2,Female,9,20-24 years,498,Hypertensive heart disease,108,High body-mass index,1,Number,2013,5.240803286971407,10.261816986161389,1.7248780154911083
1,All Population,3,YLDs (Years Lived with Disability),4862,Meghalaya,1,Male,9,20-24 years,494,Stroke,108,High body-mass index,1,Number,2015,0.6142094563455319,2.913242449877875,-1.0090106696491545
1,All Population,3,YLDs (Years Lived with Disability),4862,Meghalaya,2,Female,9,20-24 years,494,Stroke,108,High body-mass index,1,Number,2015,0.009621881835948545,1.4387164316189784,-2.0105941807704206
1,All Population,3,YLDs (Years Lived with Disability),4859,Madhya Pradesh,1,Male,9,20-24 years,493,Ischemic heart disease,108,High body-mass index,1,Number,2016,16.94705116864737,36.63331663375517,3.3263706583841652
1,All Population,3,YLDs (Years Lived with Disability),4859,Madhya Pradesh,2,Female,9,20-24 years,493,Ischemic heart disease,108,High body-mass index,1,Number,2016,19.964742461048818,41.53233050074376,5.007785165746398
1,All Population,3,YLDs (Years Lived with Disability),4860,Maharashtra,1,Male,9,20-24 years,498,Hypertensive heart disease,107,High systolic blood pressure,1,Number,2016,12.804312347855799,20.67206460713005,7.475577862266012
1,All Population,3,YLDs (Years Lived with Disability),4860,Maharashtra,2,Female,9,20-24 years,498,Hypertensive heart disease,107,High systolic blood pressure,1,Number,2016,35.92394908851772,59.734356290357454,21.92247006241438
1,All Population,3,YLDs (Years Lived with Disability),4860,Maharashtra,1,Male,9,20-24 years,498,Hypertensive heart disease,108,High body-mass index,1,Number,2016,4.102679857579924,8.461498799475555,1.4911008853025511
1,All Population,3,YLDs (Years Lived with Disability),4860,Maharashtra,2,Female,9,20-24 years,498,Hypertensive heart disease,108,High body-mass index,1,Number,2016,11.785441936276131,22.70660800148794,4.084270073793666
1,All Population,3,YLDs (Years Lived with Disability),4861,Manipur,1,Male,9,20-24 years,493,Ischemic heart disease,108,High body-mass index,1,Number,2016,0.9816167447601037,2.337724366523495,0.22719696515406043
1,All Population,3,YLDs (Years Lived with Disability),4861,Manipur,2,Female,9,20-24 years,493,Ischemic heart disease,108,High body-mass index,1,Number,2016,1.3457777325735574,2.945182594098104,0.3459226936522781
1,All Population,3,YLDs (Years Lived with Disability),4871,Telangana,1,Male,9,20-24 years,494,Stroke,108,High body-mass index,1,Number,2015,10.139184167140181,32.438008831474185,-8.716813685561531
1,All Population,3,YLDs (Years Lived with Disability),4871,Telangana,2,Female,9,20-24 years,494,Stroke,108,High body-mass index,1,Number,2015,10.358786215434662,38.47821877111789,-8.632682758119682
1,All Population,3,YLDs (Years Lived with Disability),4853,Himachal Pradesh,1,Male,9,20-24 years,493,Ischemic heart disease,108,High body-mass index,1,Number,2015,3.00318838886102,6.01217464266503,0.9203144204063447
1,All Population,3,YLDs (Years Lived with Disability),4853,Himachal Pradesh,2,Female,9,20-24 years,493,Ischemic heart disease,108,High body-mass index,1,Number,2015,2.519516013123137,5.54127346822054,0.6921478920130024
1,All Population,3,YLDs (Years Lived with Disability),4874,Uttarakhand,1,Male,9,20-24 years,493,Ischemic heart disease,108,High body-mass index,1,Number,2016,5.684668151598368,13.832822204169306,1.190974010383489
1,All Population,3,YLDs (Years Lived with Disability),4874,Uttarakhand,2,Female,9,20-24 years,493,Ischemic heart disease,108,High body-mass index,1,Number,2016,4.968326113454335,10.983865331448769,1.573951757402456
1,All Population,3,YLDs (Years Lived with Disability),4859,Madhya Pradesh,1,Male,9,20-24 years,498,Hypertensive heart disease,107,High systolic blood pressure,1,Number,2015,7.996204392224453,13.332429442346177,4.516891344589915
1,All Population,3,YLDs (Years Lived with Disability),4859,Madhya Pradesh,2,Female,9,20-24 years,498,Hypertensive heart disease,107,High systolic blood pressure,1,Number,2015,26.071216747611075,42.920120759751555,15.814372707029392
1,All Population,3,YLDs (Years Lived with Disability),4859,Madhya Pradesh,1,Male,9,20-24 years,498,Hypertensive heart disease,108,High body-mass index,1,Number,2015,1.665794186955482,3.7412475078559493,0.4595347023293832
1,All Population,3,YLDs (Years Lived with Disability),4859,Madhya Pradesh,2,Female,9,20-24 years,498,Hypertensive heart disease,108,High body-mass index,1,Number,2015,5.946182060666071,11.7333840207463,1.9849127258757489
1,All Population,3,YLDs (Years Lived with Disability),4844,Bihar,1,Male,9,20-24 years,493,Ischemic heart disease,108,High body-mass index,1,Number,2017,19.79883671390043,43.79181336515836,5.046938196032635
1,All Population,3,YLDs (Years Lived with Disability),4844,Bihar,2,Female,9,20-24 years,493,Ischemic heart disease,108,High body-mass index,1,Number,2017,23.789099446691104,58.18363995519507,6.608785157283625
1,All Population,3,YLDs (Years Lived with Disability),4842,Arunachal Pradesh,1,Male,9,20-24 years,494,Stroke,108,High body-mass index,1,Number,2017,0.46995009367956125,1.749769366811826,-0.5005514641220341
1,All Population,3,YLDs (Years Lived with Disability),4842,Arunachal Pradesh,2,Female,9,20-24 years,494,Stroke,108,High body-mass index,1,Number,2017,0.2752375691256061,1.4110005318192065,-1.0141746429270813
1,All Population,3,YLDs (Years Lived with Disability),4857,Kerala,1,Male,9,20-24 years,498,Hypertensive heart disease,107,High systolic blood pressure,1,Number,2017,2.5894247714040435,4.309457924891547,1.4445489920798988
1,All Population,3,YLDs (Years Lived with Disability),4857,Kerala,2,Female,9,20-24 years,498,Hypertensive heart disease,107,High systolic blood pressure,1,Number,2017,9.681706609497429,16.025296826928457,5.794436408205503
1,All Population,3,YLDs (Years Lived with Disability),4873,Uttar Pradesh,1,Male,9,20-24 years,494,Stroke,108,High body-mass index,1,Number,2015,0.18913871980393235,56.56568816262855,-113.9143610421099
1,All Population,3,YLDs (Years Lived with Disability),4873,Uttar Pradesh,2,Female,9,20-24 years,494,Stroke,108,High body-mass index,1,Number,2015,31.96128864189624,159.66591931163344,-82.3382104591408
1,All Population,3,YLDs (Years Lived with Disability),4856,Karnataka,1,Male,9,20-24 years,498,Hypertensive heart disease,107,High systolic blood pressure,1,Number,2015,7.071430506394363,11.809412743281971,4.019357032937046
1,All Population,3,YLDs (Years Lived with Disability),4856,Karnataka,2,Female,9,20-24 years,498,Hypertensive heart disease,107,High systolic blood pressure,1,Number,2015,16.17097713896904,27.13237107647775,9.24492435536919
1,All Population,3,YLDs (Years Lived with Disability),4856,Karnataka,1,Male,9,20-24 years,498,Hypertensive heart disease,108,High body-mass index,1,Number,2015,2.1740392757886844,4.4111831773894785,0.6882183761268604
1,All Population,3,YLDs (Years Lived with Disability),4856,Karnataka,2,Female,9,20-24 years,498,Hypertensive heart disease,108,High body-mass index,1,Number,2015,6.095486340776493,12.678575414727014,2.1813640758461155
1,All Population,3,YLDs (Years Lived with Disability),4846,Chhattisgarh,1,Male,9,20-24 years,494,Stroke,108,High body-mass index,1,Number,2016,-0.37031336905527784,6.237056852766682,-11.898445972640902
1,All Population,3,YLDs (Years Lived with Disability),4846,Chhattisgarh,2,Female,9,20-24 years,494,Stroke,108,High body-mass index,1,Number,2016,0.09597249828738677,9.906236092895199,-15.094247106723467
1,All Population,3,YLDs (Years Lived with Disability),4855,Jharkhand,1,Male,9,20-24 years,494,Stroke,108,High body-mass index,1,Number,2016,0.8973755302337498,10.819508359313593,-11.472006015416643
1,All Population,3,YLDs (Years Lived with Disability),4855,Jharkhand,2,Female,9,20-24 years,494,Stroke,108,High body-mass index,1,Number,2016,-0.4937262977242538,8.885020992501374,-14.968881091029445
1,All Population,3,YLDs (Years Lived with Disability),4861,Manipur,1,Male,9,20-24 years,494,Stroke,108,High body-mass index,1,Number,2017,0.5065615573046562,2.796415445235231,-1.4883943466982505
1,All Population,3,YLDs (Years Lived with Disability),4861,Manipur,2,Female,9,20-24 years,494,Stroke,108,High body-mass index,1,Number,2017,0.6431054836856693,3.326797552096714,-2.4018765247335003
1,All Population,3,YLDs (Years Lived with Disability),4860,Maharashtra,1,Male,9,20-24 years,498,Hypertensive heart disease,107,High systolic blood pressure,1,Number,2017,12.785133183653944,20.8775286128105,7.410795721975765
1,All Population,3,YLDs (Years Lived with Disability),4860,Maharashtra,2,Female,9,20-24 years,498,Hypertensive heart disease,107,High systolic blood pressure,1,Number,2017,36.362399791711105,59.726937394523915,21.965798944734964
1,All Population,3,YLDs (Years Lived with Disability),4860,Maharashtra,1,Male,9,20-24 years,498,Hypertensive heart disease,108,High body-mass index,1,Number,2017,4.151325707640355,8.553052702480716,1.5018349257520924
1,All Population,3,YLDs (Years Lived with Disability),4860,Maharashtra,2,Female,9,20-24 years,498,Hypertensive heart disease,108,High body-mass index,1,Number,2017,12.33177331680483,23.90417384269061,4.295222560289565
1,All Population,3,YLDs (Years Lived with Disability),4855,Jharkhand,1,Male,9,20-24 years,493,Ischemic heart disease,108,High body-mass index,1,Number,2016,5.419845163897233,10.598475695418847,1.7122356711184192
1,All Population,3,YLDs (Years Lived with Disability),4855,Jharkhand,2,Female,9,20-24 years,493,Ischemic heart disease,108,High body-mass index,1,Number,2016,5.370062617332782,11.989911365108021,1.3030655484897022
1,All Population,3,YLDs (Years Lived with Disability),4875,West Bengal,1,Male,9,20-24 years,494,Stroke,108,High body-mass index,1,Number,2015,2.359840934122812,36.12909256402372,-53.667011998014935
1,All Population,3,YLDs (Years Lived with Disability),4875,West Bengal,2,Female,9,20-24 years,494,Stroke,108,High body-mass index,1,Number,2015,33.36155576898074,116.11003793187353,-28.079732976507927
1,All Population,3,YLDs (Years Lived with Disability),4849,Delhi,1,Male,9,20-24 years,493,Ischemic heart disease,108,High body-mass index,1,Number,2015,15.06183061194317,32.582442059354335,4.449305961565849
1,All Population,3,YLDs (Years Lived with Disability),4849,Delhi,2,Female,9,20-24 years,493,Ischemic heart disease,108,High body-mass index,1,Number,2015,12.196836471521628,25.595284618799425,3.727483236130711
1,All Population,3,YLDs (Years Lived with Disability),4852,Haryana,1,Male,9,20-24 years,494,Stroke,108,High body-mass index,1,Number,2017,15.136524304300977,41.86669319267193,-7.418247187105994
1,All Population,3,YLDs (Years Lived with Disability),4852,Haryana,2,Female,9,20-24 years,494,Stroke,108,High body-mass index,1,Number,2017,10.342684976643849,34.90335930642854,-5.723094561653226
1,All Population,3,YLDs (Years Lived with Disability),4863,Mizoram,1,Male,9,20-24 years,493,Ischemic heart disease,108,High body-mass index,1,Number,2017,0.255534308105002,0.6105924107136043,0.06739048096915372
1,All Population,3,YLDs (Years Lived with Disability),4863,Mizoram,2,Female,9,20-24 years,493,Ischemic heart disease,108,High body-mass index,1,Number,2017,0.26436787402759626,0.5417572666857651,0.0755595787339984
1,All Population,3,YLDs (Years Lived with Disability),4868,Rajasthan,1,Male,9,20-24 years,493,Ischemic heart disease,108,High body-mass index,1,Number,2015,20.755926495082154,49.03959748781792,4.004616323518777
1,All Population,3,YLDs (Years Lived with Disability),4868,Rajasthan,2,Female,9,20-24 years,493,Ischemic heart disease,108,High body-mass index,1,Number,2015,20.20651646382442,44.188001601022506,5.082478110414577
1,All Population,3,YLDs (Years Lived with Disability),4843,Assam,1,Male,9,20-24 years,498,Hypertensive heart disease,107,High systolic blood pressure,1,Number,2015,5.407802949577579,8.979933490664134,3.0572003527146396
1,All Population,3,YLDs (Years Lived with Disability),4843,Assam,2,Female,9,20-24 years,498,Hypertensive heart disease,107,High systolic blood pressure,1,Number,2015,11.004709122318568,18.3814122884961,6.344810495443775
1,All Population,3,YLDs (Years Lived with Disability),4843,Assam,1,Male,9,20-24 years,498,Hypertensive heart disease,108,High body-mass index,1,Number,2015,1.8245267548398694,3.6392486005701254,0.6701529966111109
1,All Population,3,YLDs (Years Lived with Disability),4843,Assam,2,Female,9,20-24 years,498,Hypertensive heart disease,108,High body-mass index,1,Number,2015,3.281185264014017,6.5345105297599915,1.180661776886163
1,All Population,3,YLDs (Years Lived with Disability),4853,Himachal Pradesh,1,Male,9,20-24 years,498,Hypertensive heart disease,107,High systolic blood pressure,1,Number,2015,0.850274421446321,1.379331782393109,0.4902512316906026
1,All Population,3,YLDs (Years Lived with Disability),4853,Himachal Pradesh,2,Female,9,20-24 years,498,Hypertensive heart disease,107,High systolic blood pressure,1,Number,2015,2.209422248528224,3.7110535335864516,1.2914946881856926
1,All Population,3,YLDs (Years Lived with Disability),4853,Himachal Pradesh,1,Male,9,20-24 years,498,Hypertensive heart disease,108,High body-mass index,1,Number,2015,0.31262200309320104,0.6304691888840447,0.11254161604783715
1,All Population,3,YLDs (Years Lived with Disability),4853,Himachal Pradesh,2,Female,9,20-24 years,498,Hypertensive heart disease,108,High body-mass index,1,Number,2015,0.767256097524726,1.5314008764014064,0.28893439937289844
1,All Population,3,YLDs (Years Lived with Disability),4861,Manipur,1,Male,9,20-24 years,494,Stroke,108,High body-mass index,1,Number,2015,0.2988639632985606,2.0694409157073017,-1.3642872261203567
1,All Population,3,YLDs (Years Lived with Disability),4861,Manipur,2,Female,9,20-24 years,494,Stroke,108,High body-mass index,1,Number,2015,0.42518764459910974,2.394976653272078,-2.6344378044339956
1,All Population,3,YLDs (Years Lived with Disability),4849,Delhi,1,Male,9,20-24 years,493,Ischemic heart disease,108,High body-mass index,1,Number,2016,15.144390562644652,31.872241337756527,4.5019671360207125
1,All Population,3,YLDs (Years Lived with Disability),4849,Delhi,2,Female,9,20-24 years,493,Ischemic heart disease,108,High body-mass index,1,Number,2016,12.27978658349721,27.26710721595011,4.255895979173913
1,All Population,3,YLDs (Years Lived with Disability),4859,Madhya Pradesh,1,Male,9,20-24 years,494,Stroke,108,High body-mass index,1,Number,2016,1.44970676026994,23.241533675529126,-27.09428012526643
1,All Population,3,YLDs (Years Lived with Disability),4859,Madhya Pradesh,2,Female,9,20-24 years,494,Stroke,108,High body-mass index,1,Number,2016,4.69770544443263,46.170086917417834,-30.094857869309823
1,All Population,3,YLDs (Years Lived with Disability),4849,Delhi,1,Male,9,20-24 years,493,Ischemic heart disease,108,High body-mass index,1,Number,2017,15.428826862752299,32.615319844542476,4.246094179770921
1,All Population,3,YLDs (Years Lived with Disability),4849,Delhi,2,Female,9,20-24 years,493,Ischemic heart disease,108,High body-mass index,1,Number,2017,12.298612847233343,25.762775790415013,3.6475536750779893
1,All Population,3,YLDs (Years Lived with Disability),4852,Haryana,1,Male,9,20-24 years,493,Ischemic heart disease,108,High body-mass index,1,Number,2017,19.99883882986616,42.45653729555092,5.803114307261512
1,All Population,3,YLDs (Years Lived with Disability),4852,Haryana,2,Female,9,20-24 years,493,Ischemic heart disease,108,High body-mass index,1,Number,2017,12.947857866631171,29.312234289159267,4.022997161475045
1,All Population,3,YLDs (Years Lived with Disability),4846,Chhattisgarh,1,Male,9,20-24 years,498,Hypertensive heart disease,107,High systolic blood pressure,1,Number,2015,3.929273304108551,6.631938723852091,2.27628047807495
1,All Population,3,YLDs (Years Lived with Disability),4846,Chhattisgarh,2,Female,9,20-24 years,498,Hypertensive heart disease,107,High systolic blood pressure,1,Number,2015,8.716401237068435,14.46933607834817,5.163541595917374
1,All Population,3,YLDs (Years Lived with Disability),4846,Chhattisgarh,1,Male,9,20-24 years,498,Hypertensive heart disease,108,High body-mass index,1,Number,2015,0.7762609749898615,1.7021391257930671,0.2374878643195158
1,All Population,3,YLDs (Years Lived with Disability),4846,Chhattisgarh,2,Female,9,20-24 years,498,Hypertensive heart disease,108,High body-mass index,1,Number,2015,2.1131387958363046,4.472894271311043,0.7047916463402019
1,All Population,3,YLDs (Years Lived with Disability),4868,Rajasthan,1,Male,9,20-24 years,494,Stroke,108,High body-mass index,1,Number,2017,4.285125254492512,32.47992820427172,-22.175594189967207
1,All Population,3,YLDs (Years Lived with Disability),4868,Rajasthan,2,Female,9,20-24 years,494,Stroke,108,High body-mass index,1,Number,2017,5.413083277974073,38.25830828503017,-27.163387344081407
1,All Population,3,YLDs (Years Lived with Disability),4870,Tamil Nadu,1,Male,9,20-24 years,493,Ischemic heart disease,108,High body-mass index,1,Number,2017,30.501474039990384,61.5997862967178,9.229855548096888
1,All Population,3,YLDs (Years Lived with Disability),4870,Tamil Nadu,2,Female,9,20-24 years,493,Ischemic heart disease,108,High body-mass index,1,Number,2017,51.95576333848432,113.01701483514239,14.864870658730364
1,All Population,3,YLDs (Years Lived with Disability),4856,Karnataka,1,Male,9,20-24 years,493,Ischemic heart disease,108,High body-mass index,1,Number,2017,22.69631742545108,50.81240408955833,6.057208668409805
1,All Population,3,YLDs (Years Lived with Disability),4856,Karnataka,2,Female,9,20-24 years,493,Ischemic heart disease,108,High body-mass index,1,Number,2017,34.269071095148405,79.87147081764292,9.684947059560287
1,All Population,3,YLDs (Years Lived with Disability),4841,Andhra Pradesh,1,Male,9,20-24 years,498,Hypertensive heart disease,107,High systolic blood pressure,1,Number,2015,4.683190014350513,7.877706811653246,2.672621125604846
1,All Population,3,YLDs (Years Lived with Disability),4841,Andhra Pradesh,2,Female,9,20-24 years,498,Hypertensive heart disease,107,High systolic blood pressure,1,Number,2015,14.390741232376968,22.63243926759995,8.431092422806032
1,All Population,3,YLDs (Years Lived with Disability),4841,Andhra Pradesh,1,Male,9,20-24 years,498,Hypertensive heart disease,108,High body-mass index,1,Number,2015,1.7212747470634775,3.5547809331488365,0.5715178895030132
1,All Population,3,YLDs (Years Lived with Disability),4841,Andhra Pradesh,2,Female,9,20-24 years,498,Hypertensive heart disease,108,High body-mass index,1,Number,2015,5.705640988084027,11.039783062240504,1.980408270864026
1,All Population,3,YLDs (Years Lived with Disability),4867,Punjab,1,Male,9,20-24 years,498,Hypertensive heart disease,107,High systolic blood pressure,1,Number,2015,3.6685415000287636,6.133556110685609,2.1241645935641684
1,All Population,3,YLDs (Years Lived with Disability),4867,Punjab,2,Female,9,20-24 years,498,Hypertensive heart disease,107,High systolic blood pressure,1,Number,2015,6.578945381474688,10.75128020832022,3.8203201908979993
1,All Population,3,YLDs (Years Lived with Disability),4867,Punjab,1,Male,9,20-24 years,498,Hypertensive heart disease,108,High body-mass index,1,Number,2015,2.021534030990938,3.732820198459705,0.7922802763009167
1,All Population,3,YLDs (Years Lived with Disability),4867,Punjab,2,Female,9,20-24 years,498,Hypertensive heart disease,108,High body-mass index,1,Number,2015,2.9599928428116127,5.540933263214394,1.1336054074345308
1,All Population,3,YLDs (Years Lived with Disability),4849,Delhi,1,Male,9,20-24 years,494,Stroke,108,High body-mass index,1,Number,2017,10.959307540865813,32.101949353324166,-3.179319968623254
1,All Population,3,YLDs (Years Lived with Disability),4849,Delhi,2,Female,9,20-24 years,494,Stroke,108,High body-mass index,1,Number,2017,9.850580011819043,35.564071716264266,-4.839662219044231
1,All Population,3,YLDs (Years Lived with Disability),4849,Delhi,1,Male,9,20-24 years,498,Hypertensive heart disease,107,High systolic blood pressure,1,Number,2015,2.6293286098759863,4.355321795709033,1.4858768136712488
1,All Population,3,YLDs (Years Lived with Disability),4849,Delhi,2,Female,9,20-24 years,498,Hypertensive heart disease,107,High systolic blood pressure,1,Number,2015,5.777262366488806,9.296265098367597,3.2963569696557817
1,All Population,3,YLDs (Years Lived with Disability),4849,Delhi,1,Male,9,20-24 years,498,Hypertensive heart disease,108,High body-mass index,1,Number,2015,1.3082850154890662,2.4984967825261744,0.4926621121621835
1,All Population,3,YLDs (Years Lived with Disability),4849,Delhi,2,Female,9,20-24 years,498,Hypertensive heart disease,108,High body-mass index,1,Number,2015,2.671924964201204,5.020900087648807,1.0239957334097722
1,All Population,3,YLDs (Years Lived with Disability),4850,Goa,1,Male,9,20-24 years,494,Stroke,108,High body-mass index,1,Number,2017,1.1714555427128546,3.3942469479072965,-0.08268902649998341
1,All Population,3,YLDs (Years Lived with Disability),4850,Goa,2,Female,9,20-24 years,494,Stroke,108,High body-mass index,1,Number,2017,0.9231178018921784,2.5797496021274617,-0.13542552793006513
1,All Population,3,YLDs (Years Lived with Disability),4862,Meghalaya,1,Male,9,20-24 years,493,Ischemic heart disease,108,High body-mass index,1,Number,2016,0.9461078743785281,2.3337865262549866,0.21400593922511202
1,All Population,3,YLDs (Years Lived with Disability),4862,Meghalaya,2,Female,9,20-24 years,493,Ischemic heart disease,108,High body-mass index,1,Number,2016,0.7480294447299785,1.5371621908524666,0.2071754092281113
1,All Population,3,YLDs (Years Lived with Disability),4855,Jharkhand,1,Male,9,20-24 years,494,Stroke,108,High body-mass index,1,Number,2015,0.6428844751238358,9.157163865349217,-12.194038553729085
1,All Population,3,YLDs (Years Lived with Disability),4855,Jharkhand,2,Female,9,20-24 years,494,Stroke,108,High body-mass index,1,Number,2015,-0.45546076183320505,8.372706264455424,-12.87980907344061
1,All Population,3,YLDs (Years Lived with Disability),4867,Punjab,1,Male,9,20-24 years,494,Stroke,108,High body-mass index,1,Number,2016,32.40354020714419,80.58592771196828,1.907612824421391
1,All Population,3,YLDs (Years Lived with Disability),4867,Punjab,2,Female,9,20-24 years,494,Stroke,108,High body-mass index,1,Number,2016,11.020441701242133,31.49115133115706,-4.152268222854671
1,All Population,3,YLDs (Years Lived with Disability),4854,Jammu & Kashmir and Ladakh,1,Male,9,20-24 years,493,Ischemic heart disease,108,High body-mass index,1,Number,2017,5.67742882713842,11.28550972053851,1.8138740008349632
1,All Population,3,YLDs (Years Lived with Disability),4854,Jammu & Kashmir and Ladakh,2,Female,9,20-24 years,493,Ischemic heart disease,108,High body-mass index,1,Number,2017,9.141468128367833,19.771512197351413,3.0772443915568846
1,All Population,3,YLDs (Years Lived with Disability),44538,Other Union Territories,1,Male,9,20-24 years,494,Stroke,108,High body-mass index,1,Number,2017,1.7268984983096125,5.711282618902443,-0.6597083875973735
1,All Population,3,YLDs (Years Lived with Disability),44538,Other Union Territories,2,Female,9,20-24 years,494,Stroke,108,High body-mass index,1,Number,2017,1.9503122362589205,5.014702030043269,-0.2908093411412199
1,All Population,3,YLDs (Years Lived with Disability),4849,Delhi,1,Male,9,20-24 years,494,Stroke,108,High body-mass index,1,Number,2016,10.539869387381083,34.25386057368568,-3.388354270554264
1,All Population,3,YLDs (Years Lived with Disability),4849,Delhi,2,Female,9,20-24 years,494,Stroke,108,High body-mass index,1,Number,2016,9.395622674964795,29.31887751997048,-6.1630222722976535
1,All Population,3,YLDs (Years Lived with Disability),44538,Other Union Territories,1,Male,9,20-24 years,494,Stroke,108,High body-mass index,1,Number,2016,1.5657028384850324,4.981290692448349,-0.7586673594298146
1,All Population,3,YLDs (Years Lived with Disability),44538,Other Union Territories,2,Female,9,20-24 years,494,Stroke,108,High body-mass index,1,Number,2016,1.8059039300376758,4.464228167219585,-0.48884844702736835
1,All Population,3,YLDs (Years Lived with Disability),4851,Gujarat,1,Male,9,20-24 years,494,Stroke,108,High body-mass index,1,Number,2016,3.393717618392262,28.521668299590377,-23.454286176678902
1,All Population,3,YLDs (Years Lived with Disability),4851,Gujarat,2,Female,9,20-24 years,494,Stroke,108,High body-mass index,1,Number,2016,16.537984702014178,64.53130247048949,-16.33136724421624
1,All Population,3,YLDs (Years Lived with Disability),4844,Bihar,1,Male,9,20-24 years,494,Stroke,108,High body-mass index,1,Number,2017,0.5751061126118987,36.963558425803605,-45.26372105257822
1,All Population,3,YLDs (Years Lived with Disability),4844,Bihar,2,Female,9,20-24 years,494,Stroke,108,High body-mass index,1,Number,2017,5.224697985765836,45.485212427596835,-40.96073475432159
1,All Population,3,YLDs (Years Lived with Disability),4857,Kerala,1,Male,9,20-24 years,493,Ischemic heart disease,108,High body-mass index,1,Number,2017,19.602284716982158,37.92033029865908,6.2826041836931665
1,All Population,3,YLDs (Years Lived with Disability),4857,Kerala,2,Female,9,20-24 years,493,Ischemic heart disease,108,High body-mass index,1,Number,2017,19.869941262580262,40.72527575586054,6.406190079464833
1,All Population,3,YLDs (Years Lived with Disability),4873,Uttar Pradesh,1,Male,9,20-24 years,493,Ischemic heart disease,108,High body-mass index,1,Number,2017,52.15753816719538,117.97524103048727,12.310516536399723
1,All Population,3,YLDs (Years Lived with Disability),4873,Uttar Pradesh,2,Female,9,20-24 years,493,Ischemic heart disease,108,High body-mass index,1,Number,2017,99.991777302812,213.42409173173456,31.39754939013387
1,All Population,3,YLDs (Years Lived with Disability),4868,Rajasthan,1,Male,9,20-24 years,498,Hypertensive heart disease,107,High systolic blood pressure,1,Number,2016,9.136142039365314,15.5110808832097,5.305037216573121
1,All Population,3,YLDs (Years Lived with Disability),4868,Rajasthan,2,Female,9,20-24 years,498,Hypertensive heart disease,107,High systolic blood pressure,1,Number,2016,22.55030910440739,37.16092634281516,13.067794148029021
1,All Population,3,YLDs (Years Lived with Disability),4868,Rajasthan,1,Male,9,20-24 years,498,Hypertensive heart disease,108,High body-mass index,1,Number,2016,2.378719211269539,5.555620907251877,0.6739817390900429
1,All Population,3,YLDs (Years Lived with Disability),4868,Rajasthan,2,Female,9,20-24 years,498,Hypertensive heart disease,108,High body-mass index,1,Number,2016,6.2890270362370595,13.165816668376099,2.011418500019723
1,All Population,3,YLDs (Years Lived with Disability),4875,West Bengal,1,Male,9,20-24 years,493,Ischemic heart disease,108,High body-mass index,1,Number,2017,24.598345429765764,57.94359740914232,5.749743539711483
1,All Population,3,YLDs (Years Lived with Disability),4875,West Bengal,2,Female,9,20-24 years,493,Ischemic heart disease,108,High body-mass index,1,Number,2017,47.743934619419974,99.62242573624218,14.66382474708763
1,All Population,3,YLDs (Years Lived with Disability),4870,Tamil Nadu,1,Male,9,20-24 years,494,Stroke,108,High body-mass index,1,Number,2016,9.36593799731854,47.90491454693624,-25.890900579161414
1,All Population,3,YLDs (Years Lived with Disability),4870,Tamil Nadu,2,Female,9,20-24 years,494,Stroke,108,High body-mass index,1,Number,2016,38.22807453783279,116.89101952468431,-15.820924276557136
1,All Population,3,YLDs (Years Lived with Disability),4869,Sikkim,1,Male,9,20-24 years,498,Hypertensive heart disease,107,High systolic blood pressure,1,Number,2015,0.09167023727922655,0.1524021619261135,0.05110024811900643
1,All Population,3,YLDs (Years Lived with Disability),4869,Sikkim,2,Female,9,20-24 years,498,Hypertensive heart disease,107,High systolic blood pressure,1,Number,2015,0.21744243421287923,0.35563918184535637,0.1258929332244037
1,All Population,3,YLDs (Years Lived with Disability),4869,Sikkim,1,Male,9,20-24 years,498,Hypertensive heart disease,108,High body-mass index,1,Number,2015,0.031969045222818536,0.06347185817813526,0.011792563313793268
1,All Population,3,YLDs (Years Lived with Disability),4869,Sikkim,2,Female,9,20-24 years,498,Hypertensive heart disease,108,High body-mass index,1,Number,2015,0.09974418683956701,0.1901784753921,0.04256876544667347
1,All Population,3,YLDs (Years Lived with Disability),4865,Odisha,1,Male,9,20-24 years,493,Ischemic heart disease,108,High body-mass index,1,Number,2016,7.7066099739326175,17.160628686185998,1.5926919229837437
1,All Population,3,YLDs (Years Lived with Disability),4865,Odisha,2,Female,9,20-24 years,493,Ischemic heart disease,108,High body-mass index,1,Number,2016,10.465836950126459,21.896278157228327,3.1535992479323385
1,All Population,3,YLDs (Years Lived with Disability),4856,Karnataka,1,Male,9,20-24 years,494,Stroke,108,High body-mass index,1,Number,2016,4.7910992073938425,31.791818728329293,-23.72211399840313
1,All Population,3,YLDs (Years Lived with Disability),4856,Karnataka,2,Female,9,20-24 years,494,Stroke,108,High body-mass index,1,Number,2016,16.279665695741862,58.0747144371948,-15.453435148830534
1,All Population,3,YLDs (Years Lived with Disability),4865,Odisha,1,Male,9,20-24 years,494,Stroke,108,High body-mass index,1,Number,2015,-0.372087021679379,12.369119545906896,-19.90449459243523
1,All Population,3,YLDs (Years Lived with Disability),4865,Odisha,2,Female,9,20-24 years,494,Stroke,108,High body-mass index,1,Number,2015,2.4521085050221845,20.6006169365466,-22.33168389988386
1,All Population,3,YLDs (Years Lived with Disability),4854,Jammu & Kashmir and Ladakh,1,Male,9,20-24 years,493,Ischemic heart disease,108,High body-mass index,1,Number,2016,5.5076121315098705,11.114783881600742,1.7335216079142313
1,All Population,3,YLDs (Years Lived with Disability),4854,Jammu & Kashmir and Ladakh,2,Female,9,20-24 years,493,Ischemic heart disease,108,High body-mass index,1,Number,2016,8.964816827140526,19.57857416065186,2.75405164527085
1,All Population,3,YLDs (Years Lived with Disability),4842,Arunachal Pradesh,1,Male,9,20-24 years,493,Ischemic heart disease,108,High body-mass index,1,Number,2018,0.6480680869091009,1.4591733633833763,0.15719387084593817
1,All Population,3,YLDs (Years Lived with Disability),4842,Arunachal Pradesh,2,Female,9,20-24 years,493,Ischemic heart disease,108,High body-mass index,1,Number,2018,0.5661034088865583,1.153781855787007,0.16076331075408454
1,All Population,3,YLDs (Years Lived with Disability),4841,Andhra Pradesh,1,Male,9,20-24 years,494,Stroke,108,High body-mass index,1,Number,2018,14.902459868442161,54.681435029161676,-6.949913400270022
1,All Population,3,YLDs (Years Lived with Disability),4841,Andhra Pradesh,2,Female,9,20-24 years,494,Stroke,108,High body-mass index,1,Number,2018,23.705339709594178,71.57181857841007,-5.0919310806410785
1,All Population,3,YLDs (Years Lived with Disability),4863,Mizoram,1,Male,9,20-24 years,493,Ischemic heart disease,108,High body-mass index,1,Number,2016,0.2681800726490097,0.6250410876041639,0.06571186916478917
1,All Population,3,YLDs (Years Lived with Disability),4863,Mizoram,2,Female,9,20-24 years,493,Ischemic heart disease,108,High body-mass index,1,Number,2016,0.2714113424457838,0.5923084258117025,0.07346753288911051
1,All Population,3,YLDs (Years Lived with Disability),4849,Delhi,1,Male,9,20-24 years,493,Ischemic heart disease,108,High body-mass index,1,Number,2018,15.837304005265052,33.330480137609484,4.314038132708572
1,All Population,3,YLDs (Years Lived with Disability),4849,Delhi,2,Female,9,20-24 years,493,Ischemic heart disease,108,High body-mass index,1,Number,2018,12.333450365986147,28.686095325336268,4.163716242578874
1,All Population,3,YLDs (Years Lived with Disability),4870,Tamil Nadu,1,Male,9,20-24 years,493,Ischemic heart disease,108,High body-mass index,1,Number,2016,30.6338803615191,63.256345001549946,8.361692203469259
1,All Population,3,YLDs (Years Lived with Disability),4870,Tamil Nadu,2,Female,9,20-24 years,493,Ischemic heart disease,108,High body-mass index,1,Number,2016,51.28611161014805,111.17220033866631,16.300258788445817
1,All Population,3,YLDs (Years Lived with Disability),4872,Tripura,1,Male,9,20-24 years,494,Stroke,108,High body-mass index,1,Number,2016,0.014589971951514666,1.5964418556247453,-2.5255053710224464
1,All Population,3,YLDs (Years Lived with Disability),4872,Tripura,2,Female,9,20-24 years,494,Stroke,108,High body-mass index,1,Number,2016,0.3815023077684634,2.7760186473946176,-2.2413376998643266
1,All Population,3,YLDs (Years Lived with Disability),4842,Arunachal Pradesh,1,Male,9,20-24 years,498,Hypertensive heart disease,107,High systolic blood pressure,1,Number,2017,0.21898721509011412,0.36173162436898487,0.12598061983402992
1,All Population,3,YLDs (Years Lived with Disability),4842,Arunachal Pradesh,2,Female,9,20-24 years,498,Hypertensive heart disease,107,High systolic blood pressure,1,Number,2017,0.649978131621272,1.0704871955366526,0.3798408917338669
1,All Population,3,YLDs (Years Lived with Disability),4842,Arunachal Pradesh,1,Male,9,20-24 years,498,Hypertensive heart disease,108,High body-mass index,1,Number,2017,0.08883305076187158,0.18730092567155712,0.028692393486964566
1,All Population,3,YLDs (Years Lived with Disability),4842,Arunachal Pradesh,2,Female,9,20-24 years,498,Hypertensive heart disease,108,High body-mass index,1,Number,2017,0.279241929944103,0.5396194409146272,0.10774414953472396
1,All Population,3,YLDs (Years Lived with Disability),4842,Arunachal Pradesh,1,Male,9,20-24 years,494,Stroke,108,High body-mass index,1,Number,2015,0.34529458279824077,1.7982648418654736,-0.5960366617155175
1,All Population,3,YLDs (Years Lived with Disability),4842,Arunachal Pradesh,2,Female,9,20-24 years,494,Stroke,108,High body-mass index,1,Number,2015,0.1782906376244246,1.0939786256715287,-0.9823263324762266
1,All Population,3,YLDs (Years Lived with Disability),4853,Himachal Pradesh,1,Male,9,20-24 years,498,Hypertensive heart disease,107,High systolic blood pressure,1,Number,2016,0.8425829788477995,1.3767595268180606,0.4830358255254515
1,All Population,3,YLDs (Years Lived with Disability),4853,Himachal Pradesh,2,Female,9,20-24 years,498,Hypertensive heart disease,107,High systolic blood pressure,1,Number,2016,2.1932795004773395,3.6892250869611187,1.2737961856855051
1,All Population,3,YLDs (Years Lived with Disability),4853,Himachal Pradesh,1,Male,9,20-24 years,498,Hypertensive heart disease,108,High body-mass index,1,Number,2016,0.3166337821557763,0.6169738566924005,0.11416208270396115
1,All Population,3,YLDs (Years Lived with Disability),4853,Himachal Pradesh,2,Female,9,20-24 years,498,Hypertensive heart disease,108,High body-mass index,1,Number,2016,0.7842180035702335,1.5157246297200657,0.26879573821286645
1,All Population,3,YLDs (Years Lived with Disability),4861,Manipur,1,Male,9,20-24 years,494,Stroke,108,High body-mass index,1,Number,2016,0.38766183520612896,2.215798462374236,-1.5282452363970864
1,All Population,3,YLDs (Years Lived with Disability),4861,Manipur,2,Female,9,20-24 years,494,Stroke,108,High body-mass index,1,Number,2016,0.5259388698975591,3.196704549248911,-2.2905567270428233
1,All Population,3,YLDs (Years Lived with Disability),4868,Rajasthan,1,Male,9,20-24 years,493,Ischemic heart disease,108,High body-mass index,1,Number,2016,22.267816141844083,53.19924650413612,4.381908173318674
1,All Population,3,YLDs (Years Lived with Disability),4868,Rajasthan,2,Female,9,20-24 years,493,Ischemic heart disease,108,High body-mass index,1,Number,2016,21.689650488017733,45.09541153327842,4.815118496233084
1,All Population,3,YLDs (Years Lived with Disability),4863,Mizoram,1,Male,9,20-24 years,494,Stroke,108,High body-mass index,1,Number,2016,0.1326466132705726,0.7159778964813637,-0.43547775313890236
1,All Population,3,YLDs (Years Lived with Disability),4863,Mizoram,2,Female,9,20-24 years,494,Stroke,108,High body-mass index,1,Number,2016,0.05662855519872329,0.559592138523568,-0.5892664428165194
1,All Population,3,YLDs (Years Lived with Disability),4855,Jharkhand,1,Male,9,20-24 years,498,Hypertensive heart disease,107,High systolic blood pressure,1,Number,2016,3.505463869426531,5.802225986355181,2.088041103445712
1,All Population,3,YLDs (Years Lived with Disability),4855,Jharkhand,2,Female,9,20-24 years,498,Hypertensive heart disease,107,High systolic blood pressure,1,Number,2016,9.553952104243924,16.001666929434762,5.656749278363283
1,All Population,3,YLDs (Years Lived with Disability),4855,Jharkhand,1,Male,9,20-24 years,498,Hypertensive heart disease,108,High body-mass index,1,Number,2016,0.9215287767794492,1.8233789284755662,0.311340095798847
1,All Population,3,YLDs (Years Lived with Disability),4855,Jharkhand,2,Female,9,20-24 years,498,Hypertensive heart disease,108,High body-mass index,1,Number,2016,2.213513747380999,4.68691807777578,0.7370579072456738
1,All Population,3,YLDs (Years Lived with Disability),4875,West Bengal,1,Male,9,20-24 years,493,Ischemic heart disease,108,High body-mass index,1,Number,2018,24.30184430346168,56.335104234980484,6.104380815294177
1,All Population,3,YLDs (Years Lived with Disability),4875,West Bengal,2,Female,9,20-24 years,493,Ischemic heart disease,108,High body-mass index,1,Number,2018,48.54180525567936,100.88259557508061,14.490276931901112
1,All Population,3,YLDs (Years Lived with Disability),4857,Kerala,1,Male,9,20-24 years,493,Ischemic heart disease,108,High body-mass index,1,Number,2018,19.043064348884645,38.73832553096645,5.5546073907792
1,All Population,3,YLDs (Years Lived with Disability),4857,Kerala,2,Female,9,20-24 years,493,Ischemic heart disease,108,High body-mass index,1,Number,2018,19.277701938872593,38.26634972316873,6.176372607168809
1,All Population,3,YLDs (Years Lived with Disability),4851,Gujarat,1,Male,9,20-24 years,493,Ischemic heart disease,108,High body-mass index,1,Number,2016,15.209537759703222,33.013767365349985,3.6219119870318113
1,All Population,3,YLDs (Years Lived with Disability),4851,Gujarat,2,Female,9,20-24 years,493,Ischemic heart disease,108,High body-mass index,1,Number,2016,24.34959987437318,54.5637254451526,7.179123610060536
1,All Population,3,YLDs (Years Lived with Disability),4843,Assam,1,Male,9,20-24 years,494,Stroke,108,High body-mass index,1,Number,2016,2.7087335162530497,18.4017328604201,-19.90923307540141
1,All Population,3,YLDs (Years Lived with Disability),4843,Assam,2,Female,9,20-24 years,494,Stroke,108,High body-mass index,1,Number,2016,-1.3869782598835074,12.931034372854764,-27.837311311438853
1,All Population,3,YLDs (Years Lived with Disability),4850,Goa,1,Male,9,20-24 years,493,Ischemic heart disease,108,High body-mass index,1,Number,2017,1.2859921680818578,2.6337655713158914,0.4062090730432317
1,All Population,3,YLDs (Years Lived with Disability),4850,Goa,2,Female,9,20-24 years,493,Ischemic heart disease,108,High body-mass index,1,Number,2017,0.968852883619228,2.110006403541157,0.2693914023431432
1,All Population,3,YLDs (Years Lived with Disability),4855,Jharkhand,1,Male,9,20-24 years,494,Stroke,108,High body-mass index,1,Number,2018,1.4792601602294635,12.251835045364338,-12.115347691728402
1,All Population,3,YLDs (Years Lived with Disability),4855,Jharkhand,2,Female,9,20-24 years,494,Stroke,108,High body-mass index,1,Number,2018,-0.21109305241249413,10.641635544928482,-15.116701599028044
1,All Population,3,YLDs (Years Lived with Disability),4856,Karnataka,1,Male,9,20-24 years,493,Ischemic heart disease,108,High body-mass index,1,Number,2018,23.629985189112745,53.478447420543205,5.75146047354458
1,All Population,3,YLDs (Years Lived with Disability),4856,Karnataka,2,Female,9,20-24 years,493,Ischemic heart disease,108,High body-mass index,1,Number,2018,36.22729213759302,70.72076399172624,10.2249659686847
1,All Population,3,YLDs (Years Lived with Disability),4865,Odisha,1,Male,9,20-24 years,494,Stroke,108,High body-mass index,1,Number,2018,1.0607071022649401,18.263747973602253,-18.885698247371117
1,All Population,3,YLDs (Years Lived with Disability),4865,Odisha,2,Female,9,20-24 years,494,Stroke,108,High body-mass index,1,Number,2018,4.6391305655159485,26.033302425433728,-17.023999238965462
1,All Population,3,YLDs (Years Lived with Disability),4872,Tripura,1,Male,9,20-24 years,493,Ischemic heart disease,108,High body-mass index,1,Number,2018,1.087099628207206,2.1456975982244404,0.33824872616954327
1,All Population,3,YLDs (Years Lived with Disability),4872,Tripura,2,Female,9,20-24 years,493,Ischemic heart disease,108,High body-mass index,1,Number,2018,1.211351901939628,2.4671812713348675,0.3529629743578531
1,All Population,3,YLDs (Years Lived with Disability),4872,Tripura,1,Male,9,20-24 years,493,Ischemic heart disease,108,High body-mass index,1,Number,2017,1.0727935527225778,2.2984233705184014,0.36276128347500824
1,All Population,3,YLDs (Years Lived with Disability),4872,Tripura,2,Female,9,20-24 years,493,Ischemic heart disease,108,High body-mass index,1,Number,2017,1.2589275667313249,2.9299036356763315,0.3547195767729351
1,All Population,3,YLDs (Years Lived with Disability),4864,Nagaland,1,Male,9,20-24 years,498,Hypertensive heart disease,107,High systolic blood pressure,1,Number,2016,0.2703559296458086,0.4330373123499276,0.15212635389957244
1,All Population,3,YLDs (Years Lived with Disability),4864,Nagaland,2,Female,9,20-24 years,498,Hypertensive heart disease,107,High systolic blood pressure,1,Number,2016,0.7573731785094819,1.2143279956838047,0.45174568156928663
1,All Population,3,YLDs (Years Lived with Disability),4864,Nagaland,1,Male,9,20-24 years,498,Hypertensive heart disease,108,High body-mass index,1,Number,2016,0.09069439660974025,0.18834386527983252,0.02809229485243301
1,All Population,3,YLDs (Years Lived with Disability),4864,Nagaland,2,Female,9,20-24 years,498,Hypertensive heart disease,108,High body-mass index,1,Number,2016,0.2148020508073166,0.45049450653238077,0.07673691033652041
1,All Population,3,YLDs (Years Lived with Disability),4852,Haryana,1,Male,9,20-24 years,494,Stroke,108,High body-mass index,1,Number,2015,13.757382425487197,44.32446394147621,-3.6693834317429053
1,All Population,3,YLDs (Years Lived with Disability),4852,Haryana,2,Female,9,20-24 years,494,Stroke,108,High body-mass index,1,Number,2015,8.44714742591031,29.083620962447306,-5.10244173649866
1,All Population,3,YLDs (Years Lived with Disability),4871,Telangana,1,Male,9,20-24 years,498,Hypertensive heart disease,107,High systolic blood pressure,1,Number,2015,3.624064595866588,6.08212941564151,2.092478033683342
1,All Population,3,YLDs (Years Lived with Disability),4871,Telangana,2,Female,9,20-24 years,498,Hypertensive heart disease,107,High systolic blood pressure,1,Number,2015,10.841378977143238,17.681609091094636,6.244432512447019
1,All Population,3,YLDs (Years Lived with Disability),4871,Telangana,1,Male,9,20-24 years,498,Hypertensive heart disease,108,High body-mass index,1,Number,2015,1.353062584728595,2.6131099989263906,0.47291320827111494
1,All Population,3,YLDs (Years Lived with Disability),4871,Telangana,2,Female,9,20-24 years,498,Hypertensive heart disease,108,High body-mass index,1,Number,2015,4.123744534252589,7.942816699042462,1.450166917716135
1,All Population,3,YLDs (Years Lived with Disability),4846,Chhattisgarh,1,Male,9,20-24 years,493,Ischemic heart disease,108,High body-mass index,1,Number,2017,5.320199057150796,12.378510606058803,1.0475964399813649
1,All Population,3,YLDs (Years Lived with Disability),4846,Chhattisgarh,2,Female,9,20-24 years,493,Ischemic heart disease,108,High body-mass index,1,Number,2017,6.7445595071232605,14.816174562160263,1.9820983471530111
1,All Population,3,YLDs (Years Lived with Disability),4874,Uttarakhand,1,Male,9,20-24 years,494,Stroke,108,High body-mass index,1,Number,2016,1.9653177503543346,9.593832740403755,-5.3668383194019755
1,All Population,3,YLDs (Years Lived with Disability),4874,Uttarakhand,2,Female,9,20-24 years,494,Stroke,108,High body-mass index,1,Number,2016,1.8158456219025831,8.519862270001484,-6.244410477367972
1,All Population,3,YLDs (Years Lived with Disability),4869,Sikkim,1,Male,9,20-24 years,493,Ischemic heart disease,108,High body-mass index,1,Number,2018,0.22298157953773212,0.4541720711177579,0.07125241313363417
1,All Population,3,YLDs (Years Lived with Disability),4869,Sikkim,2,Female,9,20-24 years,493,Ischemic heart disease,108,High body-mass index,1,Number,2018,0.3582950882852921,0.689620483538136,0.11614447017403288
1,All Population,3,YLDs (Years Lived with Disability),44538,Other Union Territories,1,Male,9,20-24 years,493,Ischemic heart disease,108,High body-mass index,1,Number,2016,2.5979546733031436,5.504490174487273,0.8032959304317966
1,All Population,3,YLDs (Years Lived with Disability),44538,Other Union Territories,2,Female,9,20-24 years,493,Ischemic heart disease,108,High body-mass index,1,Number,2016,2.1788009221741924,4.798941657393759,0.6256437453190843
1,All Population,3,YLDs (Years Lived with Disability),4844,Bihar,1,Male,9,20-24 years,493,Ischemic heart disease,108,High body-mass index,1,Number,2018,20.50821847533992,40.848430408402685,4.97790794570996
1,All Population,3,YLDs (Years Lived with Disability),4844,Bihar,2,Female,9,20-24 years,493,Ischemic heart disease,108,High body-mass index,1,Number,2018,24.435633529414602,54.35114148857664,6.780432759505199
1,All Population,3,YLDs (Years Lived with Disability),4873,Uttar Pradesh,1,Male,9,20-24 years,498,Hypertensive heart disease,107,High systolic blood pressure,1,Number,2015,34.17618854512873,57.39921735343063,20.39939776383162
1,All Population,3,YLDs (Years Lived with Disability),4873,Uttar Pradesh,2,Female,9,20-24 years,498,Hypertensive heart disease,107,High systolic blood pressure,1,Number,2015,70.37300501226935,119.69852363686812,40.52649752060969
1,All Population,3,YLDs (Years Lived with Disability),4873,Uttar Pradesh,1,Male,9,20-24 years,498,Hypertensive heart disease,108,High body-mass index,1,Number,2015,8.412760482919397,17.72737434363401,2.8023663620672594
1,All Population,3,YLDs (Years Lived with Disability),4873,Uttar Pradesh,2,Female,9,20-24 years,498,Hypertensive heart disease,108,High body-mass index,1,Number,2015,20.796359683064736,42.17832734247961,7.432593337801486
1,All Population,3,YLDs (Years Lived with Disability),4857,Kerala,1,Male,9,20-24 years,494,Stroke,108,High body-mass index,1,Number,2015,11.653181506987849,39.56036256441946,-7.366480724236256
1,All Population,3,YLDs (Years Lived with Disability),4857,Kerala,2,Female,9,20-24 years,494,Stroke,108,High body-mass index,1,Number,2015,17.926852163496818,48.679971415007486,-4.208988180549618
1,All Population,3,YLDs (Years Lived with Disability),4861,Manipur,1,Male,9,20-24 years,498,Hypertensive heart disease,107,High systolic blood pressure,1,Number,2017,0.40005361463098127,0.6924448110742886,0.23058865570677786
1,All Population,3,YLDs (Years Lived with Disability),4861,Manipur,2,Female,9,20-24 years,498,Hypertensive heart disease,107,High systolic blood pressure,1,Number,2017,1.1300124696728122,1.8297427916646047,0.6697754251811372
1,All Population,3,YLDs (Years Lived with Disability),4861,Manipur,1,Male,9,20-24 years,498,Hypertensive heart disease,108,High body-mass index,1,Number,2017,0.15291536371569764,0.3221585362852837,0.049228759813792995
1,All Population,3,YLDs (Years Lived with Disability),4861,Manipur,2,Female,9,20-24 years,498,Hypertensive heart disease,108,High body-mass index,1,Number,2017,0.4790870146736171,0.928325304466501,0.17776704882450695
1,All Population,3,YLDs (Years Lived with Disability),4846,Chhattisgarh,1,Male,9,20-24 years,498,Hypertensive heart disease,107,High systolic blood pressure,1,Number,2016,4.009087903717271,6.7839215190404,2.3027360939078547
1,All Population,3,YLDs (Years Lived with Disability),4846,Chhattisgarh,2,Female,9,20-24 years,498,Hypertensive heart disease,107,High systolic blood pressure,1,Number,2016,9.00514409348362,15.059138944206826,5.508774856345368
1,All Population,3,YLDs (Years Lived with Disability),4846,Chhattisgarh,1,Male,9,20-24 years,498,Hypertensive heart disease,108,High body-mass index,1,Number,2016,0.816678311802162,1.8654481256442854,0.23368043180996778
1,All Population,3,YLDs (Years Lived with Disability),4846,Chhattisgarh,2,Female,9,20-24 years,498,Hypertensive heart disease,108,High body-mass index,1,Number,2016,2.2398957955199164,4.5602284101251,0.7633195648024618
1,All Population,3,YLDs (Years Lived with Disability),44538,Other Union Territories,1,Male,9,20-24 years,498,Hypertensive heart disease,107,High systolic blood pressure,1,Number,2015,0.4436972651542162,0.7214343731563604,0.2534613553971313
1,All Population,3,YLDs (Years Lived with Disability),44538,Other Union Territories,2,Female,9,20-24 years,498,Hypertensive heart disease,107,High systolic blood pressure,1,Number,2015,1.04253829079499,1.6736114040420507,0.6039266043634264
1,All Population,3,YLDs (Years Lived with Disability),44538,Other Union Territories,1,Male,9,20-24 years,498,Hypertensive heart disease,108,High body-mass index,1,Number,2015,0.20862691996738458,0.38466197743696523,0.08081658406697681
1,All Population,3,YLDs (Years Lived with Disability),44538,Other Union Territories,2,Female,9,20-24 years,498,Hypertensive heart disease,108,High body-mass index,1,Number,2015,0.5031690933491813,0.976757639105885,0.18356994594631282
1,All Population,3,YLDs (Years Lived with Disability),4860,Maharashtra,1,Male,9,20-24 years,494,Stroke,108,High body-mass index,1,Number,2015,8.115048689604768,61.12331065203987,-50.83613007661991
1,All Population,3,YLDs (Years Lived with Disability),4860,Maharashtra,2,Female,9,20-24 years,494,Stroke,108,High body-mass index,1,Number,2015,13.696300903776551,63.45455097981807,-39.31492179369618
1,All Population,3,YLDs (Years Lived with Disability),4854,Jammu & Kashmir and Ladakh,1,Male,9,20-24 years,493,Ischemic heart disease,108,High body-mass index,1,Number,2018,5.783040035491475,11.371971890162214,1.7613482040854338
1,All Population,3,YLDs (Years Lived with Disability),4854,Jammu & Kashmir and Ladakh,2,Female,9,20-24 years,493,Ischemic heart disease,108,High body-mass index,1,Number,2018,9.36290485445134,20.288870441418965,2.7921091718415267
1,All Population,3,YLDs (Years Lived with Disability),4864,Nagaland,1,Male,9,20-24 years,493,Ischemic heart disease,108,High body-mass index,1,Number,2017,0.47446590397971433,1.0542250476314599,0.09275748070027294
1,All Population,3,YLDs (Years Lived with Disability),4864,Nagaland,2,Female,9,20-24 years,493,Ischemic heart disease,108,High body-mass index,1,Number,2017,0.4242056155107857,0.964550514295935,0.0855476324095129
1,All Population,3,YLDs (Years Lived with Disability),4841,Andhra Pradesh,1,Male,9,20-24 years,494,Stroke,108,High body-mass index,1,Number,2016,14.21129153062731,47.6248279010268,-9.697615362865527
1,All Population,3,YLDs (Years Lived with Disability),4841,Andhra Pradesh,2,Female,9,20-24 years,494,Stroke,108,High body-mass index,1,Number,2016,19.53521102835233,64.01438692630768,-5.667715349764939
1,All Population,3,YLDs (Years Lived with Disability),4873,Uttar Pradesh,1,Male,9,20-24 years,494,Stroke,108,High body-mass index,1,Number,2018,2.8712130638540185,82.34295690824626,-119.82506034488446
1,All Population,3,YLDs (Years Lived with Disability),4873,Uttar Pradesh,2,Female,9,20-24 years,494,Stroke,108,High body-mass index,1,Number,2018,48.226726848180405,201.24676879499796,-63.328752713161464
1,All Population,3,YLDs (Years Lived with Disability),4850,Goa,1,Male,9,20-24 years,494,Stroke,108,High body-mass index,1,Number,2018,1.1741932465483687,3.510475138471213,-0.004160974626266889
1,All Population,3,YLDs (Years Lived with Disability),4850,Goa,2,Female,9,20-24 years,494,Stroke,108,High body-mass index,1,Number,2018,0.9178820638162131,2.67607583137269,-0.06293767634903806
1,All Population,3,YLDs (Years Lived with Disability),4842,Arunachal Pradesh,1,Male,9,20-24 years,494,Stroke,108,High body-mass index,1,Number,2018,0.5068630243627914,1.8953083580049168,-0.4574793823708895
1,All Population,3,YLDs (Years Lived with Disability),4842,Arunachal Pradesh,2,Female,9,20-24 years,494,Stroke,108,High body-mass index,1,Number,2018,0.3141495897996842,1.526087002561315,-1.1338245743703077
1,All Population,3,YLDs (Years Lived with Disability),4851,Gujarat,1,Male,9,20-24 years,493,Ischemic heart disease,108,High body-mass index,1,Number,2018,14.713981855160426,30.268527867539838,3.846490509234284
1,All Population,3,YLDs (Years Lived with Disability),4851,Gujarat,2,Female,9,20-24 years,493,Ischemic heart disease,108,High body-mass index,1,Number,2018,24.893568741142694,52.87365265453653,6.920284432651904
1,All Population,3,YLDs (Years Lived with Disability),4857,Kerala,1,Male,9,20-24 years,498,Hypertensive heart disease,108,High body-mass index,1,Number,2017,1.2099860688888984,2.243602894272775,0.49881337503703155
1,All Population,3,YLDs (Years Lived with Disability),4857,Kerala,2,Female,9,20-24 years,498,Hypertensive heart disease,108,High body-mass index,1,Number,2017,5.154232099252696,9.213061313266202,2.1473031014636126
1,All Population,3,YLDs (Years Lived with Disability),4862,Meghalaya,1,Male,9,20-24 years,498,Hypertensive heart disease,107,High systolic blood pressure,1,Number,2015,0.4106735410205268,0.6811031650330348,0.24408700509212433
1,All Population,3,YLDs (Years Lived with Disability),4862,Meghalaya,2,Female,9,20-24 years,498,Hypertensive heart disease,107,High systolic blood pressure,1,Number,2015,1.2832437690609237,2.0542628423328315,0.753719171993542
1,All Population,3,YLDs (Years Lived with Disability),4862,Meghalaya,1,Male,9,20-24 years,498,Hypertensive heart disease,108,High body-mass index,1,Number,2015,0.1427672381111233,0.29614546823377264,0.0470510708911068
1,All Population,3,YLDs (Years Lived with Disability),4862,Meghalaya,2,Female,9,20-24 years,498,Hypertensive heart disease,108,High body-mass index,1,Number,2015,0.39335778462702375,0.8112829922047758,0.13542609346126758
1,All Population,3,YLDs (Years Lived with Disability),4875,West Bengal,1,Male,9,20-24 years,498,Hypertensive heart disease,107,High systolic blood pressure,1,Number,2017,9.511943637481949,15.844216293521827,5.419312669894907
1,All Population,3,YLDs (Years Lived with Disability),4875,West Bengal,2,Female,9,20-24 years,498,Hypertensive heart disease,107,High systolic blood pressure,1,Number,2017,27.27749748895019,45.059022584458134,16.04117644291065
1,All Population,3,YLDs (Years Lived with Disability),4875,West Bengal,1,Male,9,20-24 years,498,Hypertensive heart disease,108,High body-mass index,1,Number,2017,2.6274133583609096,5.838392654343286,0.7835716692570311
1,All Population,3,YLDs (Years Lived with Disability),4875,West Bengal,2,Female,9,20-24 years,498,Hypertensive heart disease,108,High body-mass index,1,Number,2017,10.596591131033774,21.3683723989096,3.5497174078709572
1,All Population,3,YLDs (Years Lived with Disability),4860,Maharashtra,1,Male,9,20-24 years,493,Ischemic heart disease,108,High body-mass index,1,Number,2018,33.657484117941976,67.30554200950303,10.600623469225454
1,All Population,3,YLDs (Years Lived with Disability),4860,Maharashtra,2,Female,9,20-24 years,493,Ischemic heart disease,108,High body-mass index,1,Number,2018,35.778851725016466,79.57727835006935,10.752524280767883
1,All Population,3,YLDs (Years Lived with Disability),4841,Andhra Pradesh,1,Male,9,20-24 years,493,Ischemic heart disease,108,High body-mass index,1,Number,2018,25.028162326592653,49.89863845516121,6.987250607208553
1,All Population,3,YLDs (Years Lived with Disability),4841,Andhra Pradesh,2,Female,9,20-24 years,493,Ischemic heart disease,108,High body-mass index,1,Number,2018,28.289931480887354,61.30668321297976,8.377987041969993
1,All Population,3,YLDs (Years Lived with Disability),4855,Jharkhand,1,Male,9,20-24 years,498,Hypertensive heart disease,107,High systolic blood pressure,1,Number,2015,3.4391050119124613,5.692599714699851,1.9909365928519847
1,All Population,3,YLDs (Years Lived with Disability),4855,Jharkhand,2,Female,9,20-24 years,498,Hypertensive heart disease,107,High systolic blood pressure,1,Number,2015,9.22936303400656,15.55988697733388,5.397876109262476
1,All Population,3,YLDs (Years Lived with Disability),4855,Jharkhand,1,Male,9,20-24 years,498,Hypertensive heart disease,108,High body-mass index,1,Number,2015,0.896898226855497,1.808877111970972,0.29534453707848035
1,All Population,3,YLDs (Years Lived with Disability),4855,Jharkhand,2,Female,9,20-24 years,498,Hypertensive heart disease,108,High body-mass index,1,Number,2015,2.071967348657762,4.343522896700651,0.6594737833160962
1,All Population,3,YLDs (Years Lived with Disability),4868,Rajasthan,1,Male,9,20-24 years,498,Hypertensive heart disease,107,High systolic blood pressure,1,Number,2017,9.364856617899058,16.413639217361908,5.3050346467798555
1,All Population,3,YLDs (Years Lived with Disability),4868,Rajasthan,2,Female,9,20-24 years,498,Hypertensive heart disease,107,High systolic blood pressure,1,Number,2017,23.17987904365869,38.172102063058745,13.356392851404303
1,All Population,3,YLDs (Years Lived with Disability),4868,Rajasthan,1,Male,9,20-24 years,498,Hypertensive heart disease,108,High body-mass index,1,Number,2017,2.5116047630814813,5.759074309148519,0.6793527927801992
1,All Population,3,YLDs (Years Lived with Disability),4868,Rajasthan,2,Female,9,20-24 years,498,Hypertensive heart disease,108,High body-mass index,1,Number,2017,6.62377910135955,14.190288091776335,2.084907544066477
1,All Population,3,YLDs (Years Lived with Disability),4864,Nagaland,1,Male,9,20-24 years,493,Ischemic heart disease,108,High body-mass index,1,Number,2018,0.4601294579256913,1.0209896953609603,0.09837966913875984
1,All Population,3,YLDs (Years Lived with Disability),4864,Nagaland,2,Female,9,20-24 years,493,Ischemic heart disease,108,High body-mass index,1,Number,2018,0.39844797177941665,0.8494660783760055,0.12181355082607444
1,All Population,3,YLDs (Years Lived with Disability),4844,Bihar,1,Male,9,20-24 years,494,Stroke,108,High body-mass index,1,Number,2015,-0.011466626187321976,28.939011530632424,-38.927641015756414
1,All Population,3,YLDs (Years Lived with Disability),4844,Bihar,2,Female,9,20-24 years,494,Stroke,108,High body-mass index,1,Number,2015,2.3140558920051895,36.689632101284545,-42.0805736471418
1,All Population,3,YLDs (Years Lived with Disability),4852,Haryana,1,Male,9,20-24 years,494,Stroke,108,High body-mass index,1,Number,2018,17.11179862305835,50.277770795714225,-4.884868538443059
1,All Population,3,YLDs (Years Lived with Disability),4852,Haryana,2,Female,9,20-24 years,494,Stroke,108,High body-mass index,1,Number,2018,10.863234490821322,34.189257140641786,-2.934212447668889
1,All Population,3,YLDs (Years Lived with Disability),4862,Meghalaya,1,Male,9,20-24 years,494,Stroke,108,High body-mass index,1,Number,2018,0.7371539170662579,3.4073402167033238,-1.0100664393217031
1,All Population,3,YLDs (Years Lived with Disability),4862,Meghalaya,2,Female,9,20-24 years,494,Stroke,108,High body-mass index,1,Number,2018,0.12913463459572339,2.0076227048705984,-2.3101774821436027
1,All Population,3,YLDs (Years Lived with Disability),4860,Maharashtra,1,Male,9,20-24 years,498,Hypertensive heart disease,107,High systolic blood pressure,1,Number,2018,12.719510714575712,21.504124866978024,7.303688852616595
1,All Population,3,YLDs (Years Lived with Disability),4860,Maharashtra,2,Female,9,20-24 years,498,Hypertensive heart disease,107,High systolic blood pressure,1,Number,2018,36.67107944133596,58.68106042900348,22.125439654958008
1,All Population,3,YLDs (Years Lived with Disability),4860,Maharashtra,1,Male,9,20-24 years,498,Hypertensive heart disease,108,High body-mass index,1,Number,2018,4.19933721109329,8.65903967537399,1.4340380930980308
1,All Population,3,YLDs (Years Lived with Disability),4860,Maharashtra,2,Female,9,20-24 years,498,Hypertensive heart disease,108,High body-mass index,1,Number,2018,12.872054288322515,24.706131960322534,4.318122743308619
1,All Population,3,YLDs (Years Lived with Disability),4844,Bihar,1,Male,9,20-24 years,493,Ischemic heart disease,108,High body-mass index,1,Number,2016,18.81520109834513,41.52567976145659,4.353972312570345
1,All Population,3,YLDs (Years Lived with Disability),4844,Bihar,2,Female,9,20-24 years,493,Ischemic heart disease,108,High body-mass index,1,Number,2016,22.474073539796706,54.38125467771558,4.9860545054177114
1,All Population,3,YLDs (Years Lived with Disability),4868,Rajasthan,1,Male,9,20-24 years,494,Stroke,108,High body-mass index,1,Number,2015,2.646017655054208,29.402892852275304,-22.839423542359697
1,All Population,3,YLDs (Years Lived with Disability),4868,Rajasthan,2,Female,9,20-24 years,494,Stroke,108,High body-mass index,1,Number,2015,2.8112406057169976,25.00459321889315,-25.681432725928083
1,All Population,3,YLDs (Years Lived with Disability),4850,Goa,1,Male,9,20-24 years,498,Hypertensive heart disease,107,High systolic blood pressure,1,Number,2017,0.16368425954571758,0.26841055976551115,0.09502457031136521
1,All Population,3,YLDs (Years Lived with Disability),4850,Goa,2,Female,9,20-24 years,498,Hypertensive heart disease,107,High systolic blood pressure,1,Number,2017,0.35879414022218226,0.587226908140082,0.21357833423804268
1,All Population,3,YLDs (Years Lived with Disability),4850,Goa,1,Male,9,20-24 years,498,Hypertensive heart disease,108,High body-mass index,1,Number,2017,0.09643031709501095,0.1831623708989141,0.04254428684393562
1,All Population,3,YLDs (Years Lived with Disability),4850,Goa,2,Female,9,20-24 years,498,Hypertensive heart disease,108,High body-mass index,1,Number,2017,0.20025594457169296,0.3798676080990176,0.07966361797986524
1,All Population,3,YLDs (Years Lived with Disability),4870,Tamil Nadu,1,Male,9,20-24 years,493,Ischemic heart disease,108,High body-mass index,1,Number,2018,30.779882226133854,65.71175156187405,8.40251172904303
1,All Population,3,YLDs (Years Lived with Disability),4870,Tamil Nadu,2,Female,9,20-24 years,493,Ischemic heart disease,108,High body-mass index,1,Number,2018,51.45427092341463,103.30188303905936,14.991099741499964
1,All Population,3,YLDs (Years Lived with Disability),4850,Goa,1,Male,9,20-24 years,494,Stroke,108,High body-mass index,1,Number,2015,1.1765227796456963,3.3661580987973236,-0.1362352840809011
1,All Population,3,YLDs (Years Lived with Disability),4850,Goa,2,Female,9,20-24 years,494,Stroke,108,High body-mass index,1,Number,2015,0.8703378207710045,2.5919382876401142,-0.13918678559560946
1,All Population,3,YLDs (Years Lived with Disability),4871,Telangana,1,Male,9,20-24 years,493,Ischemic heart disease,108,High body-mass index,1,Number,2017,20.44571166414371,39.27854207193503,6.199807808752828
1,All Population,3,YLDs (Years Lived with Disability),4871,Telangana,2,Female,9,20-24 years,493,Ischemic heart disease,108,High body-mass index,1,Number,2017,18.36049036669846,39.101682693631695,5.490903162720979
1,All Population,3,YLDs (Years Lived with Disability),4853,Himachal Pradesh,1,Male,9,20-24 years,494,Stroke,108,High body-mass index,1,Number,2018,1.3105676425943913,5.230543200623439,-1.6540187229747656
1,All Population,3,YLDs (Years Lived with Disability),4853,Himachal Pradesh,2,Female,9,20-24 years,494,Stroke,108,High body-mass index,1,Number,2018,1.6389786486080367,6.0962574031731505,-1.0411381760380012
1,All Population,3,YLDs (Years Lived with Disability),4869,Sikkim,1,Male,9,20-24 years,494,Stroke,108,High body-mass index,1,Number,2017,0.10266339329125126,0.4164939112153012,-0.2444104555849373
1,All Population,3,YLDs (Years Lived with Disability),4869,Sikkim,2,Female,9,20-24 years,494,Stroke,108,High body-mass index,1,Number,2017,0.365450094544339,0.9604953213182463,-0.0965117988031033
1,All Population,3,YLDs (Years Lived with Disability),4871,Telangana,1,Male,9,20-24 years,494,Stroke,108,High body-mass index,1,Number,2017,11.371176136784868,36.23220564146041,-6.060410461108358
1,All Population,3,YLDs (Years Lived with Disability),4871,Telangana,2,Female,9,20-24 years,494,Stroke,108,High body-mass index,1,Number,2017,13.167768255716148,45.29068349218541,-4.810500774179203
1,All Population,3,YLDs (Years Lived with Disability),4875,West Bengal,1,Male,9,20-24 years,493,Ischemic heart disease,108,High body-mass index,1,Number,2016,24.414931013810488,56.72956609179781,6.30833993344945
1,All Population,3,YLDs (Years Lived with Disability),4875,West Bengal,2,Female,9,20-24 years,493,Ischemic heart disease,108,High body-mass index,1,Number,2016,47.4854844265434,103.71767036481151,13.814543980483391
1,All Population,3,YLDs (Years Lived with Disability),4869,Sikkim,1,Male,9,20-24 years,494,Stroke,108,High body-mass index,1,Number,2018,0.11213812512521262,0.46157024217069564,-0.22233501090571026
1,All Population,3,YLDs (Years Lived with Disability),4869,Sikkim,2,Female,9,20-24 years,494,Stroke,108,High body-mass index,1,Number,2018,0.36516718650443364,1.0471272630865873,-0.08066006073571236
1,All Population,3,YLDs (Years Lived with Disability),4875,West Bengal,1,Male,9,20-24 years,494,Stroke,108,High body-mass index,1,Number,2018,5.271804507927151,40.82272476103487,-46.885719202574194
1,All Population,3,YLDs (Years Lived with Disability),4875,West Bengal,2,Female,9,20-24 years,494,Stroke,108,High body-mass index,1,Number,2018,39.114483096178525,131.65451713573302,-32.58508248986047
1,All Population,3,YLDs (Years Lived with Disability),44538,Other Union Territories,1,Male,9,20-24 years,494,Stroke,108,High body-mass index,1,Number,2018,1.7401544977274932,5.930279469196236,-0.5694967781922667
1,All Population,3,YLDs (Years Lived with Disability),44538,Other Union Territories,2,Female,9,20-24 years,494,Stroke,108,High body-mass index,1,Number,2018,2.2294247975905757,6.186688839024116,0.017241233579051326
1,All Population,3,YLDs (Years Lived with Disability),4853,Himachal Pradesh,1,Male,9,20-24 years,493,Ischemic heart disease,108,High body-mass index,1,Number,2016,3.011345272263484,6.17949906342033,0.9511668436069147
1,All Population,3,YLDs (Years Lived with Disability),4853,Himachal Pradesh,2,Female,9,20-24 years,493,Ischemic heart disease,108,High body-mass index,1,Number,2016,2.4802081371702895,5.266885860567693,0.6038970568021143
1,All Population,3,YLDs (Years Lived with Disability),4868,Rajasthan,1,Male,9,20-24 years,494,Stroke,108,High body-mass index,1,Number,2018,6.186989816662787,39.62421046920553,-23.64354688708103
1,All Population,3,YLDs (Years Lived with Disability),4868,Rajasthan,2,Female,9,20-24 years,494,Stroke,108,High body-mass index,1,Number,2018,5.81484636693067,38.840229602273325,-32.29435345381012
1,All Population,3,YLDs (Years Lived with Disability),4872,Tripura,1,Male,9,20-24 years,493,Ischemic heart disease,108,High body-mass index,1,Number,2016,1.0717998164987579,2.3465692032496497,0.2976004753413891
1,All Population,3,YLDs (Years Lived with Disability),4872,Tripura,2,Female,9,20-24 years,493,Ischemic heart disease,108,High body-mass index,1,Number,2016,1.3130453047227006,2.8860269622384447,0.3626249071278589
1,All Population,3,YLDs (Years Lived with Disability),4841,Andhra Pradesh,1,Male,9,20-24 years,494,Stroke,108,High body-mass index,1,Number,2017,14.21532302378775,44.92188885849561,-11.533208766794678
1,All Population,3,YLDs (Years Lived with Disability),4841,Andhra Pradesh,2,Female,9,20-24 years,494,Stroke,108,High body-mass index,1,Number,2017,21.59009837619888,76.11753313734027,-3.1435501919429383
1,All Population,3,YLDs (Years Lived with Disability),4874,Uttarakhand,1,Male,9,20-24 years,493,Ischemic heart disease,108,High body-mass index,1,Number,2017,5.837292208845994,13.158934626563148,1.3320124732084697
1,All Population,3,YLDs (Years Lived with Disability),4874,Uttarakhand,2,Female,9,20-24 years,493,Ischemic heart disease,108,High body-mass index,1,Number,2017,5.101682778179074,10.918718410832863,1.347469488845842
1,All Population,3,YLDs (Years Lived with Disability),4860,Maharashtra,1,Male,9,20-24 years,493,Ischemic heart disease,108,High body-mass index,1,Number,2017,33.291977564133035,64.70137926608798,10.60681989015597
1,All Population,3,YLDs (Years Lived with Disability),4860,Maharashtra,2,Female,9,20-24 years,493,Ischemic heart disease,108,High body-mass index,1,Number,2017,36.51095222317836,79.80622917860576,9.380172118135048
1,All Population,3,YLDs (Years Lived with Disability),44538,Other Union Territories,1,Male,9,20-24 years,498,Hypertensive heart disease,107,High systolic blood pressure,1,Number,2017,0.4395206951319646,0.7527498986056484,0.24916507177720568
1,All Population,3,YLDs (Years Lived with Disability),44538,Other Union Territories,2,Female,9,20-24 years,498,Hypertensive heart disease,107,High systolic blood pressure,1,Number,2017,1.0451995285750415,1.7214346832066736,0.605838495594686
1,All Population,3,YLDs (Years Lived with Disability),44538,Other Union Territories,1,Male,9,20-24 years,498,Hypertensive heart disease,108,High body-mass index,1,Number,2017,0.21284797603979466,0.3981115691263591,0.07851750612741565
1,All Population,3,YLDs (Years Lived with Disability),44538,Other Union Territories,2,Female,9,20-24 years,498,Hypertensive heart disease,108,High body-mass index,1,Number,2017,0.529026989560628,0.9732798822199611,0.20508909173259288
1,All Population,3,YLDs (Years Lived with Disability),4844,Bihar,1,Male,9,20-24 years,498,Hypertensive heart disease,107,High systolic blood pressure,1,Number,2017,12.40258790834839,20.716206878899975,7.223976485692271
1,All Population,3,YLDs (Years Lived with Disability),4844,Bihar,2,Female,9,20-24 years,498,Hypertensive heart disease,107,High systolic blood pressure,1,Number,2017,30.449359487979656,51.49844953691741,17.60044474816142
1,All Population,3,YLDs (Years Lived with Disability),4844,Bihar,1,Male,9,20-24 years,498,Hypertensive heart disease,108,High body-mass index,1,Number,2017,3.386483824485036,7.245924715812196,1.117871013797858
1,All Population,3,YLDs (Years Lived with Disability),4844,Bihar,2,Female,9,20-24 years,498,Hypertensive heart disease,108,High body-mass index,1,Number,2017,8.089815299806896,16.380012900645063,2.7158126619618894
1,All Population,3,YLDs (Years Lived with Disability),4842,Arunachal Pradesh,1,Male,9,20-24 years,498,Hypertensive heart disease,107,High systolic blood pressure,1,Number,2018,0.22390309383377266,0.37809488274991143,0.12577698508368906
1,All Population,3,YLDs (Years Lived with Disability),4842,Arunachal Pradesh,2,Female,9,20-24 years,498,Hypertensive heart disease,107,High systolic blood pressure,1,Number,2018,0.6683905187079366,1.1297793513517809,0.38890123261904713
1,All Population,3,YLDs (Years Lived with Disability),4842,Arunachal Pradesh,1,Male,9,20-24 years,498,Hypertensive heart disease,108,High body-mass index,1,Number,2018,0.09271465266314308,0.19624567960530592,0.03109926436062878
1,All Population,3,YLDs (Years Lived with Disability),4842,Arunachal Pradesh,2,Female,9,20-24 years,498,Hypertensive heart disease,108,High body-mass index,1,Number,2018,0.2919017840653579,0.5609016633678119,0.11003329523684857
1,All Population,3,YLDs (Years Lived with Disability),4868,Rajasthan,1,Male,9,20-24 years,493,Ischemic heart disease,108,High body-mass index,1,Number,2017,23.643866206439657,55.343734360910915,3.9043572052510767
1,All Population,3,YLDs (Years Lived with Disability),4868,Rajasthan,2,Female,9,20-24 years,493,Ischemic heart disease,108,High body-mass index,1,Number,2017,22.308382026524487,44.939809539716,4.997312408343355
1,All Population,3,YLDs (Years Lived with Disability),4853,Himachal Pradesh,1,Male,9,20-24 years,493,Ischemic heart disease,108,High body-mass index,1,Number,2018,2.914026685645569,6.217665931327755,0.9235045580149682
1,All Population,3,YLDs (Years Lived with Disability),4853,Himachal Pradesh,2,Female,9,20-24 years,493,Ischemic heart disease,108,High body-mass index,1,Number,2018,2.3779685570698335,4.870651548013475,0.6720472588633694
1,All Population,3,YLDs (Years Lived with Disability),4870,Tamil Nadu,1,Male,9,20-24 years,498,Hypertensive heart disease,107,High systolic blood pressure,1,Number,2016,6.038384981932038,9.820202815521775,3.4618893227352765
1,All Population,3,YLDs (Years Lived with Disability),4870,Tamil Nadu,2,Female,9,20-24 years,498,Hypertensive heart disease,107,High systolic blood pressure,1,Number,2016,16.484510648103427,27.354122520618887,9.58859661484932
1,All Population,3,YLDs (Years Lived with Disability),4870,Tamil Nadu,1,Male,9,20-24 years,498,Hypertensive heart disease,108,High body-mass index,1,Number,2016,1.905256256700642,3.8288441429267426,0.6860319027260264
1,All Population,3,YLDs (Years Lived with Disability),4870,Tamil Nadu,2,Female,9,20-24 years,498,Hypertensive heart disease,108,High body-mass index,1,Number,2016,7.762640082357054,14.624748989394735,3.2179473629416884
1,All Population,3,YLDs (Years Lived with Disability),4862,Meghalaya,1,Male,9,20-24 years,493,Ischemic heart disease,108,High body-mass index,1,Number,2018,0.9390483694839771,2.564842043210618,0.22260146210922985
1,All Population,3,YLDs (Years Lived with Disability),4862,Meghalaya,2,Female,9,20-24 years,493,Ischemic heart disease,108,High body-mass index,1,Number,2018,0.7457202234764851,1.6969496918447777,0.2029016699359334
1,All Population,3,YLDs (Years Lived with Disability),4841,Andhra Pradesh,1,Male,9,20-24 years,498,Hypertensive heart disease,107,High systolic blood pressure,1,Number,2018,4.610780663104557,7.894982595994795,2.5464870051481765
1,All Population,3,YLDs (Years Lived with Disability),4841,Andhra Pradesh,2,Female,9,20-24 years,498,Hypertensive heart disease,107,High systolic blood pressure,1,Number,2018,14.600583135368572,24.158029115477273,8.31737958216012
1,All Population,3,YLDs (Years Lived with Disability),4841,Andhra Pradesh,1,Male,9,20-24 years,498,Hypertensive heart disease,108,High body-mass index,1,Number,2018,1.7801275548179565,3.758281457536054,0.5638147909061886
1,All Population,3,YLDs (Years Lived with Disability),4841,Andhra Pradesh,2,Female,9,20-24 years,498,Hypertensive heart disease,108,High body-mass index,1,Number,2018,6.38578104127809,11.758369926536869,2.5708803400996105
1,All Population,3,YLDs (Years Lived with Disability),4855,Jharkhand,1,Male,9,20-24 years,493,Ischemic heart disease,108,High body-mass index,1,Number,2017,5.3206041123480965,10.955059622749364,1.5412712210776993
1,All Population,3,YLDs (Years Lived with Disability),4855,Jharkhand,2,Female,9,20-24 years,493,Ischemic heart disease,108,High body-mass index,1,Number,2017,5.386006953634367,11.596226999275586,1.3252061233907975
1,All Population,3,YLDs (Years Lived with Disability),4849,Delhi,1,Male,9,20-24 years,494,Stroke,108,High body-mass index,1,Number,2018,11.484436043936128,38.229286261835576,-3.86808493287293
1,All Population,3,YLDs (Years Lived with Disability),4849,Delhi,2,Female,9,20-24 years,494,Stroke,108,High body-mass index,1,Number,2018,10.992217045216522,36.85529685604433,-4.155107753139891
1,All Population,3,YLDs (Years Lived with Disability),4865,Odisha,1,Male,9,20-24 years,494,Stroke,108,High body-mass index,1,Number,2017,0.427047517936992,14.42106244290544,-19.625007330032922
1,All Population,3,YLDs (Years Lived with Disability),4865,Odisha,2,Female,9,20-24 years,494,Stroke,108,High body-mass index,1,Number,2017,4.182127429395631,24.510799852757707,-18.709784320046104
1,All Population,3,YLDs (Years Lived with Disability),4856,Karnataka,1,Male,9,20-24 years,493,Ischemic heart disease,108,High body-mass index,1,Number,2016,23.135649965892394,52.23474803044584,5.765859261427279
1,All Population,3,YLDs (Years Lived with Disability),4856,Karnataka,2,Female,9,20-24 years,493,Ischemic heart disease,108,High body-mass index,1,Number,2016,33.42660824474993,71.69807827418678,9.578189865144875
1,All Population,3,YLDs (Years Lived with Disability),4865,Odisha,1,Male,9,20-24 years,498,Hypertensive heart disease,107,High systolic blood pressure,1,Number,2015,6.171467910160464,10.169084455111197,3.521476183169339
1,All Population,3,YLDs (Years Lived with Disability),4865,Odisha,2,Female,9,20-24 years,498,Hypertensive heart disease,107,High systolic blood pressure,1,Number,2015,13.232240533309252,22.58313084449636,7.716686508087187
1,All Population,3,YLDs (Years Lived with Disability),4865,Odisha,1,Male,9,20-24 years,498,Hypertensive heart disease,108,High body-mass index,1,Number,2015,1.7409479949176407,3.726463401177873,0.5301261720797172
1,All Population,3,YLDs (Years Lived with Disability),4865,Odisha,2,Female,9,20-24 years,498,Hypertensive heart disease,108,High body-mass index,1,Number,2015,4.098836012994919,8.453777313119687,1.4203772683726905
1,All Population,3,YLDs (Years Lived with Disability),4873,Uttar Pradesh,1,Male,9,20-24 years,493,Ischemic heart disease,108,High body-mass index,1,Number,2018,52.52290620306745,113.84466224647511,14.580081606472925
1,All Population,3,YLDs (Years Lived with Disability),4873,Uttar Pradesh,2,Female,9,20-24 years,493,Ischemic heart disease,108,High body-mass index,1,Number,2018,101.01387470854179,214.2685634782567,32.259854327125
1,All Population,3,YLDs (Years Lived with Disability),4871,Telangana,1,Male,9,20-24 years,494,Stroke,108,High body-mass index,1,Number,2018,11.831006930243793,38.38606386243308,-9.525375670022932
1,All Population,3,YLDs (Years Lived with Disability),4871,Telangana,2,Female,9,20-24 years,494,Stroke,108,High body-mass index,1,Number,2018,14.843999541837713,54.040081395724,-7.6303628829114825
1,All Population,3,YLDs (Years Lived with Disability),4851,Gujarat,1,Male,9,20-24 years,498,Hypertensive heart disease,107,High systolic blood pressure,1,Number,2016,8.21434495925676,13.850109080010375,4.7848429771942085
1,All Population,3,YLDs (Years Lived with Disability),4851,Gujarat,2,Female,9,20-24 years,498,Hypertensive heart disease,107,High systolic blood pressure,1,Number,2016,17.93351917937052,29.372072274625058,10.293345163375687
1,All Population,3,YLDs (Years Lived with Disability),4851,Gujarat,1,Male,9,20-24 years,498,Hypertensive heart disease,108,High body-mass index,1,Number,2016,2.1854520374314674,4.451942869121879,0.7390492868162395
1,All Population,3,YLDs (Years Lived with Disability),4851,Gujarat,2,Female,9,20-24 years,498,Hypertensive heart disease,108,High body-mass index,1,Number,2016,6.504001553720338,13.897714487097764,2.1714523769480105
1,All Population,3,YLDs (Years Lived with Disability),4857,Kerala,1,Male,9,20-24 years,494,Stroke,108,High body-mass index,1,Number,2018,12.5544502186014,36.4839090877174,-3.653451758615437
1,All Population,3,YLDs (Years Lived with Disability),4857,Kerala,2,Female,9,20-24 years,494,Stroke,108,High body-mass index,1,Number,2018,19.780035076845046,60.187996022792866,-2.6701159583425937
1,All Population,3,YLDs (Years Lived with Disability),4841,Andhra Pradesh,1,Male,9,20-24 years,494,Stroke,108,High body-mass index,1,Number,2019,14.954890188467264,48.17411512573381,-8.562389405548423
1,All Population,3,YLDs (Years Lived with Disability),4841,Andhra Pradesh,2,Female,9,20-24 years,494,Stroke,108,High body-mass index,1,Number,2019,26.15456743059858,69.21445276463527,-5.661866209773627
1,All Population,3,YLDs (Years Lived with Disability),4865,Odisha,1,Male,9,20-24 years,498,Hypertensive heart disease,107,High systolic blood pressure,1,Number,2018,6.23013012876203,10.37067157025076,3.6484670402288106
1,All Population,3,YLDs (Years Lived with Disability),4865,Odisha,2,Female,9,20-24 years,498,Hypertensive heart disease,107,High systolic blood pressure,1,Number,2018,13.863514488421426,22.80983228533737,7.948491331710098
1,All Population,3,YLDs (Years Lived with Disability),4865,Odisha,1,Male,9,20-24 years,498,Hypertensive heart disease,108,High body-mass index,1,Number,2018,1.8935173911773144,4.039679472313804,0.5534396604027915
1,All Population,3,YLDs (Years Lived with Disability),4865,Odisha,2,Female,9,20-24 years,498,Hypertensive heart disease,108,High body-mass index,1,Number,2018,4.817646682002581,10.013235728843133,1.6190530951864959
1,All Population,3,YLDs (Years Lived with Disability),4873,Uttar Pradesh,1,Male,9,20-24 years,493,Ischemic heart disease,108,High body-mass index,1,Number,2016,51.08770340071268,116.83445932358492,11.602079974859922
1,All Population,3,YLDs (Years Lived with Disability),4873,Uttar Pradesh,2,Female,9,20-24 years,493,Ischemic heart disease,108,High body-mass index,1,Number,2016,95.96923890749086,209.0034155909296,28.724941401298004
1,All Population,3,YLDs (Years Lived with Disability),4842,Arunachal Pradesh,1,Male,9,20-24 years,493,Ischemic heart disease,108,High body-mass index,1,Number,2017,0.6220881541167811,1.3933935132977595,0.1773305795227729
1,All Population,3,YLDs (Years Lived with Disability),4842,Arunachal Pradesh,2,Female,9,20-24 years,493,Ischemic heart disease,108,High body-mass index,1,Number,2017,0.5901437174281788,1.2537973547184365,0.15899902491917212
1,All Population,3,YLDs (Years Lived with Disability),4869,Sikkim,1,Male,9,20-24 years,494,Stroke,108,High body-mass index,1,Number,2016,0.09423445193805935,0.40923839871756856,-0.30425995299949665
1,All Population,3,YLDs (Years Lived with Disability),4869,Sikkim,2,Female,9,20-24 years,494,Stroke,108,High body-mass index,1,Number,2016,0.3578782660149528,0.9498254925759166,-0.13899050784686529
1,All Population,3,YLDs (Years Lived with Disability),4853,Himachal Pradesh,1,Male,9,20-24 years,494,Stroke,108,High body-mass index,1,Number,2017,1.0805328664437208,5.176003990253842,-2.1409827645583452
1,All Population,3,YLDs (Years Lived with Disability),4853,Himachal Pradesh,2,Female,9,20-24 years,494,Stroke,108,High body-mass index,1,Number,2017,1.4815657249394778,5.751484159927774,-2.006721429931226
1,All Population,3,YLDs (Years Lived with Disability),4841,Andhra Pradesh,1,Male,9,20-24 years,493,Ischemic heart disease,108,High body-mass index,1,Number,2019,24.854776573499485,51.21743572605057,6.554544561472371
1,All Population,3,YLDs (Years Lived with Disability),4841,Andhra Pradesh,2,Female,9,20-24 years,493,Ischemic heart disease,108,High body-mass index,1,Number,2019,28.488878701644843,61.62372309861108,8.963888364294775
1,All Population,3,YLDs (Years Lived with Disability),4865,Odisha,1,Male,9,20-24 years,493,Ischemic heart disease,108,High body-mass index,1,Number,2017,7.905581379409196,20.06978598947347,1.3888729133368234
1,All Population,3,YLDs (Years Lived with Disability),4865,Odisha,2,Female,9,20-24 years,493,Ischemic heart disease,108,High body-mass index,1,Number,2017,10.773903794610767,23.005072055100232,3.2515913779396675
1,All Population,3,YLDs (Years Lived with Disability),4851,Gujarat,1,Male,9,20-24 years,493,Ischemic heart disease,108,High body-mass index,1,Number,2017,15.057407282500527,31.463417334394478,3.971531263045212
1,All Population,3,YLDs (Years Lived with Disability),4851,Gujarat,2,Female,9,20-24 years,493,Ischemic heart disease,108,High body-mass index,1,Number,2017,24.790634565446855,55.219447669546526,7.2738098056084945
1,All Population,3,YLDs (Years Lived with Disability),4863,Mizoram,1,Male,9,20-24 years,494,Stroke,108,High body-mass index,1,Number,2017,0.15108397867721873,0.731241044290103,-0.5024767034424825
1,All Population,3,YLDs (Years Lived with Disability),4863,Mizoram,2,Female,9,20-24 years,494,Stroke,108,High body-mass index,1,Number,2017,0.08500874856353238,0.665690408112005,-0.639077362730259
1,All Population,3,YLDs (Years Lived with Disability),4843,Assam,1,Male,9,20-24 years,494,Stroke,108,High body-mass index,1,Number,2017,3.027743742730462,21.036084145692044,-17.661920596134074
1,All Population,3,YLDs (Years Lived with Disability),4843,Assam,2,Female,9,20-24 years,494,Stroke,108,High body-mass index,1,Number,2017,-0.9972647980938405,13.19457262666406,-21.882515068572015
1,All Population,3,YLDs (Years Lived with Disability),4861,Manipur,1,Male,9,20-24 years,498,Hypertensive heart disease,107,High systolic blood pressure,1,Number,2016,0.3936000760920349,0.6808884340896961,0.22312841389189508
1,All Population,3,YLDs (Years Lived with Disability),4861,Manipur,2,Female,9,20-24 years,498,Hypertensive heart disease,107,High systolic blood pressure,1,Number,2016,1.1089056838201747,1.8208547827201893,0.6620208583708725
1,All Population,3,YLDs (Years Lived with Disability),4861,Manipur,1,Male,9,20-24 years,498,Hypertensive heart disease,108,High body-mass index,1,Number,2016,0.14717061323118336,0.31172538290062524,0.04710829183052286
1,All Population,3,YLDs (Years Lived with Disability),4861,Manipur,2,Female,9,20-24 years,498,Hypertensive heart disease,108,High body-mass index,1,Number,2016,0.45764854622237927,0.8754184095486925,0.16656027699935816
1,All Population,3,YLDs (Years Lived with Disability),4842,Arunachal Pradesh,1,Male,9,20-24 years,498,Hypertensive heart disease,107,High systolic blood pressure,1,Number,2016,0.21347989283104918,0.34215833834137,0.12526335849096454
1,All Population,3,YLDs (Years Lived with Disability),4842,Arunachal Pradesh,2,Female,9,20-24 years,498,Hypertensive heart disease,107,High systolic blood pressure,1,Number,2016,0.6290675648629835,1.0291688129062875,0.3686696039192793
1,All Population,3,YLDs (Years Lived with Disability),4842,Arunachal Pradesh,1,Male,9,20-24 years,498,Hypertensive heart disease,108,High body-mass index,1,Number,2016,0.08479729818599512,0.1741103175975178,0.02835167403757027
1,All Population,3,YLDs (Years Lived with Disability),4842,Arunachal Pradesh,2,Female,9,20-24 years,498,Hypertensive heart disease,108,High body-mass index,1,Number,2016,0.26582254573081177,0.5088815261791834,0.10348164346573041
1,All Population,3,YLDs (Years Lived with Disability),4860,Maharashtra,1,Male,9,20-24 years,494,Stroke,108,High body-mass index,1,Number,2019,10.208839934503095,66.15824008830634,-52.70634594332772
1,All Population,3,YLDs (Years Lived with Disability),4860,Maharashtra,2,Female,9,20-24 years,494,Stroke,108,High body-mass index,1,Number,2019,19.86575172253303,87.09395810682796,-31.556351588593465
1,All Population,3,YLDs (Years Lived with Disability),4860,Maharashtra,1,Male,9,20-24 years,494,Stroke,108,High body-mass index,1,Number,2018,9.609264238786418,58.688186327092296,-41.168541406283914
1,All Population,3,YLDs (Years Lived with Disability),4860,Maharashtra,2,Female,9,20-24 years,494,Stroke,108,High body-mass index,1,Number,2018,18.59139848346012,89.7327738068026,-40.333540915845475
1,All Population,3,YLDs (Years Lived with Disability),4844,Bihar,1,Male,9,20-24 years,493,Ischemic heart disease,108,High body-mass index,1,Number,2019,21.55990834838885,45.23893658368097,5.978877367301397
1,All Population,3,YLDs (Years Lived with Disability),4844,Bihar,2,Female,9,20-24 years,493,Ischemic heart disease,108,High body-mass index,1,Number,2019,25.675766463003413,54.94648856092476,6.486877781569469
1,All Population,3,YLDs (Years Lived with Disability),4864,Nagaland,1,Male,9,20-24 years,494,Stroke,108,High body-mass index,1,Number,2019,0.32809424770533985,1.671265563566597,-0.8981502712332329
1,All Population,3,YLDs (Years Lived with Disability),4864,Nagaland,2,Female,9,20-24 years,494,Stroke,108,High body-mass index,1,Number,2019,-0.013326604743144933,0.6523168829480704,-1.2083792796883805
1,All Population,3,YLDs (Years Lived with Disability),4871,Telangana,1,Male,9,20-24 years,493,Ischemic heart disease,108,High body-mass index,1,Number,2019,21.340869260298227,41.404518673703805,6.2797583655563045
1,All Population,3,YLDs (Years Lived with Disability),4871,Telangana,2,Female,9,20-24 years,493,Ischemic heart disease,108,High body-mass index,1,Number,2019,18.769352210063726,40.461095630491,5.5838976912926235
1,All Population,3,YLDs (Years Lived with Disability),44538,Other Union Territories,1,Male,9,20-24 years,498,Hypertensive heart disease,107,High systolic blood pressure,1,Number,2016,0.44271870114685713,0.7351356697218884,0.2528207744631477
1,All Population,3,YLDs (Years Lived with Disability),44538,Other Union Territories,2,Female,9,20-24 years,498,Hypertensive heart disease,107,High systolic blood pressure,1,Number,2016,1.0447425512733808,1.6944393891742535,0.6013528039831718
1,All Population,3,YLDs (Years Lived with Disability),44538,Other Union Territories,1,Male,9,20-24 years,498,Hypertensive heart disease,108,High body-mass index,1,Number,2016,0.21124745758230234,0.3950394883174299,0.08150272972446505
1,All Population,3,YLDs (Years Lived with Disability),44538,Other Union Territories,2,Female,9,20-24 years,498,Hypertensive heart disease,108,High body-mass index,1,Number,2016,0.5175943814078237,0.9817768029201919,0.1849444779355796
1,All Population,3,YLDs (Years Lived with Disability),4867,Punjab,1,Male,9,20-24 years,494,Stroke,108,High body-mass index,1,Number,2019,32.72437901238637,80.62842772128116,2.4339327384047893
1,All Population,3,YLDs (Years Lived with Disability),4867,Punjab,2,Female,9,20-24 years,494,Stroke,108,High body-mass index,1,Number,2019,11.977081789662567,34.38529930493148,-3.6894097210883627
1,All Population,3,YLDs (Years Lived with Disability),4852,Haryana,1,Male,9,20-24 years,498,Hypertensive heart disease,107,High systolic blood pressure,1,Number,2019,3.7053369293623697,6.31812697581814,2.0006494586293044
1,All Population,3,YLDs (Years Lived with Disability),4852,Haryana,2,Female,9,20-24 years,498,Hypertensive heart disease,107,High systolic blood pressure,1,Number,2019,7.523339017508283,12.295884872638583,4.439340514736726
1,All Population,3,YLDs (Years Lived with Disability),4852,Haryana,1,Male,9,20-24 years,498,Hypertensive heart disease,108,High body-mass index,1,Number,2019,1.8418392018244345,3.594925745828977,0.6900845193466456
1,All Population,3,YLDs (Years Lived with Disability),4852,Haryana,2,Female,9,20-24 years,498,Hypertensive heart disease,108,High body-mass index,1,Number,2019,3.28995616353453,6.114710394973131,1.1624125013367523
1,All Population,3,YLDs (Years Lived with Disability),4870,Tamil Nadu,1,Male,9,20-24 years,494,Stroke,108,High body-mass index,1,Number,2019,11.036308483544428,51.3450232155421,-25.070780663463523
1,All Population,3,YLDs (Years Lived with Disability),4870,Tamil Nadu,2,Female,9,20-24 years,494,Stroke,108,High body-mass index,1,Number,2019,51.55923021283681,152.2603307363129,-7.085149732492328
1,All Population,3,YLDs (Years Lived with Disability),4854,Jammu & Kashmir and Ladakh,1,Male,9,20-24 years,494,Stroke,108,High body-mass index,1,Number,2016,1.7453908695347224,9.125014093349805,-5.614014527133102
1,All Population,3,YLDs (Years Lived with Disability),4854,Jammu & Kashmir and Ladakh,2,Female,9,20-24 years,494,Stroke,108,High body-mass index,1,Number,2016,3.3451015168649705,11.779002286111396,-4.831621944796696
1,All Population,3,YLDs (Years Lived with Disability),4859,Madhya Pradesh,1,Male,9,20-24 years,493,Ischemic heart disease,108,High body-mass index,1,Number,2017,17.7399001301594,42.26629857685729,3.4766702697272067
1,All Population,3,YLDs (Years Lived with Disability),4859,Madhya Pradesh,2,Female,9,20-24 years,493,Ischemic heart disease,108,High body-mass index,1,Number,2017,20.885863702510967,44.499437294804984,5.768179991749559
1,All Population,3,YLDs (Years Lived with Disability),4857,Kerala,1,Male,9,20-24 years,493,Ischemic heart disease,108,High body-mass index,1,Number,2016,20.274292778748826,40.21720450606923,6.692072745546504
1,All Population,3,YLDs (Years Lived with Disability),4857,Kerala,2,Female,9,20-24 years,493,Ischemic heart disease,108,High body-mass index,1,Number,2016,19.99402157371424,41.54934944792993,6.274026155142504
1,All Population,3,YLDs (Years Lived with Disability),4843,Assam,1,Male,9,20-24 years,493,Ischemic heart disease,108,High body-mass index,1,Number,2019,9.02907728117949,19.416708387754607,2.8668384410723307
1,All Population,3,YLDs (Years Lived with Disability),4843,Assam,2,Female,9,20-24 years,493,Ischemic heart disease,108,High body-mass index,1,Number,2019,7.831276042314186,16.578096933667737,2.4781343236194306
1,All Population,3,YLDs (Years Lived with Disability),4863,Mizoram,1,Male,9,20-24 years,498,Hypertensive heart disease,107,High systolic blood pressure,1,Number,2016,0.1681689579484424,0.2835710786166066,0.09789890925351316
1,All Population,3,YLDs (Years Lived with Disability),4863,Mizoram,2,Female,9,20-24 years,498,Hypertensive heart disease,107,High systolic blood pressure,1,Number,2016,0.56763269475399,0.9595606335010297,0.3316244794636237
1,All Population,3,YLDs (Years Lived with Disability),4863,Mizoram,1,Male,9,20-24 years,498,Hypertensive heart disease,108,High body-mass index,1,Number,2016,0.06275236139033026,0.1275909222235215,0.021879900401105455
1,All Population,3,YLDs (Years Lived with Disability),4863,Mizoram,2,Female,9,20-24 years,498,Hypertensive heart disease,108,High body-mass index,1,Number,2016,0.2126510347160633,0.42031283488127125,0.08196554293759434
1,All Population,3,YLDs (Years Lived with Disability),4853,Himachal Pradesh,1,Male,9,20-24 years,493,Ischemic heart disease,108,High body-mass index,1,Number,2017,2.9823726362579546,5.919848823976409,0.9159822008719839
1,All Population,3,YLDs (Years Lived with Disability),4853,Himachal Pradesh,2,Female,9,20-24 years,493,Ischemic heart disease,108,High body-mass index,1,Number,2017,2.421672295809788,5.078937485222662,0.6127027993015995
1,All Population,3,YLDs (Years Lived with Disability),44538,Other Union Territories,1,Male,9,20-24 years,493,Ischemic heart disease,108,High body-mass index,1,Number,2018,2.6469547701185703,5.297658883951458,0.8144573558315088
1,All Population,3,YLDs (Years Lived with Disability),44538,Other Union Territories,2,Female,9,20-24 years,493,Ischemic heart disease,108,High body-mass index,1,Number,2018,2.144668355248277,4.161563281556052,0.6481603433718874
1,All Population,3,YLDs (Years Lived with Disability),4875,West Bengal,1,Male,9,20-24 years,498,Hypertensive heart disease,107,High systolic blood pressure,1,Number,2016,9.613834290720327,15.981005589257798,5.451346552648469
1,All Population,3,YLDs (Years Lived with Disability),4875,West Bengal,2,Female,9,20-24 years,498,Hypertensive heart disease,107,High systolic blood pressure,1,Number,2016,27.10891096622727,44.79375669990797,15.636450478896784
1,All Population,3,YLDs (Years Lived with Disability),4875,West Bengal,1,Male,9,20-24 years,498,Hypertensive heart disease,108,High body-mass index,1,Number,2016,2.5992776322786924,5.67073373258714,0.7980542820316507
1,All Population,3,YLDs (Years Lived with Disability),4875,West Bengal,2,Female,9,20-24 years,498,Hypertensive heart disease,108,High body-mass index,1,Number,2016,10.26656456918075,20.090425665338877,3.3494399439504434
1,All Population,3,YLDs (Years Lived with Disability),4857,Kerala,1,Male,9,20-24 years,494,Stroke,108,High body-mass index,1,Number,2019,12.816203032965541,44.24515943538259,-4.356484797874349
1,All Population,3,YLDs (Years Lived with Disability),4857,Kerala,2,Female,9,20-24 years,494,Stroke,108,High body-mass index,1,Number,2019,20.610848968692867,61.60418008789334,-3.0827457840809673
1,All Population,3,YLDs (Years Lived with Disability),4873,Uttar Pradesh,1,Male,9,20-24 years,494,Stroke,108,High body-mass index,1,Number,2019,3.8798112231397854,93.12440568393438,-122.00865377266761
1,All Population,3,YLDs (Years Lived with Disability),4873,Uttar Pradesh,2,Female,9,20-24 years,494,Stroke,108,High body-mass index,1,Number,2019,52.81932425568101,205.53697773005737,-75.19178587301269
1,All Population,3,YLDs (Years Lived with Disability),4864,Nagaland,1,Male,9,20-24 years,493,Ischemic heart disease,108,High body-mass index,1,Number,2016,0.4843904781980433,1.0623777498490763,0.09970280418783856
1,All Population,3,YLDs (Years Lived with Disability),4864,Nagaland,2,Female,9,20-24 years,493,Ischemic heart disease,108,High body-mass index,1,Number,2016,0.4419213218584411,1.0199925167337687,0.11076921582044139
1,All Population,3,YLDs (Years Lived with Disability),4859,Madhya Pradesh,1,Male,9,20-24 years,498,Hypertensive heart disease,107,High systolic blood pressure,1,Number,2016,8.146732543911675,13.51508762943805,4.5738897258710605
1,All Population,3,YLDs (Years Lived with Disability),4859,Madhya Pradesh,2,Female,9,20-24 years,498,Hypertensive heart disease,107,High systolic blood pressure,1,Number,2016,26.971650756276212,44.91762131550818,16.369068638667958
1,All Population,3,YLDs (Years Lived with Disability),4859,Madhya Pradesh,1,Male,9,20-24 years,498,Hypertensive heart disease,108,High body-mass index,1,Number,2016,1.7411315171725774,3.947731509471704,0.4650492075848305
1,All Population,3,YLDs (Years Lived with Disability),4859,Madhya Pradesh,2,Female,9,20-24 years,498,Hypertensive heart disease,108,High body-mass index,1,Number,2016,6.411884500042822,12.380368384157023,2.137923203830726
1,All Population,3,YLDs (Years Lived with Disability),4874,Uttarakhand,1,Male,9,20-24 years,494,Stroke,108,High body-mass index,1,Number,2015,1.7809684907892784,8.7664718883561,-5.69852466032631
1,All Population,3,YLDs (Years Lived with Disability),4874,Uttarakhand,2,Female,9,20-24 years,494,Stroke,108,High body-mass index,1,Number,2015,1.591329819951806,9.854599150452632,-6.364618069594211
1,All Population,3,YLDs (Years Lived with Disability),4846,Chhattisgarh,1,Male,9,20-24 years,493,Ischemic heart disease,108,High body-mass index,1,Number,2018,5.5181477690321845,13.03623633049845,1.0052952421719294
1,All Population,3,YLDs (Years Lived with Disability),4846,Chhattisgarh,2,Female,9,20-24 years,493,Ischemic heart disease,108,High body-mass index,1,Number,2018,6.916395253535757,14.981271698177405,2.0623225882900686
1,All Population,3,YLDs (Years Lived with Disability),4862,Meghalaya,1,Male,9,20-24 years,493,Ischemic heart disease,108,High body-mass index,1,Number,2017,0.9175527734092659,2.2525987548943,0.21267242356354335
1,All Population,3,YLDs (Years Lived with Disability),4862,Meghalaya,2,Female,9,20-24 years,493,Ischemic heart disease,108,High body-mass index,1,Number,2017,0.7536261696439187,1.6902788187132638,0.20452083328240445
1,All Population,3,YLDs (Years Lived with Disability),4844,Bihar,1,Male,9,20-24 years,494,Stroke,108,High body-mass index,1,Number,2018,0.48492010641297845,41.45850199720487,-51.568140476113584
1,All Population,3,YLDs (Years Lived with Disability),4844,Bihar,2,Female,9,20-24 years,494,Stroke,108,High body-mass index,1,Number,2018,6.5281454111939565,46.000728689637576,-47.795397726133736
1,All Population,3,YLDs (Years Lived with Disability),4856,Karnataka,1,Male,9,20-24 years,498,Hypertensive heart disease,107,High systolic blood pressure,1,Number,2016,7.033796190734459,11.673336017624827,4.031249429978847
1,All Population,3,YLDs (Years Lived with Disability),4856,Karnataka,2,Female,9,20-24 years,498,Hypertensive heart disease,107,High systolic blood pressure,1,Number,2016,16.165462006837565,26.814094306910718,9.360169698908878
1,All Population,3,YLDs (Years Lived with Disability),4856,Karnataka,1,Male,9,20-24 years,498,Hypertensive heart disease,108,High body-mass index,1,Number,2016,2.2062802948660547,4.470033362672948,0.6823422985858417
1,All Population,3,YLDs (Years Lived with Disability),4856,Karnataka,2,Female,9,20-24 years,498,Hypertensive heart disease,108,High body-mass index,1,Number,2016,6.271664069823603,11.592559677317462,2.238493715781622
1,All Population,3,YLDs (Years Lived with Disability),4862,Meghalaya,1,Male,9,20-24 years,494,Stroke,108,High body-mass index,1,Number,2017,0.6951570606563741,2.8439895052314688,-1.0683259685082391
1,All Population,3,YLDs (Years Lived with Disability),4862,Meghalaya,2,Female,9,20-24 years,494,Stroke,108,High body-mass index,1,Number,2017,0.09448221304136553,2.006231188965583,-2.137345013548897
1,All Population,3,YLDs (Years Lived with Disability),4850,Goa,1,Male,9,20-24 years,498,Hypertensive heart disease,107,High systolic blood pressure,1,Number,2018,0.15982325307492307,0.2680408840831618,0.0916097423922871
1,All Population,3,YLDs (Years Lived with Disability),4850,Goa,2,Female,9,20-24 years,498,Hypertensive heart disease,107,High systolic blood pressure,1,Number,2018,0.35326162272758943,0.578326217244276,0.20847255519459648
1,All Population,3,YLDs (Years Lived with Disability),4850,Goa,1,Male,9,20-24 years,498,Hypertensive heart disease,108,High body-mass index,1,Number,2018,0.09502418987659215,0.1738967553888556,0.041220036442962196
1,All Population,3,YLDs (Years Lived with Disability),4850,Goa,2,Female,9,20-24 years,498,Hypertensive heart disease,108,High body-mass index,1,Number,2018,0.1993144794642693,0.37498921267067514,0.07855961902338732
1,All Population,3,YLDs (Years Lived with Disability),44538,Other Union Territories,1,Male,9,20-24 years,493,Ischemic heart disease,108,High body-mass index,1,Number,2017,2.6446576551190684,5.242236596981884,0.8186505708670799
1,All Population,3,YLDs (Years Lived with Disability),44538,Other Union Territories,2,Female,9,20-24 years,493,Ischemic heart disease,108,High body-mass index,1,Number,2017,2.143929832315774,4.324169136879749,0.696781450832344
1,All Population,3,YLDs (Years Lived with Disability),4841,Andhra Pradesh,1,Male,9,20-24 years,493,Ischemic heart disease,108,High body-mass index,1,Number,2017,25.26556097686667,55.703637525581314,6.377392319292592
1,All Population,3,YLDs (Years Lived with Disability),4841,Andhra Pradesh,2,Female,9,20-24 years,493,Ischemic heart disease,108,High body-mass index,1,Number,2017,27.48121655285272,58.72531963628849,8.689123312305258
1,All Population,3,YLDs (Years Lived with Disability),4868,Rajasthan,1,Male,9,20-24 years,498,Hypertensive heart disease,107,High systolic blood pressure,1,Number,2018,9.56843044674039,16.61608682794459,5.273370254566319
1,All Population,3,YLDs (Years Lived with Disability),4868,Rajasthan,2,Female,9,20-24 years,498,Hypertensive heart disease,107,High systolic blood pressure,1,Number,2018,23.72865854254477,39.843171022730715,13.55167952360521
1,All Population,3,YLDs (Years Lived with Disability),4868,Rajasthan,1,Male,9,20-24 years,498,Hypertensive heart disease,108,High body-mass index,1,Number,2018,2.6584044330003853,6.031194373840218,0.6823301612245904
1,All Population,3,YLDs (Years Lived with Disability),4868,Rajasthan,2,Female,9,20-24 years,498,Hypertensive heart disease,108,High body-mass index,1,Number,2018,6.925045489845706,14.624624923784781,2.1171985658094092
1,All Population,3,YLDs (Years Lived with Disability),4843,Assam,1,Male,9,20-24 years,493,Ischemic heart disease,108,High body-mass index,1,Number,2018,9.049633228220392,18.935631453355114,2.793811477262331
1,All Population,3,YLDs (Years Lived with Disability),4843,Assam,2,Female,9,20-24 years,493,Ischemic heart disease,108,High body-mass index,1,Number,2018,7.7693702583864015,15.818516883763762,2.1551736105084394
1,All Population,3,YLDs (Years Lived with Disability),4861,Manipur,1,Male,9,20-24 years,493,Ischemic heart disease,108,High body-mass index,1,Number,2019,1.0194965750531642,2.4786179965709914,0.23432398510432667
1,All Population,3,YLDs (Years Lived with Disability),4861,Manipur,2,Female,9,20-24 years,493,Ischemic heart disease,108,High body-mass index,1,Number,2019,1.3507264951577593,3.0062296941153828,0.37630837281951746
1,All Population,3,YLDs (Years Lived with Disability),4857,Kerala,1,Male,9,20-24 years,493,Ischemic heart disease,108,High body-mass index,1,Number,2019,18.26753097072192,36.68145807323793,5.900901047236454
1,All Population,3,YLDs (Years Lived with Disability),4857,Kerala,2,Female,9,20-24 years,493,Ischemic heart disease,108,High body-mass index,1,Number,2019,19.04281511020599,39.09689438537363,5.933058319344567
1,All Population,3,YLDs (Years Lived with Disability),4855,Jharkhand,1,Male,9,20-24 years,498,Hypertensive heart disease,107,High systolic blood pressure,1,Number,2018,3.6687795514951036,6.181848403773289,2.1184261009068677
1,All Population,3,YLDs (Years Lived with Disability),4855,Jharkhand,2,Female,9,20-24 years,498,Hypertensive heart disease,107,High systolic blood pressure,1,Number,2018,10.253793776161524,16.676027033169763,6.037705867147016
1,All Population,3,YLDs (Years Lived with Disability),4855,Jharkhand,1,Male,9,20-24 years,498,Hypertensive heart disease,108,High body-mass index,1,Number,2018,1.0000752388919476,2.070428760052604,0.38253786776961085
1,All Population,3,YLDs (Years Lived with Disability),4855,Jharkhand,2,Female,9,20-24 years,498,Hypertensive heart disease,108,High body-mass index,1,Number,2018,2.4981491240336435,5.109604010725016,0.8107697686991534
1,All Population,3,YLDs (Years Lived with Disability),4859,Madhya Pradesh,1,Male,9,20-24 years,493,Ischemic heart disease,108,High body-mass index,1,Number,2019,19.941912208490358,43.05017746935652,4.695214272148597
1,All Population,3,YLDs (Years Lived with Disability),4859,Madhya Pradesh,2,Female,9,20-24 years,493,Ischemic heart disease,108,High body-mass index,1,Number,2019,23.734568592707276,52.499362063221696,5.861977202303845
1,All Population,3,YLDs (Years Lived with Disability),4855,Jharkhand,1,Male,9,20-24 years,494,Stroke,108,High body-mass index,1,Number,2017,1.2762983727537727,12.214716806344985,-10.808692227233541
1,All Population,3,YLDs (Years Lived with Disability),4855,Jharkhand,2,Female,9,20-24 years,494,Stroke,108,High body-mass index,1,Number,2017,-0.35430258458885927,10.369039478093596,-16.717031011359744
1,All Population,3,YLDs (Years Lived with Disability),4872,Tripura,1,Male,9,20-24 years,494,Stroke,108,High body-mass index,1,Number,2017,0.11353267240142148,1.5422900682387513,-2.2352015669888172
1,All Population,3,YLDs (Years Lived with Disability),4872,Tripura,2,Female,9,20-24 years,494,Stroke,108,High body-mass index,1,Number,2017,0.39367220983425877,2.7063393833500573,-2.479466221460085
1,All Population,3,YLDs (Years Lived with Disability),4864,Nagaland,1,Male,9,20-24 years,493,Ischemic heart disease,108,High body-mass index,1,Number,2019,0.4642866318383997,1.1299290311126138,0.10211065453736078
1,All Population,3,YLDs (Years Lived with Disability),4864,Nagaland,2,Female,9,20-24 years,493,Ischemic heart disease,108,High body-mass index,1,Number,2019,0.3843876995845712,0.838782847633045,0.08665446119647505
1,All Population,3,YLDs (Years Lived with Disability),4857,Kerala,1,Male,9,20-24 years,498,Hypertensive heart disease,107,High systolic blood pressure,1,Number,2015,2.615878100080791,4.189503019128624,1.5057189873656474
1,All Population,3,YLDs (Years Lived with Disability),4857,Kerala,2,Female,9,20-24 years,498,Hypertensive heart disease,107,High systolic blood pressure,1,Number,2015,9.71304501772751,15.976028578633121,5.577578858331902
1,All Population,3,YLDs (Years Lived with Disability),4873,Uttar Pradesh,1,Male,9,20-24 years,498,Hypertensive heart disease,107,High systolic blood pressure,1,Number,2018,37.33733021280269,63.16801081176885,21.602179326868693
1,All Population,3,YLDs (Years Lived with Disability),4873,Uttar Pradesh,2,Female,9,20-24 years,498,Hypertensive heart disease,107,High systolic blood pressure,1,Number,2018,79.32260723105034,130.7184503078323,45.99399150020698
1,All Population,3,YLDs (Years Lived with Disability),4873,Uttar Pradesh,1,Male,9,20-24 years,498,Hypertensive heart disease,108,High body-mass index,1,Number,2018,9.785342786975368,20.12135387023998,3.402913054381492
1,All Population,3,YLDs (Years Lived with Disability),4873,Uttar Pradesh,2,Female,9,20-24 years,498,Hypertensive heart disease,108,High body-mass index,1,Number,2018,25.575040609980974,50.730204766234934,9.189026188854829
1,All Population,3,YLDs (Years Lived with Disability),4872,Tripura,1,Male,9,20-24 years,494,Stroke,108,High body-mass index,1,Number,2018,0.1162798804901469,1.4268845146033045,-1.9259979003743726
1,All Population,3,YLDs (Years Lived with Disability),4872,Tripura,2,Female,9,20-24 years,494,Stroke,108,High body-mass index,1,Number,2018,0.4631879357280983,2.952952745962324,-2.4659270029384492
1,All Population,3,YLDs (Years Lived with Disability),4872,Tripura,1,Male,9,20-24 years,498,Hypertensive heart disease,107,High systolic blood pressure,1,Number,2016,0.40969646075045085,0.7054825163802368,0.23475157950745604
1,All Population,3,YLDs (Years Lived with Disability),4872,Tripura,2,Female,9,20-24 years,498,Hypertensive heart disease,107,High systolic blood pressure,1,Number,2016,1.2475795140170112,2.0786448395910107,0.7254112851336949
1,All Population,3,YLDs (Years Lived with Disability),4872,Tripura,1,Male,9,20-24 years,498,Hypertensive heart disease,108,High body-mass index,1,Number,2016,0.1184476070114012,0.2521790365101815,0.041202112419157694
1,All Population,3,YLDs (Years Lived with Disability),4872,Tripura,2,Female,9,20-24 years,498,Hypertensive heart disease,108,High body-mass index,1,Number,2016,0.4378499967355471,0.8863937150248687,0.1556695233989224
1,All Population,3,YLDs (Years Lived with Disability),4844,Bihar,1,Male,9,20-24 years,498,Hypertensive heart disease,107,High systolic blood pressure,1,Number,2015,11.520530668692668,19.73487529985698,6.664794182516207
1,All Population,3,YLDs (Years Lived with Disability),4844,Bihar,2,Female,9,20-24 years,498,Hypertensive heart disease,107,High systolic blood pressure,1,Number,2015,27.554133728492726,45.88095736639739,16.039086546469072
1,All Population,3,YLDs (Years Lived with Disability),4844,Bihar,1,Male,9,20-24 years,498,Hypertensive heart disease,108,High body-mass index,1,Number,2015,3.015734887735141,6.228146198137786,1.0054733825767244
1,All Population,3,YLDs (Years Lived with Disability),4844,Bihar,2,Female,9,20-24 years,498,Hypertensive heart disease,108,High body-mass index,1,Number,2015,6.89798850053807,14.203781597572231,2.252642229002346
1,All Population,3,YLDs (Years Lived with Disability),4874,Uttarakhand,1,Male,9,20-24 years,498,Hypertensive heart disease,107,High systolic blood pressure,1,Number,2016,1.3552738917580403,2.2410411185760597,0.7855866565552712
1,All Population,3,YLDs (Years Lived with Disability),4874,Uttarakhand,2,Female,9,20-24 years,498,Hypertensive heart disease,107,High systolic blood pressure,1,Number,2016,3.43358907554914,5.774275892098034,2.0007979625739525
1,All Population,3,YLDs (Years Lived with Disability),4874,Uttarakhand,1,Male,9,20-24 years,498,Hypertensive heart disease,108,High body-mass index,1,Number,2016,0.47250634928791385,1.0075975329552744,0.14747071790999058
1,All Population,3,YLDs (Years Lived with Disability),4874,Uttarakhand,2,Female,9,20-24 years,498,Hypertensive heart disease,108,High body-mass index,1,Number,2016,1.247202149241649,2.389335847234009,0.43224840546640836
1,All Population,3,YLDs (Years Lived with Disability),4874,Uttarakhand,1,Male,9,20-24 years,494,Stroke,108,High body-mass index,1,Number,2017,2.1745887469102967,9.770580578386689,-5.056012524829413
1,All Population,3,YLDs (Years Lived with Disability),4874,Uttarakhand,2,Female,9,20-24 years,494,Stroke,108,High body-mass index,1,Number,2017,2.3089404185376576,10.902250404316012,-5.569698951861945
1,All Population,3,YLDs (Years Lived with Disability),4843,Assam,1,Male,9,20-24 years,498,Hypertensive heart disease,107,High systolic blood pressure,1,Number,2016,5.471200419142592,8.904704607514047,3.0976491481668025
1,All Population,3,YLDs (Years Lived with Disability),4843,Assam,2,Female,9,20-24 years,498,Hypertensive heart disease,107,High systolic blood pressure,1,Number,2016,11.2426153467278,18.564140674801834,6.496205702863977
1,All Population,3,YLDs (Years Lived with Disability),4843,Assam,1,Male,9,20-24 years,498,Hypertensive heart disease,108,High body-mass index,1,Number,2016,1.883377396544799,3.7386196816264663,0.6910793992762668
1,All Population,3,YLDs (Years Lived with Disability),4843,Assam,2,Female,9,20-24 years,498,Hypertensive heart disease,108,High body-mass index,1,Number,2016,3.4054452410465403,6.652751078937719,1.2211126992491264
1,All Population,3,YLDs (Years Lived with Disability),4863,Mizoram,1,Male,9,20-24 years,494,Stroke,108,High body-mass index,1,Number,2015,0.10708003991488023,0.601601379225281,-0.6055996673017873
1,All Population,3,YLDs (Years Lived with Disability),4863,Mizoram,2,Female,9,20-24 years,494,Stroke,108,High body-mass index,1,Number,2015,0.02806903561619204,0.5653969765266881,-0.7734900450434822
1,All Population,3,YLDs (Years Lived with Disability),4874,Uttarakhand,1,Male,9,20-24 years,493,Ischemic heart disease,108,High body-mass index,1,Number,2019,6.390653700495427,15.780158282724955,1.8751880211261005
1,All Population,3,YLDs (Years Lived with Disability),4874,Uttarakhand,2,Female,9,20-24 years,493,Ischemic heart disease,108,High body-mass index,1,Number,2019,5.1417517078244055,10.726519585852321,1.5334560537996895
1,All Population,3,YLDs (Years Lived with Disability),4854,Jammu & Kashmir and Ladakh,1,Male,9,20-24 years,494,Stroke,108,High body-mass index,1,Number,2019,2.5238973088996937,10.115563584636337,-4.8008855497847716
1,All Population,3,YLDs (Years Lived with Disability),4854,Jammu & Kashmir and Ladakh,2,Female,9,20-24 years,494,Stroke,108,High body-mass index,1,Number,2019,4.558322311834312,15.510145190420534,-3.6258253838943033
1,All Population,3,YLDs (Years Lived with Disability),4870,Tamil Nadu,1,Male,9,20-24 years,493,Ischemic heart disease,108,High body-mass index,1,Number,2019,30.312842326511536,61.982897396295556,8.16116518145653
1,All Population,3,YLDs (Years Lived with Disability),4870,Tamil Nadu,2,Female,9,20-24 years,493,Ischemic heart disease,108,High body-mass index,1,Number,2019,52.631406101312734,108.98355345954718,16.55786721021467
1,All Population,3,YLDs (Years Lived with Disability),4871,Telangana,1,Male,9,20-24 years,493,Ischemic heart disease,108,High body-mass index,1,Number,2018,20.977209211089708,45.44619539621928,6.426569841986899
1,All Population,3,YLDs (Years Lived with Disability),4871,Telangana,2,Female,9,20-24 years,493,Ischemic heart disease,108,High body-mass index,1,Number,2018,18.503661754428286,38.027242754051315,5.407387212630479
1,All Population,3,YLDs (Years Lived with Disability),4865,Odisha,1,Male,9,20-24 years,494,Stroke,108,High body-mass index,1,Number,2016,-0.26709306940628513,15.173282690314087,-18.94898323506989
1,All Population,3,YLDs (Years Lived with Disability),4865,Odisha,2,Female,9,20-24 years,494,Stroke,108,High body-mass index,1,Number,2016,3.041983409029745,21.673696366910924,-18.057553807656856
1,All Population,3,YLDs (Years Lived with Disability),4849,Delhi,1,Male,9,20-24 years,498,Hypertensive heart disease,107,High systolic blood pressure,1,Number,2017,2.586131785091479,4.334479441558197,1.4754205366015205
1,All Population,3,YLDs (Years Lived with Disability),4849,Delhi,2,Female,9,20-24 years,498,Hypertensive heart disease,107,High systolic blood pressure,1,Number,2017,5.79017014440366,9.460920474025913,3.3881766322044293
1,All Population,3,YLDs (Years Lived with Disability),4849,Delhi,1,Male,9,20-24 years,498,Hypertensive heart disease,108,High body-mass index,1,Number,2017,1.331438595529234,2.549708422008387,0.4864856335640326
1,All Population,3,YLDs (Years Lived with Disability),4849,Delhi,2,Female,9,20-24 years,498,Hypertensive heart disease,108,High body-mass index,1,Number,2017,2.767334163679097,5.0717042197052,1.1217223205751223
1,All Population,3,YLDs (Years Lived with Disability),4875,West Bengal,1,Male,9,20-24 years,494,Stroke,108,High body-mass index,1,Number,2019,6.645893567799666,44.063384823808974,-43.724190702708356
1,All Population,3,YLDs (Years Lived with Disability),4875,West Bengal,2,Female,9,20-24 years,494,Stroke,108,High body-mass index,1,Number,2019,42.77173419234607,143.84417084136874,-17.73011549697238
1,All Population,3,YLDs (Years Lived with Disability),4875,West Bengal,1,Male,9,20-24 years,498,Hypertensive heart disease,107,High systolic blood pressure,1,Number,2018,9.382206192034912,15.73109505530608,5.358725212883215
1,All Population,3,YLDs (Years Lived with Disability),4875,West Bengal,2,Female,9,20-24 years,498,Hypertensive heart disease,107,High systolic blood pressure,1,Number,2018,27.34493456659831,45.81724954295568,15.778478886060672
1,All Population,3,YLDs (Years Lived with Disability),4875,West Bengal,1,Male,9,20-24 years,498,Hypertensive heart disease,108,High body-mass index,1,Number,2018,2.6375234140989545,6.009222988037656,0.8046519273780222
1,All Population,3,YLDs (Years Lived with Disability),4875,West Bengal,2,Female,9,20-24 years,498,Hypertensive heart disease,108,High body-mass index,1,Number,2018,10.988646914709237,22.09582073181629,3.5097365348848455
1,All Population,3,YLDs (Years Lived with Disability),4856,Karnataka,1,Male,9,20-24 years,494,Stroke,108,High body-mass index,1,Number,2018,6.176948919766904,30.27547297088141,-19.89766491581792
1,All Population,3,YLDs (Years Lived with Disability),4856,Karnataka,2,Female,9,20-24 years,494,Stroke,108,High body-mass index,1,Number,2018,20.20323097384022,64.74052622184861,-9.097960241392576
1,All Population,3,YLDs (Years Lived with Disability),4862,Meghalaya,1,Male,9,20-24 years,493,Ischemic heart disease,108,High body-mass index,1,Number,2019,0.9103973688754333,2.2741125221641876,0.19155504790390093
1,All Population,3,YLDs (Years Lived with Disability),4862,Meghalaya,2,Female,9,20-24 years,493,Ischemic heart disease,108,High body-mass index,1,Number,2019,0.722000358652841,1.638762403524811,0.1724875219956338
1,All Population,3,YLDs (Years Lived with Disability),4852,Haryana,1,Male,9,20-24 years,493,Ischemic heart disease,108,High body-mass index,1,Number,2018,19.803004028355396,38.38467632192328,6.233715799151785
1,All Population,3,YLDs (Years Lived with Disability),4852,Haryana,2,Female,9,20-24 years,493,Ischemic heart disease,108,High body-mass index,1,Number,2018,12.941982192207293,26.67807922185387,4.199154492346349
1,All Population,3,YLDs (Years Lived with Disability),4856,Karnataka,1,Male,9,20-24 years,494,Stroke,108,High body-mass index,1,Number,2019,6.491958984188284,30.585407279982206,-25.385527105509876
1,All Population,3,YLDs (Years Lived with Disability),4856,Karnataka,2,Female,9,20-24 years,494,Stroke,108,High body-mass index,1,Number,2019,23.015099353667505,81.0316272490247,-6.118910327057144
1,All Population,3,YLDs (Years Lived with Disability),4850,Goa,1,Male,9,20-24 years,498,Hypertensive heart disease,107,High systolic blood pressure,1,Number,2015,0.1704572413381785,0.2702861544797867,0.09914192612311809
1,All Population,3,YLDs (Years Lived with Disability),4850,Goa,2,Female,9,20-24 years,498,Hypertensive heart disease,107,High systolic blood pressure,1,Number,2015,0.36911071203805595,0.6172514125552517,0.2127753289153369
1,All Population,3,YLDs (Years Lived with Disability),4850,Goa,1,Male,9,20-24 years,498,Hypertensive heart disease,108,High body-mass index,1,Number,2015,0.0990418699870291,0.18652049563791756,0.04348148529364956
1,All Population,3,YLDs (Years Lived with Disability),4850,Goa,2,Female,9,20-24 years,498,Hypertensive heart disease,108,High body-mass index,1,Number,2015,0.20035980311279267,0.37931654477687315,0.07814073921373549
1,All Population,3,YLDs (Years Lived with Disability),4849,Delhi,1,Male,9,20-24 years,494,Stroke,108,High body-mass index,1,Number,2019,12.067524570413742,37.889611307194144,-2.9078389695107187
1,All Population,3,YLDs (Years Lived with Disability),4849,Delhi,2,Female,9,20-24 years,494,Stroke,108,High body-mass index,1,Number,2019,11.161901908949703,33.84542437837706,-2.6842342630994143
1,All Population,3,YLDs (Years Lived with Disability),4854,Jammu & Kashmir and Ladakh,1,Male,9,20-24 years,493,Ischemic heart disease,108,High body-mass index,1,Number,2019,6.019339892159158,11.687110328988638,1.9902111739408697
1,All Population,3,YLDs (Years Lived with Disability),4854,Jammu & Kashmir and Ladakh,2,Female,9,20-24 years,493,Ischemic heart disease,108,High body-mass index,1,Number,2019,9.416034192458447,19.552372979181175,3.041337029473482
1,All Population,3,YLDs (Years Lived with Disability),44538,Other Union Territories,1,Male,9,20-24 years,498,Hypertensive heart disease,107,High systolic blood pressure,1,Number,2018,0.4342380866065998,0.75843937753862,0.23958933027463347
1,All Population,3,YLDs (Years Lived with Disability),44538,Other Union Territories,2,Female,9,20-24 years,498,Hypertensive heart disease,107,High systolic blood pressure,1,Number,2018,1.0430606042475452,1.759926739224354,0.6018154824362644
1,All Population,3,YLDs (Years Lived with Disability),44538,Other Union Territories,1,Male,9,20-24 years,498,Hypertensive heart disease,108,High body-mass index,1,Number,2018,0.21257045033800956,0.39744995471643685,0.08495413465548343
1,All Population,3,YLDs (Years Lived with Disability),44538,Other Union Territories,2,Female,9,20-24 years,498,Hypertensive heart disease,108,High body-mass index,1,Number,2018,0.5452496713206066,0.9885949830401111,0.20760989132419974
1,All Population,3,YLDs (Years Lived with Disability),4851,Gujarat,1,Male,9,20-24 years,494,Stroke,108,High body-mass index,1,Number,2017,3.615030355315602,29.57104694976572,-20.509566386838035
1,All Population,3,YLDs (Years Lived with Disability),4851,Gujarat,2,Female,9,20-24 years,494,Stroke,108,High body-mass index,1,Number,2017,17.161480113741614,70.20369810975203,-13.206160269523698
1,All Population,3,YLDs (Years Lived with Disability),4855,Jharkhand,1,Male,9,20-24 years,493,Ischemic heart disease,108,High body-mass index,1,Number,2018,5.27865250228684,11.576638053136215,1.397048764585088
1,All Population,3,YLDs (Years Lived with Disability),4855,Jharkhand,2,Female,9,20-24 years,493,Ischemic heart disease,108,High body-mass index,1,Number,2018,5.424517043565378,11.569010346914444,1.3827906000955008
1,All Population,3,YLDs (Years Lived with Disability),4851,Gujarat,1,Male,9,20-24 years,494,Stroke,108,High body-mass index,1,Number,2019,4.15614210184372,31.106060486106827,-27.87389035830394
1,All Population,3,YLDs (Years Lived with Disability),4851,Gujarat,2,Female,9,20-24 years,494,Stroke,108,High body-mass index,1,Number,2019,19.593816511988948,77.59367735399833,-14.420126362641447
1,All Population,3,YLDs (Years Lived with Disability),4867,Punjab,1,Male,9,20-24 years,494,Stroke,108,High body-mass index,1,Number,2018,33.75728877662495,82.62863571582892,3.539174728776825
1,All Population,3,YLDs (Years Lived with Disability),4867,Punjab,2,Female,9,20-24 years,494,Stroke,108,High body-mass index,1,Number,2018,11.82129678523658,37.8440592967767,-2.4083878351463555
1,All Population,3,YLDs (Years Lived with Disability),4855,Jharkhand,1,Male,9,20-24 years,493,Ischemic heart disease,108,High body-mass index,1,Number,2019,5.105009673628251,10.15645904999603,1.3796845718048714
1,All Population,3,YLDs (Years Lived with Disability),4855,Jharkhand,2,Female,9,20-24 years,493,Ischemic heart disease,108,High body-mass index,1,Number,2019,5.403954396976529,10.783826575023943,1.335244754507887
1,All Population,3,YLDs (Years Lived with Disability),4859,Madhya Pradesh,1,Male,9,20-24 years,493,Ischemic heart disease,108,High body-mass index,1,Number,2018,18.86012852934704,41.375833113423155,3.542912816278629
1,All Population,3,YLDs (Years Lived with Disability),4859,Madhya Pradesh,2,Female,9,20-24 years,493,Ischemic heart disease,108,High body-mass index,1,Number,2018,22.48738323433423,47.44313095377583,5.498484176254607
1,All Population,3,YLDs (Years Lived with Disability),4869,Sikkim,1,Male,9,20-24 years,498,Hypertensive heart disease,107,High systolic blood pressure,1,Number,2018,0.08734386193779342,0.14568237309824586,0.04792368240054743
1,All Population,3,YLDs (Years Lived with Disability),4869,Sikkim,2,Female,9,20-24 years,498,Hypertensive heart disease,107,High systolic blood pressure,1,Number,2018,0.21634216064042042,0.349700222254929,0.12442198505695695
1,All Population,3,YLDs (Years Lived with Disability),4869,Sikkim,1,Male,9,20-24 years,498,Hypertensive heart disease,108,High body-mass index,1,Number,2018,0.03167643657408282,0.06082619527672063,0.011975389256851484
1,All Population,3,YLDs (Years Lived with Disability),4869,Sikkim,2,Female,9,20-24 years,498,Hypertensive heart disease,108,High body-mass index,1,Number,2018,0.0998040797413273,0.1875127258213812,0.04089657986540049
1,All Population,3,YLDs (Years Lived with Disability),4857,Kerala,1,Male,9,20-24 years,498,Hypertensive heart disease,108,High body-mass index,1,Number,2015,1.1880341776892043,2.1865891609781,0.5033428753233795
1,All Population,3,YLDs (Years Lived with Disability),4857,Kerala,2,Female,9,20-24 years,498,Hypertensive heart disease,108,High body-mass index,1,Number,2015,5.000843270544528,9.30029222973888,2.0384403324429172
1,All Population,3,YLDs (Years Lived with Disability),4872,Tripura,1,Male,9,20-24 years,494,Stroke,108,High body-mass index,1,Number,2019,0.17306837947028672,1.6081613116185565,-2.050502278430379
1,All Population,3,YLDs (Years Lived with Disability),4872,Tripura,2,Female,9,20-24 years,494,Stroke,108,High body-mass index,1,Number,2019,0.564952287989818,3.050922315575349,-2.605211597217878
1,All Population,3,YLDs (Years Lived with Disability),4856,Karnataka,1,Male,9,20-24 years,494,Stroke,108,High body-mass index,1,Number,2017,5.601729461494575,31.94141793239218,-21.72540719708762
1,All Population,3,YLDs (Years Lived with Disability),4856,Karnataka,2,Female,9,20-24 years,494,Stroke,108,High body-mass index,1,Number,2017,18.04490862116331,61.34280723324434,-11.025373406689583
1,All Population,3,YLDs (Years Lived with Disability),4859,Madhya Pradesh,1,Male,9,20-24 years,494,Stroke,108,High body-mass index,1,Number,2017,2.061430030510589,25.84862317646653,-24.08266548590793
1,All Population,3,YLDs (Years Lived with Disability),4859,Madhya Pradesh,2,Female,9,20-24 years,494,Stroke,108,High body-mass index,1,Number,2017,5.64222535616077,49.046547153847136,-29.54929760848779
1,All Population,3,YLDs (Years Lived with Disability),4849,Delhi,1,Male,9,20-24 years,493,Ischemic heart disease,108,High body-mass index,1,Number,2019,15.92954514003045,34.198547732975456,4.356497072269325
1,All Population,3,YLDs (Years Lived with Disability),4849,Delhi,2,Female,9,20-24 years,493,Ischemic heart disease,108,High body-mass index,1,Number,2019,12.33296899042536,25.885750937846268,3.6466993890202355
1,All Population,3,YLDs (Years Lived with Disability),4861,Manipur,1,Male,9,20-24 years,493,Ischemic heart disease,108,High body-mass index,1,Number,2018,1.0172015897840583,2.774969333117121,0.23696132442952111
1,All Population,3,YLDs (Years Lived with Disability),4861,Manipur,2,Female,9,20-24 years,493,Ischemic heart disease,108,High body-mass index,1,Number,2018,1.3643156408440673,3.11682887902875,0.38366876444156583
1,All Population,3,YLDs (Years Lived with Disability),4867,Punjab,1,Male,9,20-24 years,493,Ischemic heart disease,108,High body-mass index,1,Number,2019,41.97149714589642,78.96359007690108,12.905177158933869
1,All Population,3,YLDs (Years Lived with Disability),4867,Punjab,2,Female,9,20-24 years,493,Ischemic heart disease,108,High body-mass index,1,Number,2019,24.390761219883334,46.4788077142053,8.276885905608424
1,All Population,3,YLDs (Years Lived with Disability),4869,Sikkim,1,Male,9,20-24 years,493,Ischemic heart disease,108,High body-mass index,1,Number,2019,0.19682001096176177,0.3744655173166599,0.06290935092767339
1,All Population,3,YLDs (Years Lived with Disability),4869,Sikkim,2,Female,9,20-24 years,493,Ischemic heart disease,108,High body-mass index,1,Number,2019,0.32596646757861475,0.6609792280131332,0.10494081243009461
1,All Population,3,YLDs (Years Lived with Disability),4861,Manipur,1,Male,9,20-24 years,494,Stroke,108,High body-mass index,1,Number,2018,0.5956788896360119,3.0572675270791834,-1.4511887477099081
1,All Population,3,YLDs (Years Lived with Disability),4861,Manipur,2,Female,9,20-24 years,494,Stroke,108,High body-mass index,1,Number,2018,0.76026713761806,3.5789937345871476,-1.4656518260692122
1,All Population,3,YLDs (Years Lived with Disability),4862,Meghalaya,1,Male,9,20-24 years,494,Stroke,108,High body-mass index,1,Number,2019,0.7736618376081407,3.67992659492876,-1.1199855430383285
1,All Population,3,YLDs (Years Lived with Disability),4862,Meghalaya,2,Female,9,20-24 years,494,Stroke,108,High body-mass index,1,Number,2019,0.1389493665232162,1.7992581288781748,-2.2549586711908587
1,All Population,3,YLDs (Years Lived with Disability),4853,Himachal Pradesh,1,Male,9,20-24 years,493,Ischemic heart disease,108,High body-mass index,1,Number,2019,2.895999867146785,5.608828154296731,0.8888005253608158
1,All Population,3,YLDs (Years Lived with Disability),4853,Himachal Pradesh,2,Female,9,20-24 years,493,Ischemic heart disease,108,High body-mass index,1,Number,2019,2.3419715285946707,4.991238536037475,0.6560973743785223
1,All Population,3,YLDs (Years Lived with Disability),4846,Chhattisgarh,1,Male,9,20-24 years,494,Stroke,108,High body-mass index,1,Number,2017,-0.19015480279880387,6.446959517697323,-10.091322601231731
1,All Population,3,YLDs (Years Lived with Disability),4846,Chhattisgarh,2,Female,9,20-24 years,494,Stroke,108,High body-mass index,1,Number,2017,0.40025495645299825,10.442293400723734,-14.060410105815304
1,All Population,3,YLDs (Years Lived with Disability),4850,Goa,1,Male,9,20-24 years,493,Ischemic heart disease,108,High body-mass index,1,Number,2019,1.229644633313957,2.5885988784504868,0.3911162168364298
1,All Population,3,YLDs (Years Lived with Disability),4850,Goa,2,Female,9,20-24 years,493,Ischemic heart disease,108,High body-mass index,1,Number,2019,0.9041666026844601,1.9533179924954092,0.2880069566118121
1,All Population,3,YLDs (Years Lived with Disability),4865,Odisha,1,Male,9,20-24 years,493,Ischemic heart disease,108,High body-mass index,1,Number,2019,8.144069436127538,21.288948925294957,1.6588178337153068
1,All Population,3,YLDs (Years Lived with Disability),4865,Odisha,2,Female,9,20-24 years,493,Ischemic heart disease,108,High body-mass index,1,Number,2019,11.128433760510681,23.99121820311385,3.5245960487127777
1,All Population,3,YLDs (Years Lived with Disability),4867,Punjab,1,Male,9,20-24 years,493,Ischemic heart disease,108,High body-mass index,1,Number,2016,43.94449340639868,96.39352888577172,13.141999657343348
1,All Population,3,YLDs (Years Lived with Disability),4867,Punjab,2,Female,9,20-24 years,493,Ischemic heart disease,108,High body-mass index,1,Number,2016,24.338032608406532,46.96581355672289,7.545888250589929
1,All Population,3,YLDs (Years Lived with Disability),4868,Rajasthan,1,Male,9,20-24 years,498,Hypertensive heart disease,107,High systolic blood pressure,1,Number,2019,9.734131809494903,16.84099124967482,5.26703540027398
1,All Population,3,YLDs (Years Lived with Disability),4868,Rajasthan,2,Female,9,20-24 years,498,Hypertensive heart disease,107,High systolic blood pressure,1,Number,2019,24.168705642986364,40.78884259274584,13.639791060940729
1,All Population,3,YLDs (Years Lived with Disability),4868,Rajasthan,1,Male,9,20-24 years,498,Hypertensive heart disease,108,High body-mass index,1,Number,2019,2.770488217186207,6.340632058868341,0.6865649844838647
1,All Population,3,YLDs (Years Lived with Disability),4868,Rajasthan,2,Female,9,20-24 years,498,Hypertensive heart disease,108,High body-mass index,1,Number,2019,7.217212907387126,15.370076718921183,2.166159030732129
1,All Population,3,YLDs (Years Lived with Disability),4873,Uttar Pradesh,1,Male,9,20-24 years,493,Ischemic heart disease,108,High body-mass index,1,Number,2019,53.72354988163667,111.10095939909093,15.807540620152324
1,All Population,3,YLDs (Years Lived with Disability),4873,Uttar Pradesh,2,Female,9,20-24 years,493,Ischemic heart disease,108,High body-mass index,1,Number,2019,101.31416560241964,201.80090319196012,34.009521075204574
1,All Population,3,YLDs (Years Lived with Disability),4857,Kerala,1,Male,9,20-24 years,498,Hypertensive heart disease,107,High systolic blood pressure,1,Number,2019,2.5550079056520034,4.516573678948795,1.3697765373327297
1,All Population,3,YLDs (Years Lived with Disability),4857,Kerala,2,Female,9,20-24 years,498,Hypertensive heart disease,107,High systolic blood pressure,1,Number,2019,9.666966535362192,16.162113117158327,6.031135996874781
1,All Population,3,YLDs (Years Lived with Disability),4843,Assam,1,Male,9,20-24 years,494,Stroke,108,High body-mass index,1,Number,2018,3.567460749265176,19.181384946868423,-20.30858105624687
1,All Population,3,YLDs (Years Lived with Disability),4843,Assam,2,Female,9,20-24 years,494,Stroke,108,High body-mass index,1,Number,2018,-0.5458268329977479,17.327880810773273,-23.15286164707293
1,All Population,3,YLDs (Years Lived with Disability),4843,Assam,1,Male,9,20-24 years,498,Hypertensive heart disease,107,High systolic blood pressure,1,Number,2017,5.528323110483366,9.080851481629109,3.1040651804930395
1,All Population,3,YLDs (Years Lived with Disability),4843,Assam,2,Female,9,20-24 years,498,Hypertensive heart disease,107,High systolic blood pressure,1,Number,2017,11.467911213822742,18.919218069663888,6.7884200502541905
1,All Population,3,YLDs (Years Lived with Disability),4843,Assam,1,Male,9,20-24 years,498,Hypertensive heart disease,108,High body-mass index,1,Number,2017,1.9372593577057802,3.8085984164468294,0.7102644297113726
1,All Population,3,YLDs (Years Lived with Disability),4843,Assam,2,Female,9,20-24 years,498,Hypertensive heart disease,108,High body-mass index,1,Number,2017,3.5640981570082513,7.1806353283655575,1.2756405791910512
1,All Population,3,YLDs (Years Lived with Disability),4849,Delhi,1,Male,9,20-24 years,498,Hypertensive heart disease,107,High systolic blood pressure,1,Number,2016,2.6146694053190678,4.341277444038828,1.4741394308871367
1,All Population,3,YLDs (Years Lived with Disability),4849,Delhi,2,Female,9,20-24 years,498,Hypertensive heart disease,107,High systolic blood pressure,1,Number,2016,5.792341240347914,9.386376104564711,3.366129497421079
1,All Population,3,YLDs (Years Lived with Disability),4849,Delhi,1,Male,9,20-24 years,498,Hypertensive heart disease,108,High body-mass index,1,Number,2016,1.3255735944317484,2.613149068035649,0.49563923751325056
1,All Population,3,YLDs (Years Lived with Disability),4849,Delhi,2,Female,9,20-24 years,498,Hypertensive heart disease,108,High body-mass index,1,Number,2016,2.728141107297838,4.998284092854847,1.039793595255719
1,All Population,3,YLDs (Years Lived with Disability),4851,Gujarat,1,Male,9,20-24 years,493,Ischemic heart disease,108,High body-mass index,1,Number,2019,14.400011888785968,30.993934572171806,3.9322140306881064
1,All Population,3,YLDs (Years Lived with Disability),4851,Gujarat,2,Female,9,20-24 years,493,Ischemic heart disease,108,High body-mass index,1,Number,2019,24.68777527011834,53.131842950954415,7.754372131778102
1,All Population,3,YLDs (Years Lived with Disability),4864,Nagaland,1,Male,9,20-24 years,494,Stroke,108,High body-mass index,1,Number,2017,0.24168087156871043,1.4543613965950914,-0.9048639908542618
1,All Population,3,YLDs (Years Lived with Disability),4864,Nagaland,2,Female,9,20-24 years,494,Stroke,108,High body-mass index,1,Number,2017,-0.060209978847754815,0.6893941401365364,-1.2084049643005654
1,All Population,3,YLDs (Years Lived with Disability),4867,Punjab,1,Male,9,20-24 years,498,Hypertensive heart disease,107,High systolic blood pressure,1,Number,2016,3.6293831791502624,6.028459692739758,2.1062459064518806
1,All Population,3,YLDs (Years Lived with Disability),4867,Punjab,2,Female,9,20-24 years,498,Hypertensive heart disease,107,High systolic blood pressure,1,Number,2016,6.5075186388595245,10.561226834156168,3.762985835175614
1,All Population,3,YLDs (Years Lived with Disability),4867,Punjab,1,Male,9,20-24 years,498,Hypertensive heart disease,108,High body-mass index,1,Number,2016,2.0215672524945267,3.769288638498492,0.7898524351435017
1,All Population,3,YLDs (Years Lived with Disability),4867,Punjab,2,Female,9,20-24 years,498,Hypertensive heart disease,108,High body-mass index,1,Number,2016,2.9693389543798334,5.3386706218838205,1.1165141208022866
1,All Population,3,YLDs (Years Lived with Disability),4852,Haryana,1,Male,9,20-24 years,498,Hypertensive heart disease,107,High systolic blood pressure,1,Number,2017,3.691820428131891,6.234133990914211,2.0459794800521163
1,All Population,3,YLDs (Years Lived with Disability),4852,Haryana,2,Female,9,20-24 years,498,Hypertensive heart disease,107,High systolic blood pressure,1,Number,2017,7.399207502716396,11.924195179952859,4.428885799514711
1,All Population,3,YLDs (Years Lived with Disability),4852,Haryana,1,Male,9,20-24 years,498,Hypertensive heart disease,108,High body-mass index,1,Number,2017,1.7723203528876155,3.375969128975795,0.6819733867543208
1,All Population,3,YLDs (Years Lived with Disability),4852,Haryana,2,Female,9,20-24 years,498,Hypertensive heart disease,108,High body-mass index,1,Number,2017,3.0876359845367034,5.826228823460235,1.0797799455891672
1,All Population,3,YLDs (Years Lived with Disability),4862,Meghalaya,1,Male,9,20-24 years,494,Stroke,108,High body-mass index,1,Number,2016,0.6243033577063538,2.7840307217348723,-0.8908233591547796
1,All Population,3,YLDs (Years Lived with Disability),4862,Meghalaya,2,Female,9,20-24 years,494,Stroke,108,High body-mass index,1,Number,2016,0.016572924032974952,1.5954308667763863,-2.2756768568069576
1,All Population,3,YLDs (Years Lived with Disability),4862,Meghalaya,1,Male,9,20-24 years,498,Hypertensive heart disease,107,High systolic blood pressure,1,Number,2018,0.43293698358071137,0.7293342115389838,0.24591439930999853
1,All Population,3,YLDs (Years Lived with Disability),4862,Meghalaya,2,Female,9,20-24 years,498,Hypertensive heart disease,107,High systolic blood pressure,1,Number,2018,1.3886472571947648,2.2864581700621667,0.8172959867916687
1,All Population,3,YLDs (Years Lived with Disability),4862,Meghalaya,1,Male,9,20-24 years,498,Hypertensive heart disease,108,High body-mass index,1,Number,2018,0.1548341710667107,0.331922443607381,0.049022111171099496
1,All Population,3,YLDs (Years Lived with Disability),4862,Meghalaya,2,Female,9,20-24 years,498,Hypertensive heart disease,108,High body-mass index,1,Number,2018,0.4468399429271023,0.9201018917258246,0.155761250118807
1,All Population,3,YLDs (Years Lived with Disability),4869,Sikkim,1,Male,9,20-24 years,493,Ischemic heart disease,108,High body-mass index,1,Number,2016,0.26107335451673735,0.5383797371886426,0.08392500017711252
1,All Population,3,YLDs (Years Lived with Disability),4869,Sikkim,2,Female,9,20-24 years,493,Ischemic heart disease,108,High body-mass index,1,Number,2016,0.4124823565200641,0.7946362385452325,0.13621623500445845
1,All Population,3,YLDs (Years Lived with Disability),4844,Bihar,1,Male,9,20-24 years,494,Stroke,108,High body-mass index,1,Number,2019,1.5821660530347599,43.792034666680024,-52.030503646141206
1,All Population,3,YLDs (Years Lived with Disability),4844,Bihar,2,Female,9,20-24 years,494,Stroke,108,High body-mass index,1,Number,2019,9.241164080429533,57.971770118081395,-31.76142471256815
1,All Population,3,YLDs (Years Lived with Disability),4860,Maharashtra,1,Male,9,20-24 years,493,Ischemic heart disease,108,High body-mass index,1,Number,2019,32.118738291772864,65.4759563883778,9.89431364698429
1,All Population,3,YLDs (Years Lived with Disability),4860,Maharashtra,2,Female,9,20-24 years,493,Ischemic heart disease,108,High body-mass index,1,Number,2019,36.130271960288674,73.5873948922721,9.948098650229223
1,All Population,3,YLDs (Years Lived with Disability),4870,Tamil Nadu,1,Male,9,20-24 years,498,Hypertensive heart disease,107,High systolic blood pressure,1,Number,2019,5.90760568192677,10.144348260627094,3.204092701419638
1,All Population,3,YLDs (Years Lived with Disability),4870,Tamil Nadu,2,Female,9,20-24 years,498,Hypertensive heart disease,107,High systolic blood pressure,1,Number,2019,16.487399423619454,28.301154207967766,9.288722354249863
1,All Population,3,YLDs (Years Lived with Disability),4870,Tamil Nadu,1,Male,9,20-24 years,498,Hypertensive heart disease,108,High body-mass index,1,Number,2019,1.9675888714591814,3.9717156631082386,0.7116076594741784
1,All Population,3,YLDs (Years Lived with Disability),4870,Tamil Nadu,2,Female,9,20-24 years,498,Hypertensive heart disease,108,High body-mass index,1,Number,2019,8.430217471699331,15.282657283423294,3.2958790282024317
1,All Population,3,YLDs (Years Lived with Disability),4853,Himachal Pradesh,1,Male,9,20-24 years,498,Hypertensive heart disease,107,High systolic blood pressure,1,Number,2018,0.8243207465278947,1.4213619901236618,0.4611511653256717
1,All Population,3,YLDs (Years Lived with Disability),4853,Himachal Pradesh,2,Female,9,20-24 years,498,Hypertensive heart disease,107,High systolic blood pressure,1,Number,2018,2.1590138171420823,3.6209903146568663,1.2352486981982818
1,All Population,3,YLDs (Years Lived with Disability),4853,Himachal Pradesh,1,Male,9,20-24 years,498,Hypertensive heart disease,108,High body-mass index,1,Number,2018,0.3221993568649122,0.6026640247391931,0.11885676306327622
1,All Population,3,YLDs (Years Lived with Disability),4853,Himachal Pradesh,2,Female,9,20-24 years,498,Hypertensive heart disease,108,High body-mass index,1,Number,2018,0.8258580310830961,1.6159778376443532,0.29040928749262535
1,All Population,3,YLDs (Years Lived with Disability),4874,Uttarakhand,1,Male,9,20-24 years,493,Ischemic heart disease,108,High body-mass index,1,Number,2018,6.184872920567884,14.520079518550638,1.4306460418393028
1,All Population,3,YLDs (Years Lived with Disability),4874,Uttarakhand,2,Female,9,20-24 years,493,Ischemic heart disease,108,High body-mass index,1,Number,2018,5.12951534164089,11.34370885165233,1.3469059748769616
1,All Population,3,YLDs (Years Lived with Disability),4853,Himachal Pradesh,1,Male,9,20-24 years,494,Stroke,108,High body-mass index,1,Number,2019,1.423559632211696,5.767528271445462,-2.163910478199266
1,All Population,3,YLDs (Years Lived with Disability),4853,Himachal Pradesh,2,Female,9,20-24 years,494,Stroke,108,High body-mass index,1,Number,2019,1.7078301957995856,6.41415809412953,-1.3749171791667003
1,All Population,3,YLDs (Years Lived with Disability),4873,Uttar Pradesh,1,Male,9,20-24 years,498,Hypertensive heart disease,107,High systolic blood pressure,1,Number,2019,38.129388889150604,64.87460023134108,21.797315482577822
1,All Population,3,YLDs (Years Lived with Disability),4873,Uttar Pradesh,2,Female,9,20-24 years,498,Hypertensive heart disease,107,High systolic blood pressure,1,Number,2019,81.67123655301685,135.0880387544801,47.453353236077895
1,All Population,3,YLDs (Years Lived with Disability),4873,Uttar Pradesh,1,Male,9,20-24 years,498,Hypertensive heart disease,108,High body-mass index,1,Number,2019,10.203571347735316,20.71283651523945,3.6058543473764755
1,All Population,3,YLDs (Years Lived with Disability),4873,Uttar Pradesh,2,Female,9,20-24 years,498,Hypertensive heart disease,108,High body-mass index,1,Number,2019,26.952817981730128,52.74559302599757,9.771205173676012
1,All Population,3,YLDs (Years Lived with Disability),4857,Kerala,1,Male,9,20-24 years,498,Hypertensive heart disease,107,High systolic blood pressure,1,Number,2018,2.573608504468888,4.421048874142426,1.4037758589021612
1,All Population,3,YLDs (Years Lived with Disability),4857,Kerala,2,Female,9,20-24 years,498,Hypertensive heart disease,107,High systolic blood pressure,1,Number,2018,9.681524838481797,16.1992387953407,5.9344389145320156
1,All Population,3,YLDs (Years Lived with Disability),4846,Chhattisgarh,1,Male,9,20-24 years,493,Ischemic heart disease,108,High body-mass index,1,Number,2019,5.819939988188579,15.22473879671236,0.9441485360420558
1,All Population,3,YLDs (Years Lived with Disability),4846,Chhattisgarh,2,Female,9,20-24 years,493,Ischemic heart disease,108,High body-mass index,1,Number,2019,6.906848932519372,14.286176742769722,2.048241164627431
1,All Population,3,YLDs (Years Lived with Disability),4852,Haryana,1,Male,9,20-24 years,494,Stroke,108,High body-mass index,1,Number,2016,14.781344568873335,46.80566073552992,-7.634531495918822
1,All Population,3,YLDs (Years Lived with Disability),4852,Haryana,2,Female,9,20-24 years,494,Stroke,108,High body-mass index,1,Number,2016,9.308422737367028,28.809849831152444,-4.647404566576225
1,All Population,3,YLDs (Years Lived with Disability),4872,Tripura,1,Male,9,20-24 years,493,Ischemic heart disease,108,High body-mass index,1,Number,2019,1.0767609295061475,2.198015488139388,0.31085731409047335
1,All Population,3,YLDs (Years Lived with Disability),4872,Tripura,2,Female,9,20-24 years,493,Ischemic heart disease,108,High body-mass index,1,Number,2019,1.2076144572964642,2.730538292352973,0.3581498633833704
1,All Population,3,YLDs (Years Lived with Disability),4864,Nagaland,1,Male,9,20-24 years,498,Hypertensive heart disease,107,High systolic blood pressure,1,Number,2019,0.25802495976056866,0.4299188965911425,0.13975481800553247
1,All Population,3,YLDs (Years Lived with Disability),4864,Nagaland,2,Female,9,20-24 years,498,Hypertensive heart disease,107,High systolic blood pressure,1,Number,2019,0.7368753754149971,1.2204141498650523,0.43705486549939043
1,All Population,3,YLDs (Years Lived with Disability),4864,Nagaland,1,Male,9,20-24 years,498,Hypertensive heart disease,108,High body-mass index,1,Number,2019,0.09218334013021032,0.19577265030119284,0.02739051081142709
1,All Population,3,YLDs (Years Lived with Disability),4864,Nagaland,2,Female,9,20-24 years,498,Hypertensive heart disease,108,High body-mass index,1,Number,2019,0.22396797123157133,0.4433790441564956,0.08071590024174825
1,All Population,3,YLDs (Years Lived with Disability),4842,Arunachal Pradesh,1,Male,9,20-24 years,493,Ischemic heart disease,108,High body-mass index,1,Number,2019,0.6567456531978635,1.5186017084459216,0.15491310743340242
1,All Population,3,YLDs (Years Lived with Disability),4842,Arunachal Pradesh,2,Female,9,20-24 years,493,Ischemic heart disease,108,High body-mass index,1,Number,2019,0.5556234397074863,1.2026650660335743,0.1382377370814221
1,All Population,3,YLDs (Years Lived with Disability),4869,Sikkim,1,Male,9,20-24 years,498,Hypertensive heart disease,107,High systolic blood pressure,1,Number,2017,0.08891929680712705,0.14728366723171965,0.04876330539861901
1,All Population,3,YLDs (Years Lived with Disability),4869,Sikkim,2,Female,9,20-24 years,498,Hypertensive heart disease,107,High systolic blood pressure,1,Number,2017,0.2172323994488838,0.3520219589224003,0.1250970293041828
1,All Population,3,YLDs (Years Lived with Disability),4869,Sikkim,1,Male,9,20-24 years,498,Hypertensive heart disease,108,High body-mass index,1,Number,2017,0.03183502193635004,0.06184255319744994,0.011482964965738182
1,All Population,3,YLDs (Years Lived with Disability),4869,Sikkim,2,Female,9,20-24 years,498,Hypertensive heart disease,108,High body-mass index,1,Number,2017,0.09985624246179323,0.18940976381487562,0.041713079491803404
1,All Population,3,YLDs (Years Lived with Disability),4871,Telangana,1,Male,9,20-24 years,494,Stroke,108,High body-mass index,1,Number,2016,10.633792306165516,37.33253638630958,-8.76781928591254
1,All Population,3,YLDs (Years Lived with Disability),4871,Telangana,2,Female,9,20-24 years,494,Stroke,108,High body-mass index,1,Number,2016,11.88472439920049,43.04381596851422,-7.63736577814538
1,All Population,3,YLDs (Years Lived with Disability),4860,Maharashtra,1,Male,9,20-24 years,498,Hypertensive heart disease,107,High systolic blood pressure,1,Number,2019,12.608793092842385,21.850308992096274,6.921339163322485
1,All Population,3,YLDs (Years Lived with Disability),4860,Maharashtra,2,Female,9,20-24 years,498,Hypertensive heart disease,107,High systolic blood pressure,1,Number,2019,36.76795336306799,59.416265546999924,21.81676479714444
1,All Population,3,YLDs (Years Lived with Disability),4860,Maharashtra,1,Male,9,20-24 years,498,Hypertensive heart disease,108,High body-mass index,1,Number,2019,4.216841416299519,8.666743795916489,1.3984177769199875
1,All Population,3,YLDs (Years Lived with Disability),4860,Maharashtra,2,Female,9,20-24 years,498,Hypertensive heart disease,108,High body-mass index,1,Number,2019,13.277190966309972,25.911461537412457,4.44344631764492
1,All Population,3,YLDs (Years Lived with Disability),4850,Goa,1,Male,9,20-24 years,493,Ischemic heart disease,108,High body-mass index,1,Number,2018,1.2635347945072697,2.5401088078715928,0.40030203963260874
1,All Population,3,YLDs (Years Lived with Disability),4850,Goa,2,Female,9,20-24 years,493,Ischemic heart disease,108,High body-mass index,1,Number,2018,0.9507472799948102,2.1413005781299974,0.27405446332022004
1,All Population,3,YLDs (Years Lived with Disability),4871,Telangana,1,Male,9,20-24 years,498,Hypertensive heart disease,107,High systolic blood pressure,1,Number,2017,3.6505724757028575,6.206914037258358,2.059550397435803
1,All Population,3,YLDs (Years Lived with Disability),4871,Telangana,2,Female,9,20-24 years,498,Hypertensive heart disease,107,High systolic blood pressure,1,Number,2017,11.119058279390837,18.332804135952667,6.51577321528675
1,All Population,3,YLDs (Years Lived with Disability),4871,Telangana,1,Male,9,20-24 years,498,Hypertensive heart disease,108,High body-mass index,1,Number,2017,1.4030476410056398,2.7167049740399785,0.5626056732826261
1,All Population,3,YLDs (Years Lived with Disability),4871,Telangana,2,Female,9,20-24 years,498,Hypertensive heart disease,108,High body-mass index,1,Number,2017,4.506954414324547,8.891307162417542,1.6673687275311293
1,All Population,3,YLDs (Years Lived with Disability),4863,Mizoram,1,Male,9,20-24 years,493,Ischemic heart disease,108,High body-mass index,1,Number,2018,0.254491108883373,0.579071248644315,0.06152013774997642
1,All Population,3,YLDs (Years Lived with Disability),4863,Mizoram,2,Female,9,20-24 years,493,Ischemic heart disease,108,High body-mass index,1,Number,2018,0.2626099903393539,0.5958569945509474,0.05112802597893043
1,All Population,3,YLDs (Years Lived with Disability),4872,Tripura,1,Male,9,20-24 years,498,Hypertensive heart disease,107,High systolic blood pressure,1,Number,2018,0.40337578500262633,0.6637485628310215,0.22317445623399687
1,All Population,3,YLDs (Years Lived with Disability),4872,Tripura,2,Female,9,20-24 years,498,Hypertensive heart disease,107,High systolic blood pressure,1,Number,2018,1.2417076706014876,2.0595614727635483,0.7103037846953534
1,All Population,3,YLDs (Years Lived with Disability),4872,Tripura,1,Male,9,20-24 years,498,Hypertensive heart disease,108,High body-mass index,1,Number,2018,0.12269437491863852,0.24829285302383042,0.0432700712418955
1,All Population,3,YLDs (Years Lived with Disability),4872,Tripura,2,Female,9,20-24 years,498,Hypertensive heart disease,108,High body-mass index,1,Number,2018,0.45257866135968705,0.9241709845836757,0.17379886584973858
1,All Population,3,YLDs (Years Lived with Disability),4853,Himachal Pradesh,1,Male,9,20-24 years,498,Hypertensive heart disease,107,High systolic blood pressure,1,Number,2017,0.8339520600441538,1.4108388109239085,0.46875879561196176
1,All Population,3,YLDs (Years Lived with Disability),4853,Himachal Pradesh,2,Female,9,20-24 years,498,Hypertensive heart disease,107,High systolic blood pressure,1,Number,2017,2.1771312013593547,3.6413460410576066,1.2483489449209912
1,All Population,3,YLDs (Years Lived with Disability),4853,Himachal Pradesh,1,Male,9,20-24 years,498,Hypertensive heart disease,108,High body-mass index,1,Number,2017,0.32037524958167035,0.6073222694493888,0.11514781921929633
1,All Population,3,YLDs (Years Lived with Disability),4853,Himachal Pradesh,2,Female,9,20-24 years,498,Hypertensive heart disease,108,High body-mass index,1,Number,2017,0.8041153699693379,1.5878115593331386,0.2861017807674182
1,All Population,3,YLDs (Years Lived with Disability),4851,Gujarat,1,Male,9,20-24 years,498,Hypertensive heart disease,107,High systolic blood pressure,1,Number,2017,8.260061901104514,14.075334945206652,4.815211657011469
1,All Population,3,YLDs (Years Lived with Disability),4851,Gujarat,2,Female,9,20-24 years,498,Hypertensive heart disease,107,High systolic blood pressure,1,Number,2017,18.21832242971586,30.340205954378426,10.533072264083925
1,All Population,3,YLDs (Years Lived with Disability),4851,Gujarat,1,Male,9,20-24 years,498,Hypertensive heart disease,108,High body-mass index,1,Number,2017,2.2589251093369893,4.760105456624828,0.7569209753333486
1,All Population,3,YLDs (Years Lived with Disability),4851,Gujarat,2,Female,9,20-24 years,498,Hypertensive heart disease,108,High body-mass index,1,Number,2017,6.734714151668118,14.176445196388318,2.252939527114295
1,All Population,3,YLDs (Years Lived with Disability),4860,Maharashtra,1,Male,9,20-24 years,494,Stroke,108,High body-mass index,1,Number,2016,8.147936850209437,62.8517406860195,-47.41463730807453
1,All Population,3,YLDs (Years Lived with Disability),4860,Maharashtra,2,Female,9,20-24 years,494,Stroke,108,High body-mass index,1,Number,2016,15.37502817445427,78.64140970652619,-33.46801547564286
1,All Population,3,YLDs (Years Lived with Disability),4873,Uttar Pradesh,1,Male,9,20-24 years,494,Stroke,108,High body-mass index,1,Number,2016,1.304338509553493,67.3754152795195,-115.8034788364115
1,All Population,3,YLDs (Years Lived with Disability),4873,Uttar Pradesh,2,Female,9,20-24 years,494,Stroke,108,High body-mass index,1,Number,2016,36.663727319184666,148.7919990246997,-96.90761334169176
1,All Population,3,YLDs (Years Lived with Disability),4857,Kerala,1,Male,9,20-24 years,494,Stroke,108,High body-mass index,1,Number,2016,12.03774143307265,38.87996906334028,-9.47890345268173
1,All Population,3,YLDs (Years Lived with Disability),4857,Kerala,2,Female,9,20-24 years,494,Stroke,108,High body-mass index,1,Number,2016,19.267632142670152,53.51381314676469,-2.147178799559373
1,All Population,3,YLDs (Years Lived with Disability),4872,Tripura,1,Male,9,20-24 years,498,Hypertensive heart disease,107,High systolic blood pressure,1,Number,2019,0.3997953823941978,0.6615336182802903,0.2153530336657612
1,All Population,3,YLDs (Years Lived with Disability),4872,Tripura,2,Female,9,20-24 years,498,Hypertensive heart disease,107,High systolic blood pressure,1,Number,2019,1.2348892847232382,2.0452944137926656,0.7018095672769309
1,All Population,3,YLDs (Years Lived with Disability),4872,Tripura,1,Male,9,20-24 years,498,Hypertensive heart disease,108,High body-mass index,1,Number,2019,0.12401680970216551,0.25186190681918497,0.0436231848426124
1,All Population,3,YLDs (Years Lived with Disability),4872,Tripura,2,Female,9,20-24 years,498,Hypertensive heart disease,108,High body-mass index,1,Number,2019,0.46127271616683674,0.9232586236585658,0.1784809481037385
1,All Population,3,YLDs (Years Lived with Disability),4865,Odisha,1,Male,9,20-24 years,498,Hypertensive heart disease,107,High systolic blood pressure,1,Number,2017,6.220798054711467,10.369366900064776,3.63888816514061
1,All Population,3,YLDs (Years Lived with Disability),4865,Odisha,2,Female,9,20-24 years,498,Hypertensive heart disease,107,High systolic blood pressure,1,Number,2017,13.674462512410432,22.939731285560427,7.86338588840485
1,All Population,3,YLDs (Years Lived with Disability),4865,Odisha,1,Male,9,20-24 years,498,Hypertensive heart disease,108,High body-mass index,1,Number,2017,1.8508112820020886,3.884970131306461,0.5367328222048925
1,All Population,3,YLDs (Years Lived with Disability),4865,Odisha,2,Female,9,20-24 years,498,Hypertensive heart disease,108,High body-mass index,1,Number,2017,4.613777420941958,9.613884859509197,1.6218657557550067
1,All Population,3,YLDs (Years Lived with Disability),4865,Odisha,1,Male,9,20-24 years,498,Hypertensive heart disease,107,High systolic blood pressure,1,Number,2016,6.198594256328405,10.407295680382054,3.5877129384688433
1,All Population,3,YLDs (Years Lived with Disability),4865,Odisha,2,Female,9,20-24 years,498,Hypertensive heart disease,107,High systolic blood pressure,1,Number,2016,13.450765459881518,22.53192549049045,7.856099090378572
1,All Population,3,YLDs (Years Lived with Disability),4865,Odisha,1,Male,9,20-24 years,498,Hypertensive heart disease,108,High body-mass index,1,Number,2016,1.794591229640511,3.7634709385751965,0.5350852464278438
1,All Population,3,YLDs (Years Lived with Disability),4865,Odisha,2,Female,9,20-24 years,498,Hypertensive heart disease,108,High body-mass index,1,Number,2016,4.356671163288842,8.941181283563864,1.4670600590867364
1,All Population,3,YLDs (Years Lived with Disability),4851,Gujarat,1,Male,9,20-24 years,498,Hypertensive heart disease,107,High systolic blood pressure,1,Number,2019,8.277177220431463,14.318244029798151,4.599225001613124
1,All Population,3,YLDs (Years Lived with Disability),4851,Gujarat,2,Female,9,20-24 years,498,Hypertensive heart disease,107,High systolic blood pressure,1,Number,2019,18.593735603041107,30.225543643618675,10.692436583578646
1,All Population,3,YLDs (Years Lived with Disability),4851,Gujarat,1,Male,9,20-24 years,498,Hypertensive heart disease,108,High body-mass index,1,Number,2019,2.3246575211439917,4.79333323268807,0.7880677831414424
1,All Population,3,YLDs (Years Lived with Disability),4851,Gujarat,2,Female,9,20-24 years,498,Hypertensive heart disease,108,High body-mass index,1,Number,2019,7.220441746789238,14.63772547847928,2.6292041570268365
1,All Population,3,YLDs (Years Lived with Disability),4849,Delhi,1,Male,9,20-24 years,498,Hypertensive heart disease,107,High systolic blood pressure,1,Number,2018,2.547671370415627,4.332615322618002,1.4521360045218217
1,All Population,3,YLDs (Years Lived with Disability),4849,Delhi,2,Female,9,20-24 years,498,Hypertensive heart disease,107,High systolic blood pressure,1,Number,2018,5.772242259836087,9.513900807990254,3.324849923309684
1,All Population,3,YLDs (Years Lived with Disability),4849,Delhi,1,Male,9,20-24 years,498,Hypertensive heart disease,108,High body-mass index,1,Number,2018,1.3283576425120671,2.506965828568634,0.482202921726407
1,All Population,3,YLDs (Years Lived with Disability),4849,Delhi,2,Female,9,20-24 years,498,Hypertensive heart disease,108,High body-mass index,1,Number,2018,2.8292899640527027,5.148803892063535,1.1150349576260903
1,All Population,3,YLDs (Years Lived with Disability),4867,Punjab,1,Male,9,20-24 years,498,Hypertensive heart disease,107,High systolic blood pressure,1,Number,2018,3.5413359161955653,5.948466592504802,2.0135754191920583
1,All Population,3,YLDs (Years Lived with Disability),4867,Punjab,2,Female,9,20-24 years,498,Hypertensive heart disease,107,High systolic blood pressure,1,Number,2018,6.414957840784929,10.430965907459807,3.660383605028939
1,All Population,3,YLDs (Years Lived with Disability),4867,Punjab,1,Male,9,20-24 years,498,Hypertensive heart disease,108,High body-mass index,1,Number,2018,2.025519107926217,3.720481865295748,0.8156327924491324
1,All Population,3,YLDs (Years Lived with Disability),4867,Punjab,2,Female,9,20-24 years,498,Hypertensive heart disease,108,High body-mass index,1,Number,2018,3.036109779194711,5.611385041928375,1.07575765437086
1,All Population,3,YLDs (Years Lived with Disability),4851,Gujarat,1,Male,9,20-24 years,494,Stroke,108,High body-mass index,1,Number,2018,3.8868768776345695,29.07120180719355,-24.602801125186375
1,All Population,3,YLDs (Years Lived with Disability),4851,Gujarat,2,Female,9,20-24 years,494,Stroke,108,High body-mass index,1,Number,2018,19.010234479256727,73.82194455695333,-11.021624605719827
1,All Population,3,YLDs (Years Lived with Disability),4872,Tripura,1,Male,9,20-24 years,498,Hypertensive heart disease,107,High systolic blood pressure,1,Number,2017,0.4067080330878127,0.6778217911751829,0.22769417643848028
1,All Population,3,YLDs (Years Lived with Disability),4872,Tripura,2,Female,9,20-24 years,498,Hypertensive heart disease,107,High systolic blood pressure,1,Number,2017,1.2459970494523127,2.0704651381692507,0.7184642730280455
1,All Population,3,YLDs (Years Lived with Disability),4872,Tripura,1,Male,9,20-24 years,498,Hypertensive heart disease,108,High body-mass index,1,Number,2017,0.12070507203051799,0.25269268650626997,0.04233952791173101
1,All Population,3,YLDs (Years Lived with Disability),4872,Tripura,2,Female,9,20-24 years,498,Hypertensive heart disease,108,High body-mass index,1,Number,2017,0.4434834971375802,0.902503072869971,0.15202696051730383
1,All Population,3,YLDs (Years Lived with Disability),4874,Uttarakhand,1,Male,9,20-24 years,494,Stroke,108,High body-mass index,1,Number,2018,2.188558599987564,10.363620341267247,-4.583607385582619
1,All Population,3,YLDs (Years Lived with Disability),4874,Uttarakhand,2,Female,9,20-24 years,494,Stroke,108,High body-mass index,1,Number,2018,2.5898537995418915,11.937099063048635,-5.639200963065742
1,All Population,3,YLDs (Years Lived with Disability),4856,Karnataka,1,Male,9,20-24 years,498,Hypertensive heart disease,107,High systolic blood pressure,1,Number,2019,6.853936176062065,11.810555329792011,3.8618868617883706
1,All Population,3,YLDs (Years Lived with Disability),4856,Karnataka,2,Female,9,20-24 years,498,Hypertensive heart disease,107,High systolic blood pressure,1,Number,2019,16.145527998706022,27.159505520904318,9.213704743629611
1,All Population,3,YLDs (Years Lived with Disability),4856,Karnataka,1,Male,9,20-24 years,498,Hypertensive heart disease,108,High body-mass index,1,Number,2019,2.2825661053115067,4.874044119005058,0.6915107270918786
1,All Population,3,YLDs (Years Lived with Disability),4856,Karnataka,2,Female,9,20-24 years,498,Hypertensive heart disease,108,High body-mass index,1,Number,2019,6.890797715196526,13.92670231284249,2.473436440130995
1,All Population,3,YLDs (Years Lived with Disability),4863,Mizoram,1,Male,9,20-24 years,498,Hypertensive heart disease,107,High systolic blood pressure,1,Number,2017,0.16829398964557535,0.2827212692131733,0.09644317367294093
1,All Population,3,YLDs (Years Lived with Disability),4863,Mizoram,2,Female,9,20-24 years,498,Hypertensive heart disease,107,High systolic blood pressure,1,Number,2017,0.570572859174215,0.9350034210453241,0.3311242443324115
1,All Population,3,YLDs (Years Lived with Disability),4863,Mizoram,1,Male,9,20-24 years,498,Hypertensive heart disease,108,High body-mass index,1,Number,2017,0.06388745153009724,0.1307930420015515,0.022144013083885486
1,All Population,3,YLDs (Years Lived with Disability),4863,Mizoram,2,Female,9,20-24 years,498,Hypertensive heart disease,108,High body-mass index,1,Number,2017,0.22057761722540695,0.4361600807511061,0.0865174381266053
1,All Population,3,YLDs (Years Lived with Disability),4875,West Bengal,1,Male,9,20-24 years,493,Ischemic heart disease,108,High body-mass index,1,Number,2019,24.234585045778147,57.60419157539259,6.673809291454353
1,All Population,3,YLDs (Years Lived with Disability),4875,West Bengal,2,Female,9,20-24 years,493,Ischemic heart disease,108,High body-mass index,1,Number,2019,49.21849188599111,105.55558459512656,14.13989715174902
1,All Population,3,YLDs (Years Lived with Disability),4871,Telangana,1,Male,9,20-24 years,498,Hypertensive heart disease,107,High systolic blood pressure,1,Number,2018,3.6498578780103736,6.25557651472645,2.0492926424305433
1,All Population,3,YLDs (Years Lived with Disability),4871,Telangana,2,Female,9,20-24 years,498,Hypertensive heart disease,107,High systolic blood pressure,1,Number,2018,11.215677339891004,18.676298898669593,6.558989763699972
1,All Population,3,YLDs (Years Lived with Disability),4871,Telangana,1,Male,9,20-24 years,498,Hypertensive heart disease,108,High body-mass index,1,Number,2018,1.4223380505183,2.7335954453650357,0.577503197084661
1,All Population,3,YLDs (Years Lived with Disability),4871,Telangana,2,Female,9,20-24 years,498,Hypertensive heart disease,108,High body-mass index,1,Number,2018,4.681993012223935,9.056378392142575,1.6525894487892567
1,All Population,3,YLDs (Years Lived with Disability),4856,Karnataka,1,Male,9,20-24 years,493,Ischemic heart disease,108,High body-mass index,1,Number,2019,23.448508309684154,51.508375858332755,6.494719430719847
1,All Population,3,YLDs (Years Lived with Disability),4856,Karnataka,2,Female,9,20-24 years,493,Ischemic heart disease,108,High body-mass index,1,Number,2019,37.37978275084809,85.86329596031472,9.841186429862738
1,All Population,3,YLDs (Years Lived with Disability),4861,Manipur,1,Male,9,20-24 years,493,Ischemic heart disease,108,High body-mass index,1,Number,2017,1.0024191364382875,2.468225031791655,0.22597673714595679
1,All Population,3,YLDs (Years Lived with Disability),4861,Manipur,2,Female,9,20-24 years,493,Ischemic heart disease,108,High body-mass index,1,Number,2017,1.3422860336042575,2.8790345711005436,0.40942921211202576
1,All Population,3,YLDs (Years Lived with Disability),4870,Tamil Nadu,1,Male,9,20-24 years,494,Stroke,108,High body-mass index,1,Number,2018,10.80496911943038,53.53806317086955,-24.330962340824275
1,All Population,3,YLDs (Years Lived with Disability),4870,Tamil Nadu,2,Female,9,20-24 years,494,Stroke,108,High body-mass index,1,Number,2018,46.26228172762037,130.09020783553038,-7.082531061728416
1,All Population,3,YLDs (Years Lived with Disability),4867,Punjab,1,Male,9,20-24 years,498,Hypertensive heart disease,107,High systolic blood pressure,1,Number,2019,3.488959141802719,6.012407203152392,1.9609835728612774
1,All Population,3,YLDs (Years Lived with Disability),4867,Punjab,2,Female,9,20-24 years,498,Hypertensive heart disease,107,High systolic blood pressure,1,Number,2019,6.363682835864708,10.418355096387835,3.566488818422497
1,All Population,3,YLDs (Years Lived with Disability),4867,Punjab,1,Male,9,20-24 years,498,Hypertensive heart disease,108,High body-mass index,1,Number,2019,1.989708264349333,3.6694119901657722,0.766327311972555
1,All Population,3,YLDs (Years Lived with Disability),4867,Punjab,2,Female,9,20-24 years,498,Hypertensive heart disease,108,High body-mass index,1,Number,2019,3.043899819249576,5.718266505170762,1.1169951625548957
1,All Population,3,YLDs (Years Lived with Disability),4854,Jammu & Kashmir and Ladakh,1,Male,9,20-24 years,498,Hypertensive heart disease,107,High systolic blood pressure,1,Number,2016,1.6835622439657443,2.7837980925621335,0.9823467171024637
1,All Population,3,YLDs (Years Lived with Disability),4854,Jammu & Kashmir and Ladakh,2,Female,9,20-24 years,498,Hypertensive heart disease,107,High systolic blood pressure,1,Number,2016,3.750378124927951,6.128389518790322,2.173223070398617
1,All Population,3,YLDs (Years Lived with Disability),4854,Jammu & Kashmir and Ladakh,1,Male,9,20-24 years,498,Hypertensive heart disease,108,High body-mass index,1,Number,2016,0.6220130723258087,1.1437480138434093,0.22876405476209175
1,All Population,3,YLDs (Years Lived with Disability),4854,Jammu & Kashmir and Ladakh,2,Female,9,20-24 years,498,Hypertensive heart disease,108,High body-mass index,1,Number,2016,1.6528068248643384,3.0972931100093843,0.6678524149831289
1,All Population,3,YLDs (Years Lived with Disability),4869,Sikkim,1,Male,9,20-24 years,494,Stroke,108,High body-mass index,1,Number,2019,0.12130635351212596,0.5530640102047363,-0.2645445045684575
1,All Population,3,YLDs (Years Lived with Disability),4869,Sikkim,2,Female,9,20-24 years,494,Stroke,108,High body-mass index,1,Number,2019,0.3772743201671809,0.9983323824276553,-0.13307597917082323
1,All Population,3,YLDs (Years Lived with Disability),4869,Sikkim,1,Male,9,20-24 years,493,Ischemic heart disease,108,High body-mass index,1,Number,2017,0.24350315966618152,0.4816147719347388,0.07480289143372264
1,All Population,3,YLDs (Years Lived with Disability),4869,Sikkim,2,Female,9,20-24 years,493,Ischemic heart disease,108,High body-mass index,1,Number,2017,0.3830583182760082,0.7568166550181847,0.12323949128678116
1,All Population,3,YLDs (Years Lived with Disability),4846,Chhattisgarh,1,Male,9,20-24 years,498,Hypertensive heart disease,107,High systolic blood pressure,1,Number,2017,4.091766226034839,6.9124006679958265,2.3451857322772605
1,All Population,3,YLDs (Years Lived with Disability),4846,Chhattisgarh,2,Female,9,20-24 years,498,Hypertensive heart disease,107,High systolic blood pressure,1,Number,2017,9.291809213513686,15.460444366446449,5.572724432727973
1,All Population,3,YLDs (Years Lived with Disability),4846,Chhattisgarh,1,Male,9,20-24 years,498,Hypertensive heart disease,108,High body-mass index,1,Number,2017,0.8656434175552772,2.000733424533359,0.2503142887360741
1,All Population,3,YLDs (Years Lived with Disability),4846,Chhattisgarh,2,Female,9,20-24 years,498,Hypertensive heart disease,108,High body-mass index,1,Number,2017,2.4002972718520583,4.927005151094487,0.843633639149439
1,All Population,3,YLDs (Years Lived with Disability),4844,Bihar,1,Male,9,20-24 years,498,Hypertensive heart disease,107,High systolic blood pressure,1,Number,2018,12.879350646478057,21.53117959027535,7.447968883681036
1,All Population,3,YLDs (Years Lived with Disability),4844,Bihar,2,Female,9,20-24 years,498,Hypertensive heart disease,107,High systolic blood pressure,1,Number,2018,32.04992056739841,54.43307172199171,18.555112012614515
1,All Population,3,YLDs (Years Lived with Disability),4844,Bihar,1,Male,9,20-24 years,498,Hypertensive heart disease,108,High body-mass index,1,Number,2018,3.583621168663286,7.216894225999126,1.1876335082349612
1,All Population,3,YLDs (Years Lived with Disability),4844,Bihar,2,Female,9,20-24 years,498,Hypertensive heart disease,108,High body-mass index,1,Number,2018,8.767666793568505,18.128870609688114,2.954044275110914
1,All Population,3,YLDs (Years Lived with Disability),4862,Meghalaya,1,Male,9,20-24 years,498,Hypertensive heart disease,107,High systolic blood pressure,1,Number,2017,0.4256534388533627,0.7144834048590629,0.24778731875790866
1,All Population,3,YLDs (Years Lived with Disability),4862,Meghalaya,2,Female,9,20-24 years,498,Hypertensive heart disease,107,High systolic blood pressure,1,Number,2017,1.3552585989058417,2.217109620759582,0.7993876432337639
1,All Population,3,YLDs (Years Lived with Disability),4862,Meghalaya,1,Male,9,20-24 years,498,Hypertensive heart disease,108,High body-mass index,1,Number,2017,0.1507239151675548,0.31164265394182,0.04654842803217804
1,All Population,3,YLDs (Years Lived with Disability),4862,Meghalaya,2,Female,9,20-24 years,498,Hypertensive heart disease,108,High body-mass index,1,Number,2017,0.42877392333417036,0.8725766186164885,0.15016145139799636
1,All Population,3,YLDs (Years Lived with Disability),4844,Bihar,1,Male,9,20-24 years,494,Stroke,108,High body-mass index,1,Number,2016,0.09003197626125051,41.192432597939515,-49.603530351260005
1,All Population,3,YLDs (Years Lived with Disability),4844,Bihar,2,Female,9,20-24 years,494,Stroke,108,High body-mass index,1,Number,2016,3.8522656629744665,36.15148278103844,-40.6219917133334
1,All Population,3,YLDs (Years Lived with Disability),4841,Andhra Pradesh,1,Male,9,20-24 years,498,Hypertensive heart disease,107,High systolic blood pressure,1,Number,2016,4.665275502249603,7.9003850111579474,2.6306122389748685
1,All Population,3,YLDs (Years Lived with Disability),4841,Andhra Pradesh,2,Female,9,20-24 years,498,Hypertensive heart disease,107,High systolic blood pressure,1,Number,2016,14.476594125836616,22.840233503837936,8.444451650247375
1,All Population,3,YLDs (Years Lived with Disability),4841,Andhra Pradesh,1,Male,9,20-24 years,498,Hypertensive heart disease,108,High body-mass index,1,Number,2016,1.745276236041295,3.5536103590192347,0.5734292675251407
1,All Population,3,YLDs (Years Lived with Disability),4841,Andhra Pradesh,2,Female,9,20-24 years,498,Hypertensive heart disease,108,High body-mass index,1,Number,2016,5.924235682060168,11.10813566550708,2.0728100406236933
1,All Population,3,YLDs (Years Lived with Disability),4856,Karnataka,1,Male,9,20-24 years,498,Hypertensive heart disease,107,High systolic blood pressure,1,Number,2018,6.918086687008951,11.864943362085837,3.9763291778221896
1,All Population,3,YLDs (Years Lived with Disability),4856,Karnataka,2,Female,9,20-24 years,498,Hypertensive heart disease,107,High systolic blood pressure,1,Number,2018,16.15933795763005,27.064834608435994,9.218333993409795
1,All Population,3,YLDs (Years Lived with Disability),4856,Karnataka,1,Male,9,20-24 years,498,Hypertensive heart disease,108,High body-mass index,1,Number,2018,2.26371009993146,4.712584365868286,0.6895925066493155
1,All Population,3,YLDs (Years Lived with Disability),4856,Karnataka,2,Female,9,20-24 years,498,Hypertensive heart disease,108,High body-mass index,1,Number,2018,6.707599983988277,13.544544934480275,2.4569299367444213
1,All Population,3,YLDs (Years Lived with Disability),4874,Uttarakhand,1,Male,9,20-24 years,498,Hypertensive heart disease,107,High systolic blood pressure,1,Number,2017,1.367691140380486,2.2592321208740667,0.7830928528216705
1,All Population,3,YLDs (Years Lived with Disability),4874,Uttarakhand,2,Female,9,20-24 years,498,Hypertensive heart disease,107,High systolic blood pressure,1,Number,2017,3.4910523983519646,5.906049357003804,2.0414031243657016
1,All Population,3,YLDs (Years Lived with Disability),4874,Uttarakhand,1,Male,9,20-24 years,498,Hypertensive heart disease,108,High body-mass index,1,Number,2017,0.48692604252147403,1.0162445688445847,0.14848242604277034
1,All Population,3,YLDs (Years Lived with Disability),4874,Uttarakhand,2,Female,9,20-24 years,498,Hypertensive heart disease,108,High body-mass index,1,Number,2017,1.3206528092708176,2.634148765432621,0.44845452141003755
1,All Population,3,YLDs (Years Lived with Disability),4875,West Bengal,1,Male,9,20-24 years,494,Stroke,108,High body-mass index,1,Number,2016,3.8092192018662994,41.99479535631262,-50.23621176691916
1,All Population,3,YLDs (Years Lived with Disability),4875,West Bengal,2,Female,9,20-24 years,494,Stroke,108,High body-mass index,1,Number,2016,35.366465208555574,124.31577671207484,-24.17614746812388
1,All Population,3,YLDs (Years Lived with Disability),4867,Punjab,1,Male,9,20-24 years,493,Ischemic heart disease,108,High body-mass index,1,Number,2018,43.42873846200313,83.13371667924653,12.237557601230817
1,All Population,3,YLDs (Years Lived with Disability),4867,Punjab,2,Female,9,20-24 years,493,Ischemic heart disease,108,High body-mass index,1,Number,2018,24.32901325728153,47.61888927122803,8.32153041589863
1,All Population,3,YLDs (Years Lived with Disability),4868,Rajasthan,1,Male,9,20-24 years,493,Ischemic heart disease,108,High body-mass index,1,Number,2019,26.33943452755218,58.69083415909979,6.56523299183401
1,All Population,3,YLDs (Years Lived with Disability),4868,Rajasthan,2,Female,9,20-24 years,493,Ischemic heart disease,108,High body-mass index,1,Number,2019,22.640861685246637,49.44385610043153,6.79882997786541
1,All Population,3,YLDs (Years Lived with Disability),4875,West Bengal,1,Male,9,20-24 years,498,Hypertensive heart disease,107,High systolic blood pressure,1,Number,2019,9.235592320000826,15.440196946643878,5.156133085438782
1,All Population,3,YLDs (Years Lived with Disability),4875,West Bengal,2,Female,9,20-24 years,498,Hypertensive heart disease,107,High systolic blood pressure,1,Number,2019,27.30534320458158,46.59754392315878,15.591746602050767
1,All Population,3,YLDs (Years Lived with Disability),4875,West Bengal,1,Male,9,20-24 years,498,Hypertensive heart disease,108,High body-mass index,1,Number,2019,2.656117941142889,6.148791390749872,0.8076648620073243
1,All Population,3,YLDs (Years Lived with Disability),4875,West Bengal,2,Female,9,20-24 years,498,Hypertensive heart disease,108,High body-mass index,1,Number,2019,11.215100308873485,22.613816889691414,3.8739204658768953
1,All Population,3,YLDs (Years Lived with Disability),4871,Telangana,1,Male,9,20-24 years,494,Stroke,108,High body-mass index,1,Number,2019,12.326426900821138,38.50961453721342,-5.5593211788923735
1,All Population,3,YLDs (Years Lived with Disability),4871,Telangana,2,Female,9,20-24 years,494,Stroke,108,High body-mass index,1,Number,2019,16.012715229390302,52.107375138466224,-3.6348186531726285
1,All Population,3,YLDs (Years Lived with Disability),4854,Jammu & Kashmir and Ladakh,1,Male,9,20-24 years,498,Hypertensive heart disease,107,High systolic blood pressure,1,Number,2019,1.7535676322113118,2.9697824578295564,0.9905292268348654
1,All Population,3,YLDs (Years Lived with Disability),4854,Jammu & Kashmir and Ladakh,2,Female,9,20-24 years,498,Hypertensive heart disease,107,High systolic blood pressure,1,Number,2019,3.9081050631696588,6.486775820719853,2.1897860367307325
1,All Population,3,YLDs (Years Lived with Disability),4854,Jammu & Kashmir and Ladakh,1,Male,9,20-24 years,498,Hypertensive heart disease,108,High body-mass index,1,Number,2019,0.6838547151737633,1.330304754992971,0.2586664693142546
1,All Population,3,YLDs (Years Lived with Disability),4854,Jammu & Kashmir and Ladakh,2,Female,9,20-24 years,498,Hypertensive heart disease,108,High body-mass index,1,Number,2019,1.846956280379724,3.4675352033426607,0.7112687825121253
1,All Population,3,YLDs (Years Lived with Disability),4857,Kerala,1,Male,9,20-24 years,498,Hypertensive heart disease,108,High body-mass index,1,Number,2019,1.214954400389166,2.2230888342362363,0.5120099733039344
1,All Population,3,YLDs (Years Lived with Disability),4857,Kerala,2,Female,9,20-24 years,498,Hypertensive heart disease,108,High body-mass index,1,Number,2019,5.276418061374345,9.89723338823042,2.085538700691138
1,All Population,3,YLDs (Years Lived with Disability),4863,Mizoram,1,Male,9,20-24 years,493,Ischemic heart disease,108,High body-mass index,1,Number,2019,0.25035908916727595,0.5497936258041226,0.06009046515491734
1,All Population,3,YLDs (Years Lived with Disability),4863,Mizoram,2,Female,9,20-24 years,493,Ischemic heart disease,108,High body-mass index,1,Number,2019,0.2580730730342196,0.5873911067899829,0.07871310232875382
1,All Population,3,YLDs (Years Lived with Disability),4853,Himachal Pradesh,1,Male,9,20-24 years,498,Hypertensive heart disease,107,High systolic blood pressure,1,Number,2019,0.8145871785648754,1.3878075464487338,0.45092751474366743
1,All Population,3,YLDs (Years Lived with Disability),4853,Himachal Pradesh,2,Female,9,20-24 years,498,Hypertensive heart disease,107,High systolic blood pressure,1,Number,2019,2.1393421204198715,3.63742553204497,1.2167485583112083
1,All Population,3,YLDs (Years Lived with Disability),4853,Himachal Pradesh,1,Male,9,20-24 years,498,Hypertensive heart disease,108,High body-mass index,1,Number,2019,0.3244532746770828,0.6144243010632794,0.1263162722377439
1,All Population,3,YLDs (Years Lived with Disability),4853,Himachal Pradesh,2,Female,9,20-24 years,498,Hypertensive heart disease,108,High body-mass index,1,Number,2019,0.8436672930137041,1.6304603082745868,0.3147115301398174
1,All Population,3,YLDs (Years Lived with Disability),4859,Madhya Pradesh,1,Male,9,20-24 years,498,Hypertensive heart disease,107,High systolic blood pressure,1,Number,2017,8.303815800651646,14.056430386044513,4.665852011988589
1,All Population,3,YLDs (Years Lived with Disability),4859,Madhya Pradesh,2,Female,9,20-24 years,498,Hypertensive heart disease,107,High systolic blood pressure,1,Number,2017,27.88451527288338,46.96184466801651,16.602130046347977
1,All Population,3,YLDs (Years Lived with Disability),4859,Madhya Pradesh,1,Male,9,20-24 years,498,Hypertensive heart disease,108,High body-mass index,1,Number,2017,1.8214308148827867,4.074528575818383,0.4748895236656483
1,All Population,3,YLDs (Years Lived with Disability),4859,Madhya Pradesh,2,Female,9,20-24 years,498,Hypertensive heart disease,108,High body-mass index,1,Number,2017,6.888609498850249,13.548199268126845,2.2641309872595854
1,All Population,3,YLDs (Years Lived with Disability),4856,Karnataka,1,Male,9,20-24 years,498,Hypertensive heart disease,107,High systolic blood pressure,1,Number,2017,6.980280110544212,11.863731214694656,3.975401276727911
1,All Population,3,YLDs (Years Lived with Disability),4856,Karnataka,2,Female,9,20-24 years,498,Hypertensive heart disease,107,High systolic blood pressure,1,Number,2017,16.16359523273291,26.60313234981639,9.316445818336222
1,All Population,3,YLDs (Years Lived with Disability),4856,Karnataka,1,Male,9,20-24 years,498,Hypertensive heart disease,108,High body-mass index,1,Number,2017,2.2412846858112436,4.699366536428816,0.6868595917165012
1,All Population,3,YLDs (Years Lived with Disability),4856,Karnataka,2,Female,9,20-24 years,498,Hypertensive heart disease,108,High body-mass index,1,Number,2017,6.451025414179956,12.0664047643645,2.269481995794577
1,All Population,3,YLDs (Years Lived with Disability),4841,Andhra Pradesh,1,Male,9,20-24 years,498,Hypertensive heart disease,107,High systolic blood pressure,1,Number,2019,4.561133353370624,7.839314554237122,2.417794726946627
1,All Population,3,YLDs (Years Lived with Disability),4841,Andhra Pradesh,2,Female,9,20-24 years,498,Hypertensive heart disease,107,High systolic blood pressure,1,Number,2019,14.557610003971615,24.549536101678083,8.123661654082193
1,All Population,3,YLDs (Years Lived with Disability),4841,Andhra Pradesh,1,Male,9,20-24 years,498,Hypertensive heart disease,108,High body-mass index,1,Number,2019,1.7807083655199634,3.81096917370067,0.5618683786149774
1,All Population,3,YLDs (Years Lived with Disability),4841,Andhra Pradesh,2,Female,9,20-24 years,498,Hypertensive heart disease,108,High body-mass index,1,Number,2019,6.526032533145408,12.296801689026784,2.594247492103464
1,All Population,3,YLDs (Years Lived with Disability),4841,Andhra Pradesh,1,Male,9,20-24 years,498,Hypertensive heart disease,107,High systolic blood pressure,1,Number,2017,4.644204679256069,7.830321935019223,2.6692758292157603
1,All Population,3,YLDs (Years Lived with Disability),4841,Andhra Pradesh,2,Female,9,20-24 years,498,Hypertensive heart disease,107,High systolic blood pressure,1,Number,2017,14.562579814379113,23.649948704085524,8.414843161579855
1,All Population,3,YLDs (Years Lived with Disability),4841,Andhra Pradesh,1,Male,9,20-24 years,498,Hypertensive heart disease,108,High body-mass index,1,Number,2017,1.7623276910370886,3.691286643573326,0.5686130846909034
1,All Population,3,YLDs (Years Lived with Disability),4841,Andhra Pradesh,2,Female,9,20-24 years,498,Hypertensive heart disease,108,High body-mass index,1,Number,2017,6.157982854770659,11.567555019932858,2.112962275484131
1,All Population,3,YLDs (Years Lived with Disability),4874,Uttarakhand,1,Male,9,20-24 years,494,Stroke,108,High body-mass index,1,Number,2019,2.7033163195770613,10.81504976267062,-4.309172907422213
1,All Population,3,YLDs (Years Lived with Disability),4874,Uttarakhand,2,Female,9,20-24 years,494,Stroke,108,High body-mass index,1,Number,2019,2.9221983357992354,12.324129997501789,-3.6084235489625014
1,All Population,3,YLDs (Years Lived with Disability),4850,Goa,1,Male,9,20-24 years,494,Stroke,108,High body-mass index,1,Number,2016,1.1520974279469027,3.6006331684104786,-0.15670790399748913
1,All Population,3,YLDs (Years Lived with Disability),4850,Goa,2,Female,9,20-24 years,494,Stroke,108,High body-mass index,1,Number,2016,0.8855496388722269,2.5449563044231884,-0.1806224102491651
1,All Population,3,YLDs (Years Lived with Disability),4861,Manipur,1,Male,9,20-24 years,498,Hypertensive heart disease,107,High systolic blood pressure,1,Number,2018,0.40637308495776864,0.6996401824632119,0.2355785629744238
1,All Population,3,YLDs (Years Lived with Disability),4861,Manipur,2,Female,9,20-24 years,498,Hypertensive heart disease,107,High systolic blood pressure,1,Number,2018,1.1496236056727709,1.8762574937596341,0.6823358568907748
1,All Population,3,YLDs (Years Lived with Disability),4861,Manipur,1,Male,9,20-24 years,498,Hypertensive heart disease,108,High body-mass index,1,Number,2018,0.1586053714247077,0.33960120293998125,0.05046415087369673
1,All Population,3,YLDs (Years Lived with Disability),4861,Manipur,2,Female,9,20-24 years,498,Hypertensive heart disease,108,High body-mass index,1,Number,2018,0.5010061013661744,0.9827650410936115,0.1864795219164896
1,All Population,3,YLDs (Years Lived with Disability),4843,Assam,1,Male,9,20-24 years,498,Hypertensive heart disease,107,High systolic blood pressure,1,Number,2018,5.575453586831766,9.484670210777049,3.135551415955293
1,All Population,3,YLDs (Years Lived with Disability),4843,Assam,2,Female,9,20-24 years,498,Hypertensive heart disease,107,High systolic blood pressure,1,Number,2018,11.65928714350956,19.47226760855402,6.808775970492811
1,All Population,3,YLDs (Years Lived with Disability),4843,Assam,1,Male,9,20-24 years,498,Hypertensive heart disease,108,High body-mass index,1,Number,2018,1.9859677280693633,3.979683775762923,0.72450151628183
1,All Population,3,YLDs (Years Lived with Disability),4843,Assam,2,Female,9,20-24 years,498,Hypertensive heart disease,108,High body-mass index,1,Number,2018,3.7230261210530062,7.546877091343527,1.3622080286901168
1,All Population,3,YLDs (Years Lived with Disability),4857,Kerala,1,Male,9,20-24 years,498,Hypertensive heart disease,108,High body-mass index,1,Number,2018,1.2093950603106547,2.251471029525425,0.4969009057066906
1,All Population,3,YLDs (Years Lived with Disability),4857,Kerala,2,Female,9,20-24 years,498,Hypertensive heart disease,108,High body-mass index,1,Number,2018,5.208094293368048,9.33407800860992,2.1519090374639815
1,All Population,3,YLDs (Years Lived with Disability),4873,Uttar Pradesh,1,Male,9,20-24 years,498,Hypertensive heart disease,107,High systolic blood pressure,1,Number,2016,35.30967909269379,60.09014705286437,20.83867676455683
1,All Population,3,YLDs (Years Lived with Disability),4873,Uttar Pradesh,2,Female,9,20-24 years,498,Hypertensive heart disease,107,High systolic blood pressure,1,Number,2016,73.49522118393358,122.88883430897182,43.07948652434072
1,All Population,3,YLDs (Years Lived with Disability),4873,Uttar Pradesh,1,Male,9,20-24 years,498,Hypertensive heart disease,108,High body-mass index,1,Number,2016,8.84148235368526,18.568713583355784,3.0207341524960114
1,All Population,3,YLDs (Years Lived with Disability),4873,Uttar Pradesh,2,Female,9,20-24 years,498,Hypertensive heart disease,108,High body-mass index,1,Number,2016,22.475446147023078,45.517047336165234,7.841358134150547
1,All Population,3,YLDs (Years Lived with Disability),4862,Meghalaya,1,Male,9,20-24 years,498,Hypertensive heart disease,107,High systolic blood pressure,1,Number,2019,0.4402199160220466,0.745329146308905,0.24719093310269152
1,All Population,3,YLDs (Years Lived with Disability),4862,Meghalaya,2,Female,9,20-24 years,498,Hypertensive heart disease,107,High systolic blood pressure,1,Number,2019,1.4181337767896294,2.3919567307021237,0.8396612812987322
1,All Population,3,YLDs (Years Lived with Disability),4862,Meghalaya,1,Male,9,20-24 years,498,Hypertensive heart disease,108,High body-mass index,1,Number,2019,0.1594916492254204,0.3377393866882,0.047599528333320526
1,All Population,3,YLDs (Years Lived with Disability),4862,Meghalaya,2,Female,9,20-24 years,498,Hypertensive heart disease,108,High body-mass index,1,Number,2019,0.4654183681621221,0.9464493642733467,0.16435070295995002
1,All Population,3,YLDs (Years Lived with Disability),4854,Jammu & Kashmir and Ladakh,1,Male,9,20-24 years,494,Stroke,108,High body-mass index,1,Number,2018,2.2056051772110528,10.461993819303139,-5.15232915689427
1,All Population,3,YLDs (Years Lived with Disability),4854,Jammu & Kashmir and Ladakh,2,Female,9,20-24 years,494,Stroke,108,High body-mass index,1,Number,2018,4.300084261410543,13.848004315475066,-3.9613618989670676
1,All Population,3,YLDs (Years Lived with Disability),4870,Tamil Nadu,1,Male,9,20-24 years,494,Stroke,108,High body-mass index,1,Number,2017,10.041815788473702,50.88837319434133,-29.654710772967324
1,All Population,3,YLDs (Years Lived with Disability),4870,Tamil Nadu,2,Female,9,20-24 years,494,Stroke,108,High body-mass index,1,Number,2017,42.093437090505,118.72465643967783,-9.789807486495892
1,All Population,3,YLDs (Years Lived with Disability),4851,Gujarat,1,Male,9,20-24 years,498,Hypertensive heart disease,107,High systolic blood pressure,1,Number,2018,8.281221647419612,14.203943753858018,4.723223603817512
1,All Population,3,YLDs (Years Lived with Disability),4851,Gujarat,2,Female,9,20-24 years,498,Hypertensive heart disease,107,High systolic blood pressure,1,Number,2018,18.445480285452593,30.259098188111007,10.661891213598924
1,All Population,3,YLDs (Years Lived with Disability),4851,Gujarat,1,Male,9,20-24 years,498,Hypertensive heart disease,108,High body-mass index,1,Number,2018,2.2902498082143032,4.7654991959301665,0.7851094621662345
1,All Population,3,YLDs (Years Lived with Disability),4851,Gujarat,2,Female,9,20-24 years,498,Hypertensive heart disease,108,High body-mass index,1,Number,2018,7.02950288723005,14.59508758531736,2.351494716474745
1,All Population,3,YLDs (Years Lived with Disability),4864,Nagaland,1,Male,9,20-24 years,494,Stroke,108,High body-mass index,1,Number,2018,0.29474193377316904,1.5434668892585965,-1.011805727753436
1,All Population,3,YLDs (Years Lived with Disability),4864,Nagaland,2,Female,9,20-24 years,494,Stroke,108,High body-mass index,1,Number,2018,-0.03621210892517673,0.65647194959916,-1.2485035646374105
1,All Population,3,YLDs (Years Lived with Disability),4864,Nagaland,1,Male,9,20-24 years,498,Hypertensive heart disease,107,High systolic blood pressure,1,Number,2017,0.26560194603837456,0.4261876759461318,0.14744081594564562
1,All Population,3,YLDs (Years Lived with Disability),4864,Nagaland,2,Female,9,20-24 years,498,Hypertensive heart disease,107,High systolic blood pressure,1,Number,2017,0.7506152284871482,1.226171307814424,0.4474024747071432
1,All Population,3,YLDs (Years Lived with Disability),4864,Nagaland,1,Male,9,20-24 years,498,Hypertensive heart disease,108,High body-mass index,1,Number,2017,0.09098702798881342,0.19034808344272622,0.027247273274174373
1,All Population,3,YLDs (Years Lived with Disability),4864,Nagaland,2,Female,9,20-24 years,498,Hypertensive heart disease,108,High body-mass index,1,Number,2017,0.21798933431377493,0.4488659471016976,0.07653037577585936
1,All Population,3,YLDs (Years Lived with Disability),4852,Haryana,1,Male,9,20-24 years,493,Ischemic heart disease,108,High body-mass index,1,Number,2019,19.654250093993088,39.455229786437634,5.214160323244251
1,All Population,3,YLDs (Years Lived with Disability),4852,Haryana,2,Female,9,20-24 years,493,Ischemic heart disease,108,High body-mass index,1,Number,2019,12.859975523414622,27.022976880134024,4.067903772518391
1,All Population,3,YLDs (Years Lived with Disability),4863,Mizoram,1,Male,9,20-24 years,494,Stroke,108,High body-mass index,1,Number,2018,0.17116031691706687,0.8521226337921647,-0.4618308345583277
1,All Population,3,YLDs (Years Lived with Disability),4863,Mizoram,2,Female,9,20-24 years,494,Stroke,108,High body-mass index,1,Number,2018,0.1033999836008432,0.7666472327147473,-0.5767180037294297
1,All Population,3,YLDs (Years Lived with Disability),4867,Punjab,1,Male,9,20-24 years,493,Ischemic heart disease,108,High body-mass index,1,Number,2017,43.73154982094069,88.90672033651364,13.048984301172856
1,All Population,3,YLDs (Years Lived with Disability),4867,Punjab,2,Female,9,20-24 years,493,Ischemic heart disease,108,High body-mass index,1,Number,2017,24.833898307368255,49.155068893134256,7.972610451553589
1,All Population,3,YLDs (Years Lived with Disability),4854,Jammu & Kashmir and Ladakh,1,Male,9,20-24 years,494,Stroke,108,High body-mass index,1,Number,2017,1.9681390672821555,9.539708469855245,-4.989599209193376
1,All Population,3,YLDs (Years Lived with Disability),4854,Jammu & Kashmir and Ladakh,2,Female,9,20-24 years,494,Stroke,108,High body-mass index,1,Number,2017,3.7282780125914745,12.507474752222508,-4.200056920716515
1,All Population,3,YLDs (Years Lived with Disability),4862,Meghalaya,1,Male,9,20-24 years,498,Hypertensive heart disease,107,High systolic blood pressure,1,Number,2016,0.41816254662298696,0.6911225367834511,0.24771816221903264
1,All Population,3,YLDs (Years Lived with Disability),4862,Meghalaya,2,Female,9,20-24 years,498,Hypertensive heart disease,107,High systolic blood pressure,1,Number,2016,1.3192700539280267,2.1313228348082434,0.7839480934615644
1,All Population,3,YLDs (Years Lived with Disability),4862,Meghalaya,1,Male,9,20-24 years,498,Hypertensive heart disease,108,High body-mass index,1,Number,2016,0.14669402811996543,0.30186330277716367,0.04664329899504625
1,All Population,3,YLDs (Years Lived with Disability),4862,Meghalaya,2,Female,9,20-24 years,498,Hypertensive heart disease,108,High body-mass index,1,Number,2016,0.4102759529010315,0.8348363757272569,0.14404657344888674
1,All Population,3,YLDs (Years Lived with Disability),4870,Tamil Nadu,1,Male,9,20-24 years,498,Hypertensive heart disease,107,High systolic blood pressure,1,Number,2018,5.957881769955199,10.114532836002075,3.3307274897954535
1,All Population,3,YLDs (Years Lived with Disability),4870,Tamil Nadu,2,Female,9,20-24 years,498,Hypertensive heart disease,107,High systolic blood pressure,1,Number,2018,16.517214487392266,28.223210751354948,9.387149167432273
1,All Population,3,YLDs (Years Lived with Disability),4870,Tamil Nadu,1,Male,9,20-24 years,498,Hypertensive heart disease,108,High body-mass index,1,Number,2018,1.9516867919982062,3.903691507085597,0.6994136964192932
1,All Population,3,YLDs (Years Lived with Disability),4870,Tamil Nadu,2,Female,9,20-24 years,498,Hypertensive heart disease,108,High body-mass index,1,Number,2018,8.191272404587032,15.342271661295875,3.2931498555685907
1,All Population,3,YLDs (Years Lived with Disability),4852,Haryana,1,Male,9,20-24 years,498,Hypertensive heart disease,107,High systolic blood pressure,1,Number,2018,3.705165394509162,6.327811133126158,2.03283278881295
1,All Population,3,YLDs (Years Lived with Disability),4852,Haryana,2,Female,9,20-24 years,498,Hypertensive heart disease,107,High systolic blood pressure,1,Number,2018,7.477142779122644,12.10380835186502,4.448005148815488
1,All Population,3,YLDs (Years Lived with Disability),4852,Haryana,1,Male,9,20-24 years,498,Hypertensive heart disease,108,High body-mass index,1,Number,2018,1.81677225154304,3.5693728720844042,0.6982089866538097
1,All Population,3,YLDs (Years Lived with Disability),4852,Haryana,2,Female,9,20-24 years,498,Hypertensive heart disease,108,High body-mass index,1,Number,2018,3.1906879405344664,5.979493457509779,1.1044534841105602
1,All Population,3,YLDs (Years Lived with Disability),4868,Rajasthan,1,Male,9,20-24 years,494,Stroke,108,High body-mass index,1,Number,2016,3.480755743436626,31.804416942253916,-23.731949158161513
1,All Population,3,YLDs (Years Lived with Disability),4868,Rajasthan,2,Female,9,20-24 years,494,Stroke,108,High body-mass index,1,Number,2016,4.264454961083844,32.79648608545903,-29.514622085089794
1,All Population,3,YLDs (Years Lived with Disability),4852,Haryana,1,Male,9,20-24 years,494,Stroke,108,High body-mass index,1,Number,2019,17.336086339852667,53.81618388243644,-5.574765910582593
1,All Population,3,YLDs (Years Lived with Disability),4852,Haryana,2,Female,9,20-24 years,494,Stroke,108,High body-mass index,1,Number,2019,11.690656390086533,38.32676564914016,-2.8448848891554372
1,All Population,3,YLDs (Years Lived with Disability),4849,Delhi,1,Male,9,20-24 years,498,Hypertensive heart disease,107,High systolic blood pressure,1,Number,2019,2.5034872734052236,4.198649846585591,1.4057362873121306
1,All Population,3,YLDs (Years Lived with Disability),4849,Delhi,2,Female,9,20-24 years,498,Hypertensive heart disease,107,High systolic blood pressure,1,Number,2019,5.740566364520511,9.576872291627033,3.241803071183722
1,All Population,3,YLDs (Years Lived with Disability),4849,Delhi,1,Male,9,20-24 years,498,Hypertensive heart disease,108,High body-mass index,1,Number,2019,1.326705917120476,2.5612398762853354,0.5132001787042764
1,All Population,3,YLDs (Years Lived with Disability),4849,Delhi,2,Female,9,20-24 years,498,Hypertensive heart disease,108,High body-mass index,1,Number,2019,2.873636030237285,5.267913011798814,1.1070274884867704
1,All Population,3,YLDs (Years Lived with Disability),4874,Uttarakhand,1,Male,9,20-24 years,498,Hypertensive heart disease,107,High systolic blood pressure,1,Number,2018,1.37797199050468,2.328882830278508,0.7716773621688844
1,All Population,3,YLDs (Years Lived with Disability),4874,Uttarakhand,2,Female,9,20-24 years,498,Hypertensive heart disease,107,High systolic blood pressure,1,Number,2018,3.5399078953178713,6.037516003772611,2.0903169962434482
1,All Population,3,YLDs (Years Lived with Disability),4874,Uttarakhand,1,Male,9,20-24 years,498,Hypertensive heart disease,108,High body-mass index,1,Number,2018,0.4993172978087892,1.0718268203743737,0.15120875313596602
1,All Population,3,YLDs (Years Lived with Disability),4874,Uttarakhand,2,Female,9,20-24 years,498,Hypertensive heart disease,108,High body-mass index,1,Number,2018,1.3873858527412914,2.8361243993630683,0.47311092154271306
1,All Population,3,YLDs (Years Lived with Disability),4857,Kerala,1,Male,9,20-24 years,498,Hypertensive heart disease,107,High systolic blood pressure,1,Number,2016,2.602760936517168,4.292968943404786,1.4773092809983233
1,All Population,3,YLDs (Years Lived with Disability),4857,Kerala,2,Female,9,20-24 years,498,Hypertensive heart disease,107,High systolic blood pressure,1,Number,2016,9.684467632768285,15.947876655873728,5.6639873936750496
1,All Population,3,YLDs (Years Lived with Disability),4865,Odisha,1,Male,9,20-24 years,494,Stroke,108,High body-mass index,1,Number,2019,1.497454900551721,17.309099115310474,-18.185232597133815
1,All Population,3,YLDs (Years Lived with Disability),4865,Odisha,2,Female,9,20-24 years,494,Stroke,108,High body-mass index,1,Number,2019,5.920001219473281,31.30638079720138,-14.625596789705014
1,All Population,3,YLDs (Years Lived with Disability),4844,Bihar,1,Male,9,20-24 years,498,Hypertensive heart disease,107,High systolic blood pressure,1,Number,2019,13.355630103035075,22.116229150340818,7.553933050702408
1,All Population,3,YLDs (Years Lived with Disability),4844,Bihar,2,Female,9,20-24 years,498,Hypertensive heart disease,107,High systolic blood pressure,1,Number,2019,33.64240690843842,57.405301648981506,19.049573513010973
1,All Population,3,YLDs (Years Lived with Disability),4844,Bihar,1,Male,9,20-24 years,498,Hypertensive heart disease,108,High body-mass index,1,Number,2019,3.7942985630586734,7.725653457219956,1.2848075668508072
1,All Population,3,YLDs (Years Lived with Disability),4844,Bihar,2,Female,9,20-24 years,498,Hypertensive heart disease,108,High body-mass index,1,Number,2019,9.464791918678657,19.962126258196243,3.5037276676735853
1,All Population,3,YLDs (Years Lived with Disability),4869,Sikkim,1,Male,9,20-24 years,498,Hypertensive heart disease,107,High systolic blood pressure,1,Number,2019,0.08556700707963172,0.14511946746789464,0.04490933880736809
1,All Population,3,YLDs (Years Lived with Disability),4869,Sikkim,2,Female,9,20-24 years,498,Hypertensive heart disease,107,High systolic blood pressure,1,Number,2019,0.2145631210246425,0.3429582726046256,0.12230650950766207
1,All Population,3,YLDs (Years Lived with Disability),4869,Sikkim,1,Male,9,20-24 years,498,Hypertensive heart disease,108,High body-mass index,1,Number,2019,0.03136741817553769,0.059767166179625214,0.011156704678477191
1,All Population,3,YLDs (Years Lived with Disability),4869,Sikkim,2,Female,9,20-24 years,498,Hypertensive heart disease,108,High body-mass index,1,Number,2019,0.09938877152141151,0.18766933830632637,0.03987185412283173
1,All Population,3,YLDs (Years Lived with Disability),4842,Arunachal Pradesh,1,Male,9,20-24 years,498,Hypertensive heart disease,107,High systolic blood pressure,1,Number,2019,0.22819425011860214,0.4015966471385399,0.12449969174286954
1,All Population,3,YLDs (Years Lived with Disability),4842,Arunachal Pradesh,2,Female,9,20-24 years,498,Hypertensive heart disease,107,High systolic blood pressure,1,Number,2019,0.68379730902622,1.1643489901299957,0.39679758158220546
1,All Population,3,YLDs (Years Lived with Disability),4842,Arunachal Pradesh,1,Male,9,20-24 years,498,Hypertensive heart disease,108,High body-mass index,1,Number,2019,0.09571637542072756,0.20386915904068084,0.031031715255595938
1,All Population,3,YLDs (Years Lived with Disability),4842,Arunachal Pradesh,2,Female,9,20-24 years,498,Hypertensive heart disease,108,High body-mass index,1,Number,2019,0.30376367036769253,0.5774755823661181,0.1149724652485503
1,All Population,3,YLDs (Years Lived with Disability),4844,Bihar,1,Male,9,20-24 years,498,Hypertensive heart disease,107,High systolic blood pressure,1,Number,2016,11.94069310907268,20.081828160788724,6.945122506172972
1,All Population,3,YLDs (Years Lived with Disability),4844,Bihar,2,Female,9,20-24 years,498,Hypertensive heart disease,107,High systolic blood pressure,1,Number,2016,28.919757213600146,49.32439284261477,16.866476907082784
1,All Population,3,YLDs (Years Lived with Disability),4844,Bihar,1,Male,9,20-24 years,498,Hypertensive heart disease,108,High body-mass index,1,Number,2016,3.1799137233061345,6.792124064801715,1.051905690538667
1,All Population,3,YLDs (Years Lived with Disability),4844,Bihar,2,Female,9,20-24 years,498,Hypertensive heart disease,108,High body-mass index,1,Number,2016,7.462868114923395,15.729208995046958,2.395357215652422
1,All Population,3,YLDs (Years Lived with Disability),4843,Assam,1,Male,9,20-24 years,493,Ischemic heart disease,108,High body-mass index,1,Number,2017,8.988727608068581,19.636906652753982,2.580930621076892
1,All Population,3,YLDs (Years Lived with Disability),4843,Assam,2,Female,9,20-24 years,493,Ischemic heart disease,108,High body-mass index,1,Number,2017,7.982007494597138,16.914543688431433,2.2126081712717656
1,All Population,3,YLDs (Years Lived with Disability),4868,Rajasthan,1,Male,9,20-24 years,494,Stroke,108,High body-mass index,1,Number,2019,7.4033564809250345,49.96546893428835,-22.763737475650153
1,All Population,3,YLDs (Years Lived with Disability),4868,Rajasthan,2,Female,9,20-24 years,494,Stroke,108,High body-mass index,1,Number,2019,7.03162542863977,43.54066221229856,-32.92142919880437
1,All Population,3,YLDs (Years Lived with Disability),4859,Madhya Pradesh,1,Male,9,20-24 years,494,Stroke,108,High body-mass index,1,Number,2019,2.996293926336785,27.307516685211436,-27.00500401255303
1,All Population,3,YLDs (Years Lived with Disability),4859,Madhya Pradesh,2,Female,9,20-24 years,494,Stroke,108,High body-mass index,1,Number,2019,9.617448050922578,61.77323165273674,-27.669538850264324
1,All Population,3,YLDs (Years Lived with Disability),4874,Uttarakhand,1,Male,9,20-24 years,498,Hypertensive heart disease,107,High systolic blood pressure,1,Number,2019,1.3860873557038955,2.414511095320103,0.7549560835749205
1,All Population,3,YLDs (Years Lived with Disability),4874,Uttarakhand,2,Female,9,20-24 years,498,Hypertensive heart disease,107,High systolic blood pressure,1,Number,2019,3.5762995852140875,6.189697536668993,2.095414506650062
1,All Population,3,YLDs (Years Lived with Disability),4874,Uttarakhand,1,Male,9,20-24 years,498,Hypertensive heart disease,108,High body-mass index,1,Number,2019,0.512071826179803,1.1144342647541177,0.160451427720538
1,All Population,3,YLDs (Years Lived with Disability),4874,Uttarakhand,2,Female,9,20-24 years,498,Hypertensive heart disease,108,High body-mass index,1,Number,2019,1.4406361219586457,2.9312679418134024,0.4966867357214285
1,All Population,3,YLDs (Years Lived with Disability),4865,Odisha,1,Male,9,20-24 years,493,Ischemic heart disease,108,High body-mass index,1,Number,2018,8.109827002928437,20.65157767533296,1.8889050982131053
1,All Population,3,YLDs (Years Lived with Disability),4865,Odisha,2,Female,9,20-24 years,493,Ischemic heart disease,108,High body-mass index,1,Number,2018,10.942948061299663,24.001185489319642,3.2355672976797116
1,All Population,3,YLDs (Years Lived with Disability),4855,Jharkhand,1,Male,9,20-24 years,494,Stroke,108,High body-mass index,1,Number,2019,1.5320840480223956,13.113593175231307,-12.066559518613593
1,All Population,3,YLDs (Years Lived with Disability),4855,Jharkhand,2,Female,9,20-24 years,494,Stroke,108,High body-mass index,1,Number,2019,-0.22234894257986645,10.74686413015024,-17.479385128205813
1,All Population,3,YLDs (Years Lived with Disability),4860,Maharashtra,1,Male,9,20-24 years,494,Stroke,108,High body-mass index,1,Number,2017,8.912749648926216,68.16888309727403,-47.06259075193136
1,All Population,3,YLDs (Years Lived with Disability),4860,Maharashtra,2,Female,9,20-24 years,494,Stroke,108,High body-mass index,1,Number,2017,17.62277458979068,83.72263047552967,-34.37615893222145
1,All Population,3,YLDs (Years Lived with Disability),4842,Arunachal Pradesh,1,Male,9,20-24 years,494,Stroke,108,High body-mass index,1,Number,2016,0.4037215932159243,1.5873618548596378,-0.553208589153583
1,All Population,3,YLDs (Years Lived with Disability),4842,Arunachal Pradesh,2,Female,9,20-24 years,494,Stroke,108,High body-mass index,1,Number,2016,0.21096897961339803,1.2891098957771006,-1.2348554173581778
1,All Population,3,YLDs (Years Lived with Disability),4867,Punjab,1,Male,9,20-24 years,494,Stroke,108,High body-mass index,1,Number,2017,32.921333840115004,74.30735822978366,3.0912332117079337
1,All Population,3,YLDs (Years Lived with Disability),4867,Punjab,2,Female,9,20-24 years,494,Stroke,108,High body-mass index,1,Number,2017,11.848202293967475,38.56922054330034,-4.535925039549752
1,All Population,3,YLDs (Years Lived with Disability),4871,Telangana,1,Male,9,20-24 years,498,Hypertensive heart disease,107,High systolic blood pressure,1,Number,2019,3.632757148894744,6.285682414760532,2.011629188341879
1,All Population,3,YLDs (Years Lived with Disability),4871,Telangana,2,Female,9,20-24 years,498,Hypertensive heart disease,107,High systolic blood pressure,1,Number,2019,11.248297692509517,18.95454193029902,6.481569957164043
1,All Population,3,YLDs (Years Lived with Disability),4871,Telangana,1,Male,9,20-24 years,498,Hypertensive heart disease,108,High body-mass index,1,Number,2019,1.4377825417479326,2.8211417243815835,0.5677142085898021
1,All Population,3,YLDs (Years Lived with Disability),4871,Telangana,2,Female,9,20-24 years,498,Hypertensive heart disease,108,High body-mass index,1,Number,2019,4.8137148141602895,9.179128832886102,1.6393362963811484
1,All Population,3,YLDs (Years Lived with Disability),4855,Jharkhand,1,Male,9,20-24 years,498,Hypertensive heart disease,107,High systolic blood pressure,1,Number,2017,3.585387422376089,5.963096752959067,2.1368264771540346
1,All Population,3,YLDs (Years Lived with Disability),4855,Jharkhand,2,Female,9,20-24 years,498,Hypertensive heart disease,107,High systolic blood pressure,1,Number,2017,9.90622709608254,16.389194148869585,5.9218497829889065
1,All Population,3,YLDs (Years Lived with Disability),4855,Jharkhand,1,Male,9,20-24 years,498,Hypertensive heart disease,108,High body-mass index,1,Number,2017,0.961527688964158,1.9170799937638932,0.33106819081269445
1,All Population,3,YLDs (Years Lived with Disability),4855,Jharkhand,2,Female,9,20-24 years,498,Hypertensive heart disease,108,High body-mass index,1,Number,2017,2.3530091588878346,4.97142772119882,0.7268622400009561
1,All Population,3,YLDs (Years Lived with Disability),4870,Tamil Nadu,1,Male,9,20-24 years,498,Hypertensive heart disease,107,High systolic blood pressure,1,Number,2017,6.003030529324786,10.044267579781325,3.41297483118901
1,All Population,3,YLDs (Years Lived with Disability),4870,Tamil Nadu,2,Female,9,20-24 years,498,Hypertensive heart disease,107,High systolic blood pressure,1,Number,2017,16.5144390906501,27.750219145589256,9.69202989170784
1,All Population,3,YLDs (Years Lived with Disability),4870,Tamil Nadu,1,Male,9,20-24 years,498,Hypertensive heart disease,108,High body-mass index,1,Number,2017,1.936144858092825,3.947845317215429,0.6916028993819197
1,All Population,3,YLDs (Years Lived with Disability),4870,Tamil Nadu,2,Female,9,20-24 years,498,Hypertensive heart disease,108,High body-mass index,1,Number,2017,7.989749570142456,15.059351948423492,3.2902819681083892
1,All Population,3,YLDs (Years Lived with Disability),4857,Kerala,1,Male,9,20-24 years,494,Stroke,108,High body-mass index,1,Number,2017,12.593798807782674,40.31202971234757,-7.572503899540962
1,All Population,3,YLDs (Years Lived with Disability),4857,Kerala,2,Female,9,20-24 years,494,Stroke,108,High body-mass index,1,Number,2017,19.610870813420515,57.90231174017292,-2.314669086912323
1,All Population,3,YLDs (Years Lived with Disability),4842,Arunachal Pradesh,1,Male,9,20-24 years,494,Stroke,108,High body-mass index,1,Number,2019,0.5839290878425908,2.442621852756581,-0.5232373484735295
1,All Population,3,YLDs (Years Lived with Disability),4842,Arunachal Pradesh,2,Female,9,20-24 years,494,Stroke,108,High body-mass index,1,Number,2019,0.3750302734840599,1.780770827980375,-0.7952731367078951
1,All Population,3,YLDs (Years Lived with Disability),4859,Madhya Pradesh,1,Male,9,20-24 years,494,Stroke,108,High body-mass index,1,Number,2018,2.1219866337785924,26.093060994763295,-26.174015356367985
1,All Population,3,YLDs (Years Lived with Disability),4859,Madhya Pradesh,2,Female,9,20-24 years,494,Stroke,108,High body-mass index,1,Number,2018,7.213307349587873,52.60044749684877,-28.64090547952982
1,All Population,3,YLDs (Years Lived with Disability),4850,Goa,1,Male,9,20-24 years,498,Hypertensive heart disease,107,High systolic blood pressure,1,Number,2016,0.16731365691988367,0.26991932414208086,0.09761787495994942
1,All Population,3,YLDs (Years Lived with Disability),4850,Goa,2,Female,9,20-24 years,498,Hypertensive heart disease,107,High systolic blood pressure,1,Number,2016,0.36416536756863266,0.6019624787315269,0.2144704363401263
1,All Population,3,YLDs (Years Lived with Disability),4850,Goa,1,Male,9,20-24 years,498,Hypertensive heart disease,108,High body-mass index,1,Number,2016,0.097745533556269,0.18352694379038917,0.04261163353571694
1,All Population,3,YLDs (Years Lived with Disability),4850,Goa,2,Female,9,20-24 years,498,Hypertensive heart disease,108,High body-mass index,1,Number,2016,0.20059695295790284,0.37371474320029885,0.07991189803918523
1,All Population,3,YLDs (Years Lived with Disability),4863,Mizoram,1,Male,9,20-24 years,498,Hypertensive heart disease,107,High systolic blood pressure,1,Number,2018,0.1682548799672249,0.2841688970311677,0.0931960873273563
1,All Population,3,YLDs (Years Lived with Disability),4863,Mizoram,2,Female,9,20-24 years,498,Hypertensive heart disease,107,High systolic blood pressure,1,Number,2018,0.5723814173066819,0.9379936705726103,0.33125930178905555
1,All Population,3,YLDs (Years Lived with Disability),4863,Mizoram,1,Male,9,20-24 years,498,Hypertensive heart disease,108,High body-mass index,1,Number,2018,0.06488781254633635,0.13303622641242524,0.02231562468056632
1,All Population,3,YLDs (Years Lived with Disability),4863,Mizoram,2,Female,9,20-24 years,498,Hypertensive heart disease,108,High body-mass index,1,Number,2018,0.22845733148071973,0.4518227751916106,0.08665831579621956
1,All Population,3,YLDs (Years Lived with Disability),4863,Mizoram,1,Male,9,20-24 years,494,Stroke,108,High body-mass index,1,Number,2019,0.18739912555763344,0.90422360696532,-0.4770440674830393
1,All Population,3,YLDs (Years Lived with Disability),4863,Mizoram,2,Female,9,20-24 years,494,Stroke,108,High body-mass index,1,Number,2019,0.14070434942224788,0.8556967328845222,-0.6210388694838138
1,All Population,3,YLDs (Years Lived with Disability),4861,Manipur,1,Male,9,20-24 years,494,Stroke,108,High body-mass index,1,Number,2019,0.7057744919922445,4.141484074270993,-1.4831886083643548
1,All Population,3,YLDs (Years Lived with Disability),4861,Manipur,2,Female,9,20-24 years,494,Stroke,108,High body-mass index,1,Number,2019,0.9160898469435388,4.029255695057145,-1.3341022808236804
1,All Population,3,YLDs (Years Lived with Disability),4868,Rajasthan,1,Male,9,20-24 years,493,Ischemic heart disease,108,High body-mass index,1,Number,2018,25.242252930126153,55.44900238185996,7.1806903873388235
1,All Population,3,YLDs (Years Lived with Disability),4868,Rajasthan,2,Female,9,20-24 years,493,Ischemic heart disease,108,High body-mass index,1,Number,2018,22.344497322516503,49.274785701854896,6.18856019854225
1,All Population,3,YLDs (Years Lived with Disability),4846,Chhattisgarh,1,Male,9,20-24 years,494,Stroke,108,High body-mass index,1,Number,2018,0.16950226882114017,9.320423086507793,-11.034754467665577
1,All Population,3,YLDs (Years Lived with Disability),4846,Chhattisgarh,2,Female,9,20-24 years,494,Stroke,108,High body-mass index,1,Number,2018,0.8057037581401788,12.27444889827169,-14.367602820552174
1,All Population,3,YLDs (Years Lived with Disability),4854,Jammu & Kashmir and Ladakh,1,Male,9,20-24 years,498,Hypertensive heart disease,107,High systolic blood pressure,1,Number,2018,1.729366000622575,2.949312574730949,0.9995358168964137
1,All Population,3,YLDs (Years Lived with Disability),4854,Jammu & Kashmir and Ladakh,2,Female,9,20-24 years,498,Hypertensive heart disease,107,High systolic blood pressure,1,Number,2018,3.8598661213749677,6.4109939962888,2.2142872689624014
1,All Population,3,YLDs (Years Lived with Disability),4854,Jammu & Kashmir and Ladakh,1,Male,9,20-24 years,498,Hypertensive heart disease,108,High body-mass index,1,Number,2018,0.6606065335622476,1.2653498333425968,0.2528126410364942
1,All Population,3,YLDs (Years Lived with Disability),4854,Jammu & Kashmir and Ladakh,2,Female,9,20-24 years,498,Hypertensive heart disease,108,High body-mass index,1,Number,2018,1.7890875909340267,3.352396761648861,0.704696175033856
1,All Population,3,YLDs (Years Lived with Disability),4865,Odisha,1,Male,9,20-24 years,498,Hypertensive heart disease,107,High systolic blood pressure,1,Number,2019,6.224481540063317,10.381332588535585,3.575292098652031
1,All Population,3,YLDs (Years Lived with Disability),4865,Odisha,2,Female,9,20-24 years,498,Hypertensive heart disease,107,High systolic blood pressure,1,Number,2019,13.990477780319662,22.327621677677865,7.962720376398254
1,All Population,3,YLDs (Years Lived with Disability),4865,Odisha,1,Male,9,20-24 years,498,Hypertensive heart disease,108,High body-mass index,1,Number,2019,1.9333120629091314,4.164157831465076,0.5867993715438554
1,All Population,3,YLDs (Years Lived with Disability),4865,Odisha,2,Female,9,20-24 years,498,Hypertensive heart disease,108,High body-mass index,1,Number,2019,5.036766603261758,10.390436616447893,1.6562292021972718
1,All Population,3,YLDs (Years Lived with Disability),4855,Jharkhand,1,Male,9,20-24 years,498,Hypertensive heart disease,107,High systolic blood pressure,1,Number,2019,3.749752150382082,6.381571078290373,2.1204320530148255
1,All Population,3,YLDs (Years Lived with Disability),4855,Jharkhand,2,Female,9,20-24 years,498,Hypertensive heart disease,107,High systolic blood pressure,1,Number,2019,10.574660450837312,17.256640512174414,6.302999335934846
1,All Population,3,YLDs (Years Lived with Disability),4855,Jharkhand,1,Male,9,20-24 years,498,Hypertensive heart disease,108,High body-mass index,1,Number,2019,1.0384691620711637,2.164012824989738,0.37661513570945093
1,All Population,3,YLDs (Years Lived with Disability),4855,Jharkhand,2,Female,9,20-24 years,498,Hypertensive heart disease,108,High body-mass index,1,Number,2019,2.639611183789397,5.512715567779692,0.8096794471287442
1,All Population,3,YLDs (Years Lived with Disability),4850,Goa,1,Male,9,20-24 years,494,Stroke,108,High body-mass index,1,Number,2019,1.1684277797264278,3.9734646599032617,0.013340432955660432
1,All Population,3,YLDs (Years Lived with Disability),4850,Goa,2,Female,9,20-24 years,494,Stroke,108,High body-mass index,1,Number,2019,0.9498167240731407,2.744400777173689,-0.1302840149474642
1,All Population,3,YLDs (Years Lived with Disability),4864,Nagaland,1,Male,9,20-24 years,498,Hypertensive heart disease,107,High systolic blood pressure,1,Number,2018,0.26141039734957494,0.42520881720471715,0.14438438572294915
1,All Population,3,YLDs (Years Lived with Disability),4864,Nagaland,2,Female,9,20-24 years,498,Hypertensive heart disease,107,High systolic blood pressure,1,Number,2018,0.743520566933266,1.2233168967890657,0.44250095921058685
1,All Population,3,YLDs (Years Lived with Disability),4864,Nagaland,1,Male,9,20-24 years,498,Hypertensive heart disease,108,High body-mass index,1,Number,2018,0.09134844377076919,0.19176342040455696,0.02669775860247119
1,All Population,3,YLDs (Years Lived with Disability),4864,Nagaland,2,Female,9,20-24 years,498,Hypertensive heart disease,108,High body-mass index,1,Number,2018,0.22077642021119684,0.433056134122907,0.07922508822410883
1,All Population,3,YLDs (Years Lived with Disability),4854,Jammu & Kashmir and Ladakh,1,Male,9,20-24 years,498,Hypertensive heart disease,107,High systolic blood pressure,1,Number,2017,1.7060416830826817,2.9087409728661333,1.0007938214527392
1,All Population,3,YLDs (Years Lived with Disability),4854,Jammu & Kashmir and Ladakh,2,Female,9,20-24 years,498,Hypertensive heart disease,107,High systolic blood pressure,1,Number,2017,3.807319435640073,6.234981057161139,2.1756193242311164
1,All Population,3,YLDs (Years Lived with Disability),4854,Jammu & Kashmir and Ladakh,1,Male,9,20-24 years,498,Hypertensive heart disease,108,High body-mass index,1,Number,2017,0.6438859139054854,1.2118287660857803,0.2450977636502426
1,All Population,3,YLDs (Years Lived with Disability),4854,Jammu & Kashmir and Ladakh,2,Female,9,20-24 years,498,Hypertensive heart disease,108,High body-mass index,1,Number,2017,1.7193582116598678,3.245172772463654,0.6884550807285251
1,All Population,3,YLDs (Years Lived with Disability),4875,West Bengal,1,Male,9,20-24 years,494,Stroke,108,High body-mass index,1,Number,2017,4.422877437757589,44.10361187460427,-51.42861170649876
1,All Population,3,YLDs (Years Lived with Disability),4875,West Bengal,2,Female,9,20-24 years,494,Stroke,108,High body-mass index,1,Number,2017,37.12075034078156,126.74701185796486,-26.36990169387312
1,All Population,3,YLDs (Years Lived with Disability),4843,Assam,1,Male,9,20-24 years,494,Stroke,108,High body-mass index,1,Number,2019,4.04572413479165,21.33869765935774,-15.91414613259065
1,All Population,3,YLDs (Years Lived with Disability),4843,Assam,2,Female,9,20-24 years,494,Stroke,108,High body-mass index,1,Number,2019,0.220587210224477,16.575477616207323,-21.462719928557096
1,All Population,3,YLDs (Years Lived with Disability),4857,Kerala,1,Male,9,20-24 years,498,Hypertensive heart disease,108,High body-mass index,1,Number,2016,1.1977506946973895,2.1815066108409784,0.5042189430658095
1,All Population,3,YLDs (Years Lived with Disability),4857,Kerala,2,Female,9,20-24 years,498,Hypertensive heart disease,108,High body-mass index,1,Number,2016,5.066665883244985,9.313199167661985,2.0795631525386975
1,All Population,3,YLDs (Years Lived with Disability),4873,Uttar Pradesh,1,Male,9,20-24 years,494,Stroke,108,High body-mass index,1,Number,2017,1.9829237183268429,77.14757647451603,-122.95143710480085
1,All Population,3,YLDs (Years Lived with Disability),4873,Uttar Pradesh,2,Female,9,20-24 years,494,Stroke,108,High body-mass index,1,Number,2017,41.1502741405896,181.84456709274747,-73.26776656252277
1,All Population,3,YLDs (Years Lived with Disability),4859,Madhya Pradesh,1,Male,9,20-24 years,498,Hypertensive heart disease,107,High systolic blood pressure,1,Number,2019,8.575021324013951,14.648785341067704,4.721354949079381
1,All Population,3,YLDs (Years Lived with Disability),4859,Madhya Pradesh,2,Female,9,20-24 years,498,Hypertensive heart disease,107,High systolic blood pressure,1,Number,2019,29.458673637545065,49.50865527305075,17.56676840503849
1,All Population,3,YLDs (Years Lived with Disability),4859,Madhya Pradesh,1,Male,9,20-24 years,498,Hypertensive heart disease,108,High body-mass index,1,Number,2019,1.9711066238921047,4.506319482587095,0.5396049935061521
1,All Population,3,YLDs (Years Lived with Disability),4859,Madhya Pradesh,2,Female,9,20-24 years,498,Hypertensive heart disease,108,High body-mass index,1,Number,2019,7.88721098475097,15.804169347482464,2.6102881989676834
1,All Population,3,YLDs (Years Lived with Disability),4859,Madhya Pradesh,1,Male,9,20-24 years,498,Hypertensive heart disease,107,High systolic blood pressure,1,Number,2018,8.450535630442872,14.309520666749876,4.746978281769266
1,All Population,3,YLDs (Years Lived with Disability),4859,Madhya Pradesh,2,Female,9,20-24 years,498,Hypertensive heart disease,107,High systolic blood pressure,1,Number,2018,28.73381558645388,48.49544605937337,17.085641041079437
1,All Population,3,YLDs (Years Lived with Disability),4859,Madhya Pradesh,1,Male,9,20-24 years,498,Hypertensive heart disease,108,High body-mass index,1,Number,2018,1.8947518610328367,4.308251616319729,0.49934195148051785
1,All Population,3,YLDs (Years Lived with Disability),4859,Madhya Pradesh,2,Female,9,20-24 years,498,Hypertensive heart disease,108,High body-mass index,1,Number,2018,7.368532204969765,14.561012720312583,2.350778141896731
1,All Population,3,YLDs (Years Lived with Disability),4846,Chhattisgarh,1,Male,9,20-24 years,494,Stroke,108,High body-mass index,1,Number,2019,0.3304380516876228,9.065622771911453,-10.685244658613342
1,All Population,3,YLDs (Years Lived with Disability),4846,Chhattisgarh,2,Female,9,20-24 years,494,Stroke,108,High body-mass index,1,Number,2019,1.3525074552598582,14.726178146117707,-12.49952631258196
1,All Population,3,YLDs (Years Lived with Disability),4873,Uttar Pradesh,1,Male,9,20-24 years,498,Hypertensive heart disease,107,High systolic blood pressure,1,Number,2017,36.38799068594665,61.4171318430468,21.419954148051126
1,All Population,3,YLDs (Years Lived with Disability),4873,Uttar Pradesh,2,Female,9,20-24 years,498,Hypertensive heart disease,107,High systolic blood pressure,1,Number,2017,76.54958052761502,126.65473748699668,45.1605664450456
1,All Population,3,YLDs (Years Lived with Disability),4873,Uttar Pradesh,1,Male,9,20-24 years,498,Hypertensive heart disease,108,High body-mass index,1,Number,2017,9.318864005457197,19.253921316921918,3.188372612956045
1,All Population,3,YLDs (Years Lived with Disability),4873,Uttar Pradesh,2,Female,9,20-24 years,498,Hypertensive heart disease,108,High body-mass index,1,Number,2017,24.024025166963963,46.92875248634006,8.615062522540095
1,All Population,3,YLDs (Years Lived with Disability),4863,Mizoram,1,Male,9,20-24 years,498,Hypertensive heart disease,107,High systolic blood pressure,1,Number,2019,0.16825517120754666,0.2863496889231957,0.09006140411667096
1,All Population,3,YLDs (Years Lived with Disability),4863,Mizoram,2,Female,9,20-24 years,498,Hypertensive heart disease,107,High systolic blood pressure,1,Number,2019,0.5732260769871299,0.9331483808218601,0.3291656492111076
1,All Population,3,YLDs (Years Lived with Disability),4863,Mizoram,1,Male,9,20-24 years,498,Hypertensive heart disease,108,High body-mass index,1,Number,2019,0.06575293366989951,0.13580205313869556,0.022127481102533826
1,All Population,3,YLDs (Years Lived with Disability),4863,Mizoram,2,Female,9,20-24 years,498,Hypertensive heart disease,108,High body-mass index,1,Number,2019,0.2356186090916607,0.4512719476825584,0.08711550089059321
1,All Population,3,YLDs (Years Lived with Disability),4861,Manipur,1,Male,9,20-24 years,498,Hypertensive heart disease,107,High systolic blood pressure,1,Number,2019,0.4125216096080856,0.7136210943110027,0.23860408198606992
1,All Population,3,YLDs (Years Lived with Disability),4861,Manipur,2,Female,9,20-24 years,498,Hypertensive heart disease,107,High systolic blood pressure,1,Number,2019,1.1666927713673998,1.9421236047385118,0.6884197764512527
1,All Population,3,YLDs (Years Lived with Disability),4861,Manipur,1,Male,9,20-24 years,498,Hypertensive heart disease,108,High body-mass index,1,Number,2019,0.16367115356551581,0.3587177910143969,0.05152173938345515
1,All Population,3,YLDs (Years Lived with Disability),4861,Manipur,2,Female,9,20-24 years,498,Hypertensive heart disease,108,High body-mass index,1,Number,2019,0.5209435635180205,1.0105142214467706,0.19064692147190765
1,All Population,3,YLDs (Years Lived with Disability),4846,Chhattisgarh,1,Male,9,20-24 years,498,Hypertensive heart disease,107,High systolic blood pressure,1,Number,2018,4.167738128634402,7.074107385827496,2.3958483430772795
1,All Population,3,YLDs (Years Lived with Disability),4846,Chhattisgarh,2,Female,9,20-24 years,498,Hypertensive heart disease,107,High systolic blood pressure,1,Number,2018,9.548035917490104,15.91325540093537,5.7268521259486675
1,All Population,3,YLDs (Years Lived with Disability),4846,Chhattisgarh,1,Male,9,20-24 years,498,Hypertensive heart disease,108,High body-mass index,1,Number,2018,0.9080282355895348,2.1580124817200654,0.2553136958905399
1,All Population,3,YLDs (Years Lived with Disability),4846,Chhattisgarh,2,Female,9,20-24 years,498,Hypertensive heart disease,108,High body-mass index,1,Number,2018,2.5532455636248628,5.075090134016783,0.8535985520738623
1,All Population,3,YLDs (Years Lived with Disability),4843,Assam,1,Male,9,20-24 years,498,Hypertensive heart disease,107,High systolic blood pressure,1,Number,2019,5.617209136738747,9.631414424818189,3.140425035530943
1,All Population,3,YLDs (Years Lived with Disability),4843,Assam,2,Female,9,20-24 years,498,Hypertensive heart disease,107,High systolic blood pressure,1,Number,2019,11.811053492870608,19.77023509201467,6.785212139445009
1,All Population,3,YLDs (Years Lived with Disability),4843,Assam,1,Male,9,20-24 years,498,Hypertensive heart disease,108,High body-mass index,1,Number,2019,2.0249350282157104,4.080358245557804,0.7468908173996859
1,All Population,3,YLDs (Years Lived with Disability),4843,Assam,2,Female,9,20-24 years,498,Hypertensive heart disease,108,High body-mass index,1,Number,2019,3.8686572719342114,8.03098822546195,1.4383150302225909
1,All Population,3,YLDs (Years Lived with Disability),4846,Chhattisgarh,1,Male,9,20-24 years,498,Hypertensive heart disease,107,High systolic blood pressure,1,Number,2019,4.2320775696468145,7.224745148514377,2.432342733746771
1,All Population,3,YLDs (Years Lived with Disability),4846,Chhattisgarh,2,Female,9,20-24 years,498,Hypertensive heart disease,107,High systolic blood pressure,1,Number,2019,9.754971703656048,16.403481490484644,5.737046669035898
1,All Population,3,YLDs (Years Lived with Disability),4846,Chhattisgarh,1,Male,9,20-24 years,498,Hypertensive heart disease,108,High body-mass index,1,Number,2019,0.947799067120997,2.3142739688532274,0.25907552031782205
1,All Population,3,YLDs (Years Lived with Disability),4846,Chhattisgarh,2,Female,9,20-24 years,498,Hypertensive heart disease,108,High body-mass index,1,Number,2019,2.695086260940363,5.371936371299187,0.8818755679059098
1,All Population,3,YLDs (Years Lived with Disability),4850,Goa,1,Male,9,20-24 years,498,Hypertensive heart disease,107,High systolic blood pressure,1,Number,2019,0.15596867913989387,0.2666996886219824,0.08634525710606358
1,All Population,3,YLDs (Years Lived with Disability),4850,Goa,2,Female,9,20-24 years,498,Hypertensive heart disease,107,High systolic blood pressure,1,Number,2019,0.3478097487656515,0.5691763315563582,0.20579850206983635
1,All Population,3,YLDs (Years Lived with Disability),4850,Goa,1,Male,9,20-24 years,498,Hypertensive heart disease,108,High body-mass index,1,Number,2019,0.09315323378957495,0.17029093968432502,0.03886084136338121
1,All Population,3,YLDs (Years Lived with Disability),4850,Goa,2,Female,9,20-24 years,498,Hypertensive heart disease,108,High body-mass index,1,Number,2019,0.1988748093672255,0.37786384055916067,0.07670743702779952
1,All Population,3,YLDs (Years Lived with Disability),4867,Punjab,1,Male,9,20-24 years,498,Hypertensive heart disease,107,High systolic blood pressure,1,Number,2017,3.5877981863849215,5.984703122731771,2.0702570692171385
1,All Population,3,YLDs (Years Lived with Disability),4867,Punjab,2,Female,9,20-24 years,498,Hypertensive heart disease,107,High systolic blood pressure,1,Number,2017,6.458525797571285,10.380934231168116,3.761716179385544
1,All Population,3,YLDs (Years Lived with Disability),4867,Punjab,1,Male,9,20-24 years,498,Hypertensive heart disease,108,High body-mass index,1,Number,2017,2.0294980353566747,3.7164724906798003,0.7886569666777726
1,All Population,3,YLDs (Years Lived with Disability),4867,Punjab,2,Female,9,20-24 years,498,Hypertensive heart disease,108,High body-mass index,1,Number,2017,3.012855687810694,5.453326121101355,1.0928914770582685
1,All Population,3,YLDs (Years Lived with Disability),44538,Other Union Territories,1,Male,9,20-24 years,494,Stroke,108,High body-mass index,1,Number,2019,1.8144794220432994,6.518545477414543,-0.528171900372091
1,All Population,3,YLDs (Years Lived with Disability),44538,Other Union Territories,2,Female,9,20-24 years,494,Stroke,108,High body-mass index,1,Number,2019,2.5157338594544583,6.755341475175209,0.03840752453768452
1,All Population,3,YLDs (Years Lived with Disability),44538,Other Union Territories,1,Male,9,20-24 years,493,Ischemic heart disease,108,High body-mass index,1,Number,2019,2.652098558643486,4.792966961676067,0.7195021441090608
1,All Population,3,YLDs (Years Lived with Disability),44538,Other Union Territories,2,Female,9,20-24 years,493,Ischemic heart disease,108,High body-mass index,1,Number,2019,2.208855350164068,4.65142693920437,0.6731584517981106
1,All Population,3,YLDs (Years Lived with Disability),44538,Other Union Territories,1,Male,9,20-24 years,498,Hypertensive heart disease,107,High systolic blood pressure,1,Number,2019,0.427462004823713,0.7610280893713837,0.22778117506963352
1,All Population,3,YLDs (Years Lived with Disability),44538,Other Union Territories,2,Female,9,20-24 years,498,Hypertensive heart disease,107,High systolic blood pressure,1,Number,2019,1.0385808343033038,1.7861987299765207,0.6022254330278336
1,All Population,3,YLDs (Years Lived with Disability),44538,Other Union Territories,1,Male,9,20-24 years,498,Hypertensive heart disease,108,High body-mass index,1,Number,2019,0.2124229395240775,0.4018962236614315,0.08552186141210091
1,All Population,3,YLDs (Years Lived with Disability),44538,Other Union Territories,2,Female,9,20-24 years,498,Hypertensive heart disease,108,High body-mass index,1,Number,2019,0.5609898668148205,0.998131146666175,0.21559468205252538
1,All Population,3,YLDs (Years Lived with Disability),4841,Andhra Pradesh,1,Male,9,20-24 years,494,Stroke,108,High body-mass index,1,Number,2020,15.356373529522305,50.2346506295057,-8.677803406192798
1,All Population,3,YLDs (Years Lived with Disability),4841,Andhra Pradesh,2,Female,9,20-24 years,494,Stroke,108,High body-mass index,1,Number,2020,27.630717384229406,82.06748286558647,-5.728237243163573
1,All Population,3,YLDs (Years Lived with Disability),4846,Chhattisgarh,1,Male,9,20-24 years,493,Ischemic heart disease,108,High body-mass index,1,Number,2020,5.950501927845349,15.477473658317061,1.004796933114951
1,All Population,3,YLDs (Years Lived with Disability),4846,Chhattisgarh,2,Female,9,20-24 years,493,Ischemic heart disease,108,High body-mass index,1,Number,2020,7.078261594524628,14.125257423374624,1.8622595900086854
1,All Population,3,YLDs (Years Lived with Disability),4863,Mizoram,1,Male,9,20-24 years,493,Ischemic heart disease,108,High body-mass index,1,Number,2020,0.2573498120906329,0.5875586501214707,0.060867175535905815
1,All Population,3,YLDs (Years Lived with Disability),4863,Mizoram,2,Female,9,20-24 years,493,Ischemic heart disease,108,High body-mass index,1,Number,2020,0.2624770141003482,0.5486589994512054,0.06936493888505901
1,All Population,3,YLDs (Years Lived with Disability),4856,Karnataka,1,Male,9,20-24 years,494,Stroke,108,High body-mass index,1,Number,2020,7.30184750586697,36.613819059858066,-18.7148717175615
1,All Population,3,YLDs (Years Lived with Disability),4856,Karnataka,2,Female,9,20-24 years,494,Stroke,108,High body-mass index,1,Number,2020,24.932382303463225,90.52295573627161,-6.533214013307063
1,All Population,3,YLDs (Years Lived with Disability),4849,Delhi,1,Male,9,20-24 years,494,Stroke,108,High body-mass index,1,Number,2020,12.888889203920327,40.2710244324053,-4.145676419364959
1,All Population,3,YLDs (Years Lived with Disability),4849,Delhi,2,Female,9,20-24 years,494,Stroke,108,High body-mass index,1,Number,2020,11.906364010164605,39.12723815502126,-0.8563610204379786
1,All Population,3,YLDs (Years Lived with Disability),4851,Gujarat,1,Male,9,20-24 years,494,Stroke,108,High body-mass index,1,Number,2020,4.097889155442034,35.2936726831373,-26.03568062765197
1,All Population,3,YLDs (Years Lived with Disability),4851,Gujarat,2,Female,9,20-24 years,494,Stroke,108,High body-mass index,1,Number,2020,21.851865081965013,75.24987862711694,-14.266875718818405
1,All Population,3,YLDs (Years Lived with Disability),4872,Tripura,1,Male,9,20-24 years,494,Stroke,108,High body-mass index,1,Number,2020,0.22642962935951608,1.6651792283295013,-2.1700679271932417
1,All Population,3,YLDs (Years Lived with Disability),4872,Tripura,2,Female,9,20-24 years,494,Stroke,108,High body-mass index,1,Number,2020,0.6456466546217895,3.2820816173421097,-2.0320443206282746
1,All Population,3,YLDs (Years Lived with Disability),4862,Meghalaya,1,Male,9,20-24 years,493,Ischemic heart disease,108,High body-mass index,1,Number,2020,0.9094137661396424,2.0290985045618015,0.1881734120376868
1,All Population,3,YLDs (Years Lived with Disability),4862,Meghalaya,2,Female,9,20-24 years,493,Ischemic heart disease,108,High body-mass index,1,Number,2020,0.740474405647546,1.6516364447666545,0.15958298456616649
1,All Population,3,YLDs (Years Lived with Disability),4859,Madhya Pradesh,1,Male,9,20-24 years,494,Stroke,108,High body-mass index,1,Number,2020,3.021930533908152,29.03688981286046,-30.656688082102878
1,All Population,3,YLDs (Years Lived with Disability),4859,Madhya Pradesh,2,Female,9,20-24 years,494,Stroke,108,High body-mass index,1,Number,2020,11.000733173083571,65.06491120382641,-21.465314264363244
1,All Population,3,YLDs (Years Lived with Disability),4852,Haryana,1,Male,9,20-24 years,493,Ischemic heart disease,108,High body-mass index,1,Number,2020,19.50989473810968,38.207492998971475,5.497145199872447
1,All Population,3,YLDs (Years Lived with Disability),4852,Haryana,2,Female,9,20-24 years,493,Ischemic heart disease,108,High body-mass index,1,Number,2020,12.80854794790917,25.70016421400718,4.016917926059874
1,All Population,3,YLDs (Years Lived with Disability),4850,Goa,1,Male,9,20-24 years,493,Ischemic heart disease,108,High body-mass index,1,Number,2020,1.2062003885947754,2.33252691625099,0.35905980744304195
1,All Population,3,YLDs (Years Lived with Disability),4850,Goa,2,Female,9,20-24 years,493,Ischemic heart disease,108,High body-mass index,1,Number,2020,0.8954902186868414,1.7758727832122123,0.24921255595157
1,All Population,3,YLDs (Years Lived with Disability),4844,Bihar,1,Male,9,20-24 years,493,Ischemic heart disease,108,High body-mass index,1,Number,2020,22.420753992123768,50.16579416895049,6.504055392157513
1,All Population,3,YLDs (Years Lived with Disability),4844,Bihar,2,Female,9,20-24 years,493,Ischemic heart disease,108,High body-mass index,1,Number,2020,26.651020197698173,58.2103143942097,7.6535100775698615
1,All Population,3,YLDs (Years Lived with Disability),4856,Karnataka,1,Male,9,20-24 years,498,Hypertensive heart disease,107,High systolic blood pressure,1,Number,2020,6.789044183962708,11.793123988335868,3.813068019034817
1,All Population,3,YLDs (Years Lived with Disability),4856,Karnataka,2,Female,9,20-24 years,498,Hypertensive heart disease,107,High systolic blood pressure,1,Number,2020,16.101895222861856,27.491059116411897,9.183380761739246
1,All Population,3,YLDs (Years Lived with Disability),4856,Karnataka,1,Male,9,20-24 years,498,Hypertensive heart disease,108,High body-mass index,1,Number,2020,2.2968327825513675,5.012950643013831,0.7464113127930201
1,All Population,3,YLDs (Years Lived with Disability),4856,Karnataka,2,Female,9,20-24 years,498,Hypertensive heart disease,108,High body-mass index,1,Number,2020,7.0583178565847104,14.219837537867594,2.4004097199015875
1,All Population,3,YLDs (Years Lived with Disability),4841,Andhra Pradesh,1,Male,9,20-24 years,493,Ischemic heart disease,108,High body-mass index,1,Number,2020,24.661247246130664,54.12289351283241,6.8727208130165405
1,All Population,3,YLDs (Years Lived with Disability),4841,Andhra Pradesh,2,Female,9,20-24 years,493,Ischemic heart disease,108,High body-mass index,1,Number,2020,29.13279362165032,59.96960226098716,8.746777143181742
1,All Population,3,YLDs (Years Lived with Disability),4864,Nagaland,1,Male,9,20-24 years,494,Stroke,108,High body-mass index,1,Number,2020,0.35800592187637875,1.6337135554692308,-0.7635166248880745
1,All Population,3,YLDs (Years Lived with Disability),4864,Nagaland,2,Female,9,20-24 years,494,Stroke,108,High body-mass index,1,Number,2020,-0.017176425929706255,0.6467107655756862,-1.098486261415922
1,All Population,3,YLDs (Years Lived with Disability),4843,Assam,1,Male,9,20-24 years,493,Ischemic heart disease,108,High body-mass index,1,Number,2020,9.160307311634957,19.937234135632174,2.6348432037892344
1,All Population,3,YLDs (Years Lived with Disability),4843,Assam,2,Female,9,20-24 years,493,Ischemic heart disease,108,High body-mass index,1,Number,2020,8.109813165170525,15.613629894928515,2.2589661243406605
1,All Population,3,YLDs (Years Lived with Disability),4861,Manipur,1,Male,9,20-24 years,494,Stroke,108,High body-mass index,1,Number,2020,0.7705718400050707,3.8711185065855793,-1.5700276909308044
1,All Population,3,YLDs (Years Lived with Disability),4861,Manipur,2,Female,9,20-24 years,494,Stroke,108,High body-mass index,1,Number,2020,1.0776321029993245,4.4808325098311155,-1.5976798010856248
1,All Population,3,YLDs (Years Lived with Disability),4851,Gujarat,1,Male,9,20-24 years,498,Hypertensive heart disease,107,High systolic blood pressure,1,Number,2020,8.252911980727328,14.352342893510041,4.44434797473054
1,All Population,3,YLDs (Years Lived with Disability),4851,Gujarat,2,Female,9,20-24 years,498,Hypertensive heart disease,107,High systolic blood pressure,1,Number,2020,18.653796290485097,30.604875371607093,10.611371363361329
1,All Population,3,YLDs (Years Lived with Disability),4851,Gujarat,1,Male,9,20-24 years,498,Hypertensive heart disease,108,High body-mass index,1,Number,2020,2.3558614121804036,4.740474820317156,0.7465390899898291
1,All Population,3,YLDs (Years Lived with Disability),4851,Gujarat,2,Female,9,20-24 years,498,Hypertensive heart disease,108,High body-mass index,1,Number,2020,7.429591037698896,14.72930608540107,2.667091339018481
1,All Population,3,YLDs (Years Lived with Disability),4854,Jammu & Kashmir and Ladakh,1,Male,9,20-24 years,493,Ischemic heart disease,108,High body-mass index,1,Number,2020,6.144992768306517,12.954838514408928,1.8935572257467437
1,All Population,3,YLDs (Years Lived with Disability),4854,Jammu & Kashmir and Ladakh,2,Female,9,20-24 years,493,Ischemic heart disease,108,High body-mass index,1,Number,2020,9.638831052796395,20.888858637888482,2.6811845789760125
1,All Population,3,YLDs (Years Lived with Disability),4871,Telangana,1,Male,9,20-24 years,493,Ischemic heart disease,108,High body-mass index,1,Number,2020,21.255799925513656,40.70526781955077,6.287403789248438
1,All Population,3,YLDs (Years Lived with Disability),4871,Telangana,2,Female,9,20-24 years,493,Ischemic heart disease,108,High body-mass index,1,Number,2020,18.670157567128534,40.15274067616441,5.522033529551365
1,All Population,3,YLDs (Years Lived with Disability),4855,Jharkhand,1,Male,9,20-24 years,493,Ischemic heart disease,108,High body-mass index,1,Number,2020,4.867167700524928,9.625129889389079,1.5541138471790052
1,All Population,3,YLDs (Years Lived with Disability),4855,Jharkhand,2,Female,9,20-24 years,493,Ischemic heart disease,108,High body-mass index,1,Number,2020,5.321176798606478,11.370287357071529,1.4230895827974384
1,All Population,3,YLDs (Years Lived with Disability),4842,Arunachal Pradesh,1,Male,9,20-24 years,498,Hypertensive heart disease,107,High systolic blood pressure,1,Number,2020,0.23188066388951606,0.4120801954544608,0.12485228394113712
1,All Population,3,YLDs (Years Lived with Disability),4842,Arunachal Pradesh,2,Female,9,20-24 years,498,Hypertensive heart disease,107,High systolic blood pressure,1,Number,2020,0.6959531018908052,1.2051035252974414,0.40292405685582827
1,All Population,3,YLDs (Years Lived with Disability),4842,Arunachal Pradesh,1,Male,9,20-24 years,498,Hypertensive heart disease,108,High body-mass index,1,Number,2020,0.09886514340466392,0.2114181012905249,0.0311997519606849
1,All Population,3,YLDs (Years Lived with Disability),4842,Arunachal Pradesh,2,Female,9,20-24 years,498,Hypertensive heart disease,108,High body-mass index,1,Number,2020,0.31421618891542724,0.5981736694091224,0.11839954673894938
1,All Population,3,YLDs (Years Lived with Disability),4843,Assam,1,Male,9,20-24 years,494,Stroke,108,High body-mass index,1,Number,2020,4.357647002152814,23.55021772004521,-17.624569636411902
1,All Population,3,YLDs (Years Lived with Disability),4843,Assam,2,Female,9,20-24 years,494,Stroke,108,High body-mass index,1,Number,2020,0.3484473916762403,16.63091635777586,-26.091057397519297
1,All Population,3,YLDs (Years Lived with Disability),4865,Odisha,1,Male,9,20-24 years,493,Ischemic heart disease,108,High body-mass index,1,Number,2020,8.26895250348122,20.4311938109625,1.839684705042169
1,All Population,3,YLDs (Years Lived with Disability),4865,Odisha,2,Female,9,20-24 years,493,Ischemic heart disease,108,High body-mass index,1,Number,2020,11.572780249247595,25.4322304067897,2.941206082563188
1,All Population,3,YLDs (Years Lived with Disability),4849,Delhi,1,Male,9,20-24 years,498,Hypertensive heart disease,107,High systolic blood pressure,1,Number,2020,2.453351059948526,4.138184092279424,1.3635962952874081
1,All Population,3,YLDs (Years Lived with Disability),4849,Delhi,2,Female,9,20-24 years,498,Hypertensive heart disease,107,High systolic blood pressure,1,Number,2020,5.687953226244139,9.6542377897442,3.1137725236357157
1,All Population,3,YLDs (Years Lived with Disability),4849,Delhi,1,Male,9,20-24 years,498,Hypertensive heart disease,108,High body-mass index,1,Number,2020,1.317487552183134,2.6415623397978703,0.5034226465166445
1,All Population,3,YLDs (Years Lived with Disability),4849,Delhi,2,Female,9,20-24 years,498,Hypertensive heart disease,108,High body-mass index,1,Number,2020,2.8877966619702766,5.159766341308132,1.0628915284614235
1,All Population,3,YLDs (Years Lived with Disability),4863,Mizoram,1,Male,9,20-24 years,494,Stroke,108,High body-mass index,1,Number,2020,0.20442930704755097,0.9482219622374308,-0.43728829747175874
1,All Population,3,YLDs (Years Lived with Disability),4863,Mizoram,2,Female,9,20-24 years,494,Stroke,108,High body-mass index,1,Number,2020,0.16089528442242748,0.7904447276053472,-0.49810568655549925
1,All Population,3,YLDs (Years Lived with Disability),4864,Nagaland,1,Male,9,20-24 years,493,Ischemic heart disease,108,High body-mass index,1,Number,2020,0.45714224478750204,1.0736512099230657,0.10892240007367206
1,All Population,3,YLDs (Years Lived with Disability),4864,Nagaland,2,Female,9,20-24 years,493,Ischemic heart disease,108,High body-mass index,1,Number,2020,0.37062161327507187,0.9085293618243476,0.10083565607494077
1,All Population,3,YLDs (Years Lived with Disability),4861,Manipur,1,Male,9,20-24 years,493,Ischemic heart disease,108,High body-mass index,1,Number,2020,1.0508011401947543,2.5224717750777863,0.2321964532396743
1,All Population,3,YLDs (Years Lived with Disability),4861,Manipur,2,Female,9,20-24 years,493,Ischemic heart disease,108,High body-mass index,1,Number,2020,1.3758703953485487,2.96938345780286,0.4251400600302462
1,All Population,3,YLDs (Years Lived with Disability),4859,Madhya Pradesh,1,Male,9,20-24 years,493,Ischemic heart disease,108,High body-mass index,1,Number,2020,20.648124772658722,45.58482129285284,6.1864380940546555
1,All Population,3,YLDs (Years Lived with Disability),4859,Madhya Pradesh,2,Female,9,20-24 years,493,Ischemic heart disease,108,High body-mass index,1,Number,2020,25.05076942729774,52.80252956820342,6.6058979153104165
1,All Population,3,YLDs (Years Lived with Disability),4859,Madhya Pradesh,1,Male,9,20-24 years,498,Hypertensive heart disease,107,High systolic blood pressure,1,Number,2020,8.66664711861579,14.856504101851618,4.624039209966885
1,All Population,3,YLDs (Years Lived with Disability),4859,Madhya Pradesh,2,Female,9,20-24 years,498,Hypertensive heart disease,107,High systolic blood pressure,1,Number,2020,30.003509483038076,51.57688969006479,17.54387320373131
1,All Population,3,YLDs (Years Lived with Disability),4859,Madhya Pradesh,1,Male,9,20-24 years,498,Hypertensive heart disease,108,High body-mass index,1,Number,2020,2.0365864705474785,4.6568918932332,0.5567219111261708
1,All Population,3,YLDs (Years Lived with Disability),4859,Madhya Pradesh,2,Female,9,20-24 years,498,Hypertensive heart disease,108,High body-mass index,1,Number,2020,8.33032454300168,17.02070461354261,2.4973452165038235
1,All Population,3,YLDs (Years Lived with Disability),4841,Andhra Pradesh,1,Male,9,20-24 years,498,Hypertensive heart disease,107,High systolic blood pressure,1,Number,2020,4.494628497229535,7.807080575353934,2.3061962827940126
1,All Population,3,YLDs (Years Lived with Disability),4841,Andhra Pradesh,2,Female,9,20-24 years,498,Hypertensive heart disease,107,High systolic blood pressure,1,Number,2020,14.413361442078207,24.756813427671972,7.977029200146351
1,All Population,3,YLDs (Years Lived with Disability),4841,Andhra Pradesh,1,Male,9,20-24 years,498,Hypertensive heart disease,108,High body-mass index,1,Number,2020,1.7665306933746832,3.824997791308275,0.5597850569407831
1,All Population,3,YLDs (Years Lived with Disability),4841,Andhra Pradesh,2,Female,9,20-24 years,498,Hypertensive heart disease,108,High body-mass index,1,Number,2020,6.630705166290946,12.710120317386853,2.641681149219718
1,All Population,3,YLDs (Years Lived with Disability),4849,Delhi,1,Male,9,20-24 years,493,Ischemic heart disease,108,High body-mass index,1,Number,2020,15.666505038099526,32.55677224259808,4.401453374372159
1,All Population,3,YLDs (Years Lived with Disability),4849,Delhi,2,Female,9,20-24 years,493,Ischemic heart disease,108,High body-mass index,1,Number,2020,11.60092528029603,24.468179290645477,3.3200344388846412
1,All Population,3,YLDs (Years Lived with Disability),4867,Punjab,1,Male,9,20-24 years,494,Stroke,108,High body-mass index,1,Number,2020,32.97936391894129,70.92165789938255,3.6817275941853485
1,All Population,3,YLDs (Years Lived with Disability),4867,Punjab,2,Female,9,20-24 years,494,Stroke,108,High body-mass index,1,Number,2020,12.763385496633255,40.355984705891416,-2.7516923708708907
1,All Population,3,YLDs (Years Lived with Disability),4851,Gujarat,1,Male,9,20-24 years,493,Ischemic heart disease,108,High body-mass index,1,Number,2020,14.23941471422526,29.512652133885446,3.6100839623949037
1,All Population,3,YLDs (Years Lived with Disability),4851,Gujarat,2,Female,9,20-24 years,493,Ischemic heart disease,108,High body-mass index,1,Number,2020,24.683355359295533,51.15909137955963,7.396770423595357
1,All Population,3,YLDs (Years Lived with Disability),4874,Uttarakhand,1,Male,9,20-24 years,494,Stroke,108,High body-mass index,1,Number,2020,2.8387402972509337,12.88762495987468,-3.6963865683379034
1,All Population,3,YLDs (Years Lived with Disability),4874,Uttarakhand,2,Female,9,20-24 years,494,Stroke,108,High body-mass index,1,Number,2020,3.2894440242281915,12.583673066686574,-3.474527157775215
1,All Population,3,YLDs (Years Lived with Disability),4852,Haryana,1,Male,9,20-24 years,498,Hypertensive heart disease,107,High systolic blood pressure,1,Number,2020,3.691347389915524,6.329688861472478,1.9848530347645277
1,All Population,3,YLDs (Years Lived with Disability),4852,Haryana,2,Female,9,20-24 years,498,Hypertensive heart disease,107,High systolic blood pressure,1,Number,2020,7.526554716432549,12.450919216379852,4.411805218190099
1,All Population,3,YLDs (Years Lived with Disability),4852,Haryana,1,Male,9,20-24 years,498,Hypertensive heart disease,108,High body-mass index,1,Number,2020,1.860056746310534,3.711612331844065,0.6699477271726595
1,All Population,3,YLDs (Years Lived with Disability),4852,Haryana,2,Female,9,20-24 years,498,Hypertensive heart disease,108,High body-mass index,1,Number,2020,3.3798499897175027,6.268950028389338,1.2534498221816597
1,All Population,3,YLDs (Years Lived with Disability),4864,Nagaland,1,Male,9,20-24 years,498,Hypertensive heart disease,107,High systolic blood pressure,1,Number,2020,0.2556011442830734,0.43586226350266966,0.13554586305672497
1,All Population,3,YLDs (Years Lived with Disability),4864,Nagaland,2,Female,9,20-24 years,498,Hypertensive heart disease,107,High systolic blood pressure,1,Number,2020,0.7312476509373927,1.2360090230587544,0.4291594165548287
1,All Population,3,YLDs (Years Lived with Disability),4864,Nagaland,1,Male,9,20-24 years,498,Hypertensive heart disease,108,High body-mass index,1,Number,2020,0.09312556365977169,0.20279797757596627,0.027050973803818927
1,All Population,3,YLDs (Years Lived with Disability),4864,Nagaland,2,Female,9,20-24 years,498,Hypertensive heart disease,108,High body-mass index,1,Number,2020,0.22697147067126758,0.44892216680307384,0.07752742582460888
1,All Population,3,YLDs (Years Lived with Disability),4861,Manipur,1,Male,9,20-24 years,498,Hypertensive heart disease,107,High systolic blood pressure,1,Number,2020,0.4186379042069376,0.7392424048954174,0.23921055071396455
1,All Population,3,YLDs (Years Lived with Disability),4861,Manipur,2,Female,9,20-24 years,498,Hypertensive heart disease,107,High systolic blood pressure,1,Number,2020,1.1805658050747003,2.005575667984594,0.6958300140355872
1,All Population,3,YLDs (Years Lived with Disability),4861,Manipur,1,Male,9,20-24 years,498,Hypertensive heart disease,108,High body-mass index,1,Number,2020,0.16877940439660713,0.3773733512534959,0.051048799898008576
1,All Population,3,YLDs (Years Lived with Disability),4861,Manipur,2,Female,9,20-24 years,498,Hypertensive heart disease,108,High body-mass index,1,Number,2020,0.5398978186415269,1.0768417165667843,0.20372103796819965
1,All Population,3,YLDs (Years Lived with Disability),4846,Chhattisgarh,1,Male,9,20-24 years,494,Stroke,108,High body-mass index,1,Number,2020,0.6288287728257315,11.15510765323644,-10.674102193574617
1,All Population,3,YLDs (Years Lived with Disability),4846,Chhattisgarh,2,Female,9,20-24 years,494,Stroke,108,High body-mass index,1,Number,2020,1.6708974827832002,12.931376770126178,-12.224324329728825
1,All Population,3,YLDs (Years Lived with Disability),4857,Kerala,1,Male,9,20-24 years,494,Stroke,108,High body-mass index,1,Number,2020,12.384423845165914,38.84169573050437,-4.997998858196437
1,All Population,3,YLDs (Years Lived with Disability),4857,Kerala,2,Female,9,20-24 years,494,Stroke,108,High body-mass index,1,Number,2020,21.39270232350671,59.04551467628889,-3.2216920464664476
1,All Population,3,YLDs (Years Lived with Disability),4857,Kerala,1,Male,9,20-24 years,493,Ischemic heart disease,108,High body-mass index,1,Number,2020,17.350850833227643,35.36425445016521,5.966450858248304
1,All Population,3,YLDs (Years Lived with Disability),4857,Kerala,2,Female,9,20-24 years,493,Ischemic heart disease,108,High body-mass index,1,Number,2020,19.19430899861948,40.92482196181949,5.466043982838487
1,All Population,3,YLDs (Years Lived with Disability),4853,Himachal Pradesh,1,Male,9,20-24 years,493,Ischemic heart disease,108,High body-mass index,1,Number,2020,2.92821453406781,6.175930412448725,0.9647555472266741
1,All Population,3,YLDs (Years Lived with Disability),4853,Himachal Pradesh,2,Female,9,20-24 years,493,Ischemic heart disease,108,High body-mass index,1,Number,2020,2.350754540197854,4.818509412774772,0.7942364363437384
1,All Population,3,YLDs (Years Lived with Disability),4856,Karnataka,1,Male,9,20-24 years,493,Ischemic heart disease,108,High body-mass index,1,Number,2020,24.10731338330598,54.75520940404512,5.798757118237661
1,All Population,3,YLDs (Years Lived with Disability),4856,Karnataka,2,Female,9,20-24 years,493,Ischemic heart disease,108,High body-mass index,1,Number,2020,38.47354805391498,82.84973907538856,11.249266666837402
1,All Population,3,YLDs (Years Lived with Disability),4872,Tripura,1,Male,9,20-24 years,498,Hypertensive heart disease,107,High systolic blood pressure,1,Number,2020,0.3961308557955017,0.664031244533336,0.20998417357356908
1,All Population,3,YLDs (Years Lived with Disability),4872,Tripura,2,Female,9,20-24 years,498,Hypertensive heart disease,107,High systolic blood pressure,1,Number,2020,1.2260375497539266,2.0471292513025006,0.6777977773271286
1,All Population,3,YLDs (Years Lived with Disability),4872,Tripura,1,Male,9,20-24 years,498,Hypertensive heart disease,108,High body-mass index,1,Number,2020,0.12503037487019059,0.2537245493578138,0.04323380050361468
1,All Population,3,YLDs (Years Lived with Disability),4872,Tripura,2,Female,9,20-24 years,498,Hypertensive heart disease,108,High body-mass index,1,Number,2020,0.4689507253011735,0.9440753510001506,0.16195019627993928
1,All Population,3,YLDs (Years Lived with Disability),4870,Tamil Nadu,1,Male,9,20-24 years,493,Ischemic heart disease,108,High body-mass index,1,Number,2020,29.891717896588222,63.30851372878896,9.1689779662521
1,All Population,3,YLDs (Years Lived with Disability),4870,Tamil Nadu,2,Female,9,20-24 years,493,Ischemic heart disease,108,High body-mass index,1,Number,2020,53.29792438385467,108.42581326230442,17.281387116473393
1,All Population,3,YLDs (Years Lived with Disability),4868,Rajasthan,1,Male,9,20-24 years,493,Ischemic heart disease,108,High body-mass index,1,Number,2020,28.388265338421302,67.05121959804107,7.31816459472888
1,All Population,3,YLDs (Years Lived with Disability),4868,Rajasthan,2,Female,9,20-24 years,493,Ischemic heart disease,108,High body-mass index,1,Number,2020,23.705718498476095,50.975222154883106,6.526850421447349
1,All Population,3,YLDs (Years Lived with Disability),4842,Arunachal Pradesh,1,Male,9,20-24 years,493,Ischemic heart disease,108,High body-mass index,1,Number,2020,0.6559953831572817,1.456057502034054,0.15898964061553827
1,All Population,3,YLDs (Years Lived with Disability),4842,Arunachal Pradesh,2,Female,9,20-24 years,493,Ischemic heart disease,108,High body-mass index,1,Number,2020,0.5712289823464878,1.1997802746281478,0.1692600678598048
1,All Population,3,YLDs (Years Lived with Disability),4870,Tamil Nadu,1,Male,9,20-24 years,494,Stroke,108,High body-mass index,1,Number,2020,10.7613708202502,47.34320553390036,-25.838393161483378
1,All Population,3,YLDs (Years Lived with Disability),4870,Tamil Nadu,2,Female,9,20-24 years,494,Stroke,108,High body-mass index,1,Number,2020,56.396369704952846,148.32098116209198,-6.380584803849303
1,All Population,3,YLDs (Years Lived with Disability),4854,Jammu & Kashmir and Ladakh,1,Male,9,20-24 years,494,Stroke,108,High body-mass index,1,Number,2020,2.7923969355864413,11.769465421537866,-4.370324381480336
1,All Population,3,YLDs (Years Lived with Disability),4854,Jammu & Kashmir and Ladakh,2,Female,9,20-24 years,494,Stroke,108,High body-mass index,1,Number,2020,5.169970493017058,16.64879762365474,-3.3158711423000438
1,All Population,3,YLDs (Years Lived with Disability),4874,Uttarakhand,1,Male,9,20-24 years,493,Ischemic heart disease,108,High body-mass index,1,Number,2020,6.524529511639268,15.270984039576994,1.8710970334678252
1,All Population,3,YLDs (Years Lived with Disability),4874,Uttarakhand,2,Female,9,20-24 years,493,Ischemic heart disease,108,High body-mass index,1,Number,2020,5.305789149188564,10.127461632951702,1.4634026040765666
1,All Population,3,YLDs (Years Lived with Disability),4852,Haryana,1,Male,9,20-24 years,494,Stroke,108,High body-mass index,1,Number,2020,17.94321853967599,53.519379762731525,-2.9597181945130524
1,All Population,3,YLDs (Years Lived with Disability),4852,Haryana,2,Female,9,20-24 years,494,Stroke,108,High body-mass index,1,Number,2020,12.376321957981377,39.473290234641816,-1.7930579331838727
1,All Population,3,YLDs (Years Lived with Disability),4874,Uttarakhand,1,Male,9,20-24 years,498,Hypertensive heart disease,107,High systolic blood pressure,1,Number,2020,1.3918922747883107,2.4702813098350473,0.734404162875248
1,All Population,3,YLDs (Years Lived with Disability),4874,Uttarakhand,2,Female,9,20-24 years,498,Hypertensive heart disease,107,High systolic blood pressure,1,Number,2020,3.5963432638140866,6.36607479777514,2.083931827065369
1,All Population,3,YLDs (Years Lived with Disability),4874,Uttarakhand,1,Male,9,20-24 years,498,Hypertensive heart disease,108,High body-mass index,1,Number,2020,0.5230557190177401,1.126193222729243,0.16012855522455427
1,All Population,3,YLDs (Years Lived with Disability),4874,Uttarakhand,2,Female,9,20-24 years,498,Hypertensive heart disease,108,High body-mass index,1,Number,2020,1.4891951407346944,2.9337549552229327,0.556613839747076
1,All Population,3,YLDs (Years Lived with Disability),4857,Kerala,1,Male,9,20-24 years,498,Hypertensive heart disease,107,High systolic blood pressure,1,Number,2020,2.533095448386983,4.621790045170162,1.353195411439263
1,All Population,3,YLDs (Years Lived with Disability),4857,Kerala,2,Female,9,20-24 years,498,Hypertensive heart disease,107,High systolic blood pressure,1,Number,2020,9.619987524429096,16.082523243128783,5.791877118022854
1,All Population,3,YLDs (Years Lived with Disability),4846,Chhattisgarh,1,Male,9,20-24 years,498,Hypertensive heart disease,107,High systolic blood pressure,1,Number,2020,4.282783312467955,7.398156375774336,2.433589750923663
1,All Population,3,YLDs (Years Lived with Disability),4846,Chhattisgarh,2,Female,9,20-24 years,498,Hypertensive heart disease,107,High systolic blood pressure,1,Number,2020,9.900538462193419,16.84309829604039,5.698873629692384
1,All Population,3,YLDs (Years Lived with Disability),4846,Chhattisgarh,1,Male,9,20-24 years,498,Hypertensive heart disease,108,High body-mass index,1,Number,2020,0.9875940348659357,2.475035753956595,0.2564862449490154
1,All Population,3,YLDs (Years Lived with Disability),4846,Chhattisgarh,2,Female,9,20-24 years,498,Hypertensive heart disease,108,High body-mass index,1,Number,2020,2.8301914290134187,5.743861619467571,0.9214597684651327
1,All Population,3,YLDs (Years Lived with Disability),4863,Mizoram,1,Male,9,20-24 years,498,Hypertensive heart disease,107,High systolic blood pressure,1,Number,2020,0.16853541201132785,0.2915874157524987,0.0874896449792007
1,All Population,3,YLDs (Years Lived with Disability),4863,Mizoram,2,Female,9,20-24 years,498,Hypertensive heart disease,107,High systolic blood pressure,1,Number,2020,0.5734746865630238,0.9386433331577972,0.32679416622183904
1,All Population,3,YLDs (Years Lived with Disability),4863,Mizoram,1,Male,9,20-24 years,498,Hypertensive heart disease,108,High body-mass index,1,Number,2020,0.0668775606606295,0.13865855793105686,0.021674052683667122
1,All Population,3,YLDs (Years Lived with Disability),4863,Mizoram,2,Female,9,20-24 years,498,Hypertensive heart disease,108,High body-mass index,1,Number,2020,0.2425593849258468,0.4613090907028807,0.08961737986976212
1,All Population,3,YLDs (Years Lived with Disability),4873,Uttar Pradesh,1,Male,9,20-24 years,493,Ischemic heart disease,108,High body-mass index,1,Number,2020,55.981775840661804,108.43756629862361,13.912069834174432
1,All Population,3,YLDs (Years Lived with Disability),4873,Uttar Pradesh,2,Female,9,20-24 years,493,Ischemic heart disease,108,High body-mass index,1,Number,2020,106.66070703450802,215.73969463298897,36.53375029193167
1,All Population,3,YLDs (Years Lived with Disability),4853,Himachal Pradesh,1,Male,9,20-24 years,494,Stroke,108,High body-mass index,1,Number,2020,1.4881045871802845,5.683134917090031,-1.7816059894961598
1,All Population,3,YLDs (Years Lived with Disability),4853,Himachal Pradesh,2,Female,9,20-24 years,494,Stroke,108,High body-mass index,1,Number,2020,1.8352350282975125,6.783166427474489,-1.8426389510861125
1,All Population,3,YLDs (Years Lived with Disability),4868,Rajasthan,1,Male,9,20-24 years,498,Hypertensive heart disease,107,High systolic blood pressure,1,Number,2020,9.854081031288874,17.248001272315257,5.226949909595107
1,All Population,3,YLDs (Years Lived with Disability),4868,Rajasthan,2,Female,9,20-24 years,498,Hypertensive heart disease,107,High systolic blood pressure,1,Number,2020,24.481729998825774,41.78518081699452,14.032348945654073
1,All Population,3,YLDs (Years Lived with Disability),4868,Rajasthan,1,Male,9,20-24 years,498,Hypertensive heart disease,108,High body-mass index,1,Number,2020,2.8859983921440238,6.819406887690601,0.7576748547221612
1,All Population,3,YLDs (Years Lived with Disability),4868,Rajasthan,2,Female,9,20-24 years,498,Hypertensive heart disease,108,High body-mass index,1,Number,2020,7.520142941854946,16.18847411584859,2.2800531927672223
1,All Population,3,YLDs (Years Lived with Disability),4860,Maharashtra,1,Male,9,20-24 years,494,Stroke,108,High body-mass index,1,Number,2020,9.502131676423064,52.4370071083115,-42.611829442622366
1,All Population,3,YLDs (Years Lived with Disability),4860,Maharashtra,2,Female,9,20-24 years,494,Stroke,108,High body-mass index,1,Number,2020,23.454203317473283,98.47505021001201,-29.767992766232883
1,All Population,3,YLDs (Years Lived with Disability),4873,Uttar Pradesh,1,Male,9,20-24 years,494,Stroke,108,High body-mass index,1,Number,2020,3.9786896470082405,82.15499104624249,-125.02389298293264
1,All Population,3,YLDs (Years Lived with Disability),4873,Uttar Pradesh,2,Female,9,20-24 years,494,Stroke,108,High body-mass index,1,Number,2020,59.77360740211266,237.05027532462762,-54.187516397878625
1,All Population,3,YLDs (Years Lived with Disability),4860,Maharashtra,1,Male,9,20-24 years,498,Hypertensive heart disease,107,High systolic blood pressure,1,Number,2020,12.46799069903469,22.036527256966973,6.674113632063666
1,All Population,3,YLDs (Years Lived with Disability),4860,Maharashtra,2,Female,9,20-24 years,498,Hypertensive heart disease,107,High systolic blood pressure,1,Number,2020,36.61399899470233,60.09313661925876,21.2326906134121
1,All Population,3,YLDs (Years Lived with Disability),4860,Maharashtra,1,Male,9,20-24 years,498,Hypertensive heart disease,108,High body-mass index,1,Number,2020,4.199077728770095,8.757104754433957,1.4267510196029232
1,All Population,3,YLDs (Years Lived with Disability),4860,Maharashtra,2,Female,9,20-24 years,498,Hypertensive heart disease,108,High body-mass index,1,Number,2020,13.713294610545102,26.9168738662612,4.599082953697572
1,All Population,3,YLDs (Years Lived with Disability),4843,Assam,1,Male,9,20-24 years,498,Hypertensive heart disease,107,High systolic blood pressure,1,Number,2020,5.65943960784753,9.740316530068409,3.1195305470070678
1,All Population,3,YLDs (Years Lived with Disability),4843,Assam,2,Female,9,20-24 years,498,Hypertensive heart disease,107,High systolic blood pressure,1,Number,2020,11.920284117900115,20.085479853897464,6.782493314869697
1,All Population,3,YLDs (Years Lived with Disability),4843,Assam,1,Male,9,20-24 years,498,Hypertensive heart disease,108,High body-mass index,1,Number,2020,2.066751453381862,4.167276701682939,0.7690423083301132
1,All Population,3,YLDs (Years Lived with Disability),4843,Assam,2,Female,9,20-24 years,498,Hypertensive heart disease,108,High body-mass index,1,Number,2020,4.010115386997994,8.412993692351447,1.4938322638907204
1,All Population,3,YLDs (Years Lived with Disability),4865,Odisha,1,Male,9,20-24 years,494,Stroke,108,High body-mass index,1,Number,2020,1.935830698370655,18.121654416049058,-15.897102500508057
1,All Population,3,YLDs (Years Lived with Disability),4865,Odisha,2,Female,9,20-24 years,494,Stroke,108,High body-mass index,1,Number,2020,6.438272689457654,32.21993116291082,-14.565621597042298
1,All Population,3,YLDs (Years Lived with Disability),4842,Arunachal Pradesh,1,Male,9,20-24 years,494,Stroke,108,High body-mass index,1,Number,2020,0.6056110951115798,2.2731491130233183,-0.7566836984248586
1,All Population,3,YLDs (Years Lived with Disability),4842,Arunachal Pradesh,2,Female,9,20-24 years,494,Stroke,108,High body-mass index,1,Number,2020,0.42705406865097173,1.9705415307360028,-0.851344872362973
1,All Population,3,YLDs (Years Lived with Disability),4862,Meghalaya,1,Male,9,20-24 years,494,Stroke,108,High body-mass index,1,Number,2020,0.868423457718966,3.759650889225071,-0.9003806121505035
1,All Population,3,YLDs (Years Lived with Disability),4862,Meghalaya,2,Female,9,20-24 years,494,Stroke,108,High body-mass index,1,Number,2020,0.2296602513068428,2.297073991912154,-2.320655036413732
1,All Population,3,YLDs (Years Lived with Disability),4857,Kerala,1,Male,9,20-24 years,498,Hypertensive heart disease,108,High body-mass index,1,Number,2020,1.214266578701714,2.2751847030354067,0.49439488816015387
1,All Population,3,YLDs (Years Lived with Disability),4857,Kerala,2,Female,9,20-24 years,498,Hypertensive heart disease,108,High body-mass index,1,Number,2020,5.339020781987714,10.122985708505327,2.1060788423094827
1,All Population,3,YLDs (Years Lived with Disability),4872,Tripura,1,Male,9,20-24 years,493,Ischemic heart disease,108,High body-mass index,1,Number,2020,1.0779093339110015,2.220779036569103,0.3194200280643129
1,All Population,3,YLDs (Years Lived with Disability),4872,Tripura,2,Female,9,20-24 years,493,Ischemic heart disease,108,High body-mass index,1,Number,2020,1.1887577715009272,2.604927348860623,0.38912311469859473
1,All Population,3,YLDs (Years Lived with Disability),4850,Goa,1,Male,9,20-24 years,494,Stroke,108,High body-mass index,1,Number,2020,1.2457821017746495,3.829492632182449,-0.037411804138163265
1,All Population,3,YLDs (Years Lived with Disability),4850,Goa,2,Female,9,20-24 years,494,Stroke,108,High body-mass index,1,Number,2020,0.9837736624463251,2.8805854222167655,-0.011735961006766226
1,All Population,3,YLDs (Years Lived with Disability),4867,Punjab,1,Male,9,20-24 years,498,Hypertensive heart disease,107,High systolic blood pressure,1,Number,2020,3.431096251421023,5.965191836393257,1.8982770478794464
1,All Population,3,YLDs (Years Lived with Disability),4867,Punjab,2,Female,9,20-24 years,498,Hypertensive heart disease,107,High systolic blood pressure,1,Number,2020,6.295095907545289,10.616335961818749,3.493223100903385
1,All Population,3,YLDs (Years Lived with Disability),4867,Punjab,1,Male,9,20-24 years,498,Hypertensive heart disease,108,High body-mass index,1,Number,2020,1.9762367706921569,3.795109472628498,0.7445110582568911
1,All Population,3,YLDs (Years Lived with Disability),4867,Punjab,2,Female,9,20-24 years,498,Hypertensive heart disease,108,High body-mass index,1,Number,2020,3.0693074104287645,5.840894000594857,1.1465232231069722
1,All Population,3,YLDs (Years Lived with Disability),4867,Punjab,1,Male,9,20-24 years,493,Ischemic heart disease,108,High body-mass index,1,Number,2020,41.54110342307567,84.65298779342098,13.108073054646152
1,All Population,3,YLDs (Years Lived with Disability),4867,Punjab,2,Female,9,20-24 years,493,Ischemic heart disease,108,High body-mass index,1,Number,2020,24.18617146598441,50.48028515226497,7.90031270575132
1,All Population,3,YLDs (Years Lived with Disability),4873,Uttar Pradesh,1,Male,9,20-24 years,498,Hypertensive heart disease,107,High systolic blood pressure,1,Number,2020,38.76978967035454,66.19882354685639,21.766393789760095
1,All Population,3,YLDs (Years Lived with Disability),4873,Uttar Pradesh,2,Female,9,20-24 years,498,Hypertensive heart disease,107,High systolic blood pressure,1,Number,2020,83.49245379714192,139.1370086843266,48.41719897088795
1,All Population,3,YLDs (Years Lived with Disability),4873,Uttar Pradesh,1,Male,9,20-24 years,498,Hypertensive heart disease,108,High body-mass index,1,Number,2020,10.536224602765246,22.265074313190144,3.760450915652063
1,All Population,3,YLDs (Years Lived with Disability),4873,Uttar Pradesh,2,Female,9,20-24 years,498,Hypertensive heart disease,108,High body-mass index,1,Number,2020,28.479599650219285,54.8460403924791,10.485731772012613
1,All Population,3,YLDs (Years Lived with Disability),4875,West Bengal,1,Male,9,20-24 years,494,Stroke,108,High body-mass index,1,Number,2020,6.9894134794257905,51.376485476589615,-43.660183096454425
1,All Population,3,YLDs (Years Lived with Disability),4875,West Bengal,2,Female,9,20-24 years,494,Stroke,108,High body-mass index,1,Number,2020,45.52237029645075,154.24432884376557,-18.460261701919087
1,All Population,3,YLDs (Years Lived with Disability),4860,Maharashtra,1,Male,9,20-24 years,493,Ischemic heart disease,108,High body-mass index,1,Number,2020,31.44891384123848,65.7469548695505,10.27021579315722
1,All Population,3,YLDs (Years Lived with Disability),4860,Maharashtra,2,Female,9,20-24 years,493,Ischemic heart disease,108,High body-mass index,1,Number,2020,36.09400981594092,73.28911073100564,10.46531487589754
1,All Population,3,YLDs (Years Lived with Disability),4869,Sikkim,1,Male,9,20-24 years,493,Ischemic heart disease,108,High body-mass index,1,Number,2020,0.18634725004178,0.37299163706484484,0.05145273887047795
1,All Population,3,YLDs (Years Lived with Disability),4869,Sikkim,2,Female,9,20-24 years,493,Ischemic heart disease,108,High body-mass index,1,Number,2020,0.31361278855225977,0.6469870769410072,0.09901267426811809
1,All Population,3,YLDs (Years Lived with Disability),44538,Other Union Territories,1,Male,9,20-24 years,493,Ischemic heart disease,108,High body-mass index,1,Number,2020,2.6734013901242055,6.04695345140897,0.7668876092369588
1,All Population,3,YLDs (Years Lived with Disability),44538,Other Union Territories,2,Female,9,20-24 years,493,Ischemic heart disease,108,High body-mass index,1,Number,2020,2.190755136342407,4.767411078343009,0.6809583808525373
1,All Population,3,YLDs (Years Lived with Disability),4870,Tamil Nadu,1,Male,9,20-24 years,498,Hypertensive heart disease,107,High systolic blood pressure,1,Number,2020,5.854928005031171,10.247041229140166,3.1120543948698045
1,All Population,3,YLDs (Years Lived with Disability),4870,Tamil Nadu,2,Female,9,20-24 years,498,Hypertensive heart disease,107,High systolic blood pressure,1,Number,2020,16.41625248202005,28.284097929738536,9.199875700797222
1,All Population,3,YLDs (Years Lived with Disability),4870,Tamil Nadu,1,Male,9,20-24 years,498,Hypertensive heart disease,108,High body-mass index,1,Number,2020,1.9743380387654637,4.076965535159725,0.7305990409011742
1,All Population,3,YLDs (Years Lived with Disability),4870,Tamil Nadu,2,Female,9,20-24 years,498,Hypertensive heart disease,108,High body-mass index,1,Number,2020,8.651442927615092,15.503748452244977,3.35954598975633
1,All Population,3,YLDs (Years Lived with Disability),4865,Odisha,1,Male,9,20-24 years,498,Hypertensive heart disease,107,High systolic blood pressure,1,Number,2020,6.20476871532527,10.348141954507087,3.470330781006681
1,All Population,3,YLDs (Years Lived with Disability),4865,Odisha,2,Female,9,20-24 years,498,Hypertensive heart disease,107,High systolic blood pressure,1,Number,2020,14.033101663424832,23.33190636085127,7.874052968416913
1,All Population,3,YLDs (Years Lived with Disability),4865,Odisha,1,Male,9,20-24 years,498,Hypertensive heart disease,108,High body-mass index,1,Number,2020,1.9640617011935144,4.356309024931115,0.5773537974771676
1,All Population,3,YLDs (Years Lived with Disability),4865,Odisha,2,Female,9,20-24 years,498,Hypertensive heart disease,108,High body-mass index,1,Number,2020,5.2407088670701185,10.878414508728852,1.7128765394397318
1,All Population,3,YLDs (Years Lived with Disability),4844,Bihar,1,Male,9,20-24 years,494,Stroke,108,High body-mass index,1,Number,2020,1.574145304935054,37.66982893375334,-51.82630098845715
1,All Population,3,YLDs (Years Lived with Disability),4844,Bihar,2,Female,9,20-24 years,494,Stroke,108,High body-mass index,1,Number,2020,9.04945098383872,53.258301177721734,-41.25287486489734
1,All Population,3,YLDs (Years Lived with Disability),4875,West Bengal,1,Male,9,20-24 years,493,Ischemic heart disease,108,High body-mass index,1,Number,2020,24.681681059783287,54.93575188561354,6.756808176661311
1,All Population,3,YLDs (Years Lived with Disability),4875,West Bengal,2,Female,9,20-24 years,493,Ischemic heart disease,108,High body-mass index,1,Number,2020,49.73986907022649,107.05118954802954,15.719462855597847
1,All Population,3,YLDs (Years Lived with Disability),44538,Other Union Territories,1,Male,9,20-24 years,494,Stroke,108,High body-mass index,1,Number,2020,1.9369047322754447,6.9454609483202,-0.48022875496827744
1,All Population,3,YLDs (Years Lived with Disability),44538,Other Union Territories,2,Female,9,20-24 years,494,Stroke,108,High body-mass index,1,Number,2020,2.5909596214352373,6.94366767284853,0.026984510840179693
1,All Population,3,YLDs (Years Lived with Disability),4868,Rajasthan,1,Male,9,20-24 years,494,Stroke,108,High body-mass index,1,Number,2020,8.233307418094835,42.82633678796238,-20.819392662184573
1,All Population,3,YLDs (Years Lived with Disability),4868,Rajasthan,2,Female,9,20-24 years,494,Stroke,108,High body-mass index,1,Number,2020,8.123933125456285,47.51649995380956,-27.272200031205454
1,All Population,3,YLDs (Years Lived with Disability),4850,Goa,1,Male,9,20-24 years,498,Hypertensive heart disease,107,High systolic blood pressure,1,Number,2020,0.15235535994168373,0.2662000033128184,0.0845342644609026
1,All Population,3,YLDs (Years Lived with Disability),4850,Goa,2,Female,9,20-24 years,498,Hypertensive heart disease,107,High systolic blood pressure,1,Number,2020,0.3427208570474704,0.5654292503368513,0.197538953868047
1,All Population,3,YLDs (Years Lived with Disability),4850,Goa,1,Male,9,20-24 years,498,Hypertensive heart disease,108,High body-mass index,1,Number,2020,0.09235352412803248,0.16946066318376588,0.03816773974075069
1,All Population,3,YLDs (Years Lived with Disability),4850,Goa,2,Female,9,20-24 years,498,Hypertensive heart disease,108,High body-mass index,1,Number,2020,0.19875692698973263,0.3803686683360307,0.07836038689318048
1,All Population,3,YLDs (Years Lived with Disability),4869,Sikkim,1,Male,9,20-24 years,494,Stroke,108,High body-mass index,1,Number,2020,0.12468578230422432,0.5245180906837033,-0.2490252808127681
1,All Population,3,YLDs (Years Lived with Disability),4869,Sikkim,2,Female,9,20-24 years,494,Stroke,108,High body-mass index,1,Number,2020,0.39806757817917393,1.1068757543760714,-0.0704960520070044
1,All Population,3,YLDs (Years Lived with Disability),4862,Meghalaya,1,Male,9,20-24 years,498,Hypertensive heart disease,107,High systolic blood pressure,1,Number,2020,0.44790327795538626,0.7591662933307219,0.24782769742040126
1,All Population,3,YLDs (Years Lived with Disability),4862,Meghalaya,2,Female,9,20-24 years,498,Hypertensive heart disease,107,High systolic blood pressure,1,Number,2020,1.4430332200090337,2.489654767683189,0.856111742627151
1,All Population,3,YLDs (Years Lived with Disability),4862,Meghalaya,1,Male,9,20-24 years,498,Hypertensive heart disease,108,High body-mass index,1,Number,2020,0.16355463394863928,0.3584334898225942,0.04598459900708528
1,All Population,3,YLDs (Years Lived with Disability),4862,Meghalaya,2,Female,9,20-24 years,498,Hypertensive heart disease,108,High body-mass index,1,Number,2020,0.48645796662815755,0.9853569056030332,0.1698601005522697
1,All Population,3,YLDs (Years Lived with Disability),4853,Himachal Pradesh,1,Male,9,20-24 years,498,Hypertensive heart disease,107,High systolic blood pressure,1,Number,2020,0.8059367249978884,1.3875883280688968,0.4309265709011166
1,All Population,3,YLDs (Years Lived with Disability),4853,Himachal Pradesh,2,Female,9,20-24 years,498,Hypertensive heart disease,107,High systolic blood pressure,1,Number,2020,2.119552733272596,3.64947322346865,1.1853662419057778
1,All Population,3,YLDs (Years Lived with Disability),4853,Himachal Pradesh,1,Male,9,20-24 years,498,Hypertensive heart disease,108,High body-mass index,1,Number,2020,0.3261461998153618,0.5965982968872133,0.12340558049418573
1,All Population,3,YLDs (Years Lived with Disability),4853,Himachal Pradesh,2,Female,9,20-24 years,498,Hypertensive heart disease,108,High body-mass index,1,Number,2020,0.8645155205293721,1.7300326214850728,0.32362885748867276
1,All Population,3,YLDs (Years Lived with Disability),4854,Jammu & Kashmir and Ladakh,1,Male,9,20-24 years,498,Hypertensive heart disease,107,High systolic blood pressure,1,Number,2020,1.7798557205474106,3.0261021282250153,0.9774666712745228
1,All Population,3,YLDs (Years Lived with Disability),4854,Jammu & Kashmir and Ladakh,2,Female,9,20-24 years,498,Hypertensive heart disease,107,High systolic blood pressure,1,Number,2020,3.9547317208751065,6.593366813060121,2.1554030740630177
1,All Population,3,YLDs (Years Lived with Disability),4854,Jammu & Kashmir and Ladakh,1,Male,9,20-24 years,498,Hypertensive heart disease,108,High body-mass index,1,Number,2020,0.7036211896981052,1.417103676107851,0.2600704564327208
1,All Population,3,YLDs (Years Lived with Disability),4854,Jammu & Kashmir and Ladakh,2,Female,9,20-24 years,498,Hypertensive heart disease,108,High body-mass index,1,Number,2020,1.9113401266296701,3.6192937022008325,0.7255200923101894
1,All Population,3,YLDs (Years Lived with Disability),4844,Bihar,1,Male,9,20-24 years,498,Hypertensive heart disease,107,High systolic blood pressure,1,Number,2020,13.819854030317982,23.01577200154265,7.734809385613364
1,All Population,3,YLDs (Years Lived with Disability),4844,Bihar,2,Female,9,20-24 years,498,Hypertensive heart disease,107,High systolic blood pressure,1,Number,2020,35.14296479015822,61.50576157040752,19.398017971181183
1,All Population,3,YLDs (Years Lived with Disability),4844,Bihar,1,Male,9,20-24 years,498,Hypertensive heart disease,108,High body-mass index,1,Number,2020,3.993844401056123,8.19596115871658,1.3229469820242317
1,All Population,3,YLDs (Years Lived with Disability),4844,Bihar,2,Female,9,20-24 years,498,Hypertensive heart disease,108,High body-mass index,1,Number,2020,10.053499925865141,20.922154184317435,3.629088244913005
1,All Population,3,YLDs (Years Lived with Disability),4875,West Bengal,1,Male,9,20-24 years,498,Hypertensive heart disease,107,High systolic blood pressure,1,Number,2020,9.083928146490997,15.523861075388679,4.934580218789873
1,All Population,3,YLDs (Years Lived with Disability),4875,West Bengal,2,Female,9,20-24 years,498,Hypertensive heart disease,107,High systolic blood pressure,1,Number,2020,27.158756477675716,47.08389218736409,15.446287610291295
1,All Population,3,YLDs (Years Lived with Disability),4875,West Bengal,1,Male,9,20-24 years,498,Hypertensive heart disease,108,High body-mass index,1,Number,2020,2.6547576552110637,6.166951429359662,0.7817450979287665
1,All Population,3,YLDs (Years Lived with Disability),4875,West Bengal,2,Female,9,20-24 years,498,Hypertensive heart disease,108,High body-mass index,1,Number,2020,11.431243110280905,23.152626501089973,3.9733120482382636
1,All Population,3,YLDs (Years Lived with Disability),4846,Chhattisgarh,1,Male,9,20-24 years,493,Ischemic heart disease,108,High body-mass index,1,Number,2021,6.0368080836418985,15.255606250744872,1.0858796930524406
1,All Population,3,YLDs (Years Lived with Disability),4846,Chhattisgarh,2,Female,9,20-24 years,493,Ischemic heart disease,108,High body-mass index,1,Number,2021,7.30412682670856,15.006170397010616,2.0278726391844275
1,All Population,3,YLDs (Years Lived with Disability),4856,Karnataka,1,Male,9,20-24 years,494,Stroke,108,High body-mass index,1,Number,2021,7.151743766077077,36.74986858005537,-19.721035689800374
1,All Population,3,YLDs (Years Lived with Disability),4856,Karnataka,2,Female,9,20-24 years,494,Stroke,108,High body-mass index,1,Number,2021,25.598755175278605,91.99417335208747,-7.934138841894905
1,All Population,3,YLDs (Years Lived with Disability),4859,Madhya Pradesh,1,Male,9,20-24 years,494,Stroke,108,High body-mass index,1,Number,2021,3.411629488531402,33.06355627407969,-31.307573350574916
1,All Population,3,YLDs (Years Lived with Disability),4859,Madhya Pradesh,2,Female,9,20-24 years,494,Stroke,108,High body-mass index,1,Number,2021,12.923866600643409,66.42637088566347,-25.86970651229542
1,All Population,3,YLDs (Years Lived with Disability),44538,Other Union Territories,1,Male,9,20-24 years,498,Hypertensive heart disease,107,High systolic blood pressure,1,Number,2020,0.41987702286601186,0.7657871766233384,0.21640574751029434
1,All Population,3,YLDs (Years Lived with Disability),44538,Other Union Territories,2,Female,9,20-24 years,498,Hypertensive heart disease,107,High systolic blood pressure,1,Number,2020,1.0323256627574111,1.788876025263774,0.588172951880175
1,All Population,3,YLDs (Years Lived with Disability),44538,Other Union Territories,1,Male,9,20-24 years,498,Hypertensive heart disease,108,High body-mass index,1,Number,2020,0.21282543509281351,0.405882096093131,0.08450380693841689
1,All Population,3,YLDs (Years Lived with Disability),44538,Other Union Territories,2,Female,9,20-24 years,498,Hypertensive heart disease,108,High body-mass index,1,Number,2020,0.5711877449045202,1.0019454024336951,0.21336326396803823
1,All Population,3,YLDs (Years Lived with Disability),4844,Bihar,1,Male,9,20-24 years,493,Ischemic heart disease,108,High body-mass index,1,Number,2021,23.6121782452392,48.28085869026174,6.4035507422667655
1,All Population,3,YLDs (Years Lived with Disability),4844,Bihar,2,Female,9,20-24 years,493,Ischemic heart disease,108,High body-mass index,1,Number,2021,28.183160365197363,68.14881031282135,7.635122941793648
1,All Population,3,YLDs (Years Lived with Disability),4869,Sikkim,1,Male,9,20-24 years,498,Hypertensive heart disease,107,High systolic blood pressure,1,Number,2020,0.0836058602116207,0.14415350966556234,0.04283217997746105
1,All Population,3,YLDs (Years Lived with Disability),4869,Sikkim,2,Female,9,20-24 years,498,Hypertensive heart disease,107,High systolic blood pressure,1,Number,2020,0.21183155246533028,0.3408759977779472,0.12105303815088587
1,All Population,3,YLDs (Years Lived with Disability),4869,Sikkim,1,Male,9,20-24 years,498,Hypertensive heart disease,108,High body-mass index,1,Number,2020,0.030953082813433435,0.059817168825514945,0.011172872676915632
1,All Population,3,YLDs (Years Lived with Disability),4869,Sikkim,2,Female,9,20-24 years,498,Hypertensive heart disease,108,High body-mass index,1,Number,2020,0.09891545297081865,0.18816374577095643,0.039630985298687034
1,All Population,3,YLDs (Years Lived with Disability),4862,Meghalaya,1,Male,9,20-24 years,493,Ischemic heart disease,108,High body-mass index,1,Number,2021,0.9542224422663679,2.369081560307407,0.19389569584615945
1,All Population,3,YLDs (Years Lived with Disability),4862,Meghalaya,2,Female,9,20-24 years,493,Ischemic heart disease,108,High body-mass index,1,Number,2021,0.7648577683517931,1.6270936784500538,0.1988209251079266
1,All Population,3,YLDs (Years Lived with Disability),4856,Karnataka,1,Male,9,20-24 years,498,Hypertensive heart disease,107,High systolic blood pressure,1,Number,2021,6.594147000722078,11.517320177845425,3.7950982885361833
1,All Population,3,YLDs (Years Lived with Disability),4856,Karnataka,2,Female,9,20-24 years,498,Hypertensive heart disease,107,High systolic blood pressure,1,Number,2021,15.751887430490477,28.13955022507701,8.704618740900008
1,All Population,3,YLDs (Years Lived with Disability),4856,Karnataka,1,Male,9,20-24 years,498,Hypertensive heart disease,108,High body-mass index,1,Number,2021,2.2635820769493757,4.9728209708717515,0.825597667056033
1,All Population,3,YLDs (Years Lived with Disability),4856,Karnataka,2,Female,9,20-24 years,498,Hypertensive heart disease,108,High body-mass index,1,Number,2021,7.031966106717937,14.479052609815726,2.3037091283181343
1,All Population,3,YLDs (Years Lived with Disability),4859,Madhya Pradesh,1,Male,9,20-24 years,498,Hypertensive heart disease,107,High systolic blood pressure,1,Number,2021,8.569877316925433,14.890932848001745,4.719604086324597
1,All Population,3,YLDs (Years Lived with Disability),4859,Madhya Pradesh,2,Female,9,20-24 years,498,Hypertensive heart disease,107,High systolic blood pressure,1,Number,2021,29.854056554823543,51.790341569821216,16.792796563102172
1,All Population,3,YLDs (Years Lived with Disability),4859,Madhya Pradesh,1,Male,9,20-24 years,498,Hypertensive heart disease,108,High body-mass index,1,Number,2021,2.067103745944029,4.981518622247493,0.5683914798059171
1,All Population,3,YLDs (Years Lived with Disability),4859,Madhya Pradesh,2,Female,9,20-24 years,498,Hypertensive heart disease,108,High body-mass index,1,Number,2021,8.539324598442365,18.02806431460842,2.8332367525299236
1,All Population,3,YLDs (Years Lived with Disability),4871,Telangana,1,Male,9,20-24 years,494,Stroke,108,High body-mass index,1,Number,2020,12.50734458849311,37.523408412353035,-4.604896257937201
1,All Population,3,YLDs (Years Lived with Disability),4871,Telangana,2,Female,9,20-24 years,494,Stroke,108,High body-mass index,1,Number,2020,17.56029307552568,54.798118372834566,-2.550648182713445
1,All Population,3,YLDs (Years Lived with Disability),4841,Andhra Pradesh,1,Male,9,20-24 years,494,Stroke,108,High body-mass index,1,Number,2021,15.356138195081773,54.43602953410918,-12.128681920656252
1,All Population,3,YLDs (Years Lived with Disability),4841,Andhra Pradesh,2,Female,9,20-24 years,494,Stroke,108,High body-mass index,1,Number,2021,28.82962378049827,85.84021588343688,-2.777231295277253
1,All Population,3,YLDs (Years Lived with Disability),4855,Jharkhand,1,Male,9,20-24 years,494,Stroke,108,High body-mass index,1,Number,2020,1.7287511366659714,13.708000067290207,-13.09214592776036
1,All Population,3,YLDs (Years Lived with Disability),4855,Jharkhand,2,Female,9,20-24 years,494,Stroke,108,High body-mass index,1,Number,2020,-0.10511303358236092,10.741575162118004,-16.13140375674119
1,All Population,3,YLDs (Years Lived with Disability),4849,Delhi,1,Male,9,20-24 years,493,Ischemic heart disease,108,High body-mass index,1,Number,2021,14.571477951623615,30.89941580059341,4.545412161386068
1,All Population,3,YLDs (Years Lived with Disability),4849,Delhi,2,Female,9,20-24 years,493,Ischemic heart disease,108,High body-mass index,1,Number,2021,11.46737450271511,23.732071369355854,3.3584548594459958
1,All Population,3,YLDs (Years Lived with Disability),4843,Assam,1,Male,9,20-24 years,494,Stroke,108,High body-mass index,1,Number,2021,4.696537472676205,23.412682659173043,-18.78814247264803
1,All Population,3,YLDs (Years Lived with Disability),4843,Assam,2,Female,9,20-24 years,494,Stroke,108,High body-mass index,1,Number,2021,0.9539057860168425,19.66847904938722,-22.758823042153487
1,All Population,3,YLDs (Years Lived with Disability),4846,Chhattisgarh,1,Male,9,20-24 years,494,Stroke,108,High body-mass index,1,Number,2021,0.691316955942155,10.944697722332526,-9.16504703792582
1,All Population,3,YLDs (Years Lived with Disability),4846,Chhattisgarh,2,Female,9,20-24 years,494,Stroke,108,High body-mass index,1,Number,2021,2.244071827204055,16.93592043557303,-9.076076056610987
1,All Population,3,YLDs (Years Lived with Disability),4852,Haryana,1,Male,9,20-24 years,493,Ischemic heart disease,108,High body-mass index,1,Number,2021,19.135986857485925,41.06095485440354,6.12188591940374
1,All Population,3,YLDs (Years Lived with Disability),4852,Haryana,2,Female,9,20-24 years,493,Ischemic heart disease,108,High body-mass index,1,Number,2021,13.08125943617784,27.39747010681386,3.8518003751241494
1,All Population,3,YLDs (Years Lived with Disability),4863,Mizoram,1,Male,9,20-24 years,493,Ischemic heart disease,108,High body-mass index,1,Number,2021,0.2704757514989465,0.6176694508612789,0.05646239720148238
1,All Population,3,YLDs (Years Lived with Disability),4863,Mizoram,2,Female,9,20-24 years,493,Ischemic heart disease,108,High body-mass index,1,Number,2021,0.2673952602829001,0.6478693118674637,0.07248430265838998
1,All Population,3,YLDs (Years Lived with Disability),4874,Uttarakhand,1,Male,9,20-24 years,494,Stroke,108,High body-mass index,1,Number,2021,3.0492653801300924,13.768289970339305,-3.4315408286357214
1,All Population,3,YLDs (Years Lived with Disability),4874,Uttarakhand,2,Female,9,20-24 years,494,Stroke,108,High body-mass index,1,Number,2021,3.680417848257483,15.323073725308898,-3.5492617104717104
1,All Population,3,YLDs (Years Lived with Disability),4872,Tripura,1,Male,9,20-24 years,494,Stroke,108,High body-mass index,1,Number,2021,0.24417781619291762,1.9463118296447737,-1.9827835557663769
1,All Population,3,YLDs (Years Lived with Disability),4872,Tripura,2,Female,9,20-24 years,494,Stroke,108,High body-mass index,1,Number,2021,0.7971428466311012,4.332172628524029,-2.1677147689563188
1,All Population,3,YLDs (Years Lived with Disability),4857,Kerala,1,Male,9,20-24 years,494,Stroke,108,High body-mass index,1,Number,2021,13.199523593340794,42.795802554369985,-2.6614042480845392
1,All Population,3,YLDs (Years Lived with Disability),4857,Kerala,2,Female,9,20-24 years,494,Stroke,108,High body-mass index,1,Number,2021,21.52590844799821,60.836063031989454,-2.3943365730304556
1,All Population,3,YLDs (Years Lived with Disability),4852,Haryana,1,Male,9,20-24 years,494,Stroke,108,High body-mass index,1,Number,2021,19.436179892411058,61.86251783803689,-2.6163072142452783
1,All Population,3,YLDs (Years Lived with Disability),4852,Haryana,2,Female,9,20-24 years,494,Stroke,108,High body-mass index,1,Number,2021,13.484775182856088,46.59381143149125,-3.0006221323318156
1,All Population,3,YLDs (Years Lived with Disability),4855,Jharkhand,1,Male,9,20-24 years,493,Ischemic heart disease,108,High body-mass index,1,Number,2021,4.894920954513776,10.460996586867184,1.414597298218511
1,All Population,3,YLDs (Years Lived with Disability),4855,Jharkhand,2,Female,9,20-24 years,493,Ischemic heart disease,108,High body-mass index,1,Number,2021,5.328839399810163,11.643899939741516,1.1939993485311238
1,All Population,3,YLDs (Years Lived with Disability),4860,Maharashtra,1,Male,9,20-24 years,494,Stroke,108,High body-mass index,1,Number,2021,9.657378890362573,57.94231723149893,-53.31630520924196
1,All Population,3,YLDs (Years Lived with Disability),4860,Maharashtra,2,Female,9,20-24 years,494,Stroke,108,High body-mass index,1,Number,2021,27.016522910764188,118.86936678799204,-33.53050842011946
1,All Population,3,YLDs (Years Lived with Disability),4850,Goa,1,Male,9,20-24 years,494,Stroke,108,High body-mass index,1,Number,2021,1.2400915361997429,3.219236278754367,0.05502263654232072
1,All Population,3,YLDs (Years Lived with Disability),4850,Goa,2,Female,9,20-24 years,494,Stroke,108,High body-mass index,1,Number,2021,1.02286022924907,3.0757947579283,0.028700153849716678
1,All Population,3,YLDs (Years Lived with Disability),4849,Delhi,1,Male,9,20-24 years,494,Stroke,108,High body-mass index,1,Number,2021,12.660836179565615,37.71550727690838,-3.1473683998443085
1,All Population,3,YLDs (Years Lived with Disability),4849,Delhi,2,Female,9,20-24 years,494,Stroke,108,High body-mass index,1,Number,2021,12.130108603275225,34.32586198820089,-0.9471876201703143
1,All Population,3,YLDs (Years Lived with Disability),4871,Telangana,1,Male,9,20-24 years,498,Hypertensive heart disease,107,High systolic blood pressure,1,Number,2020,3.5970666350938894,6.306986712561165,1.9552849362428661
1,All Population,3,YLDs (Years Lived with Disability),4871,Telangana,2,Female,9,20-24 years,498,Hypertensive heart disease,107,High systolic blood pressure,1,Number,2020,11.200499794571078,19.291361343039004,6.3020543030609115
1,All Population,3,YLDs (Years Lived with Disability),4871,Telangana,1,Male,9,20-24 years,498,Hypertensive heart disease,108,High body-mass index,1,Number,2020,1.442290481296694,2.853356166101511,0.5524511431187511
1,All Population,3,YLDs (Years Lived with Disability),4871,Telangana,2,Female,9,20-24 years,498,Hypertensive heart disease,108,High body-mass index,1,Number,2020,4.905591284806416,9.771877749153962,1.7350182120471191
1,All Population,3,YLDs (Years Lived with Disability),4855,Jharkhand,1,Male,9,20-24 years,498,Hypertensive heart disease,107,High systolic blood pressure,1,Number,2020,3.8238433677448884,6.52630590515561,2.14474538133258
1,All Population,3,YLDs (Years Lived with Disability),4855,Jharkhand,2,Female,9,20-24 years,498,Hypertensive heart disease,107,High systolic blood pressure,1,Number,2020,10.850067596925959,17.90715350493801,6.470457311132837
1,All Population,3,YLDs (Years Lived with Disability),4855,Jharkhand,1,Male,9,20-24 years,498,Hypertensive heart disease,108,High body-mass index,1,Number,2020,1.0761988718152806,2.288711960982141,0.37022438126389556
1,All Population,3,YLDs (Years Lived with Disability),4855,Jharkhand,2,Female,9,20-24 years,498,Hypertensive heart disease,108,High body-mass index,1,Number,2020,2.7747908643073034,5.947554238767137,0.8162038401392744
1,All Population,3,YLDs (Years Lived with Disability),4861,Manipur,1,Male,9,20-24 years,494,Stroke,108,High body-mass index,1,Number,2021,0.8367548097246723,4.1770548309238436,-1.739668360978718
1,All Population,3,YLDs (Years Lived with Disability),4861,Manipur,2,Female,9,20-24 years,494,Stroke,108,High body-mass index,1,Number,2021,1.1903952969727898,4.010578825750867,-1.6017657259532925
1,All Population,3,YLDs (Years Lived with Disability),4842,Arunachal Pradesh,1,Male,9,20-24 years,498,Hypertensive heart disease,107,High systolic blood pressure,1,Number,2021,0.23398770258312718,0.4186607714971224,0.12491339296911343
1,All Population,3,YLDs (Years Lived with Disability),4842,Arunachal Pradesh,2,Female,9,20-24 years,498,Hypertensive heart disease,107,High systolic blood pressure,1,Number,2021,0.6930262361671887,1.25441639138862,0.3895023149597905
1,All Population,3,YLDs (Years Lived with Disability),4842,Arunachal Pradesh,1,Male,9,20-24 years,498,Hypertensive heart disease,108,High body-mass index,1,Number,2021,0.10082798999320984,0.21802614892604794,0.03175300511647776
1,All Population,3,YLDs (Years Lived with Disability),4842,Arunachal Pradesh,2,Female,9,20-24 years,498,Hypertensive heart disease,108,High body-mass index,1,Number,2021,0.32008853081090677,0.6197026001837018,0.11944267771360226
1,All Population,3,YLDs (Years Lived with Disability),4867,Punjab,1,Male,9,20-24 years,494,Stroke,108,High body-mass index,1,Number,2021,34.199711218706305,80.54157219596075,4.691254923459363
1,All Population,3,YLDs (Years Lived with Disability),4867,Punjab,2,Female,9,20-24 years,494,Stroke,108,High body-mass index,1,Number,2021,13.408233072151805,37.79498738167996,-1.9978242683465501
1,All Population,3,YLDs (Years Lived with Disability),4871,Telangana,1,Male,9,20-24 years,493,Ischemic heart disease,108,High body-mass index,1,Number,2021,21.25621253721127,40.83962804363564,6.710559797723952
1,All Population,3,YLDs (Years Lived with Disability),4871,Telangana,2,Female,9,20-24 years,493,Ischemic heart disease,108,High body-mass index,1,Number,2021,19.317095261636986,42.72174046191583,5.529293511451105
1,All Population,3,YLDs (Years Lived with Disability),4864,Nagaland,1,Male,9,20-24 years,494,Stroke,108,High body-mass index,1,Number,2021,0.39727480076069954,2.0845648383626934,-0.9036126233519719
1,All Population,3,YLDs (Years Lived with Disability),4864,Nagaland,2,Female,9,20-24 years,494,Stroke,108,High body-mass index,1,Number,2021,0.022931687625132414,0.7140841844423157,-0.9529782789949234
1,All Population,3,YLDs (Years Lived with Disability),4874,Uttarakhand,1,Male,9,20-24 years,498,Hypertensive heart disease,107,High systolic blood pressure,1,Number,2021,1.3836887550344272,2.3628817534152504,0.7676540384112254
1,All Population,3,YLDs (Years Lived with Disability),4874,Uttarakhand,2,Female,9,20-24 years,498,Hypertensive heart disease,107,High systolic blood pressure,1,Number,2021,3.5329122718037897,6.321022248167747,1.9858372636105261
1,All Population,3,YLDs (Years Lived with Disability),4874,Uttarakhand,1,Male,9,20-24 years,498,Hypertensive heart disease,108,High body-mass index,1,Number,2021,0.529023880791107,1.2268888094193169,0.15596763870122166
1,All Population,3,YLDs (Years Lived with Disability),4874,Uttarakhand,2,Female,9,20-24 years,498,Hypertensive heart disease,108,High body-mass index,1,Number,2021,1.4990563896001996,3.107367067653051,0.5657729015456358
1,All Population,3,YLDs (Years Lived with Disability),4841,Andhra Pradesh,1,Male,9,20-24 years,498,Hypertensive heart disease,107,High systolic blood pressure,1,Number,2021,4.376912155387969,7.6162095264766805,2.4489656637727277
1,All Population,3,YLDs (Years Lived with Disability),4841,Andhra Pradesh,2,Female,9,20-24 years,498,Hypertensive heart disease,107,High systolic blood pressure,1,Number,2021,13.872697130629136,24.966354340953167,7.5925878641847095
1,All Population,3,YLDs (Years Lived with Disability),4841,Andhra Pradesh,1,Male,9,20-24 years,498,Hypertensive heart disease,108,High body-mass index,1,Number,2021,1.7376871401558371,3.8344247798989253,0.5454939547858959
1,All Population,3,YLDs (Years Lived with Disability),4841,Andhra Pradesh,2,Female,9,20-24 years,498,Hypertensive heart disease,108,High body-mass index,1,Number,2021,6.467231009383903,12.893020370088585,2.279327259837758
1,All Population,3,YLDs (Years Lived with Disability),4872,Tripura,1,Male,9,20-24 years,498,Hypertensive heart disease,107,High systolic blood pressure,1,Number,2021,0.3880181080335402,0.6553040324068319,0.21440599472529476
1,All Population,3,YLDs (Years Lived with Disability),4872,Tripura,2,Female,9,20-24 years,498,Hypertensive heart disease,107,High systolic blood pressure,1,Number,2021,1.180368374056163,2.0271757931534866,0.6660263030029114
1,All Population,3,YLDs (Years Lived with Disability),4872,Tripura,1,Male,9,20-24 years,498,Hypertensive heart disease,108,High body-mass index,1,Number,2021,0.1242657812523637,0.2603793626902534,0.04378298617901659
1,All Population,3,YLDs (Years Lived with Disability),4872,Tripura,2,Female,9,20-24 years,498,Hypertensive heart disease,108,High body-mass index,1,Number,2021,0.4653247021560048,0.9201959188275388,0.16570243848558064
1,All Population,3,YLDs (Years Lived with Disability),4846,Chhattisgarh,1,Male,9,20-24 years,498,Hypertensive heart disease,107,High systolic blood pressure,1,Number,2021,4.269350157208089,7.327686989146207,2.408637839909845
1,All Population,3,YLDs (Years Lived with Disability),4846,Chhattisgarh,2,Female,9,20-24 years,498,Hypertensive heart disease,107,High systolic blood pressure,1,Number,2021,9.810325256845701,17.105687919608986,5.578643235924915
1,All Population,3,YLDs (Years Lived with Disability),4846,Chhattisgarh,1,Male,9,20-24 years,498,Hypertensive heart disease,108,High body-mass index,1,Number,2021,0.9995550731550799,2.5147381986880553,0.2608460931580441
1,All Population,3,YLDs (Years Lived with Disability),4846,Chhattisgarh,2,Female,9,20-24 years,498,Hypertensive heart disease,108,High body-mass index,1,Number,2021,2.8770139368943384,6.143773074633152,0.911172733748042
1,All Population,3,YLDs (Years Lived with Disability),4864,Nagaland,1,Male,9,20-24 years,493,Ischemic heart disease,108,High body-mass index,1,Number,2021,0.47505090268008776,1.2175233092594546,0.10724813703290986
1,All Population,3,YLDs (Years Lived with Disability),4864,Nagaland,2,Female,9,20-24 years,493,Ischemic heart disease,108,High body-mass index,1,Number,2021,0.3802692606108,0.8279366694546414,0.0868534892168398
1,All Population,3,YLDs (Years Lived with Disability),4857,Kerala,1,Male,9,20-24 years,498,Hypertensive heart disease,107,High systolic blood pressure,1,Number,2021,2.4319126151547596,4.386477096726795,1.3405223598965654
1,All Population,3,YLDs (Years Lived with Disability),4857,Kerala,2,Female,9,20-24 years,498,Hypertensive heart disease,107,High systolic blood pressure,1,Number,2021,9.293928483066397,15.836562054914681,5.421640469989894
1,All Population,3,YLDs (Years Lived with Disability),4842,Arunachal Pradesh,1,Male,9,20-24 years,493,Ischemic heart disease,108,High body-mass index,1,Number,2021,0.6737066331441462,1.5591404817004313,0.17478972436738066
1,All Population,3,YLDs (Years Lived with Disability),4842,Arunachal Pradesh,2,Female,9,20-24 years,493,Ischemic heart disease,108,High body-mass index,1,Number,2021,0.5716170549177088,1.1902959218461908,0.161994108184714
1,All Population,3,YLDs (Years Lived with Disability),4850,Goa,1,Male,9,20-24 years,498,Hypertensive heart disease,107,High systolic blood pressure,1,Number,2021,0.14545656459510922,0.25703040739620236,0.08064282921103236
1,All Population,3,YLDs (Years Lived with Disability),4850,Goa,2,Female,9,20-24 years,498,Hypertensive heart disease,107,High systolic blood pressure,1,Number,2021,0.32756755469888493,0.5844479397284645,0.18910409102445505
1,All Population,3,YLDs (Years Lived with Disability),4850,Goa,1,Male,9,20-24 years,498,Hypertensive heart disease,108,High body-mass index,1,Number,2021,0.08876603272380788,0.15986904309533473,0.03721620595382781
1,All Population,3,YLDs (Years Lived with Disability),4850,Goa,2,Female,9,20-24 years,498,Hypertensive heart disease,108,High body-mass index,1,Number,2021,0.19131790232740914,0.3605410106687544,0.07109690756397616
1,All Population,3,YLDs (Years Lived with Disability),4870,Tamil Nadu,1,Male,9,20-24 years,493,Ischemic heart disease,108,High body-mass index,1,Number,2021,29.55453542998729,57.946507436170066,9.6010847160624
1,All Population,3,YLDs (Years Lived with Disability),4870,Tamil Nadu,2,Female,9,20-24 years,493,Ischemic heart disease,108,High body-mass index,1,Number,2021,54.16944522834647,114.1724491832268,16.880412554230617
1,All Population,3,YLDs (Years Lived with Disability),4865,Odisha,1,Male,9,20-24 years,493,Ischemic heart disease,108,High body-mass index,1,Number,2021,8.459488880240905,22.077441473514973,1.809966208767505
1,All Population,3,YLDs (Years Lived with Disability),4865,Odisha,2,Female,9,20-24 years,493,Ischemic heart disease,108,High body-mass index,1,Number,2021,11.642749776453602,24.744943123069895,3.1943153974095613
1,All Population,3,YLDs (Years Lived with Disability),4843,Assam,1,Male,9,20-24 years,498,Hypertensive heart disease,107,High systolic blood pressure,1,Number,2021,5.751190127861719,10.070987427593996,3.21629437620227
1,All Population,3,YLDs (Years Lived with Disability),4843,Assam,2,Female,9,20-24 years,498,Hypertensive heart disease,107,High systolic blood pressure,1,Number,2021,11.829379872233616,20.431381083348278,6.607388125925525
1,All Population,3,YLDs (Years Lived with Disability),4843,Assam,1,Male,9,20-24 years,498,Hypertensive heart disease,108,High body-mass index,1,Number,2021,2.116261456953785,4.242763247068707,0.8108911438603793
1,All Population,3,YLDs (Years Lived with Disability),4843,Assam,2,Female,9,20-24 years,498,Hypertensive heart disease,108,High body-mass index,1,Number,2021,4.06529133664412,8.3910379654424,1.5058023992697382
1,All Population,3,YLDs (Years Lived with Disability),4868,Rajasthan,1,Male,9,20-24 years,493,Ischemic heart disease,108,High body-mass index,1,Number,2021,28.116743880176227,64.37202444524719,7.4283523365231
1,All Population,3,YLDs (Years Lived with Disability),4868,Rajasthan,2,Female,9,20-24 years,493,Ischemic heart disease,108,High body-mass index,1,Number,2021,24.868686979293113,51.71162304156748,6.821330994330243
1,All Population,3,YLDs (Years Lived with Disability),4841,Andhra Pradesh,1,Male,9,20-24 years,493,Ischemic heart disease,108,High body-mass index,1,Number,2021,23.836255883046153,56.25783352964555,6.070103109728526
1,All Population,3,YLDs (Years Lived with Disability),4841,Andhra Pradesh,2,Female,9,20-24 years,493,Ischemic heart disease,108,High body-mass index,1,Number,2021,29.588207412934423,66.58999330537334,8.873006661506587
1,All Population,3,YLDs (Years Lived with Disability),4869,Sikkim,1,Male,9,20-24 years,498,Hypertensive heart disease,107,High systolic blood pressure,1,Number,2021,0.08047765863465323,0.143993644243673,0.042491126895374834
1,All Population,3,YLDs (Years Lived with Disability),4869,Sikkim,2,Female,9,20-24 years,498,Hypertensive heart disease,107,High systolic blood pressure,1,Number,2021,0.20429675307649736,0.3592904799879098,0.1142199581812195
1,All Population,3,YLDs (Years Lived with Disability),4869,Sikkim,1,Male,9,20-24 years,498,Hypertensive heart disease,108,High body-mass index,1,Number,2021,0.030154222666207195,0.06126076032684899,0.010988213387272447
1,All Population,3,YLDs (Years Lived with Disability),4869,Sikkim,2,Female,9,20-24 years,498,Hypertensive heart disease,108,High body-mass index,1,Number,2021,0.09627430043820928,0.18957888238908596,0.03852911875337685
1,All Population,3,YLDs (Years Lived with Disability),4856,Karnataka,1,Male,9,20-24 years,493,Ischemic heart disease,108,High body-mass index,1,Number,2021,23.892296976744994,52.5518385353896,6.967697398273952
1,All Population,3,YLDs (Years Lived with Disability),4856,Karnataka,2,Female,9,20-24 years,493,Ischemic heart disease,108,High body-mass index,1,Number,2021,39.32802683662045,80.95887289797989,11.73867085624347
1,All Population,3,YLDs (Years Lived with Disability),4850,Goa,1,Male,9,20-24 years,493,Ischemic heart disease,108,High body-mass index,1,Number,2021,1.1873703861291562,2.488150889142357,0.37939933760830236
1,All Population,3,YLDs (Years Lived with Disability),4850,Goa,2,Female,9,20-24 years,493,Ischemic heart disease,108,High body-mass index,1,Number,2021,0.8587918529117002,1.7372398382924092,0.25741877018716103
1,All Population,3,YLDs (Years Lived with Disability),4857,Kerala,1,Male,9,20-24 years,493,Ischemic heart disease,108,High body-mass index,1,Number,2021,17.316366460314274,36.392362934144664,5.768016277507685
1,All Population,3,YLDs (Years Lived with Disability),4857,Kerala,2,Female,9,20-24 years,493,Ischemic heart disease,108,High body-mass index,1,Number,2021,18.422602079180233,37.65775754890579,5.878693776006054
1,All Population,3,YLDs (Years Lived with Disability),4863,Mizoram,1,Male,9,20-24 years,494,Stroke,108,High body-mass index,1,Number,2021,0.2286576083203719,1.0554754077510542,-0.363888861825604
1,All Population,3,YLDs (Years Lived with Disability),4863,Mizoram,2,Female,9,20-24 years,494,Stroke,108,High body-mass index,1,Number,2021,0.19842750283142033,0.8556784494233814,-0.4452491921345806
1,All Population,3,YLDs (Years Lived with Disability),4842,Arunachal Pradesh,1,Male,9,20-24 years,494,Stroke,108,High body-mass index,1,Number,2021,0.6631552049593475,2.6343309065323965,-0.5409271607125952
1,All Population,3,YLDs (Years Lived with Disability),4842,Arunachal Pradesh,2,Female,9,20-24 years,494,Stroke,108,High body-mass index,1,Number,2021,0.5166307665039973,2.3810632603081867,-0.9304693653317553
1,All Population,3,YLDs (Years Lived with Disability),4873,Uttar Pradesh,1,Male,9,20-24 years,494,Stroke,108,High body-mass index,1,Number,2021,5.634271947942259,103.41758009420448,-118.0959045057894
1,All Population,3,YLDs (Years Lived with Disability),4873,Uttar Pradesh,2,Female,9,20-24 years,494,Stroke,108,High body-mass index,1,Number,2021,61.58009471784585,229.74790558026257,-76.90123085005995
1,All Population,3,YLDs (Years Lived with Disability),4875,West Bengal,1,Male,9,20-24 years,494,Stroke,108,High body-mass index,1,Number,2021,8.069843478719514,54.44289252598294,-36.445984250537
1,All Population,3,YLDs (Years Lived with Disability),4875,West Bengal,2,Female,9,20-24 years,494,Stroke,108,High body-mass index,1,Number,2021,48.64837878302535,154.73972338209853,-18.419230772148822
1,All Population,3,YLDs (Years Lived with Disability),4854,Jammu & Kashmir and Ladakh,1,Male,9,20-24 years,493,Ischemic heart disease,108,High body-mass index,1,Number,2021,6.2580613831327545,11.833502219966444,2.043403300457776
1,All Population,3,YLDs (Years Lived with Disability),4854,Jammu & Kashmir and Ladakh,2,Female,9,20-24 years,493,Ischemic heart disease,108,High body-mass index,1,Number,2021,9.588482438456193,20.00676190390424,2.7775003866617425
1,All Population,3,YLDs (Years Lived with Disability),4864,Nagaland,1,Male,9,20-24 years,498,Hypertensive heart disease,107,High systolic blood pressure,1,Number,2021,0.2515006098305089,0.43661446527145503,0.13895720719734822
1,All Population,3,YLDs (Years Lived with Disability),4864,Nagaland,2,Female,9,20-24 years,498,Hypertensive heart disease,107,High systolic blood pressure,1,Number,2021,0.7047840462602419,1.2244035117919436,0.3948139218653608
1,All Population,3,YLDs (Years Lived with Disability),4864,Nagaland,1,Male,9,20-24 years,498,Hypertensive heart disease,108,High body-mass index,1,Number,2021,0.0932796340170266,0.1982974541351086,0.027691940572534844
1,All Population,3,YLDs (Years Lived with Disability),4864,Nagaland,2,Female,9,20-24 years,498,Hypertensive heart disease,108,High body-mass index,1,Number,2021,0.2248096751033997,0.4564407408047124,0.07412536899514491
1,All Population,3,YLDs (Years Lived with Disability),4860,Maharashtra,1,Male,9,20-24 years,498,Hypertensive heart disease,107,High systolic blood pressure,1,Number,2021,12.244550399605991,21.49624280641841,6.814915973229882
1,All Population,3,YLDs (Years Lived with Disability),4860,Maharashtra,2,Female,9,20-24 years,498,Hypertensive heart disease,107,High systolic blood pressure,1,Number,2021,35.6850632202484,60.97057340066127,21.022115788767863
1,All Population,3,YLDs (Years Lived with Disability),4860,Maharashtra,1,Male,9,20-24 years,498,Hypertensive heart disease,108,High body-mass index,1,Number,2021,4.179807819282621,8.6593798042441,1.4607196957453867
1,All Population,3,YLDs (Years Lived with Disability),4860,Maharashtra,2,Female,9,20-24 years,498,Hypertensive heart disease,108,High body-mass index,1,Number,2021,13.765452123319129,27.69029577543581,4.411562398047313
1,All Population,3,YLDs (Years Lived with Disability),4861,Manipur,1,Male,9,20-24 years,498,Hypertensive heart disease,107,High systolic blood pressure,1,Number,2021,0.42496562905696794,0.7478084538537778,0.23415898926525172
1,All Population,3,YLDs (Years Lived with Disability),4861,Manipur,2,Female,9,20-24 years,498,Hypertensive heart disease,107,High systolic blood pressure,1,Number,2021,1.1684193895551076,2.0413903208670643,0.6724780847389157
1,All Population,3,YLDs (Years Lived with Disability),4861,Manipur,1,Male,9,20-24 years,498,Hypertensive heart disease,108,High body-mass index,1,Number,2021,0.17409014387615393,0.4092277568253098,0.050637303946248935
1,All Population,3,YLDs (Years Lived with Disability),4861,Manipur,2,Female,9,20-24 years,498,Hypertensive heart disease,108,High body-mass index,1,Number,2021,0.5459658018594633,1.034381185198922,0.2121881203683538
1,All Population,3,YLDs (Years Lived with Disability),4853,Himachal Pradesh,1,Male,9,20-24 years,494,Stroke,108,High body-mass index,1,Number,2021,1.619037721681294,5.8224446115825605,-2.3145114219208365
1,All Population,3,YLDs (Years Lived with Disability),4853,Himachal Pradesh,2,Female,9,20-24 years,494,Stroke,108,High body-mass index,1,Number,2021,1.9785377388233163,6.836557288738208,-1.0304781917772843
1,All Population,3,YLDs (Years Lived with Disability),4853,Himachal Pradesh,1,Male,9,20-24 years,493,Ischemic heart disease,108,High body-mass index,1,Number,2021,2.9219249866125074,6.728088909828596,0.8562629389928447
1,All Population,3,YLDs (Years Lived with Disability),4853,Himachal Pradesh,2,Female,9,20-24 years,493,Ischemic heart disease,108,High body-mass index,1,Number,2021,2.293618664976705,4.919439229887198,0.738848452276354
1,All Population,3,YLDs (Years Lived with Disability),4860,Maharashtra,1,Male,9,20-24 years,493,Ischemic heart disease,108,High body-mass index,1,Number,2021,30.56054173566311,67.04666779305394,8.763199456809547
1,All Population,3,YLDs (Years Lived with Disability),4860,Maharashtra,2,Female,9,20-24 years,493,Ischemic heart disease,108,High body-mass index,1,Number,2021,35.51498062949346,75.5294856914943,9.479483990422075
1,All Population,3,YLDs (Years Lived with Disability),4855,Jharkhand,1,Male,9,20-24 years,494,Stroke,108,High body-mass index,1,Number,2021,2.196268010490753,16.07981747657044,-15.187575681137911
1,All Population,3,YLDs (Years Lived with Disability),4855,Jharkhand,2,Female,9,20-24 years,494,Stroke,108,High body-mass index,1,Number,2021,0.15984645033033537,13.919354411858574,-17.644532236328985
1,All Population,3,YLDs (Years Lived with Disability),4857,Kerala,1,Male,9,20-24 years,498,Hypertensive heart disease,108,High body-mass index,1,Number,2021,1.1766339711330591,2.3605654025022558,0.44980515478764366
1,All Population,3,YLDs (Years Lived with Disability),4857,Kerala,2,Female,9,20-24 years,498,Hypertensive heart disease,108,High body-mass index,1,Number,2021,5.209014592473185,10.088878213289698,2.098623637741316
1,All Population,3,YLDs (Years Lived with Disability),4849,Delhi,1,Male,9,20-24 years,498,Hypertensive heart disease,107,High systolic blood pressure,1,Number,2021,2.3594553188184575,4.145659874765892,1.321612780028428
1,All Population,3,YLDs (Years Lived with Disability),4849,Delhi,2,Female,9,20-24 years,498,Hypertensive heart disease,107,High systolic blood pressure,1,Number,2021,5.440503332033432,9.138269319822925,3.076812847573443
1,All Population,3,YLDs (Years Lived with Disability),4849,Delhi,1,Male,9,20-24 years,498,Hypertensive heart disease,108,High body-mass index,1,Number,2021,1.2762918899639515,2.676299046853807,0.479849263789722
1,All Population,3,YLDs (Years Lived with Disability),4849,Delhi,2,Female,9,20-24 years,498,Hypertensive heart disease,108,High body-mass index,1,Number,2021,2.8175523662745814,5.623500073474348,1.0709010738439448
1,All Population,3,YLDs (Years Lived with Disability),4872,Tripura,1,Male,9,20-24 years,493,Ischemic heart disease,108,High body-mass index,1,Number,2021,1.072787412840352,2.376357714995092,0.32565517909376557
1,All Population,3,YLDs (Years Lived with Disability),4872,Tripura,2,Female,9,20-24 years,493,Ischemic heart disease,108,High body-mass index,1,Number,2021,1.1815762795149567,2.6227080933984235,0.376107298749248
1,All Population,3,YLDs (Years Lived with Disability),4873,Uttar Pradesh,1,Male,9,20-24 years,498,Hypertensive heart disease,107,High systolic blood pressure,1,Number,2021,39.35767593514296,69.53826692360028,21.929203114513957
1,All Population,3,YLDs (Years Lived with Disability),4873,Uttar Pradesh,2,Female,9,20-24 years,498,Hypertensive heart disease,107,High systolic blood pressure,1,Number,2021,83.71739171329234,146.62453637041187,45.784648937600636
1,All Population,3,YLDs (Years Lived with Disability),4873,Uttar Pradesh,1,Male,9,20-24 years,498,Hypertensive heart disease,108,High body-mass index,1,Number,2021,10.889815196007353,22.061002038637785,3.8818175674872357
1,All Population,3,YLDs (Years Lived with Disability),4873,Uttar Pradesh,2,Female,9,20-24 years,498,Hypertensive heart disease,108,High body-mass index,1,Number,2021,28.993830760749518,56.186135913597134,11.155519334547137
1,All Population,3,YLDs (Years Lived with Disability),4863,Mizoram,1,Male,9,20-24 years,498,Hypertensive heart disease,107,High systolic blood pressure,1,Number,2021,0.169388652227291,0.2974946357971541,0.09334775619247948
1,All Population,3,YLDs (Years Lived with Disability),4863,Mizoram,2,Female,9,20-24 years,498,Hypertensive heart disease,107,High systolic blood pressure,1,Number,2021,0.5631170108541003,0.9677932725763678,0.3267684689560776
1,All Population,3,YLDs (Years Lived with Disability),4863,Mizoram,1,Male,9,20-24 years,498,Hypertensive heart disease,108,High body-mass index,1,Number,2021,0.0681522838698951,0.15309970082767263,0.023294622281536573
1,All Population,3,YLDs (Years Lived with Disability),4863,Mizoram,2,Female,9,20-24 years,498,Hypertensive heart disease,108,High body-mass index,1,Number,2021,0.24443493256195592,0.4778365223750515,0.08779949436512241
1,All Population,3,YLDs (Years Lived with Disability),4851,Gujarat,1,Male,9,20-24 years,494,Stroke,108,High body-mass index,1,Number,2021,4.617597036243211,35.201255376979475,-25.516792009428897
1,All Population,3,YLDs (Years Lived with Disability),4851,Gujarat,2,Female,9,20-24 years,494,Stroke,108,High body-mass index,1,Number,2021,23.714445093900068,85.56161801413047,-12.922059232074576
1,All Population,3,YLDs (Years Lived with Disability),4867,Punjab,1,Male,9,20-24 years,498,Hypertensive heart disease,107,High systolic blood pressure,1,Number,2021,3.314041548586353,5.724115284544563,1.8363312256906055
1,All Population,3,YLDs (Years Lived with Disability),4867,Punjab,2,Female,9,20-24 years,498,Hypertensive heart disease,107,High systolic blood pressure,1,Number,2021,6.026655747322204,10.467316290928753,3.4065560299725046
1,All Population,3,YLDs (Years Lived with Disability),4867,Punjab,1,Male,9,20-24 years,498,Hypertensive heart disease,108,High body-mass index,1,Number,2021,1.9331342943100633,3.6460756467421964,0.7813156404143834
1,All Population,3,YLDs (Years Lived with Disability),4867,Punjab,2,Female,9,20-24 years,498,Hypertensive heart disease,108,High body-mass index,1,Number,2021,3.004706060251879,5.823987208323132,1.0506329807943338
1,All Population,3,YLDs (Years Lived with Disability),4844,Bihar,1,Male,9,20-24 years,494,Stroke,108,High body-mass index,1,Number,2021,2.81509043683179,47.972629413821835,-46.086117989815854
1,All Population,3,YLDs (Years Lived with Disability),4844,Bihar,2,Female,9,20-24 years,494,Stroke,108,High body-mass index,1,Number,2021,10.578954520694474,59.99176052681988,-37.73015479676967
1,All Population,3,YLDs (Years Lived with Disability),4859,Madhya Pradesh,1,Male,9,20-24 years,493,Ischemic heart disease,108,High body-mass index,1,Number,2021,20.946839367386687,47.717806825761244,4.858403821798264
1,All Population,3,YLDs (Years Lived with Disability),4859,Madhya Pradesh,2,Female,9,20-24 years,493,Ischemic heart disease,108,High body-mass index,1,Number,2021,24.993958471573173,60.39306034279983,6.731629185411123
1,All Population,3,YLDs (Years Lived with Disability),4867,Punjab,1,Male,9,20-24 years,493,Ischemic heart disease,108,High body-mass index,1,Number,2021,38.22215951153652,82.72705349852457,11.287247047109952
1,All Population,3,YLDs (Years Lived with Disability),4867,Punjab,2,Female,9,20-24 years,493,Ischemic heart disease,108,High body-mass index,1,Number,2021,23.539684574016878,47.01438558782882,7.882994599539776
1,All Population,3,YLDs (Years Lived with Disability),4851,Gujarat,1,Male,9,20-24 years,493,Ischemic heart disease,108,High body-mass index,1,Number,2021,14.06451014682033,30.11509818406051,4.060752153086396
1,All Population,3,YLDs (Years Lived with Disability),4851,Gujarat,2,Female,9,20-24 years,493,Ischemic heart disease,108,High body-mass index,1,Number,2021,24.54972083050317,52.861277030258854,7.495181016825612
1,All Population,3,YLDs (Years Lived with Disability),4869,Sikkim,1,Male,9,20-24 years,493,Ischemic heart disease,108,High body-mass index,1,Number,2021,0.1732161274276167,0.34632200111423067,0.05215535633686101
1,All Population,3,YLDs (Years Lived with Disability),4869,Sikkim,2,Female,9,20-24 years,493,Ischemic heart disease,108,High body-mass index,1,Number,2021,0.3053162781319504,0.6242833043511786,0.09420497432594645
1,All Population,3,YLDs (Years Lived with Disability),4871,Telangana,1,Male,9,20-24 years,498,Hypertensive heart disease,107,High systolic blood pressure,1,Number,2021,3.496215999294202,6.382955563187988,1.9738395976941001
1,All Population,3,YLDs (Years Lived with Disability),4871,Telangana,2,Female,9,20-24 years,498,Hypertensive heart disease,107,High systolic blood pressure,1,Number,2021,10.721178821012803,18.784248111026983,6.1326913648373145
1,All Population,3,YLDs (Years Lived with Disability),4871,Telangana,1,Male,9,20-24 years,498,Hypertensive heart disease,108,High body-mass index,1,Number,2021,1.4158127739651083,2.7926698185381023,0.5383478071820048
1,All Population,3,YLDs (Years Lived with Disability),4871,Telangana,2,Female,9,20-24 years,498,Hypertensive heart disease,108,High body-mass index,1,Number,2021,4.83003150484847,9.82614535871484,1.726174020884728
1,All Population,3,YLDs (Years Lived with Disability),4870,Tamil Nadu,1,Male,9,20-24 years,494,Stroke,108,High body-mass index,1,Number,2021,10.534926132036015,47.08368403153122,-18.886186086487267
1,All Population,3,YLDs (Years Lived with Disability),4870,Tamil Nadu,2,Female,9,20-24 years,494,Stroke,108,High body-mass index,1,Number,2021,61.52236254947975,170.70419997136025,-7.121337429355066
1,All Population,3,YLDs (Years Lived with Disability),4868,Rajasthan,1,Male,9,20-24 years,498,Hypertensive heart disease,107,High systolic blood pressure,1,Number,2021,9.781628733948807,16.92347456492594,5.557156672941045
1,All Population,3,YLDs (Years Lived with Disability),4868,Rajasthan,2,Female,9,20-24 years,498,Hypertensive heart disease,107,High systolic blood pressure,1,Number,2021,24.43521022988813,43.079640968669466,13.852651523973268
1,All Population,3,YLDs (Years Lived with Disability),4868,Rajasthan,1,Male,9,20-24 years,498,Hypertensive heart disease,108,High body-mass index,1,Number,2021,2.932060384618489,6.883979944874811,0.7257397132325324
1,All Population,3,YLDs (Years Lived with Disability),4868,Rajasthan,2,Female,9,20-24 years,498,Hypertensive heart disease,108,High body-mass index,1,Number,2021,7.710913202947966,16.90632004998583,2.22574758302078
1,All Population,3,YLDs (Years Lived with Disability),44538,Other Union Territories,1,Male,9,20-24 years,494,Stroke,108,High body-mass index,1,Number,2021,2.036905626656292,6.31705242549765,-0.358219187586224
1,All Population,3,YLDs (Years Lived with Disability),44538,Other Union Territories,2,Female,9,20-24 years,494,Stroke,108,High body-mass index,1,Number,2021,2.9289381450821597,8.057684247247755,0.17934646179269845
1,All Population,3,YLDs (Years Lived with Disability),4865,Odisha,1,Male,9,20-24 years,494,Stroke,108,High body-mass index,1,Number,2021,2.1434961894241797,21.594104615712208,-17.769917756682954
1,All Population,3,YLDs (Years Lived with Disability),4865,Odisha,2,Female,9,20-24 years,494,Stroke,108,High body-mass index,1,Number,2021,8.16144648474549,38.49872732712102,-15.840504822316099
1,All Population,3,YLDs (Years Lived with Disability),4843,Assam,1,Male,9,20-24 years,493,Ischemic heart disease,108,High body-mass index,1,Number,2021,9.41169606206911,18.259020230826383,2.9586000917652426
1,All Population,3,YLDs (Years Lived with Disability),4843,Assam,2,Female,9,20-24 years,493,Ischemic heart disease,108,High body-mass index,1,Number,2021,8.155742152427088,16.173371000251585,2.510727252671273
1,All Population,3,YLDs (Years Lived with Disability),4875,West Bengal,1,Male,9,20-24 years,498,Hypertensive heart disease,107,High systolic blood pressure,1,Number,2021,8.854895489744898,15.720511811402307,4.892358812400222
1,All Population,3,YLDs (Years Lived with Disability),4875,West Bengal,2,Female,9,20-24 years,498,Hypertensive heart disease,107,High systolic blood pressure,1,Number,2021,26.036767649828874,45.82102267178625,14.96714192311501
1,All Population,3,YLDs (Years Lived with Disability),4875,West Bengal,1,Male,9,20-24 years,498,Hypertensive heart disease,108,High body-mass index,1,Number,2021,2.6278472312291035,6.0806495228364374,0.7753040663505989
1,All Population,3,YLDs (Years Lived with Disability),4875,West Bengal,2,Female,9,20-24 years,498,Hypertensive heart disease,108,High body-mass index,1,Number,2021,11.255092233137862,23.150814785840375,3.6712941249086746
1,All Population,3,YLDs (Years Lived with Disability),4849,Delhi,1,Male,9,20-24 years,493,Ischemic heart disease,108,High body-mass index,1,Number,2022,14.859091974726722,33.44094626148753,3.9810061908930883
1,All Population,3,YLDs (Years Lived with Disability),4849,Delhi,2,Female,9,20-24 years,493,Ischemic heart disease,108,High body-mass index,1,Number,2022,11.465717499192785,22.82206832491631,3.492574036741888
1,All Population,3,YLDs (Years Lived with Disability),4844,Bihar,1,Male,9,20-24 years,493,Ischemic heart disease,108,High body-mass index,1,Number,2022,24.07540819476475,49.68475628980184,6.230607332050154
1,All Population,3,YLDs (Years Lived with Disability),4844,Bihar,2,Female,9,20-24 years,493,Ischemic heart disease,108,High body-mass index,1,Number,2022,29.422402633495746,66.55460042892034,8.537520721579146
1,All Population,3,YLDs (Years Lived with Disability),44538,Other Union Territories,1,Male,9,20-24 years,493,Ischemic heart disease,108,High body-mass index,1,Number,2021,2.5555813069035365,5.649326872853649,0.7108404174858367
1,All Population,3,YLDs (Years Lived with Disability),44538,Other Union Territories,2,Female,9,20-24 years,493,Ischemic heart disease,108,High body-mass index,1,Number,2021,2.2068354676738036,4.668281890112791,0.73194784159819
1,All Population,3,YLDs (Years Lived with Disability),4852,Haryana,1,Male,9,20-24 years,498,Hypertensive heart disease,107,High systolic blood pressure,1,Number,2021,3.5842230977122465,6.29266869468027,2.081381897367152
1,All Population,3,YLDs (Years Lived with Disability),4852,Haryana,2,Female,9,20-24 years,498,Hypertensive heart disease,107,High systolic blood pressure,1,Number,2021,7.394597195347736,12.585399555875949,4.176885743191616
1,All Population,3,YLDs (Years Lived with Disability),4852,Haryana,1,Male,9,20-24 years,498,Hypertensive heart disease,108,High body-mass index,1,Number,2021,1.8320909360257374,3.695673050647181,0.6743403069566669
1,All Population,3,YLDs (Years Lived with Disability),4852,Haryana,2,Female,9,20-24 years,498,Hypertensive heart disease,108,High body-mass index,1,Number,2021,3.417167105422646,6.6903463159978465,1.2251768151136606
1,All Population,3,YLDs (Years Lived with Disability),4874,Uttarakhand,1,Male,9,20-24 years,493,Ischemic heart disease,108,High body-mass index,1,Number,2021,6.5632605172178105,15.054014795543655,1.6123105552055654
1,All Population,3,YLDs (Years Lived with Disability),4874,Uttarakhand,2,Female,9,20-24 years,493,Ischemic heart disease,108,High body-mass index,1,Number,2021,5.343911590003236,12.039512389046429,1.5171248823951458
1,All Population,3,YLDs (Years Lived with Disability),4861,Manipur,1,Male,9,20-24 years,493,Ischemic heart disease,108,High body-mass index,1,Number,2021,1.0385053419840071,2.681688420752896,0.23790884257187295
1,All Population,3,YLDs (Years Lived with Disability),4861,Manipur,2,Female,9,20-24 years,493,Ischemic heart disease,108,High body-mass index,1,Number,2021,1.3738104608323811,3.246449647650559,0.37247085893091864
1,All Population,3,YLDs (Years Lived with Disability),4856,Karnataka,1,Male,9,20-24 years,494,Stroke,108,High body-mass index,1,Number,2022,7.7440465781884384,35.811885564255455,-19.11726944718992
1,All Population,3,YLDs (Years Lived with Disability),4856,Karnataka,2,Female,9,20-24 years,494,Stroke,108,High body-mass index,1,Number,2022,27.685421147482423,95.68064158835138,-6.657443980143249
1,All Population,3,YLDs (Years Lived with Disability),4841,Andhra Pradesh,1,Male,9,20-24 years,494,Stroke,108,High body-mass index,1,Number,2022,14.62349075459443,46.19503958576216,-7.3533639456493125
1,All Population,3,YLDs (Years Lived with Disability),4841,Andhra Pradesh,2,Female,9,20-24 years,494,Stroke,108,High body-mass index,1,Number,2022,29.45451816503075,82.41250661727598,-3.124805523469685
1,All Population,3,YLDs (Years Lived with Disability),4862,Meghalaya,1,Male,9,20-24 years,494,Stroke,108,High body-mass index,1,Number,2021,0.9016064678014368,3.9743682351465797,-0.7733612956038816
1,All Population,3,YLDs (Years Lived with Disability),4862,Meghalaya,2,Female,9,20-24 years,494,Stroke,108,High body-mass index,1,Number,2021,0.31349748752220397,3.0671108222958536,-2.253060689252569
1,All Population,3,YLDs (Years Lived with Disability),4851,Gujarat,1,Male,9,20-24 years,498,Hypertensive heart disease,107,High systolic blood pressure,1,Number,2021,8.071176299749332,14.05901655294843,4.665028815529419
1,All Population,3,YLDs (Years Lived with Disability),4851,Gujarat,2,Female,9,20-24 years,498,Hypertensive heart disease,107,High systolic blood pressure,1,Number,2021,18.21371703587405,31.222325019793427,10.183424694971663
1,All Population,3,YLDs (Years Lived with Disability),4851,Gujarat,1,Male,9,20-24 years,498,Hypertensive heart disease,108,High body-mass index,1,Number,2021,2.3412657188831005,4.52470095061644,0.8204863910608342
1,All Population,3,YLDs (Years Lived with Disability),4851,Gujarat,2,Female,9,20-24 years,498,Hypertensive heart disease,108,High body-mass index,1,Number,2021,7.406910181749958,15.602842097362402,2.6752377092295068
1,All Population,3,YLDs (Years Lived with Disability),4855,Jharkhand,1,Male,9,20-24 years,498,Hypertensive heart disease,107,High systolic blood pressure,1,Number,2021,3.869105567782917,6.503484515873128,2.170491906331415
1,All Population,3,YLDs (Years Lived with Disability),4855,Jharkhand,2,Female,9,20-24 years,498,Hypertensive heart disease,107,High systolic blood pressure,1,Number,2021,10.868129232193073,18.97268708506527,6.217348374917822
1,All Population,3,YLDs (Years Lived with Disability),4855,Jharkhand,1,Male,9,20-24 years,498,Hypertensive heart disease,108,High body-mass index,1,Number,2021,1.1020152528423826,2.345650076752409,0.38408410734398785
1,All Population,3,YLDs (Years Lived with Disability),4855,Jharkhand,2,Female,9,20-24 years,498,Hypertensive heart disease,108,High body-mass index,1,Number,2021,2.874492878406769,6.253514818128233,0.8648321980940495
1,All Population,3,YLDs (Years Lived with Disability),4864,Nagaland,1,Male,9,20-24 years,493,Ischemic heart disease,108,High body-mass index,1,Number,2022,0.47064654772949516,1.213095304587271,0.11283519140578989
1,All Population,3,YLDs (Years Lived with Disability),4864,Nagaland,2,Female,9,20-24 years,493,Ischemic heart disease,108,High body-mass index,1,Number,2022,0.382855678973477,0.8654915827088752,0.08813838853996617
1,All Population,3,YLDs (Years Lived with Disability),4857,Kerala,1,Male,9,20-24 years,494,Stroke,108,High body-mass index,1,Number,2022,13.625716831291996,43.88471799528504,-3.703844879694678
1,All Population,3,YLDs (Years Lived with Disability),4857,Kerala,2,Female,9,20-24 years,494,Stroke,108,High body-mass index,1,Number,2022,23.123589870472937,68.26657376785928,-3.345868754479817
1,All Population,3,YLDs (Years Lived with Disability),4862,Meghalaya,1,Male,9,20-24 years,493,Ischemic heart disease,108,High body-mass index,1,Number,2022,0.9781607856917696,2.340099580857137,0.17465364594303784
1,All Population,3,YLDs (Years Lived with Disability),4862,Meghalaya,2,Female,9,20-24 years,493,Ischemic heart disease,108,High body-mass index,1,Number,2022,0.7928393931082887,1.8572495612804358,0.17653829286702877
1,All Population,3,YLDs (Years Lived with Disability),4842,Arunachal Pradesh,1,Male,9,20-24 years,494,Stroke,108,High body-mass index,1,Number,2022,0.7222284194430474,2.6309995669121857,-0.31273990193166656
1,All Population,3,YLDs (Years Lived with Disability),4842,Arunachal Pradesh,2,Female,9,20-24 years,494,Stroke,108,High body-mass index,1,Number,2022,0.570248013375732,2.404752554872076,-0.9995550929314396
1,All Population,3,YLDs (Years Lived with Disability),4873,Uttar Pradesh,1,Male,9,20-24 years,494,Stroke,108,High body-mass index,1,Number,2022,6.793807348914459,108.02178012926544,-120.21875767555808
1,All Population,3,YLDs (Years Lived with Disability),4873,Uttar Pradesh,2,Female,9,20-24 years,494,Stroke,108,High body-mass index,1,Number,2022,71.67728563018517,270.84062371594644,-51.051936857304
1,All Population,3,YLDs (Years Lived with Disability),4853,Himachal Pradesh,1,Male,9,20-24 years,498,Hypertensive heart disease,107,High systolic blood pressure,1,Number,2021,0.79041249041134,1.3281197009583108,0.4167245578822117
1,All Population,3,YLDs (Years Lived with Disability),4853,Himachal Pradesh,2,Female,9,20-24 years,498,Hypertensive heart disease,107,High systolic blood pressure,1,Number,2021,2.0539350514896353,3.6125430504718867,1.1680551648737165
1,All Population,3,YLDs (Years Lived with Disability),4853,Himachal Pradesh,1,Male,9,20-24 years,498,Hypertensive heart disease,108,High body-mass index,1,Number,2021,0.3249768453125675,0.647519169650085,0.11467336536589227
1,All Population,3,YLDs (Years Lived with Disability),4853,Himachal Pradesh,2,Female,9,20-24 years,498,Hypertensive heart disease,108,High body-mass index,1,Number,2021,0.855650110009657,1.7094712686605351,0.3287975197447111
1,All Population,3,YLDs (Years Lived with Disability),4844,Bihar,1,Male,9,20-24 years,498,Hypertensive heart disease,107,High systolic blood pressure,1,Number,2021,14.234767695683178,24.685958826148507,8.227205734436764
1,All Population,3,YLDs (Years Lived with Disability),4844,Bihar,2,Female,9,20-24 years,498,Hypertensive heart disease,107,High systolic blood pressure,1,Number,2021,36.00083582053586,64.73577582560895,20.8568672426973
1,All Population,3,YLDs (Years Lived with Disability),4844,Bihar,1,Male,9,20-24 years,498,Hypertensive heart disease,108,High body-mass index,1,Number,2021,4.170027855514268,8.677726428466963,1.5127961743248304
1,All Population,3,YLDs (Years Lived with Disability),4844,Bihar,2,Female,9,20-24 years,498,Hypertensive heart disease,108,High body-mass index,1,Number,2021,10.499964656121575,21.458725206795254,3.679400229509294
1,All Population,3,YLDs (Years Lived with Disability),4856,Karnataka,1,Male,9,20-24 years,498,Hypertensive heart disease,107,High systolic blood pressure,1,Number,2022,6.365016398331716,11.145589858917907,3.4590539568400898
1,All Population,3,YLDs (Years Lived with Disability),4856,Karnataka,2,Female,9,20-24 years,498,Hypertensive heart disease,107,High systolic blood pressure,1,Number,2022,15.273637334746972,27.356183022649354,8.230317423236427
1,All Population,3,YLDs (Years Lived with Disability),4856,Karnataka,1,Male,9,20-24 years,498,Hypertensive heart disease,108,High body-mass index,1,Number,2022,2.2090961838599696,5.3727981351711405,0.7428767643123524
1,All Population,3,YLDs (Years Lived with Disability),4856,Karnataka,2,Female,9,20-24 years,498,Hypertensive heart disease,108,High body-mass index,1,Number,2022,6.951685539798901,14.164515943985869,2.419364015542547
1,All Population,3,YLDs (Years Lived with Disability),4868,Rajasthan,1,Male,9,20-24 years,494,Stroke,108,High body-mass index,1,Number,2021,8.960793736492041,44.65848369387453,-28.681329347954026
1,All Population,3,YLDs (Years Lived with Disability),4868,Rajasthan,2,Female,9,20-24 years,494,Stroke,108,High body-mass index,1,Number,2021,9.751099753844128,50.252567567999336,-31.331255096522042
1,All Population,3,YLDs (Years Lived with Disability),4846,Chhattisgarh,1,Male,9,20-24 years,493,Ischemic heart disease,108,High body-mass index,1,Number,2022,6.168525926545632,16.39341164359266,1.053309035475248
1,All Population,3,YLDs (Years Lived with Disability),4846,Chhattisgarh,2,Female,9,20-24 years,493,Ischemic heart disease,108,High body-mass index,1,Number,2022,7.4341565233552735,14.88507802087794,2.322868237679774
1,All Population,3,YLDs (Years Lived with Disability),4860,Maharashtra,1,Male,9,20-24 years,494,Stroke,108,High body-mass index,1,Number,2022,9.743268086564331,61.82161728572866,-53.641709229897124
1,All Population,3,YLDs (Years Lived with Disability),4860,Maharashtra,2,Female,9,20-24 years,494,Stroke,108,High body-mass index,1,Number,2022,30.689344595104924,140.95627343211993,-23.527359755800354
1,All Population,3,YLDs (Years Lived with Disability),4869,Sikkim,1,Male,9,20-24 years,494,Stroke,108,High body-mass index,1,Number,2021,0.1286409484489348,0.5200887107787324,-0.2407506704588726
1,All Population,3,YLDs (Years Lived with Disability),4869,Sikkim,2,Female,9,20-24 years,494,Stroke,108,High body-mass index,1,Number,2021,0.4137552636076889,1.2429077947864173,-0.06165159243507744
1,All Population,3,YLDs (Years Lived with Disability),4870,Tamil Nadu,1,Male,9,20-24 years,498,Hypertensive heart disease,107,High systolic blood pressure,1,Number,2021,5.678495173969325,10.066847506914641,3.107914755632249
1,All Population,3,YLDs (Years Lived with Disability),4870,Tamil Nadu,2,Female,9,20-24 years,498,Hypertensive heart disease,107,High systolic blood pressure,1,Number,2021,15.68550100856376,27.824332043408678,8.815695825722397
1,All Population,3,YLDs (Years Lived with Disability),4870,Tamil Nadu,1,Male,9,20-24 years,498,Hypertensive heart disease,108,High body-mass index,1,Number,2021,1.9358350054648206,4.067383898024016,0.7069177802470676
1,All Population,3,YLDs (Years Lived with Disability),4870,Tamil Nadu,2,Female,9,20-24 years,498,Hypertensive heart disease,108,High body-mass index,1,Number,2021,8.437852408137154,16.287070844818437,3.5516615193703047
1,All Population,3,YLDs (Years Lived with Disability),4875,West Bengal,1,Male,9,20-24 years,493,Ischemic heart disease,108,High body-mass index,1,Number,2021,24.467796939947792,56.61136141827336,6.098694593933134
1,All Population,3,YLDs (Years Lived with Disability),4875,West Bengal,2,Female,9,20-24 years,493,Ischemic heart disease,108,High body-mass index,1,Number,2021,49.57584954902361,105.86813617448855,13.238482958393494
1,All Population,3,YLDs (Years Lived with Disability),4872,Tripura,1,Male,9,20-24 years,494,Stroke,108,High body-mass index,1,Number,2022,0.27709155058907353,2.351357840802146,-1.9540197336746603
1,All Population,3,YLDs (Years Lived with Disability),4872,Tripura,2,Female,9,20-24 years,494,Stroke,108,High body-mass index,1,Number,2022,0.8065963440954904,3.7600856808059526,-1.9580586361603587
1,All Population,3,YLDs (Years Lived with Disability),4875,West Bengal,1,Male,9,20-24 years,494,Stroke,108,High body-mass index,1,Number,2022,7.531270194495146,57.23126697710708,-48.403059568854516
1,All Population,3,YLDs (Years Lived with Disability),4875,West Bengal,2,Female,9,20-24 years,494,Stroke,108,High body-mass index,1,Number,2022,51.0470849486022,168.2195402060651,-20.096136054417947
1,All Population,3,YLDs (Years Lived with Disability),44538,Other Union Territories,1,Male,9,20-24 years,498,Hypertensive heart disease,107,High systolic blood pressure,1,Number,2021,0.4008471110028919,0.7122883210419386,0.21788355369078982
1,All Population,3,YLDs (Years Lived with Disability),44538,Other Union Territories,2,Female,9,20-24 years,498,Hypertensive heart disease,107,High systolic blood pressure,1,Number,2021,0.9895542603500499,1.7514780170822948,0.5786284360929671
1,All Population,3,YLDs (Years Lived with Disability),44538,Other Union Territories,1,Male,9,20-24 years,498,Hypertensive heart disease,108,High body-mass index,1,Number,2021,0.205105951661654,0.4163033784031248,0.07959400782452643
1,All Population,3,YLDs (Years Lived with Disability),44538,Other Union Territories,2,Female,9,20-24 years,498,Hypertensive heart disease,108,High body-mass index,1,Number,2021,0.5622606891519178,1.0216855484713887,0.2098012488359272
1,All Population,3,YLDs (Years Lived with Disability),4873,Uttar Pradesh,1,Male,9,20-24 years,498,Hypertensive heart disease,107,High systolic blood pressure,1,Number,2022,39.62003071795408,73.10417992275165,20.96502058212121
1,All Population,3,YLDs (Years Lived with Disability),4873,Uttar Pradesh,2,Female,9,20-24 years,498,Hypertensive heart disease,107,High systolic blood pressure,1,Number,2022,82.84498440588895,149.75576694334777,42.817494780622404
1,All Population,3,YLDs (Years Lived with Disability),4873,Uttar Pradesh,1,Male,9,20-24 years,498,Hypertensive heart disease,108,High body-mass index,1,Number,2022,11.057002059795963,23.677157653948655,3.5829512002925323
1,All Population,3,YLDs (Years Lived with Disability),4873,Uttar Pradesh,2,Female,9,20-24 years,498,Hypertensive heart disease,108,High body-mass index,1,Number,2022,29.327036736187242,60.060606733299046,10.984630108889943
1,All Population,3,YLDs (Years Lived with Disability),4857,Kerala,1,Male,9,20-24 years,498,Hypertensive heart disease,107,High systolic blood pressure,1,Number,2022,2.3188708064891115,4.246478979622416,1.1990906576775748
1,All Population,3,YLDs (Years Lived with Disability),4857,Kerala,2,Female,9,20-24 years,498,Hypertensive heart disease,107,High systolic blood pressure,1,Number,2022,8.89073060512442,15.540958911364768,4.768789327490772
1,All Population,3,YLDs (Years Lived with Disability),4865,Odisha,1,Male,9,20-24 years,498,Hypertensive heart disease,107,High systolic blood pressure,1,Number,2021,6.145744517637448,10.578637851725567,3.566130388361126
1,All Population,3,YLDs (Years Lived with Disability),4865,Odisha,2,Female,9,20-24 years,498,Hypertensive heart disease,107,High systolic blood pressure,1,Number,2021,13.811476229943715,23.5504105448452,7.711691793239381
1,All Population,3,YLDs (Years Lived with Disability),4865,Odisha,1,Male,9,20-24 years,498,Hypertensive heart disease,108,High body-mass index,1,Number,2021,1.9725287167233012,4.392028031519121,0.5823985990270293
1,All Population,3,YLDs (Years Lived with Disability),4865,Odisha,2,Female,9,20-24 years,498,Hypertensive heart disease,108,High body-mass index,1,Number,2021,5.267258114739009,10.696601035346912,1.7529551209835281
1,All Population,3,YLDs (Years Lived with Disability),4863,Mizoram,1,Male,9,20-24 years,493,Ischemic heart disease,108,High body-mass index,1,Number,2022,0.27431266496588064,0.6173650969111475,0.05738371151129208
1,All Population,3,YLDs (Years Lived with Disability),4863,Mizoram,2,Female,9,20-24 years,493,Ischemic heart disease,108,High body-mass index,1,Number,2022,0.28295694527841625,0.6343904434775972,0.0701578565456179
1,All Population,3,YLDs (Years Lived with Disability),4862,Meghalaya,1,Male,9,20-24 years,498,Hypertensive heart disease,107,High systolic blood pressure,1,Number,2021,0.4565433160088123,0.7730414181051566,0.26627777721788587
1,All Population,3,YLDs (Years Lived with Disability),4862,Meghalaya,2,Female,9,20-24 years,498,Hypertensive heart disease,107,High systolic blood pressure,1,Number,2021,1.4317414199657352,2.58513662709327,0.8083292513445155
1,All Population,3,YLDs (Years Lived with Disability),4862,Meghalaya,1,Male,9,20-24 years,498,Hypertensive heart disease,108,High body-mass index,1,Number,2021,0.16820758994858573,0.383649188807993,0.051274544946783226
1,All Population,3,YLDs (Years Lived with Disability),4862,Meghalaya,2,Female,9,20-24 years,498,Hypertensive heart disease,108,High body-mass index,1,Number,2021,0.49368288492846757,1.0108217579339507,0.16932490263803293
1,All Population,3,YLDs (Years Lived with Disability),4854,Jammu & Kashmir and Ladakh,1,Male,9,20-24 years,494,Stroke,108,High body-mass index,1,Number,2021,2.9938004473246025,11.579118156563887,-4.518839690703432
1,All Population,3,YLDs (Years Lived with Disability),4854,Jammu & Kashmir and Ladakh,2,Female,9,20-24 years,494,Stroke,108,High body-mass index,1,Number,2021,5.5253021198632055,18.1481407927735,-4.4394095045451465
1,All Population,3,YLDs (Years Lived with Disability),4873,Uttar Pradesh,1,Male,9,20-24 years,493,Ischemic heart disease,108,High body-mass index,1,Number,2021,57.70998487907519,112.92887941076629,16.182372047612823
1,All Population,3,YLDs (Years Lived with Disability),4873,Uttar Pradesh,2,Female,9,20-24 years,493,Ischemic heart disease,108,High body-mass index,1,Number,2021,111.14410471207782,224.18350403447414,38.766742936883155
1,All Population,3,YLDs (Years Lived with Disability),4851,Gujarat,1,Male,9,20-24 years,493,Ischemic heart disease,108,High body-mass index,1,Number,2022,14.15968012293817,31.246743961446143,3.395430072800802
1,All Population,3,YLDs (Years Lived with Disability),4851,Gujarat,2,Female,9,20-24 years,493,Ischemic heart disease,108,High body-mass index,1,Number,2022,24.424189269471505,51.6009062737368,7.580607750301418
1,All Population,3,YLDs (Years Lived with Disability),4844,Bihar,1,Male,9,20-24 years,494,Stroke,108,High body-mass index,1,Number,2022,3.6503626198609314,50.15885842293748,-52.333411165993724
1,All Population,3,YLDs (Years Lived with Disability),4844,Bihar,2,Female,9,20-24 years,494,Stroke,108,High body-mass index,1,Number,2022,11.293054383075466,64.3671246046713,-38.72968600657313
1,All Population,3,YLDs (Years Lived with Disability),4853,Himachal Pradesh,1,Male,9,20-24 years,493,Ischemic heart disease,108,High body-mass index,1,Number,2022,2.949252677337905,6.597569026773922,0.8599138485413641
1,All Population,3,YLDs (Years Lived with Disability),4853,Himachal Pradesh,2,Female,9,20-24 years,493,Ischemic heart disease,108,High body-mass index,1,Number,2022,2.3115803456855395,4.838927530907867,0.7223579029272267
1,All Population,3,YLDs (Years Lived with Disability),4841,Andhra Pradesh,1,Male,9,20-24 years,498,Hypertensive heart disease,107,High systolic blood pressure,1,Number,2022,4.2310152623222335,7.564936698865757,2.2017999012598564
1,All Population,3,YLDs (Years Lived with Disability),4841,Andhra Pradesh,2,Female,9,20-24 years,498,Hypertensive heart disease,107,High systolic blood pressure,1,Number,2022,13.175396311625374,24.10554810334768,7.265759646837545
1,All Population,3,YLDs (Years Lived with Disability),4841,Andhra Pradesh,1,Male,9,20-24 years,498,Hypertensive heart disease,108,High body-mass index,1,Number,2022,1.6881427469204437,4.0334810478794605,0.5568109282210699
1,All Population,3,YLDs (Years Lived with Disability),4841,Andhra Pradesh,2,Female,9,20-24 years,498,Hypertensive heart disease,108,High body-mass index,1,Number,2022,6.247367082012018,13.335470266717884,2.213086820287991
1,All Population,3,YLDs (Years Lived with Disability),4872,Tripura,1,Male,9,20-24 years,498,Hypertensive heart disease,107,High systolic blood pressure,1,Number,2022,0.37871732463832114,0.7066532335853999,0.19410000869588911
1,All Population,3,YLDs (Years Lived with Disability),4872,Tripura,2,Female,9,20-24 years,498,Hypertensive heart disease,107,High systolic blood pressure,1,Number,2022,1.1269209372362898,1.976769668341015,0.6276352495723152
1,All Population,3,YLDs (Years Lived with Disability),4872,Tripura,1,Male,9,20-24 years,498,Hypertensive heart disease,108,High body-mass index,1,Number,2022,0.12293064983604139,0.26187089293291443,0.04183923746517393
1,All Population,3,YLDs (Years Lived with Disability),4872,Tripura,2,Female,9,20-24 years,498,Hypertensive heart disease,108,High body-mass index,1,Number,2022,0.45483049517868124,0.9642487218428122,0.16424608070423485
1,All Population,3,YLDs (Years Lived with Disability),4860,Maharashtra,1,Male,9,20-24 years,498,Hypertensive heart disease,107,High systolic blood pressure,1,Number,2022,11.981864884720215,21.444399731108454,6.299835798530308
1,All Population,3,YLDs (Years Lived with Disability),4860,Maharashtra,2,Female,9,20-24 years,498,Hypertensive heart disease,107,High systolic blood pressure,1,Number,2022,34.457825385600856,61.46812241946081,19.179190235441798
1,All Population,3,YLDs (Years Lived with Disability),4860,Maharashtra,1,Male,9,20-24 years,498,Hypertensive heart disease,108,High body-mass index,1,Number,2022,4.14570894930168,8.138473581776235,1.4047302984680379
1,All Population,3,YLDs (Years Lived with Disability),4860,Maharashtra,2,Female,9,20-24 years,498,Hypertensive heart disease,108,High body-mass index,1,Number,2022,13.627130549190177,29.34065707228137,4.641387068827237
1,All Population,3,YLDs (Years Lived with Disability),4857,Kerala,1,Male,9,20-24 years,498,Hypertensive heart disease,108,High body-mass index,1,Number,2022,1.1334721002052441,2.366631240788452,0.4011821663588367
1,All Population,3,YLDs (Years Lived with Disability),4857,Kerala,2,Female,9,20-24 years,498,Hypertensive heart disease,108,High body-mass index,1,Number,2022,5.056522714403829,10.40990535789618,1.966941436669633
1,All Population,3,YLDs (Years Lived with Disability),4842,Arunachal Pradesh,1,Male,9,20-24 years,498,Hypertensive heart disease,107,High systolic blood pressure,1,Number,2022,0.23471469358906727,0.43803832018069,0.12181384465707654
1,All Population,3,YLDs (Years Lived with Disability),4842,Arunachal Pradesh,2,Female,9,20-24 years,498,Hypertensive heart disease,107,High systolic blood pressure,1,Number,2022,0.6832671040313328,1.2574820418272141,0.35707608430390625
1,All Population,3,YLDs (Years Lived with Disability),4842,Arunachal Pradesh,1,Male,9,20-24 years,498,Hypertensive heart disease,108,High body-mass index,1,Number,2022,0.10196933008759465,0.23554868291504258,0.03290032146783774
1,All Population,3,YLDs (Years Lived with Disability),4842,Arunachal Pradesh,2,Female,9,20-24 years,498,Hypertensive heart disease,108,High body-mass index,1,Number,2022,0.3213830935182074,0.6529668945256866,0.11751041216197199
1,All Population,3,YLDs (Years Lived with Disability),4874,Uttarakhand,1,Male,9,20-24 years,494,Stroke,108,High body-mass index,1,Number,2022,3.3381347923063505,13.167366966205659,-3.7798221122351507
1,All Population,3,YLDs (Years Lived with Disability),4874,Uttarakhand,2,Female,9,20-24 years,494,Stroke,108,High body-mass index,1,Number,2022,4.104661422847921,14.370710797548572,-3.1145013852059744
1,All Population,3,YLDs (Years Lived with Disability),4871,Telangana,1,Male,9,20-24 years,494,Stroke,108,High body-mass index,1,Number,2021,12.895502649683761,38.6981350522124,-6.853289442953374
1,All Population,3,YLDs (Years Lived with Disability),4871,Telangana,2,Female,9,20-24 years,494,Stroke,108,High body-mass index,1,Number,2021,20.471674091552927,66.49171616814891,-2.478677034602784
1,All Population,3,YLDs (Years Lived with Disability),4850,Goa,1,Male,9,20-24 years,493,Ischemic heart disease,108,High body-mass index,1,Number,2022,1.1623037301485624,2.591678046654985,0.36194022770339823
1,All Population,3,YLDs (Years Lived with Disability),4850,Goa,2,Female,9,20-24 years,493,Ischemic heart disease,108,High body-mass index,1,Number,2022,0.8660567647575361,1.7685955756173533,0.2354996305380368
1,All Population,3,YLDs (Years Lived with Disability),4852,Haryana,1,Male,9,20-24 years,493,Ischemic heart disease,108,High body-mass index,1,Number,2022,18.744359945242458,39.2139289491284,4.954052028669475
1,All Population,3,YLDs (Years Lived with Disability),4852,Haryana,2,Female,9,20-24 years,493,Ischemic heart disease,108,High body-mass index,1,Number,2022,13.298489836265423,29.78652532800518,3.938462479121224
1,All Population,3,YLDs (Years Lived with Disability),4844,Bihar,1,Male,9,20-24 years,498,Hypertensive heart disease,107,High systolic blood pressure,1,Number,2022,14.570409977376062,27.255633528581356,7.799403944285283
1,All Population,3,YLDs (Years Lived with Disability),4844,Bihar,2,Female,9,20-24 years,498,Hypertensive heart disease,107,High systolic blood pressure,1,Number,2022,36.39481005166991,62.46906733157569,19.622865811938922
1,All Population,3,YLDs (Years Lived with Disability),4844,Bihar,1,Male,9,20-24 years,498,Hypertensive heart disease,108,High body-mass index,1,Number,2022,4.374661604066705,9.278606772899295,1.430430023071119
1,All Population,3,YLDs (Years Lived with Disability),4844,Bihar,2,Female,9,20-24 years,498,Hypertensive heart disease,108,High body-mass index,1,Number,2022,10.851307997374787,22.664542709444657,3.760532587101082
1,All Population,3,YLDs (Years Lived with Disability),4874,Uttarakhand,1,Male,9,20-24 years,498,Hypertensive heart disease,107,High systolic blood pressure,1,Number,2022,1.3686746835143246,2.559053364361133,0.7410900412793259
1,All Population,3,YLDs (Years Lived with Disability),4874,Uttarakhand,2,Female,9,20-24 years,498,Hypertensive heart disease,107,High systolic blood pressure,1,Number,2022,3.4364297733066542,6.3263423264805505,1.8119400364939118
1,All Population,3,YLDs (Years Lived with Disability),4874,Uttarakhand,1,Male,9,20-24 years,498,Hypertensive heart disease,108,High body-mass index,1,Number,2022,0.5311462956026671,1.2174329260778247,0.15228179132840577
1,All Population,3,YLDs (Years Lived with Disability),4874,Uttarakhand,2,Female,9,20-24 years,498,Hypertensive heart disease,108,High body-mass index,1,Number,2022,1.503739084133263,3.149813092523946,0.5317499444448401
1,All Population,3,YLDs (Years Lived with Disability),4854,Jammu & Kashmir and Ladakh,1,Male,9,20-24 years,493,Ischemic heart disease,108,High body-mass index,1,Number,2022,6.41278371129803,12.782204713543361,2.013659440932825
1,All Population,3,YLDs (Years Lived with Disability),4854,Jammu & Kashmir and Ladakh,2,Female,9,20-24 years,493,Ischemic heart disease,108,High body-mass index,1,Number,2022,9.679540589763219,21.768651398432244,2.8469050994689087
1,All Population,3,YLDs (Years Lived with Disability),4850,Goa,1,Male,9,20-24 years,494,Stroke,108,High body-mass index,1,Number,2022,1.2812476040726741,3.933325094328697,0.07420865208725415
1,All Population,3,YLDs (Years Lived with Disability),4850,Goa,2,Female,9,20-24 years,494,Stroke,108,High body-mass index,1,Number,2022,1.1148770278766331,3.261154710128108,-0.06438721621625904
1,All Population,3,YLDs (Years Lived with Disability),4852,Haryana,1,Male,9,20-24 years,494,Stroke,108,High body-mass index,1,Number,2022,20.730390090075435,69.7538454021555,-3.593001276990875
1,All Population,3,YLDs (Years Lived with Disability),4852,Haryana,2,Female,9,20-24 years,494,Stroke,108,High body-mass index,1,Number,2022,15.074881140976585,51.89251938820678,-1.8909437911848388
1,All Population,3,YLDs (Years Lived with Disability),4849,Delhi,1,Male,9,20-24 years,494,Stroke,108,High body-mass index,1,Number,2022,13.480685600506078,43.75121081835445,-3.006240783666637
1,All Population,3,YLDs (Years Lived with Disability),4849,Delhi,2,Female,9,20-24 years,494,Stroke,108,High body-mass index,1,Number,2022,13.232908273227611,40.08331432272885,-2.992594551321778
1,All Population,3,YLDs (Years Lived with Disability),4864,Nagaland,1,Male,9,20-24 years,494,Stroke,108,High body-mass index,1,Number,2022,0.43661765760948806,2.1903643379927273,-0.7959059657856534
1,All Population,3,YLDs (Years Lived with Disability),4864,Nagaland,2,Female,9,20-24 years,494,Stroke,108,High body-mass index,1,Number,2022,0.027650526764098085,0.7466945128626469,-1.0507396921177872
1,All Population,3,YLDs (Years Lived with Disability),4856,Karnataka,1,Male,9,20-24 years,493,Ischemic heart disease,108,High body-mass index,1,Number,2022,23.56501049167995,50.389136114935454,6.304462363590282
1,All Population,3,YLDs (Years Lived with Disability),4856,Karnataka,2,Female,9,20-24 years,493,Ischemic heart disease,108,High body-mass index,1,Number,2022,39.61223587963508,82.85406276762434,10.812950128963369
1,All Population,3,YLDs (Years Lived with Disability),4859,Madhya Pradesh,1,Male,9,20-24 years,494,Stroke,108,High body-mass index,1,Number,2022,3.541108945456875,32.286744407301484,-27.70482830713784
1,All Population,3,YLDs (Years Lived with Disability),4859,Madhya Pradesh,2,Female,9,20-24 years,494,Stroke,108,High body-mass index,1,Number,2022,14.651268086241823,67.8577423961435,-19.49211605252026
1,All Population,3,YLDs (Years Lived with Disability),4861,Manipur,1,Male,9,20-24 years,494,Stroke,108,High body-mass index,1,Number,2022,0.9184711398579785,4.933632282396173,-1.5715234485241965
1,All Population,3,YLDs (Years Lived with Disability),4861,Manipur,2,Female,9,20-24 years,494,Stroke,108,High body-mass index,1,Number,2022,1.3890656594127349,5.281934451036243,-1.167452799968753
1,All Population,3,YLDs (Years Lived with Disability),4854,Jammu & Kashmir and Ladakh,1,Male,9,20-24 years,498,Hypertensive heart disease,107,High systolic blood pressure,1,Number,2021,1.7655308299456522,3.1440389537106226,1.0030758130374815
1,All Population,3,YLDs (Years Lived with Disability),4854,Jammu & Kashmir and Ladakh,2,Female,9,20-24 years,498,Hypertensive heart disease,107,High systolic blood pressure,1,Number,2021,3.8963820511096423,6.743532657001392,2.199370376757111
1,All Population,3,YLDs (Years Lived with Disability),4854,Jammu & Kashmir and Ladakh,1,Male,9,20-24 years,498,Hypertensive heart disease,108,High body-mass index,1,Number,2021,0.7102965000283642,1.349835694026606,0.252694316441422
1,All Population,3,YLDs (Years Lived with Disability),4854,Jammu & Kashmir and Ladakh,2,Female,9,20-24 years,498,Hypertensive heart disease,108,High body-mass index,1,Number,2021,1.9181201781312749,3.6285382380432143,0.6695645829837129
1,All Population,3,YLDs (Years Lived with Disability),4859,Madhya Pradesh,1,Male,9,20-24 years,498,Hypertensive heart disease,107,High systolic blood pressure,1,Number,2022,8.382420495293927,15.419658077321387,4.503791415413245
1,All Population,3,YLDs (Years Lived with Disability),4859,Madhya Pradesh,2,Female,9,20-24 years,498,Hypertensive heart disease,107,High systolic blood pressure,1,Number,2022,29.280822221692866,51.24970173162167,15.607524798155334
1,All Population,3,YLDs (Years Lived with Disability),4859,Madhya Pradesh,1,Male,9,20-24 years,498,Hypertensive heart disease,108,High body-mass index,1,Number,2022,2.0670959950943106,5.063754262346579,0.5474665471591167
1,All Population,3,YLDs (Years Lived with Disability),4859,Madhya Pradesh,2,Female,9,20-24 years,498,Hypertensive heart disease,108,High body-mass index,1,Number,2022,8.6041201515863,18.386833208791135,2.6941520509973005
1,All Population,3,YLDs (Years Lived with Disability),4843,Assam,1,Male,9,20-24 years,494,Stroke,108,High body-mass index,1,Number,2022,5.347943699021884,26.668594986096224,-14.92091565832219
1,All Population,3,YLDs (Years Lived with Disability),4843,Assam,2,Female,9,20-24 years,494,Stroke,108,High body-mass index,1,Number,2022,1.3638421127317628,19.992639984338048,-27.27477246936209
1,All Population,3,YLDs (Years Lived with Disability),4846,Chhattisgarh,1,Male,9,20-24 years,494,Stroke,108,High body-mass index,1,Number,2022,0.7287825722388639,11.789901448598032,-11.821279821279465
1,All Population,3,YLDs (Years Lived with Disability),4846,Chhattisgarh,2,Female,9,20-24 years,494,Stroke,108,High body-mass index,1,Number,2022,2.600441397954835,16.181579950169503,-12.316757510229863
1,All Population,3,YLDs (Years Lived with Disability),4850,Goa,1,Male,9,20-24 years,498,Hypertensive heart disease,107,High systolic blood pressure,1,Number,2022,0.13877589979423816,0.261577640752894,0.07590476829943833
1,All Population,3,YLDs (Years Lived with Disability),4850,Goa,2,Female,9,20-24 years,498,Hypertensive heart disease,107,High systolic blood pressure,1,Number,2022,0.311566487548035,0.5699703366417459,0.1725423243155486
1,All Population,3,YLDs (Years Lived with Disability),4850,Goa,1,Male,9,20-24 years,498,Hypertensive heart disease,108,High body-mass index,1,Number,2022,0.08542082736878506,0.16710124097970885,0.032198670935161704
1,All Population,3,YLDs (Years Lived with Disability),4850,Goa,2,Female,9,20-24 years,498,Hypertensive heart disease,108,High body-mass index,1,Number,2022,0.18547785334614864,0.3771463112942871,0.06873915386297538
1,All Population,3,YLDs (Years Lived with Disability),4861,Manipur,1,Male,9,20-24 years,498,Hypertensive heart disease,107,High systolic blood pressure,1,Number,2022,0.4301619195981903,0.7691349503379783,0.23701708564575139
1,All Population,3,YLDs (Years Lived with Disability),4861,Manipur,2,Female,9,20-24 years,498,Hypertensive heart disease,107,High systolic blood pressure,1,Number,2022,1.1472784647998397,2.152959803317523,0.6601552349381109
1,All Population,3,YLDs (Years Lived with Disability),4861,Manipur,1,Male,9,20-24 years,498,Hypertensive heart disease,108,High body-mass index,1,Number,2022,0.17831330116215144,0.42914545845133817,0.05128910181449121
1,All Population,3,YLDs (Years Lived with Disability),4861,Manipur,2,Female,9,20-24 years,498,Hypertensive heart disease,108,High body-mass index,1,Number,2022,0.5485699888970068,1.0708085382930819,0.22222474823833022
1,All Population,3,YLDs (Years Lived with Disability),4864,Nagaland,1,Male,9,20-24 years,498,Hypertensive heart disease,107,High systolic blood pressure,1,Number,2022,0.24774417140797647,0.46168128548159326,0.13282522605388583
1,All Population,3,YLDs (Years Lived with Disability),4864,Nagaland,2,Female,9,20-24 years,498,Hypertensive heart disease,107,High systolic blood pressure,1,Number,2022,0.675974504562219,1.206679031053397,0.36281121360156204
1,All Population,3,YLDs (Years Lived with Disability),4864,Nagaland,1,Male,9,20-24 years,498,Hypertensive heart disease,108,High body-mass index,1,Number,2022,0.09346495309989802,0.2230979166637586,0.027533739244599648
1,All Population,3,YLDs (Years Lived with Disability),4864,Nagaland,2,Female,9,20-24 years,498,Hypertensive heart disease,108,High body-mass index,1,Number,2022,0.22162989696220856,0.4550807050733391,0.06926265154253351
1,All Population,3,YLDs (Years Lived with Disability),4846,Chhattisgarh,1,Male,9,20-24 years,498,Hypertensive heart disease,107,High systolic blood pressure,1,Number,2022,4.22173968112122,7.339997729930786,2.2721359549642215
1,All Population,3,YLDs (Years Lived with Disability),4846,Chhattisgarh,2,Female,9,20-24 years,498,Hypertensive heart disease,107,High systolic blood pressure,1,Number,2022,9.597674757160716,17.03308966230415,5.183985248668815
1,All Population,3,YLDs (Years Lived with Disability),4846,Chhattisgarh,1,Male,9,20-24 years,498,Hypertensive heart disease,108,High body-mass index,1,Number,2022,1.005781271988962,2.588598868835722,0.28826800956782056
1,All Population,3,YLDs (Years Lived with Disability),4846,Chhattisgarh,2,Female,9,20-24 years,498,Hypertensive heart disease,108,High body-mass index,1,Number,2022,2.9013613896718513,6.3779649593772145,0.873231615061457
1,All Population,3,YLDs (Years Lived with Disability),4843,Assam,1,Male,9,20-24 years,498,Hypertensive heart disease,107,High systolic blood pressure,1,Number,2022,5.830434569053297,10.854225861736472,3.17683648777179
1,All Population,3,YLDs (Years Lived with Disability),4843,Assam,2,Female,9,20-24 years,498,Hypertensive heart disease,107,High systolic blood pressure,1,Number,2022,11.641451251372013,20.801628537878862,6.348611085939811
1,All Population,3,YLDs (Years Lived with Disability),4843,Assam,1,Male,9,20-24 years,498,Hypertensive heart disease,108,High body-mass index,1,Number,2022,2.160621733535029,4.533867588519265,0.7553356539100335
1,All Population,3,YLDs (Years Lived with Disability),4843,Assam,2,Female,9,20-24 years,498,Hypertensive heart disease,108,High body-mass index,1,Number,2022,4.086254956583297,8.349213644508865,1.4070558021463981
1,All Population,3,YLDs (Years Lived with Disability),4855,Jharkhand,1,Male,9,20-24 years,493,Ischemic heart disease,108,High body-mass index,1,Number,2022,5.039609627160792,10.169149968700957,1.3689952761086301
1,All Population,3,YLDs (Years Lived with Disability),4855,Jharkhand,2,Female,9,20-24 years,493,Ischemic heart disease,108,High body-mass index,1,Number,2022,5.580720648016012,12.062825611627824,1.234960290196496
1,All Population,3,YLDs (Years Lived with Disability),4851,Gujarat,1,Male,9,20-24 years,494,Stroke,108,High body-mass index,1,Number,2022,4.722489175295869,41.562694029129545,-22.918716965316783
1,All Population,3,YLDs (Years Lived with Disability),4851,Gujarat,2,Female,9,20-24 years,494,Stroke,108,High body-mass index,1,Number,2022,25.68033806594866,88.46068455461321,-10.70407806085727
1,All Population,3,YLDs (Years Lived with Disability),4849,Delhi,1,Male,9,20-24 years,498,Hypertensive heart disease,107,High systolic blood pressure,1,Number,2022,2.2649561468477795,4.124280128873797,1.2123377168651257
1,All Population,3,YLDs (Years Lived with Disability),4849,Delhi,2,Female,9,20-24 years,498,Hypertensive heart disease,107,High systolic blood pressure,1,Number,2022,5.154450211392269,9.230201226722869,2.7740315683776693
1,All Population,3,YLDs (Years Lived with Disability),4849,Delhi,1,Male,9,20-24 years,498,Hypertensive heart disease,108,High body-mass index,1,Number,2022,1.2400683042643,2.722495515348638,0.45661042800192886
1,All Population,3,YLDs (Years Lived with Disability),4849,Delhi,2,Female,9,20-24 years,498,Hypertensive heart disease,108,High body-mass index,1,Number,2022,2.7315938460552838,5.619090021315917,1.0236664650417573
1,All Population,3,YLDs (Years Lived with Disability),4851,Gujarat,1,Male,9,20-24 years,498,Hypertensive heart disease,107,High systolic blood pressure,1,Number,2022,7.8381076681577495,14.619064510356539,4.258200249498766
1,All Population,3,YLDs (Years Lived with Disability),4851,Gujarat,2,Female,9,20-24 years,498,Hypertensive heart disease,107,High systolic blood pressure,1,Number,2022,17.591597087725717,31.522486655354,9.559219559250568
1,All Population,3,YLDs (Years Lived with Disability),4851,Gujarat,1,Male,9,20-24 years,498,Hypertensive heart disease,108,High body-mass index,1,Number,2022,2.303503024600429,4.860014387550915,0.8025221465322572
1,All Population,3,YLDs (Years Lived with Disability),4851,Gujarat,2,Female,9,20-24 years,498,Hypertensive heart disease,108,High body-mass index,1,Number,2022,7.264140996515615,15.308648437602358,2.584861680484538
1,All Population,3,YLDs (Years Lived with Disability),4865,Odisha,1,Male,9,20-24 years,494,Stroke,108,High body-mass index,1,Number,2022,2.667559354255642,24.356872270129717,-17.27964467321351
1,All Population,3,YLDs (Years Lived with Disability),4865,Odisha,2,Female,9,20-24 years,494,Stroke,108,High body-mass index,1,Number,2022,8.71044049480373,37.05302367992409,-14.04420171294348
1,All Population,3,YLDs (Years Lived with Disability),4862,Meghalaya,1,Male,9,20-24 years,494,Stroke,108,High body-mass index,1,Number,2022,0.9692149159652473,4.308500107366615,-0.9275925762959453
1,All Population,3,YLDs (Years Lived with Disability),4862,Meghalaya,2,Female,9,20-24 years,494,Stroke,108,High body-mass index,1,Number,2022,0.29522718208487786,2.7200254433327213,-2.0003937317256844
1,All Population,3,YLDs (Years Lived with Disability),4869,Sikkim,1,Male,9,20-24 years,493,Ischemic heart disease,108,High body-mass index,1,Number,2022,0.16555597186680487,0.327455702107667,0.052268778367058004
1,All Population,3,YLDs (Years Lived with Disability),4869,Sikkim,2,Female,9,20-24 years,493,Ischemic heart disease,108,High body-mass index,1,Number,2022,0.29651204765155215,0.6133761608195931,0.09098654210568898
1,All Population,3,YLDs (Years Lived with Disability),4870,Tamil Nadu,1,Male,9,20-24 years,493,Ischemic heart disease,108,High body-mass index,1,Number,2022,29.66796527541148,64.45406562359918,8.606158682920338
1,All Population,3,YLDs (Years Lived with Disability),4870,Tamil Nadu,2,Female,9,20-24 years,493,Ischemic heart disease,108,High body-mass index,1,Number,2022,55.556752650589914,109.03692950992827,18.75490855205674
1,All Population,3,YLDs (Years Lived with Disability),4868,Rajasthan,1,Male,9,20-24 years,494,Stroke,108,High body-mass index,1,Number,2022,9.809812980499764,53.87925288705965,-26.820863628800673
1,All Population,3,YLDs (Years Lived with Disability),4868,Rajasthan,2,Female,9,20-24 years,494,Stroke,108,High body-mass index,1,Number,2022,11.115693251852159,53.92327603136526,-31.50289227042318
1,All Population,3,YLDs (Years Lived with Disability),4865,Odisha,1,Male,9,20-24 years,498,Hypertensive heart disease,107,High systolic blood pressure,1,Number,2022,6.063095243998879,10.991295343550322,3.321040155683263
1,All Population,3,YLDs (Years Lived with Disability),4865,Odisha,2,Female,9,20-24 years,498,Hypertensive heart disease,107,High systolic blood pressure,1,Number,2022,13.458130025703671,24.4259501129281,7.2152788495023055
1,All Population,3,YLDs (Years Lived with Disability),4865,Odisha,1,Male,9,20-24 years,498,Hypertensive heart disease,108,High body-mass index,1,Number,2022,1.9666839615315976,4.523536274046263,0.570504619356393
1,All Population,3,YLDs (Years Lived with Disability),4865,Odisha,2,Female,9,20-24 years,498,Hypertensive heart disease,108,High body-mass index,1,Number,2022,5.2337568617801855,10.614365481345702,1.8279760340849718
1,All Population,3,YLDs (Years Lived with Disability),4865,Odisha,1,Male,9,20-24 years,493,Ischemic heart disease,108,High body-mass index,1,Number,2022,8.578602666737636,21.0706578158286,1.674651790972818
1,All Population,3,YLDs (Years Lived with Disability),4865,Odisha,2,Female,9,20-24 years,493,Ischemic heart disease,108,High body-mass index,1,Number,2022,12.090872696662016,24.07311609886733,3.922945222703711
1,All Population,3,YLDs (Years Lived with Disability),4872,Tripura,1,Male,9,20-24 years,493,Ischemic heart disease,108,High body-mass index,1,Number,2022,1.0745510488430154,2.370763869380621,0.31070056227360177
1,All Population,3,YLDs (Years Lived with Disability),4872,Tripura,2,Female,9,20-24 years,493,Ischemic heart disease,108,High body-mass index,1,Number,2022,1.267761160935187,2.712285036694324,0.32908400953854355
1,All Population,3,YLDs (Years Lived with Disability),4862,Meghalaya,1,Male,9,20-24 years,498,Hypertensive heart disease,107,High systolic blood pressure,1,Number,2022,0.4649487329408904,0.8202796111879391,0.2505113967268477
1,All Population,3,YLDs (Years Lived with Disability),4862,Meghalaya,2,Female,9,20-24 years,498,Hypertensive heart disease,107,High systolic blood pressure,1,Number,2022,1.4087117234435271,2.5786230392421308,0.7837649353623777
1,All Population,3,YLDs (Years Lived with Disability),4862,Meghalaya,1,Male,9,20-24 years,498,Hypertensive heart disease,108,High body-mass index,1,Number,2022,0.17359687572925506,0.4153946772376696,0.05422730145669515
1,All Population,3,YLDs (Years Lived with Disability),4862,Meghalaya,2,Female,9,20-24 years,498,Hypertensive heart disease,108,High body-mass index,1,Number,2022,0.49777377126650457,1.057852736278113,0.15749191084418324
1,All Population,3,YLDs (Years Lived with Disability),4867,Punjab,1,Male,9,20-24 years,494,Stroke,108,High body-mass index,1,Number,2022,33.116881715535875,74.482856741811,3.6348610558642225
1,All Population,3,YLDs (Years Lived with Disability),4867,Punjab,2,Female,9,20-24 years,494,Stroke,108,High body-mass index,1,Number,2022,14.385880407016868,39.724306345953345,-3.0401465781406802
1,All Population,3,YLDs (Years Lived with Disability),4875,West Bengal,1,Male,9,20-24 years,498,Hypertensive heart disease,107,High systolic blood pressure,1,Number,2022,8.604332761166013,16.197909068833635,4.8339764209737
1,All Population,3,YLDs (Years Lived with Disability),4875,West Bengal,2,Female,9,20-24 years,498,Hypertensive heart disease,107,High systolic blood pressure,1,Number,2022,24.631244249640964,45.464495117029394,13.093268517381201
1,All Population,3,YLDs (Years Lived with Disability),4875,West Bengal,1,Male,9,20-24 years,498,Hypertensive heart disease,108,High body-mass index,1,Number,2022,2.5895967464665723,6.255036937685115,0.7349795550038716
1,All Population,3,YLDs (Years Lived with Disability),4875,West Bengal,2,Female,9,20-24 years,498,Hypertensive heart disease,108,High body-mass index,1,Number,2022,10.849660225810915,23.1208249408142,3.778503958994607
1,All Population,3,YLDs (Years Lived with Disability),4871,Telangana,1,Male,9,20-24 years,493,Ischemic heart disease,108,High body-mass index,1,Number,2022,20.510651121622995,42.24722552904954,6.191496028843485
1,All Population,3,YLDs (Years Lived with Disability),4871,Telangana,2,Female,9,20-24 years,493,Ischemic heart disease,108,High body-mass index,1,Number,2022,19.007351573782124,43.882276060851325,4.8875713443057425
1,All Population,3,YLDs (Years Lived with Disability),4867,Punjab,1,Male,9,20-24 years,493,Ischemic heart disease,108,High body-mass index,1,Number,2022,36.75008092654815,77.30037338776575,10.640939089930544
1,All Population,3,YLDs (Years Lived with Disability),4867,Punjab,2,Female,9,20-24 years,493,Ischemic heart disease,108,High body-mass index,1,Number,2022,22.455446631194487,47.08239657464149,7.775237597241811
1,All Population,3,YLDs (Years Lived with Disability),4863,Mizoram,1,Male,9,20-24 years,494,Stroke,108,High body-mass index,1,Number,2022,0.24657586538843984,1.1557788978938193,-0.4267195901211387
1,All Population,3,YLDs (Years Lived with Disability),4863,Mizoram,2,Female,9,20-24 years,494,Stroke,108,High body-mass index,1,Number,2022,0.22490646054784386,1.013522222886877,-0.5458444926447276
1,All Population,3,YLDs (Years Lived with Disability),4867,Punjab,1,Male,9,20-24 years,498,Hypertensive heart disease,107,High systolic blood pressure,1,Number,2022,3.185359616790243,5.978121596035432,1.668175414051424
1,All Population,3,YLDs (Years Lived with Disability),4867,Punjab,2,Female,9,20-24 years,498,Hypertensive heart disease,107,High systolic blood pressure,1,Number,2022,5.717002906789162,10.126847999494714,3.025617092035693
1,All Population,3,YLDs (Years Lived with Disability),4867,Punjab,1,Male,9,20-24 years,498,Hypertensive heart disease,108,High body-mass index,1,Number,2022,1.8673670496818369,3.5191676678808244,0.7318507136818382
1,All Population,3,YLDs (Years Lived with Disability),4867,Punjab,2,Female,9,20-24 years,498,Hypertensive heart disease,108,High body-mass index,1,Number,2022,2.8947654748781066,5.993788303940427,1.1389836408485108
1,All Population,3,YLDs (Years Lived with Disability),4863,Mizoram,1,Male,9,20-24 years,498,Hypertensive heart disease,107,High systolic blood pressure,1,Number,2022,0.1704515305978475,0.30169485777186833,0.09091702488668475
1,All Population,3,YLDs (Years Lived with Disability),4863,Mizoram,2,Female,9,20-24 years,498,Hypertensive heart disease,107,High systolic blood pressure,1,Number,2022,0.5503850069335903,0.9747041718274109,0.2957487839882067
1,All Population,3,YLDs (Years Lived with Disability),4863,Mizoram,1,Male,9,20-24 years,498,Hypertensive heart disease,108,High body-mass index,1,Number,2022,0.069545157160788,0.1562510391579615,0.023826807693518873
1,All Population,3,YLDs (Years Lived with Disability),4863,Mizoram,2,Female,9,20-24 years,498,Hypertensive heart disease,108,High body-mass index,1,Number,2022,0.24526380465147887,0.5015597764981167,0.07731369057925057
1,All Population,3,YLDs (Years Lived with Disability),4868,Rajasthan,1,Male,9,20-24 years,493,Ischemic heart disease,108,High body-mass index,1,Number,2022,29.382453549176528,68.69431069274285,7.305831871772376
1,All Population,3,YLDs (Years Lived with Disability),4868,Rajasthan,2,Female,9,20-24 years,493,Ischemic heart disease,108,High body-mass index,1,Number,2022,25.722412903485246,57.35354890495644,7.085203511947824
1,All Population,3,YLDs (Years Lived with Disability),44538,Other Union Territories,1,Male,9,20-24 years,493,Ischemic heart disease,108,High body-mass index,1,Number,2022,2.46114663224471,5.636743161994448,0.7399478627636373
1,All Population,3,YLDs (Years Lived with Disability),44538,Other Union Territories,2,Female,9,20-24 years,493,Ischemic heart disease,108,High body-mass index,1,Number,2022,2.2000991938403267,4.58689066329287,0.6591315467730732
1,All Population,3,YLDs (Years Lived with Disability),44538,Other Union Territories,1,Male,9,20-24 years,494,Stroke,108,High body-mass index,1,Number,2022,2.0240842954834988,6.152845101724477,-0.5957626681129791
1,All Population,3,YLDs (Years Lived with Disability),44538,Other Union Territories,2,Female,9,20-24 years,494,Stroke,108,High body-mass index,1,Number,2022,3.10829021721048,9.076497391674664,0.1749205152488176
1,All Population,3,YLDs (Years Lived with Disability),44538,Other Union Territories,1,Male,9,20-24 years,498,Hypertensive heart disease,107,High systolic blood pressure,1,Number,2022,0.3816825082943176,0.6984069762159397,0.20575656433110312
1,All Population,3,YLDs (Years Lived with Disability),44538,Other Union Territories,2,Female,9,20-24 years,498,Hypertensive heart disease,107,High systolic blood pressure,1,Number,2022,0.9414384434613994,1.6974634997029807,0.5203214618003764
1,All Population,3,YLDs (Years Lived with Disability),44538,Other Union Territories,1,Male,9,20-24 years,498,Hypertensive heart disease,108,High body-mass index,1,Number,2022,0.19776297766788978,0.41315321933431337,0.07034221112871482
1,All Population,3,YLDs (Years Lived with Disability),44538,Other Union Territories,2,Female,9,20-24 years,498,Hypertensive heart disease,108,High body-mass index,1,Number,2022,0.5463482436033794,1.0487560263105677,0.20745501797015542
1,All Population,3,YLDs (Years Lived with Disability),4853,Himachal Pradesh,1,Male,9,20-24 years,493,Ischemic heart disease,108,High body-mass index,1,Number,2023,2.9898082130029358,6.192931610111688,0.939254092315172
1,All Population,3,YLDs (Years Lived with Disability),4853,Himachal Pradesh,2,Female,9,20-24 years,493,Ischemic heart disease,108,High body-mass index,1,Number,2023,2.48605829236831,5.374691921498981,0.7237861893802657
1,All Population,3,YLDs (Years Lived with Disability),4849,Delhi,1,Male,9,20-24 years,494,Stroke,108,High body-mass index,1,Number,2023,13.8297431401712,38.5022673529005,-3.043163902000637
1,All Population,3,YLDs (Years Lived with Disability),4849,Delhi,2,Female,9,20-24 years,494,Stroke,108,High body-mass index,1,Number,2023,14.610860474214055,47.31552704160379,-1.9692635347538672
1,All Population,3,YLDs (Years Lived with Disability),4862,Meghalaya,1,Male,9,20-24 years,498,Hypertensive heart disease,107,High systolic blood pressure,1,Number,2023,0.46696825343393045,0.823622271906566,0.25173782121163946
1,All Population,3,YLDs (Years Lived with Disability),4862,Meghalaya,2,Female,9,20-24 years,498,Hypertensive heart disease,107,High systolic blood pressure,1,Number,2023,1.4102362486360949,2.580661801100394,0.7843766790912701
1,All Population,3,YLDs (Years Lived with Disability),4862,Meghalaya,1,Male,9,20-24 years,498,Hypertensive heart disease,108,High body-mass index,1,Number,2023,0.17523369517901052,0.4196086909461712,0.05283483703359092
1,All Population,3,YLDs (Years Lived with Disability),4862,Meghalaya,2,Female,9,20-24 years,498,Hypertensive heart disease,108,High body-mass index,1,Number,2023,0.511463624185507,1.0779883745953445,0.15861033829531934
1,All Population,3,YLDs (Years Lived with Disability),4869,Sikkim,1,Male,9,20-24 years,493,Ischemic heart disease,108,High body-mass index,1,Number,2023,0.1644501182941045,0.350819520271355,0.050892418328403174
1,All Population,3,YLDs (Years Lived with Disability),4869,Sikkim,2,Female,9,20-24 years,493,Ischemic heart disease,108,High body-mass index,1,Number,2023,0.29126304513388235,0.6381776795202567,0.09514547561150966
1,All Population,3,YLDs (Years Lived with Disability),4852,Haryana,1,Male,9,20-24 years,493,Ischemic heart disease,108,High body-mass index,1,Number,2023,18.870910793653938,39.35455584631953,5.2654750118381175
1,All Population,3,YLDs (Years Lived with Disability),4852,Haryana,2,Female,9,20-24 years,493,Ischemic heart disease,108,High body-mass index,1,Number,2023,13.736761551565518,28.7115369392043,3.7757617585807224
1,All Population,3,YLDs (Years Lived with Disability),4864,Nagaland,1,Male,9,20-24 years,494,Stroke,108,High body-mass index,1,Number,2023,0.4563226516495059,2.158900749672009,-0.8485145591193792
1,All Population,3,YLDs (Years Lived with Disability),4864,Nagaland,2,Female,9,20-24 years,494,Stroke,108,High body-mass index,1,Number,2023,0.07317587319180247,0.8670335457690095,-1.0266619020462306
1,All Population,3,YLDs (Years Lived with Disability),4841,Andhra Pradesh,1,Male,9,20-24 years,493,Ischemic heart disease,108,High body-mass index,1,Number,2022,23.28295594464329,52.35701066447895,6.474983189209322
1,All Population,3,YLDs (Years Lived with Disability),4841,Andhra Pradesh,2,Female,9,20-24 years,493,Ischemic heart disease,108,High body-mass index,1,Number,2022,30.455049586587744,60.924432550105124,8.250626181359186
1,All Population,3,YLDs (Years Lived with Disability),4842,Arunachal Pradesh,1,Male,9,20-24 years,493,Ischemic heart disease,108,High body-mass index,1,Number,2022,0.67640792468818,1.8025363180076246,0.1751418431087325
1,All Population,3,YLDs (Years Lived with Disability),4842,Arunachal Pradesh,2,Female,9,20-24 years,493,Ischemic heart disease,108,High body-mass index,1,Number,2022,0.5772658267474673,1.218514913196347,0.15509330644292824
1,All Population,3,YLDs (Years Lived with Disability),4849,Delhi,1,Male,9,20-24 years,498,Hypertensive heart disease,107,High systolic blood pressure,1,Number,2023,2.2189756047591453,4.039220719652215,1.1877465249927646
1,All Population,3,YLDs (Years Lived with Disability),4849,Delhi,2,Female,9,20-24 years,498,Hypertensive heart disease,107,High systolic blood pressure,1,Number,2023,5.039628047215462,9.024554406457316,2.7114992894737653
1,All Population,3,YLDs (Years Lived with Disability),4849,Delhi,1,Male,9,20-24 years,498,Hypertensive heart disease,108,High body-mass index,1,Number,2023,1.2258400722223912,2.662264791370528,0.4443097001946337
1,All Population,3,YLDs (Years Lived with Disability),4849,Delhi,2,Female,9,20-24 years,498,Hypertensive heart disease,108,High body-mass index,1,Number,2023,2.7327027271018816,5.666098483485717,1.0509994394622344
1,All Population,3,YLDs (Years Lived with Disability),4855,Jharkhand,1,Male,9,20-24 years,493,Ischemic heart disease,108,High body-mass index,1,Number,2023,5.250623184266323,11.59917328778254,1.654159015935977
1,All Population,3,YLDs (Years Lived with Disability),4855,Jharkhand,2,Female,9,20-24 years,493,Ischemic heart disease,108,High body-mass index,1,Number,2023,6.038090273949532,13.62391090586039,1.464617922986919
1,All Population,3,YLDs (Years Lived with Disability),4871,Telangana,1,Male,9,20-24 years,493,Ischemic heart disease,108,High body-mass index,1,Number,2023,20.841142646765967,44.678771885379476,6.5154469945907305
1,All Population,3,YLDs (Years Lived with Disability),4871,Telangana,2,Female,9,20-24 years,493,Ischemic heart disease,108,High body-mass index,1,Number,2023,19.678832265576588,41.11835737815306,5.277614806999328
1,All Population,3,YLDs (Years Lived with Disability),4854,Jammu & Kashmir and Ladakh,1,Male,9,20-24 years,493,Ischemic heart disease,108,High body-mass index,1,Number,2023,6.870157597005702,12.927852911761688,2.037677325178657
1,All Population,3,YLDs (Years Lived with Disability),4854,Jammu & Kashmir and Ladakh,2,Female,9,20-24 years,493,Ischemic heart disease,108,High body-mass index,1,Number,2023,10.559731747849595,21.725582045442543,3.274704471772834
1,All Population,3,YLDs (Years Lived with Disability),4863,Mizoram,1,Male,9,20-24 years,494,Stroke,108,High body-mass index,1,Number,2023,0.268514011404391,1.1845877855768756,-0.4038541395564249
1,All Population,3,YLDs (Years Lived with Disability),4863,Mizoram,2,Female,9,20-24 years,494,Stroke,108,High body-mass index,1,Number,2023,0.274647121559477,1.1427722060868186,-0.4737542536654452
1,All Population,3,YLDs (Years Lived with Disability),4844,Bihar,1,Male,9,20-24 years,498,Hypertensive heart disease,107,High systolic blood pressure,1,Number,2023,14.67263807867791,27.44112717127443,7.853501662288295
1,All Population,3,YLDs (Years Lived with Disability),4844,Bihar,2,Female,9,20-24 years,498,Hypertensive heart disease,107,High systolic blood pressure,1,Number,2023,36.7374473297495,63.05166770010518,19.79657970538566
1,All Population,3,YLDs (Years Lived with Disability),4844,Bihar,1,Male,9,20-24 years,498,Hypertensive heart disease,108,High body-mass index,1,Number,2023,4.490899925902179,9.536483485634772,1.4559450750357439
1,All Population,3,YLDs (Years Lived with Disability),4844,Bihar,2,Female,9,20-24 years,498,Hypertensive heart disease,108,High body-mass index,1,Number,2023,11.19355644997674,23.592513076697333,3.911658297949628
1,All Population,3,YLDs (Years Lived with Disability),4860,Maharashtra,1,Male,9,20-24 years,493,Ischemic heart disease,108,High body-mass index,1,Number,2022,29.432220929812623,60.098840046373795,9.117731146455128
1,All Population,3,YLDs (Years Lived with Disability),4860,Maharashtra,2,Female,9,20-24 years,493,Ischemic heart disease,108,High body-mass index,1,Number,2022,36.65281699198896,79.03155432101735,10.522084371318329
1,All Population,3,YLDs (Years Lived with Disability),4869,Sikkim,1,Male,9,20-24 years,494,Stroke,108,High body-mass index,1,Number,2022,0.13658750134619516,0.5331103812204692,-0.24099314156111235
1,All Population,3,YLDs (Years Lived with Disability),4869,Sikkim,2,Female,9,20-24 years,494,Stroke,108,High body-mass index,1,Number,2022,0.4316533202769109,1.2495541481911028,-0.053395573594417683
1,All Population,3,YLDs (Years Lived with Disability),4857,Kerala,1,Male,9,20-24 years,493,Ischemic heart disease,108,High body-mass index,1,Number,2022,17.543904780084784,37.44253989632096,5.104184246136716
1,All Population,3,YLDs (Years Lived with Disability),4857,Kerala,2,Female,9,20-24 years,493,Ischemic heart disease,108,High body-mass index,1,Number,2022,19.059499012785512,35.46634428421335,6.478838350401869
1,All Population,3,YLDs (Years Lived with Disability),4855,Jharkhand,1,Male,9,20-24 years,494,Stroke,108,High body-mass index,1,Number,2022,2.336183262965691,15.22081282416437,-15.704791046705623
1,All Population,3,YLDs (Years Lived with Disability),4855,Jharkhand,2,Female,9,20-24 years,494,Stroke,108,High body-mass index,1,Number,2022,0.45753395912537037,14.263699952002476,-16.954851420246786
1,All Population,3,YLDs (Years Lived with Disability),4871,Telangana,1,Male,9,20-24 years,494,Stroke,108,High body-mass index,1,Number,2022,13.3207844797533,41.953087240655265,-3.880119549952596
1,All Population,3,YLDs (Years Lived with Disability),4871,Telangana,2,Female,9,20-24 years,494,Stroke,108,High body-mass index,1,Number,2022,20.573801800003338,67.68852111554158,-2.336183620041645
1,All Population,3,YLDs (Years Lived with Disability),4873,Uttar Pradesh,1,Male,9,20-24 years,493,Ischemic heart disease,108,High body-mass index,1,Number,2022,59.39845607189646,121.85791130695065,15.368882720704624
1,All Population,3,YLDs (Years Lived with Disability),4873,Uttar Pradesh,2,Female,9,20-24 years,493,Ischemic heart disease,108,High body-mass index,1,Number,2022,114.67131223874043,237.02701980464587,37.816038945984396
1,All Population,3,YLDs (Years Lived with Disability),4864,Nagaland,1,Male,9,20-24 years,498,Hypertensive heart disease,107,High systolic blood pressure,1,Number,2023,0.24593482132198444,0.45835716096315593,0.13187622759361062
1,All Population,3,YLDs (Years Lived with Disability),4864,Nagaland,2,Female,9,20-24 years,498,Hypertensive heart disease,107,High systolic blood pressure,1,Number,2023,0.6700231970587243,1.1966416702030962,0.3595128432599017
1,All Population,3,YLDs (Years Lived with Disability),4864,Nagaland,1,Male,9,20-24 years,498,Hypertensive heart disease,108,High body-mass index,1,Number,2023,0.09426175901593895,0.2261785660819654,0.028086347889132265
1,All Population,3,YLDs (Years Lived with Disability),4864,Nagaland,2,Female,9,20-24 years,498,Hypertensive heart disease,108,High body-mass index,1,Number,2023,0.2269678008358391,0.47122866394445473,0.06991958619726832
1,All Population,3,YLDs (Years Lived with Disability),4853,Himachal Pradesh,1,Male,9,20-24 years,494,Stroke,108,High body-mass index,1,Number,2022,1.6783226192745448,6.391975933549776,-1.960484005755183
1,All Population,3,YLDs (Years Lived with Disability),4853,Himachal Pradesh,2,Female,9,20-24 years,494,Stroke,108,High body-mass index,1,Number,2022,2.0959214528161305,7.01322130187163,-1.6834956826500689
1,All Population,3,YLDs (Years Lived with Disability),4875,West Bengal,1,Male,9,20-24 years,493,Ischemic heart disease,108,High body-mass index,1,Number,2022,23.68597819317366,55.31759683586882,4.848072615398605
1,All Population,3,YLDs (Years Lived with Disability),4875,West Bengal,2,Female,9,20-24 years,493,Ischemic heart disease,108,High body-mass index,1,Number,2022,49.458966839411595,103.58919983084897,13.430522910661049
1,All Population,3,YLDs (Years Lived with Disability),4868,Rajasthan,1,Male,9,20-24 years,493,Ischemic heart disease,108,High body-mass index,1,Number,2023,30.049205242560358,69.63744033981817,7.227839043678439
1,All Population,3,YLDs (Years Lived with Disability),4868,Rajasthan,2,Female,9,20-24 years,493,Ischemic heart disease,108,High body-mass index,1,Number,2023,26.731819609060043,55.60287929786469,6.937586323622235
1,All Population,3,YLDs (Years Lived with Disability),4852,Haryana,1,Male,9,20-24 years,498,Hypertensive heart disease,107,High systolic blood pressure,1,Number,2022,3.446413836232437,6.394028559947712,1.9124029073786963
1,All Population,3,YLDs (Years Lived with Disability),4852,Haryana,2,Female,9,20-24 years,498,Hypertensive heart disease,107,High systolic blood pressure,1,Number,2022,7.194639871280046,12.607371176077418,3.990484431378625
1,All Population,3,YLDs (Years Lived with Disability),4852,Haryana,1,Male,9,20-24 years,498,Hypertensive heart disease,108,High body-mass index,1,Number,2022,1.7965110004366551,3.8452807130049043,0.6287188962492911
1,All Population,3,YLDs (Years Lived with Disability),4852,Haryana,2,Female,9,20-24 years,498,Hypertensive heart disease,108,High body-mass index,1,Number,2022,3.4057490894455245,7.219416444852512,1.140857017979327
1,All Population,3,YLDs (Years Lived with Disability),4870,Tamil Nadu,1,Male,9,20-24 years,493,Ischemic heart disease,108,High body-mass index,1,Number,2023,29.744372078156935,59.328818160175075,8.66178073988255
1,All Population,3,YLDs (Years Lived with Disability),4870,Tamil Nadu,2,Female,9,20-24 years,493,Ischemic heart disease,108,High body-mass index,1,Number,2023,59.126367918583554,121.74204106597114,18.430879444472588
1,All Population,3,YLDs (Years Lived with Disability),4863,Mizoram,1,Male,9,20-24 years,498,Hypertensive heart disease,107,High systolic blood pressure,1,Number,2023,0.17004941992152608,0.30098022818591696,0.09065952426781604
1,All Population,3,YLDs (Years Lived with Disability),4863,Mizoram,2,Female,9,20-24 years,498,Hypertensive heart disease,107,High systolic blood pressure,1,Number,2023,0.5470267916822349,0.9685287561866791,0.2939247275665038
1,All Population,3,YLDs (Years Lived with Disability),4863,Mizoram,1,Male,9,20-24 years,498,Hypertensive heart disease,108,High body-mass index,1,Number,2023,0.07035025653364516,0.157158531030264,0.02260263120127421
1,All Population,3,YLDs (Years Lived with Disability),4863,Mizoram,2,Female,9,20-24 years,498,Hypertensive heart disease,108,High body-mass index,1,Number,2023,0.2494551654494562,0.5042996576830547,0.08298316061523046
1,All Population,3,YLDs (Years Lived with Disability),4850,Goa,1,Male,9,20-24 years,494,Stroke,108,High body-mass index,1,Number,2023,1.3114439698110487,3.755097223780796,-0.018209205905056567
1,All Population,3,YLDs (Years Lived with Disability),4850,Goa,2,Female,9,20-24 years,494,Stroke,108,High body-mass index,1,Number,2023,1.184229212988606,3.6410728627465687,0.019264595358435808
1,All Population,3,YLDs (Years Lived with Disability),4869,Sikkim,1,Male,9,20-24 years,498,Hypertensive heart disease,107,High systolic blood pressure,1,Number,2022,0.07704949412618695,0.14709548211296816,0.04029160810419897
1,All Population,3,YLDs (Years Lived with Disability),4869,Sikkim,2,Female,9,20-24 years,498,Hypertensive heart disease,107,High systolic blood pressure,1,Number,2022,0.19526703195443254,0.35762806418550674,0.10740291240782592
1,All Population,3,YLDs (Years Lived with Disability),4869,Sikkim,1,Male,9,20-24 years,498,Hypertensive heart disease,108,High body-mass index,1,Number,2022,0.0292294676957631,0.063472437438786,0.010199005251547747
1,All Population,3,YLDs (Years Lived with Disability),4869,Sikkim,2,Female,9,20-24 years,498,Hypertensive heart disease,108,High body-mass index,1,Number,2022,0.09286557086643363,0.1892463581295596,0.03915642788550734
1,All Population,3,YLDs (Years Lived with Disability),4855,Jharkhand,1,Male,9,20-24 years,498,Hypertensive heart disease,107,High systolic blood pressure,1,Number,2022,3.895418280218519,6.914413542190726,2.1396712552059802
1,All Population,3,YLDs (Years Lived with Disability),4855,Jharkhand,2,Female,9,20-24 years,498,Hypertensive heart disease,107,High systolic blood pressure,1,Number,2022,10.759795645716776,18.711438396686173,5.952660823640155
1,All Population,3,YLDs (Years Lived with Disability),4855,Jharkhand,1,Male,9,20-24 years,498,Hypertensive heart disease,108,High body-mass index,1,Number,2022,1.1145525374810763,2.3772235528091414,0.37492481973420655
1,All Population,3,YLDs (Years Lived with Disability),4855,Jharkhand,2,Female,9,20-24 years,498,Hypertensive heart disease,108,High body-mass index,1,Number,2022,2.9381833108427045,6.434984744378488,0.9102281756488779
1,All Population,3,YLDs (Years Lived with Disability),4846,Chhattisgarh,1,Male,9,20-24 years,494,Stroke,108,High body-mass index,1,Number,2023,0.9407220079263723,15.448504143642804,-13.373374706013823
1,All Population,3,YLDs (Years Lived with Disability),4846,Chhattisgarh,2,Female,9,20-24 years,494,Stroke,108,High body-mass index,1,Number,2023,3.3606158182317345,21.036244985449784,-11.505763878911573
1,All Population,3,YLDs (Years Lived with Disability),4843,Assam,1,Male,9,20-24 years,493,Ischemic heart disease,108,High body-mass index,1,Number,2022,9.5558325798187,19.714368252060986,2.9903056886354986
1,All Population,3,YLDs (Years Lived with Disability),4843,Assam,2,Female,9,20-24 years,493,Ischemic heart disease,108,High body-mass index,1,Number,2022,8.264845669644163,18.23167563528199,2.3612315942599467
1,All Population,3,YLDs (Years Lived with Disability),4851,Gujarat,1,Male,9,20-24 years,494,Stroke,108,High body-mass index,1,Number,2023,5.0263123365692275,36.93195599074441,-25.15008795846559
1,All Population,3,YLDs (Years Lived with Disability),4851,Gujarat,2,Female,9,20-24 years,494,Stroke,108,High body-mass index,1,Number,2023,27.482072952106993,106.68926737724823,-11.534297403168893
1,All Population,3,YLDs (Years Lived with Disability),4871,Telangana,1,Male,9,20-24 years,498,Hypertensive heart disease,107,High systolic blood pressure,1,Number,2022,3.3688153144860333,6.465572459321034,1.8119906590102617
1,All Population,3,YLDs (Years Lived with Disability),4871,Telangana,2,Female,9,20-24 years,498,Hypertensive heart disease,107,High systolic blood pressure,1,Number,2022,10.115763410835427,18.01015145325872,5.500733374509187
1,All Population,3,YLDs (Years Lived with Disability),4871,Telangana,1,Male,9,20-24 years,498,Hypertensive heart disease,108,High body-mass index,1,Number,2022,1.3768118265484357,2.7205469010161654,0.48489619508154036
1,All Population,3,YLDs (Years Lived with Disability),4871,Telangana,2,Female,9,20-24 years,498,Hypertensive heart disease,108,High body-mass index,1,Number,2022,4.612033725422912,10.500699443874096,1.6191782988862204
1,All Population,3,YLDs (Years Lived with Disability),4868,Rajasthan,1,Male,9,20-24 years,498,Hypertensive heart disease,107,High systolic blood pressure,1,Number,2022,9.598917055715297,17.64880164929662,5.256725758943341
1,All Population,3,YLDs (Years Lived with Disability),4868,Rajasthan,2,Female,9,20-24 years,498,Hypertensive heart disease,107,High systolic blood pressure,1,Number,2022,24.114609353677302,42.506379875753126,13.548156284081724
1,All Population,3,YLDs (Years Lived with Disability),4868,Rajasthan,1,Male,9,20-24 years,498,Hypertensive heart disease,108,High body-mass index,1,Number,2022,2.9412105854725756,7.356112896547059,0.7630176776453649
1,All Population,3,YLDs (Years Lived with Disability),4868,Rajasthan,2,Female,9,20-24 years,498,Hypertensive heart disease,108,High body-mass index,1,Number,2022,7.772403600261541,18.102712330804422,2.153098569912024
1,All Population,3,YLDs (Years Lived with Disability),4857,Kerala,1,Male,9,20-24 years,493,Ischemic heart disease,108,High body-mass index,1,Number,2023,17.53139562808291,36.52389360353892,5.214011161717891
1,All Population,3,YLDs (Years Lived with Disability),4857,Kerala,2,Female,9,20-24 years,493,Ischemic heart disease,108,High body-mass index,1,Number,2023,20.052316883295667,40.9498358509161,6.632529091340316
1,All Population,3,YLDs (Years Lived with Disability),4850,Goa,1,Male,9,20-24 years,498,Hypertensive heart disease,107,High systolic blood pressure,1,Number,2023,0.1360001030662292,0.25637855294232403,0.07431706092800346
1,All Population,3,YLDs (Years Lived with Disability),4850,Goa,2,Female,9,20-24 years,498,Hypertensive heart disease,107,High systolic blood pressure,1,Number,2023,0.3061778905057198,0.5664066911369889,0.16937883696946124
1,All Population,3,YLDs (Years Lived with Disability),4865,Odisha,1,Male,9,20-24 years,494,Stroke,108,High body-mass index,1,Number,2023,2.6596416137158587,23.270314754109084,-16.089915737991742
1,All Population,3,YLDs (Years Lived with Disability),4865,Odisha,2,Female,9,20-24 years,494,Stroke,108,High body-mass index,1,Number,2023,8.831930774095492,35.951018564393756,-12.559991715919955
1,All Population,3,YLDs (Years Lived with Disability),4853,Himachal Pradesh,1,Male,9,20-24 years,498,Hypertensive heart disease,107,High systolic blood pressure,1,Number,2022,0.773333146387106,1.3978037121831226,0.41301014075005943
1,All Population,3,YLDs (Years Lived with Disability),4853,Himachal Pradesh,2,Female,9,20-24 years,498,Hypertensive heart disease,107,High systolic blood pressure,1,Number,2022,1.9761744381794442,3.6522065312001115,1.0522290621313921
1,All Population,3,YLDs (Years Lived with Disability),4853,Himachal Pradesh,1,Male,9,20-24 years,498,Hypertensive heart disease,108,High body-mass index,1,Number,2022,0.322938378437895,0.700659133489512,0.11159082446563978
1,All Population,3,YLDs (Years Lived with Disability),4853,Himachal Pradesh,2,Female,9,20-24 years,498,Hypertensive heart disease,108,High body-mass index,1,Number,2022,0.8411875747463271,1.7676330869273917,0.3034149413343734
1,All Population,3,YLDs (Years Lived with Disability),4846,Chhattisgarh,1,Male,9,20-24 years,498,Hypertensive heart disease,107,High systolic blood pressure,1,Number,2023,4.165879823265204,7.242431329000184,2.252034019833735
1,All Population,3,YLDs (Years Lived with Disability),4846,Chhattisgarh,2,Female,9,20-24 years,498,Hypertensive heart disease,107,High systolic blood pressure,1,Number,2023,9.442185322603441,16.756898392857924,5.099352921235893
1,All Population,3,YLDs (Years Lived with Disability),4846,Chhattisgarh,1,Male,9,20-24 years,498,Hypertensive heart disease,108,High body-mass index,1,Number,2023,1.0191922653331151,2.5863577665864175,0.2990682430495361
1,All Population,3,YLDs (Years Lived with Disability),4846,Chhattisgarh,2,Female,9,20-24 years,498,Hypertensive heart disease,108,High body-mass index,1,Number,2023,2.9330639157389755,6.585502484754439,0.8872540648744445
1,All Population,3,YLDs (Years Lived with Disability),4841,Andhra Pradesh,1,Male,9,20-24 years,493,Ischemic heart disease,108,High body-mass index,1,Number,2023,23.902380539171254,50.338478957536594,7.519087450222546
1,All Population,3,YLDs (Years Lived with Disability),4841,Andhra Pradesh,2,Female,9,20-24 years,493,Ischemic heart disease,108,High body-mass index,1,Number,2023,30.265906287821927,66.29773381976152,9.034764386427305
1,All Population,3,YLDs (Years Lived with Disability),4853,Himachal Pradesh,1,Male,9,20-24 years,494,Stroke,108,High body-mass index,1,Number,2023,1.8719740374969693,6.250434216029451,-1.5468245771428533
1,All Population,3,YLDs (Years Lived with Disability),4853,Himachal Pradesh,2,Female,9,20-24 years,494,Stroke,108,High body-mass index,1,Number,2023,2.361201371025372,9.890533773481739,-1.1949128371010018
1,All Population,3,YLDs (Years Lived with Disability),4843,Assam,1,Male,9,20-24 years,493,Ischemic heart disease,108,High body-mass index,1,Number,2023,9.797458196560937,21.14677292407061,2.7073447133426995
1,All Population,3,YLDs (Years Lived with Disability),4843,Assam,2,Female,9,20-24 years,493,Ischemic heart disease,108,High body-mass index,1,Number,2023,8.926512128822374,19.071178819813227,2.744602204325825
1,All Population,3,YLDs (Years Lived with Disability),4846,Chhattisgarh,1,Male,9,20-24 years,493,Ischemic heart disease,108,High body-mass index,1,Number,2023,6.4088059599345355,19.09421915338149,1.296826378617226
1,All Population,3,YLDs (Years Lived with Disability),4846,Chhattisgarh,2,Female,9,20-24 years,493,Ischemic heart disease,108,High body-mass index,1,Number,2023,7.8903489499037995,18.0141392414278,2.2209905536705024
1,All Population,3,YLDs (Years Lived with Disability),4865,Odisha,1,Male,9,20-24 years,498,Hypertensive heart disease,107,High systolic blood pressure,1,Number,2023,5.9533434359290265,10.791087539843907,3.2625820387177136
1,All Population,3,YLDs (Years Lived with Disability),4865,Odisha,2,Female,9,20-24 years,498,Hypertensive heart disease,107,High systolic blood pressure,1,Number,2023,13.161977763865314,23.87922788872618,7.091498692845581
1,All Population,3,YLDs (Years Lived with Disability),4842,Arunachal Pradesh,1,Male,9,20-24 years,493,Ischemic heart disease,108,High body-mass index,1,Number,2023,0.7033571363462156,1.706305222886117,0.15144974112443985
1,All Population,3,YLDs (Years Lived with Disability),4842,Arunachal Pradesh,2,Female,9,20-24 years,493,Ischemic heart disease,108,High body-mass index,1,Number,2023,0.6191477679613276,1.4450540608917937,0.17986516081406456
1,All Population,3,YLDs (Years Lived with Disability),4851,Gujarat,1,Male,9,20-24 years,498,Hypertensive heart disease,107,High systolic blood pressure,1,Number,2023,7.703928861014871,14.366519174367701,4.186428575866438
1,All Population,3,YLDs (Years Lived with Disability),4851,Gujarat,2,Female,9,20-24 years,498,Hypertensive heart disease,107,High systolic blood pressure,1,Number,2023,17.260896461411956,30.921283228228823,9.379804693756679
1,All Population,3,YLDs (Years Lived with Disability),4851,Gujarat,1,Male,9,20-24 years,498,Hypertensive heart disease,108,High body-mass index,1,Number,2023,2.3142669329397423,4.839290849474437,0.7999829556747183
1,All Population,3,YLDs (Years Lived with Disability),4851,Gujarat,2,Female,9,20-24 years,498,Hypertensive heart disease,108,High body-mass index,1,Number,2023,7.289374869366369,15.278667130491932,2.3668719615058755
1,All Population,3,YLDs (Years Lived with Disability),4856,Karnataka,1,Male,9,20-24 years,494,Stroke,108,High body-mass index,1,Number,2023,8.178402564029643,42.26684339012213,-18.731293072491347
1,All Population,3,YLDs (Years Lived with Disability),4856,Karnataka,2,Female,9,20-24 years,494,Stroke,108,High body-mass index,1,Number,2023,28.97822234961962,100.16992432796022,-6.801387135162802
1,All Population,3,YLDs (Years Lived with Disability),4856,Karnataka,1,Male,9,20-24 years,493,Ischemic heart disease,108,High body-mass index,1,Number,2023,24.14030772891589,60.57451417826324,6.122098529620783
1,All Population,3,YLDs (Years Lived with Disability),4856,Karnataka,2,Female,9,20-24 years,493,Ischemic heart disease,108,High body-mass index,1,Number,2023,41.024403181214,91.16602243084836,12.147251920587987
1,All Population,3,YLDs (Years Lived with Disability),4867,Punjab,1,Male,9,20-24 years,494,Stroke,108,High body-mass index,1,Number,2023,33.65552643936452,76.3145614310708,2.3135005200264254
1,All Population,3,YLDs (Years Lived with Disability),4867,Punjab,2,Female,9,20-24 years,494,Stroke,108,High body-mass index,1,Number,2023,15.428143484863092,53.124614886996014,-3.099362989449596
1,All Population,3,YLDs (Years Lived with Disability),4859,Madhya Pradesh,1,Male,9,20-24 years,493,Ischemic heart disease,108,High body-mass index,1,Number,2022,21.032278024411855,47.79069521924204,6.340144646909273
1,All Population,3,YLDs (Years Lived with Disability),4859,Madhya Pradesh,2,Female,9,20-24 years,493,Ischemic heart disease,108,High body-mass index,1,Number,2022,25.772124870323854,60.51370739834494,7.793957928292844
1,All Population,3,YLDs (Years Lived with Disability),4869,Sikkim,1,Male,9,20-24 years,494,Stroke,108,High body-mass index,1,Number,2023,0.14150848831781823,0.5494842596682709,-0.2440305500710673
1,All Population,3,YLDs (Years Lived with Disability),4869,Sikkim,2,Female,9,20-24 years,494,Stroke,108,High body-mass index,1,Number,2023,0.44178213363407803,1.2054111903962386,-0.09899017190218319
1,All Population,3,YLDs (Years Lived with Disability),4850,Goa,1,Male,9,20-24 years,498,Hypertensive heart disease,108,High body-mass index,1,Number,2023,0.08451396906877724,0.16620095068900573,0.03189795129731368
1,All Population,3,YLDs (Years Lived with Disability),4850,Goa,2,Female,9,20-24 years,498,Hypertensive heart disease,108,High body-mass index,1,Number,2023,0.18591260812739924,0.3776168364613125,0.07267083682752205
1,All Population,3,YLDs (Years Lived with Disability),4874,Uttarakhand,1,Male,9,20-24 years,493,Ischemic heart disease,108,High body-mass index,1,Number,2022,6.552887167901516,14.718709268901248,1.4982199245138241
1,All Population,3,YLDs (Years Lived with Disability),4874,Uttarakhand,2,Female,9,20-24 years,493,Ischemic heart disease,108,High body-mass index,1,Number,2022,5.425615515546684,11.497802475512032,1.6611112473318292
1,All Population,3,YLDs (Years Lived with Disability),4853,Himachal Pradesh,1,Male,9,20-24 years,498,Hypertensive heart disease,107,High systolic blood pressure,1,Number,2023,0.7610543121103771,1.3798249532946905,0.4064156356141961
1,All Population,3,YLDs (Years Lived with Disability),4853,Himachal Pradesh,2,Female,9,20-24 years,498,Hypertensive heart disease,107,High systolic blood pressure,1,Number,2023,1.9374166416222625,3.580174296920609,1.0312534425226958
1,All Population,3,YLDs (Years Lived with Disability),4853,Himachal Pradesh,1,Male,9,20-24 years,498,Hypertensive heart disease,108,High body-mass index,1,Number,2023,0.32290293786900204,0.6917349509540135,0.11930139285286764
1,All Population,3,YLDs (Years Lived with Disability),4853,Himachal Pradesh,2,Female,9,20-24 years,498,Hypertensive heart disease,108,High body-mass index,1,Number,2023,0.8514804530455355,1.791482171065371,0.3041825572354445
1,All Population,3,YLDs (Years Lived with Disability),4854,Jammu & Kashmir and Ladakh,1,Male,9,20-24 years,498,Hypertensive heart disease,107,High systolic blood pressure,1,Number,2023,1.765639975811609,3.2822687687791845,0.9748866417078982
1,All Population,3,YLDs (Years Lived with Disability),4854,Jammu & Kashmir and Ladakh,2,Female,9,20-24 years,498,Hypertensive heart disease,107,High systolic blood pressure,1,Number,2023,3.837053970733215,6.95436889381519,2.0766214757063475
1,All Population,3,YLDs (Years Lived with Disability),4854,Jammu & Kashmir and Ladakh,1,Male,9,20-24 years,498,Hypertensive heart disease,108,High body-mass index,1,Number,2023,0.7326113255129765,1.4719866765445715,0.2532568787289075
1,All Population,3,YLDs (Years Lived with Disability),4854,Jammu & Kashmir and Ladakh,2,Female,9,20-24 years,498,Hypertensive heart disease,108,High body-mass index,1,Number,2023,1.9704563837884266,3.9780665103576833,0.6851328013186067
1,All Population,3,YLDs (Years Lived with Disability),4861,Manipur,1,Male,9,20-24 years,493,Ischemic heart disease,108,High body-mass index,1,Number,2022,1.1009102284840993,2.8875622390072415,0.2034940678536342
1,All Population,3,YLDs (Years Lived with Disability),4861,Manipur,2,Female,9,20-24 years,493,Ischemic heart disease,108,High body-mass index,1,Number,2022,1.405451652929671,3.1458126934244954,0.444149401529259
1,All Population,3,YLDs (Years Lived with Disability),4859,Madhya Pradesh,1,Male,9,20-24 years,493,Ischemic heart disease,108,High body-mass index,1,Number,2023,21.809127195864427,49.27671645187388,6.535153080638269
1,All Population,3,YLDs (Years Lived with Disability),4859,Madhya Pradesh,2,Female,9,20-24 years,493,Ischemic heart disease,108,High body-mass index,1,Number,2023,27.94847109353435,59.69984132067031,6.278159847440576
1,All Population,3,YLDs (Years Lived with Disability),4863,Mizoram,1,Male,9,20-24 years,493,Ischemic heart disease,108,High body-mass index,1,Number,2023,0.29133676378407786,0.7255547238930212,0.06542579973565148
1,All Population,3,YLDs (Years Lived with Disability),4863,Mizoram,2,Female,9,20-24 years,493,Ischemic heart disease,108,High body-mass index,1,Number,2023,0.29689731204908043,0.7617990108927772,0.08464874481702603
1,All Population,3,YLDs (Years Lived with Disability),4865,Odisha,1,Male,9,20-24 years,498,Hypertensive heart disease,108,High body-mass index,1,Number,2023,1.959031129861077,4.54140382420459,0.5829562725165615
1,All Population,3,YLDs (Years Lived with Disability),4865,Odisha,2,Female,9,20-24 years,498,Hypertensive heart disease,108,High body-mass index,1,Number,2023,5.210664542711206,10.743347211836376,1.8245437918816079
1,All Population,3,YLDs (Years Lived with Disability),4872,Tripura,1,Male,9,20-24 years,493,Ischemic heart disease,108,High body-mass index,1,Number,2023,1.0902654091947124,2.4740815955001576,0.32185860729132887
1,All Population,3,YLDs (Years Lived with Disability),4872,Tripura,2,Female,9,20-24 years,493,Ischemic heart disease,108,High body-mass index,1,Number,2023,1.3035166970102334,2.9686631316827015,0.3933326808922161
1,All Population,3,YLDs (Years Lived with Disability),4856,Karnataka,1,Male,9,20-24 years,498,Hypertensive heart disease,107,High systolic blood pressure,1,Number,2023,6.2177322959516745,10.89808027289492,3.3776196885323673
1,All Population,3,YLDs (Years Lived with Disability),4856,Karnataka,2,Female,9,20-24 years,498,Hypertensive heart disease,107,High systolic blood pressure,1,Number,2023,14.8967110267491,26.674006476448444,8.029384901267429
1,All Population,3,YLDs (Years Lived with Disability),4856,Karnataka,1,Male,9,20-24 years,498,Hypertensive heart disease,108,High body-mass index,1,Number,2023,2.181567125496148,5.314302848439715,0.7509284483824165
1,All Population,3,YLDs (Years Lived with Disability),4856,Karnataka,2,Female,9,20-24 years,498,Hypertensive heart disease,108,High body-mass index,1,Number,2023,6.906224509419091,14.148799355242135,2.3664377061014634
1,All Population,3,YLDs (Years Lived with Disability),4860,Maharashtra,1,Male,9,20-24 years,493,Ischemic heart disease,108,High body-mass index,1,Number,2023,30.096553672709764,62.31965333922538,8.344882556198273
1,All Population,3,YLDs (Years Lived with Disability),4860,Maharashtra,2,Female,9,20-24 years,493,Ischemic heart disease,108,High body-mass index,1,Number,2023,39.28797425614851,92.62560849468855,11.680331068027389
1,All Population,3,YLDs (Years Lived with Disability),4867,Punjab,1,Male,9,20-24 years,498,Hypertensive heart disease,107,High systolic blood pressure,1,Number,2023,3.102151101735095,5.82320372434467,1.6250488291690202
1,All Population,3,YLDs (Years Lived with Disability),4867,Punjab,2,Female,9,20-24 years,498,Hypertensive heart disease,107,High systolic blood pressure,1,Number,2023,5.568475491237002,9.863123917016631,2.955988957503256
1,All Population,3,YLDs (Years Lived with Disability),4867,Punjab,1,Male,9,20-24 years,498,Hypertensive heart disease,108,High body-mass index,1,Number,2023,1.8265019388287311,3.5272834333693517,0.7164162433322478
1,All Population,3,YLDs (Years Lived with Disability),4867,Punjab,2,Female,9,20-24 years,498,Hypertensive heart disease,108,High body-mass index,1,Number,2023,2.8862912125797338,6.196983458273453,1.1313368933697312
1,All Population,3,YLDs (Years Lived with Disability),4870,Tamil Nadu,1,Male,9,20-24 years,494,Stroke,108,High body-mass index,1,Number,2022,12.088588663683593,60.909152195869595,-24.0329526355293
1,All Population,3,YLDs (Years Lived with Disability),4870,Tamil Nadu,2,Female,9,20-24 years,494,Stroke,108,High body-mass index,1,Number,2022,68.40344171967644,165.47850426633659,-10.139582498610839
1,All Population,3,YLDs (Years Lived with Disability),4861,Manipur,1,Male,9,20-24 years,493,Ischemic heart disease,108,High body-mass index,1,Number,2023,1.0996700426339916,2.724272099310627,0.19997982235477954
1,All Population,3,YLDs (Years Lived with Disability),4861,Manipur,2,Female,9,20-24 years,493,Ischemic heart disease,108,High body-mass index,1,Number,2023,1.4841676835604938,3.311889586710876,0.3776663879279606
1,All Population,3,YLDs (Years Lived with Disability),4870,Tamil Nadu,1,Male,9,20-24 years,498,Hypertensive heart disease,107,High systolic blood pressure,1,Number,2023,5.357745979293951,9.970894923815544,2.770961725408693
1,All Population,3,YLDs (Years Lived with Disability),4870,Tamil Nadu,2,Female,9,20-24 years,498,Hypertensive heart disease,107,High systolic blood pressure,1,Number,2023,14.470056142477974,26.01333181522888,7.813330977911811
1,All Population,3,YLDs (Years Lived with Disability),4870,Tamil Nadu,1,Male,9,20-24 years,498,Hypertensive heart disease,108,High body-mass index,1,Number,2023,1.8849448867422836,3.950599738477914,0.6602093599355849
1,All Population,3,YLDs (Years Lived with Disability),4870,Tamil Nadu,2,Female,9,20-24 years,498,Hypertensive heart disease,108,High body-mass index,1,Number,2023,8.169039303485878,16.143165191058646,3.368096496924581
1,All Population,3,YLDs (Years Lived with Disability),4844,Bihar,1,Male,9,20-24 years,493,Ischemic heart disease,108,High body-mass index,1,Number,2023,25.891595226648352,60.18659301623306,7.292024926425789
1,All Population,3,YLDs (Years Lived with Disability),4844,Bihar,2,Female,9,20-24 years,493,Ischemic heart disease,108,High body-mass index,1,Number,2023,31.344850556831975,67.2011042615075,8.521420802948079
1,All Population,3,YLDs (Years Lived with Disability),4854,Jammu & Kashmir and Ladakh,1,Male,9,20-24 years,494,Stroke,108,High body-mass index,1,Number,2022,3.2955481054436393,11.685324806069916,-4.994837874410908
1,All Population,3,YLDs (Years Lived with Disability),4854,Jammu & Kashmir and Ladakh,2,Female,9,20-24 years,494,Stroke,108,High body-mass index,1,Number,2022,6.2205658599392235,19.252527845265934,-2.887699839359298
1,All Population,3,YLDs (Years Lived with Disability),4852,Haryana,1,Male,9,20-24 years,494,Stroke,108,High body-mass index,1,Number,2023,20.487804777668416,66.29070596666499,-2.7918780113174897
1,All Population,3,YLDs (Years Lived with Disability),4852,Haryana,2,Female,9,20-24 years,494,Stroke,108,High body-mass index,1,Number,2023,16.34196167538604,51.034259737335276,-2.3992372451736825
1,All Population,3,YLDs (Years Lived with Disability),4872,Tripura,1,Male,9,20-24 years,494,Stroke,108,High body-mass index,1,Number,2023,0.27303673110668514,2.109079305922938,-2.1386719528992355
1,All Population,3,YLDs (Years Lived with Disability),4872,Tripura,2,Female,9,20-24 years,494,Stroke,108,High body-mass index,1,Number,2023,0.9366147554049487,4.360992502199319,-1.3169379814462912
1,All Population,3,YLDs (Years Lived with Disability),4869,Sikkim,1,Male,9,20-24 years,498,Hypertensive heart disease,107,High systolic blood pressure,1,Number,2023,0.07436036369215895,0.1420942663966533,0.03884068439695493
1,All Population,3,YLDs (Years Lived with Disability),4869,Sikkim,2,Female,9,20-24 years,498,Hypertensive heart disease,107,High systolic blood pressure,1,Number,2023,0.18944139257499712,0.3465416101830053,0.10410503480178182
1,All Population,3,YLDs (Years Lived with Disability),4869,Sikkim,1,Male,9,20-24 years,498,Hypertensive heart disease,108,High body-mass index,1,Number,2023,0.028611226983280606,0.062027263993389384,0.009909106809357648
1,All Population,3,YLDs (Years Lived with Disability),4869,Sikkim,2,Female,9,20-24 years,498,Hypertensive heart disease,108,High body-mass index,1,Number,2023,0.09120648017679264,0.1833702554623916,0.03703441752014637
1,All Population,3,YLDs (Years Lived with Disability),4855,Jharkhand,1,Male,9,20-24 years,494,Stroke,108,High body-mass index,1,Number,2023,2.678801480851564,16.38464537482094,-11.254207016924465
1,All Population,3,YLDs (Years Lived with Disability),4855,Jharkhand,2,Female,9,20-24 years,494,Stroke,108,High body-mass index,1,Number,2023,0.8218855120112231,15.99847925801858,-17.00777984049361
1,All Population,3,YLDs (Years Lived with Disability),4870,Tamil Nadu,1,Male,9,20-24 years,498,Hypertensive heart disease,107,High systolic blood pressure,1,Number,2022,5.47256585994887,10.188351403765838,2.832074455028179
1,All Population,3,YLDs (Years Lived with Disability),4870,Tamil Nadu,2,Female,9,20-24 years,498,Hypertensive heart disease,107,High systolic blood pressure,1,Number,2022,14.8088111509868,26.62663814814686,7.992155485286116
1,All Population,3,YLDs (Years Lived with Disability),4870,Tamil Nadu,1,Male,9,20-24 years,498,Hypertensive heart disease,108,High body-mass index,1,Number,2022,1.8984723527344363,4.0173279940904845,0.6668786920946073
1,All Population,3,YLDs (Years Lived with Disability),4870,Tamil Nadu,2,Female,9,20-24 years,498,Hypertensive heart disease,108,High body-mass index,1,Number,2022,8.164067048429759,15.502742888080562,3.3955832579189917
1,All Population,3,YLDs (Years Lived with Disability),4872,Tripura,1,Male,9,20-24 years,498,Hypertensive heart disease,107,High systolic blood pressure,1,Number,2023,0.3717342507418347,0.6939214036510263,0.19054658675659486
1,All Population,3,YLDs (Years Lived with Disability),4872,Tripura,2,Female,9,20-24 years,498,Hypertensive heart disease,107,High systolic blood pressure,1,Number,2023,1.1063783213238212,1.9403346816507967,0.6155171476554246
1,All Population,3,YLDs (Years Lived with Disability),4872,Tripura,1,Male,9,20-24 years,498,Hypertensive heart disease,108,High body-mass index,1,Number,2023,0.12240209881193463,0.2631557150661906,0.04133713136920948
1,All Population,3,YLDs (Years Lived with Disability),4872,Tripura,2,Female,9,20-24 years,498,Hypertensive heart disease,108,High body-mass index,1,Number,2023,0.4583484336881012,0.9772421696899827,0.16760443056841745
1,All Population,3,YLDs (Years Lived with Disability),4871,Telangana,1,Male,9,20-24 years,494,Stroke,108,High body-mass index,1,Number,2023,13.077422032448402,39.855608961094646,-5.153491185327346
1,All Population,3,YLDs (Years Lived with Disability),4871,Telangana,2,Female,9,20-24 years,494,Stroke,108,High body-mass index,1,Number,2023,22.079756911463328,70.06341009257216,-1.6282699761780572
1,All Population,3,YLDs (Years Lived with Disability),4857,Kerala,1,Male,9,20-24 years,494,Stroke,108,High body-mass index,1,Number,2023,13.904557846544579,43.879181131740964,-3.161188168984372
1,All Population,3,YLDs (Years Lived with Disability),4857,Kerala,2,Female,9,20-24 years,494,Stroke,108,High body-mass index,1,Number,2023,25.545241284634372,71.84098657476495,-5.9868818168603966
1,All Population,3,YLDs (Years Lived with Disability),4862,Meghalaya,1,Male,9,20-24 years,493,Ischemic heart disease,108,High body-mass index,1,Number,2023,0.991609946756551,2.491655727694857,0.2024143921247674
1,All Population,3,YLDs (Years Lived with Disability),4862,Meghalaya,2,Female,9,20-24 years,493,Ischemic heart disease,108,High body-mass index,1,Number,2023,0.8680041105515681,1.9124491427473522,0.2234916138479193
1,All Population,3,YLDs (Years Lived with Disability),4873,Uttar Pradesh,1,Male,9,20-24 years,493,Ischemic heart disease,108,High body-mass index,1,Number,2023,60.86515802360451,129.90032395810192,14.099276959042648
1,All Population,3,YLDs (Years Lived with Disability),4873,Uttar Pradesh,2,Female,9,20-24 years,493,Ischemic heart disease,108,High body-mass index,1,Number,2023,120.75432478291181,247.53255369320163,37.620118150303924
1,All Population,3,YLDs (Years Lived with Disability),4875,West Bengal,1,Male,9,20-24 years,493,Ischemic heart disease,108,High body-mass index,1,Number,2023,23.785509356105003,57.82061356621161,6.076265456226303
1,All Population,3,YLDs (Years Lived with Disability),4875,West Bengal,2,Female,9,20-24 years,493,Ischemic heart disease,108,High body-mass index,1,Number,2023,51.21982621215715,104.61112323810163,13.470612351705947
1,All Population,3,YLDs (Years Lived with Disability),4871,Telangana,1,Male,9,20-24 years,498,Hypertensive heart disease,107,High systolic blood pressure,1,Number,2023,3.267224849657104,6.266186843636312,1.7557421334151995
1,All Population,3,YLDs (Years Lived with Disability),4871,Telangana,2,Female,9,20-24 years,498,Hypertensive heart disease,107,High systolic blood pressure,1,Number,2023,9.799350844559791,17.45821274228394,5.329972411038163
1,All Population,3,YLDs (Years Lived with Disability),4871,Telangana,1,Male,9,20-24 years,498,Hypertensive heart disease,108,High body-mass index,1,Number,2023,1.3488500744256604,2.664363483612054,0.4841849402855221
1,All Population,3,YLDs (Years Lived with Disability),4871,Telangana,2,Female,9,20-24 years,498,Hypertensive heart disease,108,High body-mass index,1,Number,2023,4.549834391356976,10.272985181361513,1.6152865626433819
1,All Population,3,YLDs (Years Lived with Disability),4854,Jammu & Kashmir and Ladakh,1,Male,9,20-24 years,494,Stroke,108,High body-mass index,1,Number,2023,3.650933075836457,13.318030916477246,-3.8505623246001526
1,All Population,3,YLDs (Years Lived with Disability),4854,Jammu & Kashmir and Ladakh,2,Female,9,20-24 years,494,Stroke,108,High body-mass index,1,Number,2023,6.971688335942902,21.777364292604908,-3.3374413879487212
1,All Population,3,YLDs (Years Lived with Disability),4873,Uttar Pradesh,1,Male,9,20-24 years,494,Stroke,108,High body-mass index,1,Number,2023,4.69294970107462,102.3876611127551,-115.63734088587792
1,All Population,3,YLDs (Years Lived with Disability),4873,Uttar Pradesh,2,Female,9,20-24 years,494,Stroke,108,High body-mass index,1,Number,2023,78.95974249850019,268.3000903376009,-49.423887675928576
1,All Population,3,YLDs (Years Lived with Disability),4854,Jammu & Kashmir and Ladakh,1,Male,9,20-24 years,498,Hypertensive heart disease,107,High systolic blood pressure,1,Number,2022,1.746089524162486,3.23941330323383,0.9641550045313909
1,All Population,3,YLDs (Years Lived with Disability),4854,Jammu & Kashmir and Ladakh,2,Female,9,20-24 years,498,Hypertensive heart disease,107,High systolic blood pressure,1,Number,2022,3.820831043746759,6.925314258268716,2.06789237065309
1,All Population,3,YLDs (Years Lived with Disability),4854,Jammu & Kashmir and Ladakh,1,Male,9,20-24 years,498,Hypertensive heart disease,108,High body-mass index,1,Number,2022,0.712571257430583,1.3607117783785023,0.24697791554872495
1,All Population,3,YLDs (Years Lived with Disability),4854,Jammu & Kashmir and Ladakh,2,Female,9,20-24 years,498,Hypertensive heart disease,108,High body-mass index,1,Number,2022,1.9191731497813342,3.9357064865914584,0.6784651649767905
1,All Population,3,YLDs (Years Lived with Disability),4852,Haryana,1,Male,9,20-24 years,498,Hypertensive heart disease,107,High systolic blood pressure,1,Number,2023,3.3645994272803454,6.2424399185378014,1.8666538899683254
1,All Population,3,YLDs (Years Lived with Disability),4852,Haryana,2,Female,9,20-24 years,498,Hypertensive heart disease,107,High systolic blood pressure,1,Number,2023,7.014727385506032,12.294708495244295,3.8884625903279835
1,All Population,3,YLDs (Years Lived with Disability),4852,Haryana,1,Male,9,20-24 years,498,Hypertensive heart disease,108,High body-mass index,1,Number,2023,1.763886347809372,3.7588120434920063,0.6212755508707178
1,All Population,3,YLDs (Years Lived with Disability),4852,Haryana,2,Female,9,20-24 years,498,Hypertensive heart disease,108,High body-mass index,1,Number,2023,3.396255553991102,7.329576838116949,1.112313672971786
1,All Population,3,YLDs (Years Lived with Disability),4870,Tamil Nadu,1,Male,9,20-24 years,494,Stroke,108,High body-mass index,1,Number,2023,11.944670018046928,48.404431557337865,-26.501197745061866
1,All Population,3,YLDs (Years Lived with Disability),4870,Tamil Nadu,2,Female,9,20-24 years,494,Stroke,108,High body-mass index,1,Number,2023,74.58400748484186,176.15471912565968,-1.6691305776793228
1,All Population,3,YLDs (Years Lived with Disability),4868,Rajasthan,1,Male,9,20-24 years,494,Stroke,108,High body-mass index,1,Number,2023,10.64556485757915,52.19529973937471,-24.717380030082268
1,All Population,3,YLDs (Years Lived with Disability),4868,Rajasthan,2,Female,9,20-24 years,494,Stroke,108,High body-mass index,1,Number,2023,12.209926920962547,58.25094471992655,-24.843274578978445
1,All Population,3,YLDs (Years Lived with Disability),4857,Kerala,1,Male,9,20-24 years,498,Hypertensive heart disease,107,High systolic blood pressure,1,Number,2023,2.2770278120091714,4.1615115779394936,1.176922965137343
1,All Population,3,YLDs (Years Lived with Disability),4857,Kerala,2,Female,9,20-24 years,498,Hypertensive heart disease,107,High systolic blood pressure,1,Number,2023,8.693893908868816,15.190831314056501,4.655967941362843
1,All Population,3,YLDs (Years Lived with Disability),4855,Jharkhand,1,Male,9,20-24 years,498,Hypertensive heart disease,107,High systolic blood pressure,1,Number,2023,3.8867225686792657,6.9003388540004735,2.1353268317269944
1,All Population,3,YLDs (Years Lived with Disability),4855,Jharkhand,2,Female,9,20-24 years,498,Hypertensive heart disease,107,High systolic blood pressure,1,Number,2023,10.720637853681273,18.644282738797827,5.930425826694045
1,All Population,3,YLDs (Years Lived with Disability),4855,Jharkhand,1,Male,9,20-24 years,498,Hypertensive heart disease,108,High body-mass index,1,Number,2023,1.1309908321987605,2.3845095897857864,0.3790750943220501
1,All Population,3,YLDs (Years Lived with Disability),4855,Jharkhand,2,Female,9,20-24 years,498,Hypertensive heart disease,108,High body-mass index,1,Number,2023,3.0190790207753815,6.619964422275399,0.9047192912363636
1,All Population,3,YLDs (Years Lived with Disability),4873,Uttar Pradesh,1,Male,9,20-24 years,498,Hypertensive heart disease,107,High systolic blood pressure,1,Number,2023,39.076201716290214,72.11155538479747,20.642676372842452
1,All Population,3,YLDs (Years Lived with Disability),4873,Uttar Pradesh,2,Female,9,20-24 years,498,Hypertensive heart disease,107,High systolic blood pressure,1,Number,2023,81.63768778582015,147.63475580120104,42.195878191261976
1,All Population,3,YLDs (Years Lived with Disability),4874,Uttarakhand,1,Male,9,20-24 years,493,Ischemic heart disease,108,High body-mass index,1,Number,2023,6.723941900424754,15.824028738547009,1.7732024046864594
1,All Population,3,YLDs (Years Lived with Disability),4874,Uttarakhand,2,Female,9,20-24 years,493,Ischemic heart disease,108,High body-mass index,1,Number,2023,5.721079776308022,11.619818596092344,1.5855767830669434
1,All Population,3,YLDs (Years Lived with Disability),44538,Other Union Territories,1,Male,9,20-24 years,493,Ischemic heart disease,108,High body-mass index,1,Number,2023,2.541144461350184,5.344516138670599,0.7291269521248417
1,All Population,3,YLDs (Years Lived with Disability),44538,Other Union Territories,2,Female,9,20-24 years,493,Ischemic heart disease,108,High body-mass index,1,Number,2023,2.376252324073095,5.051098155213605,0.7592102439668166
1,All Population,3,YLDs (Years Lived with Disability),44538,Other Union Territories,1,Male,9,20-24 years,494,Stroke,108,High body-mass index,1,Number,2023,2.2321804216818664,7.069133580199862,-0.3085736923972561
1,All Population,3,YLDs (Years Lived with Disability),44538,Other Union Territories,2,Female,9,20-24 years,494,Stroke,108,High body-mass index,1,Number,2023,3.285447450734239,8.166433146426135,0.18040118100337685
1,All Population,3,YLDs (Years Lived with Disability),4868,Rajasthan,1,Male,9,20-24 years,498,Hypertensive heart disease,107,High systolic blood pressure,1,Number,2023,9.423892855461236,17.322404322046665,5.161399519024449
1,All Population,3,YLDs (Years Lived with Disability),4868,Rajasthan,2,Female,9,20-24 years,498,Hypertensive heart disease,107,High systolic blood pressure,1,Number,2023,23.62446214913168,41.65555784933211,13.26992503398651
1,All Population,3,YLDs (Years Lived with Disability),4868,Rajasthan,1,Male,9,20-24 years,498,Hypertensive heart disease,108,High body-mass index,1,Number,2023,2.944371908666158,7.346254340522392,0.7670331725088287
1,All Population,3,YLDs (Years Lived with Disability),4868,Rajasthan,2,Female,9,20-24 years,498,Hypertensive heart disease,108,High body-mass index,1,Number,2023,7.806590654867915,17.88602019679572,2.1552136746219026
1,All Population,3,YLDs (Years Lived with Disability),44538,Other Union Territories,1,Male,9,20-24 years,498,Hypertensive heart disease,107,High systolic blood pressure,1,Number,2023,0.37478606391806274,0.6860037871191271,0.20204030541924797
1,All Population,3,YLDs (Years Lived with Disability),44538,Other Union Territories,2,Female,9,20-24 years,498,Hypertensive heart disease,107,High systolic blood pressure,1,Number,2023,0.9282931840922813,1.6739212283953093,0.5126659791506611
1,All Population,3,YLDs (Years Lived with Disability),44538,Other Union Territories,1,Male,9,20-24 years,498,Hypertensive heart disease,108,High body-mass index,1,Number,2023,0.19713568138754217,0.40702632840935016,0.06856203572362415
1,All Population,3,YLDs (Years Lived with Disability),44538,Other Union Territories,2,Female,9,20-24 years,498,Hypertensive heart disease,108,High body-mass index,1,Number,2023,0.550386000710691,1.0526890067235128,0.20865364119709107
1,All Population,3,YLDs (Years Lived with Disability),4846,Chhattisgarh,1,Male,9,20-24 years,494,Stroke,108,High body-mass index,1,Number,2014,-0.8727243064573695,5.190752382916427,-9.887521618610897
1,All Population,3,YLDs (Years Lived with Disability),4846,Chhattisgarh,2,Female,9,20-24 years,494,Stroke,108,High body-mass index,1,Number,2014,-0.4954431112400736,8.857886114478696,-13.554444512172195
1,All Population,3,YLDs (Years Lived with Disability),4843,Assam,1,Male,9,20-24 years,498,Hypertensive heart disease,107,High systolic blood pressure,1,Number,2014,5.32834942843651,8.826034086522073,3.087725714112875
1,All Population,3,YLDs (Years Lived with Disability),4843,Assam,2,Female,9,20-24 years,498,Hypertensive heart disease,107,High systolic blood pressure,1,Number,2014,10.696937782668133,17.675652373475913,6.282735522808656
1,All Population,3,YLDs (Years Lived with Disability),4843,Assam,1,Male,9,20-24 years,498,Hypertensive heart disease,108,High body-mass index,1,Number,2014,1.7662582643003044,3.515427954466709,0.6496266195366098
1,All Population,3,YLDs (Years Lived with Disability),4843,Assam,2,Female,9,20-24 years,498,Hypertensive heart disease,108,High body-mass index,1,Number,2014,3.1266956985262375,6.2538155346054225,1.1102015801315033
1,All Population,3,YLDs (Years Lived with Disability),4856,Karnataka,1,Male,9,20-24 years,494,Stroke,108,High body-mass index,1,Number,2014,3.7223977017374477,30.352208499141923,-25.183058165985834
1,All Population,3,YLDs (Years Lived with Disability),4856,Karnataka,2,Female,9,20-24 years,494,Stroke,108,High body-mass index,1,Number,2014,13.30473955742428,53.48756819668458,-20.529825049519054
1,All Population,3,YLDs (Years Lived with Disability),4851,Gujarat,1,Male,9,20-24 years,493,Ischemic heart disease,108,High body-mass index,1,Number,2014,15.026774632081953,34.134127264077115,3.5996500397412787
1,All Population,3,YLDs (Years Lived with Disability),4851,Gujarat,2,Female,9,20-24 years,493,Ischemic heart disease,108,High body-mass index,1,Number,2014,22.773358533067523,47.472624699066884,6.208259608373302
1,All Population,3,YLDs (Years Lived with Disability),4861,Manipur,1,Male,9,20-24 years,493,Ischemic heart disease,108,High body-mass index,1,Number,2014,0.9239829281148567,2.203853147685959,0.208766646558005
1,All Population,3,YLDs (Years Lived with Disability),4861,Manipur,2,Female,9,20-24 years,493,Ischemic heart disease,108,High body-mass index,1,Number,2014,1.2680757375944545,2.5167757101831767,0.36685489120384734
1,All Population,3,YLDs (Years Lived with Disability),4852,Haryana,1,Male,9,20-24 years,493,Ischemic heart disease,108,High body-mass index,1,Number,2014,19.285814649461816,41.333086750104584,6.391610113341253
1,All Population,3,YLDs (Years Lived with Disability),4852,Haryana,2,Female,9,20-24 years,493,Ischemic heart disease,108,High body-mass index,1,Number,2014,12.190937715944402,27.27863329208381,3.4715400064040582
1,All Population,3,YLDs (Years Lived with Disability),4863,Mizoram,1,Male,9,20-24 years,493,Ischemic heart disease,108,High body-mass index,1,Number,2014,0.26088224813299016,0.5805637120145356,0.0696271536690189
1,All Population,3,YLDs (Years Lived with Disability),4863,Mizoram,2,Female,9,20-24 years,493,Ischemic heart disease,108,High body-mass index,1,Number,2014,0.2605090086161329,0.5332976901445163,0.0814025806824007
1,All Population,3,YLDs (Years Lived with Disability),4846,Chhattisgarh,1,Male,9,20-24 years,498,Hypertensive heart disease,107,High systolic blood pressure,1,Number,2014,3.8369750257858417,6.377242791445921,2.2291216080461345
1,All Population,3,YLDs (Years Lived with Disability),4846,Chhattisgarh,2,Female,9,20-24 years,498,Hypertensive heart disease,107,High systolic blood pressure,1,Number,2014,8.357267859255218,13.933335638750187,4.990764774609712
1,All Population,3,YLDs (Years Lived with Disability),4846,Chhattisgarh,1,Male,9,20-24 years,498,Hypertensive heart disease,108,High body-mass index,1,Number,2014,0.7337560778873804,1.5735094155897273,0.23587687321098635
1,All Population,3,YLDs (Years Lived with Disability),4846,Chhattisgarh,2,Female,9,20-24 years,498,Hypertensive heart disease,108,High body-mass index,1,Number,2014,1.9505975802282736,4.046675583829158,0.6835189856289337
1,All Population,3,YLDs (Years Lived with Disability),4859,Madhya Pradesh,1,Male,9,20-24 years,494,Stroke,108,High body-mass index,1,Number,2014,0.5817588963611467,21.70639099664704,-21.36648461431581
1,All Population,3,YLDs (Years Lived with Disability),4859,Madhya Pradesh,2,Female,9,20-24 years,494,Stroke,108,High body-mass index,1,Number,2014,2.514412145731856,33.0405053126768,-28.27022450615488
1,All Population,3,YLDs (Years Lived with Disability),4856,Karnataka,1,Male,9,20-24 years,498,Hypertensive heart disease,107,High systolic blood pressure,1,Number,2014,7.0738122608372125,11.889306665964007,4.084620284194343
1,All Population,3,YLDs (Years Lived with Disability),4856,Karnataka,2,Female,9,20-24 years,498,Hypertensive heart disease,107,High systolic blood pressure,1,Number,2014,16.154302615910186,26.74532289412082,9.316943609916809
1,All Population,3,YLDs (Years Lived with Disability),4856,Karnataka,1,Male,9,20-24 years,498,Hypertensive heart disease,108,High body-mass index,1,Number,2014,2.113274719309973,4.294715079356101,0.6946498317560365
1,All Population,3,YLDs (Years Lived with Disability),4856,Karnataka,2,Female,9,20-24 years,498,Hypertensive heart disease,108,High body-mass index,1,Number,2014,5.835364597281374,12.114550541669473,2.030240101172809
1,All Population,3,YLDs (Years Lived with Disability),4855,Jharkhand,1,Male,9,20-24 years,498,Hypertensive heart disease,107,High systolic blood pressure,1,Number,2014,3.385409820331639,5.582271061365554,1.953157340962779
1,All Population,3,YLDs (Years Lived with Disability),4855,Jharkhand,2,Female,9,20-24 years,498,Hypertensive heart disease,107,High systolic blood pressure,1,Number,2014,8.895510368081814,14.939049517490112,5.254436015673932
1,All Population,3,YLDs (Years Lived with Disability),4855,Jharkhand,1,Male,9,20-24 years,498,Hypertensive heart disease,108,High body-mass index,1,Number,2014,0.872087564382224,1.7210657124099806,0.30228657203242215
1,All Population,3,YLDs (Years Lived with Disability),4855,Jharkhand,2,Female,9,20-24 years,498,Hypertensive heart disease,108,High body-mass index,1,Number,2014,1.935871297936404,3.9499647557035154,0.6515689032479793
1,All Population,3,YLDs (Years Lived with Disability),4844,Bihar,1,Male,9,20-24 years,494,Stroke,108,High body-mass index,1,Number,2014,-0.47877987975816344,32.701625547923186,-43.21744624346146
1,All Population,3,YLDs (Years Lived with Disability),4844,Bihar,2,Female,9,20-24 years,494,Stroke,108,High body-mass index,1,Number,2014,1.1653152000353377,30.86498821473686,-34.260303357553795
1,All Population,3,YLDs (Years Lived with Disability),4871,Telangana,1,Male,9,20-24 years,498,Hypertensive heart disease,107,High systolic blood pressure,1,Number,2014,3.5985850701429247,6.063574568152411,2.0820735975703686
1,All Population,3,YLDs (Years Lived with Disability),4871,Telangana,2,Female,9,20-24 years,498,Hypertensive heart disease,107,High systolic blood pressure,1,Number,2014,10.670087117710016,17.64025893237514,6.204730095366287
1,All Population,3,YLDs (Years Lived with Disability),4871,Telangana,1,Male,9,20-24 years,498,Hypertensive heart disease,108,High body-mass index,1,Number,2014,1.3240934988754718,2.5280108136111075,0.4548406956735845
1,All Population,3,YLDs (Years Lived with Disability),4871,Telangana,2,Female,9,20-24 years,498,Hypertensive heart disease,108,High body-mass index,1,Number,2014,3.9172467062313503,7.535319582454864,1.4086469201362783
1,All Population,3,YLDs (Years Lived with Disability),4872,Tripura,1,Male,9,20-24 years,494,Stroke,108,High body-mass index,1,Number,2014,-0.058714243819266744,1.2969731338560566,-2.5621566617083116
1,All Population,3,YLDs (Years Lived with Disability),4872,Tripura,2,Female,9,20-24 years,494,Stroke,108,High body-mass index,1,Number,2014,0.2298421317603304,2.2232908482994937,-2.69343879487205
1,All Population,3,YLDs (Years Lived with Disability),4862,Meghalaya,1,Male,9,20-24 years,493,Ischemic heart disease,108,High body-mass index,1,Number,2014,0.9120344818915967,2.009754469748762,0.2114608990639596
1,All Population,3,YLDs (Years Lived with Disability),4862,Meghalaya,2,Female,9,20-24 years,493,Ischemic heart disease,108,High body-mass index,1,Number,2014,0.7436705135476458,1.6368625844182245,0.20411515846681197
1,All Population,3,YLDs (Years Lived with Disability),4859,Madhya Pradesh,1,Male,9,20-24 years,498,Hypertensive heart disease,107,High systolic blood pressure,1,Number,2014,7.850396065958919,12.895279105669841,4.480922085210313
1,All Population,3,YLDs (Years Lived with Disability),4859,Madhya Pradesh,2,Female,9,20-24 years,498,Hypertensive heart disease,107,High systolic blood pressure,1,Number,2014,25.113743118256057,42.170642216197656,15.161286251278598
1,All Population,3,YLDs (Years Lived with Disability),4859,Madhya Pradesh,1,Male,9,20-24 years,498,Hypertensive heart disease,108,High body-mass index,1,Number,2014,1.5825103439573127,3.501427747986281,0.4508628337645167
1,All Population,3,YLDs (Years Lived with Disability),4859,Madhya Pradesh,2,Female,9,20-24 years,498,Hypertensive heart disease,108,High body-mass index,1,Number,2014,5.523045893602619,11.839245470346127,1.7633841118252274
1,All Population,3,YLDs (Years Lived with Disability),4853,Himachal Pradesh,1,Male,9,20-24 years,493,Ischemic heart disease,108,High body-mass index,1,Number,2014,2.995003907017094,5.979322308526106,0.8133331555992509
1,All Population,3,YLDs (Years Lived with Disability),4853,Himachal Pradesh,2,Female,9,20-24 years,493,Ischemic heart disease,108,High body-mass index,1,Number,2014,2.526622510140338,5.3903106257975395,0.6711545086735522
1,All Population,3,YLDs (Years Lived with Disability),4849,Delhi,1,Male,9,20-24 years,494,Stroke,108,High body-mass index,1,Number,2014,8.805643993312168,29.69246181638923,-3.076926326497073
1,All Population,3,YLDs (Years Lived with Disability),4849,Delhi,2,Female,9,20-24 years,494,Stroke,108,High body-mass index,1,Number,2014,9.277661290984204,32.25269393469476,-5.06574839484137
1,All Population,3,YLDs (Years Lived with Disability),4841,Andhra Pradesh,1,Male,9,20-24 years,494,Stroke,108,High body-mass index,1,Number,2023,15.095507356566769,51.094781753680756,-6.139112808206633
1,All Population,3,YLDs (Years Lived with Disability),4841,Andhra Pradesh,2,Female,9,20-24 years,494,Stroke,108,High body-mass index,1,Number,2023,31.58463727981093,95.3175426548572,-2.001045656278266
1,All Population,3,YLDs (Years Lived with Disability),4844,Bihar,1,Male,9,20-24 years,498,Hypertensive heart disease,107,High systolic blood pressure,1,Number,2014,11.167310514782073,18.70546256466622,6.5294367347055395
1,All Population,3,YLDs (Years Lived with Disability),4844,Bihar,2,Female,9,20-24 years,498,Hypertensive heart disease,107,High systolic blood pressure,1,Number,2014,26.279616067383785,43.81937937887693,15.686606920357848
1,All Population,3,YLDs (Years Lived with Disability),4844,Bihar,1,Male,9,20-24 years,498,Hypertensive heart disease,108,High body-mass index,1,Number,2014,2.8571898369530073,6.146530967083008,0.9602351416729057
1,All Population,3,YLDs (Years Lived with Disability),4844,Bihar,2,Female,9,20-24 years,498,Hypertensive heart disease,108,High body-mass index,1,Number,2014,6.3600570897285555,13.319702009366997,2.1393222029967385
1,All Population,3,YLDs (Years Lived with Disability),4864,Nagaland,1,Male,9,20-24 years,493,Ischemic heart disease,108,High body-mass index,1,Number,2014,0.5025061186374585,1.120054812692841,0.13559012899849582
1,All Population,3,YLDs (Years Lived with Disability),4864,Nagaland,2,Female,9,20-24 years,493,Ischemic heart disease,108,High body-mass index,1,Number,2014,0.4553861770034974,0.9675863396354893,0.12247461047389302
1,All Population,3,YLDs (Years Lived with Disability),4857,Kerala,1,Male,9,20-24 years,498,Hypertensive heart disease,108,High body-mass index,1,Number,2023,1.1260171200680222,2.340652666539395,0.413003780099256
1,All Population,3,YLDs (Years Lived with Disability),4857,Kerala,2,Female,9,20-24 years,498,Hypertensive heart disease,108,High body-mass index,1,Number,2023,5.045566417211237,10.399191371715714,1.95954843840911
1,All Population,3,YLDs (Years Lived with Disability),4857,Kerala,1,Male,9,20-24 years,494,Stroke,108,High body-mass index,1,Number,2014,11.81698284455241,39.18252164370683,-9.50461728383231
1,All Population,3,YLDs (Years Lived with Disability),4857,Kerala,2,Female,9,20-24 years,494,Stroke,108,High body-mass index,1,Number,2014,17.433520828218573,54.45682037225218,-3.9277572164549035
1,All Population,3,YLDs (Years Lived with Disability),4874,Uttarakhand,1,Male,9,20-24 years,494,Stroke,108,High body-mass index,1,Number,2014,1.532319816985047,8.300360606908592,-4.664073144046949
1,All Population,3,YLDs (Years Lived with Disability),4874,Uttarakhand,2,Female,9,20-24 years,494,Stroke,108,High body-mass index,1,Number,2014,1.2799238801210495,8.002975358793528,-5.9883060936596895
1,All Population,3,YLDs (Years Lived with Disability),4872,Tripura,1,Male,9,20-24 years,498,Hypertensive heart disease,107,High systolic blood pressure,1,Number,2014,0.41431158384074646,0.72281090288784,0.23668799259106216
1,All Population,3,YLDs (Years Lived with Disability),4872,Tripura,2,Female,9,20-24 years,498,Hypertensive heart disease,107,High systolic blood pressure,1,Number,2014,1.239553066488276,2.0599507957867953,0.7279600090163582
1,All Population,3,YLDs (Years Lived with Disability),4872,Tripura,1,Male,9,20-24 years,498,Hypertensive heart disease,108,High body-mass index,1,Number,2014,0.11297861216290675,0.24627282589578747,0.040857087794245836
1,All Population,3,YLDs (Years Lived with Disability),4872,Tripura,2,Female,9,20-24 years,498,Hypertensive heart disease,108,High body-mass index,1,Number,2014,0.4205139805955615,0.8296397281546538,0.1601315243575146
1,All Population,3,YLDs (Years Lived with Disability),4862,Meghalaya,1,Male,9,20-24 years,494,Stroke,108,High body-mass index,1,Number,2023,0.9508743567529859,4.109965388475066,-1.2067664518413552
1,All Population,3,YLDs (Years Lived with Disability),4862,Meghalaya,2,Female,9,20-24 years,494,Stroke,108,High body-mass index,1,Number,2023,0.4070612457341032,2.8905571474479,-2.3855622217994368
1,All Population,3,YLDs (Years Lived with Disability),4849,Delhi,1,Male,9,20-24 years,498,Hypertensive heart disease,107,High systolic blood pressure,1,Number,2014,2.630439718769862,4.368929704897668,1.5057438691361127
1,All Population,3,YLDs (Years Lived with Disability),4849,Delhi,2,Female,9,20-24 years,498,Hypertensive heart disease,107,High systolic blood pressure,1,Number,2014,5.730631756093423,9.256176760571917,3.313739529119667
1,All Population,3,YLDs (Years Lived with Disability),4841,Andhra Pradesh,1,Male,9,20-24 years,498,Hypertensive heart disease,107,High systolic blood pressure,1,Number,2023,4.076349670315236,7.28301502289507,2.1202525101354093
1,All Population,3,YLDs (Years Lived with Disability),4841,Andhra Pradesh,2,Female,9,20-24 years,498,Hypertensive heart disease,107,High systolic blood pressure,1,Number,2023,12.661700219662034,23.172750563153297,6.983575282010172
1,All Population,3,YLDs (Years Lived with Disability),4841,Andhra Pradesh,1,Male,9,20-24 years,498,Hypertensive heart disease,108,High body-mass index,1,Number,2023,1.6470931974342833,3.927529189394402,0.5299114316467177
1,All Population,3,YLDs (Years Lived with Disability),4841,Andhra Pradesh,2,Female,9,20-24 years,498,Hypertensive heart disease,108,High body-mass index,1,Number,2023,6.0847733778336535,12.993572562853307,2.164148732758079
1,All Population,3,YLDs (Years Lived with Disability),4857,Kerala,1,Male,9,20-24 years,498,Hypertensive heart disease,107,High systolic blood pressure,1,Number,2014,2.6271822053671086,4.299593703907528,1.5291188395767927
1,All Population,3,YLDs (Years Lived with Disability),4857,Kerala,2,Female,9,20-24 years,498,Hypertensive heart disease,107,High systolic blood pressure,1,Number,2014,9.762198613445161,16.15496905739783,5.7072209549228425
1,All Population,3,YLDs (Years Lived with Disability),4857,Kerala,1,Male,9,20-24 years,498,Hypertensive heart disease,108,High body-mass index,1,Number,2014,1.1759779683745712,2.1628513739959616,0.48399394347902985
1,All Population,3,YLDs (Years Lived with Disability),4857,Kerala,2,Female,9,20-24 years,498,Hypertensive heart disease,108,High body-mass index,1,Number,2014,4.971709769642362,9.094462726320048,2.0000975869122555
1,All Population,3,YLDs (Years Lived with Disability),4873,Uttar Pradesh,1,Male,9,20-24 years,498,Hypertensive heart disease,108,High body-mass index,1,Number,2023,11.098410024746242,24.127013874644184,3.600930983075207
1,All Population,3,YLDs (Years Lived with Disability),4873,Uttar Pradesh,2,Female,9,20-24 years,498,Hypertensive heart disease,108,High body-mass index,1,Number,2023,29.451724354625192,61.96468548002487,10.984725393914708
1,All Population,3,YLDs (Years Lived with Disability),4859,Madhya Pradesh,1,Male,9,20-24 years,494,Stroke,108,High body-mass index,1,Number,2023,3.726337053249384,35.23820427529922,-32.091206635734764
1,All Population,3,YLDs (Years Lived with Disability),4859,Madhya Pradesh,2,Female,9,20-24 years,494,Stroke,108,High body-mass index,1,Number,2023,17.257786486860446,81.12189386452077,-27.404323301681874
1,All Population,3,YLDs (Years Lived with Disability),4849,Delhi,1,Male,9,20-24 years,498,Hypertensive heart disease,108,High body-mass index,1,Number,2014,1.292174500576326,2.504041401080971,0.4777380533852589
1,All Population,3,YLDs (Years Lived with Disability),4849,Delhi,2,Female,9,20-24 years,498,Hypertensive heart disease,108,High body-mass index,1,Number,2014,2.611842115099771,4.945425931608437,0.9875972215508599
1,All Population,3,YLDs (Years Lived with Disability),4875,West Bengal,1,Male,9,20-24 years,494,Stroke,108,High body-mass index,1,Number,2023,8.68111477872679,57.68397449625489,-46.370145382782596
1,All Population,3,YLDs (Years Lived with Disability),4875,West Bengal,2,Female,9,20-24 years,494,Stroke,108,High body-mass index,1,Number,2023,54.72403699191457,187.390133228442,-22.25534782621179
1,All Population,3,YLDs (Years Lived with Disability),4874,Uttarakhand,1,Male,9,20-24 years,498,Hypertensive heart disease,107,High systolic blood pressure,1,Number,2014,1.3250047270201943,2.211406262632366,0.768355796334256
1,All Population,3,YLDs (Years Lived with Disability),4874,Uttarakhand,2,Female,9,20-24 years,498,Hypertensive heart disease,107,High systolic blood pressure,1,Number,2014,3.30211058966412,5.569162825175468,1.9456854719125203
1,All Population,3,YLDs (Years Lived with Disability),4874,Uttarakhand,1,Male,9,20-24 years,498,Hypertensive heart disease,108,High body-mass index,1,Number,2014,0.44022706958917784,0.9286484565971038,0.1415523113664766
1,All Population,3,YLDs (Years Lived with Disability),4874,Uttarakhand,2,Female,9,20-24 years,498,Hypertensive heart disease,108,High body-mass index,1,Number,2014,1.1167288896805325,2.076772721384279,0.41069410454014177
1,All Population,3,YLDs (Years Lived with Disability),4852,Haryana,1,Male,9,20-24 years,494,Stroke,108,High body-mass index,1,Number,2014,12.398246620707106,37.918365746385184,-7.287906278994734
1,All Population,3,YLDs (Years Lived with Disability),4852,Haryana,2,Female,9,20-24 years,494,Stroke,108,High body-mass index,1,Number,2014,7.552018053834792,27.058370049373533,-9.254087248447508
1,All Population,3,YLDs (Years Lived with Disability),4861,Manipur,1,Male,9,20-24 years,494,Stroke,108,High body-mass index,1,Number,2014,0.2438745803226341,2.0264766751653953,-1.455307956559743
1,All Population,3,YLDs (Years Lived with Disability),4861,Manipur,2,Female,9,20-24 years,494,Stroke,108,High body-mass index,1,Number,2014,0.2720809206825623,2.576130614189745,-2.1533363750866226
1,All Population,3,YLDs (Years Lived with Disability),4859,Madhya Pradesh,1,Male,9,20-24 years,498,Hypertensive heart disease,107,High systolic blood pressure,1,Number,2023,8.242953582939604,15.165422146206378,4.4283457428897846
1,All Population,3,YLDs (Years Lived with Disability),4859,Madhya Pradesh,2,Female,9,20-24 years,498,Hypertensive heart disease,107,High systolic blood pressure,1,Number,2023,28.75847400544773,50.32640930995662,15.330776390791494
1,All Population,3,YLDs (Years Lived with Disability),4859,Madhya Pradesh,1,Male,9,20-24 years,498,Hypertensive heart disease,108,High body-mass index,1,Number,2023,2.0711532053706536,4.999979220522657,0.5402329345087997
1,All Population,3,YLDs (Years Lived with Disability),4859,Madhya Pradesh,2,Female,9,20-24 years,498,Hypertensive heart disease,108,High body-mass index,1,Number,2023,8.735430566788347,20.278879770297902,2.838429427110286
1,All Population,3,YLDs (Years Lived with Disability),4875,West Bengal,1,Male,9,20-24 years,498,Hypertensive heart disease,107,High systolic blood pressure,1,Number,2023,8.392688590679718,15.805642358329093,4.714781550162577
1,All Population,3,YLDs (Years Lived with Disability),4875,West Bengal,2,Female,9,20-24 years,498,Hypertensive heart disease,107,High systolic blood pressure,1,Number,2023,23.97172485014643,44.22247262325385,12.751667470281639
1,All Population,3,YLDs (Years Lived with Disability),4875,West Bengal,1,Male,9,20-24 years,498,Hypertensive heart disease,108,High body-mass index,1,Number,2023,2.5506268516063466,6.250019707024712,0.7176744289227839
1,All Population,3,YLDs (Years Lived with Disability),4875,West Bengal,2,Female,9,20-24 years,498,Hypertensive heart disease,108,High body-mass index,1,Number,2023,10.748587642974353,23.17282066623052,3.6972465503171215
1,All Population,3,YLDs (Years Lived with Disability),4850,Goa,1,Male,9,20-24 years,494,Stroke,108,High body-mass index,1,Number,2014,1.2121657305571572,3.6921567189878846,-0.13257496909774638
1,All Population,3,YLDs (Years Lived with Disability),4850,Goa,2,Female,9,20-24 years,494,Stroke,108,High body-mass index,1,Number,2014,0.8516785590297266,2.5374304827727445,-0.15493948645868216
1,All Population,3,YLDs (Years Lived with Disability),4873,Uttar Pradesh,1,Male,9,20-24 years,494,Stroke,108,High body-mass index,1,Number,2014,0.29882085911238626,67.23700977616402,-103.3672161167266
1,All Population,3,YLDs (Years Lived with Disability),4873,Uttar Pradesh,2,Female,9,20-24 years,494,Stroke,108,High body-mass index,1,Number,2014,26.92361959445017,123.74997427789668,-81.37309456851224
1,All Population,3,YLDs (Years Lived with Disability),4852,Haryana,1,Male,9,20-24 years,498,Hypertensive heart disease,107,High systolic blood pressure,1,Number,2014,3.6140847025693574,6.010775560941895,2.109763229629375
1,All Population,3,YLDs (Years Lived with Disability),4852,Haryana,2,Female,9,20-24 years,498,Hypertensive heart disease,107,High systolic blood pressure,1,Number,2014,7.128358885492549,11.475817887208095,4.173311126086228
1,All Population,3,YLDs (Years Lived with Disability),4852,Haryana,1,Male,9,20-24 years,498,Hypertensive heart disease,108,High body-mass index,1,Number,2014,1.6377152928851555,3.058244494103324,0.5768049598242393
1,All Population,3,YLDs (Years Lived with Disability),4852,Haryana,2,Female,9,20-24 years,498,Hypertensive heart disease,108,High body-mass index,1,Number,2014,2.736321510633244,5.680640140591065,1.0419765573076816
1,All Population,3,YLDs (Years Lived with Disability),4874,Uttarakhand,1,Male,9,20-24 years,494,Stroke,108,High body-mass index,1,Number,2023,3.325753854364946,14.601818810318584,-4.457444317716958
1,All Population,3,YLDs (Years Lived with Disability),4874,Uttarakhand,2,Female,9,20-24 years,494,Stroke,108,High body-mass index,1,Number,2023,4.285623920415168,15.1377871499881,-2.5781196127711663
1,All Population,3,YLDs (Years Lived with Disability),4860,Maharashtra,1,Male,9,20-24 years,494,Stroke,108,High body-mass index,1,Number,2014,6.9310406162109786,58.04997427340119,-47.958881101756845
1,All Population,3,YLDs (Years Lived with Disability),4860,Maharashtra,2,Female,9,20-24 years,494,Stroke,108,High body-mass index,1,Number,2014,12.429320145749893,65.06633412001162,-38.074069709856616
1,All Population,3,YLDs (Years Lived with Disability),4842,Arunachal Pradesh,1,Male,9,20-24 years,493,Ischemic heart disease,108,High body-mass index,1,Number,2014,0.5527400940293182,1.2391926825240334,0.1496796375686296
1,All Population,3,YLDs (Years Lived with Disability),4842,Arunachal Pradesh,2,Female,9,20-24 years,493,Ischemic heart disease,108,High body-mass index,1,Number,2014,0.5544733916544888,1.1511785909260386,0.16339553884479419
1,All Population,3,YLDs (Years Lived with Disability),4841,Andhra Pradesh,1,Male,9,20-24 years,493,Ischemic heart disease,108,High body-mass index,1,Number,2014,24.765706541147313,48.62719265403113,7.855190626887781
1,All Population,3,YLDs (Years Lived with Disability),4841,Andhra Pradesh,2,Female,9,20-24 years,493,Ischemic heart disease,108,High body-mass index,1,Number,2014,25.388800765504264,52.26121744276398,7.674643594380611
1,All Population,3,YLDs (Years Lived with Disability),4850,Goa,1,Male,9,20-24 years,498,Hypertensive heart disease,107,High systolic blood pressure,1,Number,2014,0.1729342088415651,0.27709558240748366,0.09920859405004255
1,All Population,3,YLDs (Years Lived with Disability),4850,Goa,2,Female,9,20-24 years,498,Hypertensive heart disease,107,High systolic blood pressure,1,Number,2014,0.3728728646653652,0.622401149282568,0.21578016538687697
1,All Population,3,YLDs (Years Lived with Disability),4850,Goa,1,Male,9,20-24 years,498,Hypertensive heart disease,108,High body-mass index,1,Number,2014,0.1006087212927937,0.19251007766344294,0.044160518730185276
1,All Population,3,YLDs (Years Lived with Disability),4850,Goa,2,Female,9,20-24 years,498,Hypertensive heart disease,108,High body-mass index,1,Number,2014,0.20065731507950182,0.3763985686903586,0.08116812102734199
1,All Population,3,YLDs (Years Lived with Disability),4868,Rajasthan,1,Male,9,20-24 years,493,Ischemic heart disease,108,High body-mass index,1,Number,2014,19.37569864476414,42.65984271612191,3.9801971501715285
1,All Population,3,YLDs (Years Lived with Disability),4868,Rajasthan,2,Female,9,20-24 years,493,Ischemic heart disease,108,High body-mass index,1,Number,2014,19.120747766799955,41.72439268971694,4.9158108216458
1,All Population,3,YLDs (Years Lived with Disability),4844,Bihar,1,Male,9,20-24 years,493,Ischemic heart disease,108,High body-mass index,1,Number,2014,17.87270554216327,39.64620181509888,4.588543362802028
1,All Population,3,YLDs (Years Lived with Disability),4844,Bihar,2,Female,9,20-24 years,493,Ischemic heart disease,108,High body-mass index,1,Number,2014,19.76994358721825,45.65589287179206,5.063053720991752
1,All Population,3,YLDs (Years Lived with Disability),4853,Himachal Pradesh,1,Male,9,20-24 years,498,Hypertensive heart disease,107,High systolic blood pressure,1,Number,2014,0.8547080847272785,1.4120486840230342,0.49657582138622924
1,All Population,3,YLDs (Years Lived with Disability),4853,Himachal Pradesh,2,Female,9,20-24 years,498,Hypertensive heart disease,107,High systolic blood pressure,1,Number,2014,2.215834502733843,3.7008349027612004,1.3047272902099143
1,All Population,3,YLDs (Years Lived with Disability),4853,Himachal Pradesh,1,Male,9,20-24 years,498,Hypertensive heart disease,108,High body-mass index,1,Number,2014,0.3066785837547263,0.6279398542049986,0.10892361306024323
1,All Population,3,YLDs (Years Lived with Disability),4853,Himachal Pradesh,2,Female,9,20-24 years,498,Hypertensive heart disease,108,High body-mass index,1,Number,2014,0.748676207805576,1.4938869484566426,0.27913267987562757
1,All Population,3,YLDs (Years Lived with Disability),4855,Jharkhand,1,Male,9,20-24 years,493,Ischemic heart disease,108,High body-mass index,1,Number,2014,5.762380280551938,11.1480567164731,1.5016335994163545
1,All Population,3,YLDs (Years Lived with Disability),4855,Jharkhand,2,Female,9,20-24 years,493,Ischemic heart disease,108,High body-mass index,1,Number,2014,5.200086742909989,11.591485605992219,1.3511370719407867
1,All Population,3,YLDs (Years Lived with Disability),4874,Uttarakhand,1,Male,9,20-24 years,498,Hypertensive heart disease,107,High systolic blood pressure,1,Number,2023,1.354265524614537,2.570241373614669,0.7335248784582229
1,All Population,3,YLDs (Years Lived with Disability),4874,Uttarakhand,2,Female,9,20-24 years,498,Hypertensive heart disease,107,High systolic blood pressure,1,Number,2023,3.3801283637998063,6.226197236709913,1.782464449950413
1,All Population,3,YLDs (Years Lived with Disability),4874,Uttarakhand,1,Male,9,20-24 years,498,Hypertensive heart disease,108,High body-mass index,1,Number,2023,0.5315532822009486,1.2071914518691207,0.15573251799007926
1,All Population,3,YLDs (Years Lived with Disability),4874,Uttarakhand,2,Female,9,20-24 years,498,Hypertensive heart disease,108,High body-mass index,1,Number,2023,1.5128690713991033,3.03403246479449,0.5154386932619048
1,All Population,3,YLDs (Years Lived with Disability),4863,Mizoram,1,Male,9,20-24 years,494,Stroke,108,High body-mass index,1,Number,2014,0.10131735697427777,0.6129899758494273,-0.5912380339513619
1,All Population,3,YLDs (Years Lived with Disability),4863,Mizoram,2,Female,9,20-24 years,494,Stroke,108,High body-mass index,1,Number,2014,0.00027555621318184364,0.5226272849640081,-0.7270766458420139
1,All Population,3,YLDs (Years Lived with Disability),4861,Manipur,1,Male,9,20-24 years,498,Hypertensive heart disease,107,High systolic blood pressure,1,Number,2014,0.3812394030404723,0.6450106524712296,0.21661793833909385
1,All Population,3,YLDs (Years Lived with Disability),4861,Manipur,2,Female,9,20-24 years,498,Hypertensive heart disease,107,High systolic blood pressure,1,Number,2014,1.0656444159164387,1.724984136301344,0.6385708740518021
1,All Population,3,YLDs (Years Lived with Disability),4861,Manipur,1,Male,9,20-24 years,498,Hypertensive heart disease,108,High body-mass index,1,Number,2014,0.1353668463301831,0.28158262638696213,0.04588647895841469
1,All Population,3,YLDs (Years Lived with Disability),4861,Manipur,2,Female,9,20-24 years,498,Hypertensive heart disease,108,High body-mass index,1,Number,2014,0.4121637281571906,0.7921264778244836,0.1571654139343333
1,All Population,3,YLDs (Years Lived with Disability),4865,Odisha,1,Male,9,20-24 years,493,Ischemic heart disease,108,High body-mass index,1,Number,2014,7.197868649087251,16.504382552822598,1.7639251948204404
1,All Population,3,YLDs (Years Lived with Disability),4865,Odisha,2,Female,9,20-24 years,493,Ischemic heart disease,108,High body-mass index,1,Number,2014,9.276931662165142,19.070839349160927,2.520535292748699
1,All Population,3,YLDs (Years Lived with Disability),4853,Himachal Pradesh,1,Male,9,20-24 years,494,Stroke,108,High body-mass index,1,Number,2014,0.8027842438271436,5.041063182794591,-2.63785906200392
1,All Population,3,YLDs (Years Lived with Disability),4853,Himachal Pradesh,2,Female,9,20-24 years,494,Stroke,108,High body-mass index,1,Number,2014,1.112984695471892,5.269292780139789,-2.8332098228576585
1,All Population,3,YLDs (Years Lived with Disability),4860,Maharashtra,1,Male,9,20-24 years,498,Hypertensive heart disease,107,High systolic blood pressure,1,Number,2014,12.74385860924477,20.226308636208636,7.570038177885943
1,All Population,3,YLDs (Years Lived with Disability),4860,Maharashtra,2,Female,9,20-24 years,498,Hypertensive heart disease,107,High systolic blood pressure,1,Number,2014,35.011439949196706,58.13261582273216,21.072182198677456
1,All Population,3,YLDs (Years Lived with Disability),4860,Maharashtra,1,Male,9,20-24 years,498,Hypertensive heart disease,108,High body-mass index,1,Number,2014,3.9163946209437626,7.94902083707624,1.432010514065561
1,All Population,3,YLDs (Years Lived with Disability),4860,Maharashtra,2,Female,9,20-24 years,498,Hypertensive heart disease,108,High body-mass index,1,Number,2014,10.68698192433658,21.49506553751186,3.939876715709313
1,All Population,3,YLDs (Years Lived with Disability),44538,Other Union Territories,1,Male,9,20-24 years,494,Stroke,108,High body-mass index,1,Number,2014,1.44329975208285,5.223362305865675,-1.2392698570947633
1,All Population,3,YLDs (Years Lived with Disability),44538,Other Union Territories,2,Female,9,20-24 years,494,Stroke,108,High body-mass index,1,Number,2014,1.59418081903579,5.4243106832932835,-0.681249858722577
1,All Population,3,YLDs (Years Lived with Disability),4867,Punjab,1,Male,9,20-24 years,494,Stroke,108,High body-mass index,1,Number,2014,31.149866516908798,72.74014236024958,1.8502082707906298
1,All Population,3,YLDs (Years Lived with Disability),4867,Punjab,2,Female,9,20-24 years,494,Stroke,108,High body-mass index,1,Number,2014,10.536160255400253,33.25390905494909,-4.91002257698557
1,All Population,3,YLDs (Years Lived with Disability),4869,Sikkim,1,Male,9,20-24 years,493,Ischemic heart disease,108,High body-mass index,1,Number,2014,0.27134487304242294,0.5629266588958054,0.0816209273870533
1,All Population,3,YLDs (Years Lived with Disability),4869,Sikkim,2,Female,9,20-24 years,493,Ischemic heart disease,108,High body-mass index,1,Number,2014,0.4443190966866699,0.8718789087800469,0.14933995658495586
1,All Population,3,YLDs (Years Lived with Disability),4873,Uttar Pradesh,1,Male,9,20-24 years,498,Hypertensive heart disease,107,High systolic blood pressure,1,Number,2014,32.93872151518832,54.957348359789364,19.46303772776335
1,All Population,3,YLDs (Years Lived with Disability),4873,Uttar Pradesh,2,Female,9,20-24 years,498,Hypertensive heart disease,107,High systolic blood pressure,1,Number,2014,66.9953573232651,113.55013443502281,39.383322315460966
1,All Population,3,YLDs (Years Lived with Disability),4873,Uttar Pradesh,1,Male,9,20-24 years,498,Hypertensive heart disease,108,High body-mass index,1,Number,2014,7.926202995266043,16.674839769086812,2.6615490298577114
1,All Population,3,YLDs (Years Lived with Disability),4873,Uttar Pradesh,2,Female,9,20-24 years,498,Hypertensive heart disease,108,High body-mass index,1,Number,2014,19.166348455040172,39.89289277562759,6.961272084530849
1,All Population,3,YLDs (Years Lived with Disability),4843,Assam,1,Male,9,20-24 years,493,Ischemic heart disease,108,High body-mass index,1,Number,2014,8.563929974691442,16.7881988521183,2.638935148565074
1,All Population,3,YLDs (Years Lived with Disability),4843,Assam,2,Female,9,20-24 years,493,Ischemic heart disease,108,High body-mass index,1,Number,2014,7.789234593857852,16.52226447091922,1.9560625062815058
1,All Population,3,YLDs (Years Lived with Disability),4863,Mizoram,1,Male,9,20-24 years,498,Hypertensive heart disease,107,High systolic blood pressure,1,Number,2014,0.16708239316399834,0.28573788150341506,0.09898749191354973
1,All Population,3,YLDs (Years Lived with Disability),4863,Mizoram,2,Female,9,20-24 years,498,Hypertensive heart disease,107,High systolic blood pressure,1,Number,2014,0.5577589412457378,0.9417156620261896,0.322291859234182
1,All Population,3,YLDs (Years Lived with Disability),4863,Mizoram,1,Male,9,20-24 years,498,Hypertensive heart disease,108,High body-mass index,1,Number,2014,0.06066828655960149,0.12489469833119021,0.020854709808490156
1,All Population,3,YLDs (Years Lived with Disability),4863,Mizoram,2,Female,9,20-24 years,498,Hypertensive heart disease,108,High body-mass index,1,Number,2014,0.19518969206260448,0.3714771860957506,0.07561079954031975
1,All Population,3,YLDs (Years Lived with Disability),4851,Gujarat,1,Male,9,20-24 years,494,Stroke,108,High body-mass index,1,Number,2014,2.7561753319477833,21.48678251376159,-25.564844966490192
1,All Population,3,YLDs (Years Lived with Disability),4851,Gujarat,2,Female,9,20-24 years,494,Stroke,108,High body-mass index,1,Number,2014,12.566642967105096,48.70203310534922,-13.287050986570634
1,All Population,3,YLDs (Years Lived with Disability),4871,Telangana,1,Male,9,20-24 years,493,Ischemic heart disease,108,High body-mass index,1,Number,2014,20.23151940966881,43.889547433758736,6.065867240126834
1,All Population,3,YLDs (Years Lived with Disability),4871,Telangana,2,Female,9,20-24 years,493,Ischemic heart disease,108,High body-mass index,1,Number,2014,16.745022827417532,38.00371437841302,4.531260702025608
1,All Population,3,YLDs (Years Lived with Disability),4875,West Bengal,1,Male,9,20-24 years,494,Stroke,108,High body-mass index,1,Number,2014,1.68564712069256,29.785167037388273,-50.920748538688514
1,All Population,3,YLDs (Years Lived with Disability),4875,West Bengal,2,Female,9,20-24 years,494,Stroke,108,High body-mass index,1,Number,2014,30.237092137408556,106.40162095205555,-38.54407280188898
1,All Population,3,YLDs (Years Lived with Disability),4854,Jammu & Kashmir and Ladakh,1,Male,9,20-24 years,493,Ischemic heart disease,108,High body-mass index,1,Number,2014,5.245001149002293,11.307693059662977,1.7060588856399566
1,All Population,3,YLDs (Years Lived with Disability),4854,Jammu & Kashmir and Ladakh,2,Female,9,20-24 years,493,Ischemic heart disease,108,High body-mass index,1,Number,2014,8.263343389734572,17.97122588794644,2.5804091002828162
1,All Population,3,YLDs (Years Lived with Disability),4856,Karnataka,1,Male,9,20-24 years,493,Ischemic heart disease,108,High body-mass index,1,Number,2014,21.901384060041092,46.9087758923569,6.060403509827122
1,All Population,3,YLDs (Years Lived with Disability),4856,Karnataka,2,Female,9,20-24 years,493,Ischemic heart disease,108,High body-mass index,1,Number,2014,30.379056250774603,63.95363684170479,8.372732514233142
1,All Population,3,YLDs (Years Lived with Disability),4867,Punjab,1,Male,9,20-24 years,498,Hypertensive heart disease,107,High systolic blood pressure,1,Number,2014,3.703456415901303,6.148012586966103,2.1364086384492498
1,All Population,3,YLDs (Years Lived with Disability),4867,Punjab,2,Female,9,20-24 years,498,Hypertensive heart disease,107,High systolic blood pressure,1,Number,2014,6.657989874686038,10.730753755226901,3.903521099020189
1,All Population,3,YLDs (Years Lived with Disability),4867,Punjab,1,Male,9,20-24 years,498,Hypertensive heart disease,108,High body-mass index,1,Number,2014,2.0172817350688375,3.7104022789017828,0.795765950303869
1,All Population,3,YLDs (Years Lived with Disability),4867,Punjab,2,Female,9,20-24 years,498,Hypertensive heart disease,108,High body-mass index,1,Number,2014,2.9528192722848092,5.545827789057825,1.1081443765451156
1,All Population,3,YLDs (Years Lived with Disability),4862,Meghalaya,1,Male,9,20-24 years,494,Stroke,108,High body-mass index,1,Number,2014,0.5244774669029029,2.727123811469571,-0.938671017173537
1,All Population,3,YLDs (Years Lived with Disability),4862,Meghalaya,2,Female,9,20-24 years,494,Stroke,108,High body-mass index,1,Number,2014,0.027606893876903425,1.468144500527833,-2.1165455762676473
1,All Population,3,YLDs (Years Lived with Disability),4864,Nagaland,1,Male,9,20-24 years,494,Stroke,108,High body-mass index,1,Number,2014,0.14746756078594267,1.2467338352606765,-1.0703454849902068
1,All Population,3,YLDs (Years Lived with Disability),4864,Nagaland,2,Female,9,20-24 years,494,Stroke,108,High body-mass index,1,Number,2014,-0.1418823938397272,0.5527394010743494,-1.2795394308626051
1,All Population,3,YLDs (Years Lived with Disability),4851,Gujarat,1,Male,9,20-24 years,498,Hypertensive heart disease,107,High systolic blood pressure,1,Number,2014,8.07099131818602,13.601348651409024,4.769196170636243
1,All Population,3,YLDs (Years Lived with Disability),4851,Gujarat,2,Female,9,20-24 years,498,Hypertensive heart disease,107,High systolic blood pressure,1,Number,2014,17.295236035929328,28.03811689449165,10.060495288977823
1,All Population,3,YLDs (Years Lived with Disability),4851,Gujarat,1,Male,9,20-24 years,498,Hypertensive heart disease,108,High body-mass index,1,Number,2014,2.0541453314664544,4.354213392129773,0.6923871330532209
1,All Population,3,YLDs (Years Lived with Disability),4851,Gujarat,2,Female,9,20-24 years,498,Hypertensive heart disease,108,High body-mass index,1,Number,2014,5.888946650024153,12.250752376065908,1.9793329394857377
1,All Population,3,YLDs (Years Lived with Disability),44538,Other Union Territories,1,Male,9,20-24 years,498,Hypertensive heart disease,107,High systolic blood pressure,1,Number,2014,0.4424667962756151,0.7221242803757908,0.25654080506984533
1,All Population,3,YLDs (Years Lived with Disability),44538,Other Union Territories,2,Female,9,20-24 years,498,Hypertensive heart disease,107,High systolic blood pressure,1,Number,2014,1.0362384225428458,1.6892450855793213,0.6080260852249296
1,All Population,3,YLDs (Years Lived with Disability),44538,Other Union Territories,1,Male,9,20-24 years,498,Hypertensive heart disease,108,High body-mass index,1,Number,2014,0.2051598748607333,0.3773804805213015,0.07837633513881136
1,All Population,3,YLDs (Years Lived with Disability),44538,Other Union Territories,2,Female,9,20-24 years,498,Hypertensive heart disease,108,High body-mass index,1,Number,2014,0.4871189376592648,0.9279042327072484,0.18010894207010533
1,All Population,3,YLDs (Years Lived with Disability),4867,Punjab,1,Male,9,20-24 years,493,Ischemic heart disease,108,High body-mass index,1,Number,2014,45.824036016711695,95.66713221321992,13.399161847941915
1,All Population,3,YLDs (Years Lived with Disability),4867,Punjab,2,Female,9,20-24 years,493,Ischemic heart disease,108,High body-mass index,1,Number,2014,24.509307081977603,47.9131902955795,7.432820737031924
1,All Population,3,YLDs (Years Lived with Disability),4875,West Bengal,1,Male,9,20-24 years,498,Hypertensive heart disease,107,High systolic blood pressure,1,Number,2014,9.71662181119513,16.156697619264506,5.538059933306752
1,All Population,3,YLDs (Years Lived with Disability),4875,West Bengal,2,Female,9,20-24 years,498,Hypertensive heart disease,107,High systolic blood pressure,1,Number,2014,26.5230836382603,43.78824018145697,15.4602982970342
1,All Population,3,YLDs (Years Lived with Disability),4875,West Bengal,1,Male,9,20-24 years,498,Hypertensive heart disease,108,High body-mass index,1,Number,2014,2.496404351789727,5.509551996705539,0.8023534481661624
1,All Population,3,YLDs (Years Lived with Disability),4875,West Bengal,2,Female,9,20-24 years,498,Hypertensive heart disease,108,High body-mass index,1,Number,2014,9.492810583647532,19.700191242490895,3.4595700807820813
1,All Population,3,YLDs (Years Lived with Disability),4862,Meghalaya,1,Male,9,20-24 years,498,Hypertensive heart disease,107,High systolic blood pressure,1,Number,2014,0.40288044609413337,0.6627266051712253,0.24038753681524744
1,All Population,3,YLDs (Years Lived with Disability),4862,Meghalaya,2,Female,9,20-24 years,498,Hypertensive heart disease,107,High systolic blood pressure,1,Number,2014,1.245809355431886,2.015771482958214,0.742719515483129
1,All Population,3,YLDs (Years Lived with Disability),4862,Meghalaya,1,Male,9,20-24 years,498,Hypertensive heart disease,108,High body-mass index,1,Number,2014,0.13849163165468653,0.2782095983026813,0.048557229124572755
1,All Population,3,YLDs (Years Lived with Disability),4862,Meghalaya,2,Female,9,20-24 years,498,Hypertensive heart disease,108,High body-mass index,1,Number,2014,0.37648453473956167,0.7680265408439766,0.13194841601578328
1,All Population,3,YLDs (Years Lived with Disability),4864,Nagaland,1,Male,9,20-24 years,498,Hypertensive heart disease,107,High systolic blood pressure,1,Number,2014,0.2814000117478366,0.45673875496011906,0.15795038253240173
1,All Population,3,YLDs (Years Lived with Disability),4864,Nagaland,2,Female,9,20-24 years,498,Hypertensive heart disease,107,High systolic blood pressure,1,Number,2014,0.7685303097559755,1.222999990335314,0.4603909180594914
1,All Population,3,YLDs (Years Lived with Disability),4864,Nagaland,1,Male,9,20-24 years,498,Hypertensive heart disease,108,High body-mass index,1,Number,2014,0.09005347762414576,0.19465802110902997,0.029160735698943004
1,All Population,3,YLDs (Years Lived with Disability),4864,Nagaland,2,Female,9,20-24 years,498,Hypertensive heart disease,108,High body-mass index,1,Number,2014,0.2082013224867618,0.441229442010765,0.07548616754515158
1,All Population,3,YLDs (Years Lived with Disability),4870,Tamil Nadu,1,Male,9,20-24 years,493,Ischemic heart disease,108,High body-mass index,1,Number,2014,31.15206506421171,70.47174967204921,7.686536150213105
1,All Population,3,YLDs (Years Lived with Disability),4870,Tamil Nadu,2,Female,9,20-24 years,493,Ischemic heart disease,108,High body-mass index,1,Number,2014,50.06961822349778,103.90737043467317,16.309075535875078
1,All Population,3,YLDs (Years Lived with Disability),4872,Tripura,1,Male,9,20-24 years,493,Ischemic heart disease,108,High body-mass index,1,Number,2014,1.0578793350554045,2.236327603733061,0.3284511037859656
1,All Population,3,YLDs (Years Lived with Disability),4872,Tripura,2,Female,9,20-24 years,493,Ischemic heart disease,108,High body-mass index,1,Number,2014,1.3329286212483322,3.0662793220700997,0.37714725831513146
1,All Population,3,YLDs (Years Lived with Disability),4865,Odisha,1,Male,9,20-24 years,494,Stroke,108,High body-mass index,1,Number,2014,-0.7084392020599467,11.504349212371142,-21.5523779766733
1,All Population,3,YLDs (Years Lived with Disability),4865,Odisha,2,Female,9,20-24 years,494,Stroke,108,High body-mass index,1,Number,2014,1.4421725533547443,17.217950513587503,-22.711472942843457
1,All Population,3,YLDs (Years Lived with Disability),44538,Other Union Territories,1,Male,9,20-24 years,493,Ischemic heart disease,108,High body-mass index,1,Number,2014,2.6092778397905603,5.077554836906242,0.6832415435946078
1,All Population,3,YLDs (Years Lived with Disability),44538,Other Union Territories,2,Female,9,20-24 years,493,Ischemic heart disease,108,High body-mass index,1,Number,2014,2.077356968903186,4.762893371711015,0.6563014078567002
1,All Population,3,YLDs (Years Lived with Disability),4842,Arunachal Pradesh,1,Male,9,20-24 years,494,Stroke,108,High body-mass index,1,Number,2023,0.7301649214253096,2.588924798425205,-0.5642478374944053
1,All Population,3,YLDs (Years Lived with Disability),4842,Arunachal Pradesh,2,Female,9,20-24 years,494,Stroke,108,High body-mass index,1,Number,2023,0.6423694378832758,2.6878777006851946,-0.9653570071005861
1,All Population,3,YLDs (Years Lived with Disability),4849,Delhi,1,Male,9,20-24 years,493,Ischemic heart disease,108,High body-mass index,1,Number,2023,14.78578640717177,32.40924528734104,4.550729152796588
1,All Population,3,YLDs (Years Lived with Disability),4849,Delhi,2,Female,9,20-24 years,493,Ischemic heart disease,108,High body-mass index,1,Number,2023,11.898030302840537,26.925837329929834,3.572584442690887
1,All Population,3,YLDs (Years Lived with Disability),4865,Odisha,1,Male,9,20-24 years,498,Hypertensive heart disease,107,High systolic blood pressure,1,Number,2014,6.13088871259257,10.042456492834052,3.4981324043869986
1,All Population,3,YLDs (Years Lived with Disability),4865,Odisha,2,Female,9,20-24 years,498,Hypertensive heart disease,107,High systolic blood pressure,1,Number,2014,12.979298978203566,21.952594271922,7.693247710070613
1,All Population,3,YLDs (Years Lived with Disability),4865,Odisha,1,Male,9,20-24 years,498,Hypertensive heart disease,108,High body-mass index,1,Number,2014,1.675942947079186,3.6272943794540153,0.5194564892033077
1,All Population,3,YLDs (Years Lived with Disability),4865,Odisha,2,Female,9,20-24 years,498,Hypertensive heart disease,108,High body-mass index,1,Number,2014,3.8661077905720065,8.095669826694868,1.3301498613286564
1,All Population,3,YLDs (Years Lived with Disability),4842,Arunachal Pradesh,1,Male,9,20-24 years,498,Hypertensive heart disease,107,High systolic blood pressure,1,Number,2023,0.23381348033795415,0.43629380756724556,0.12130532128623153
1,All Population,3,YLDs (Years Lived with Disability),4842,Arunachal Pradesh,2,Female,9,20-24 years,498,Hypertensive heart disease,107,High systolic blood pressure,1,Number,2023,0.6791478321420804,1.2501422408666092,0.3548291914456649
1,All Population,3,YLDs (Years Lived with Disability),4842,Arunachal Pradesh,1,Male,9,20-24 years,498,Hypertensive heart disease,108,High body-mass index,1,Number,2023,0.10274322376815788,0.23338580907263756,0.03241544758490423
1,All Population,3,YLDs (Years Lived with Disability),4842,Arunachal Pradesh,2,Female,9,20-24 years,498,Hypertensive heart disease,108,High body-mass index,1,Number,2023,0.32467825734412364,0.6592010312285188,0.12055146334464553
1,All Population,3,YLDs (Years Lived with Disability),4844,Bihar,1,Male,9,20-24 years,494,Stroke,108,High body-mass index,1,Number,2023,3.9846922712368213,50.63314463986012,-49.82023264495572
1,All Population,3,YLDs (Years Lived with Disability),4844,Bihar,2,Female,9,20-24 years,494,Stroke,108,High body-mass index,1,Number,2023,12.007915121458543,66.79678628940786,-47.297165117063926
1,All Population,3,YLDs (Years Lived with Disability),4851,Gujarat,1,Male,9,20-24 years,493,Ischemic heart disease,108,High body-mass index,1,Number,2023,14.550114812245015,31.72384519418032,3.91898855594797
1,All Population,3,YLDs (Years Lived with Disability),4851,Gujarat,2,Female,9,20-24 years,493,Ischemic heart disease,108,High body-mass index,1,Number,2023,25.798657640492795,57.86495634922206,7.135818451732526
1,All Population,3,YLDs (Years Lived with Disability),4864,Nagaland,1,Male,9,20-24 years,493,Ischemic heart disease,108,High body-mass index,1,Number,2023,0.4858218546044118,1.193364094721193,0.11249916885091088
1,All Population,3,YLDs (Years Lived with Disability),4864,Nagaland,2,Female,9,20-24 years,493,Ischemic heart disease,108,High body-mass index,1,Number,2023,0.40622865898239646,0.9661525534195496,0.08796337372193296
1,All Population,3,YLDs (Years Lived with Disability),4860,Maharashtra,1,Male,9,20-24 years,494,Stroke,108,High body-mass index,1,Number,2023,10.17691058346916,68.29580190220447,-47.046152626510995
1,All Population,3,YLDs (Years Lived with Disability),4860,Maharashtra,2,Female,9,20-24 years,494,Stroke,108,High body-mass index,1,Number,2023,32.80433754356881,147.80324215955807,-19.980560259475936
1,All Population,3,YLDs (Years Lived with Disability),4867,Punjab,1,Male,9,20-24 years,493,Ischemic heart disease,108,High body-mass index,1,Number,2023,36.11586067898523,71.21186269200307,10.193901265433212
1,All Population,3,YLDs (Years Lived with Disability),4867,Punjab,2,Female,9,20-24 years,493,Ischemic heart disease,108,High body-mass index,1,Number,2023,23.428530377450404,46.26791411182798,7.727593574168074
1,All Population,3,YLDs (Years Lived with Disability),4843,Assam,1,Male,9,20-24 years,494,Stroke,108,High body-mass index,1,Number,2023,5.774779569685332,25.982653736895614,-16.85025101306723
1,All Population,3,YLDs (Years Lived with Disability),4843,Assam,2,Female,9,20-24 years,494,Stroke,108,High body-mass index,1,Number,2023,2.11225840706222,19.028624054279682,-16.764044432305962
1,All Population,3,YLDs (Years Lived with Disability),4860,Maharashtra,1,Male,9,20-24 years,498,Hypertensive heart disease,107,High systolic blood pressure,1,Number,2023,11.687839331861538,20.912592565014968,6.145731975882208
1,All Population,3,YLDs (Years Lived with Disability),4860,Maharashtra,2,Female,9,20-24 years,498,Hypertensive heart disease,107,High systolic blood pressure,1,Number,2023,33.52356987177852,59.792256147145686,18.66506762793372
1,All Population,3,YLDs (Years Lived with Disability),4860,Maharashtra,1,Male,9,20-24 years,498,Hypertensive heart disease,108,High body-mass index,1,Number,2023,4.084565752200667,8.014435467135389,1.3871108861860202
1,All Population,3,YLDs (Years Lived with Disability),4860,Maharashtra,2,Female,9,20-24 years,498,Hypertensive heart disease,108,High body-mass index,1,Number,2023,13.66295488581459,29.889221175619745,4.511634254977409
1,All Population,3,YLDs (Years Lived with Disability),4850,Goa,1,Male,9,20-24 years,493,Ischemic heart disease,108,High body-mass index,1,Number,2023,1.1629944689346345,2.419470163060811,0.3796283505002305
1,All Population,3,YLDs (Years Lived with Disability),4850,Goa,2,Female,9,20-24 years,493,Ischemic heart disease,108,High body-mass index,1,Number,2023,0.9066883786552496,1.8575631437758413,0.2849219536086566
1,All Population,3,YLDs (Years Lived with Disability),4865,Odisha,1,Male,9,20-24 years,493,Ischemic heart disease,108,High body-mass index,1,Number,2023,8.753957447915026,21.809999963571844,1.939735715144158
1,All Population,3,YLDs (Years Lived with Disability),4865,Odisha,2,Female,9,20-24 years,493,Ischemic heart disease,108,High body-mass index,1,Number,2023,12.341903637299566,27.942941029095522,3.3471131858321925
1,All Population,3,YLDs (Years Lived with Disability),4843,Assam,1,Male,9,20-24 years,498,Hypertensive heart disease,107,High systolic blood pressure,1,Number,2023,5.764017230440111,10.726739560933995,3.139339651552766
1,All Population,3,YLDs (Years Lived with Disability),4843,Assam,2,Female,9,20-24 years,498,Hypertensive heart disease,107,High systolic blood pressure,1,Number,2023,11.47987499655198,20.769966753757096,6.259957220595457
1,All Population,3,YLDs (Years Lived with Disability),4843,Assam,1,Male,9,20-24 years,498,Hypertensive heart disease,108,High body-mass index,1,Number,2023,2.161275210234386,4.571035679392288,0.7568635704196067
1,All Population,3,YLDs (Years Lived with Disability),4843,Assam,2,Female,9,20-24 years,498,Hypertensive heart disease,108,High body-mass index,1,Number,2023,4.141795019765765,8.452280787836068,1.418582471183806
1,All Population,3,YLDs (Years Lived with Disability),4861,Manipur,1,Male,9,20-24 years,494,Stroke,108,High body-mass index,1,Number,2023,0.9638069040656476,4.657079690276687,-1.3257556076832122
1,All Population,3,YLDs (Years Lived with Disability),4861,Manipur,2,Female,9,20-24 years,494,Stroke,108,High body-mass index,1,Number,2023,1.5859329794714394,5.960615048119585,-0.8266414027519522
1,All Population,3,YLDs (Years Lived with Disability),4861,Manipur,1,Male,9,20-24 years,498,Hypertensive heart disease,107,High systolic blood pressure,1,Number,2023,0.4310441828082154,0.7719807831107823,0.23755904562180252
1,All Population,3,YLDs (Years Lived with Disability),4861,Manipur,2,Female,9,20-24 years,498,Hypertensive heart disease,107,High systolic blood pressure,1,Number,2023,1.143688144860814,2.1465374321311685,0.6594645845154672
1,All Population,3,YLDs (Years Lived with Disability),4861,Manipur,1,Male,9,20-24 years,498,Hypertensive heart disease,108,High body-mass index,1,Number,2023,0.18108077109130827,0.4418340429483564,0.052666709720595
1,All Population,3,YLDs (Years Lived with Disability),4861,Manipur,2,Female,9,20-24 years,498,Hypertensive heart disease,108,High body-mass index,1,Number,2023,0.5610839281541848,1.0811499863866145,0.21640111876232054
1,All Population,3,YLDs (Years Lived with Disability),4841,Andhra Pradesh,1,Male,9,20-24 years,494,Stroke,108,High body-mass index,1,Number,2014,12.758705927143476,38.969752882595074,-8.27175076922542
1,All Population,3,YLDs (Years Lived with Disability),4841,Andhra Pradesh,2,Female,9,20-24 years,494,Stroke,108,High body-mass index,1,Number,2014,17.116013023292584,61.48360714710523,-8.260528343741345
1,All Population,3,YLDs (Years Lived with Disability),4846,Chhattisgarh,1,Male,9,20-24 years,493,Ischemic heart disease,108,High body-mass index,1,Number,2014,4.770808395768555,11.03446086857852,1.0883202428219065
1,All Population,3,YLDs (Years Lived with Disability),4846,Chhattisgarh,2,Female,9,20-24 years,493,Ischemic heart disease,108,High body-mass index,1,Number,2014,6.206753494111576,14.093526598707303,1.7811916477454228
1,All Population,3,YLDs (Years Lived with Disability),4841,Andhra Pradesh,1,Male,9,20-24 years,498,Hypertensive heart disease,107,High systolic blood pressure,1,Number,2014,4.697534568687287,7.8758698280892885,2.685768686538009
1,All Population,3,YLDs (Years Lived with Disability),4841,Andhra Pradesh,2,Female,9,20-24 years,498,Hypertensive heart disease,107,High systolic blood pressure,1,Number,2014,14.276312814694661,22.64088599101529,8.446682781127805
1,All Population,3,YLDs (Years Lived with Disability),4841,Andhra Pradesh,1,Male,9,20-24 years,498,Hypertensive heart disease,108,High body-mass index,1,Number,2014,1.6954106249090715,3.5096629145882012,0.5631774479197847
1,All Population,3,YLDs (Years Lived with Disability),4841,Andhra Pradesh,2,Female,9,20-24 years,498,Hypertensive heart disease,108,High body-mass index,1,Number,2014,5.515307858271442,10.625899054456609,1.9470033920487453
1,All Population,3,YLDs (Years Lived with Disability),4859,Madhya Pradesh,1,Male,9,20-24 years,493,Ischemic heart disease,108,High body-mass index,1,Number,2014,15.338095235918809,30.79002172194057,3.3526839660667864
1,All Population,3,YLDs (Years Lived with Disability),4859,Madhya Pradesh,2,Female,9,20-24 years,493,Ischemic heart disease,108,High body-mass index,1,Number,2014,17.3381473547756,38.833295010426106,4.943263299896186
1,All Population,3,YLDs (Years Lived with Disability),4868,Rajasthan,1,Male,9,20-24 years,494,Stroke,108,High body-mass index,1,Number,2014,1.6257402069660538,25.305988210687588,-24.85397858424189
1,All Population,3,YLDs (Years Lived with Disability),4868,Rajasthan,2,Female,9,20-24 years,494,Stroke,108,High body-mass index,1,Number,2014,2.1823126566716273,25.035590981664612,-27.995575003530405
1,All Population,3,YLDs (Years Lived with Disability),4857,Kerala,1,Male,9,20-24 years,493,Ischemic heart disease,108,High body-mass index,1,Number,2014,21.38823590143937,44.74993471042366,6.1578110219685485
1,All Population,3,YLDs (Years Lived with Disability),4857,Kerala,2,Female,9,20-24 years,493,Ischemic heart disease,108,High body-mass index,1,Number,2014,19.581809537444737,39.057050510569155,6.406541895513051
1,All Population,3,YLDs (Years Lived with Disability),4874,Uttarakhand,1,Male,9,20-24 years,493,Ischemic heart disease,108,High body-mass index,1,Number,2014,5.231254590485941,12.119465718172398,1.1857702514001156
1,All Population,3,YLDs (Years Lived with Disability),4874,Uttarakhand,2,Female,9,20-24 years,493,Ischemic heart disease,108,High body-mass index,1,Number,2014,4.731887899562919,9.903424113579412,1.307376268477708
1,All Population,3,YLDs (Years Lived with Disability),4842,Arunachal Pradesh,1,Male,9,20-24 years,494,Stroke,108,High body-mass index,1,Number,2014,0.2788265382888206,1.1439336488573717,-0.6907503742892785
1,All Population,3,YLDs (Years Lived with Disability),4842,Arunachal Pradesh,2,Female,9,20-24 years,494,Stroke,108,High body-mass index,1,Number,2014,0.1254166256132822,1.0532718515173725,-1.065474452928834
1,All Population,3,YLDs (Years Lived with Disability),4870,Tamil Nadu,1,Male,9,20-24 years,494,Stroke,108,High body-mass index,1,Number,2014,9.494829305246181,43.064262092368885,-22.72935588455293
1,All Population,3,YLDs (Years Lived with Disability),4870,Tamil Nadu,2,Female,9,20-24 years,494,Stroke,108,High body-mass index,1,Number,2014,33.194038395787956,102.71740966335935,-16.364727478480148
1,All Population,3,YLDs (Years Lived with Disability),4849,Delhi,1,Male,9,20-24 years,493,Ischemic heart disease,108,High body-mass index,1,Number,2014,15.000919145675299,33.27822080882283,4.496641071416475
1,All Population,3,YLDs (Years Lived with Disability),4849,Delhi,2,Female,9,20-24 years,493,Ischemic heart disease,108,High body-mass index,1,Number,2014,12.19107503077453,25.43343383997894,3.5718636950218676
1,All Population,3,YLDs (Years Lived with Disability),4868,Rajasthan,1,Male,9,20-24 years,498,Hypertensive heart disease,107,High systolic blood pressure,1,Number,2014,8.646656394034158,14.357624994577217,5.094752223454879
1,All Population,3,YLDs (Years Lived with Disability),4868,Rajasthan,2,Female,9,20-24 years,498,Hypertensive heart disease,107,High systolic blood pressure,1,Number,2014,21.13676951109064,34.57929581596373,12.527363888286384
1,All Population,3,YLDs (Years Lived with Disability),4868,Rajasthan,1,Male,9,20-24 years,498,Hypertensive heart disease,108,High body-mass index,1,Number,2014,2.1094185753495016,4.866161933044402,0.6551623978916296
1,All Population,3,YLDs (Years Lived with Disability),4868,Rajasthan,2,Female,9,20-24 years,498,Hypertensive heart disease,108,High body-mass index,1,Number,2014,5.599706597439796,11.486924317148468,1.63227665236136
1,All Population,3,YLDs (Years Lived with Disability),4860,Maharashtra,1,Male,9,20-24 years,493,Ischemic heart disease,108,High body-mass index,1,Number,2014,34.42234064963906,73.35410481968671,12.046087681885853
1,All Population,3,YLDs (Years Lived with Disability),4860,Maharashtra,2,Female,9,20-24 years,493,Ischemic heart disease,108,High body-mass index,1,Number,2014,33.12356762384386,74.14540979354112,10.05670627216216
1,All Population,3,YLDs (Years Lived with Disability),4873,Uttar Pradesh,1,Male,9,20-24 years,493,Ischemic heart disease,108,High body-mass index,1,Number,2014,47.39775135010565,101.32629104078293,11.038246183182004
1,All Population,3,YLDs (Years Lived with Disability),4873,Uttar Pradesh,2,Female,9,20-24 years,493,Ischemic heart disease,108,High body-mass index,1,Number,2014,84.45493168121425,183.32378212310064,27.12994483214085
1,All Population,3,YLDs (Years Lived with Disability),4842,Arunachal Pradesh,1,Male,9,20-24 years,498,Hypertensive heart disease,107,High systolic blood pressure,1,Number,2014,0.20130025240073282,0.3281927171091152,0.11947310310200551
1,All Population,3,YLDs (Years Lived with Disability),4842,Arunachal Pradesh,2,Female,9,20-24 years,498,Hypertensive heart disease,107,High systolic blood pressure,1,Number,2014,0.5806994104847122,0.975251704277981,0.343429405704633
1,All Population,3,YLDs (Years Lived with Disability),4842,Arunachal Pradesh,1,Male,9,20-24 years,498,Hypertensive heart disease,108,High body-mass index,1,Number,2014,0.07578983748756939,0.1519460803975894,0.027456605133372877
1,All Population,3,YLDs (Years Lived with Disability),4842,Arunachal Pradesh,2,Female,9,20-24 years,498,Hypertensive heart disease,108,High body-mass index,1,Number,2014,0.23681508306880966,0.4455445733490374,0.09446522175782672
1,All Population,3,YLDs (Years Lived with Disability),4875,West Bengal,1,Male,9,20-24 years,493,Ischemic heart disease,108,High body-mass index,1,Number,2014,23.399690479128466,49.58863655717823,6.4372630436122895
1,All Population,3,YLDs (Years Lived with Disability),4875,West Bengal,2,Female,9,20-24 years,493,Ischemic heart disease,108,High body-mass index,1,Number,2014,44.379828001531074,102.3427310509647,14.327685086345648
1,All Population,3,YLDs (Years Lived with Disability),4870,Tamil Nadu,1,Male,9,20-24 years,498,Hypertensive heart disease,107,High systolic blood pressure,1,Number,2014,6.066569325763312,9.730560949084495,3.4327182997699808
1,All Population,3,YLDs (Years Lived with Disability),4870,Tamil Nadu,2,Female,9,20-24 years,498,Hypertensive heart disease,107,High systolic blood pressure,1,Number,2014,16.39042563491265,27.384981687855767,9.63943400845315
1,All Population,3,YLDs (Years Lived with Disability),4870,Tamil Nadu,1,Male,9,20-24 years,498,Hypertensive heart disease,108,High body-mass index,1,Number,2014,1.841871176117281,3.663775523290917,0.6658354133156681
1,All Population,3,YLDs (Years Lived with Disability),4870,Tamil Nadu,2,Female,9,20-24 years,498,Hypertensive heart disease,108,High body-mass index,1,Number,2014,7.318252053845643,13.680778065936371,3.0567390033618507
1,All Population,3,YLDs (Years Lived with Disability),4869,Sikkim,1,Male,9,20-24 years,494,Stroke,108,High body-mass index,1,Number,2014,0.07758923013004503,0.46378320973731707,-0.28016295187107937
1,All Population,3,YLDs (Years Lived with Disability),4869,Sikkim,2,Female,9,20-24 years,494,Stroke,108,High body-mass index,1,Number,2014,0.37413592468452367,1.0574177525519983,-0.15428299627288192
1,All Population,3,YLDs (Years Lived with Disability),4869,Sikkim,1,Male,9,20-24 years,498,Hypertensive heart disease,107,High systolic blood pressure,1,Number,2014,0.0927735377140408,0.15160583737726188,0.05289328669631611
1,All Population,3,YLDs (Years Lived with Disability),4869,Sikkim,2,Female,9,20-24 years,498,Hypertensive heart disease,107,High systolic blood pressure,1,Number,2014,0.21692316874999246,0.3577446857255254,0.12752832099011063
1,All Population,3,YLDs (Years Lived with Disability),4869,Sikkim,1,Male,9,20-24 years,498,Hypertensive heart disease,108,High body-mass index,1,Number,2014,0.031936403190587624,0.061358422179957406,0.011954056367944013
1,All Population,3,YLDs (Years Lived with Disability),4869,Sikkim,2,Female,9,20-24 years,498,Hypertensive heart disease,108,High body-mass index,1,Number,2014,0.0998628128242354,0.18649566222289315,0.04428258648535077
1,All Population,3,YLDs (Years Lived with Disability),4871,Telangana,1,Male,9,20-24 years,494,Stroke,108,High body-mass index,1,Number,2014,9.819709236916113,32.524446168106365,-6.900784566847912
1,All Population,3,YLDs (Years Lived with Disability),4871,Telangana,2,Female,9,20-24 years,494,Stroke,108,High body-mass index,1,Number,2014,9.033681551110696,36.30451573456088,-9.072734713376837
1,All Population,3,YLDs (Years Lived with Disability),4850,Goa,1,Male,9,20-24 years,493,Ischemic heart disease,108,High body-mass index,1,Number,2014,1.3944683692662152,3.0497567679534443,0.3949827678364843
1,All Population,3,YLDs (Years Lived with Disability),4850,Goa,2,Female,9,20-24 years,493,Ischemic heart disease,108,High body-mass index,1,Number,2014,1.0733415076887323,2.1988745981264035,0.301849277681693
1,All Population,3,YLDs (Years Lived with Disability),4843,Assam,1,Male,9,20-24 years,494,Stroke,108,High body-mass index,1,Number,2014,2.0503943331405843,18.00341097370804,-16.46171018025834
1,All Population,3,YLDs (Years Lived with Disability),4843,Assam,2,Female,9,20-24 years,494,Stroke,108,High body-mass index,1,Number,2014,-2.0099840949345498,9.876185700702813,-24.413957770202884
1,All Population,3,YLDs (Years Lived with Disability),4854,Jammu & Kashmir and Ladakh,1,Male,9,20-24 years,494,Stroke,108,High body-mass index,1,Number,2014,1.5303941853627625,7.429973247264066,-5.633982262509074
1,All Population,3,YLDs (Years Lived with Disability),4854,Jammu & Kashmir and Ladakh,2,Female,9,20-24 years,494,Stroke,108,High body-mass index,1,Number,2014,2.6279373846210703,11.343727482722791,-5.4980304489231795
1,All Population,3,YLDs (Years Lived with Disability),4854,Jammu & Kashmir and Ladakh,1,Male,9,20-24 years,498,Hypertensive heart disease,107,High systolic blood pressure,1,Number,2014,1.6411725280004572,2.7360881482489106,0.9526050357931483
1,All Population,3,YLDs (Years Lived with Disability),4854,Jammu & Kashmir and Ladakh,2,Female,9,20-24 years,498,Hypertensive heart disease,107,High systolic blood pressure,1,Number,2014,3.6245448866164836,5.951675876027638,2.1047798180958974
1,All Population,3,YLDs (Years Lived with Disability),4854,Jammu & Kashmir and Ladakh,1,Male,9,20-24 years,498,Hypertensive heart disease,108,High body-mass index,1,Number,2014,0.5850307526407794,1.1204758453044326,0.22390011444526103
1,All Population,3,YLDs (Years Lived with Disability),4854,Jammu & Kashmir and Ladakh,2,Female,9,20-24 years,498,Hypertensive heart disease,108,High body-mass index,1,Number,2014,1.5140165315529923,2.8542628147511446,0.5681882628827166
1,All Population,3,YLDs (Years Lived with Disability),4855,Jharkhand,1,Male,9,20-24 years,494,Stroke,108,High body-mass index,1,Number,2014,0.6293118590989563,9.368257221511278,-14.18003460443575
1,All Population,3,YLDs (Years Lived with Disability),4855,Jharkhand,2,Female,9,20-24 years,494,Stroke,108,High body-mass index,1,Number,2014,-0.7811981162348621,7.274313641639935,-14.266778953309064
